cdr3_aa,vh_scaffold,vl_scaffold,cdr3_functional,count hCNTN5_96-479__Block162__Round3__M_P__100nM_Block162.csv,count hCNTN5_96-479__Block162__Round4__F_P__100nM_Block162.csv,count hCNTN5_96-479__Block162__Round5__F_P__20nM_Block162.csv,count hCNTN5_96-479__Block162__Round6__F_P__4nM_Block162.csv,freq hCNTN5_96-479__Block162__Round3__M_P__100nM_Block162.csv,freq hCNTN5_96-479__Block162__Round4__F_P__100nM_Block162.csv,freq hCNTN5_96-479__Block162__Round5__F_P__20nM_Block162.csv,freq hCNTN5_96-479__Block162__Round6__F_P__4nM_Block162.csv,l_glyco,l_asp_isomer,l_asn_deamid,l_aromatic,l_frag,l_poly,l_RR,l_WW,l_VV,l_neg_patch,l_cys,l_neg_charge,l_pos_charge,l_charge_value,l_charge_value2,l_hydrophobic,l_hydrophobic_value,l_arg,l_trp,l_rmd,l_isoelectricpoint,l_molecular_weight,l_arg_value,max_freq,max_freq_20_4,greedy_cluster_85,rank,critical,rank_adjusted,cdr3_repeat,vh_repeat,ab_repeat,LEAD,ratio_4nM_20nM,ratio_20nM_100nM,ratio_4nM_100nM
ARERSGVYTLVYAPFDY,H1-69,K1-39,True,61,1843,13579,32019,0.000222090343439,0.0073759535110819,0.0520918848830339,0.224276088144236,False,False,False,False,False,False,False,False,False,False,False,False,False,0,0,False,1.0823529411764707,False,False,False,6.112389755249024,2007.2046,2,0.224276088144236,0.224276088144236,411,1,False,1.0,True,True,True,True,4.305393164288246,234.5421176592686,1009.7962239569142
AREPIVAHEYAEDAFDI,H1-69,K3-20,True,37,1641,6630,9935,0.0001347105361843,0.0065675201908222,0.0254340670722818,0.0695893980359469,False,False,False,False,False,False,False,False,False,True,False,False,False,-4,-3,False,1.7294117647058824,False,False,False,4.17260398864746,1946.0771,1,0.0695893980359469,0.0695893980359469,315,2,False,2.0,True,True,True,True,2.736069322986593,188.7913141726779,516.5463262464115
ARTTDYSTTDAFDY,H1-69,K3-15,True,27,1467,6014,6492,9.830228316154706e-05,0.005871146934757,0.0230709621979944,0.0454730117815166,False,False,False,False,False,False,False,False,False,False,False,False,False,-2,-2,False,3.7642857142857142,False,False,False,4.050025558471679,1626.6321,1,0.0454730117815166,0.0454730117815166,1294,3,False,3.0,True,True,True,True,1.9710054431719894,234.670190296406,462.5364229085719
ARDREGPYGDDI,H4-34,K1-39,True,11,116,1854,4370,4.004907832507473e-05,0.0004642488373768,0.0071123318781313,0.030609528879425,False,True,False,False,False,False,False,False,False,True,False,False,False,-2,-2,False,4.325,False,False,False,4.226021194458009,1363.3894,2,0.030609528879425,0.030609528879425,165,4,False,4.0,True,True,True,True,4.303720125369924,177.54606884400982,764.1096640075505
ARVTDWSLTDVFDY,H1-69,K3-15,True,11,285,1598,3529,4.004907832507473e-05,0.001140611367693,0.0061302623199858,0.0247187705756272,False,False,False,False,False,False,False,False,False,False,False,False,False,-2,-2,False,1.1071428571428572,False,False,False,4.050025558471679,1687.8027,1,0.0247187705756272,0.0247187705756272,1432,5,False,5.0,True,True,True,True,4.032246739682269,153.0305383024402,617.0578957168528
ARAPWYDATSPFDY,H1-69,K3-15,True,31,193,1707,3503,0.0001128655843706,0.0007724140139114,0.0065484091240399,0.0245366543854979,False,False,False,False,False,False,False,False,False,False,False,False,False,-1,-1,False,1.6714285714285717,False,False,False,4.207874679565429,1659.7512,1,0.0245366543854979,0.0245366543854979,37,6,False,6.0,True,True,True,True,3.7469584522196193,58.01439842419565,217.3778724807099
ARDIPSSPSYAPFDP,H1-69,K1-39,True,15,232,812,3457,5.461237953419281e-05,0.0009284976747536,0.0031150018797425,0.0242144488183461,False,False,False,False,True,False,False,False,False,False,False,False,False,-1,-1,False,2.48,False,False,False,4.207874679565429,1619.7289,1,0.0242144488183461,0.0242144488183461,107,7,False,7.0,True,True,True,True,7.773469172242056,57.0279417759996,443.306370481136
ARDIASALGYTPFDI,H1-69,K1-39,True,4,331,1665,3036,1.4563301209118084e-05,0.0013247100445838,0.0063872883371567,0.0212655674320216,False,False,False,False,False,False,False,False,False,False,False,False,False,-1,-1,False,0.9133333333333336,False,False,False,4.207874679565429,1609.777,1,0.0212655674320216,0.0212655674320216,104,8,False,8.0,True,True,True,True,3.3293524600712403,438.28699108753494,1459.2141565506356
ARERGDLYDFDY,H1-69,K1-39,True,20,416,2032,2796,7.281650604559042e-05,0.0016648923823169,0.0077951771177792,0.0195844949077511,False,False,False,False,False,False,False,False,False,True,False,False,False,-2,-2,False,2.65,False,False,False,4.226021194458009,1519.5699,2,0.0195844949077511,0.0195844949077511,171,9,False,9.0,True,True,True,True,2.5123829116408176,107.03763699578434,268.9198750725585
ARVSDWSLVDAFDY,H1-69,K3-15,True,6,211,905,1734,2.1844951813677123e-05,0.0008444526266078,0.0034717693364125,0.0121457489878542,False,False,False,False,False,False,False,False,False,False,False,False,False,-2,-2,False,0.9785714285714286,False,False,False,4.050025558471679,1643.7501,1,0.0121457489878542,0.0121457489878542,1432,10,False,10.0,True,True,True,True,3.4984219361144047,158.8550442028346,555.7435720472844
ARERYDPYDFDY,H4-34,K1-39,True,48,2418,8492,1510,0.0001747596145094,0.0096771869722171,0.0325770886241052,0.0105767479652017,False,False,False,False,True,False,False,False,False,True,False,False,False,-2,-2,False,2.958333333333333,False,False,False,4.226021194458009,1609.6494,2,0.0325770886241052,0.0325770886241052,305,11,False,11.0,True,True,True,True,0.324668199806336,186.40018584210497,60.51823135784756
AREGEREGYPFDY,H1-69,K3-20,True,18,1672,2648,1151,6.553485544103138e-05,0.006691586690466,0.0101582819920667,0.0080621436476471,False,False,False,False,False,False,False,False,False,True,False,False,False,-2,-2,False,3.4153846153846152,False,False,False,4.407384109497071,1588.6319999999998,2,0.0101582819920667,0.0101582819920667,298,12,False,12.0,True,True,True,True,0.7936514971161861,154.9821404550321,123.00192888365365
AREGATVSDPYGFDY,H1-69,K3-15,True,32,1125,5552,1084,0.0001165064096729,0.0045024132935253,0.0212986335422788,0.0075928442346216,False,False,False,False,True,False,False,False,False,False,False,False,False,-2,-2,False,2.98,False,False,False,4.050025558471679,1647.6958,1,0.0212986335422788,0.0212986335422788,288,13,False,13.0,True,True,True,True,0.35649426309940585,182.7951410627146,65.1654497073607
ARERSGVYTLVYAPFDY,UNK,K1-39,True,1,43,415,791,3.640825302279521e-06,0.0001720922414414,0.0015920268227748,0.0055405348612414,False,False,False,False,False,False,False,False,False,False,False,False,False,0,0,False,1.0823529411764707,False,False,False,6.112389755249024,2007.2046,2,0.0055405348612414,0.0055405348612414,411,14,False,14.0,True,False,False,False,3.48015497002429,436.07313167813373,1517.6116090194655
ARIHYDYSFYSSDAFDY,H1-69,K1-39,True,67,1393,2926,772,0.0002439352952527,0.0055749881936718,0.0112247481528652,0.00540744995307,False,False,False,False,False,False,False,False,False,False,False,False,False,-2,-1,False,1.5294117647058825,False,False,False,4.413415908813476,2120.1882,1,0.0112247481528652,0.0112247481528652,855,15,False,15.0,True,True,True,True,0.4817431145890399,46.01338239066106,22.16664989365131
ARESSLDEPFDY,H4-34,K3-15,True,97,517,335,742,0.0003531600543211,0.0020691090424467,0.0012851300858543,0.0051973158875362,False,False,False,False,False,False,False,False,False,True,False,False,False,-3,-3,False,3.0583333333333336,False,False,False,4.050025558471679,1428.4561,1,0.0051973158875362,0.0051973158875362,434,16,False,16.0,False,False,False,True,4.044162924138556,3.6388421671953752,14.716185089721206
ARERSGVYTLVYAPFDY,H4-34,K1-39,True,1,75,382,560,3.640825302279521e-06,0.000300160886235,0.0014654319187951,0.0039225025566311,False,False,False,False,False,False,False,False,False,False,False,False,False,0,0,False,1.0823529411764707,False,False,False,6.112389755249024,2007.2046,2,0.0039225025566311,0.0039225025566311,411,18,False,18.0,True,False,False,False,2.6766687279262618,401.3974368699883,1074.415298420866
ARERSGVYTLVYAPFDY,H1-69,K3-15,True,3,40,319,506,1.092247590683856e-05,0.000160085805992,0.0012237507384702,0.0035442612386702,False,False,False,False,False,False,False,False,False,False,False,False,False,0,0,False,1.0823529411764707,False,False,False,6.112389755249024,2007.2046,2,0.0035442612386702,0.0035442612386702,411,19,False,19.0,True,True,False,False,2.8962044027501763,111.93719966990375,324.195659690699
AREPIVAHEYAEDAFDI,H1-69,K1-39,True,2,52,184,364,7.281650604559042e-06,0.0002081115477896,0.000705862494917,0.0025496266618102,False,False,False,False,False,False,False,False,False,True,False,False,False,-4,-3,False,1.7294117647058824,False,False,False,4.17260398864746,1946.0771,1,0.0025496266618102,0.0025496266618102,315,20,False,20.0,True,True,False,False,3.6120215480417577,96.80421254354474,349.6638552889613
AREGSPDYPLEDFDI,H1-69,K1-39,True,11,367,577,343,4.004907832507473e-05,0.0014687872699767,0.0022134927150387,0.0024025328159365,False,False,False,False,False,False,False,False,False,True,False,False,False,-4,-4,False,2.6666666666666665,False,False,False,4.050025558471679,1723.7903,1,0.0024025328159365,0.0024025328159365,308,21,False,21.0,True,True,True,True,1.0853986306922125,55.25570750970519,59.97474021844006
AREREIGDEYGFDY,H1-69,K1-39,True,28,181,555,331,0.0001019431084638,0.0007243882721138,0.0021290961123855,0.002318479189723,False,False,False,False,False,False,False,False,False,True,False,False,False,-3,-3,False,3.1642857142857146,False,False,False,4.17761344909668,1719.7618,2,0.002318479189723,0.002318479189723,379,22,False,22.0,True,True,True,True,1.08894487514543,20.88309169250556,22.740642484149575
ARTTDYSTTDAFDY,H1-69,K1-39,True,1,46,238,303,3.640825302279521e-06,0.0001840986768908,0.0009130177923383,0.0021223540618914,False,False,False,False,False,False,False,False,False,False,False,False,False,-2,-2,False,3.7642857142857142,False,False,False,4.050025558471679,1626.6321,1,0.0021223540618914,0.0021223540618914,1294,23,False,23.0,True,True,False,False,2.3245229550526254,250.08531407082813,581.3354203955565
AREPIVAHEYAEDAFDI,H4-34,K3-20,True,1,96,245,301,3.640825302279521e-06,0.0003842059343808,0.0009398712568188,0.0021083451241892,False,False,False,False,False,False,False,False,False,True,False,False,False,-4,-3,False,1.7294117647058824,False,False,False,4.17260398864746,1946.0771,1,0.0021083451241892,0.0021083451241892,315,24,False,24.0,True,False,False,False,2.243203712057499,257.4407644846655,577.4982229012111
ARDREDPYDFDY,H4-34,K1-39,True,33,1989,5515,283,0.0001201472349752,0.0079602667029527,0.0211566938014531,0.0019822646848689,False,False,False,False,True,False,False,False,False,True,False,False,False,-3,-3,False,3.95,False,False,False,4.050025558471679,1561.5636,2,0.0211566938014531,0.0211566938014531,164,25,False,25.0,False,False,False,True,0.09369440076637801,176.0750720155949,16.49725616004756
AREPIVAHEYAEDAFDI,UNK,K3-20,True,4,48,217,260,1.4563301209118084e-05,0.0001921029671904,0.0008324573988967,0.001821161901293,False,False,False,False,False,False,False,False,False,True,False,False,False,-4,-3,False,1.7294117647058824,False,False,False,4.17260398864746,1946.0771,1,0.001821161901293,0.001821161901293,315,27,False,27.0,True,False,False,False,2.1876675335354316,57.12208832792504,124.96563923029004
ARAPWYDATSPFDY,H1-69,K1-39,True,1,6,114,260,3.640825302279521e-06,2.401287089880176e-05,0.0004373278501116,0.001821161901293,False,False,False,False,False,False,False,False,False,False,False,False,False,-1,-1,False,1.6714285714285717,False,False,False,4.207874679565429,1659.7512,1,0.001821161901293,0.001821161901293,37,28,False,28.0,True,True,False,False,4.164199144501843,119.78876388265935,498.83567426682777
AREPIVAHEYAEDAFDI,H1-69,UNK,True,1,47,157,223,3.640825302279521e-06,0.0001881008220406,0.0006022848462063,0.0015619965538013,False,False,False,False,False,False,False,False,False,True,False,False,False,-4,-3,False,1.7294117647058824,False,False,False,4.17260398864746,1946.0771,1,0.0015619965538013,0.0015619965538013,315,30,False,30.0,True,True,False,False,2.5934084670322406,164.97224499628683,427.84752062116274
ARERSGVYTLVYAPFDY,H1-69,UNK,True,1,20,85,190,3.640825302279521e-06,8.004290299600585e-05,0.0003260777829779,0.0013308490817141,False,False,False,False,False,False,False,False,False,False,False,False,False,0,0,False,1.0823529411764707,False,False,False,6.112389755249024,2007.2046,2,0.0013308490817141,0.0013308490817141,411,31,False,31.0,True,True,False,False,4.081260173443222,89.31618359670672,364.53376196421607
ARVTDWSLTDVFDY,H1-69,K1-39,True,1,9,57,186,3.640825302279521e-06,3.601930634820264e-05,0.0002186639250558,0.0013028312063096,False,False,False,False,False,False,False,False,False,False,False,False,False,-2,-2,False,1.1071428571428572,False,False,False,4.050025558471679,1687.8027,1,0.0013028312063096,0.0013028312063096,1432,32,False,32.0,True,True,False,False,5.95787177633159,59.89438194132968,356.8593669754977
ARTLYSAYLGYDFDI,H1-69,UNK,True,9,245,504,181,3.276742772051569e-05,0.000980525561701,0.0019334494425988,0.0012678088620539,False,False,False,False,False,False,False,False,False,True,False,False,False,-1,-1,False,0.3000000000000002,False,False,False,4.207874679565429,1767.9303,1,0.0019334494425988,0.0019334494425988,1268,33,False,33.0,True,True,False,True,0.6557204325681711,58.98722313064964,38.67932751966278
AREPIVAHEYAEDAFDI,H1-69,K3-15,True,1,51,165,173,3.640825302279521e-06,0.0002041094026398,0.0006329745198984,0.0012117731112449,False,False,False,False,False,False,False,False,False,True,False,False,False,-4,-3,False,1.7294117647058824,False,False,False,4.17260398864746,1946.0771,1,0.0012117731112449,0.0012117731112449,315,35,False,35.0,True,True,False,False,1.914380325508436,173.3784740406998,331.91758326214267
ARLVTYGRFDY,H5-51,K3-15,True,47,907,10036,154,0.0001711187892071,0.0036299456508688,0.0385001956466697,0.0010786882030735,False,False,False,False,False,False,False,False,False,False,False,False,False,1,1,False,0.5000000000000001,False,False,False,8.632579040527343,1360.5159999999998,2,0.0385001956466697,0.0385001956466697,1044,36,False,36.0,False,False,False,True,0.02801772574861058,224.97790012454757,6.303370742418284
ARTTDYSTTDAFDY,UNK,K3-15,True,1,43,153,150,3.640825302279521e-06,0.0001720922414414,0.0005869400093603,0.001050670327669,False,False,False,False,False,False,False,False,False,False,False,False,False,-2,-2,False,3.7642857142857142,False,False,False,4.050025558471679,1626.6321,1,0.001050670327669,0.001050670327669,1294,37,False,37.0,True,False,False,False,1.7900507895282183,160.769130474094,287.7898120770055
ARDVPYTVSYTPFDI,H1-69,K1-39,True,15,190,650,145,5.461237953419281e-05,0.000760407578462,0.0024935359874786,0.0010156479834134,False,False,False,False,False,False,False,False,False,False,False,False,False,-1,-1,False,1.2666666666666666,False,False,False,4.207874679565429,1743.909,1,0.0024935359874786,0.0024935359874786,225,38,False,38.0,True,True,True,True,0.4073107087310602,45.650446002955306,18.59399008381938
ARERSGVYTLVYAPFDY,H1-69,K3-20,True,2,28,112,137,7.281650604559042e-06,0.0001120600641944,0.0004296554316886,0.0009596122326044,False,False,False,False,False,False,False,False,False,False,False,False,False,0,0,False,1.0823529411764707,False,False,False,6.112389755249024,2007.2046,2,0.0009596122326044,0.0009596122326044,411,40,False,40.0,True,True,False,False,2.233394082537873,58.92430328737387,131.60425322689088
ARERPEGDPYGFDY,H1-69,K1-39,True,17,319,292,111,6.189403013875185e-05,0.0012766843027862,0.0011201730897596,0.000777496042475,False,False,False,False,True,False,False,False,False,True,False,False,False,-2,-2,False,3.4785714285714286,False,False,False,4.316753768920899,1671.7206,2,0.0012766843027862,0.0011201730897596,379,41,False,41.0,False,False,False,True,0.6940794318202542,18.095317659429305,12.559699921512678
ARDPYPPDPYGFDY,H1-69,K3-15,True,13,348,375,109,4.733072892963377e-05,0.0013927465121305,0.0014385784543145,0.0007634871047728,False,False,False,False,True,False,False,False,False,False,False,False,False,-2,-2,False,2.5357142857142856,False,False,False,4.050025558471679,1672.7466,1,0.0014385784543145,0.0014385784543145,158,42,False,42.0,True,True,True,True,0.5307196109373813,30.387754621454427,16.12748941630431
ARTTDYSTTDAFDY,H4-34,K3-15,True,2,61,89,104,7.281650604559042e-06,0.0002441308541378,0.0003414226198239,0.0007284647605172,False,False,False,False,False,False,False,False,False,False,False,False,False,-2,-2,False,3.7642857142857142,False,False,False,4.050025558471679,1626.6321,1,0.0007284647605172,0.0007284647605172,1294,43,False,43.0,True,False,False,False,2.1335534984704116,46.82377671942049,99.90395865398894
AREREDPYGFDY,H1-69,K1-39,True,25,139,257,103,9.102063255698802e-05,0.0005562981758222,0.0009859057673569,0.000721460291666,False,False,False,False,True,False,False,False,False,True,False,False,False,-2,-2,False,3.408333333333333,False,False,False,4.316753768920899,1517.5540999999998,2,0.0009859057673569,0.0009859057673569,376,44,False,44.0,True,True,True,True,0.7317666635965591,10.830483537941937,7.9254671905563585
ARDREGPYGDDI,H4-34,K3-15,True,1,5,41,102,3.640825302279521e-06,2.0010725749001463e-05,0.0001572845776717,0.0007144558228149,False,True,False,False,False,False,False,False,False,True,False,False,False,-2,-2,False,4.325,False,False,False,4.226021194458009,1363.3894,2,0.0007144558228149,0.0007144558228149,165,45,False,45.0,True,True,False,False,4.542151632881385,43.081923852531055,195.69707221235825
ARERGDLYDFDY,H1-69,K3-15,True,2,13,80,98,7.281650604559042e-06,5.202788694740381e-05,0.0003068967369204,0.0006864379474104,False,False,False,False,False,False,False,False,False,True,False,False,False,-2,-2,False,2.65,False,False,False,4.226021194458009,1519.5699,2,0.0006864379474104,0.0006864379474104,171,46,False,46.0,True,True,False,False,2.236633689759753,42.08878806240599,94.14026873163816
ARVTDWSLTDVFDY,UNK,K3-15,True,3,7,44,97,1.092247590683856e-05,2.801501604860205e-05,0.0001687932053062,0.0006794334785593,False,False,False,False,False,False,False,False,False,False,False,False,False,-2,-2,False,1.1071428571428572,False,False,False,4.050025558471679,1687.8027,1,0.0006794334785593,0.0006794334785593,1432,47,False,47.0,True,False,False,False,4.0250034193772795,15.439613747569778,62.14817982212939
ARAPWYDATSPFDY,UNK,K3-15,True,3,4,52,96,1.092247590683856e-05,1.6008580599201173e-05,0.0001994828789982,0.0006724290097081,False,False,False,False,False,False,False,False,False,False,False,False,False,-1,-1,False,1.6714285714285717,False,False,False,4.207874679565429,1659.7512,1,0.0006724290097081,0.0006724290097081,37,48,False,48.0,True,False,False,False,3.3706917915309007,18.246816247124592,61.50747693735848
AREGEREGYPFDY,H1-69,K1-39,True,1,43,100,95,3.640825302279521e-06,0.0001720922414414,0.0003836209211505,0.000665424540857,False,False,False,False,False,False,False,False,False,True,False,False,False,-2,-2,False,3.4153846153846152,False,False,False,4.407384109497071,1588.6319999999998,2,0.000665424540857,0.000665424540857,298,49,False,49.0,True,True,False,False,1.734543552593226,105.07786305495713,182.26688098209434
ARERGDLYDFDY,UNK,K1-39,True,2,20,80,95,7.281650604559042e-06,8.004290299600585e-05,0.0003068967369204,0.000665424540857,False,False,False,False,False,False,False,False,False,True,False,False,False,-2,-2,False,2.65,False,False,False,4.226021194458009,1519.5699,2,0.000665424540857,0.000665424540857,171,50,False,50.0,True,False,False,False,2.1681653115017347,42.08878806240599,91.25842377046276
ARDIASALGYTPFDI,UNK,K1-39,True,2,11,63,94,7.281650604559042e-06,4.402359664780322e-05,0.0002416811803248,0.0006584200720059,False,False,False,False,False,False,False,False,False,False,False,False,False,-1,-1,False,0.9133333333333336,False,False,False,4.207874679565429,1609.777,1,0.0006584200720059,0.0006584200720059,104,51,False,51.0,True,False,False,False,2.724220516119261,33.14492059914266,90.29780878340887
ARVSDWSLVDAFDY,H1-69,K1-39,True,2,4,35,93,7.281650604559042e-06,1.6008580599201173e-05,0.0001342673224026,0.0006514156031548,False,False,False,False,False,False,False,False,False,False,False,False,False,-2,-2,False,0.9785714285714286,False,False,False,4.050025558471679,1643.7501,1,0.0006514156031548,0.0006514156031548,1432,53,False,53.0,True,True,False,False,4.851270426749191,18.413844777292336,89.33719379635497
AREPLWAGSTSAFDI,H1-69,K3-20,True,7,90,211,90,2.5485777115956645e-05,0.000360193063482,0.0008094401436276,0.0006304021966014,False,False,False,False,False,False,False,False,False,False,False,False,False,-1,-1,False,1.1933333333333336,False,False,False,4.370375442504883,1620.7599999999998,1,0.0008094401436276,0.0008094401436276,347,54,False,54.0,False,False,False,True,0.7788029955448699,31.748008305305124,24.725749434280235
ARDIPSSPSYAPFDP,H4-34,K1-39,True,1,9,14,89,3.640825302279521e-06,3.601930634820264e-05,5.370692896107782e-05,0.0006233977277503,False,False,False,False,True,False,False,False,False,False,False,False,False,-1,-1,False,2.48,False,False,False,4.207874679565429,1619.7289,1,0.0006233977277503,0.0006233977277503,107,55,False,55.0,True,False,False,False,11.605237674737534,14.710900827696141,170.75528849903057
ARDREGPYGDDI,H1-69,K1-39,True,1,9,40,83,3.640825302279521e-06,3.601930634820264e-05,0.0001534483684602,0.0005813709146435,False,True,False,False,False,False,False,False,False,True,False,False,False,-2,-2,False,4.325,False,False,False,4.226021194458009,1363.3894,2,0.0005813709146435,0.0005813709146435,165,56,False,56.0,True,False,False,False,3.7884601568293146,42.031145221982854,159.24369601593938
ARVTDWSLTDVFDY,H4-34,K3-15,True,1,17,37,82,3.640825302279521e-06,6.803646754660499e-05,0.0001419397408257,0.0005743664457924,False,False,False,False,False,False,False,False,False,False,False,False,False,-2,-2,False,1.1071428571428572,False,False,False,4.050025558471679,1687.8027,1,0.0005743664457924,0.0005743664457924,1432,57,False,57.0,True,False,False,False,4.046266252064978,38.87880933033825,157.32509726876665
ARDREGPYGDDI,UNK,K1-39,True,1,3,34,81,3.640825302279521e-06,1.200643544940088e-05,0.0001304311131911,0.0005673619769412,False,True,False,False,False,False,False,False,False,True,False,False,False,-2,-2,False,4.325,False,False,False,4.226021194458009,1363.3894,2,0.0005673619769412,0.0005673619769412,165,58,False,58.0,True,False,False,False,4.34956405278448,35.726473438666254,155.4064985215665
ARDIASALGYTPFDI,H4-34,K1-39,True,1,19,51,80,3.640825302279521e-06,7.604075784620556e-05,0.0001956466697867,0.0005603575080901,False,False,False,False,False,False,False,False,False,False,False,False,False,-1,-1,False,0.9133333333333336,False,False,False,4.207874679565429,1609.777,1,0.0005603575080901,0.0005603575080901,104,59,False,59.0,True,False,False,False,2.8639836745713176,53.589710158013084,153.48789977439378
AREGTWLDPFDY,H4-34,K1-39,True,35,686,3216,72,0.0001274288855797,0.002745471572763,0.0123372488242018,0.0005043217572811,False,False,False,False,True,False,False,False,False,False,False,False,False,-2,-2,False,1.4,False,False,False,4.050025558471679,1469.5526,1,0.0123372488242018,0.0123372488242018,313,60,False,60.0,False,False,False,True,0.040877942537103966,96.80913928336349,3.9573616403424863
ARERGDLYDFDY,H4-34,K1-39,True,16,512,1106,72,5.8253204836472334e-05,0.0020490983166977,0.0042428473879251,0.0005043217572811,False,False,False,False,False,False,False,False,False,True,False,False,False,-2,-2,False,2.65,False,False,False,4.226021194458009,1519.5699,2,0.0042428473879251,0.0042428473879251,171,61,False,61.0,True,False,False,False,0.11886370697171376,72.82207355111213,8.655922012813793
AREGATVSDPYGFDY,H1-69,K1-39,True,3,31,238,72,1.092247590683856e-05,0.0001240664996438,0.0009130177923383,0.0005043217572811,False,False,False,False,True,False,False,False,False,False,False,False,False,-2,-2,False,2.98,False,False,False,4.050025558471679,1647.6958,1,0.0009130177923383,0.0009130177923383,288,62,False,62.0,True,True,False,False,0.5523618903095076,83.51427436187467,46.13060770302115
ARAPWYDATSPFDY,H4-34,K3-15,True,3,11,41,71,1.092247590683856e-05,4.402359664780322e-05,0.0001572845776717,0.00049731728843,False,False,False,False,False,False,False,False,False,False,False,False,False,-1,-1,False,1.6714285714285717,False,False,False,4.207874679565429,1659.7512,1,0.00049731728843,0.00049731728843,37,63,False,63.0,True,False,False,False,3.161693783672468,14.386912810236721,45.48990481825938
ARDIPSSPSYAPFDP,UNK,K1-39,True,2,9,16,68,7.281650604559042e-06,3.601930634820264e-05,6.137934738408894e-05,0.0004763038818766,False,False,False,False,True,False,False,False,False,False,False,False,False,-1,-1,False,2.48,False,False,False,4.207874679565429,1619.7289,1,0.0004763038818766,0.0004763038818766,107,64,False,64.0,True,False,False,False,7.758738318173583,8.417757612482424,65.32181911991162
ARDIPSSPSYAPFDP,H1-69,K3-15,True,2,5,14,59,7.281650604559042e-06,2.0010725749001463e-05,5.370692896107782e-05,0.0004132636622164,False,False,False,False,True,False,False,False,False,False,False,False,False,-1,-1,False,2.48,False,False,False,4.207874679565429,1619.7289,1,0.0004132636622164,0.0004132636622164,107,65,False,65.0,True,True,False,False,7.693359806846783,7.36553791092212,56.67628423638545
AREGEREGYPFDY,H4-34,K3-20,True,1,105,113,57,3.640825302279521e-06,0.000420225240729,0.0004334916409001,0.0003992547245142,False,False,False,False,False,False,False,False,False,True,False,False,False,-2,-2,False,3.4153846153846152,False,False,False,4.407384109497071,1588.6319999999998,2,0.0004334916409001,0.0004334916409001,298,66,False,66.0,True,False,False,False,0.9209993385150941,118.73798525211116,109.36012858925659
ARESSLDEPFDY,H4-34,K1-39,True,2,18,23,55,7.281650604559042e-06,7.203861269640528e-05,8.823281186462784e-05,0.0003852457868119,False,False,False,False,False,False,False,False,False,True,False,False,False,-3,-3,False,3.0583333333333336,False,False,False,4.050025558471679,1428.4561,1,0.0003852457868119,0.0003852457868119,434,67,False,67.0,False,False,False,False,4.365746950617356,12.100526567943483,52.83382428815616
ARDIASALGYTPFDI,H1-69,K3-20,True,1,1,22,55,3.640825302279521e-06,4.002145149800293e-06,8.43966026531223e-05,0.0003852457868119,False,False,False,False,False,False,False,False,False,False,False,False,False,-1,-1,False,0.9133333333333336,False,False,False,4.207874679565429,1609.777,1,0.0003852457868119,0.0003852457868119,104,68,False,68.0,True,True,False,False,4.5641664834575515,23.11712987209394,105.52293109488375
ARVSDWSLVDAFDY,UNK,K3-15,True,1,5,33,52,3.640825302279521e-06,2.0010725749001463e-05,0.0001265949039796,0.0003642323802586,False,False,False,False,False,False,False,False,False,False,False,False,False,-2,-2,False,0.9785714285714286,False,False,False,4.050025558471679,1643.7501,1,0.0003642323802586,0.0003642323802586,1432,69,False,69.0,True,False,False,False,2.8769215789404905,34.67569480811805,99.76713485336555
ARERYDPYDFDY,H4-34,K3-15,True,3,75,174,49,1.092247590683856e-05,0.000300160886235,0.0006675004028019,0.0003432189737052,False,False,False,False,True,False,False,False,False,True,False,False,False,-2,-2,False,2.958333333333333,False,False,False,4.226021194458009,1609.6494,2,0.0006675004028019,0.0006675004028019,305,70,False,70.0,True,True,False,False,0.5141777150805822,61.05665436539956,31.394441353445586
AREGATVSDPYGFDY,H4-34,K3-15,True,1,58,149,48,3.640825302279521e-06,0.0002321244186884,0.0005715951725143,0.000336214504854,False,False,False,False,True,False,False,False,False,False,False,False,False,-2,-2,False,2.98,False,False,False,4.050025558471679,1647.6958,1,0.0005715951725143,0.0005715951725143,288,71,False,71.0,True,False,False,False,0.5881936011444837,156.5660159519012,92.09273986461984
ARERYDPYDFDY,H1-69,K1-39,True,1,127,196,47,3.640825302279521e-06,0.0005082724340246,0.000751897005455,0.0003292100360029,False,False,False,False,True,False,False,False,False,True,False,False,False,-2,-2,False,2.958333333333333,False,False,False,4.226021194458009,1609.6494,2,0.000751897005455,0.000751897005455,305,72,False,72.0,True,False,False,False,0.43783344697485,205.9526115877215,90.1741411174471
ARERSGVYTLVYAPFDY,H5-51,K1-39,True,1,32,326,46,3.640825302279521e-06,0.0001280686447936,0.0012506042029508,0.0003222055671518,False,False,False,False,False,False,False,False,False,False,False,False,False,0,0,False,1.0823529411764707,False,False,False,6.112389755249024,2007.2046,2,0.0012506042029508,0.0012506042029508,411,73,False,73.0,True,False,False,False,0.25763786017427454,342.55383355920685,88.25554237027438
ARTTDYSTTDAFDY,H1-69,UNK,True,2,13,46,45,7.281650604559042e-06,5.202788694740381e-05,0.0001764656237292,0.0003152010983007,False,False,False,False,False,False,False,False,False,False,False,False,False,-2,-2,False,3.7642857142857142,False,False,False,4.050025558471679,1626.6321,1,0.0003152010983007,0.0003152010983007,1294,74,False,74.0,True,True,False,False,1.7860885919540528,24.201053135879327,43.22767441758979
ARTTDYSTTDAFDY,H1-69,K3-20,True,1,33,103,41,3.640825302279521e-06,0.0001320707899434,0.000395129548785,0.0002871832228962,False,False,False,False,False,False,False,False,False,False,False,False,False,-2,-2,False,3.7642857142857142,False,False,False,4.050025558471679,1626.6321,1,0.000395129548785,0.000395129548785,1294,75,False,75.0,True,True,False,False,0.7267893679062223,108.23019894660175,78.66254863438333
AREGEREGYPFDY,H1-69,K3-15,True,2,44,95,37,7.281650604559042e-06,0.0001760943865912,0.000364439875093,0.0002591653474916,False,False,False,False,False,False,False,False,False,True,False,False,False,-2,-2,False,3.4153846153846152,False,False,False,4.407384109497071,1588.6319999999998,2,0.000364439875093,0.000364439875093,298,77,False,77.0,True,True,False,False,0.7111138326648251,49.980435824110536,35.542754521117494
AREGATVSDPYGFDY,UNK,K3-15,True,2,30,153,36,7.281650604559042e-06,0.000120064354494,0.0005869400093603,0.0002521608786405,False,False,False,False,True,False,False,False,False,False,False,False,False,-2,-2,False,2.98,False,False,False,4.050025558471679,1647.6958,1,0.0005869400093603,0.0005869400093603,288,78,False,78.0,True,False,False,False,0.4296121894866701,80.49480716935625,34.5821395340636
AREPIVAHEYAEDAFDI,H5-51,K3-20,True,1,30,273,34,3.640825302279521e-06,0.000120064354494,0.001047285114741,0.0002381519409383,False,False,False,False,False,False,False,False,False,True,False,False,False,-4,-3,False,1.7294117647058824,False,False,False,4.17260398864746,1946.0771,1,0.001047285114741,0.001047285114741,315,80,False,80.0,True,False,False,False,0.227397165885946,286.86256614006993,65.23235740411941
ARVSDWSLVDAFDY,H4-34,K3-15,True,1,10,16,34,3.640825302279521e-06,4.002145149800293e-05,6.137934738408894e-05,0.0002381519409383,False,False,False,False,False,False,False,False,False,False,False,False,False,-2,-2,False,0.9785714285714286,False,False,False,4.050025558471679,1643.7501,1,0.0002381519409383,0.0002381519409383,1432,81,False,81.0,True,False,False,False,3.8793691590867914,16.81245808879559,65.23235740411941
ARDIPSSPSYAPFDP,H1-69,K3-20,True,1,5,5,33,3.640825302279521e-06,2.0010725749001463e-05,1.918104605752779e-05,0.0002311474720871,False,False,False,False,True,False,False,False,False,False,False,False,False,-1,-1,False,2.48,False,False,False,4.207874679565429,1619.7289,1,0.0002311474720871,0.0002311474720871,107,82,False,82.0,True,True,False,False,12.044547826846111,5.2538931527486215,63.31375865691929
ARERGASDPYGFDY,H1-69,K1-39,True,20,267,316,32,7.281650604559042e-05,0.0010685727549966,0.0012122421108357,0.000224143003236,False,False,False,False,True,False,False,False,False,False,False,False,False,-1,-1,False,3.3857142857142857,False,False,False,4.558281326293945,1603.6465999999998,2,0.0012122421108357,0.0012122421108357,271,83,False,83.0,True,True,True,True,0.1848980102674193,16.645616776902898,3.0777668105577294
ARDIASALGYTPFDI,H1-69,K3-15,True,1,6,37,32,3.640825302279521e-06,2.401287089880176e-05,0.0001419397408257,0.000224143003236,False,False,False,False,False,False,False,False,False,False,False,False,False,-1,-1,False,0.9133333333333336,False,False,False,4.207874679565429,1609.777,1,0.000224143003236,0.000224143003236,104,84,False,84.0,True,True,False,False,1.5790307325127497,38.87880933033825,61.39515990974656
ARERDELYDFDY,H1-69,K1-39,True,9,353,716,31,3.276742772051569e-05,0.0014127572378795,0.0027467257954379,0.0002171385343849,False,False,False,False,False,False,False,False,False,True,False,False,False,-3,-3,False,2.825,False,False,False,4.105078506469726,1591.6326,2,0.0027467257954379,0.0027467257954379,360,86,False,86.0,False,False,False,True,0.07905330201235558,83.79930905068244,6.624636205024442
AREGEREGYPFDY,H1-69,UNK,True,1,43,74,31,3.640825302279521e-06,0.0001720922414414,0.0002838794816514,0.0002171385343849,False,False,False,False,False,False,False,False,False,True,False,False,False,-2,-2,False,3.4153846153846152,False,False,False,4.407384109497071,1588.6319999999998,2,0.0002838794816514,0.0002838794816514,298,87,False,87.0,True,True,False,False,0.7648699526371805,77.7576186606765,59.47656116257383
ARDREGPYGDDI,H4-34,K3-20,True,1,4,21,31,3.640825302279521e-06,1.6008580599201173e-05,8.056039344161673e-05,0.0002171385343849,False,True,False,False,False,False,False,False,False,True,False,False,False,-2,-2,False,4.325,False,False,False,4.226021194458009,1363.3894,2,0.0002171385343849,0.0002171385343849,165,88,False,88.0,True,True,False,False,2.6950164335767317,22.06635124154421,59.47656116257383
ARESSLDEPFDY,H1-69,K3-15,True,5,29,9,31,1.8204126511397604e-05,0.0001160622093442,3.4525882903550026e-05,0.0002171385343849,False,False,False,False,False,False,False,False,False,True,False,False,False,-3,-3,False,3.0583333333333336,False,False,False,4.050025558471679,1428.4561,1,0.0002171385343849,0.0002171385343849,434,89,False,89.0,False,False,False,False,6.287331208277284,1.895555237411206,11.921435499474773
ARGELWDWSLYGFDP,H1-69,K1-39,True,1,1,28,30,3.640825302279521e-06,4.002145149800293e-06,0.0001074138579221,0.0002101340655338,False,False,False,False,True,False,False,False,False,False,False,False,False,-2,-2,False,0.3066666666666668,False,False,False,4.050025558471679,1811.9448,1,0.0002101340655338,0.0002101340655338,509,90,False,90.0,True,True,True,False,1.9561210107179525,29.421801655377045,57.55796241540109
AREGEREGYPFDY,UNK,K3-20,True,2,42,64,29,7.281650604559042e-06,0.0001680900962916,0.0002455173895363,0.0002031295966826,False,False,False,False,False,False,False,False,False,True,False,False,False,-2,-2,False,3.4153846153846152,False,False,False,4.407384109497071,1588.6319999999998,2,0.0002455173895363,0.0002455173895363,298,91,False,91.0,True,False,False,False,0.8273194981066188,33.67103044992205,27.857834624658917
ARERYDPYDFDY,UNK,K1-39,True,2,56,171,27,7.281650604559042e-06,0.0002241201283888,0.0006559917751674,0.0001891206589804,False,False,False,False,True,False,False,False,False,True,False,False,False,-2,-2,False,2.958333333333333,False,False,False,4.226021194458009,1609.6494,2,0.0006559917751674,0.0006559917751674,305,92,False,92.0,True,False,False,False,0.28829290733571533,89.96478448339897,25.936604650551132
ARAPWYDATSPFDY,H1-69,K3-20,True,1,4,20,26,3.640825302279521e-06,1.6008580599201173e-05,7.672418423011117e-05,0.0001821161901293,False,False,False,False,False,False,False,False,False,False,False,False,False,-1,-1,False,1.6714285714285717,False,False,False,4.207874679565429,1659.7512,1,0.0001821161901293,0.0001821161901293,37,93,False,93.0,True,True,False,False,2.373338453474247,21.015572610994486,49.883567426682774
ARERSGVYTLVYATFDY,H1-69,K1-39,True,1,3,7,26,3.640825302279521e-06,1.200643544940088e-05,2.685346448053891e-05,0.0001821161901293,False,False,False,False,False,False,False,False,False,False,False,False,False,0,0,False,1.2647058823529411,False,False,False,6.112389755249024,2011.1933,2,0.0001821161901293,0.0001821161901293,411,94,False,94.0,False,False,False,False,6.779326257833686,7.355450413848071,49.883567426682774
ARERGDLYDFDY,H1-69,K3-20,True,2,12,37,25,7.281650604559042e-06,4.802574179760352e-05,0.0001419397408257,0.0001751117212781,False,False,False,False,False,False,False,False,False,True,False,False,False,-2,-2,False,2.65,False,False,False,4.226021194458009,1519.5699,2,0.0001751117212781,0.0001751117212781,171,96,False,96.0,True,True,False,False,1.2336177597754094,19.466064478864826,24.01537467642963
ARDIPSSPSYAPFDP,H1-69,UNK,True,1,3,6,25,3.640825302279521e-06,1.200643544940088e-05,2.3017255269033352e-05,0.0001751117212781,False,False,False,False,True,False,False,False,False,False,False,False,False,-1,-1,False,2.48,False,False,False,4.207874679565429,1619.7289,1,0.0001751117212781,0.0001751117212781,107,97,False,97.0,True,True,False,False,7.604541628267228,6.304671783298347,47.96496867948265
ARVTDWSLTDVFDY,H1-69,K3-20,True,2,6,28,24,7.281650604559042e-06,2.401287089880176e-05,0.0001074138579221,0.000168107252427,False,False,False,False,False,False,False,False,False,False,False,False,False,-2,-2,False,1.1071428571428572,False,False,False,4.050025558471679,1687.8027,1,0.000168107252427,0.000168107252427,1432,98,False,98.0,True,True,False,False,1.5648968085739898,14.73107582183661,23.054759689375736
ARERSGVYTLVYAPFDY,UNK,K3-15,True,1,1,13,21,3.640825302279521e-06,4.002145149800293e-06,4.987071974957226e-05,0.0001470938458736,False,False,False,False,False,False,False,False,False,False,False,False,False,0,0,False,1.0823529411764707,False,False,False,6.112389755249024,2007.2046,2,0.0001470938458736,0.0001470938458736,411,99,False,99.0,True,False,False,False,2.948911856366334,13.660122197146418,40.29057369076433
ARERSGVYTLVYAPFDY,UNK,UNK,True,1,3,5,20,3.640825302279521e-06,1.200643544940088e-05,1.918104605752779e-05,0.0001400893770225,False,False,False,False,False,False,False,False,False,False,False,False,False,0,0,False,1.0823529411764707,False,False,False,6.112389755249024,2007.2046,2,0.0001400893770225,0.0001400893770225,411,100,False,100.0,True,False,False,False,7.2997259556650995,5.2538931527486215,38.3719749435916
ARDREDPYDFDY,H4-34,K3-15,True,1,57,122,19,3.640825302279521e-06,0.0002281222735386,0.0004680175238036,0.0001330849081714,False,False,False,False,True,False,False,False,False,True,False,False,False,-3,-3,False,3.95,False,False,False,4.050025558471679,1561.5636,2,0.0004680175238036,0.0004680175238036,164,101,False,101.0,False,False,False,False,0.284352738680486,128.19499292704498,36.45337619641887
ARIHYDYSFYSSDAFDY,UNK,K1-39,True,2,49,91,19,7.281650604559042e-06,0.0001961051123402,0.000349095038247,0.0001330849081714,False,False,False,False,False,False,False,False,False,False,False,False,False,-2,-1,False,1.5294117647058825,False,False,False,4.413415908813476,2120.1882,1,0.000349095038247,0.000349095038247,855,102,False,102.0,True,False,False,False,0.38121738041843817,47.87599642099298,18.251684754092555
DRERSGVYTLVYAPFDY,H1-69,K1-39,True,1,3,14,19,3.640825302279521e-06,1.200643544940088e-05,5.370692896107782e-05,0.0001330849081714,False,False,False,False,False,False,False,False,False,True,False,False,False,-1,-1,False,1.5470588235294118,False,False,False,4.558127975463866,2051.2141,2,0.0001330849081714,0.0001330849081714,411,103,False,103.0,False,False,False,False,2.477522649662839,14.710900827696141,36.45337619641887
ARDIASALGYTPFDY,H1-69,K1-39,True,1,1,5,19,3.640825302279521e-06,4.002145149800293e-06,1.918104605752779e-05,0.0001330849081714,False,False,False,False,False,False,False,False,False,False,False,False,False,-1,-1,False,1.3200000000000005,False,False,False,4.207874679565429,1659.7925999999998,1,0.0001330849081714,0.0001330849081714,104,104,False,104.0,False,False,False,False,6.9347396578831475,5.2538931527486215,36.45337619641887
ARVSDWSLTDVFDY,H1-69,K3-15,True,1,2,2,19,3.640825302279521e-06,8.004290299600586e-06,7.672418423011117e-06,0.0001330849081714,False,False,False,False,False,False,False,False,False,False,False,False,False,-2,-2,False,1.2,False,False,False,4.050025558471679,1673.7760999999998,1,0.0001330849081714,0.0001330849081714,1432,105,False,105.0,False,False,False,False,17.32330899509083,2.101557261099449,36.45337619641887
ARAPWYDATSPFDY,H1-69,UNK,True,2,1,12,18,7.281650604559042e-06,4.002145149800293e-06,4.6034510538066704e-05,0.0001260804393202,False,False,False,False,False,False,False,False,False,False,False,False,False,-1,-1,False,1.6714285714285717,False,False,False,4.207874679565429,1659.7512,1,0.0001260804393202,0.0001260804393202,37,106,False,106.0,True,True,False,False,2.7382295489049584,6.313318209361817,17.291069767024943
AREPIVAHEYAEDAFDI,UNK,UNK,True,1,3,5,18,3.640825302279521e-06,1.200643544940088e-05,1.918104605752779e-05,0.0001260804393202,False,False,False,False,False,False,False,False,False,True,False,False,False,-4,-3,False,1.7294117647058824,False,False,False,4.17260398864746,1946.0771,1,0.0001260804393202,0.0001260804393202,315,107,False,107.0,True,False,False,False,6.569753360095984,5.2538931527486215,34.534777449218744
ARIHYDYSFYSSDAFDY,H4-34,K1-39,True,1,49,74,17,3.640825302279521e-06,0.0001961051123402,0.0002838794816514,0.0001190759704691,False,False,False,False,False,False,False,False,False,False,False,False,False,-2,-1,False,1.5294117647058825,False,False,False,4.413415908813476,2120.1882,1,0.0002838794816514,0.0002838794816514,855,108,False,108.0,True,False,False,False,0.41944481273638196,77.7576186606765,32.616178702046014
AREREIGDEYGFDY,H4-34,K1-39,True,1,6,12,17,3.640825302279521e-06,2.401287089880176e-05,4.6034510538066704e-05,0.0001190759704691,False,False,False,False,False,False,False,False,False,True,False,False,False,-3,-3,False,3.1642857142857146,False,False,False,4.17761344909668,1719.7618,2,0.0001190759704691,0.0001190759704691,379,109,False,109.0,True,False,False,False,2.5861056850773876,12.609343566596694,32.616178702046014
ARVTDWSLTDVFDY,H1-69,UNK,True,1,4,8,16,3.640825302279521e-06,1.6008580599201173e-05,3.068967369204447e-05,0.000112071501618,False,False,False,False,False,False,False,False,False,False,False,False,False,-2,-2,False,1.1071428571428572,False,False,False,4.050025558471679,1687.8027,1,0.000112071501618,0.000112071501618,1432,110,False,110.0,True,True,False,False,3.6505763136838247,8.406229044397795,30.69757995487328
ARIHYDYSFYSSDAFDY,H1-69,K3-15,True,1,21,58,15,3.640825302279521e-06,8.404504814580615e-05,0.0002225001342673,0.0001050670327669,False,False,False,False,False,False,False,False,False,False,False,False,False,-2,-1,False,1.5294117647058825,False,False,False,4.413415908813476,2120.1882,1,0.0002225001342673,0.0002225001342673,855,113,False,113.0,True,True,False,False,0.4721898762628206,60.945160571877885,28.778981207700546
ARTTDYSTTDAFDY,H5-51,K3-15,True,1,14,196,13,3.640825302279521e-06,5.60300320972041e-05,0.000751897005455,9.105809506465124e-05,False,False,False,False,False,False,False,False,False,False,False,False,False,-2,-2,False,3.7642857142857142,False,False,False,4.050025558471679,1626.6321,1,0.000751897005455,0.000751897005455,1294,114,False,114.0,True,False,False,False,0.12110286831221825,205.9526115877215,24.941783713341728
ARVTDWSLTDVFDY,H5-51,K3-15,True,1,9,65,11,3.640825302279521e-06,3.601930634820264e-05,0.0002493535987478,7.704915736239722e-05,False,False,False,False,False,False,False,False,False,False,False,False,False,-2,-2,False,1.1071428571428572,False,False,False,4.050025558471679,1687.8027,1,0.0002493535987478,0.0002493535987478,1432,119,False,119.0,True,False,False,False,0.30898317857660845,68.3006109857153,21.104586218981463
ARDIASALGYTPFDI,H5-51,K1-39,True,1,8,34,11,3.640825302279521e-06,3.2017161198402346e-05,0.0001304311131911,7.704915736239722e-05,False,False,False,False,False,False,False,False,False,False,False,False,False,-1,-1,False,0.9133333333333336,False,False,False,4.207874679565429,1609.777,1,0.0001304311131911,0.0001304311131911,104,121,False,121.0,True,False,False,False,0.5906815380325525,35.726473438666254,21.104586218981463
ARERYDPYDFDY,H4-34,K3-20,True,9,84,141,10,3.276742772051569e-05,0.0003361801925832,0.0005409054988222,7.00446885112702e-05,False,False,False,False,True,False,False,False,False,True,False,False,False,-2,-2,False,2.958333333333333,False,False,False,4.226021194458009,1609.6494,2,0.0005409054988222,0.0005409054988222,305,122,False,122.0,True,True,False,False,0.12949284807661615,16.502377899643488,2.1369794209759965
ARERGDLYDFDY,H5-51,K1-39,True,1,11,88,10,3.640825302279521e-06,4.402359664780322e-05,0.0003375864106124,7.00446885112702e-05,False,False,False,False,False,False,False,False,False,True,False,False,False,-2,-2,False,2.65,False,False,False,4.226021194458009,1519.5699,2,0.0003375864106124,0.0003375864106124,171,123,False,123.0,True,False,False,False,0.20748054869484278,92.46851948835133,19.185987471801333
ARAPWYDATSPFDY,H5-51,K3-15,True,2,4,66,10,7.281650604559042e-06,1.6008580599201173e-05,0.0002531898079593,7.00446885112702e-05,False,False,False,False,False,False,False,False,False,False,False,False,False,-1,-1,False,1.6714285714285717,False,False,False,4.207874679565429,1659.7512,1,0.0002531898079593,0.0002531898079593,37,124,False,124.0,True,False,False,False,0.2766380001462298,34.723250151480826,9.606149870575992
ARTLYSAYLGYDFDI,H1-69,K3-20,True,1,22,31,10,3.640825302279521e-06,8.804719329560644e-05,0.0001189224855566,7.00446885112702e-05,False,False,False,False,False,False,False,False,False,True,False,False,False,-1,-1,False,0.3000000000000002,False,False,False,4.207874679565429,1767.9303,1,0.0001189224855566,0.0001189224855566,1268,125,False,125.0,True,True,True,False,0.5889449647290513,32.57413754702165,19.185987471801333
AREGTWLDPFDY,H4-34,K3-15,True,3,30,82,9,1.092247590683856e-05,0.000120064354494,0.0003145691553434,6.304021966014318e-05,False,False,False,False,True,False,False,False,False,False,False,False,False,-2,-2,False,1.4,False,False,False,4.050025558471679,1469.5526,1,0.0003145691553434,0.0003145691553434,313,126,False,126.0,False,False,False,False,0.20039541269454866,28.773825620473442,5.766325962878163
ARLVTYGRFDY,H5-51,K1-39,True,2,28,167,8,7.281650604559042e-06,0.0001120600641944,0.0006406469383214,5.603575080901615e-05,False,False,False,False,False,False,False,False,False,False,False,False,False,1,1,False,0.5000000000000001,False,False,False,8.632579040527343,1360.5159999999998,2,0.0006406469383214,0.0006406469383214,1044,127,False,127.0,False,False,False,False,0.08746607967102754,87.86034508028142,7.684919896460793
AREPIVAHEYAEDAFDI,H3-23_A,K3-20,True,6,22,62,8,2.1844951813677123e-05,8.804719329560644e-05,0.0002378449711133,5.603575080901615e-05,False,False,False,False,False,False,False,False,False,True,False,False,False,-4,-3,False,1.7294117647058824,False,False,False,4.17260398864746,1946.0771,1,0.0002378449711133,0.0002378449711133,315,128,False,128.0,True,False,False,False,0.23558789016153897,10.882887006159098,2.563984184762568
ARERYDPYDFDY,H4-34,UNK,True,2,23,48,8,7.281650604559042e-06,9.204933844540674e-05,0.0001841380421522,5.603575080901615e-05,False,False,False,False,True,False,False,False,False,True,False,False,False,-2,-2,False,2.958333333333333,False,False,False,4.226021194458009,1609.6494,2,0.0001841380421522,0.0001841380421522,305,130,False,130.0,True,True,False,False,0.30429729338475453,25.253272837438107,7.684919896460793
ARERSGVYTLVYAPFDY,H3-23_A,K1-39,True,2,12,116,7,7.281650604559042e-06,4.802574179760352e-05,0.0004450002685346,4.903128195788913e-05,False,False,False,False,False,False,False,False,False,False,False,False,False,0,0,False,1.0823529411764707,False,False,False,6.112389755249024,2007.2046,2,0.0004450002685346,0.0004450002685346,411,133,False,133.0,True,False,False,False,0.1101801136395056,61.02874269049143,6.724304909403194
ARDREDPYDFDY,H4-34,K3-20,True,1,90,96,7,3.640825302279521e-06,0.000360193063482,0.0003682760843045,4.903128195788913e-05,False,False,False,False,True,False,False,False,False,True,False,False,False,-3,-3,False,3.95,False,False,False,4.050025558471679,1561.5636,2,0.0003682760843045,0.0003682760843045,164,135,False,135.0,False,False,False,False,0.13313368071042816,100.87474853276434,13.430191230260931
ARDREDPYDFDY,UNK,K1-39,True,1,31,85,7,3.640825302279521e-06,0.0001240664996438,0.0003260777829779,4.903128195788913e-05,False,False,False,False,True,False,False,False,False,True,False,False,False,-3,-3,False,3.95,False,False,False,4.050025558471679,1561.5636,2,0.0003260777829779,0.0003260777829779,164,136,False,136.0,False,False,False,False,0.15036221691633303,89.31618359670672,13.430191230260931
ARLVTYGRFDY,UNK,K3-15,True,2,48,452,6,7.281650604559042e-06,0.0001921029671904,0.0017339665636005,4.202681310676212e-05,False,False,False,False,False,False,False,False,False,False,False,False,False,1,1,False,0.5000000000000001,False,False,False,8.632579040527343,1360.5159999999998,2,0.0017339665636005,0.0017339665636005,1044,137,False,137.0,False,False,False,False,0.024237244025660833,237.80165255262676,5.763689922345596
ARGTVYGDPNIFDY,H1-69,K1-39,True,8,310,270,6,2.9126602418236167e-05,0.001240664996438,0.0010357764871065,4.202681310676212e-05,False,False,False,False,True,False,False,False,False,False,False,False,False,-1,-1,False,1.95,False,False,False,4.207874679565429,1587.6868,1,0.001240664996438,0.0010357764871065,676,138,False,138.0,False,False,False,True,0.04057478411807172,35.548979673011665,1.4424061015589846
ARLVTYGRFDY,H1-69,K3-15,True,3,20,268,6,1.092247590683856e-05,8.004290299600585e-05,0.0010281040686834,4.202681310676212e-05,False,False,False,False,False,False,False,False,False,False,False,False,False,1,1,False,0.5000000000000001,False,False,False,8.632579040527343,1360.5159999999998,2,0.0010281040686834,0.0010281040686834,1044,139,False,139.0,False,False,False,False,0.04087757806931048,94.04128373521438,3.844217308585442
AREGTWLDPFDY,H1-69,K1-39,True,1,35,84,6,3.640825302279521e-06,0.000140075080243,0.0003222415737664,4.202681310676212e-05,False,False,False,False,True,False,False,False,False,False,False,False,False,-2,-2,False,1.4,False,False,False,4.050025558471679,1469.5526,1,0.0003222415737664,0.0003222415737664,313,140,False,140.0,False,False,False,False,0.13041616093775024,88.26540496615853,11.511592483080799
AREGATVSDPYGFDY,H1-69,UNK,True,1,11,41,6,3.640825302279521e-06,4.402359664780322e-05,0.0001572845776717,4.202681310676212e-05,False,False,False,False,True,False,False,False,False,False,False,False,False,-2,-2,False,2.98,False,False,False,4.050025558471679,1647.6958,1,0.0001572845776717,0.0001572845776717,288,141,False,141.0,True,True,False,False,0.2671853901695142,43.081923852531055,11.511592483080799
ARDIPSSPSYAPFDP,H5-51,K1-39,True,1,3,27,6,3.640825302279521e-06,1.200643544940088e-05,0.0001035776487106,4.202681310676212e-05,False,False,False,False,True,False,False,False,False,False,False,False,False,-1,-1,False,2.48,False,False,False,4.207874679565429,1619.7289,1,0.0001035776487106,0.0001035776487106,107,142,False,142.0,True,False,False,False,0.4057125886134875,28.37102302482884,11.511592483080799
AREGEREGYPFDY,H5-51,K3-20,True,2,39,135,5,7.281650604559042e-06,0.0001560836608422,0.0005178882435532,3.50223442556351e-05,False,False,False,False,False,False,False,False,False,True,False,False,False,-2,-2,False,3.4153846153846152,False,False,False,4.407384109497071,1588.6319999999998,2,0.0005178882435532,0.0005178882435532,298,143,False,143.0,True,False,False,False,0.06762398732104889,71.02482985531354,4.803074935287996
ARDREDPYDFDY,H1-69,K1-39,True,1,72,112,5,3.640825302279521e-06,0.0002881544507856,0.0004296554316886,3.50223442556351e-05,False,False,False,False,True,False,False,False,False,True,False,False,False,-3,-3,False,3.95,False,False,False,4.050025558471679,1561.5636,2,0.0004296554316886,0.0004296554316886,164,144,False,144.0,False,False,False,False,0.08151073293933858,117.68720662156295,9.592993735900667
AREGATVSDPYGFDY,H1-69,K3-20,True,1,29,70,5,3.640825302279521e-06,0.0001160622093442,0.0002685346448053,3.50223442556351e-05,False,False,False,False,True,False,False,False,False,False,False,False,False,-2,-2,False,2.98,False,False,False,4.050025558471679,1647.6958,1,0.0002685346448053,0.0002685346448053,288,146,False,146.0,True,True,False,False,0.13041535153689984,73.5545041384563,9.592993735900667
ARVSDWSLVDAFDY,H5-51,K3-15,True,1,7,44,5,3.640825302279521e-06,2.801501604860205e-05,0.0001687932053062,3.50223442556351e-05,False,False,False,False,False,False,False,False,False,False,False,False,False,-2,-2,False,0.9785714285714286,False,False,False,4.050025558471679,1643.7501,1,0.0001687932053062,0.0001687932053062,1432,147,False,147.0,True,False,False,False,0.20747440306069093,46.23425974417567,9.592993735900667
AREGTWLDPFDY,UNK,K1-39,True,2,8,66,4,7.281650604559042e-06,3.2017161198402346e-05,0.0002531898079593,2.8017875404508075e-05,False,False,False,False,True,False,False,False,False,False,False,False,False,-2,-2,False,1.4,False,False,False,4.050025558471679,1469.5526,1,0.0002531898079593,0.0002531898079593,313,148,False,148.0,False,False,False,False,0.11065520005849191,34.723250151480826,3.8424599482303967
ARERGDLYDFDY,H4-34,K3-15,True,1,25,63,4,3.640825302279521e-06,0.000100053628745,0.0002416811803248,2.8017875404508075e-05,False,False,False,False,False,False,False,False,False,True,False,False,False,-2,-2,False,2.65,False,False,False,4.226021194458009,1519.5699,2,0.0002416811803248,0.0002416811803248,171,149,False,149.0,True,False,False,False,0.11592427728167767,66.19905372461889,7.674394988720532
ARERVDLYDFDY,H1-69,K1-39,True,71,1238,770,3,0.0002584985964618,0.0049546556954527,0.0029538810928592,2.101340655338106e-05,False,False,False,False,False,False,False,False,False,True,False,False,False,-2,-2,False,1.866666666666667,False,False,False,4.226021194458009,1561.6496,2,0.0049546556954527,0.0029538810928592,418,151,False,151.0,False,False,False,True,0.0071138054494220586,11.426626167519723,0.08128707068542777
ARLVTYGRFDY,H5-51,K3-20,True,3,15,165,3,1.092247590683856e-05,6.00321772470044e-05,0.0006329745198984,2.101340655338106e-05,False,False,False,False,False,False,False,False,False,False,False,False,False,1,1,False,0.5000000000000001,False,False,False,8.632579040527343,1360.5159999999998,2,0.0006329745198984,0.0006329745198984,1044,152,False,152.0,False,False,False,False,0.03319734668511942,57.89855155340038,1.922108654292721
ARLVTYGRFDY,H4-34,K3-15,True,1,10,106,3,3.640825302279521e-06,4.002145149800293e-05,0.0004066381764195,2.101340655338106e-05,False,False,False,False,False,False,False,False,False,False,False,False,False,1,1,False,0.5000000000000001,False,False,False,8.632579040527343,1360.5159999999998,2,0.0004066381764195,0.0004066381764195,1044,153,False,153.0,False,False,False,False,0.05167466073105794,111.38253483824636,5.755796241540399
ARDREDPYDFDY,H5-51,K1-39,True,1,17,55,3,3.640825302279521e-06,6.803646754660499e-05,0.0002109915066328,2.101340655338106e-05,False,False,False,False,True,False,False,False,False,True,False,False,False,-3,-3,False,3.95,False,False,False,4.050025558471679,1561.5636,2,0.0002109915066328,0.0002109915066328,164,155,False,155.0,False,False,False,False,0.09958889340989446,57.792824680233274,5.755796241540399
ARHWYGTFDY,H3-23_A,K4-1,True,2,7,40,3,7.281650604559042e-06,2.801501604860205e-05,0.0001534483684602,2.101340655338106e-05,False,False,False,True,False,False,False,False,False,False,False,False,False,0,1,False,0.6300000000000001,False,False,False,6.787184524536133,1315.3909,1,0.0001534483684602,0.0001534483684602,820,156,False,156.0,False,False,False,True,0.13693229482516597,21.044394031202994,2.881844961172798
ARERNDPYGFDY,H1-69,K4-1,True,17,39,186,2,6.189403013875185e-05,0.0001560836608422,0.00071353491334,1.4008937702254036e-05,False,False,False,False,True,False,False,False,False,False,False,False,False,-1,-1,False,3.341666666666667,False,False,False,4.558281326293945,1502.5427,2,0.00071353491334,0.00071353491334,190,161,False,161.0,False,False,False,True,0.019632874455905284,11.526469467992328,0.22630089948674376
ARERYDPYDFDY,H5-51,K1-39,True,1,26,92,2,3.640825302279521e-06,0.0001040557738948,0.0003529312474585,1.4008937702254036e-05,False,False,False,False,True,False,False,False,False,True,False,False,False,-2,-2,False,2.958333333333333,False,False,False,4.226021194458009,1609.6494,2,0.0003529312474585,0.0003529312474585,305,164,False,164.0,True,False,False,False,0.03969198217304214,96.67163401057152,3.8371974943602654
ARIHYDYSFYSSDAFDY,H5-51,K1-39,True,1,17,78,2,3.640825302279521e-06,6.803646754660499e-05,0.0002992243184974,1.4008937702254036e-05,False,False,False,False,False,False,False,False,False,False,False,False,False,-2,-1,False,1.5294117647058825,False,False,False,4.413415908813476,2120.1882,1,0.0002992243184974,0.0002992243184974,855,166,False,166.0,True,False,False,False,0.0468159460204955,81.96073318286932,3.8371974943602654
AREGATVSDPYGFDY,H3-23_A,K3-15,True,1,14,48,2,3.640825302279521e-06,5.60300320972041e-05,0.0001841380421522,1.4008937702254036e-05,False,False,False,False,True,False,False,False,False,False,False,False,False,-2,-2,False,2.98,False,False,False,4.050025558471679,1647.6958,1,0.0001841380421522,0.0001841380421522,288,167,False,167.0,True,False,False,False,0.07607432334618863,50.43737426636847,3.8371974943602654
ARERDELYDFDY,H4-34,K1-39,True,1,15,27,2,3.640825302279521e-06,6.00321772470044e-05,0.0001035776487106,1.4008937702254036e-05,False,False,False,False,False,False,False,False,False,True,False,False,False,-3,-3,False,2.825,False,False,False,4.105078506469726,1591.6326,2,0.0001035776487106,0.0001035776487106,360,169,False,169.0,False,False,False,False,0.13523752953782914,28.37102302482884,3.8371974943602654
ARERVDLYDFDY,UNK,K1-39,True,1,44,23,2,3.640825302279521e-06,0.0001760943865912,8.823281186462784e-05,1.4008937702254036e-05,False,False,False,False,False,False,False,False,False,True,False,False,False,-2,-2,False,1.866666666666667,False,False,False,4.226021194458009,1561.6496,2,0.0001760943865912,8.823281186462784e-05,418,170,False,170.0,False,False,False,False,0.15875443456793928,24.167908502643662,3.8371974943602654
ARINKWSYEGAHAFDP,H5-51,K3-15,True,37,587,1995,1,0.0001347105361843,0.0023492592029327,0.0076532373769535,7.004468851127019e-06,False,False,False,False,True,False,False,False,False,False,False,False,False,0,1,False,1.76875,False,False,False,6.795363235473633,1862.0086,1,0.0076532373769535,0.0076532373769535,867,173,False,173.0,False,False,False,True,0.0009152283346047103,56.8082461198324,0.051992584423393225
ARWHGRGLFDY,H5-51,K3-15,True,15,611,1623,1,5.461237953419281e-05,0.0024453106865279,0.0062261675502735,7.004468851127019e-06,False,False,False,False,False,False,False,False,False,False,False,False,False,1,2,False,0.3363636363636366,False,False,False,8.796192932128907,1377.5084,2,0.0062261675502735,0.0062261675502735,1486,174,False,174.0,False,False,False,True,0.001125003068828214,113.98565209661015,0.1282344143711704
ARPPHYSGFYWFDP,H3-23_A,K1-39,True,8,894,1344,1,2.9126602418236167e-05,0.0035779177639214,0.0051558651802634,7.004468851127019e-06,False,False,False,True,True,False,False,False,False,False,False,False,False,0,1,False,0.3357142857142859,False,False,False,6.787184524536133,1739.8837,1,0.0051558651802634,0.0051558651802634,1104,176,False,176.0,False,False,False,True,0.0013585411993564164,176.95492103898908,0.2404010169264974
ARERSSLYDFDY,H4-34,K3-20,True,28,1323,1328,1,0.0001019431084638,0.0052948380331857,0.0050944858328793,7.004468851127019e-06,False,False,False,False,False,False,False,False,False,True,False,False,False,-1,-1,False,2.4250000000000003,False,False,False,4.558281326293945,1521.5858,2,0.0052948380331857,0.0050944858328793,396,177,False,177.0,False,False,False,True,0.0013749091334849992,49.96891129305954,0.06870284738413897
ARSLGVYPYYAFDY,H5-51,K3-20,True,3,387,1247,1,1.092247590683856e-05,0.0015488301729727,0.0047837528867474,7.004468851127019e-06,False,False,False,False,False,False,False,False,False,False,False,False,False,0,0,False,0.2142857142857144,False,False,False,5.877711868286132,1684.8431999999998,1,0.0047837528867474,0.0047837528867474,1196,178,False,178.0,False,False,False,True,0.0014642173989291372,437.57268961873797,0.6407028847642403
ARLAHGYRFDY,H5-51,K3-15,True,6,416,1214,1,2.1844951813677123e-05,0.0016648923823169,0.0046571579827677,7.004468851127019e-06,False,False,False,False,False,False,False,False,False,False,False,False,False,1,2,False,0.7454545454545457,False,False,False,8.638685607910158,1368.4983,2,0.0046571579827677,0.0046571579827677,935,179,False,179.0,False,False,False,True,0.001504018939631279,213.09394879805626,0.320498023095321
ARERESTYDFDY,H1-69,K1-39,True,30,607,1131,1,0.0001092247590683,0.0024293021059287,0.0043387526182127,7.004468851127019e-06,False,False,False,False,False,False,False,False,False,True,False,False,False,-2,-2,False,3.733333333333334,False,False,False,4.316753768920899,1551.5688,2,0.0043387526182127,0.0043387526182127,378,180,False,180.0,False,False,False,True,0.0016143931962824055,39.71952385137644,0.06412307685640074
ARESVDPYDFDY,H4-34,K3-20,True,15,410,1125,1,5.461237953419281e-05,0.0016408795114181,0.0043157353629437,7.004468851127019e-06,False,False,False,False,True,False,False,False,False,True,False,False,False,-3,-3,False,3.0,False,False,False,4.050025558471679,1476.4987999999998,1,0.0043157353629437,0.0043157353629437,440,181,False,181.0,False,False,False,True,0.001623003273378804,79.0103873128067,0.1282344143711704
ARERESVYDFDY,H4-34,K1-39,True,10,700,1070,1,3.640825302279521e-05,0.0028015016048602,0.0041047438563109,7.004468851127019e-06,False,False,False,False,False,False,False,False,False,True,False,False,False,-2,-2,False,2.9916666666666667,False,False,False,4.316753768920899,1549.5959,2,0.0041047438563109,0.0041047438563109,380,182,False,182.0,False,False,False,True,0.0017064284720405146,112.71116859289283,0.19233401576793716
ARERGDLYDFDY,H4-34,K4-1,True,6,245,988,1,2.1844951813677123e-05,0.000980525561701,0.0037901747009674,7.004468851127019e-06,False,False,False,False,False,False,False,False,False,True,False,False,False,-2,-2,False,2.65,False,False,False,4.226021194458009,1519.5699,2,0.0037901747009674,0.0037901747009674,171,184,False,184.0,True,False,False,False,0.0018480547529357108,173.42407035624106,0.320498023095321
ARHVPYWFPYGQYGFDY,H3-23_A,K3-15,True,75,207,980,1,0.0002730618976709,0.0008284440460086,0.0037594850272754,7.004468851127019e-06,False,False,False,True,False,False,False,False,False,False,False,False,False,0,1,False,0.0176470588235295,False,False,False,6.78493537902832,2166.3491,1,0.0037594850272754,0.0037594850272754,811,185,False,185.0,False,False,False,True,0.0018631408740559853,13.767381628578438,0.025650639669881535
AREPGPDRYGPSDFDI,H4-34,K1-39,True,25,1006,977,1,9.102063255698802e-05,0.004026158020699,0.0037479763996409,7.004468851127019e-06,False,False,False,False,False,False,False,False,False,True,False,False,False,-2,-2,False,3.3375,False,False,False,4.226021194458009,1791.8709,2,0.004026158020699,0.0037479763996409,340,186,False,186.0,False,False,False,True,0.0018688618645462873,41.172694227896855,0.07694628340346864
AREHSYLSDEDFDY,H4-34,K1-39,True,18,286,952,1,6.553485544103138e-05,0.0011446135128428,0.0036520711693532,7.004468851127019e-06,False,False,False,False,False,False,False,False,False,True,False,False,False,-4,-3,False,3.2,False,False,False,4.100886917114257,1746.7407999999998,1,0.0036520711693532,0.0036520711693532,322,187,False,187.0,False,False,False,True,0.001917938985010988,55.71865472552385,0.10686527270517389
ARESSYGDEI,H4-34,K1-39,True,15,827,948,1,5.461237953419281e-05,0.0033097740388848,0.0036367263325072,7.004468851127019e-06,False,False,False,False,False,False,False,False,False,True,False,False,False,-2,-2,False,4.07,False,False,False,4.137435531616211,1126.131,1,0.0036367263325072,0.0036367263325072,435,188,False,188.0,False,False,False,True,0.0019260315323156993,66.57941970892466,0.1282344143711704
AREGEDAYDFDY,H1-69,K1-39,True,10,590,915,1,3.640825302279521e-05,0.0023612656383821,0.0035101314285275,7.004468851127019e-06,False,False,False,False,False,False,False,False,False,True,False,False,False,-4,-4,False,3.891666666666667,False,False,False,4.050025558471679,1450.4185,1,0.0035101314285275,0.0035101314285275,295,189,False,189.0,False,False,False,True,0.0019954947667351923,96.38384977803328,0.19233401576793716
ARERGSTYDFDY,H1-69,K1-39,True,67,1302,878,1,0.0002439352952527,0.0052107929850399,0.0033681916877018,7.004468851127019e-06,False,False,False,False,False,False,False,False,False,True,False,False,False,-1,-1,False,3.5583333333333336,False,False,False,4.558281326293945,1479.5060999999998,2,0.0052107929850399,0.0033681916877018,378,190,False,190.0,False,False,False,True,0.002079587121134164,13.807159856117458,0.02871327706431548
ARVILSGYGVQRGFDP,H3-23_A,K4-1,True,19,412,871,1,6.91756807433109e-05,0.0016488838017177,0.0033413382232213,7.004468851127019e-06,False,False,False,False,True,False,False,False,False,False,False,False,False,1,1,False,1.0312500000000002,False,False,False,8.79022674560547,1734.9518,2,0.0033413382232213,0.0033413382232213,1347,191,False,191.0,False,False,False,True,0.0020963001708257174,48.29522796224495,0.10124159762356945
ARKIIGRYIGSAYHFDY,H4-34,K3-20,True,14,298,823,1,5.097155423191329e-05,0.0011926392546404,0.003157200181069,7.004468851127019e-06,False,False,False,True,False,False,False,False,False,False,False,False,False,2,3,False,0.5529411764705884,False,False,False,9.52582244873047,2030.2876,2,0.003157200181069,0.003157200181069,900,192,False,192.0,False,False,False,True,0.0022185627340006154,61.92828423211673,0.1373922187476658
ARERKYWYEFDY,H1-69,K1-39,True,10,167,754,1,3.640825302279521e-05,0.0006683582400166,0.0028925017454751,7.004468851127019e-06,False,False,False,True,False,False,False,False,False,True,False,False,False,0,0,False,1.4083333333333334,False,False,False,6.223569107055664,1725.8556,2,0.0028925017454751,0.0028925017454751,184,193,False,193.0,False,False,False,True,0.0024215870037812147,79.42450571872851,0.19233401576793716
ARERASYDVYGFDY,H1-69,K1-39,True,18,660,689,1,6.553485544103138e-05,0.0026414157988681,0.0026431481467273,7.004468851127019e-06,False,False,False,False,False,False,False,False,False,False,False,False,False,-1,-1,False,2.4285714285714284,False,False,False,4.558281326293945,1711.7842999999998,2,0.0026431481467273,0.0026431481467273,363,196,False,196.0,False,False,False,True,0.0026500377435984285,40.32579107761183,0.10686527270517389
ARVATSGVRIALGFDP,H3-23_A,K3-15,True,86,447,679,1,0.000313110975996,0.0017889588819607,0.0026047860546122,7.004468851127019e-06,False,False,False,False,True,False,False,False,False,False,False,False,False,1,1,False,1.00625,False,False,False,9.643601989746092,1629.8578,2,0.0026047860546122,0.0026047860546122,1320,197,False,197.0,False,False,False,True,0.0026890661319624266,8.318784924346541,0.02236984867860305
ARKRHGYLVFDY,H3-23_A,K4-1,True,15,328,635,1,5.461237953419281e-05,0.0013127036091344,0.002435992849306,7.004468851127019e-06,False,False,False,False,False,False,False,False,False,False,False,False,False,2,3,False,0.6750000000000002,False,False,False,9.69764862060547,1524.7237,2,0.002435992849306,0.002435992849306,911,198,False,198.0,False,False,False,True,0.002875394358886954,44.59697417211757,0.1282344143711704
ARERIDAYDFDY,H4-34,K3-15,True,12,853,592,1,4.3689903627354246e-05,0.0034138298127796,0.0022710358532112,7.004468851127019e-06,False,False,False,False,False,False,False,False,False,True,False,False,False,-2,-2,False,2.45,False,False,False,4.226021194458009,1533.5965,2,0.0034138298127796,0.0022710358532112,393,199,False,199.0,False,False,False,True,0.0030842480970707316,51.9688984345867,0.1602856818828892
ARYKAAGRFDY,H5-51,K3-15,True,14,109,590,1,5.097155423191329e-05,0.0004362338213282,0.0022633634347882,7.004468851127019e-06,False,False,False,False,False,False,False,False,False,False,False,False,False,2,2,False,2.1,False,False,False,9.69757843017578,1317.4516,2,0.0022633634347882,0.0022633634347882,1561,200,False,200.0,False,False,False,True,0.0030947031291734136,44.39573231706981,0.1373922187476658
ARGPYRTGYTSSLAFDY,H3-23_A,K3-15,True,57,575,560,1,0.0002075270422299,0.0023012334611351,0.0021482771584431,7.004468851127019e-06,False,False,False,False,False,False,False,False,False,False,False,False,False,1,1,False,2.0823529411764707,False,False,False,8.539295959472657,1925.0611,2,0.0023012334611351,0.0021482771584431,610,202,False,202.0,False,False,False,True,0.0032604900250873706,10.35129505249158,0.03375045136938875
ARDLIRGWVYAEDAFDI,H1-69,K1-39,True,24,417,552,1,8.737980725470849e-05,0.0016688945274667,0.002117587484751,7.004468851127019e-06,False,False,False,False,False,False,False,False,False,True,False,False,False,-2,-2,False,0.4823529411764707,False,False,False,4.226021194458009,2010.2086,2,0.002117587484751,0.002117587484751,121,203,False,203.0,False,False,False,True,0.0033077432805652617,24.231515679843845,0.0801520116723867
ARESTWLDPFDY,H4-34,K3-15,True,20,802,520,1,7.281650604559042e-05,0.0032097204101398,0.0019948287899828,7.004468851127019e-06,False,False,False,False,True,False,False,False,False,False,False,False,False,-2,-2,False,1.4666666666666668,False,False,False,4.050025558471679,1499.5786,1,0.0032097204101398,0.0019948287899828,436,207,False,207.0,False,False,False,True,0.0035112956928150638,27.391521278447836,0.09618021282995677
AREGAGPSGDEFDY,H4-34,K3-20,True,13,965,489,1,4.733072892963377e-05,0.0038620700695572,0.0018759063044262,7.004468851127019e-06,False,False,False,False,False,False,False,False,False,True,False,False,False,-3,-3,False,4.185714285714286,False,False,False,4.050025558471679,1470.453,1,0.0038620700695572,0.0018759063044262,287,209,False,209.0,False,False,False,True,0.003733891983666897,39.62563202637852,0.14795861849821343
ARERGSLYDFDY,H1-69,K1-39,True,49,603,473,1,0.0001784004398116,0.0024132935253295,0.0018145269570421,7.004468851127019e-06,False,False,False,False,False,False,False,False,False,True,False,False,False,-1,-1,False,2.3583333333333334,False,False,False,4.558281326293945,1491.5598,2,0.0024132935253295,0.0018145269570421,388,211,False,211.0,False,False,False,True,0.003860196301840605,10.170520060139003,0.03926042028999918
ARWYGQGRFDY,H5-51,K3-15,True,18,382,454,1,6.553485544103138e-05,0.0015288194472237,0.0017416389820235,7.004468851127019e-06,False,False,False,False,False,False,False,False,False,False,False,False,False,1,1,False,1.3545454545454547,False,False,False,8.632579040527343,1418.5139,2,0.0017416389820235,0.0017416389820235,1479,212,False,212.0,False,False,False,True,0.004021745439766524,26.57171139221441,0.10686527270517389
AREHSSLSESDFDY,H4-34,K3-15,True,29,982,442,1,0.0001055839337661,0.0039301065371038,0.0016956044714854,7.004468851127019e-06,False,False,False,False,False,False,False,False,False,True,False,False,False,-3,-2,False,3.5500000000000003,False,False,False,4.308268356323242,1642.6347999999998,1,0.0039301065371038,0.0016956044714854,322,213,False,213.0,False,False,False,True,0.004130932454823255,16.057782971144114,0.06633400803726608
ARDRADAYDFDY,H4-34,K3-20,True,19,1116,400,1,6.91756807433109e-05,0.0044663939871771,0.0015344836846022,7.004468851127019e-06,False,False,False,False,False,False,False,False,False,True,False,False,False,-2,-2,False,3.475,False,False,False,4.13912239074707,1477.4902,2,0.0044663939871771,0.0015344836846022,81,215,False,215.0,False,False,False,True,0.004564677535927981,22.179209167506226,0.10124159762356945
AREPPPENYWEFDY,H4-34,K4-1,True,14,315,382,1,5.097155423191329e-05,0.001260675722187,0.0014654319187951,7.004468851127019e-06,False,False,False,False,False,False,False,False,False,True,False,False,False,-3,-3,False,2.142857142857143,False,False,False,4.050025558471679,1812.8866,1,0.0014654319187951,0.0014654319187951,349,217,False,217.0,False,False,False,True,0.004779765585582647,28.74435550020507,0.1373922187476658
ARDIATWSDPYSFDI,H1-69,K1-39,True,31,385,381,1,0.0001128655843706,0.0015408258826731,0.0014615957095836,7.004468851127019e-06,False,False,False,False,True,False,False,False,False,False,False,False,False,-2,-2,False,1.4400000000000002,False,False,False,4.050025558471679,1756.8647999999998,1,0.0015408258826731,0.0014615957095836,105,218,False,218.0,False,False,False,True,0.004792310816247794,12.948732161463722,0.062054773759837374
ARKRHGYFVFDY,H3-23_A,K4-1,True,15,172,376,1,5.461237953419281e-05,0.0006883689657656,0.001442414663526,7.004468851127019e-06,False,False,False,False,False,False,False,False,False,False,False,False,False,2,3,False,0.6750000000000002,False,False,False,9.69764862060547,1558.7398999999998,2,0.001442414663526,0.001442414663526,911,219,False,219.0,False,False,False,True,0.004856037911889714,26.407027226323404,0.1282344143711704
ARDRYDAYGNDY,H4-34,K3-20,True,5,310,370,1,1.8204126511397604e-05,0.001240664996438,0.001419397408257,7.004468851127019e-06,False,False,False,False,False,False,False,False,False,False,False,False,False,-1,-1,False,4.133333333333334,False,False,False,4.429057693481445,1478.4782,2,0.001419397408257,0.001419397408257,208,220,False,220.0,False,False,False,True,0.004934783917838182,77.92838198245758,0.3845624354669947
ARERTHWYEFDY,H1-69,K1-39,True,11,397,340,1,4.004907832507473e-05,0.0015888516244707,0.0013043111319118,7.004468851127019e-06,False,False,False,True,False,False,False,False,False,True,False,False,False,-1,0,False,1.7000000000000002,False,False,False,5.447204971313476,1672.7533,2,0.0015888516244707,0.0013043111319118,267,221,False,221.0,False,False,False,True,0.005370202689931326,32.55968900051738,0.17485347002461152
ARTTDYGVLDAFDY,H1-69,K3-15,True,18,404,316,1,6.553485544103138e-05,0.0016168666405193,0.0012122421108357,7.004468851127019e-06,False,False,False,False,False,False,False,False,False,False,False,False,False,-2,-2,False,2.042857142857143,False,False,False,4.050025558471679,1606.6869,1,0.0016168666405193,0.0012122421108357,1293,222,False,222.0,False,False,False,True,0.005778062820858519,18.4948475769592,0.10686527270517389
ARERQSPYDFDY,H1-69,K1-39,True,22,372,316,1,8.009815665014945e-05,0.0014887979957257,0.0012122421108357,7.004468851127019e-06,False,False,False,False,False,False,False,False,False,True,False,False,False,-1,-1,False,3.325,False,False,False,4.558281326293945,1546.5953,2,0.0014887979957257,0.0012122421108357,365,223,False,223.0,False,False,False,True,0.005778062820858519,15.132567787445632,0.08743764859946944
ARERGANDPYGFDY,H1-69,K1-39,True,4,178,308,1,1.4563301209118084e-05,0.0007123818366644,0.0011815524371437,7.004468851127019e-06,False,False,False,False,True,False,False,False,False,False,False,False,False,-1,-1,False,3.4214285714285717,False,False,False,4.558281326293945,1630.6718999999998,2,0.0011815524371437,0.0011815524371437,366,224,False,224.0,False,False,False,True,0.0059281411044680545,81.07651246544177,0.48063707396266053
ARERTDPYGFDY,H1-69,K1-39,True,11,259,294,1,4.004907832507473e-05,0.0010365555937982,0.0011278455081826,7.004468851127019e-06,False,False,False,False,True,False,False,False,False,False,False,False,False,-1,-1,False,3.191666666666667,False,False,False,4.558281326293945,1489.544,2,0.0011278455081826,0.0011278455081826,383,226,False,226.0,False,False,False,True,0.006210431035101168,28.154554606330827,0.17485347002461152
ARERGDNYDFDY,H1-69,K1-39,True,17,303,293,1,6.189403013875185e-05,0.0012126499803894,0.0011240092989711,7.004468851127019e-06,False,False,False,False,False,False,False,False,False,True,False,False,False,-2,-2,False,4.0,False,False,False,4.226021194458009,1520.5149,2,0.0012126499803894,0.0011240092989711,302,227,False,227.0,False,False,False,False,0.006231626856886478,18.157287925386164,0.11315044974337189
ARFLGAGRFDY,H5-51,K3-15,True,4,139,289,1,1.4563301209118084e-05,0.0005562981758222,0.0011086644621251,7.004468851127019e-06,False,False,False,False,False,False,False,False,False,False,False,False,False,1,1,False,0.4090909090909094,False,False,False,8.79022674560547,1272.4109,2,0.0011086644621251,0.0011086644621251,474,228,False,228.0,False,False,False,True,0.006317876969675029,76.07503929387265,0.48063707396266053
ARERGAGDVYGFDY,H1-69,K1-39,True,31,839,272,1,0.0001128655843706,0.0033577997806824,0.0010434489055295,7.004468851127019e-06,False,False,False,False,False,False,False,False,False,False,False,False,False,-1,-1,False,2.9142857142857146,False,False,False,4.558281326293945,1575.6364,2,0.0033577997806824,0.0010434489055295,362,229,False,229.0,False,False,False,True,0.006712740496064504,9.244239233380931,0.062054773759837374
AREAYPADAYAFDY,H1-69,K3-20,True,15,657,271,1,5.461237953419281e-05,0.0026294093634187,0.001039612696318,7.004468851127019e-06,False,False,False,False,False,False,False,False,False,False,False,False,False,-2,-2,False,2.1214285714285714,False,False,False,4.050025558471679,1622.6879,1,0.0026294093634187,0.001039612696318,270,230,False,230.0,False,False,False,True,0.006737510517935528,19.03272441046289,0.1282344143711704
ARYGWYDAVAGFDY,H3-23_A,K1-39,True,15,772,266,1,5.461237953419281e-05,0.0030896560556458,0.0010204316502604,7.004468851127019e-06,False,False,False,False,False,False,False,False,False,False,False,False,False,-1,-1,False,0.95,False,False,False,4.207874679565429,1653.7463999999998,1,0.0030896560556458,0.0010204316502604,1546,232,False,232.0,False,False,False,True,0.006864154211404046,18.681567133515756,0.1282344143711704
ARERASGDVYGFDY,H1-69,K4-1,True,10,358,256,1,3.640825302279521e-05,0.0014327679636285,0.0009820695581454,7.004468851127019e-06,False,False,False,False,False,False,False,False,False,False,False,False,False,-1,-1,False,2.9714285714285715,False,False,False,4.558281326293945,1605.6624,2,0.0014327679636285,0.0009820695581454,362,234,False,234.0,False,False,False,True,0.007132282505049337,26.966410429701146,0.19233401576793716
ARHYTVYRIGYAFDI,H3-23_A,K3-20,True,14,120,254,1,5.097155423191329e-05,0.000480257417976,0.0009743971397224,7.004468851127019e-06,False,False,False,False,False,False,False,False,False,False,False,False,False,1,2,False,0.0666666666666667,False,False,False,8.545542907714843,1845.064,2,0.0009743971397224,0.0009743971397224,834,235,False,235.0,False,False,False,True,0.007188441633465996,19.112738997518626,0.1373922187476658
ARERADAYDFDY,H4-34,K3-20,True,8,128,251,1,2.9126602418236167e-05,0.0005122745791744,0.0009628885120878,7.004468851127019e-06,False,False,False,False,False,False,False,False,False,True,False,False,False,-2,-2,False,3.2916666666666665,False,False,False,4.226021194458009,1491.5168,2,0.0009628885120878,0.0009628885120878,328,236,False,236.0,False,False,False,False,0.007274358370270625,33.04738480712982,0.2404010169264974
ARDVATLSDRYGFDI,H1-69,K1-39,True,8,324,250,1,2.9126602418236167e-05,0.0012966950285352,0.0009590523028763,7.004468851127019e-06,False,False,False,False,False,False,False,False,False,False,False,False,False,-1,-1,False,1.866666666666667,False,False,False,4.429057693481445,1698.8303999999998,2,0.0012966950285352,0.0009590523028763,215,237,False,237.0,False,False,False,True,0.0073034555003570565,32.91572191945219,0.2404010169264974
AREREDAYSFDY,H1-69,K1-39,True,52,895,249,1,0.0001893229157185,0.0035819199090712,0.0009552160936648,7.004468851127019e-06,False,False,False,False,False,False,False,False,False,True,False,False,False,-2,-2,False,3.475,False,False,False,4.316753768920899,1521.5428,2,0.0035819199090712,0.0009552160936648,375,238,False,238.0,False,False,False,True,0.007332786339885066,5.045166552471068,0.036995515674312314
ARDLATAADRYGFDI,H1-69,K3-20,True,14,215,247,1,5.097155423191329e-05,0.000860461207207,0.0009475436752418,7.004468851127019e-06,False,False,False,False,False,False,False,False,False,False,False,False,False,-1,-1,False,1.96,False,False,False,4.429057693481445,1654.7779,2,0.0009475436752418,0.0009475436752418,115,239,False,239.0,False,False,False,True,0.007392160501450848,18.58600997002675,0.1373922187476658
ARERADAYDFDY,H4-34,K1-39,True,12,274,241,1,4.3689903627354246e-05,0.0010965877710452,0.0009245264199728,7.004468851127019e-06,False,False,False,False,False,False,False,False,False,True,False,False,False,-2,-2,False,3.2916666666666665,False,False,False,4.226021194458009,1491.5168,2,0.0010965877710452,0.0009245264199728,328,240,False,240.0,False,False,False,True,0.007576195701769208,21.156257639755673,0.1602856818828892
AREGLGYPSITSVPFDI,H4-34,K1-39,True,1,308,228,1,3.640825302279521e-06,0.0012326607061384,0.0008746557002232,7.004468851127019e-06,False,False,False,False,False,False,False,False,False,False,False,False,False,-1,-1,False,1.0529411764705885,False,False,False,4.370375442504883,1822.0226,1,0.0012326607061384,0.0008746557002232,303,242,False,242.0,False,False,False,True,0.008008166833728127,239.5775277653187,1.918598747180133
AREGATVSDPYGFDY,H5-51,K3-15,True,1,24,223,1,3.640825302279521e-06,9.605148359520704e-05,0.0008554746541657,7.004468851127019e-06,False,False,False,False,True,False,False,False,False,False,False,False,False,-2,-2,False,2.98,False,False,False,4.050025558471679,1647.6958,1,0.0008554746541657,0.0008554746541657,288,243,False,243.0,True,False,False,False,0.008187720045028784,234.3236346125777,1.918598747180133
ARERKSAYDFDY,H1-69,K1-39,True,10,273,222,1,3.640825302279521e-05,0.0010925856258954,0.0008516384449542,7.004468851127019e-06,False,False,False,False,False,False,False,False,False,True,False,False,False,0,0,False,3.3000000000000003,False,False,False,6.164375686645509,1520.6011,2,0.0010925856258954,0.0008516384449542,380,244,False,244.0,False,False,False,True,0.008224601233791609,23.38493404450608,0.19233401576793716
ARERSSLYDFDY,H1-69,K1-39,True,10,86,222,1,3.640825302279521e-05,0.0003441844828828,0.0008516384449542,7.004468851127019e-06,False,False,False,False,False,False,False,False,False,True,False,False,False,-1,-1,False,2.4250000000000003,False,False,False,4.558281326293945,1521.5858,2,0.0008516384449542,0.0008516384449542,396,245,False,245.0,False,False,False,False,0.008224601233791609,23.38493404450608,0.19233401576793716
ARERHGKYDFDY,H1-69,K3-20,True,20,468,213,1,7.281650604559042e-05,0.0018730039301065,0.0008171125620506,7.004468851127019e-06,False,False,False,False,False,False,False,False,False,True,False,False,False,0,1,False,3.233333333333334,False,False,False,6.797459030151367,1556.6364999999998,2,0.0018730039301065,0.0008171125620506,392,246,False,246.0,False,False,False,True,0.008572115342830625,11.21998852367126,0.09618021282995677
ARIGDYSVTGEFDY,H1-69,K3-15,True,8,71,210,1,2.9126602418236167e-05,0.0002841523056358,0.0008056039344161,7.004468851127019e-06,False,False,False,False,False,False,False,False,False,True,False,False,False,-2,-2,False,2.321428571428572,False,False,False,4.050025558471679,1592.6602999999998,1,0.0008056039344161,0.0008056039344161,845,247,False,247.0,False,False,False,True,0.008694572613374394,27.649206412340114,0.2404010169264974
ARERPAYDPYAFDY,H1-69,K1-39,True,29,747,203,1,0.0001055839337661,0.0029896024269008,0.0007787504699356,7.004468851127019e-06,False,False,False,False,True,False,False,False,False,False,False,False,False,-1,-1,False,2.271428571428572,False,False,False,4.558281326293945,1733.833,2,0.0029896024269008,0.0007787504699356,344,249,False,249.0,False,False,False,True,0.008994381612238558,7.374954622493769,0.06633400803726608
AREGLDAYDFDY,H1-69,K1-39,True,11,58,202,1,4.004907832507473e-05,0.0002321244186884,0.0007749142607241,7.004468851127019e-06,False,False,False,False,False,False,False,False,False,True,False,False,False,-3,-3,False,2.475,False,False,False,4.050025558471679,1434.4621,1,0.0007749142607241,0.0007749142607241,295,250,False,250.0,False,False,False,True,0.009038907679289774,19.34428581795521,0.17485347002461152
ARDAWYSYLDAFDY,H1-69,K3-15,True,16,109,201,1,5.8253204836472334e-05,0.0004362338213282,0.0007710780515126,7.004468851127019e-06,False,False,False,False,False,False,False,False,False,False,False,False,False,-2,-2,False,0.9214285714285716,False,False,False,4.050025558471679,1755.8351,1,0.0007710780515126,0.0007710780515126,90,251,False,251.0,False,False,False,True,0.009083876786038567,13.23439130540088,0.12022113906686906
ARDEASSADVYGFDI,H1-69,K1-39,True,18,524,197,1,6.553485544103138e-05,0.0020971240584953,0.0007557332146665,7.004468851127019e-06,False,False,False,False,False,False,False,False,False,True,False,False,False,-3,-3,False,2.9466666666666668,False,False,False,4.050025558471679,1615.6524,1,0.0020971240584953,0.0007557332146665,91,252,False,252.0,False,False,False,True,0.009268318544173766,11.530015736267956,0.10686527270517389
AREPLDYSDADAFDI,H1-69,K3-15,True,40,116,196,1,0.0001456330120911,0.0004642488373768,0.000751897005455,7.004468851127019e-06,False,False,False,False,False,False,False,False,False,True,False,False,False,-4,-4,False,2.5733333333333333,False,False,False,4.050025558471679,1697.7530000000002,1,0.000751897005455,0.000751897005455,345,253,False,253.0,False,False,False,True,0.00931560525478602,5.162602686249628,0.04809340833150106
ARERKSKYEFDY,H1-69,K1-39,True,14,189,195,1,5.097155423191329e-05,0.0007564054333122,0.0007480607962435,7.004468851127019e-06,False,False,False,False,False,False,False,False,False,True,False,False,False,1,1,False,3.4166666666666665,False,False,False,8.47296600341797,1591.7221,2,0.0007564054333122,0.0007480607962435,395,254,False,254.0,False,False,False,True,0.009363376950818752,14.673165765810078,0.1373922187476658
ARERGDPYGFDY,H1-69,K3-15,True,21,145,189,1,7.645733134786994e-05,0.000580311046721,0.0007250435409745,7.004468851127019e-06,False,False,False,False,True,False,False,False,False,False,False,False,False,-1,-1,False,3.233333333333334,False,False,False,4.558281326293945,1445.4914,2,0.0007250435409745,0.0007250435409745,383,255,False,255.0,False,False,False,True,0.009660622913051002,9.481742440782808,0.09160080164510848
ARERGEWYEFDY,H1-69,K3-20,True,7,175,188,1,2.5485777115956645e-05,0.000700375401215,0.000721207331763,7.004468851127019e-06,False,False,False,False,False,False,False,False,False,True,False,False,False,-2,-2,False,2.216666666666667,False,False,False,4.407384109497071,1620.6754,2,0.000721207331763,0.000721207331763,386,256,False,256.0,False,False,False,True,0.009712008492647767,28.28732493553331,0.2747305492697942
AREGLDNYDFDY,H1-69,K1-39,True,6,409,186,1,2.1844951813677123e-05,0.0016368773662683,0.00071353491334,7.004468851127019e-06,False,False,False,False,False,False,False,False,False,True,False,False,False,-3,-3,False,2.8833333333333333,False,False,False,4.050025558471679,1477.4868,1,0.0016368773662683,0.00071353491334,302,258,False,258.0,False,False,False,True,0.009816437227952642,32.648661018481874,0.320498023095321
ARERGAGDPYGFDY,H1-69,UNK,True,14,266,186,1,5.097155423191329e-05,0.0010645706098468,0.00071353491334,7.004468851127019e-06,False,False,False,False,True,False,False,False,False,False,False,False,False,-1,-1,False,3.3285714285714287,False,False,False,4.558281326293945,1573.6206,2,0.0010645706098468,0.00071353491334,362,259,False,259.0,False,False,False,True,0.009816437227952642,13.995942730465902,0.1373922187476658
AREWYGDWSVDPFDI,H4-34,K4-1,True,19,434,185,1,6.91756807433109e-05,0.0017369309950133,0.0007096987041285,7.004468851127019e-06,False,False,False,False,True,False,False,False,False,False,False,False,False,-3,-3,False,1.04,False,False,False,4.050025558471679,1855.9543,1,0.0017369309950133,0.0007096987041285,457,260,False,260.0,False,False,False,True,0.009869498303150002,10.257884239971377,0.10124159762356945
ARERGLDVYGFDY,H1-69,K4-1,True,7,70,183,1,2.5485777115956645e-05,0.000280150160486,0.0007020262857055,7.004468851127019e-06,False,False,False,False,False,False,False,False,False,False,False,False,False,-1,-1,False,1.830769230769231,False,False,False,4.558281326293945,1560.6647999999998,2,0.0007020262857055,0.0007020262857055,383,261,False,261.0,False,False,False,True,0.009977360136147365,27.535002463844638,0.2747305492697942
ARERAELYDFDY,H4-34,K3-20,True,9,245,160,1,3.276742772051569e-05,0.000980525561701,0.0006137934738408,7.004468851127019e-06,False,False,False,False,False,False,False,False,False,True,False,False,False,-2,-2,False,2.1666666666666665,False,False,False,4.316753768920899,1547.6231,2,0.000980525561701,0.0006137934738408,360,263,False,263.0,False,False,False,True,0.011411582289193336,18.726102581155907,0.21369794209759962
ARERQSLYEFDY,H1-69,K1-39,True,2,62,160,1,7.281650604559042e-06,0.0002481329992876,0.0006137934738408,7.004468851127019e-06,False,False,False,False,False,False,False,False,False,True,False,False,False,-1,-1,False,2.2,False,False,False,4.6793262481689455,1576.6643,2,0.0006137934738408,0.0006137934738408,408,264,False,264.0,False,False,False,True,0.011411582289193336,84.17757612481198,0.9606149870575992
ARERGYDVYGFDY,H1-69,K3-15,True,7,280,151,1,2.5485777115956645e-05,0.001120600641944,0.0005792675909373,7.004468851127019e-06,False,False,False,False,False,False,False,False,False,False,False,False,False,-1,-1,False,2.392307692307692,False,False,False,4.558281326293945,1610.6804,2,0.001120600641944,0.0005792675909373,383,265,False,265.0,False,False,False,True,0.01209173108145516,22.72013864502929,0.2747305492697942
ARERASPYDFDY,H4-34,K3-20,True,50,856,147,1,0.0001820412651139,0.003425836248229,0.0005639227540913,7.004468851127019e-06,False,False,False,False,False,False,False,False,False,True,False,False,False,-1,-1,False,3.0,False,False,False,4.558281326293945,1489.544,2,0.003425836248229,0.0005639227540913,365,266,False,266.0,False,False,False,True,0.012420751943046392,3.0976041486912105,0.038475255015364425
ARERGEDAYGFDY,H1-69,K3-15,True,10,391,146,1,3.640825302279521e-05,0.0015648387535719,0.0005600865448798,7.004468851127019e-06,False,False,False,False,False,False,False,False,False,True,False,False,False,-2,-2,False,3.5846153846153848,False,False,False,4.316753768920899,1548.5681,2,0.0015648387535719,0.0005600865448798,295,267,False,267.0,False,False,False,True,0.012505824067581451,15.379280948188978,0.19233401576793716
AREHSSYSADEFDY,H4-34,K1-39,True,17,277,129,1,6.189403013875185e-05,0.0011085942064946,0.0004948709882842,7.004468851127019e-06,False,False,False,False,False,False,False,False,False,True,False,False,False,-3,-2,False,3.757142857142857,False,False,False,4.308268356323242,1676.6509999999998,1,0.0011085942064946,0.0004948709882842,321,269,False,269.0,False,False,False,True,0.014153845100035435,7.994164308446397,0.11315044974337189
ARERDETYGFDY,H1-69,K3-15,True,16,169,126,1,5.8253204836472334e-05,0.0006763625303162,0.0004833623606497,7.004468851127019e-06,False,False,False,False,False,False,False,False,False,True,False,False,False,-2,-2,False,3.6666666666666665,False,False,False,4.316753768920899,1521.5428,2,0.0006763625303162,0.0004833623606497,358,270,False,270.0,False,False,False,True,0.014490834440166012,8.29618559443058,0.12022113906686906
ARHEWYSYTDAFDY,H1-69,K3-15,True,8,118,126,1,2.9126602418236167e-05,0.0004722531276764,0.0004833623606497,7.004468851127019e-06,False,False,False,False,False,False,False,False,False,False,False,False,False,-2,-1,False,1.792857142857143,False,False,False,4.536607742309571,1823.8694,1,0.0004833623606497,0.0004833623606497,714,271,False,271.0,False,False,False,True,0.014490834440166012,16.58952384740544,0.2404010169264974
ARESVDPYDFDY,H4-34,K1-39,True,21,20,125,1,7.645733134786994e-05,8.004290299600585e-05,0.0004795261514381,7.004468851127019e-06,False,False,False,False,True,False,False,False,False,True,False,False,False,-3,-3,False,3.0,False,False,False,4.050025558471679,1476.4987999999998,1,0.0004795261514381,0.0004795261514381,440,272,False,272.0,False,False,False,False,0.014606758698215013,6.270993677765605,0.09160080164510848
ARERESTYEFDY,H1-69,K3-15,True,77,1291,117,1,0.0002803435482755,0.0051667693883921,0.0004488364777461,7.004468851127019e-06,False,False,False,False,False,False,False,False,False,True,False,False,False,-2,-2,False,3.5500000000000003,False,False,False,4.407384109497071,1565.5954,2,0.0051667693883921,0.0004488364777461,381,274,False,274.0,False,False,False,True,0.01560548917817119,1.6009659250149169,0.024984413053491347
ARWRKLSPGYFDY,H3-23_A,K4-1,True,12,838,117,1,4.3689903627354246e-05,0.0033537976355326,0.0004488364777461,7.004468851127019e-06,False,False,False,False,False,False,False,False,False,False,False,False,False,2,2,False,0.6384615384615386,False,False,False,9.69757843017578,1658.8557999999998,2,0.0033537976355326,0.0004488364777461,1506,275,False,275.0,False,False,False,True,0.01560548917817119,10.270880264942914,0.1602856818828892
ARERSSLYDFDY,H4-34,K1-39,True,31,56,116,1,0.0001128655843706,0.0002241201283888,0.0004450002685346,7.004468851127019e-06,False,False,False,False,False,False,False,False,False,True,False,False,False,-1,-1,False,2.4250000000000003,False,False,False,4.558281326293945,1521.5858,2,0.0004450002685346,0.0004450002685346,396,276,False,276.0,False,False,False,False,0.015740016234215084,3.942396143647399,0.062054773759837374
ARQTDWSVTETFDY,H1-69,K3-15,True,28,602,112,1,0.0001019431084638,0.0024092913801797,0.0004296554316886,7.004468851127019e-06,False,False,False,False,False,False,False,False,False,False,False,False,False,-2,-2,False,2.6714285714285717,False,False,False,4.050025558471679,1718.7738,1,0.0024092913801797,0.0004296554316886,1162,278,False,278.0,False,False,False,True,0.016302146587867713,4.214245530739808,0.06870284738413897
ARDYALSTSYAPFDP,H1-69,K1-39,True,17,331,111,1,6.189403013875185e-05,0.0013247100445838,0.0004258192224771,7.004468851127019e-06,False,False,False,False,True,False,False,False,False,False,False,False,False,-1,-1,False,2.046666666666667,False,False,False,4.207874679565429,1673.7761999999998,1,0.0013247100445838,0.0004258192224771,248,279,False,279.0,False,False,False,True,0.016449009324398117,6.8786995212212805,0.11315044974337189
AREDPSNDPYGFDY,H1-69,K3-15,True,24,206,109,1,8.737980725470849e-05,0.0008244419008588,0.0004181468040541,7.004468851127019e-06,False,False,False,False,True,False,False,False,False,True,False,False,False,-3,-3,False,3.892857142857143,False,False,False,4.050025558471679,1645.6369,1,0.0008244419008588,0.0004181468040541,193,280,False,280.0,False,False,False,True,0.01675081879146178,4.784846393302585,0.0801520116723867
AREREDAYGFDY,H1-69,K3-15,True,102,1511,104,1,0.0003713641808325,0.0060472413213482,0.0003989657579965,7.004468851127019e-06,False,False,False,False,False,False,False,False,False,True,False,False,False,-2,-2,False,3.408333333333333,False,False,False,4.316753768920899,1491.5168,2,0.0060472413213482,0.0003989657579965,374,281,False,281.0,False,False,False,True,0.01755612643309638,1.0742958950515857,0.018860947294249912
ARTGIDVYLGYDFDI,H4-34,K1-39,True,14,473,102,1,5.097155423191329e-05,0.0018930146558555,0.0003912933395735,7.004468851127019e-06,False,False,False,False,False,False,False,False,False,True,False,False,False,-2,-2,False,0.7333333333333335,False,False,False,4.050025558471679,1717.8716,1,0.0018930146558555,0.0003912933395735,1255,282,False,282.0,False,False,False,True,0.017900355409083708,7.675194400577126,0.1373922187476658
AREREDLYGFDY,H1-69,K3-15,True,21,99,100,1,7.645733134786994e-05,0.0003962123698302,0.0003836209211505,7.004468851127019e-06,False,False,False,False,False,False,False,False,False,True,False,False,False,-2,-2,False,2.466666666666667,False,False,False,4.316753768920899,1533.5965,2,0.0003962123698302,0.0003836209211505,376,283,False,283.0,False,False,False,False,0.018258353185193685,5.016794942212746,0.09160080164510848
AREHSYESADEFDY,H4-34,UNK,True,49,691,89,1,0.0001784004398116,0.002765482298512,0.0003414226198239,7.004468851127019e-06,False,False,False,False,False,False,False,False,False,True,False,False,False,-4,-3,False,3.85,False,False,False,4.17260398864746,1718.6877,1,0.002765482298512,0.0003414226198239,321,287,False,287.0,False,False,False,True,0.020514937485292702,1.913691935205359,0.03926042028999918
ARGVWVYGSYVTWFDP,H3-23_A,K1-39,True,89,100,89,1,0.0003240334519028,0.00040021451498,0.0003414226198239,7.004468851127019e-06,False,False,False,False,True,False,False,False,False,False,False,False,False,0,0,False,-0.1624999999999999,False,False,False,5.87944984436035,1903.0983,1,0.00040021451498,0.0003414226198239,685,288,False,288.0,False,False,False,True,0.020514937485292702,1.0536322145041002,0.0216158321052205
ARWHGRGLFDY,UNK,K3-15,True,1,30,89,1,3.640825302279521e-06,0.000120064354494,0.0003414226198239,7.004468851127019e-06,False,False,False,False,False,False,False,False,False,False,False,False,False,1,2,False,0.3363636363636366,False,False,False,8.796192932128907,1377.5084,2,0.0003414226198239,0.0003414226198239,1486,289,False,289.0,False,False,False,False,0.020514937485292702,93.51929811889954,1.918598747180133
ARERNVQDVYSFDY,H1-69,K3-15,True,13,71,87,1,4.733072892963377e-05,0.0002841523056358,0.0003337502014009,7.004468851127019e-06,False,False,False,False,False,False,False,False,False,False,False,False,False,-1,-1,False,2.6714285714285717,False,False,False,4.558281326293945,1761.8447,2,0.0003337502014009,0.0003337502014009,399,290,False,290.0,False,False,False,True,0.020986531113437096,7.049959072176075,0.14795861849821343
ARERDASDVYAFDY,H1-69,K3-15,True,38,1599,80,1,0.0001383513614866,0.0063994300945306,0.0003068967369204,7.004468851127019e-06,False,False,False,False,False,False,False,False,False,True,False,False,False,-2,-2,False,3.021428571428572,False,False,False,4.226021194458009,1677.7251,2,0.0063994300945306,0.0003068967369204,367,292,False,292.0,False,False,False,True,0.02282279275265213,2.2180812159045016,0.05062445740536737
ARDRTDPYEFDY,H4-34,K3-20,True,11,184,80,1,4.004907832507473e-05,0.0007363947075632,0.0003068967369204,7.004468851127019e-06,False,False,False,False,True,False,False,False,False,True,False,False,False,-2,-2,False,3.5500000000000003,False,False,False,4.226021194458009,1547.5801,2,0.0007363947075632,0.0003068967369204,204,293,False,293.0,False,False,False,True,0.02282279275265213,7.661103294238797,0.17485347002461152
ARYLGRGLLDY,H5-51,K3-15,True,24,885,76,1,8.737980725470849e-05,0.0035418984575732,0.0002915519000744,7.004468851127019e-06,False,False,False,False,False,False,False,False,False,False,False,False,False,1,1,False,0.0454545454545457,False,False,False,8.632579040527343,1296.4738,2,0.0035418984575732,0.0002915519000744,1569,296,False,296.0,False,False,False,True,0.024023951172425603,3.3362231733116845,0.0801520116723867
AREPGPSAGDEFDY,H4-34,K3-15,True,39,937,75,1,0.0001419921867889,0.0037500100053628,0.0002877156908629,7.004468851127019e-06,False,False,False,False,False,False,False,False,False,True,False,False,False,-3,-3,False,3.928571428571429,False,False,False,4.050025558471679,1510.5169,1,0.0037500100053628,0.0002877156908629,287,297,False,297.0,False,False,False,True,0.02434425938858764,2.0261356347322823,0.049326485806446344
ARERLGTYDFDY,H1-69,K3-15,True,18,508,72,1,6.553485544103138e-05,0.0020330897360985,0.0002762070632284,7.004468851127019e-06,False,False,False,False,False,False,False,False,False,True,False,False,False,-1,-1,False,2.2500000000000004,False,False,False,4.558281326293945,1505.5864,2,0.0020330897360985,0.0002762070632284,378,300,False,300.0,False,False,False,True,0.02535856680705899,4.214015903611149,0.10686527270517389
ARERDEVYGFDY,H1-69,K3-20,True,17,989,71,1,6.189403013875185e-05,0.0039581215531524,0.0002723708540168,7.004468851127019e-06,False,False,False,False,False,False,False,False,False,True,False,False,False,-2,-2,False,2.9250000000000003,False,False,False,4.316753768920899,1519.5699,2,0.0039581215531524,0.0002723708540168,358,301,False,301.0,False,False,False,True,0.02571571660721423,4.399888882941988,0.11315044974337189
ARINKWSYEGAHAFDP,UNK,K3-15,True,3,22,71,1,1.092247590683856e-05,8.804719329560644e-05,0.0002723708540168,7.004468851127019e-06,False,False,False,False,True,False,False,False,False,False,False,False,False,0,1,False,1.76875,False,False,False,6.795363235473633,1862.0086,1,0.0002723708540168,0.0002723708540168,867,302,False,302.0,False,False,False,False,0.02571571660721423,24.913922183576428,0.6407028847642403
ARSLGVYPYYAFDY,H5-51,K3-15,True,1,21,67,1,3.640825302279521e-06,8.404504814580615e-05,0.0002570260171708,7.004468851127019e-06,False,False,False,False,False,False,False,False,False,False,False,False,False,0,0,False,0.2142857142857144,False,False,False,5.877711868286132,1684.8431999999998,1,0.0002570260171708,0.0002570260171708,1196,304,False,304.0,False,False,False,False,0.02725092354069804,70.4021682468117,1.918598747180133
ARSLGVYPYYAFDY,UNK,K3-20,True,1,16,67,1,3.640825302279521e-06,6.403432239680469e-05,0.0002570260171708,7.004468851127019e-06,False,False,False,False,False,False,False,False,False,False,False,False,False,0,0,False,0.2142857142857144,False,False,False,5.877711868286132,1684.8431999999998,1,0.0002570260171708,0.0002570260171708,1196,305,False,305.0,False,False,False,False,0.02725092354069804,70.4021682468117,1.918598747180133
ARERPSYDIYGFDY,H1-69,K1-39,True,14,91,66,1,5.097155423191329e-05,0.0003641952086318,0.0002531898079593,7.004468851127019e-06,False,False,False,False,False,False,False,False,False,False,False,False,False,-1,-1,False,2.1214285714285714,False,False,False,4.558281326293945,1751.8482,2,0.0003641952086318,0.0002531898079593,373,306,False,306.0,False,False,False,True,0.02766380001462298,4.966302259196503,0.1373922187476658
ARLVTYGRFDY,H5-51,UNK,True,4,13,66,1,1.4563301209118084e-05,5.202788694740381e-05,0.0002531898079593,7.004468851127019e-06,False,False,False,False,False,False,False,False,False,False,False,False,False,1,1,False,0.5000000000000001,False,False,False,8.632579040527343,1360.5159999999998,2,0.0002531898079593,0.0002531898079593,1044,307,False,307.0,False,False,False,False,0.02766380001462298,17.3735383854474,0.48063707396266053
ARGPYRTGTYGYLGFDY,H3-23_A,K3-15,True,68,409,65,1,0.000247576120555,0.0016368773662683,0.0002493535987478,7.004468851127019e-06,False,False,False,False,False,False,False,False,False,False,False,False,False,1,1,False,1.7529411764705884,False,False,False,8.472544860839843,1957.1044,2,0.0016368773662683,0.0002493535987478,609,308,False,308.0,False,False,False,True,0.028089379870600763,1.0071388419869334,0.02829104004467412
ARERKGLYDFDY,H4-34,K3-20,True,5,386,61,1,1.8204126511397604e-05,0.0015448280278229,0.0002340087619018,7.004468851127019e-06,False,False,False,False,False,False,False,False,False,True,False,False,False,0,0,False,2.291666666666667,False,False,False,6.164375686645509,1532.6548,2,0.0015448280278229,0.0002340087619018,388,312,False,312.0,False,False,False,True,0.02993122771099125,12.847652164673805,0.3845624354669947
ARERAPIDVYGFDY,H1-69,K3-15,True,16,98,59,1,5.8253204836472334e-05,0.0003922102246804,0.0002263363434788,7.004468851127019e-06,False,False,False,False,False,False,False,False,False,False,False,False,False,-1,-1,False,1.6785714285714286,False,False,False,4.558281326293945,1671.8066,2,0.0003922102246804,0.0002263363434788,363,313,False,313.0,False,False,False,True,0.030945800773596634,3.88472182596305,0.12022113906686906
ARERAAYDPYGFDY,H1-69,K1-39,True,6,62,59,1,2.1844951813677123e-05,0.0002481329992876,0.0002263363434788,7.004468851127019e-06,False,False,False,False,True,False,False,False,False,False,False,False,False,-1,-1,False,2.5285714285714285,False,False,False,4.558281326293945,1693.7691,2,0.0002481329992876,0.0002263363434788,271,314,False,314.0,False,False,False,True,0.030945800773596634,10.35629569941013,0.320498023095321
ARERGDLYDFDY,H1-69,K4-1,True,2,20,59,1,7.281650604559042e-06,8.004290299600585e-05,0.0002263363434788,7.004468851127019e-06,False,False,False,False,False,False,False,False,False,True,False,False,False,-2,-2,False,2.65,False,False,False,4.226021194458009,1519.5699,2,0.0002263363434788,0.0002263363434788,171,315,False,315.0,True,True,False,False,0.030945800773596634,31.0404811960251,0.9606149870575992
ARERSSLYDFDY,H1-69,K3-20,True,5,83,58,1,1.8204126511397604e-05,0.0003321780474334,0.0002225001342673,7.004468851127019e-06,False,False,False,False,False,False,False,False,False,True,False,False,False,-1,-1,False,2.4250000000000003,False,False,False,4.558281326293945,1521.5858,2,0.0003321780474334,0.0002225001342673,396,316,False,316.0,False,False,False,False,0.03147932508418962,12.215800418870986,0.3845624354669947
ARLAHGYRFDY,UNK,K3-15,True,1,26,58,1,3.640825302279521e-06,0.0001040557738948,0.0002225001342673,7.004468851127019e-06,False,False,False,False,False,False,False,False,False,False,False,False,False,1,2,False,0.7454545454545457,False,False,False,8.638685607910158,1368.4983,2,0.0002225001342673,0.0002225001342673,935,317,False,317.0,False,False,False,False,0.03147932508418962,60.945160571877885,1.918598747180133
ARPPHYSGFYWFDP,UNK,K1-39,True,3,38,56,1,1.092247590683856e-05,0.0001520815156924,0.0002148277158443,7.004468851127019e-06,False,False,False,True,True,False,False,False,False,False,False,False,False,0,1,False,0.3357142857142859,False,False,False,6.787184524536133,1739.8837,1,0.0002148277158443,0.0002148277158443,1104,318,False,318.0,False,False,False,False,0.032603534363600244,19.650417496911146,0.6407028847642403
ARVYPGYSSVSYHFDP,H3-23_A,K3-15,True,34,51,55,1,0.0001237880602775,0.0002041094026398,0.0002109915066328,7.004468851127019e-06,False,False,False,True,True,False,False,False,False,False,False,False,False,0,1,False,1.59375,False,False,False,6.786059951782226,1844.9746,1,0.0002109915066328,0.0002109915066328,1470,321,False,321.0,False,False,False,True,0.03319629780329815,1.7043199720565185,0.05657979483221406
AREPYVYIDEDAFDI,H1-69,K3-20,True,20,820,54,1,7.281650604559042e-05,0.0032817590228362,0.0002071552974213,7.004468851127019e-06,False,False,False,False,False,False,False,False,False,True,False,False,False,-4,-4,False,1.56,False,False,False,4.050025558471679,1815.9286,1,0.0032817590228362,0.0002071552974213,356,322,False,322.0,False,False,False,True,0.03381101438472312,2.844504132762018,0.09618021282995677
ARESGTGLGYPPFDP,H1-69,K1-39,True,30,503,54,1,0.0001092247590683,0.0020130790103495,0.0002071552974213,7.004468851127019e-06,False,False,False,False,True,False,False,False,False,False,False,False,False,-1,-1,False,2.5933333333333337,False,False,False,4.370375442504883,1563.6655999999998,1,0.0020130790103495,0.0002071552974213,426,323,False,323.0,False,False,False,True,0.03381101438472312,1.8964228894556752,0.06412307685640074
AREREDLYGFDY,H1-69,K3-20,True,17,326,53,1,6.189403013875185e-05,0.0013046993188348,0.0002033190882097,7.004468851127019e-06,False,False,False,False,False,False,False,False,False,True,False,False,False,-2,-2,False,2.466666666666667,False,False,False,4.316753768920899,1533.5965,2,0.0013046993188348,0.0002033190882097,376,324,False,324.0,False,False,False,True,0.03444892667744164,3.2844240957168718,0.11315044974337189
ARESTWLDPFDY,H4-34,K1-39,True,1,22,53,1,3.640825302279521e-06,8.804719329560644e-05,0.0002033190882097,7.004468851127019e-06,False,False,False,False,True,False,False,False,False,False,False,False,False,-2,-2,False,1.4666666666666668,False,False,False,4.050025558471679,1499.5786,1,0.0002033190882097,0.0002033190882097,436,326,False,326.0,False,False,False,False,0.03444892667744164,55.69126741910948,1.918598747180133
ARERIDAYDFDY,H4-34,K1-39,True,2,37,52,1,7.281650604559042e-06,0.0001480793705426,0.0001994828789982,7.004468851127019e-06,False,False,False,False,False,False,False,False,False,True,False,False,False,-2,-2,False,2.45,False,False,False,4.226021194458009,1533.5965,2,0.0001994828789982,0.0001994828789982,393,327,False,327.0,False,False,False,False,0.03511137282845178,27.357712240555664,0.9606149870575992
ARNNYWSYTDAFDY,H1-69,K3-15,True,3,132,51,1,1.092247590683856e-05,0.0005282831597736,0.0001956466697867,7.004468851127019e-06,False,False,True,False,False,False,False,False,False,False,False,False,False,-1,-1,False,2.085714285714286,False,False,False,4.207874679565429,1785.8212999999998,1,0.0005282831597736,0.0001956466697867,1063,328,False,328.0,False,False,False,True,0.0357997959321454,17.895915934680243,0.6407028847642403
ARDYDVYTNEHFDY,H1-69,K3-20,True,9,326,50,1,3.276742772051569e-05,0.0013046993188348,0.0001918104605752,7.004468851127019e-06,False,False,False,False,False,False,False,False,False,True,False,False,False,-3,-2,False,2.842857142857143,False,False,False,4.2192737579345705,1807.8253,1,0.0013046993188348,0.0001918104605752,252,329,False,329.0,False,False,False,True,0.036515754524429546,5.8519070566096945,0.21369794209759962
AREGTWLDPFDY,H5-51,K1-39,True,1,5,50,1,3.640825302279521e-06,2.0010725749001463e-05,0.0001918104605752,7.004468851127019e-06,False,False,False,False,True,False,False,False,False,False,False,False,False,-2,-2,False,1.4,False,False,False,4.050025558471679,1469.5526,1,0.0001918104605752,0.0001918104605752,313,332,False,332.0,False,False,False,False,0.036515754524429546,52.538931527464875,1.918598747180133
ARWHGRGLFDY,H5-51,K1-39,True,1,18,47,1,3.640825302279521e-06,7.203861269640528e-05,0.0001803018329407,7.004468851127019e-06,False,False,False,False,False,False,False,False,False,False,False,False,False,1,2,False,0.3363636363636366,False,False,False,8.796192932128907,1377.5084,2,0.0001803018329407,0.0001803018329407,1486,335,False,335.0,False,False,False,False,0.03884641810185919,49.38659563582027,1.918598747180133
ARERGDLYDFDY,H4-34,K3-20,True,4,36,46,1,1.4563301209118084e-05,0.0001440772253928,0.0001764656237292,7.004468851127019e-06,False,False,False,False,False,False,False,False,False,True,False,False,False,-2,-2,False,2.65,False,False,False,4.226021194458009,1519.5699,2,0.0001764656237292,0.0001764656237292,171,336,False,336.0,True,False,False,False,0.039690857598980944,12.108829783796047,0.48063707396266053
ARWHGRGLFDY,H5-51,K3-20,True,3,21,46,1,1.092247590683856e-05,8.404504814580615e-05,0.0001764656237292,7.004468851127019e-06,False,False,False,False,False,False,False,False,False,False,False,False,False,1,2,False,0.3363636363636366,False,False,False,8.796192932128907,1377.5084,2,0.0001764656237292,0.0001764656237292,1486,337,False,337.0,False,False,False,False,0.039690857598980944,16.14141437245848,0.6407028847642403
AREKADAYDFDY,H4-34,K3-20,True,6,302,45,1,2.1844951813677123e-05,0.0012086478352396,0.0001726294145177,7.004468851127019e-06,False,False,False,False,False,False,False,False,False,True,False,False,False,-2,-2,False,3.4166666666666665,False,False,False,4.226021194458009,1463.5033999999998,1,0.0012086478352396,0.0001726294145177,328,339,False,339.0,False,False,False,True,0.040572825566486614,7.898869601243695,0.320498023095321
AREGLDNYDFDY,H1-69,K4-1,True,12,239,45,1,4.3689903627354246e-05,0.0009565126908022,0.0001726294145177,7.004468851127019e-06,False,False,False,False,False,False,False,False,False,True,False,False,False,-3,-3,False,2.8833333333333333,False,False,False,4.050025558471679,1477.4868,1,0.0009565126908022,0.0001726294145177,302,340,False,340.0,False,False,False,False,0.040572825566486614,3.950338563438878,0.1602856818828892
ARWHGRGLFDY,H1-69,K3-15,True,1,18,45,1,3.640825302279521e-06,7.203861269640528e-05,0.0001726294145177,7.004468851127019e-06,False,False,False,False,False,False,False,False,False,False,False,False,False,1,2,False,0.3363636363636366,False,False,False,8.796192932128907,1377.5084,2,0.0001726294145177,0.0001726294145177,1486,341,False,341.0,False,False,False,False,0.040572825566486614,47.28503837472387,1.918598747180133
ARERVDLYDFDY,H1-69,K3-15,True,2,48,44,1,7.281650604559042e-06,0.0001921029671904,0.0001687932053062,7.004468851127019e-06,False,False,False,False,False,False,False,False,False,True,False,False,False,-2,-2,False,1.866666666666667,False,False,False,4.226021194458009,1561.6496,2,0.0001921029671904,0.0001687932053062,418,344,False,344.0,False,False,False,False,0.04149488061213818,23.14883343432055,0.9606149870575992
ARLVTYGRFDY,H3-23_A,K3-15,True,4,2,44,1,1.4563301209118084e-05,8.004290299600586e-06,0.0001687932053062,7.004468851127019e-06,False,False,False,False,False,False,False,False,False,False,False,False,False,1,1,False,0.5000000000000001,False,False,False,8.632579040527343,1360.5159999999998,2,0.0001687932053062,0.0001687932053062,1044,345,False,345.0,False,False,False,False,0.04149488061213818,11.582358923631599,0.48063707396266053
AREGDAGDAYDFDY,H1-69,K1-39,True,30,218,42,1,0.0001092247590683,0.0008724676426564,0.0001611207868832,7.004468851127019e-06,False,False,False,False,False,False,False,False,False,True,False,False,False,-4,-4,False,4.05,False,False,False,4.050025558471679,1564.5211,1,0.0008724676426564,0.0001611207868832,290,346,False,346.0,False,False,False,True,0.04347070467796075,1.4749955806874422,0.06412307685640074
ARERGDVYEFDY,H1-69,K1-39,True,9,146,42,1,3.276742772051569e-05,0.0005843131918708,0.0001611207868832,7.004468851127019e-06,False,False,False,False,False,False,False,False,False,True,False,False,False,-2,-2,False,2.9250000000000003,False,False,False,4.316753768920899,1519.5699,2,0.0005843131918708,0.0001611207868832,384,347,False,347.0,False,False,False,True,0.04347070467796075,4.91560192755312,0.21369794209759962
ARERGSTYDFDY,H4-34,K1-39,True,2,64,42,1,7.281650604559042e-06,0.0002561372895872,0.0001611207868832,7.004468851127019e-06,False,False,False,False,False,False,False,False,False,True,False,False,False,-1,-1,False,3.5583333333333336,False,False,False,4.558281326293945,1479.5060999999998,2,0.0002561372895872,0.0001611207868832,378,348,False,348.0,False,False,False,False,0.04347070467796075,22.096613732761774,0.9606149870575992
AREGAGPSGDEFDY,H4-34,K1-39,True,1,48,42,1,3.640825302279521e-06,0.0001921029671904,0.0001611207868832,7.004468851127019e-06,False,False,False,False,False,False,False,False,False,True,False,False,False,-3,-3,False,4.185714285714286,False,False,False,4.050025558471679,1470.453,1,0.0001921029671904,0.0001611207868832,287,349,False,349.0,False,False,False,False,0.04347070467796075,44.132702483079264,1.918598747180133
ARTTDYSTTDAFDY,H3-23_A,K3-15,True,4,14,42,1,1.4563301209118084e-05,5.60300320972041e-05,0.0001611207868832,7.004468851127019e-06,False,False,False,False,False,False,False,False,False,False,False,False,False,-2,-2,False,3.7642857142857142,False,False,False,4.050025558471679,1626.6321,1,0.0001611207868832,0.0001611207868832,1294,350,False,350.0,True,False,False,False,0.04347070467796075,11.055888063467151,0.48063707396266053
ARERSSPYDFDY,H4-34,K3-20,True,129,923,41,1,0.000469666463994,0.0036939799732656,0.0001572845776717,7.004468851127019e-06,False,False,False,False,False,False,False,False,False,True,False,False,False,-1,-1,False,3.3666666666666667,False,False,False,4.558281326293945,1505.5434,2,0.0036939799732656,0.0001572845776717,365,351,False,351.0,False,False,False,True,0.04453089836158569,0.3348785594538739,0.014913391213097914
ARERSSLYDFDY,H4-34,UNK,True,3,25,41,1,1.092247590683856e-05,0.000100053628745,0.0001572845776717,7.004468851127019e-06,False,False,False,False,False,False,False,False,False,True,False,False,False,-1,-1,False,2.4250000000000003,False,False,False,4.558281326293945,1521.5858,2,0.0001572845776717,0.0001572845776717,396,352,False,352.0,False,False,False,False,0.04453089836158569,14.386912810236721,0.6407028847642403
ARERSSLYDFDY,H5-51,K3-20,True,1,16,41,1,3.640825302279521e-06,6.403432239680469e-05,0.0001572845776717,7.004468851127019e-06,False,False,False,False,False,False,False,False,False,True,False,False,False,-1,-1,False,2.4250000000000003,False,False,False,4.558281326293945,1521.5858,2,0.0001572845776717,0.0001572845776717,396,353,False,353.0,False,False,False,False,0.04453089836158569,43.081923852531055,1.918598747180133
AREGVAGHEYAEDAFDI,H1-69,K3-15,True,42,226,40,1,0.0001529146626957,0.0009044848038548,0.0001534483684602,7.004468851127019e-06,False,False,False,False,False,False,False,False,False,True,False,False,False,-4,-3,False,2.747058823529412,False,False,False,4.17260398864746,1849.9069,1,0.0009044848038548,0.0001534483684602,315,354,False,354.0,False,False,False,True,0.04564409827505532,1.0034245997687248,0.04580339578753881
ARESVDPYDFDY,H1-69,K3-20,True,1,18,40,1,3.640825302279521e-06,7.203861269640528e-05,0.0001534483684602,7.004468851127019e-06,False,False,False,False,True,False,False,False,False,True,False,False,False,-3,-3,False,3.0,False,False,False,4.050025558471679,1476.4987999999998,1,0.0001534483684602,0.0001534483684602,440,358,False,358.0,False,False,False,False,0.04564409827505532,42.031145221982854,1.918598747180133
ARDLIRGWVYAEDAFDI,H1-69,K3-20,True,1,10,40,1,3.640825302279521e-06,4.002145149800293e-05,0.0001534483684602,7.004468851127019e-06,False,False,False,False,False,False,False,False,False,True,False,False,False,-2,-2,False,0.4823529411764707,False,False,False,4.226021194458009,2010.2086,2,0.0001534483684602,0.0001534483684602,121,359,False,359.0,False,False,False,False,0.04564409827505532,42.031145221982854,1.918598747180133
ARHVPYWFPYGQYGFDY,UNK,K3-15,True,2,7,39,1,7.281650604559042e-06,2.801501604860205e-05,0.0001496121592487,7.004468851127019e-06,False,False,False,True,False,False,False,False,False,False,False,False,False,0,1,False,0.0176470588235295,False,False,False,6.78493537902832,2166.3491,1,0.0001496121592487,0.0001496121592487,811,361,False,361.0,False,False,False,False,0.046814381548152116,20.518284180423606,0.9606149870575992
ARERESTYDFDY,UNK,K1-39,True,1,19,38,1,3.640825302279521e-06,7.604075784620556e-05,0.0001457759500372,7.004468851127019e-06,False,False,False,False,False,False,False,False,False,True,False,False,False,-2,-2,False,3.733333333333334,False,False,False,4.316753768920899,1551.5688,2,0.0001457759500372,0.0001457759500372,378,362,False,362.0,False,False,False,False,0.048046254452776126,39.92958796088646,1.918598747180133
ARPPHYSGFYWFDP,H3-23_A,K3-15,True,1,19,38,1,3.640825302279521e-06,7.604075784620556e-05,0.0001457759500372,7.004468851127019e-06,False,False,False,True,True,False,False,False,False,False,False,False,False,0,1,False,0.3357142857142859,False,False,False,6.787184524536133,1739.8837,1,0.0001457759500372,0.0001457759500372,1104,363,False,363.0,False,False,False,False,0.048046254452776126,39.92958796088646,1.918598747180133
AREGEREGYPFDY,H3-23_A,K3-20,True,4,11,38,1,1.4563301209118084e-05,4.402359664780322e-05,0.0001457759500372,7.004468851127019e-06,False,False,False,False,False,False,False,False,False,True,False,False,False,-2,-2,False,3.4153846153846152,False,False,False,4.407384109497071,1588.6319999999998,2,0.0001457759500372,0.0001457759500372,298,364,False,364.0,True,False,False,False,0.048046254452776126,10.002946343138253,0.48063707396266053
ARINKWSYEGAHAFDP,H1-69,K3-15,True,1,6,38,1,3.640825302279521e-06,2.401287089880176e-05,0.0001457759500372,7.004468851127019e-06,False,False,False,False,True,False,False,False,False,False,False,False,False,0,1,False,1.76875,False,False,False,6.795363235473633,1862.0086,1,0.0001457759500372,0.0001457759500372,867,365,False,365.0,False,False,False,False,0.048046254452776126,39.92958796088646,1.918598747180133
ARERQIGDPYGFDY,H1-69,K1-39,True,16,149,37,1,5.8253204836472334e-05,0.0005963196273202,0.0001419397408257,7.004468851127019e-06,False,False,False,False,True,False,False,False,False,False,False,False,False,-1,-1,False,2.628571428571429,False,False,False,4.558281326293945,1686.7782,2,0.0005963196273202,0.0001419397408257,379,366,False,366.0,False,False,False,True,0.04934471039103765,2.4361814840787264,0.12022113906686906
ARERESTYDFDY,H5-51,K1-39,True,1,7,37,1,3.640825302279521e-06,2.801501604860205e-05,0.0001419397408257,7.004468851127019e-06,False,False,False,False,False,False,False,False,False,True,False,False,False,-2,-2,False,3.733333333333334,False,False,False,4.316753768920899,1551.5688,2,0.0001419397408257,0.0001419397408257,378,367,False,367.0,False,False,False,False,0.04934471039103765,38.87880933033825,1.918598747180133
ARESSYGDEI,H4-34,K3-15,True,1,28,36,1,3.640825302279521e-06,0.0001120600641944,0.0001381035316142,7.004468851127019e-06,False,False,False,False,False,False,False,False,False,True,False,False,False,-2,-2,False,4.07,False,False,False,4.137435531616211,1126.131,1,0.0001381035316142,0.0001381035316142,435,368,False,368.0,False,False,False,False,0.05071529754733215,37.82803069979005,1.918598747180133
ARESVDPYDFDY,H4-34,UNK,True,1,13,36,1,3.640825302279521e-06,5.202788694740381e-05,0.0001381035316142,7.004468851127019e-06,False,False,False,False,True,False,False,False,False,True,False,False,False,-3,-3,False,3.0,False,False,False,4.050025558471679,1476.4987999999998,1,0.0001381035316142,0.0001381035316142,440,370,False,370.0,False,False,False,False,0.05071529754733215,37.82803069979005,1.918598747180133
ARKIIGRYIGSAYHFDY,H4-34,K1-39,True,1,6,36,1,3.640825302279521e-06,2.401287089880176e-05,0.0001381035316142,7.004468851127019e-06,False,False,False,True,False,False,False,False,False,False,False,False,False,2,3,False,0.5529411764705884,False,False,False,9.52582244873047,2030.2876,2,0.0001381035316142,0.0001381035316142,900,371,False,371.0,False,False,False,False,0.05071529754733215,37.82803069979005,1.918598747180133
ARSGYSEYLGYQFDY,H4-34,K3-15,True,3,370,35,1,1.092247590683856e-05,0.0014807937054261,0.0001342673224026,7.004468851127019e-06,False,False,False,False,False,False,False,False,False,False,False,False,False,-1,-1,False,1.9,False,False,False,4.370324325561524,1818.8909,1,0.0014807937054261,0.0001342673224026,1178,372,False,372.0,False,False,False,True,0.05216419813708909,12.281510935561466,0.6407028847642403
AREGTWLDPFDY,H4-34,K3-20,True,18,23,35,1,6.553485544103138e-05,9.204933844540674e-05,0.0001342673224026,7.004468851127019e-06,False,False,False,False,True,False,False,False,False,False,False,False,False,-2,-2,False,1.4,False,False,False,4.050025558471679,1469.5526,1,0.0001342673224026,0.0001342673224026,313,373,False,373.0,False,False,False,False,0.05216419813708909,2.048479953142868,0.10686527270517389
ARLAHGYRFDY,H1-69,K3-15,True,1,13,35,1,3.640825302279521e-06,5.202788694740381e-05,0.0001342673224026,7.004468851127019e-06,False,False,False,False,False,False,False,False,False,False,False,False,False,1,2,False,0.7454545454545457,False,False,False,8.638685607910158,1368.4983,2,0.0001342673224026,0.0001342673224026,935,375,False,375.0,False,False,False,False,0.05216419813708909,36.77725206921446,1.918598747180133
AREPGPDRYGPSDFDI,H1-69,K1-39,True,3,64,34,1,1.092247590683856e-05,0.0002561372895872,0.0001304311131911,7.004468851127019e-06,False,False,False,False,False,False,False,False,False,True,False,False,False,-2,-2,False,3.3375,False,False,False,4.226021194458009,1791.8709,2,0.0002561372895872,0.0001304311131911,340,376,False,376.0,False,False,False,False,0.05369832163932295,11.930610623117111,0.6407028847642403
ARERSSLYDFDY,H4-34,K3-15,True,3,62,34,1,1.092247590683856e-05,0.0002481329992876,0.0001304311131911,7.004468851127019e-06,False,False,False,False,False,False,False,False,False,True,False,False,False,-1,-1,False,2.4250000000000003,False,False,False,4.558281326293945,1521.5858,2,0.0002481329992876,0.0001304311131911,396,377,False,377.0,False,False,False,False,0.05369832163932295,11.930610623117111,0.6407028847642403
ARERDELYDFDY,H5-51,K1-39,True,1,5,34,1,3.640825302279521e-06,2.0010725749001463e-05,0.0001304311131911,7.004468851127019e-06,False,False,False,False,False,False,False,False,False,True,False,False,False,-3,-3,False,2.825,False,False,False,4.105078506469726,1591.6326,2,0.0001304311131911,0.0001304311131911,360,378,False,378.0,False,False,False,False,0.05369832163932295,35.726473438666254,1.918598747180133
ARERESVYDFDY,H4-34,K3-15,True,2,27,33,1,7.281650604559042e-06,0.0001080579190446,0.0001265949039796,7.004468851127019e-06,False,False,False,False,False,False,False,False,False,True,False,False,False,-2,-2,False,2.9916666666666667,False,False,False,4.316753768920899,1549.5959,2,0.0001265949039796,0.0001265949039796,380,379,False,379.0,False,False,False,False,0.05532541497962557,17.361625075733556,0.9606149870575992
ARPPHYSGFYWFDP,H1-69,K1-39,True,2,22,33,1,7.281650604559042e-06,8.804719329560644e-05,0.0001265949039796,7.004468851127019e-06,False,False,False,True,True,False,False,False,False,False,False,False,False,0,1,False,0.3357142857142859,False,False,False,6.787184524536133,1739.8837,1,0.0001265949039796,0.0001265949039796,1104,380,False,380.0,False,False,False,False,0.05532541497962557,17.361625075733556,0.9606149870575992
ARVATSGVRIALGFDP,H3-23_A,K1-39,True,2,19,33,1,7.281650604559042e-06,7.604075784620556e-05,0.0001265949039796,7.004468851127019e-06,False,False,False,False,True,False,False,False,False,False,False,False,False,1,1,False,1.00625,False,False,False,9.643601989746092,1629.8578,2,0.0001265949039796,0.0001265949039796,1320,381,False,381.0,False,False,False,False,0.05532541497962557,17.361625075733556,0.9606149870575992
ARDREDPYDFDY,H4-34,K4-1,True,1,12,33,1,3.640825302279521e-06,4.802574179760352e-05,0.0001265949039796,7.004468851127019e-06,False,False,False,False,True,False,False,False,False,True,False,False,False,-3,-3,False,3.95,False,False,False,4.050025558471679,1561.5636,2,0.0001265949039796,0.0001265949039796,164,382,False,382.0,False,False,False,False,0.05532541497962557,34.67569480811805,1.918598747180133
ARVILSGYGVQRGFDP,UNK,K4-1,True,2,11,33,1,7.281650604559042e-06,4.402359664780322e-05,0.0001265949039796,7.004468851127019e-06,False,False,False,False,True,False,False,False,False,False,False,False,False,1,1,False,1.0312500000000002,False,False,False,8.79022674560547,1734.9518,2,0.0001265949039796,0.0001265949039796,1347,383,False,383.0,False,False,False,False,0.05532541497962557,17.361625075733556,0.9606149870575992
AREGEDAYDFDY,UNK,K1-39,True,1,10,33,1,3.640825302279521e-06,4.002145149800293e-05,0.0001265949039796,7.004468851127019e-06,False,False,False,False,False,False,False,False,False,True,False,False,False,-4,-4,False,3.891666666666667,False,False,False,4.050025558471679,1450.4185,1,0.0001265949039796,0.0001265949039796,295,384,False,384.0,False,False,False,False,0.05532541497962557,34.67569480811805,1.918598747180133
ARERESTYDFDY,H1-69,K3-15,True,2,8,33,1,7.281650604559042e-06,3.2017161198402346e-05,0.0001265949039796,7.004468851127019e-06,False,False,False,False,False,False,False,False,False,True,False,False,False,-2,-2,False,3.733333333333334,False,False,False,4.316753768920899,1551.5688,2,0.0001265949039796,0.0001265949039796,378,385,False,385.0,False,False,False,False,0.05532541497962557,17.361625075733556,0.9606149870575992
ARHVPYWFPYGQYGFDY,H1-69,K3-15,True,2,5,33,1,7.281650604559042e-06,2.0010725749001463e-05,0.0001265949039796,7.004468851127019e-06,False,False,False,True,False,False,False,False,False,False,False,False,False,0,1,False,0.0176470588235295,False,False,False,6.78493537902832,2166.3491,1,0.0001265949039796,0.0001265949039796,811,387,False,387.0,False,False,False,False,0.05532541497962557,17.361625075733556,0.9606149870575992
AREVYDAYLGYAFDY,H1-69,K3-15,True,8,80,32,1,2.9126602418236167e-05,0.000320171611984,0.0001227586947681,7.004468851127019e-06,False,False,False,False,False,False,False,False,False,False,False,False,False,-2,-2,False,0.9533333333333336,False,False,False,4.050025558471679,1815.9300000000003,1,0.000320171611984,0.0001227586947681,451,388,False,388.0,False,False,False,False,0.057054193370369266,4.213212405687602,0.2404010169264974
ARERVDLYDFDY,H4-34,K1-39,True,1,61,32,1,3.640825302279521e-06,0.0002441308541378,0.0001227586947681,7.004468851127019e-06,False,False,False,False,False,False,False,False,False,True,False,False,False,-2,-2,False,1.866666666666667,False,False,False,4.226021194458009,1561.6496,2,0.0002441308541378,0.0001227586947681,418,389,False,389.0,False,False,False,False,0.057054193370369266,33.62491617756985,1.918598747180133
AREHSSLSESDFDY,H4-34,K1-39,True,1,30,32,1,3.640825302279521e-06,0.000120064354494,0.0001227586947681,7.004468851127019e-06,False,False,False,False,False,False,False,False,False,True,False,False,False,-3,-2,False,3.5500000000000003,False,False,False,4.308268356323242,1642.6347999999998,1,0.0001227586947681,0.0001227586947681,322,390,False,390.0,False,False,False,False,0.057054193370369266,33.62491617756985,1.918598747180133
ARWHGRGLFDY,H4-34,K3-15,True,2,13,32,1,7.281650604559042e-06,5.202788694740381e-05,0.0001227586947681,7.004468851127019e-06,False,False,False,False,False,False,False,False,False,False,False,False,False,1,2,False,0.3363636363636366,False,False,False,8.796192932128907,1377.5084,2,0.0001227586947681,0.0001227586947681,1486,391,False,391.0,False,False,False,False,0.057054193370369266,16.835515224954168,0.9606149870575992
AREARHWYEFDY,H1-69,K3-20,True,4,193,31,1,1.4563301209118084e-05,0.0007724140139114,0.0001189224855566,7.004468851127019e-06,False,False,False,True,False,False,False,False,False,True,False,False,False,-1,0,False,1.4416666666666669,False,False,False,5.447204971313476,1642.7273,2,0.0007724140139114,0.0001189224855566,267,392,False,392.0,False,False,False,True,0.05889449647290513,8.160298332555818,0.48063707396266053
ARTARLEGYEFDY,H1-69,K3-20,True,5,167,31,1,1.8204126511397604e-05,0.0006683582400166,0.0001189224855566,7.004468851127019e-06,False,False,False,False,False,False,False,False,False,True,False,False,False,-1,-1,False,2.069230769230769,False,False,False,4.6793262481689455,1590.6908999999998,2,0.0006683582400166,0.0001189224855566,1249,393,False,393.0,False,False,False,True,0.05889449647290513,6.529134706634627,0.3845624354669947
ARESSYGDEI,H1-69,K1-39,True,1,49,31,1,3.640825302279521e-06,0.0001961051123402,0.0001189224855566,7.004468851127019e-06,False,False,False,False,False,False,False,False,False,True,False,False,False,-2,-2,False,4.07,False,False,False,4.137435531616211,1126.131,1,0.0001961051123402,0.0001189224855566,435,394,False,394.0,False,False,False,False,0.05889449647290513,32.57413754702165,1.918598747180133
ARERESVYDFDY,H1-69,K1-39,True,1,37,31,1,3.640825302279521e-06,0.0001480793705426,0.0001189224855566,7.004468851127019e-06,False,False,False,False,False,False,False,False,False,True,False,False,False,-2,-2,False,2.9916666666666667,False,False,False,4.316753768920899,1549.5959,2,0.0001480793705426,0.0001189224855566,380,395,False,395.0,False,False,False,False,0.05889449647290513,32.57413754702165,1.918598747180133
AREGEDAYDFDY,H1-69,K3-15,True,1,8,31,1,3.640825302279521e-06,3.2017161198402346e-05,0.0001189224855566,7.004468851127019e-06,False,False,False,False,False,False,False,False,False,True,False,False,False,-4,-4,False,3.891666666666667,False,False,False,4.050025558471679,1450.4185,1,0.0001189224855566,0.0001189224855566,295,396,False,396.0,False,False,False,False,0.05889449647290513,32.57413754702165,1.918598747180133
AREGEDAYDFDY,H4-34,K1-39,True,1,22,30,1,3.640825302279521e-06,8.804719329560644e-05,0.0001150862763451,7.004468851127019e-06,False,False,False,False,False,False,False,False,False,True,False,False,False,-4,-4,False,3.891666666666667,False,False,False,4.050025558471679,1450.4185,1,0.0001150862763451,0.0001150862763451,295,397,False,397.0,False,False,False,False,0.06085747578944348,31.52335891647345,1.918598747180133
ARDREDPYDFDY,H4-34,UNK,True,1,18,30,1,3.640825302279521e-06,7.203861269640528e-05,0.0001150862763451,7.004468851127019e-06,False,False,False,False,True,False,False,False,False,True,False,False,False,-3,-3,False,3.95,False,False,False,4.050025558471679,1561.5636,2,0.0001150862763451,0.0001150862763451,164,398,False,398.0,False,False,False,False,0.06085747578944348,31.52335891647345,1.918598747180133
ARESVDPYDFDY,H4-34,K3-15,True,2,18,29,1,7.281650604559042e-06,7.203861269640528e-05,0.0001112500671336,7.004468851127019e-06,False,False,False,False,True,False,False,False,False,True,False,False,False,-3,-3,False,3.0,False,False,False,4.050025558471679,1476.4987999999998,1,0.0001112500671336,0.0001112500671336,440,401,False,401.0,False,False,False,False,0.06295582082218341,15.257185672615998,0.9606149870575992
ARINKWSYEGAHAFDP,H5-51,K3-20,True,2,13,29,1,7.281650604559042e-06,5.202788694740381e-05,0.0001112500671336,7.004468851127019e-06,False,False,False,False,True,False,False,False,False,False,False,False,False,0,1,False,1.76875,False,False,False,6.795363235473633,1862.0086,1,0.0001112500671336,0.0001112500671336,867,402,False,402.0,False,False,False,False,0.06295582082218341,15.257185672615998,0.9606149870575992
ARSLGVYPYYAFDY,H5-51,UNK,True,1,13,29,1,3.640825302279521e-06,5.202788694740381e-05,0.0001112500671336,7.004468851127019e-06,False,False,False,False,False,False,False,False,False,False,False,False,False,0,0,False,0.2142857142857144,False,False,False,5.877711868286132,1684.8431999999998,1,0.0001112500671336,0.0001112500671336,1196,403,False,403.0,False,False,False,False,0.06295582082218341,30.472580285925243,1.918598747180133
ARSLGVYPYYAFDY,H5-51,K1-39,True,1,12,29,1,3.640825302279521e-06,4.802574179760352e-05,0.0001112500671336,7.004468851127019e-06,False,False,False,False,False,False,False,False,False,False,False,False,False,0,0,False,0.2142857142857144,False,False,False,5.877711868286132,1684.8431999999998,1,0.0001112500671336,0.0001112500671336,1196,404,False,404.0,False,False,False,False,0.06295582082218341,30.472580285925243,1.918598747180133
ARSLGVYPYYAFDY,H1-69,K3-20,True,1,10,29,1,3.640825302279521e-06,4.002145149800293e-05,0.0001112500671336,7.004468851127019e-06,False,False,False,False,False,False,False,False,False,False,False,False,False,0,0,False,0.2142857142857144,False,False,False,5.877711868286132,1684.8431999999998,1,0.0001112500671336,0.0001112500671336,1196,405,False,405.0,False,False,False,False,0.06295582082218341,30.472580285925243,1.918598747180133
AREETAYDPYGFDY,H4-34,K3-15,True,13,408,28,1,4.733072892963377e-05,0.0016328752211185,0.0001074138579221,7.004468851127019e-06,False,False,False,False,True,False,False,False,False,True,False,False,False,-3,-3,False,3.007142857142857,False,False,False,4.050025558471679,1696.7234,1,0.0016328752211185,0.0001074138579221,271,406,False,406.0,False,False,False,True,0.0652040336906017,2.268952345067555,0.14795861849821343
ARERGSTYDFDY,H5-51,K1-39,True,1,16,28,1,3.640825302279521e-06,6.403432239680469e-05,0.0001074138579221,7.004468851127019e-06,False,False,False,False,False,False,False,False,False,True,False,False,False,-1,-1,False,3.5583333333333336,False,False,False,4.558281326293945,1479.5060999999998,2,0.0001074138579221,0.0001074138579221,378,408,False,408.0,False,False,False,False,0.0652040336906017,29.421801655377045,1.918598747180133
AREHSYLSDEDFDY,H4-34,K3-15,True,2,13,28,1,7.281650604559042e-06,5.202788694740381e-05,0.0001074138579221,7.004468851127019e-06,False,False,False,False,False,False,False,False,False,True,False,False,False,-4,-3,False,3.2,False,False,False,4.100886917114257,1746.7407999999998,1,0.0001074138579221,0.0001074138579221,322,410,False,410.0,False,False,False,False,0.0652040336906017,14.73107582183661,0.9606149870575992
ARSLGVYPYYAFDY,H4-34,K3-20,True,1,7,28,1,3.640825302279521e-06,2.801501604860205e-05,0.0001074138579221,7.004468851127019e-06,False,False,False,False,False,False,False,False,False,False,False,False,False,0,0,False,0.2142857142857144,False,False,False,5.877711868286132,1684.8431999999998,1,0.0001074138579221,0.0001074138579221,1196,411,False,411.0,False,False,False,False,0.0652040336906017,29.421801655377045,1.918598747180133
ARERKYWYEFDY,H1-69,K3-15,True,1,6,28,1,3.640825302279521e-06,2.401287089880176e-05,0.0001074138579221,7.004468851127019e-06,False,False,False,True,False,False,False,False,False,True,False,False,False,0,0,False,1.4083333333333334,False,False,False,6.223569107055664,1725.8556,2,0.0001074138579221,0.0001074138579221,184,412,False,412.0,False,False,False,False,0.0652040336906017,29.421801655377045,1.918598747180133
ARERSSLYDFDY,UNK,K3-20,True,2,34,27,1,7.281650604559042e-06,0.0001360729350932,0.0001035776487106,7.004468851127019e-06,False,False,False,False,False,False,False,False,False,True,False,False,False,-1,-1,False,2.4250000000000003,False,False,False,4.558281326293945,1521.5858,2,0.0001360729350932,0.0001035776487106,396,413,False,413.0,False,False,False,False,0.06761876476891458,14.20496597105722,0.9606149870575992
ARVILSGYGVQRGFDP,H1-69,K4-1,True,2,16,27,1,7.281650604559042e-06,6.403432239680469e-05,0.0001035776487106,7.004468851127019e-06,False,False,False,False,True,False,False,False,False,False,False,False,False,1,1,False,1.0312500000000002,False,False,False,8.79022674560547,1734.9518,2,0.0001035776487106,0.0001035776487106,1347,415,False,415.0,False,False,False,False,0.06761876476891458,14.20496597105722,0.9606149870575992
ARLAHGYRFDY,H5-51,K1-39,True,1,11,27,1,3.640825302279521e-06,4.402359664780322e-05,0.0001035776487106,7.004468851127019e-06,False,False,False,False,False,False,False,False,False,False,False,False,False,1,2,False,0.7454545454545457,False,False,False,8.638685607910158,1368.4983,2,0.0001035776487106,0.0001035776487106,935,418,False,418.0,False,False,False,False,0.06761876476891458,28.37102302482884,1.918598747180133
ARINKWSYEGAHAFDP,H5-51,K1-39,True,1,9,27,1,3.640825302279521e-06,3.601930634820264e-05,0.0001035776487106,7.004468851127019e-06,False,False,False,False,True,False,False,False,False,False,False,False,False,0,1,False,1.76875,False,False,False,6.795363235473633,1862.0086,1,0.0001035776487106,0.0001035776487106,867,419,False,419.0,False,False,False,False,0.06761876476891458,28.37102302482884,1.918598747180133
ARERGSTYDFDY,UNK,K1-39,True,2,28,26,1,7.281650604559042e-06,0.0001120600641944,9.974143949914452e-05,7.004468851127019e-06,False,False,False,False,False,False,False,False,False,True,False,False,False,-1,-1,False,3.5583333333333336,False,False,False,4.558281326293945,1479.5060999999998,2,0.0001120600641944,9.974143949914452e-05,378,421,False,421.0,False,False,False,False,0.07021922577054229,13.678856120283937,0.9606149870575992
ARERESVYDFDY,H4-34,K3-20,True,1,28,26,1,3.640825302279521e-06,0.0001120600641944,9.974143949914452e-05,7.004468851127019e-06,False,False,False,False,False,False,False,False,False,True,False,False,False,-2,-2,False,2.9916666666666667,False,False,False,4.316753768920899,1549.5959,2,0.0001120600641944,9.974143949914452e-05,380,422,False,422.0,False,False,False,False,0.07021922577054229,27.320244394292835,1.918598747180133
ARERDAGDPYAFDY,H1-69,K3-15,True,12,712,24,1,4.3689903627354246e-05,0.0028495273466578,9.20690210761334e-05,7.004468851127019e-06,False,False,False,False,True,False,False,False,False,True,False,False,False,-2,-2,False,3.378571428571429,False,False,False,4.226021194458009,1645.6833,2,0.0028495273466578,9.20690210761334e-05,367,423,False,423.0,False,False,False,True,0.07607019242022064,2.10684723383468,0.1602856818828892
ARESSIEDPFDY,H4-34,K1-39,True,13,252,24,1,4.733072892963377e-05,0.0010085405777496,9.20690210761334e-05,7.004468851127019e-06,False,False,False,False,True,False,False,False,False,True,False,False,False,-3,-3,False,3.158333333333333,False,False,False,4.050025558471679,1428.4561,1,0.0010085405777496,9.20690210761334e-05,433,424,False,424.0,False,False,False,True,0.07607019242022064,1.9448162957731974,0.14795861849821343
ARERGSTYDFDY,H1-69,K3-15,True,1,27,24,1,3.640825302279521e-06,0.0001080579190446,9.20690210761334e-05,7.004468851127019e-06,False,False,False,False,False,False,False,False,False,True,False,False,False,-1,-1,False,3.5583333333333336,False,False,False,4.558281326293945,1479.5060999999998,2,0.0001080579190446,9.20690210761334e-05,378,425,False,425.0,False,False,False,False,0.07607019242022064,25.218687133193384,1.918598747180133
AREPLFSAPESAFDY,H1-69,K3-15,True,21,449,23,1,7.645733134786994e-05,0.0017969631722603,8.823281186462784e-05,7.004468851127019e-06,False,False,False,False,False,False,False,False,False,False,False,False,False,-2,-2,False,1.586666666666667,False,False,False,4.137435531616211,1699.8135000000002,1,0.0017969631722603,8.823281186462784e-05,346,426,False,426.0,False,False,False,True,0.07937721728396965,1.1538628367090995,0.09160080164510848
ARDRADAYDFDY,H4-34,K1-39,True,2,51,23,1,7.281650604559042e-06,0.0002041094026398,8.823281186462784e-05,7.004468851127019e-06,False,False,False,False,False,False,False,False,False,True,False,False,False,-2,-2,False,3.475,False,False,False,4.13912239074707,1477.4902,2,0.0002041094026398,8.823281186462784e-05,81,428,False,428.0,False,False,False,False,0.07937721728396965,12.100526567943483,0.9606149870575992
ARDLIRGWVYAEDAFDI,H4-34,K1-39,True,1,29,23,1,3.640825302279521e-06,0.0001160622093442,8.823281186462784e-05,7.004468851127019e-06,False,False,False,False,False,False,False,False,False,True,False,False,False,-2,-2,False,0.4823529411764707,False,False,False,4.226021194458009,2010.2086,2,0.0001160622093442,8.823281186462784e-05,121,429,False,429.0,False,False,False,False,0.07937721728396965,24.167908502643662,1.918598747180133
AREGAGPSGDEFDY,H1-69,K3-20,True,1,47,22,1,3.640825302279521e-06,0.0001881008220406,8.43966026531223e-05,7.004468851127019e-06,False,False,False,False,False,False,False,False,False,True,False,False,False,-3,-3,False,4.185714285714286,False,False,False,4.050025558471679,1470.453,1,0.0001881008220406,8.43966026531223e-05,287,430,False,430.0,False,False,False,False,0.0829848451537922,23.11712987209394,1.918598747180133
ARERASYDVYGFDY,H4-34,K1-39,True,2,25,22,1,7.281650604559042e-06,0.000100053628745,8.43966026531223e-05,7.004468851127019e-06,False,False,False,False,False,False,False,False,False,False,False,False,False,-1,-1,False,2.4285714285714284,False,False,False,4.558281326293945,1711.7842999999998,2,0.000100053628745,8.43966026531223e-05,363,431,False,431.0,False,False,False,False,0.0829848451537922,11.574416717163333,0.9606149870575992
ARERNDLYSFDY,H1-69,K3-15,True,6,298,21,1,2.1844951813677123e-05,0.0011926392546404,8.056039344161673e-05,7.004468851127019e-06,False,False,False,False,False,False,False,False,False,False,False,False,False,-1,-1,False,2.466666666666667,False,False,False,4.558281326293945,1548.6111,2,0.0011926392546404,8.056039344161673e-05,382,432,False,432.0,False,False,False,True,0.08693601398636124,3.686139147248128,0.320498023095321
AREGAGPSGDEFDY,H4-34,K3-15,True,2,53,21,1,7.281650604559042e-06,0.0002121136929394,8.056039344161673e-05,7.004468851127019e-06,False,False,False,False,False,False,False,False,False,True,False,False,False,-3,-3,False,4.185714285714286,False,False,False,4.050025558471679,1470.453,1,0.0002121136929394,8.056039344161673e-05,287,433,False,433.0,False,False,False,False,0.08693601398636124,11.04830686638318,0.9606149870575992
AREHSSLSESDFDY,H1-69,K3-15,True,2,53,19,1,7.281650604559042e-06,0.0002121136929394,7.288797501860562e-05,7.004468851127019e-06,False,False,False,False,False,False,False,False,False,True,False,False,False,-3,-2,False,3.5500000000000003,False,False,False,4.308268356323242,1642.6347999999998,1,0.0002121136929394,7.288797501860562e-05,322,435,False,435.0,False,False,False,False,0.09608591801540826,9.996087164822878,0.9606149870575992
ARERIDAYDFDY,H4-34,K3-20,True,2,35,19,1,7.281650604559042e-06,0.000140075080243,7.288797501860562e-05,7.004468851127019e-06,False,False,False,False,False,False,False,False,False,True,False,False,False,-2,-2,False,2.45,False,False,False,4.226021194458009,1533.5965,2,0.000140075080243,7.288797501860562e-05,393,436,False,436.0,False,False,False,False,0.09608591801540826,9.996087164822878,0.9606149870575992
AREAYPADAYAFDY,H4-34,K3-20,True,1,35,19,1,3.640825302279521e-06,0.000140075080243,7.288797501860562e-05,7.004468851127019e-06,False,False,False,False,False,False,False,False,False,False,False,False,False,-2,-2,False,2.1214285714285714,False,False,False,4.050025558471679,1622.6879,1,0.000140075080243,7.288797501860562e-05,270,437,False,437.0,False,False,False,False,0.09608591801540826,19.964793980444764,1.918598747180133
ARGPYRTGYTSSLAFDY,H1-69,K3-15,True,2,32,16,1,7.281650604559042e-06,0.0001280686447936,6.137934738408894e-05,7.004468851127019e-06,False,False,False,False,False,False,False,False,False,False,False,False,False,1,1,False,2.0823529411764707,False,False,False,8.539295959472657,1925.0611,2,0.0001280686447936,6.137934738408894e-05,610,440,False,440.0,False,False,False,False,0.11409909291432632,8.417757612482424,0.9606149870575992
ARERGSTYDFDY,H1-69,K3-20,True,1,27,16,1,3.640825302279521e-06,0.0001080579190446,6.137934738408894e-05,7.004468851127019e-06,False,False,False,False,False,False,False,False,False,True,False,False,False,-1,-1,False,3.5583333333333336,False,False,False,4.558281326293945,1479.5060999999998,2,0.0001080579190446,6.137934738408894e-05,378,441,False,441.0,False,False,False,False,0.11409909291432632,16.81245808879559,1.918598747180133
AREPGPDRYGPSDFDI,H4-34,K3-15,True,1,25,15,1,3.640825302279521e-06,0.000100053628745,5.754313817258338e-05,7.004468851127019e-06,False,False,False,False,False,False,False,False,False,True,False,False,False,-2,-2,False,3.3375,False,False,False,4.226021194458009,1791.8709,2,0.000100053628745,5.754313817258338e-05,340,445,False,445.0,False,False,False,False,0.12170437744198875,15.761679458245867,1.918598747180133
ARERASGDVYGFDY,H4-34,K4-1,True,1,25,15,1,3.640825302279521e-06,0.000100053628745,5.754313817258338e-05,7.004468851127019e-06,False,False,False,False,False,False,False,False,False,False,False,False,False,-1,-1,False,2.9714285714285715,False,False,False,4.558281326293945,1605.6624,2,0.000100053628745,5.754313817258338e-05,362,446,False,446.0,False,False,False,False,0.12170437744198875,15.761679458245867,1.918598747180133
ARERKAWYEFDY,H1-69,K4-1,True,15,171,14,1,5.461237953419281e-05,0.0006843668206158,5.370692896107782e-05,7.004468851127019e-06,False,False,False,False,False,False,False,False,False,True,False,False,False,0,0,False,1.741666666666667,False,False,False,6.224438095092773,1633.7603,2,0.0006843668206158,5.370692896107782e-05,394,447,False,447.0,False,False,False,True,0.13039592892963617,0.9832403754482733,0.1282344143711704
ARDRADAYDFDY,H1-69,K3-20,True,5,68,13,1,1.8204126511397604e-05,0.0002721458701864,4.987071974957226e-05,7.004468851127019e-06,False,False,False,False,False,False,False,False,False,True,False,False,False,-2,-2,False,3.475,False,False,False,4.13912239074707,1477.4902,2,0.0002721458701864,4.987071974957226e-05,81,450,False,450.0,False,False,False,False,0.1404243741127469,2.738024231816186,0.3845624354669947
ARESTWLDPFDY,H1-69,K3-15,True,1,47,13,1,3.640825302279521e-06,0.0001881008220406,4.987071974957226e-05,7.004468851127019e-06,False,False,False,False,True,False,False,False,False,False,False,False,False,-2,-2,False,1.4666666666666668,False,False,False,4.050025558471679,1499.5786,1,0.0001881008220406,4.987071974957226e-05,436,451,False,451.0,False,False,False,False,0.1404243741127469,13.660122197146418,1.918598747180133
ARDRADAYDFDY,H4-34,K3-15,True,6,46,13,1,2.1844951813677123e-05,0.0001840986768908,4.987071974957226e-05,7.004468851127019e-06,False,False,False,False,False,False,False,False,False,True,False,False,False,-2,-2,False,3.475,False,False,False,4.13912239074707,1477.4902,2,0.0001840986768908,4.987071974957226e-05,81,452,False,452.0,False,False,False,False,0.1404243741127469,2.2818956625821745,0.320498023095321
ARERIDAYDFDY,H1-69,K3-15,True,1,39,13,1,3.640825302279521e-06,0.0001560836608422,4.987071974957226e-05,7.004468851127019e-06,False,False,False,False,False,False,False,False,False,True,False,False,False,-2,-2,False,2.45,False,False,False,4.226021194458009,1533.5965,2,0.0001560836608422,4.987071974957226e-05,393,453,False,453.0,False,False,False,False,0.1404243741127469,13.660122197146418,1.918598747180133
ARERVDLYDFDY,H1-69,K3-20,True,1,39,13,1,3.640825302279521e-06,0.0001560836608422,4.987071974957226e-05,7.004468851127019e-06,False,False,False,False,False,False,False,False,False,True,False,False,False,-2,-2,False,1.866666666666667,False,False,False,4.226021194458009,1561.6496,2,0.0001560836608422,4.987071974957226e-05,418,454,False,454.0,False,False,False,False,0.1404243741127469,13.660122197146418,1.918598747180133
ARERPAYDPYAFDY,H4-34,K1-39,True,1,37,13,1,3.640825302279521e-06,0.0001480793705426,4.987071974957226e-05,7.004468851127019e-06,False,False,False,False,True,False,False,False,False,False,False,False,False,-1,-1,False,2.271428571428572,False,False,False,4.558281326293945,1733.833,2,0.0001480793705426,4.987071974957226e-05,344,455,False,455.0,False,False,False,False,0.1404243741127469,13.660122197146418,1.918598747180133
ARERPAYDPYAFDY,H1-69,K3-15,True,2,27,12,1,7.281650604559042e-06,0.0001080579190446,4.6034510538066704e-05,7.004468851127019e-06,False,False,False,False,True,False,False,False,False,False,False,False,False,-1,-1,False,2.271428571428572,False,False,False,4.558281326293945,1733.833,2,0.0001080579190446,4.6034510538066704e-05,344,457,False,457.0,False,False,False,False,0.15212386382815743,6.313318209361817,0.9606149870575992
ARERGAGDVYGFDY,H1-69,K3-15,True,2,33,11,1,7.281650604559042e-06,0.0001320707899434,4.219830132656115e-05,7.004468851127019e-06,False,False,False,False,False,False,False,False,False,False,False,False,False,-1,-1,False,2.9142857142857146,False,False,False,4.558281326293945,1575.6364,2,0.0001320707899434,4.219830132656115e-05,362,458,False,458.0,False,False,False,False,0.16595002951988488,5.787208358581666,0.9606149870575992
AREREDAYSFDY,UNK,K1-39,True,3,26,11,1,1.092247590683856e-05,0.0001040557738948,4.219830132656115e-05,7.004468851127019e-06,False,False,False,False,False,False,False,False,False,True,False,False,False,-2,-2,False,3.475,False,False,False,4.316753768920899,1521.5428,2,0.0001040557738948,4.219830132656115e-05,375,459,False,459.0,False,False,False,False,0.16595002951988488,3.859903436893464,0.6407028847642403
ARERGSLYDFDY,H4-34,K1-39,True,61,29,10,1,0.000222090343439,0.0001160622093442,3.836209211505558e-05,7.004468851127019e-06,False,False,False,False,False,False,False,False,False,True,False,False,False,-1,-1,False,2.3583333333333334,False,False,False,4.558281326293945,1491.5598,2,0.000222090343439,3.836209211505558e-05,388,460,False,460.0,False,False,False,False,0.18254070771342595,0.17272414585703583,0.03153740666344715
ARERDEVYGFDY,H1-69,K3-15,True,21,37,9,1,7.645733134786994e-05,0.0001480793705426,3.4525882903550026e-05,7.004468851127019e-06,False,False,False,False,False,False,False,False,False,True,False,False,False,-2,-2,False,2.9250000000000003,False,False,False,4.316753768920899,1519.5699,2,0.0001480793705426,3.4525882903550026e-05,358,461,False,461.0,False,False,False,False,0.20281713575091523,0.45151154479921285,0.09160080164510848
AREHSYESADEFDY,H4-34,K1-39,True,2,35,9,1,7.281650604559042e-06,0.000140075080243,3.4525882903550026e-05,7.004468851127019e-06,False,False,False,False,False,False,False,False,False,True,False,False,False,-4,-3,False,3.85,False,False,False,4.17260398864746,1718.6877,1,0.000140075080243,3.4525882903550026e-05,321,462,False,462.0,False,False,False,False,0.20281713575091523,4.734988657021363,0.9606149870575992
AREGAGPSGDEFDY,UNK,K3-20,True,1,25,9,1,3.640825302279521e-06,0.000100053628745,3.4525882903550026e-05,7.004468851127019e-06,False,False,False,False,False,False,False,False,False,True,False,False,False,-3,-3,False,4.185714285714286,False,False,False,4.050025558471679,1470.453,1,0.000100053628745,3.4525882903550026e-05,287,463,False,463.0,False,False,False,False,0.20281713575091523,9.45700767494752,1.918598747180133
ARERESTYEFDY,H1-69,K1-39,True,1,50,8,1,3.640825302279521e-06,0.00020010725749,3.068967369204447e-05,7.004468851127019e-06,False,False,False,False,False,False,False,False,False,True,False,False,False,-2,-2,False,3.5500000000000003,False,False,False,4.407384109497071,1565.5954,2,0.00020010725749,3.068967369204447e-05,381,464,False,464.0,False,False,False,False,0.2281610196053048,8.406229044397795,1.918598747180133
ARERGAGDVYGFDY,H4-34,K1-39,True,1,43,8,1,3.640825302279521e-06,0.0001720922414414,3.068967369204447e-05,7.004468851127019e-06,False,False,False,False,False,False,False,False,False,False,False,False,False,-1,-1,False,2.9142857142857146,False,False,False,4.558281326293945,1575.6364,2,0.0001720922414414,3.068967369204447e-05,362,465,False,465.0,False,False,False,False,0.2281610196053048,8.406229044397795,1.918598747180133
AREHSSLSESDFDY,H4-34,K3-20,True,1,42,8,1,3.640825302279521e-06,0.0001680900962916,3.068967369204447e-05,7.004468851127019e-06,False,False,False,False,False,False,False,False,False,True,False,False,False,-3,-2,False,3.5500000000000003,False,False,False,4.308268356323242,1642.6347999999998,1,0.0001680900962916,3.068967369204447e-05,322,466,False,466.0,False,False,False,False,0.2281610196053048,8.406229044397795,1.918598747180133
ARERASPYDFDY,H4-34,K1-39,True,1,39,8,1,3.640825302279521e-06,0.0001560836608422,3.068967369204447e-05,7.004468851127019e-06,False,False,False,False,False,False,False,False,False,True,False,False,False,-1,-1,False,3.0,False,False,False,4.558281326293945,1489.544,2,0.0001560836608422,3.068967369204447e-05,365,467,False,467.0,False,False,False,False,0.2281610196053048,8.406229044397795,1.918598747180133
ARWRKLSPGYFDY,UNK,K4-1,True,1,34,8,1,3.640825302279521e-06,0.0001360729350932,3.068967369204447e-05,7.004468851127019e-06,False,False,False,False,False,False,False,False,False,False,False,False,False,2,2,False,0.6384615384615386,False,False,False,9.69757843017578,1658.8557999999998,2,0.0001360729350932,3.068967369204447e-05,1506,468,False,468.0,False,False,False,False,0.2281610196053048,8.406229044397795,1.918598747180133
ARERHGKYDFDY,H4-34,K3-20,True,1,31,8,1,3.640825302279521e-06,0.0001240664996438,3.068967369204447e-05,7.004468851127019e-06,False,False,False,False,False,False,False,False,False,True,False,False,False,0,1,False,3.233333333333334,False,False,False,6.797459030151367,1556.6364999999998,2,0.0001240664996438,3.068967369204447e-05,392,469,False,469.0,False,False,False,False,0.2281610196053048,8.406229044397795,1.918598747180133
AREPGPSAGDEFDY,H1-69,K3-15,True,2,67,7,1,7.281650604559042e-06,0.0002681437250366,2.685346448053891e-05,7.004468851127019e-06,False,False,False,False,False,False,False,False,False,True,False,False,False,-3,-3,False,3.928571428571429,False,False,False,4.050025558471679,1510.5169,1,0.0002681437250366,2.685346448053891e-05,287,470,False,470.0,False,False,False,False,0.2607433176089915,3.68276895546106,0.9606149870575992
AREREDAYSFDY,H4-34,K1-39,True,1,28,7,1,3.640825302279521e-06,0.0001120600641944,2.685346448053891e-05,7.004468851127019e-06,False,False,False,False,False,False,False,False,False,True,False,False,False,-2,-2,False,3.475,False,False,False,4.316753768920899,1521.5428,2,0.0001120600641944,2.685346448053891e-05,375,471,False,471.0,False,False,False,False,0.2607433176089915,7.355450413848071,1.918598747180133
AREWYGDWSVDPFDI,H1-69,K4-1,True,1,26,7,1,3.640825302279521e-06,0.0001040557738948,2.685346448053891e-05,7.004468851127019e-06,False,False,False,False,True,False,False,False,False,False,False,False,False,-3,-3,False,1.04,False,False,False,4.050025558471679,1855.9543,1,0.0001040557738948,2.685346448053891e-05,457,472,False,472.0,False,False,False,False,0.2607433176089915,7.355450413848071,1.918598747180133
AREGSRIAGYDEFDI,H1-69,K1-39,True,20,322,6,1,7.281650604559042e-05,0.0012886907382356,2.3017255269033352e-05,7.004468851127019e-06,False,False,False,False,False,False,False,False,False,True,False,False,False,-2,-2,False,2.6,False,False,False,4.316753768920899,1698.7874000000002,2,0.0012886907382356,2.3017255269033352e-05,307,473,False,473.0,False,False,False,True,0.30418166513082023,0.31605601475133555,0.09618021282995677
ARERASPYDFDY,H1-69,K3-20,True,1,38,6,1,3.640825302279521e-06,0.0001520815156924,2.3017255269033352e-05,7.004468851127019e-06,False,False,False,False,False,False,False,False,False,True,False,False,False,-1,-1,False,3.0,False,False,False,4.558281326293945,1489.544,2,0.0001520815156924,2.3017255269033352e-05,365,474,False,474.0,False,False,False,False,0.30418166513082023,6.304671783298347,1.918598747180133
ARDRADAYDFDY,H4-34,UNK,True,6,31,6,1,2.1844951813677123e-05,0.0001240664996438,2.3017255269033352e-05,7.004468851127019e-06,False,False,False,False,False,False,False,False,False,True,False,False,False,-2,-2,False,3.475,False,False,False,4.13912239074707,1477.4902,2,0.0001240664996438,2.3017255269033352e-05,81,475,False,475.0,False,False,False,False,0.30418166513082023,1.0531826134994653,0.320498023095321
ARERGAGDVYGFDY,H1-69,K3-20,True,1,30,6,1,3.640825302279521e-06,0.000120064354494,2.3017255269033352e-05,7.004468851127019e-06,False,False,False,False,False,False,False,False,False,False,False,False,False,-1,-1,False,2.9142857142857146,False,False,False,4.558281326293945,1575.6364,2,0.000120064354494,2.3017255269033352e-05,362,476,False,476.0,False,False,False,False,0.30418166513082023,6.304671783298347,1.918598747180133
ARWRKLSPGYFDY,H1-69,K4-1,True,1,30,6,1,3.640825302279521e-06,0.000120064354494,2.3017255269033352e-05,7.004468851127019e-06,False,False,False,False,False,False,False,False,False,False,False,False,False,2,2,False,0.6384615384615386,False,False,False,9.69757843017578,1658.8557999999998,2,0.000120064354494,2.3017255269033352e-05,1506,477,False,477.0,False,False,False,False,0.30418166513082023,6.304671783298347,1.918598747180133
ARTTYQEGYEFDY,H1-69,K3-15,True,3,398,5,1,1.092247590683856e-05,0.0015928537696205,1.918104605752779e-05,7.004468851127019e-06,False,False,False,False,False,False,False,False,False,True,False,False,False,-2,-2,False,3.007692307692308,False,False,False,4.137435531616211,1642.676,1,0.0015928537696205,1.918104605752779e-05,1296,480,False,480.0,False,False,False,True,0.3649862977833601,1.7545015622243016,0.6407028847642403
ARERGDNYDFDY,H1-69,K3-20,True,9,323,5,1,3.276742772051569e-05,0.0012926928833854,1.918104605752779e-05,7.004468851127019e-06,False,False,False,False,False,False,False,False,False,True,False,False,False,-2,-2,False,4.0,False,False,False,4.226021194458009,1520.5149,2,0.0012926928833854,1.918104605752779e-05,302,481,False,481.0,False,False,False,True,0.3649862977833601,0.5851907056612072,0.21369794209759962
AREREDAYGFDY,H4-34,K3-15,True,4,75,5,1,1.4563301209118084e-05,0.000300160886235,1.918104605752779e-05,7.004468851127019e-06,False,False,False,False,False,False,False,False,False,True,False,False,False,-2,-2,False,3.408333333333333,False,False,False,4.316753768920899,1491.5168,2,0.000300160886235,1.918104605752779e-05,374,482,False,482.0,False,False,False,False,0.3649862977833601,1.316177150413029,0.48063707396266053
ARERDASDVYAFDY,H4-34,K3-15,True,1,72,5,1,3.640825302279521e-06,0.0002881544507856,1.918104605752779e-05,7.004468851127019e-06,False,False,False,False,False,False,False,False,False,True,False,False,False,-2,-2,False,3.021428571428572,False,False,False,4.226021194458009,1677.7251,2,0.0002881544507856,1.918104605752779e-05,367,483,False,483.0,False,False,False,False,0.3649862977833601,5.2538931527486215,1.918598747180133
AREREDAYGFDY,UNK,K3-15,True,3,44,5,1,1.092247590683856e-05,0.0001760943865912,1.918104605752779e-05,7.004468851127019e-06,False,False,False,False,False,False,False,False,False,True,False,False,False,-2,-2,False,3.408333333333333,False,False,False,4.316753768920899,1491.5168,2,0.0001760943865912,1.918104605752779e-05,374,484,False,484.0,False,False,False,False,0.3649862977833601,1.7545015622243016,0.6407028847642403
AREPGPSAGDEFDY,H4-34,K1-39,True,1,33,5,1,3.640825302279521e-06,0.0001320707899434,1.918104605752779e-05,7.004468851127019e-06,False,False,False,False,False,False,False,False,False,True,False,False,False,-3,-3,False,3.928571428571429,False,False,False,4.050025558471679,1510.5169,1,0.0001320707899434,1.918104605752779e-05,287,485,False,485.0,False,False,False,False,0.3649862977833601,5.2538931527486215,1.918598747180133
ARERIGKYDFDY,H1-69,K3-15,True,16,89,4,1,5.8253204836472334e-05,0.0003561909183322,1.5344836846022235e-05,7.004468851127019e-06,False,False,False,False,False,False,False,False,False,True,False,False,False,0,0,False,2.391666666666667,False,False,False,6.164375686645509,1532.6548,2,0.0003561909183322,1.5344836846022235e-05,392,486,False,486.0,False,False,False,False,0.45617344693190726,0.26337097125176473,0.12022113906686906
ARERDASDVYAFDY,H1-69,K1-39,True,1,59,4,1,3.640825302279521e-06,0.0002361265638382,1.5344836846022235e-05,7.004468851127019e-06,False,False,False,False,False,False,False,False,False,True,False,False,False,-2,-2,False,3.021428571428572,False,False,False,4.226021194458009,1677.7251,2,0.0002361265638382,1.5344836846022235e-05,367,487,False,487.0,False,False,False,False,0.45617344693190726,4.203114522198898,1.918598747180133
ARERESTYEFDY,H4-34,K3-15,True,1,51,4,1,3.640825302279521e-06,0.0002041094026398,1.5344836846022235e-05,7.004468851127019e-06,False,False,False,False,False,False,False,False,False,True,False,False,False,-2,-2,False,3.5500000000000003,False,False,False,4.407384109497071,1565.5954,2,0.0002041094026398,1.5344836846022235e-05,381,488,False,488.0,False,False,False,False,0.45617344693190726,4.203114522198898,1.918598747180133
ARERDEVYGFDY,H4-34,K3-20,True,1,45,4,1,3.640825302279521e-06,0.000180096531741,1.5344836846022235e-05,7.004468851127019e-06,False,False,False,False,False,False,False,False,False,True,False,False,False,-2,-2,False,2.9250000000000003,False,False,False,4.316753768920899,1519.5699,2,0.000180096531741,1.5344836846022235e-05,358,489,False,489.0,False,False,False,False,0.45617344693190726,4.203114522198898,1.918598747180133
ARYLGRGLLDY,UNK,K3-15,True,2,44,4,1,7.281650604559042e-06,0.0001760943865912,1.5344836846022235e-05,7.004468851127019e-06,False,False,False,False,False,False,False,False,False,False,False,False,False,1,1,False,0.0454545454545457,False,False,False,8.632579040527343,1296.4738,2,0.0001760943865912,1.5344836846022235e-05,1569,490,False,490.0,False,False,False,False,0.45617344693190726,2.104439403120606,0.9606149870575992
ARERASPYDFDY,H4-34,K3-15,True,1,31,4,1,3.640825302279521e-06,0.0001240664996438,1.5344836846022235e-05,7.004468851127019e-06,False,False,False,False,False,False,False,False,False,True,False,False,False,-1,-1,False,3.0,False,False,False,4.558281326293945,1489.544,2,0.0001240664996438,1.5344836846022235e-05,365,491,False,491.0,False,False,False,False,0.45617344693190726,4.203114522198898,1.918598747180133
ARERSSPYDFDY,H4-34,K1-39,True,16,30,4,1,5.8253204836472334e-05,0.000120064354494,1.5344836846022235e-05,7.004468851127019e-06,False,False,False,False,False,False,False,False,False,True,False,False,False,-1,-1,False,3.3666666666666667,False,False,False,4.558281326293945,1505.5434,2,0.000120064354494,1.5344836846022235e-05,365,492,False,492.0,False,False,False,False,0.45617344693190726,0.26337097125176473,0.12022113906686906
ARESGTGLGYPPFDP,H4-34,K1-39,True,3,27,4,1,1.092247590683856e-05,0.0001080579190446,1.5344836846022235e-05,7.004468851127019e-06,False,False,False,False,True,False,False,False,False,False,False,False,False,-1,-1,False,2.5933333333333337,False,False,False,4.370375442504883,1563.6655999999998,1,0.0001080579190446,1.5344836846022235e-05,426,493,False,493.0,False,False,False,False,0.45617344693190726,1.4036012497794415,0.6407028847642403
ARERSSTYDFDY,H1-69,K1-39,True,2,157,3,1,7.281650604559042e-06,0.0006283367885186,1.1508627634516676e-05,7.004468851127019e-06,False,False,False,False,False,False,False,False,False,True,False,False,False,-1,-1,False,3.625,False,False,False,4.558281326293945,1509.5321,2,0.0006283367885186,1.1508627634516676e-05,396,495,False,495.0,False,False,False,False,0.6080992522179859,1.5783295523404544,0.9606149870575992
AREREDAYGFDY,H1-69,K1-39,True,7,79,3,1,2.5485777115956645e-05,0.0003161694668342,1.1508627634516676e-05,7.004468851127019e-06,False,False,False,False,False,False,False,False,False,True,False,False,False,-2,-2,False,3.408333333333333,False,False,False,4.316753768920899,1491.5168,2,0.0003161694668342,1.1508627634516676e-05,374,496,False,496.0,False,False,False,False,0.6080992522179859,0.4513934830138576,0.2747305492697942
ARETLEGWEFDY,H3-7_A,K1-39,True,4,49,3,1,1.4563301209118084e-05,0.0001961051123402,1.1508627634516676e-05,7.004468851127019e-06,False,False,False,False,False,False,False,False,False,True,False,False,False,-3,-3,False,1.6916666666666669,False,False,False,4.050025558471679,1515.578,1,0.0001961051123402,1.1508627634516676e-05,443,497,False,497.0,True,True,True,False,0.6080992522179859,0.7897062902478176,0.48063707396266053
ARERESTYEFDY,H1-69,K3-20,True,2,49,3,1,7.281650604559042e-06,0.0001961051123402,1.1508627634516676e-05,7.004468851127019e-06,False,False,False,False,False,False,False,False,False,True,False,False,False,-2,-2,False,3.5500000000000003,False,False,False,4.407384109497071,1565.5954,2,0.0001961051123402,1.1508627634516676e-05,381,498,False,498.0,False,False,False,False,0.6080992522179859,1.5783295523404544,0.9606149870575992
ARYLGRGLLDY,H5-51,K3-20,True,2,47,3,1,7.281650604559042e-06,0.0001881008220406,1.1508627634516676e-05,7.004468851127019e-06,False,False,False,False,False,False,False,False,False,False,False,False,False,1,1,False,0.0454545454545457,False,False,False,8.632579040527343,1296.4738,2,0.0001881008220406,1.1508627634516676e-05,1569,499,False,499.0,False,False,False,False,0.6080992522179859,1.5783295523404544,0.9606149870575992
AREPYVYIDEDAFDI,H4-34,K3-20,True,1,39,3,1,3.640825302279521e-06,0.0001560836608422,1.1508627634516676e-05,7.004468851127019e-06,False,False,False,False,False,False,False,False,False,True,False,False,False,-4,-4,False,1.56,False,False,False,4.050025558471679,1815.9286,1,0.0001560836608422,1.1508627634516676e-05,356,501,False,501.0,False,False,False,False,0.6080992522179859,3.1523358916491735,1.918598747180133
AREHSYESADEFDY,H4-34,K3-15,True,2,32,3,1,7.281650604559042e-06,0.0001280686447936,1.1508627634516676e-05,7.004468851127019e-06,False,False,False,False,False,False,False,False,False,True,False,False,False,-4,-3,False,3.85,False,False,False,4.17260398864746,1718.6877,1,0.0001280686447936,1.1508627634516676e-05,321,502,False,502.0,False,False,False,False,0.6080992522179859,1.5783295523404544,0.9606149870575992
ARERDEVYGFDY,UNK,K3-20,True,2,32,3,1,7.281650604559042e-06,0.0001280686447936,1.1508627634516676e-05,7.004468851127019e-06,False,False,False,False,False,False,False,False,False,True,False,False,False,-2,-2,False,2.9250000000000003,False,False,False,4.316753768920899,1519.5699,2,0.0001280686447936,1.1508627634516676e-05,358,503,False,503.0,False,False,False,False,0.6080992522179859,1.5783295523404544,0.9606149870575992
ARERDEVYGFDY,H1-69,K1-39,True,1,32,3,1,3.640825302279521e-06,0.0001280686447936,1.1508627634516676e-05,7.004468851127019e-06,False,False,False,False,False,False,False,False,False,True,False,False,False,-2,-2,False,2.9250000000000003,False,False,False,4.316753768920899,1519.5699,2,0.0001280686447936,1.1508627634516676e-05,358,504,False,504.0,False,False,False,False,0.6080992522179859,3.1523358916491735,1.918598747180133
ARERYDAYDFDY,H4-34,K1-39,True,1,27,3,1,3.640825302279521e-06,0.0001080579190446,1.1508627634516676e-05,7.004468851127019e-06,False,False,False,False,False,False,False,False,False,True,False,False,False,-2,-2,False,2.958333333333333,False,False,False,4.226021194458009,1583.6121,2,0.0001080579190446,1.1508627634516676e-05,393,505,False,505.0,False,False,False,False,0.6080992522179859,3.1523358916491735,1.918598747180133
ARQTDWSVTETFDY,H4-34,K3-15,True,1,27,3,1,3.640825302279521e-06,0.0001080579190446,1.1508627634516676e-05,7.004468851127019e-06,False,False,False,False,False,False,False,False,False,False,False,False,False,-2,-2,False,2.6714285714285717,False,False,False,4.050025558471679,1718.7738,1,0.0001080579190446,1.1508627634516676e-05,1162,506,False,506.0,False,False,False,False,0.6080992522179859,3.1523358916491735,1.918598747180133
AREPYVYIDEDAFDI,H1-69,K1-39,True,1,25,3,1,3.640825302279521e-06,0.000100053628745,1.1508627634516676e-05,7.004468851127019e-06,False,False,False,False,False,False,False,False,False,True,False,False,False,-4,-4,False,1.56,False,False,False,4.050025558471679,1815.9286,1,0.000100053628745,1.1508627634516676e-05,356,507,False,507.0,False,False,False,False,0.6080992522179859,3.1523358916491735,1.918598747180133
ARYSYSPRGAGFDY,H3-23_A,K3-20,True,31,1,3,1,0.0001128655843706,4.002145149800293e-06,1.1508627634516676e-05,7.004468851127019e-06,False,False,False,False,False,False,False,False,False,False,False,False,False,1,1,False,2.442857142857143,False,False,False,8.539295959472657,1609.6957,2,0.0001128655843706,1.1508627634516676e-05,1607,508,False,508.0,False,False,False,False,0.6080992522179859,0.1019585209564085,0.062054773759837374
AREGFREGYPFDY,H1-69,K3-20,True,15,209,2,1,5.461237953419281e-05,0.0008364483363082,7.672418423011117e-06,7.004468851127019e-06,False,False,False,False,False,False,False,False,False,False,False,False,False,-1,-1,False,2.107692307692308,False,False,False,4.6793262481689455,1606.6917999999998,2,0.0008364483363082,7.672418423011117e-06,298,509,False,509.0,False,False,False,True,0.911753105004872,0.14046291077832476,0.1282344143711704
ARERGTDAYGFDY,H1-69,K3-20,True,1,206,2,1,3.640825302279521e-06,0.0008244419008588,7.672418423011117e-06,7.004468851127019e-06,False,False,False,False,False,False,False,False,False,False,False,False,False,-1,-1,False,3.3846153846153846,False,False,False,4.558281326293945,1520.558,2,0.0008244419008588,7.672418423011117e-06,383,510,False,510.0,False,False,False,True,0.911753105004872,2.101557261099449,1.918598747180133
ARERDASDVYAFDY,UNK,K3-15,True,2,50,2,1,7.281650604559042e-06,0.00020010725749,7.672418423011117e-06,7.004468851127019e-06,False,False,False,False,False,False,False,False,False,True,False,False,False,-2,-2,False,3.021428571428572,False,False,False,4.226021194458009,1677.7251,2,0.00020010725749,7.672418423011117e-06,367,511,False,511.0,False,False,False,False,0.911753105004872,1.052219701560303,0.9606149870575992
ARERSSPYDFDY,H1-69,K3-20,True,11,42,2,1,4.004907832507473e-05,0.0001680900962916,7.672418423011117e-06,7.004468851127019e-06,False,False,False,False,False,False,False,False,False,True,False,False,False,-1,-1,False,3.3666666666666667,False,False,False,4.558281326293945,1505.5434,2,0.0001680900962916,7.672418423011117e-06,365,512,False,512.0,False,False,False,False,0.911753105004872,0.19152758235599782,0.17485347002461152
ARERESTYEFDY,UNK,K3-15,True,2,40,2,1,7.281650604559042e-06,0.000160085805992,7.672418423011117e-06,7.004468851127019e-06,False,False,False,False,False,False,False,False,False,True,False,False,False,-2,-2,False,3.5500000000000003,False,False,False,4.407384109497071,1565.5954,2,0.000160085805992,7.672418423011117e-06,381,513,False,513.0,False,False,False,False,0.911753105004872,1.052219701560303,0.9606149870575992
AREPGPSAGDEFDY,H4-34,K3-20,True,3,37,2,1,1.092247590683856e-05,0.0001480793705426,7.672418423011117e-06,7.004468851127019e-06,False,False,False,False,False,False,False,False,False,True,False,False,False,-3,-3,False,3.928571428571429,False,False,False,4.050025558471679,1510.5169,1,0.0001480793705426,7.672418423011117e-06,287,514,False,514.0,False,False,False,False,0.911753105004872,0.7018006248897207,0.6407028847642403
ARERDASDVYAFDY,H1-69,K3-20,True,1,34,2,1,3.640825302279521e-06,0.0001360729350932,7.672418423011117e-06,7.004468851127019e-06,False,False,False,False,False,False,False,False,False,True,False,False,False,-2,-2,False,3.021428571428572,False,False,False,4.226021194458009,1677.7251,2,0.0001360729350932,7.672418423011117e-06,367,515,False,515.0,False,False,False,False,0.911753105004872,2.101557261099449,1.918598747180133
ARERSSPYDFDY,H4-34,UNK,True,7,29,2,1,2.5485777115956645e-05,0.0001160622093442,7.672418423011117e-06,7.004468851127019e-06,False,False,False,False,False,False,False,False,False,True,False,False,False,-1,-1,False,3.3666666666666667,False,False,False,4.558281326293945,1505.5434,2,0.0001160622093442,7.672418423011117e-06,365,516,False,516.0,False,False,False,False,0.911753105004872,0.30092898867590506,0.2747305492697942
ARERDAGDPYAFDY,H1-69,K1-39,True,3,28,2,1,1.092247590683856e-05,0.0001120600641944,7.672418423011117e-06,7.004468851127019e-06,False,False,False,False,True,False,False,False,False,True,False,False,False,-2,-2,False,3.378571428571429,False,False,False,4.226021194458009,1645.6833,2,0.0001120600641944,7.672418423011117e-06,367,517,False,517.0,False,False,False,False,0.911753105004872,0.7018006248897207,0.6407028847642403
AREPGPSAGDEFDY,UNK,K3-15,True,1,28,2,1,3.640825302279521e-06,0.0001120600641944,7.672418423011117e-06,7.004468851127019e-06,False,False,False,False,False,False,False,False,False,True,False,False,False,-3,-3,False,3.928571428571429,False,False,False,4.050025558471679,1510.5169,1,0.0001120600641944,7.672418423011117e-06,287,518,False,518.0,False,False,False,False,0.911753105004872,2.101557261099449,1.918598747180133
ARERDAGDPYAFDY,H4-34,K3-15,True,1,26,2,1,3.640825302279521e-06,0.0001040557738948,7.672418423011117e-06,7.004468851127019e-06,False,False,False,False,True,False,False,False,False,True,False,False,False,-2,-2,False,3.378571428571429,False,False,False,4.226021194458009,1645.6833,2,0.0001040557738948,7.672418423011117e-06,367,519,False,519.0,False,False,False,False,0.911753105004872,2.101557261099449,1.918598747180133
ARERDEVYGFDY,H1-69,UNK,True,5,25,2,1,1.8204126511397604e-05,0.000100053628745,7.672418423011117e-06,7.004468851127019e-06,False,False,False,False,False,False,False,False,False,True,False,False,False,-2,-2,False,2.9250000000000003,False,False,False,4.316753768920899,1519.5699,2,0.000100053628745,7.672418423011117e-06,358,521,False,521.0,False,False,False,False,0.911753105004872,0.4212344972024902,0.3845624354669947
AREPLFSAPESAFDY,H4-34,K3-15,True,1,25,2,1,3.640825302279521e-06,0.000100053628745,7.672418423011117e-06,7.004468851127019e-06,False,False,False,False,False,False,False,False,False,False,False,False,False,-2,-2,False,1.586666666666667,False,False,False,4.137435531616211,1699.8135000000002,1,0.000100053628745,7.672418423011117e-06,346,522,False,522.0,False,False,False,False,0.911753105004872,2.101557261099449,1.918598747180133
ARDRADAYDFDY,H4-34,K4-1,True,44,10,2,1,0.0001601963133002,4.002145149800293e-05,7.672418423011117e-06,7.004468851127019e-06,False,False,False,False,False,False,False,False,False,True,False,False,False,-2,-2,False,3.475,False,False,False,4.13912239074707,1477.4902,2,0.0001601963133002,7.672418423011117e-06,81,523,False,523.0,False,False,False,False,0.911753105004872,0.047890861882791604,0.043721553207468226
AREPGPLTLDEFDY,H4-34,K3-15,True,32,1601,1,1,0.0001165064096729,0.0064074343848302,3.836209211505559e-06,7.004468851127019e-06,False,False,False,False,False,False,False,False,False,True,False,False,False,-3,-3,False,1.9642857142857144,False,False,False,4.050025558471679,1622.7295,1,0.0064074343848302,7.004468851127019e-06,342,524,False,524.0,False,False,False,True,1.8211356860604033,0.032924196877290195,0.060115728512326064
ARERPSSDPYGFDY,H4-34,K3-15,True,19,1188,1,1,6.91756807433109e-05,0.0047545484379627,3.836209211505559e-06,7.004468851127019e-06,False,False,False,False,True,False,False,False,False,False,False,False,False,-1,-1,False,3.442857142857143,False,False,False,4.558281326293945,1659.7098999999998,2,0.0047545484379627,7.004468851127019e-06,193,525,False,525.0,False,False,False,True,1.8211356860604033,0.05544802291876642,0.10124159762356945
AREGYREGYPFDY,H1-69,K3-20,True,45,1177,1,1,0.0001638371386025,0.0047105248413149,3.836209211505559e-06,7.004468851127019e-06,False,False,False,False,False,False,False,False,False,False,False,False,False,-1,-1,False,2.669230769230769,False,False,False,4.6793262481689455,1622.6912,2,0.0047105248413149,7.004468851127019e-06,298,526,False,526.0,False,False,False,True,1.8211356860604033,0.023413342730460262,0.042750022434753364
AREAYPSDPYGFDY,H1-69,K3-20,True,38,993,1,1,0.0001383513614866,0.0039741301337516,3.836209211505559e-06,7.004468851127019e-06,False,False,False,False,True,False,False,False,False,False,False,False,False,-2,-2,False,2.692857142857143,False,False,False,4.050025558471679,1650.698,1,0.0039741301337516,7.004468851127019e-06,271,527,False,527.0,False,False,False,True,1.8211356860604033,0.027726015198810308,0.05062445740536737
AREGDWSESSFDI,H1-69,K4-1,True,70,873,1,1,0.0002548577711595,0.0034938727157756,3.836209211505559e-06,7.004468851127019e-06,False,False,False,False,False,False,False,False,False,True,False,False,False,-3,-3,False,3.069230769230769,False,False,False,4.050025558471679,1498.5062,1,0.0034938727157756,7.004468851127019e-06,293,530,False,530.0,False,False,False,True,1.8211356860604033,0.01505176270052914,0.02748275632992262
ARERGSTYEFDY,H1-69,K3-20,True,30,858,1,1,0.0001092247590683,0.0034338405385286,3.836209211505559e-06,7.004468851127019e-06,False,False,False,False,False,False,False,False,False,True,False,False,False,-1,-1,False,3.375,False,False,False,4.6793262481689455,1493.5327,2,0.0034338405385286,7.004468851127019e-06,381,531,False,531.0,False,False,False,True,1.8211356860604033,0.035118942397327345,0.06412307685640074
ARERNNIYEFDY,H4-34,K3-20,True,11,826,1,1,4.004907832507473e-05,0.003305771893735,3.836209211505559e-06,7.004468851127019e-06,False,False,True,False,False,False,False,False,False,True,False,False,False,-1,-1,False,2.4250000000000003,False,False,False,4.6793262481689455,1589.663,2,0.003305771893735,7.004468851127019e-06,398,532,False,532.0,False,False,False,True,1.8211356860604033,0.09576379117799891,0.17485347002461152
ARERSSAYDFDY,H4-34,K3-15,True,70,792,1,1,0.0002548577711595,0.0031696989586418,3.836209211505559e-06,7.004468851127019e-06,False,False,False,False,False,False,False,False,False,True,False,False,False,-1,-1,False,3.3666666666666667,False,False,False,4.558281326293945,1479.5060999999998,2,0.0031696989586418,7.004468851127019e-06,380,533,False,533.0,False,False,False,True,1.8211356860604033,0.01505176270052914,0.02748275632992262
ARERYDIYDFDY,H4-34,K3-20,True,19,790,1,1,6.91756807433109e-05,0.0031616946683422,3.836209211505559e-06,7.004468851127019e-06,False,False,False,False,False,False,False,False,False,True,False,False,False,-2,-2,False,2.1166666666666667,False,False,False,4.226021194458009,1625.6917999999998,2,0.0031616946683422,7.004468851127019e-06,420,534,False,534.0,False,False,False,True,1.8211356860604033,0.05544802291876642,0.10124159762356945
ARERQEVYGFDY,H1-69,K1-39,True,28,726,1,1,0.0001019431084638,0.002905557378755,3.836209211505559e-06,7.004468851127019e-06,False,False,False,False,False,False,False,False,False,False,False,False,False,-1,-1,False,2.591666666666667,False,False,False,4.6793262481689455,1532.6117,2,0.002905557378755,7.004468851127019e-06,385,535,False,535.0,False,False,False,True,1.8211356860604033,0.03762719223875026,0.06870284738413897
AREREDAYGFDY,H1-69,K3-20,True,56,722,1,1,0.0002038862169276,0.0028895487981558,3.836209211505559e-06,7.004468851127019e-06,False,False,False,False,False,False,False,False,False,True,False,False,False,-2,-2,False,3.408333333333333,False,False,False,4.316753768920899,1491.5168,2,0.0028895487981558,7.004468851127019e-06,374,536,False,536.0,False,False,False,False,1.8211356860604033,0.018814518823896228,0.03435310844248858
ARERVDVYGFDY,H1-69,K3-15,True,26,717,1,1,9.466145785926754e-05,0.0028695380724068,3.836209211505559e-06,7.004468851127019e-06,False,False,False,False,False,False,False,False,False,False,False,False,False,-1,-1,False,1.9666666666666668,False,False,False,4.558281326293945,1489.5869,2,0.0028695380724068,7.004468851127019e-06,409,537,False,537.0,False,False,False,True,1.8211356860604033,0.04052128591077808,0.07398712356938042
ARDRSSEYDLDY,H4-34,K3-20,True,18,704,1,1,6.553485544103138e-05,0.0028175101854594,3.836209211505559e-06,7.004468851127019e-06,False,False,False,False,False,False,False,False,False,True,False,False,False,-2,-2,False,4.025,False,False,False,4.226021194458009,1489.4994,2,0.0028175101854594,7.004468851127019e-06,202,538,False,538.0,False,False,False,True,1.8211356860604033,0.05852799866126601,0.10686527270517389
ARERDYGDIYGFDY,H1-69,K1-39,True,23,685,1,1,8.373898195242897e-05,0.0027414694276132,3.836209211505559e-06,7.004468851127019e-06,False,False,False,False,False,False,False,False,False,True,False,False,False,-2,-2,False,2.628571428571429,False,False,False,4.226021194458009,1739.7944,2,0.0027414694276132,7.004468851127019e-06,373,539,False,539.0,False,False,False,True,1.8211356860604033,0.04580603993114327,0.08363646563615175
ARERGDVYGFDY,H1-69,K3-15,True,48,612,1,1,0.0001747596145094,0.0024493128316777,3.836209211505559e-06,7.004468851127019e-06,False,False,False,False,False,False,False,False,False,False,False,False,False,-1,-1,False,2.75,False,False,False,4.558281326293945,1447.5072,2,0.0024493128316777,7.004468851127019e-06,175,540,False,540.0,False,False,False,True,1.8211356860604033,0.02195009253910798,0.0400782989124822
AREGTRLDPFDY,H4-34,K3-20,True,26,599,1,1,9.466145785926754e-05,0.0023972849447303,3.836209211505559e-06,7.004468851127019e-06,False,False,False,False,True,False,False,False,False,False,False,False,False,-1,-1,False,2.583333333333333,False,False,False,4.558281326293945,1439.5284,2,0.0023972849447303,7.004468851127019e-06,313,541,False,541.0,False,False,False,True,1.8211356860604033,0.04052128591077808,0.07398712356938042
ARERASAYDFDY,H4-34,K3-15,True,47,595,1,1,0.0001711187892071,0.0023812763641311,3.836209211505559e-06,7.004468851127019e-06,False,False,False,False,False,False,False,False,False,True,False,False,False,-1,-1,False,3.0,False,False,False,4.558281326293945,1463.5067,2,0.0023812763641311,7.004468851127019e-06,361,542,False,542.0,False,False,False,True,1.8211356860604033,0.02241708849387685,0.040930978846874286
ARERGDVYGFDY,H1-69,K3-20,True,7,577,1,1,2.5485777115956645e-05,0.0023092377514347,3.836209211505559e-06,7.004468851127019e-06,False,False,False,False,False,False,False,False,False,False,False,False,False,-1,-1,False,2.75,False,False,False,4.558281326293945,1447.5072,2,0.0023092377514347,7.004468851127019e-06,175,543,False,543.0,False,False,False,False,1.8211356860604033,0.15046449433795253,0.2747305492697942
ARERPTGDVYAFDY,H1-69,K3-15,True,52,569,1,1,0.0001893229157185,0.0022772205902363,3.836209211505559e-06,7.004468851127019e-06,False,False,False,False,False,False,False,False,False,False,False,False,False,-1,-1,False,2.6214285714285714,False,False,False,4.558281326293945,1659.7529,2,0.0022772205902363,7.004468851127019e-06,371,545,False,545.0,False,False,False,True,1.8211356860604033,0.02026171306213459,0.036995515674312314
ARERYDAYDFDY,H1-69,K1-39,True,51,555,1,1,0.0001856820904162,0.0022211905581391,3.836209211505559e-06,7.004468851127019e-06,False,False,False,False,False,False,False,False,False,True,False,False,False,-2,-2,False,2.958333333333333,False,False,False,4.226021194458009,1583.6121,2,0.0022211905581391,7.004468851127019e-06,393,546,False,546.0,False,False,False,True,1.8211356860604033,0.020658980158537132,0.037720878877649494
AREDWPSDPYAFDY,H4-34,K4-1,True,12,549,1,1,4.3689903627354246e-05,0.0021971776872403,3.836209211505559e-06,7.004468851127019e-06,False,False,False,False,True,False,False,False,False,True,False,False,False,-3,-3,False,2.4214285714285717,False,False,False,4.050025558471679,1731.7708,1,0.0021971776872403,7.004468851127019e-06,278,547,False,547.0,False,False,False,True,1.8211356860604033,0.08778530140977835,0.1602856818828892
AREPIEADPYAFDY,H1-69,K3-20,True,2,539,1,1,7.281650604559042e-06,0.0021571562357423,3.836209211505559e-06,7.004468851127019e-06,False,False,False,False,True,False,False,False,False,True,False,False,False,-3,-3,False,2.092857142857143,False,False,False,4.050025558471679,1656.7457,1,0.0021571562357423,7.004468851127019e-06,344,548,False,548.0,False,False,False,True,1.8211356860604033,0.5261098507801515,0.9606149870575992
ARVSDIGLLDAFDY,H1-69,K3-15,True,19,536,1,1,6.91756807433109e-05,0.0021451498002929,3.836209211505559e-06,7.004468851127019e-06,False,False,False,False,False,False,False,False,False,False,False,False,False,-2,-2,False,0.6714285714285716,False,False,False,4.050025558471679,1554.6984,1,0.0021451498002929,7.004468851127019e-06,1431,549,False,549.0,False,False,False,True,1.8211356860604033,0.05544802291876642,0.10124159762356945
AREREDASDAYGFDY,H1-69,K3-15,True,13,517,1,1,4.733072892963377e-05,0.0020691090424467,3.836209211505559e-06,7.004468851127019e-06,False,False,False,False,False,False,False,False,False,True,False,False,False,-3,-3,False,3.966666666666667,False,False,False,4.105078506469726,1764.7594,2,0.0020691090424467,7.004468851127019e-06,374,550,False,550.0,False,False,False,True,1.8211356860604033,0.08103401232388323,0.14795861849821343
ARERPSTYDFDY,H1-69,K1-39,True,16,513,1,1,5.8253204836472334e-05,0.0020531004618475,3.836209211505559e-06,7.004468851127019e-06,False,False,False,False,False,False,False,False,False,True,False,False,False,-1,-1,False,3.2583333333333333,False,False,False,4.558281326293945,1519.57,2,0.0020531004618475,7.004468851127019e-06,403,551,False,551.0,False,False,False,True,1.8211356860604033,0.06584274281294118,0.12022113906686906
AREDLSIGNQFDY,H1-69,K3-15,True,8,508,1,1,2.9126602418236167e-05,0.0020330897360985,3.836209211505559e-06,7.004468851127019e-06,False,False,False,False,False,False,False,False,False,True,False,False,False,-2,-2,False,2.3846153846153846,False,False,False,4.050025558471679,1527.5902999999998,1,0.0020330897360985,7.004468851127019e-06,274,552,False,552.0,False,False,False,True,1.8211356860604033,0.13166288767782108,0.2404010169264974
ARERSDVYGFDY,H1-69,K3-20,True,28,504,1,1,0.0001019431084638,0.0020170811554993,3.836209211505559e-06,7.004468851127019e-06,False,False,False,False,False,False,False,False,False,False,False,False,False,-1,-1,False,2.816666666666667,False,False,False,4.558281326293945,1477.5332,2,0.0020170811554993,7.004468851127019e-06,175,553,False,553.0,False,False,False,True,1.8211356860604033,0.03762719223875026,0.06870284738413897
ARERGANDLYGFDY,H1-69,K3-15,True,45,494,1,1,0.0001638371386025,0.0019770597040013,3.836209211505559e-06,7.004468851127019e-06,False,False,False,False,False,False,False,False,False,False,False,False,False,-1,-1,False,2.6142857142857143,False,False,False,4.558281326293945,1646.7143,2,0.0019770597040013,7.004468851127019e-06,366,554,False,554.0,False,False,False,True,1.8211356860604033,0.023413342730460262,0.042750022434753364
AREYAATDYADAFDI,H1-69,K3-15,True,29,493,1,1,0.0001055839337661,0.0019730575588515,3.836209211505559e-06,7.004468851127019e-06,False,False,False,False,False,False,False,False,False,False,False,False,False,-3,-3,False,2.4466666666666668,False,False,False,4.050025558471679,1691.7484,1,0.0019730575588515,7.004468851127019e-06,458,555,False,555.0,False,False,False,True,1.8211356860604033,0.03632982572657161,0.06633400803726608
ARESTKLDPFDY,H4-34,K3-20,True,49,488,1,1,0.0001784004398116,0.0019530468331025,3.836209211505559e-06,7.004468851127019e-06,False,False,False,False,True,False,False,False,False,False,False,False,False,-1,-1,False,2.7750000000000004,False,False,False,4.558281326293945,1441.541,1,0.0019530468331025,7.004468851127019e-06,436,556,False,556.0,False,False,False,True,1.8211356860604033,0.021502156575347077,0.03926042028999918
ARDYATQTDRYGFDI,H1-69,K4-1,True,2,487,1,1,7.281650604559042e-06,0.0019490446879527,3.836209211505559e-06,7.004468851127019e-06,False,False,False,False,False,False,False,False,False,False,False,False,False,-1,-1,False,2.9133333333333336,False,False,False,4.429057693481445,1791.8708,2,0.0019490446879527,7.004468851127019e-06,250,557,False,557.0,False,False,False,True,1.8211356860604033,0.5261098507801515,0.9606149870575992
AREDYDPYGFDY,H1-69,K1-39,True,11,484,1,1,4.004907832507473e-05,0.0019370382525033,3.836209211505559e-06,7.004468851127019e-06,False,False,False,False,True,False,False,False,False,True,False,False,False,-3,-3,False,3.083333333333333,False,False,False,4.050025558471679,1510.515,1,0.0019370382525033,7.004468851127019e-06,279,558,False,558.0,False,False,False,True,1.8211356860604033,0.09576379117799891,0.17485347002461152
ARESSIAEPFDY,H4-34,K3-15,True,23,456,1,1,8.373898195242897e-05,0.0018249781883089,3.836209211505559e-06,7.004468851127019e-06,False,False,False,False,False,False,False,False,False,False,False,False,False,-2,-2,False,2.5,False,False,False,4.137435531616211,1384.4466,1,0.0018249781883089,7.004468851127019e-06,433,559,False,559.0,False,False,False,True,1.8211356860604033,0.04580603993114327,0.08363646563615175
ARSGAAEGELAFDY,H1-69,K1-39,True,13,455,1,1,4.733072892963377e-05,0.0018209760431591,3.836209211505559e-06,7.004468851127019e-06,False,False,False,False,False,False,False,False,False,True,False,False,False,-2,-2,False,2.5571428571428574,False,False,False,4.137435531616211,1456.5124999999998,1,0.0018209760431591,7.004468851127019e-06,1181,560,False,560.0,False,False,False,True,1.8211356860604033,0.08103401232388323,0.14795861849821343
ARERSDAYGFDY,H1-69,K4-1,True,9,452,1,1,3.276742772051569e-05,0.0018089696077097,3.836209211505559e-06,7.004468851127019e-06,False,False,False,False,False,False,False,False,False,False,False,False,False,-1,-1,False,3.3000000000000003,False,False,False,4.558281326293945,1449.4801,2,0.0018089696077097,7.004468851127019e-06,374,561,False,561.0,False,False,False,True,1.8211356860604033,0.11703814113224145,0.21369794209759962
VREGASVEEYDAFDI,H1-69,UNK,True,4,429,1,1,1.4563301209118084e-05,0.0017169202692643,3.836209211505559e-06,7.004468851127019e-06,False,False,False,False,False,False,False,False,False,True,False,False,False,-4,-4,False,2.5,False,False,False,4.050025558471679,1699.7687999999998,1,0.0017169202692643,7.004468851127019e-06,1624,563,False,563.0,False,False,False,True,1.8211356860604033,0.26323543008260586,0.48063707396266053
AREREGTYDFDY,H1-69,K3-20,True,20,428,1,1,7.281650604559042e-05,0.0017129181241145,3.836209211505559e-06,7.004468851127019e-06,False,False,False,False,False,False,False,False,False,True,False,False,False,-2,-2,False,3.6666666666666665,False,False,False,4.316753768920899,1521.5428,2,0.0017129181241145,7.004468851127019e-06,378,564,False,564.0,False,False,False,True,1.8211356860604033,0.05267600245855593,0.09618021282995677
AREGTLAEPFDY,H4-34,K3-15,True,46,424,1,1,0.0001674779639048,0.0016969095435153,3.836209211505559e-06,7.004468851127019e-06,False,False,False,False,False,False,False,False,False,False,False,False,False,-2,-2,False,2.225,False,False,False,4.137435531616211,1368.4471999999998,1,0.0016969095435153,7.004468851127019e-06,312,565,False,565.0,False,False,False,True,1.8211356860604033,0.022904387408315838,0.04182072960841743
ARTVELDGYLFDY,H1-69,K4-1,True,2,418,1,1,7.281650604559042e-06,0.0016728966726165,3.836209211505559e-06,7.004468851127019e-06,False,True,False,False,False,False,False,False,False,True,False,False,False,-2,-2,False,0.7615384615384617,False,False,False,4.050025558471679,1561.6893,1,0.0016728966726165,7.004468851127019e-06,1297,566,False,566.0,False,False,False,True,1.8211356860604033,0.5261098507801515,0.9606149870575992
ARERSTVYDFDY,H4-34,K3-20,True,10,415,1,1,3.640825302279521e-05,0.0016608902371671,3.836209211505559e-06,7.004468851127019e-06,False,False,False,False,False,False,False,False,False,True,False,False,False,-1,-1,False,2.7750000000000004,False,False,False,4.558281326293945,1521.5858,2,0.0016608902371671,7.004468851127019e-06,389,567,False,567.0,False,False,False,True,1.8211356860604033,0.10533754074102257,0.19233401576793716
ARDRGDLYDFDY,H4-34,K3-20,True,11,412,1,1,4.004907832507473e-05,0.0016488838017177,3.836209211505559e-06,7.004468851127019e-06,False,False,False,False,False,False,False,False,False,True,False,False,False,-2,-2,False,2.833333333333333,False,False,False,4.13912239074707,1505.5433,2,0.0016488838017177,7.004468851127019e-06,171,568,False,568.0,False,False,False,True,1.8211356860604033,0.09576379117799891,0.17485347002461152
ARERESAYDFDY,H4-34,K3-15,True,39,403,1,1,0.0001419921867889,0.0016128644953695,3.836209211505559e-06,7.004468851127019e-06,False,False,False,False,False,False,False,False,False,True,False,False,False,-2,-2,False,3.475,False,False,False,4.316753768920899,1521.5428,2,0.0016128644953695,7.004468851127019e-06,380,569,False,569.0,False,False,False,True,1.8211356860604033,0.027015141796432014,0.049326485806446344
ARERLSPYDFDY,H4-34,K3-20,True,14,395,1,1,5.097155423191329e-05,0.0015808473341711,3.836209211505559e-06,7.004468851127019e-06,False,False,False,False,False,False,False,False,False,True,False,False,False,-1,-1,False,2.0583333333333336,False,False,False,4.558281326293945,1531.6237,2,0.0015808473341711,7.004468851127019e-06,365,570,False,570.0,False,False,False,True,1.8211356860604033,0.07524700392723961,0.1373922187476658
ARERYDVYDFDY,H4-34,K3-20,True,9,389,1,1,3.276742772051569e-05,0.0015568344632723,3.836209211505559e-06,7.004468851127019e-06,False,False,False,False,False,False,False,False,False,True,False,False,False,-2,-2,False,2.475,False,False,False,4.226021194458009,1611.6652,2,0.0015568344632723,7.004468851127019e-06,420,571,False,571.0,False,False,False,True,1.8211356860604033,0.11703814113224145,0.21369794209759962
ARERGVDEYGFDY,H1-69,K3-15,True,11,382,1,1,4.004907832507473e-05,0.0015288194472237,3.836209211505559e-06,7.004468851127019e-06,False,False,False,False,False,False,False,False,False,True,False,False,False,-2,-2,False,3.138461538461539,False,False,False,4.316753768920899,1576.6211999999998,2,0.0015288194472237,7.004468851127019e-06,358,572,False,572.0,False,False,False,True,1.8211356860604033,0.09576379117799891,0.17485347002461152
ARERVSLYDFDY,H4-34,K3-20,True,9,376,1,1,3.276742772051569e-05,0.0015048065763249,3.836209211505559e-06,7.004468851127019e-06,False,False,False,False,False,False,False,False,False,True,False,False,False,-1,-1,False,1.5750000000000002,False,False,False,4.558281326293945,1533.6395,2,0.0015048065763249,7.004468851127019e-06,418,573,False,573.0,False,False,False,True,1.8211356860604033,0.11703814113224145,0.21369794209759962
AREAGRWYPLEDFDI,H1-69,K4-1,True,8,371,1,1,2.9126602418236167e-05,0.0014847958505759,3.836209211505559e-06,7.004468851127019e-06,False,False,False,False,False,False,False,False,False,True,False,False,False,-2,-2,False,1.1800000000000002,False,False,False,4.316753768920899,1837.9839,2,0.0014847958505759,7.004468851127019e-06,265,574,False,574.0,False,False,False,True,1.8211356860604033,0.13166288767782108,0.2404010169264974
ARERLAEDLYGFDY,H1-69,K3-20,True,6,371,1,1,2.1844951813677123e-05,0.0014847958505759,3.836209211505559e-06,7.004468851127019e-06,False,False,False,False,False,False,False,False,False,True,False,False,False,-2,-2,False,1.6071428571428574,False,False,False,4.316753768920899,1717.832,2,0.0014847958505759,7.004468851127019e-06,368,575,False,575.0,False,False,False,True,1.8211356860604033,0.17553043558324422,0.320498023095321
AREGHTGDPESFDI,H1-69,K3-15,True,7,370,1,1,2.5485777115956645e-05,0.0014807937054261,3.836209211505559e-06,7.004468851127019e-06,False,False,False,False,True,False,False,False,False,True,False,False,False,-3,-2,False,3.7142857142857135,False,False,False,4.308268356323242,1530.5513999999998,1,0.0014807937054261,7.004468851127019e-06,299,576,False,576.0,False,False,False,True,1.8211356860604033,0.15046449433795253,0.2747305492697942
ARTVEYEGYAFDY,H1-69,K3-15,True,29,369,1,1,0.0001055839337661,0.0014767915602763,3.836209211505559e-06,7.004468851127019e-06,False,False,False,False,False,False,False,False,False,True,False,False,False,-2,-2,False,2.023076923076923,False,False,False,4.137435531616211,1583.6518,1,0.0014767915602763,7.004468851127019e-06,1299,577,False,577.0,False,False,False,True,1.8211356860604033,0.03632982572657161,0.06633400803726608
ARERPSNDVYAFDY,H1-69,K1-39,True,12,368,1,1,4.3689903627354246e-05,0.0014727894151265,3.836209211505559e-06,7.004468851127019e-06,False,False,False,False,False,False,False,False,False,False,False,False,False,-1,-1,False,2.8071428571428574,False,False,False,4.558281326293945,1702.7776,2,0.0014727894151265,7.004468851127019e-06,402,578,False,578.0,False,False,False,True,1.8211356860604033,0.08778530140977835,0.1602856818828892
ARERVEPYGFDY,H1-69,UNK,True,16,367,1,1,5.8253204836472334e-05,0.0014687872699767,3.836209211505559e-06,7.004468851127019e-06,False,False,False,False,False,False,False,False,False,False,False,False,False,-1,-1,False,2.266666666666667,False,False,False,4.6793262481689455,1501.5977,2,0.0014687872699767,7.004468851127019e-06,404,579,False,579.0,False,False,False,True,1.8211356860604033,0.06584274281294118,0.12022113906686906
ARERDEPYEFDY,H1-69,K1-39,True,18,357,1,1,6.553485544103138e-05,0.0014287658184787,3.836209211505559e-06,7.004468851127019e-06,False,False,False,False,False,False,False,False,False,True,False,False,False,-3,-3,False,3.583333333333333,False,False,False,4.17761344909668,1589.6168,2,0.0014287658184787,7.004468851127019e-06,369,581,False,581.0,False,False,False,True,1.8211356860604033,0.05852799866126601,0.10686527270517389
ARERGEDAYDFDY,H1-69,K1-39,True,16,337,1,1,5.8253204836472334e-05,0.0013487229154826,3.836209211505559e-06,7.004468851127019e-06,False,False,False,False,False,False,False,False,False,True,False,False,False,-3,-3,False,3.9153846153846152,False,False,False,4.105078506469726,1606.6042,2,0.0013487229154826,7.004468851127019e-06,295,582,False,582.0,False,False,False,True,1.8211356860604033,0.06584274281294118,0.12022113906686906
ARERGNLYDFDY,H1-69,K3-20,True,37,335,1,1,0.0001347105361843,0.001340718625183,3.836209211505559e-06,7.004468851127019e-06,False,False,False,False,False,False,False,False,False,True,False,False,False,-1,-1,False,2.4,False,False,False,4.558281326293945,1518.5851,2,0.001340718625183,7.004468851127019e-06,388,583,False,583.0,False,False,False,True,1.8211356860604033,0.02847531133826219,0.051992584423393225
AREGKYEDDYFDY,H1-69,K3-15,True,2,328,1,1,7.281650604559042e-06,0.0013127036091344,3.836209211505559e-06,7.004468851127019e-06,False,True,False,False,False,False,False,False,False,True,False,False,False,-3,-3,False,3.723076923076923,False,False,False,4.105078506469726,1670.6861,1,0.0013127036091344,7.004468851127019e-06,301,584,False,584.0,False,False,False,True,1.8211356860604033,0.5261098507801515,0.9606149870575992
AREPAPEDWFDFDY,H4-34,K3-20,True,22,326,1,1,8.009815665014945e-05,0.0013046993188348,3.836209211505559e-06,7.004468851127019e-06,False,False,False,False,False,False,False,False,False,True,False,False,False,-4,-4,False,1.992857142857143,False,False,False,4.050025558471679,1757.8081,1,0.0013046993188348,7.004468851127019e-06,338,587,False,587.0,False,False,False,True,1.8211356860604033,0.04788787274508334,0.08743764859946944
ARERAGAYDFDY,H1-69,K4-1,True,3,321,1,1,1.092247590683856e-05,0.0012846885930858,3.836209211505559e-06,7.004468851127019e-06,False,False,False,False,False,False,False,False,False,True,False,False,False,-1,-1,False,2.9333333333333336,False,False,False,4.558281326293945,1433.4806999999998,2,0.0012846885930858,7.004468851127019e-06,361,588,False,588.0,False,False,False,True,1.8211356860604033,0.35090031244486036,0.6407028847642403
AREGTEWDLDY,H4-34,K4-1,True,24,320,1,1,8.737980725470849e-05,0.001280686447936,3.836209211505559e-06,7.004468851127019e-06,False,False,False,False,False,False,False,False,False,True,False,False,False,-3,-3,False,2.8818181818181823,False,False,False,4.050025558471679,1354.3776,1,0.001280686447936,7.004468851127019e-06,310,589,False,589.0,False,False,False,True,1.8211356860604033,0.04389767333305186,0.0801520116723867
AREGRDPYDFDY,H4-34,K3-15,True,22,316,1,1,8.009815665014945e-05,0.0012646778673368,3.836209211505559e-06,7.004468851127019e-06,False,False,False,False,True,False,False,False,False,True,False,False,False,-2,-2,False,3.591666666666667,False,False,False,4.226021194458009,1503.5275,2,0.0012646778673368,7.004468851127019e-06,305,590,False,590.0,False,False,False,True,1.8211356860604033,0.04788787274508334,0.08743764859946944
ARERPTYDIYAFDY,H1-69,K3-15,True,5,312,1,1,1.8204126511397604e-05,0.0012486692867376,3.836209211505559e-06,7.004468851127019e-06,False,False,False,False,False,False,False,False,False,False,False,False,False,-1,-1,False,1.7714285714285716,False,False,False,4.558281326293945,1779.9014,2,0.0012486692867376,7.004468851127019e-06,371,591,False,591.0,False,False,False,True,1.8211356860604033,0.2106172486012451,0.3845624354669947
ARTGVYEGYDFDY,H1-69,K1-39,True,2,310,1,1,7.281650604559042e-06,0.001240664996438,3.836209211505559e-06,7.004468851127019e-06,False,False,False,False,False,False,False,False,False,True,False,False,False,-2,-2,False,2.4692307692307693,False,False,False,4.050025558471679,1555.5986,1,0.001240664996438,7.004468851127019e-06,1259,592,False,592.0,False,False,False,True,1.8211356860604033,0.5261098507801515,0.9606149870575992
ARDRSDAYDFDY,H4-34,K3-20,True,18,304,1,1,6.553485544103138e-05,0.0012166521255392,3.836209211505559e-06,7.004468851127019e-06,False,False,False,False,False,False,False,False,False,True,False,False,False,-2,-2,False,3.841666666666667,False,False,False,4.13912239074707,1493.4896,2,0.0012166521255392,7.004468851127019e-06,197,593,False,593.0,False,False,False,True,1.8211356860604033,0.05852799866126601,0.10686527270517389
AREHSSDASDEFDY,H4-34,K3-20,True,10,303,1,1,3.640825302279521e-05,0.0012126499803894,3.836209211505559e-06,7.004468851127019e-06,False,False,False,False,False,False,False,False,False,True,False,False,False,-4,-3,False,4.607142857142857,False,False,False,4.100886917114257,1628.5651999999998,1,0.0012126499803894,7.004468851127019e-06,321,594,False,594.0,False,False,False,True,1.8211356860604033,0.10533754074102257,0.19233401576793716
AGTGEEGFDY,H1-69,K3-20,True,5,298,1,1,1.8204126511397604e-05,0.0011926392546404,3.836209211505559e-06,7.004468851127019e-06,False,False,False,False,False,False,False,False,False,True,False,False,False,-3,-3,False,3.89,False,False,False,4.050025558471679,1045.0134,0,0.0011926392546404,7.004468851127019e-06,1,595,False,595.0,False,False,False,True,1.8211356860604033,0.2106172486012451,0.3845624354669947
ARDAREWYEFDY,H4-34,K3-20,True,20,296,1,1,7.281650604559042e-05,0.0011846349643408,3.836209211505559e-06,7.004468851127019e-06,False,False,False,False,False,False,False,False,False,True,False,False,False,-2,-2,False,2.1,False,False,False,4.316753768920899,1620.6754,2,0.0011846349643408,7.004468851127019e-06,85,596,False,596.0,False,False,False,True,1.8211356860604033,0.05267600245855593,0.09618021282995677
AREGDETNDYFDY,H1-69,K1-39,True,7,296,1,1,2.5485777115956645e-05,0.0011846349643408,3.836209211505559e-06,7.004468851127019e-06,False,False,False,False,False,False,False,False,False,True,False,False,False,-4,-4,False,4.36923076923077,False,False,False,4.050025558471679,1594.5471,1,0.0011846349643408,7.004468851127019e-06,291,597,False,597.0,False,False,False,True,1.8211356860604033,0.15046449433795253,0.2747305492697942
ARVDYDPYGFDY,H4-34,K3-15,True,13,294,1,1,4.733072892963377e-05,0.0011766306740412,3.836209211505559e-06,7.004468851127019e-06,False,False,False,False,True,False,False,False,False,True,False,False,False,-2,-2,False,2.125,False,False,False,4.050025558471679,1480.532,1,0.0011766306740412,7.004468851127019e-06,279,598,False,598.0,False,False,False,True,1.8211356860604033,0.08103401232388323,0.14795861849821343
AREGVEWELDY,H1-69,K3-15,True,11,293,1,1,4.004907832507473e-05,0.0011726285288914,3.836209211505559e-06,7.004468851127019e-06,False,False,False,False,False,False,False,False,False,True,False,False,False,-3,-3,False,1.8727272727272728,False,False,False,4.050025558471679,1366.4313,1,0.0011726285288914,7.004468851127019e-06,316,599,False,599.0,False,False,False,True,1.8211356860604033,0.09576379117799891,0.17485347002461152
ARDRYDPYDFDY,H4-34,K4-1,True,11,291,1,1,4.004907832507473e-05,0.0011646242385918,3.836209211505559e-06,7.004468851127019e-06,False,False,False,False,True,False,False,False,False,True,False,False,False,-2,-2,False,3.141666666666667,False,False,False,4.13912239074707,1595.6228,2,0.0011646242385918,7.004468851127019e-06,164,600,False,600.0,False,False,False,True,1.8211356860604033,0.09576379117799891,0.17485347002461152
ARERASTYDFDY,H4-34,K3-15,True,60,290,1,1,0.0002184495181367,0.001160622093442,3.836209211505559e-06,7.004468851127019e-06,False,False,False,False,False,False,False,False,False,True,False,False,False,-1,-1,False,3.2583333333333333,False,False,False,4.558281326293945,1493.5327,2,0.001160622093442,7.004468851127019e-06,365,602,False,602.0,False,False,False,True,1.8211356860604033,0.01756027498470023,0.032063006047390465
AREVSSSTDRYGFDI,H1-69,K3-15,True,16,290,1,1,5.8253204836472334e-05,0.001160622093442,3.836209211505559e-06,7.004468851127019e-06,False,False,False,False,False,False,False,False,False,False,False,False,False,-1,-1,False,3.06,False,False,False,4.558281326293945,1702.7761,2,0.001160622093442,7.004468851127019e-06,450,603,False,603.0,False,False,False,True,1.8211356860604033,0.06584274281294118,0.12022113906686906
ARERSSTYDFDY,H4-34,K3-20,True,18,284,1,1,6.553485544103138e-05,0.0011366092225432,3.836209211505559e-06,7.004468851127019e-06,False,False,False,False,False,False,False,False,False,True,False,False,False,-1,-1,False,3.625,False,False,False,4.558281326293945,1509.5321,2,0.0011366092225432,7.004468851127019e-06,396,604,False,604.0,False,False,False,True,1.8211356860604033,0.05852799866126601,0.10686527270517389
ARERQEPYGFDY,H1-69,K3-20,True,10,283,1,1,3.640825302279521e-05,0.0011326070773934,3.836209211505559e-06,7.004468851127019e-06,False,False,False,False,False,False,False,False,False,False,False,False,False,-1,-1,False,3.075,False,False,False,4.6793262481689455,1530.5959,2,0.0011326070773934,7.004468851127019e-06,404,605,False,605.0,False,False,False,True,1.8211356860604033,0.10533754074102257,0.19233401576793716
ARERQIADPYGFDY,H1-69,K3-15,True,9,282,1,1,3.276742772051569e-05,0.0011286049322436,3.836209211505559e-06,7.004468851127019e-06,False,False,False,False,True,False,False,False,False,False,False,False,False,-1,-1,False,2.3714285714285714,False,False,False,4.558281326293945,1700.8048,2,0.0011286049322436,7.004468851127019e-06,406,606,False,606.0,False,False,False,True,1.8211356860604033,0.11703814113224145,0.21369794209759962
ARSDYSEYLGYQFDY,H1-69,K3-20,True,5,280,1,1,1.8204126511397604e-05,0.001120600641944,3.836209211505559e-06,7.004468851127019e-06,False,False,False,False,False,False,False,False,False,False,False,False,False,-2,-2,False,2.186666666666667,False,False,False,4.050025558471679,1876.927,1,0.001120600641944,7.004468851127019e-06,1178,607,False,607.0,False,False,False,True,1.8211356860604033,0.2106172486012451,0.3845624354669947
ARTELTYGNAYPGFDY,H1-69,K1-39,True,32,277,1,1,0.0001165064096729,0.0011085942064946,3.836209211505559e-06,7.004468851127019e-06,False,False,False,False,False,False,False,False,False,False,False,False,False,-1,-1,False,2.0625,False,False,False,4.370375442504883,1837.9374000000005,1,0.0011085942064946,7.004468851127019e-06,1251,608,False,608.0,False,False,False,True,1.8211356860604033,0.032924196877290195,0.060115728512326064
AREGSRVIGYDEFDI,H1-69,K1-39,True,7,277,1,1,2.5485777115956645e-05,0.0011085942064946,3.836209211505559e-06,7.004468851127019e-06,False,False,False,False,False,False,False,False,False,True,False,False,False,-2,-2,False,2.2133333333333334,False,False,False,4.316753768920899,1726.8404999999998,2,0.0011085942064946,7.004468851127019e-06,307,609,False,609.0,False,False,False,True,1.8211356860604033,0.15046449433795253,0.2747305492697942
ARERSEVYGFDY,H1-69,K3-15,True,22,274,1,1,8.009815665014945e-05,0.0010965877710452,3.836209211505559e-06,7.004468851127019e-06,False,False,False,False,False,False,False,False,False,False,False,False,False,-1,-1,False,2.6333333333333333,False,False,False,4.6793262481689455,1491.5598,2,0.0010965877710452,7.004468851127019e-06,385,610,False,610.0,False,False,False,True,1.8211356860604033,0.04788787274508334,0.08743764859946944
ARNVLYEGYDFDY,H1-69,K3-15,True,9,272,1,1,3.276742772051569e-05,0.0010885834807456,3.836209211505559e-06,7.004468851127019e-06,False,False,False,False,False,False,False,False,False,True,False,False,False,-2,-2,False,1.4615384615384617,False,False,False,4.050025558471679,1624.7035999999998,1,0.0010885834807456,7.004468851127019e-06,1072,611,False,611.0,False,False,False,True,1.8211356860604033,0.11703814113224145,0.21369794209759962
ARESESESDI,H4-34,K3-20,True,4,270,1,1,1.4563301209118084e-05,0.001080579190446,3.836209211505559e-06,7.004468851127019e-06,False,False,False,False,False,False,False,False,False,True,False,False,False,-3,-3,False,5.12,False,False,False,4.050025558471679,1122.0978,1,0.001080579190446,7.004468851127019e-06,425,612,False,612.0,False,False,False,True,1.8211356860604033,0.26323543008260586,0.48063707396266053
ARERGPGDPYGFDY,H1-69,K1-39,True,13,269,1,1,4.733072892963377e-05,0.0010765770452962,3.836209211505559e-06,7.004468851127019e-06,False,False,False,False,True,False,False,False,False,False,False,False,False,-1,-1,False,3.3285714285714287,False,False,False,4.558281326293945,1599.6579,2,0.0010765770452962,7.004468851127019e-06,383,613,False,613.0,False,False,False,True,1.8211356860604033,0.08103401232388323,0.14795861849821343
ARERSSVYEFDY,H4-34,K3-15,True,17,264,1,1,6.189403013875185e-05,0.0010565663195472,3.836209211505559e-06,7.004468851127019e-06,False,False,False,False,False,False,False,False,False,True,False,False,False,-1,-1,False,2.7,False,False,False,4.6793262481689455,1521.5858,2,0.0010565663195472,7.004468851127019e-06,416,614,False,614.0,False,False,False,True,1.8211356860604033,0.061970265956950946,0.11315044974337189
ARERQSPYEFDY,H4-34,K3-15,True,11,263,1,1,4.004907832507473e-05,0.0010525641743974,3.836209211505559e-06,7.004468851127019e-06,False,False,False,False,False,False,False,False,False,True,False,False,False,-1,-1,False,3.141666666666667,False,False,False,4.6793262481689455,1560.6219,2,0.0010525641743974,7.004468851127019e-06,408,615,False,615.0,False,False,False,True,1.8211356860604033,0.09576379117799891,0.17485347002461152
ARGRSSGAWDFDY,H3-23_A,K4-1,True,5,255,1,1,1.8204126511397604e-05,0.001020547013199,3.836209211505559e-06,7.004468851127019e-06,False,False,False,False,False,False,False,False,False,True,False,False,False,0,0,False,2.761538461538461,False,False,False,6.004890823364257,1487.5313999999998,2,0.001020547013199,7.004468851127019e-06,645,616,False,616.0,False,False,False,True,1.8211356860604033,0.2106172486012451,0.3845624354669947
ARGDFVYGDPYFDY,H1-69,K3-15,True,4,252,1,1,1.4563301209118084e-05,0.0010085405777496,3.836209211505559e-06,7.004468851127019e-06,False,False,False,False,True,False,False,False,False,False,False,False,False,-2,-2,False,1.5714285714285716,False,False,False,4.050025558471679,1684.7570999999998,1,0.0010085405777496,7.004468851127019e-06,505,617,False,617.0,False,False,False,True,1.8211356860604033,0.26323543008260586,0.48063707396266053
AREPGPSSENDFDY,H4-34,K1-39,True,16,251,1,1,5.8253204836472334e-05,0.0010045384325998,3.836209211505559e-06,7.004468851127019e-06,False,False,False,False,False,False,False,False,False,True,False,False,False,-3,-3,False,4.335714285714286,False,False,False,4.050025558471679,1583.5676,1,0.0010045384325998,7.004468851127019e-06,343,618,False,618.0,False,False,False,True,1.8211356860604033,0.06584274281294118,0.12022113906686906
AREPLYGYAYESDAFDI,H1-69,K3-15,True,10,250,1,1,3.640825302279521e-05,0.00100053628745,3.836209211505559e-06,7.004468851127019e-06,False,False,False,False,False,False,False,False,False,True,False,False,False,-3,-3,False,1.6647058823529413,False,False,False,4.050025558471679,1980.0899,1,0.00100053628745,7.004468851127019e-06,348,619,False,619.0,False,False,False,True,1.8211356860604033,0.10533754074102257,0.19233401576793716
AREGDYEGYAFDY,H1-69,K3-20,True,26,243,1,1,9.466145785926754e-05,0.0009725212714014,3.836209211505559e-06,7.004468851127019e-06,False,False,False,False,False,False,False,False,False,True,False,False,False,-3,-3,False,3.1153846153846154,False,False,False,4.050025558471679,1555.5556,1,0.0009725212714014,7.004468851127019e-06,294,620,False,620.0,False,False,False,True,1.8211356860604033,0.04052128591077808,0.07398712356938042
ARVAWASDWDPFDY,H4-34,K3-15,True,21,241,1,1,7.645733134786994e-05,0.0009645169811018,3.836209211505559e-06,7.004468851127019e-06,False,False,False,False,True,False,False,False,False,True,False,False,False,-2,-2,False,1.0214285714285716,False,False,False,4.050025558471679,1698.7872,1,0.0009645169811018,7.004468851127019e-06,1321,622,False,622.0,False,False,False,True,1.8211356860604033,0.05016794942213476,0.09160080164510848
ARERPQGDPYAFDY,H1-69,K1-39,True,28,239,1,1,0.0001019431084638,0.0009565126908022,3.836209211505559e-06,7.004468851127019e-06,False,False,False,False,True,False,False,False,False,False,False,False,False,-1,-1,False,3.092857142857143,False,False,False,4.558281326293945,1684.7623999999998,2,0.0009565126908022,7.004468851127019e-06,367,623,False,623.0,False,False,False,True,1.8211356860604033,0.03762719223875026,0.06870284738413897
ARESTWAEPFDY,H4-34,K3-15,True,15,239,1,1,5.461237953419281e-05,0.0009565126908022,3.836209211505559e-06,7.004468851127019e-06,False,False,False,False,False,False,False,False,False,False,False,False,False,-2,-2,False,2.225,False,False,False,4.137435531616211,1471.5255,1,0.0009565126908022,7.004468851127019e-06,439,624,False,624.0,False,False,False,True,1.8211356860604033,0.07023145538916238,0.1282344143711704
AREREGAYDFDY,H1-69,K1-39,True,11,234,1,1,4.004907832507473e-05,0.0009365019650532,3.836209211505559e-06,7.004468851127019e-06,False,False,False,False,False,False,False,False,False,True,False,False,False,-2,-2,False,3.408333333333333,False,False,False,4.316753768920899,1491.5168,2,0.0009365019650532,7.004468851127019e-06,361,625,False,625.0,False,False,False,True,1.8211356860604033,0.09576379117799891,0.17485347002461152
ARERSYNDVYDFDY,H1-69,K1-39,True,3,232,1,1,1.092247590683856e-05,0.0009284976747536,3.836209211505559e-06,7.004468851127019e-06,False,False,False,False,False,False,False,False,False,True,False,False,False,-2,-2,False,3.085714285714286,False,False,False,4.226021194458009,1812.8451,2,0.0009284976747536,7.004468851127019e-06,402,626,False,626.0,False,False,False,True,1.8211356860604033,0.35090031244486036,0.6407028847642403
ARERQSTYEFDY,H1-69,K1-39,True,14,231,1,1,5.097155423191329e-05,0.0009244955296038,3.836209211505559e-06,7.004468851127019e-06,False,False,False,False,False,False,False,False,False,True,False,False,False,-1,-1,False,3.4000000000000004,False,False,False,4.6793262481689455,1564.6106,2,0.0009244955296038,7.004468851127019e-06,381,627,False,627.0,False,False,False,True,1.8211356860604033,0.07524700392723961,0.1373922187476658
ARDRSDAYDFDY,H4-34,K3-15,True,52,230,1,1,0.0001893229157185,0.000920493384454,3.836209211505559e-06,7.004468851127019e-06,False,False,False,False,False,False,False,False,False,True,False,False,False,-2,-2,False,3.841666666666667,False,False,False,4.13912239074707,1493.4896,2,0.000920493384454,7.004468851127019e-06,197,628,False,628.0,False,False,False,False,1.8211356860604033,0.02026171306213459,0.036995515674312314
AREDPVTHVEY,H4-34,K3-20,True,16,229,1,1,5.8253204836472334e-05,0.0009164912393042,3.836209211505559e-06,7.004468851127019e-06,False,False,False,False,True,False,False,False,False,True,False,False,False,-2,-1,False,2.909090909090909,False,False,False,4.651314163208007,1315.3879,1,0.0009164912393042,7.004468851127019e-06,276,629,False,629.0,False,False,False,True,1.8211356860604033,0.06584274281294118,0.12022113906686906
ARDLPYALSYTPFDI,H1-69,K1-39,True,4,229,1,1,1.4563301209118084e-05,0.0009164912393042,3.836209211505559e-06,7.004468851127019e-06,False,False,False,False,False,False,False,False,False,False,False,False,False,-1,-1,False,0.3266666666666669,False,False,False,4.207874679565429,1741.9362,1,0.0009164912393042,7.004468851127019e-06,126,630,False,630.0,False,False,False,True,1.8211356860604033,0.26323543008260586,0.48063707396266053
ARDRNDPYGFDY,H4-34,K3-20,True,5,228,1,1,1.8204126511397604e-05,0.0009124890941544,3.836209211505559e-06,7.004468851127019e-06,False,False,False,False,True,False,False,False,False,False,False,False,False,-1,-1,False,3.5250000000000004,False,False,False,4.429057693481445,1488.5160999999998,2,0.0009124890941544,7.004468851127019e-06,190,631,False,631.0,False,False,False,True,1.8211356860604033,0.2106172486012451,0.3845624354669947
ARENNREDPFDY,H4-34,K3-15,True,47,227,1,1,0.0001711187892071,0.0009084869490046,3.836209211505559e-06,7.004468851127019e-06,False,False,True,False,True,False,False,False,False,True,False,False,False,-2,-2,False,4.258333333333334,False,False,False,4.316753768920899,1525.5348,2,0.0009084869490046,7.004468851127019e-06,336,632,False,632.0,False,False,False,True,1.8211356860604033,0.02241708849387685,0.040930978846874286
ARERGSDWYGFDY,H1-69,K3-20,True,9,227,1,1,3.276742772051569e-05,0.0009084869490046,3.836209211505559e-06,7.004468851127019e-06,False,False,False,False,False,False,False,False,False,False,False,False,False,-1,-1,False,2.553846153846154,False,False,False,4.558281326293945,1621.6634,2,0.0009084869490046,7.004468851127019e-06,383,634,False,634.0,False,False,False,True,1.8211356860604033,0.11703814113224145,0.21369794209759962
ARERSEVYGFDY,H1-69,K3-20,True,6,227,1,1,2.1844951813677123e-05,0.0009084869490046,3.836209211505559e-06,7.004468851127019e-06,False,False,False,False,False,False,False,False,False,False,False,False,False,-1,-1,False,2.6333333333333333,False,False,False,4.6793262481689455,1491.5598,2,0.0009084869490046,7.004468851127019e-06,385,636,False,636.0,False,False,False,False,1.8211356860604033,0.17553043558324422,0.320498023095321
ARESEYEGYLFDY,H1-69,K3-20,True,3,226,1,1,1.092247590683856e-05,0.0009044848038548,3.836209211505559e-06,7.004468851127019e-06,False,False,False,False,False,False,False,False,False,True,False,False,False,-3,-3,False,2.1384615384615384,False,False,False,4.050025558471679,1641.6879,1,0.0009044848038548,7.004468851127019e-06,281,637,False,637.0,False,False,False,True,1.8211356860604033,0.35090031244486036,0.6407028847642403
ARGTYPLSVDYFDY,H1-69,K3-15,True,3,224,1,1,1.092247590683856e-05,0.0008964805135552,3.836209211505559e-06,7.004468851127019e-06,False,False,False,False,False,False,False,False,False,False,False,False,False,-1,-1,False,1.285714285714286,False,False,False,4.207874679565429,1666.7833999999998,1,0.0008964805135552,7.004468851127019e-06,678,638,False,638.0,False,False,False,True,1.8211356860604033,0.35090031244486036,0.6407028847642403
AREGDVNDRYSFDY,H1-69,K3-15,True,5,222,1,1,1.8204126511397604e-05,0.0008884762232556,3.836209211505559e-06,7.004468851127019e-06,False,False,False,False,False,False,False,False,False,True,False,False,False,-2,-2,False,3.628571428571429,False,False,False,4.226021194458009,1706.7232,2,0.0008884762232556,7.004468851127019e-06,292,639,False,639.0,False,False,False,True,1.8211356860604033,0.2106172486012451,0.3845624354669947
ARELYPPDAYAFDY,H1-69,K3-20,True,3,220,1,1,1.092247590683856e-05,0.000880471932956,3.836209211505559e-06,7.004468851127019e-06,False,False,False,False,False,False,False,False,False,False,False,False,False,-2,-2,False,1.3142857142857145,False,False,False,4.050025558471679,1690.8049,1,0.000880471932956,7.004468851127019e-06,270,640,False,640.0,False,False,False,True,1.8211356860604033,0.35090031244486036,0.6407028847642403
ARDVATSIDVYGFDI,H1-69,K3-15,True,21,211,1,1,7.645733134786994e-05,0.0008444526266078,3.836209211505559e-06,7.004468851127019e-06,False,False,False,False,False,False,False,False,False,False,False,False,False,-2,-2,False,1.4200000000000002,False,False,False,4.050025558471679,1641.7757,1,0.0008444526266078,7.004468851127019e-06,215,641,False,641.0,False,False,False,True,1.8211356860604033,0.05016794942213476,0.09160080164510848
ARESSLADPFDY,H4-34,K1-39,True,7,209,1,1,2.5485777115956645e-05,0.0008364483363082,3.836209211505559e-06,7.004468851127019e-06,False,False,False,False,True,False,False,False,False,False,False,False,False,-2,-2,False,2.583333333333333,False,False,False,4.050025558471679,1370.4199999999998,1,0.0008364483363082,7.004468851127019e-06,434,642,False,642.0,False,False,False,True,1.8211356860604033,0.15046449433795253,0.2747305492697942
AREGTIEDPFDY,H4-34,K3-20,True,16,205,1,1,5.8253204836472334e-05,0.000820439755709,3.836209211505559e-06,7.004468851127019e-06,False,False,False,False,True,False,False,False,False,True,False,False,False,-3,-3,False,2.983333333333334,False,False,False,4.050025558471679,1412.4567,1,0.000820439755709,7.004468851127019e-06,311,643,False,643.0,False,False,False,True,1.8211356860604033,0.06584274281294118,0.12022113906686906
ARERGADPYGFDY,H1-69,K3-15,True,4,200,1,1,1.4563301209118084e-05,0.00080042902996,3.836209211505559e-06,7.004468851127019e-06,False,False,False,False,True,False,False,False,False,False,False,False,False,-1,-1,False,3.146153846153846,False,False,False,4.558281326293945,1516.5693,2,0.00080042902996,7.004468851127019e-06,288,645,False,645.0,False,False,False,True,1.8211356860604033,0.26323543008260586,0.48063707396266053
ARERPSYDEYAFDY,H1-69,K1-39,True,7,199,1,1,2.5485777115956645e-05,0.0007964268848102,3.836209211505559e-06,7.004468851127019e-06,False,False,False,False,False,False,False,False,False,True,False,False,False,-2,-2,False,2.992857142857143,False,False,False,4.316753768920899,1781.8312,2,0.0007964268848102,7.004468851127019e-06,400,646,False,646.0,False,False,False,True,1.8211356860604033,0.15046449433795253,0.2747305492697942
ARDVSSSSDVYGFDI,H1-69,K4-1,True,10,197,1,1,3.640825302279521e-05,0.0007884225945106,3.836209211505559e-06,7.004468851127019e-06,False,False,False,False,False,False,False,False,False,False,False,False,False,-2,-2,False,2.7666666666666666,False,False,False,4.050025558471679,1617.6682,1,0.0007884225945106,7.004468851127019e-06,234,647,False,647.0,False,False,False,True,1.8211356860604033,0.10533754074102257,0.19233401576793716
ARERDYGDIYGFDY,H1-69,K3-15,True,16,195,1,1,5.8253204836472334e-05,0.000780418304211,3.836209211505559e-06,7.004468851127019e-06,False,False,False,False,False,False,False,False,False,True,False,False,False,-2,-2,False,2.628571428571429,False,False,False,4.226021194458009,1739.7944,2,0.000780418304211,7.004468851127019e-06,373,648,False,648.0,False,False,False,False,1.8211356860604033,0.06584274281294118,0.12022113906686906
ARERGEVYGFDY,H1-69,K1-39,True,6,195,1,1,2.1844951813677123e-05,0.000780418304211,3.836209211505559e-06,7.004468851127019e-06,False,False,False,False,False,False,False,False,False,False,False,False,False,-1,-1,False,2.566666666666667,False,False,False,4.6793262481689455,1461.5338,2,0.000780418304211,7.004468851127019e-06,385,649,False,649.0,False,False,False,True,1.8211356860604033,0.17553043558324422,0.320498023095321
ARESTRLDPFDY,H4-34,K3-20,True,47,192,1,1,0.0001711187892071,0.0007684118687616,3.836209211505559e-06,7.004468851127019e-06,False,False,False,False,True,False,False,False,False,False,False,False,False,-1,-1,False,2.65,False,False,False,4.558281326293945,1469.5544,2,0.0007684118687616,7.004468851127019e-06,313,651,False,651.0,False,False,False,True,1.8211356860604033,0.02241708849387685,0.040930978846874286
AREPSPLNYDADFDI,H4-34,K3-15,True,48,191,1,1,0.0001747596145094,0.0007644097236118,3.836209211505559e-06,7.004468851127019e-06,False,False,False,False,False,False,False,False,False,True,False,False,False,-3,-3,False,2.373333333333333,False,False,False,4.050025558471679,1722.8055,1,0.0007644097236118,7.004468851127019e-06,353,652,False,652.0,False,False,False,True,1.8211356860604033,0.02195009253910798,0.0400782989124822
ARERAEAYGFDY,H1-69,K3-15,True,37,190,1,1,0.0001347105361843,0.000760407578462,3.836209211505559e-06,7.004468851127019e-06,False,False,False,False,False,False,False,False,False,False,False,False,False,-1,-1,False,2.75,False,False,False,4.6793262481689455,1447.5073,2,0.000760407578462,7.004468851127019e-06,358,654,False,654.0,False,False,False,True,1.8211356860604033,0.02847531133826219,0.051992584423393225
AREGLQEGYSFDY,H1-69,K3-15,True,20,188,1,1,7.281650604559042e-05,0.0007524032881624,3.836209211505559e-06,7.004468851127019e-06,False,False,False,False,False,False,False,False,False,False,False,False,False,-2,-2,False,2.5846153846153848,False,False,False,4.137435531616211,1534.5812,1,0.0007524032881624,7.004468851127019e-06,304,655,False,655.0,False,False,False,True,1.8211356860604033,0.05267600245855593,0.09618021282995677
AREGWYDGYAFDY,H1-69,K3-20,True,10,187,1,1,3.640825302279521e-05,0.0007484011430126,3.836209211505559e-06,7.004468851127019e-06,False,True,False,False,False,False,False,False,False,False,False,False,False,-2,-2,False,1.7461538461538464,False,False,False,4.050025558471679,1612.6515,1,0.0007484011430126,7.004468851127019e-06,317,656,False,656.0,False,False,False,True,1.8211356860604033,0.10533754074102257,0.19233401576793716
ARVDYLSLQDAFDY,H1-69,K3-15,True,11,185,1,1,4.004907832507473e-05,0.000740396852713,3.836209211505559e-06,7.004468851127019e-06,False,False,False,False,False,False,False,False,False,False,False,False,False,-2,-2,False,1.1285714285714288,False,False,False,4.050025558471679,1675.7919,1,0.000740396852713,7.004468851127019e-06,1326,657,False,657.0,False,False,False,True,1.8211356860604033,0.09576379117799891,0.17485347002461152
ARERTSNDPYGFDY,H1-69,K3-15,True,4,185,1,1,1.4563301209118084e-05,0.000740396852713,3.836209211505559e-06,7.004468851127019e-06,False,False,False,False,True,False,False,False,False,False,False,False,False,-1,-1,False,3.7,False,False,False,4.558281326293945,1690.7239,2,0.000740396852713,7.004468851127019e-06,413,658,False,658.0,False,False,False,True,1.8211356860604033,0.26323543008260586,0.48063707396266053
ARERDALDLYGFDY,H1-69,K1-39,True,24,184,1,1,8.737980725470849e-05,0.0007363947075632,3.836209211505559e-06,7.004468851127019e-06,False,False,False,False,False,False,False,False,False,True,False,False,False,-2,-2,False,1.7642857142857145,False,False,False,4.226021194458009,1703.8054,2,0.0007363947075632,7.004468851127019e-06,368,659,False,659.0,False,False,False,True,1.8211356860604033,0.04389767333305186,0.0801520116723867
ARTGIVEGYSFDY,H1-69,K3-20,True,2,184,1,1,7.281650604559042e-06,0.0007363947075632,3.836209211505559e-06,7.004468851127019e-06,False,False,False,False,False,False,False,False,False,False,False,False,False,-1,-1,False,1.7307692307692308,False,False,False,4.370375442504883,1477.5729,1,0.0007363947075632,7.004468851127019e-06,1256,660,False,660.0,False,False,False,True,1.8211356860604033,0.5261098507801515,0.9606149870575992
ARERGADAYGFDY,H1-69,K1-39,True,35,179,1,1,0.0001274288855797,0.0007163839818142,3.836209211505559e-06,7.004468851127019e-06,False,False,False,False,False,False,False,False,False,False,False,False,False,-1,-1,False,3.146153846153846,False,False,False,4.558281326293945,1490.532,2,0.0007163839818142,7.004468851127019e-06,358,661,False,661.0,False,False,False,True,1.8211356860604033,0.030102344304528635,0.05496335611587281
ARERTEAYGFDY,H1-69,K1-39,True,4,179,1,1,1.4563301209118084e-05,0.0007163839818142,3.836209211505559e-06,7.004468851127019e-06,False,False,False,False,False,False,False,False,False,False,False,False,False,-1,-1,False,3.0083333333333333,False,False,False,4.6793262481689455,1477.5332999999998,2,0.0007163839818142,7.004468851127019e-06,412,662,False,662.0,False,False,False,True,1.8211356860604033,0.26323543008260586,0.48063707396266053
AREDLSYGNVFDY,H1-69,K1-39,True,4,178,1,1,1.4563301209118084e-05,0.0007123818366644,3.836209211505559e-06,7.004468851127019e-06,False,False,False,False,False,False,False,False,False,True,False,False,False,-2,-2,False,2.107692307692308,False,False,False,4.050025558471679,1548.6076999999998,1,0.0007123818366644,7.004468851127019e-06,275,663,False,663.0,False,False,False,True,1.8211356860604033,0.26323543008260586,0.48063707396266053
ARERPDPYGFDY,H1-69,K3-15,True,21,171,1,1,7.645733134786994e-05,0.0006843668206158,3.836209211505559e-06,7.004468851127019e-06,False,False,False,False,True,False,False,False,False,False,False,False,False,-1,-1,False,2.9333333333333336,False,False,False,4.558281326293945,1485.5553,2,0.0006843668206158,7.004468851127019e-06,383,664,False,664.0,False,False,False,True,1.8211356860604033,0.05016794942213476,0.09160080164510848
ARTVHSDYLGYGFDY,H1-69,K3-15,True,12,170,1,1,4.3689903627354246e-05,0.000680364675466,3.836209211505559e-06,7.004468851127019e-06,False,False,False,False,False,False,False,False,False,False,False,False,False,-1,0,False,1.5800000000000003,False,False,False,5.212322616577147,1763.8588,1,0.000680364675466,7.004468851127019e-06,1301,665,False,665.0,False,False,False,True,1.8211356860604033,0.08778530140977835,0.1602856818828892
ARERPDYDPYGFDY,H4-34,K4-1,True,18,169,1,1,6.553485544103138e-05,0.0006763625303162,3.836209211505559e-06,7.004468851127019e-06,False,False,False,False,True,False,False,False,False,True,False,False,False,-2,-2,False,3.092857142857143,False,False,False,4.226021194458009,1763.8158999999998,2,0.0006763625303162,7.004468851127019e-06,279,666,False,666.0,False,False,False,True,1.8211356860604033,0.05852799866126601,0.10686527270517389
ARERPSTYDFDY,H1-69,K3-20,True,29,168,1,1,0.0001055839337661,0.0006723603851664,3.836209211505559e-06,7.004468851127019e-06,False,False,False,False,False,False,False,False,False,True,False,False,False,-1,-1,False,3.2583333333333333,False,False,False,4.558281326293945,1519.57,2,0.0006723603851664,7.004468851127019e-06,403,667,False,667.0,False,False,False,False,1.8211356860604033,0.03632982572657161,0.06633400803726608
AREVLNGQDYDNDFDI,H1-69,K3-15,True,20,167,1,1,7.281650604559042e-05,0.0006683582400166,3.836209211505559e-06,7.004468851127019e-06,False,False,True,False,False,False,False,False,False,True,False,False,False,-4,-4,False,2.9875000000000003,False,False,False,4.050025558471679,1883.9214,1,0.0006683582400166,7.004468851127019e-06,448,668,False,668.0,False,False,False,True,1.8211356860604033,0.05267600245855593,0.09618021282995677
ARERESTYEFDY,H1-69,K4-1,True,23,164,1,1,8.373898195242897e-05,0.0006563518045672,3.836209211505559e-06,7.004468851127019e-06,False,False,False,False,False,False,False,False,False,True,False,False,False,-2,-2,False,3.5500000000000003,False,False,False,4.407384109497071,1565.5954,2,0.0006563518045672,7.004468851127019e-06,381,669,False,669.0,False,False,False,False,1.8211356860604033,0.04580603993114327,0.08363646563615175
AREDYSPYDANEFDY,H1-69,K3-20,True,16,163,1,1,5.8253204836472334e-05,0.0006523496594174,3.836209211505559e-06,7.004468851127019e-06,False,False,False,False,False,False,False,False,False,True,False,False,False,-4,-4,False,3.646666666666667,False,False,False,4.050025558471679,1854.8355,1,0.0006523496594174,7.004468851127019e-06,280,670,False,670.0,False,False,False,True,1.8211356860604033,0.06584274281294118,0.12022113906686906
ARERSSWYEFDY,H1-69,K1-39,True,14,163,1,1,5.097155423191329e-05,0.0006523496594174,3.836209211505559e-06,7.004468851127019e-06,False,False,False,False,False,False,False,False,False,True,False,False,False,-1,-1,False,2.1750000000000003,False,False,False,4.6793262481689455,1608.6647,2,0.0006523496594174,7.004468851127019e-06,416,671,False,671.0,False,False,False,True,1.8211356860604033,0.07524700392723961,0.1373922187476658
ARERIGTYDFDY,H1-69,K3-15,True,1,162,1,1,3.640825302279521e-06,0.0006483475142676,3.836209211505559e-06,7.004468851127019e-06,False,False,False,False,False,False,False,False,False,True,False,False,False,-1,-1,False,2.35,False,False,False,4.558281326293945,1505.5864,2,0.0006483475142676,7.004468851127019e-06,378,672,False,672.0,False,False,False,True,1.8211356860604033,1.0507786305497244,1.918598747180133
ARTEVETGFDY,H1-69,K1-39,True,13,161,1,1,4.733072892963377e-05,0.0006443453691178,3.836209211505559e-06,7.004468851127019e-06,False,False,False,False,False,False,False,False,False,True,False,False,False,-2,-2,False,3.0181818181818185,False,False,False,4.137435531616211,1287.3314,1,0.0006443453691178,7.004468851127019e-06,1252,673,False,673.0,False,False,False,True,1.8211356860604033,0.08103401232388323,0.14795861849821343
ARTVEQEGYEGFDY,H1-69,K3-20,True,19,160,1,1,6.91756807433109e-05,0.000640343223968,3.836209211505559e-06,7.004468851127019e-06,False,False,False,False,False,False,False,False,False,True,False,False,False,-3,-3,False,3.257142857142857,False,False,False,4.050025558471679,1663.6952,1,0.000640343223968,7.004468851127019e-06,1298,674,False,674.0,False,False,False,True,1.8211356860604033,0.05544802291876642,0.10124159762356945
AREELLEGYSFDY,H1-69,K3-20,True,5,160,1,1,1.8204126511397604e-05,0.000640343223968,3.836209211505559e-06,7.004468851127019e-06,False,False,False,False,False,False,False,False,False,True,False,False,False,-3,-3,False,1.576923076923077,False,False,False,4.050025558471679,1591.6723,1,0.000640343223968,7.004468851127019e-06,282,675,False,675.0,False,False,False,True,1.8211356860604033,0.2106172486012451,0.3845624354669947
ARERSTLYDFDY,H4-34,K3-20,True,21,158,1,1,7.645733134786994e-05,0.0006323389336684,3.836209211505559e-06,7.004468851127019e-06,False,False,False,False,False,False,False,False,False,True,False,False,False,-1,-1,False,2.316666666666667,False,False,False,4.558281326293945,1535.6124,2,0.0006323389336684,7.004468851127019e-06,403,676,False,676.0,False,False,False,True,1.8211356860604033,0.05016794942213476,0.09160080164510848
ARETYSDLGFDY,H1-69,K3-15,True,5,158,1,1,1.8204126511397604e-05,0.0006323389336684,3.836209211505559e-06,7.004468851127019e-06,False,False,False,False,False,False,False,False,False,False,False,False,False,-2,-2,False,2.441666666666667,False,False,False,4.050025558471679,1436.4779999999998,1,0.0006323389336684,7.004468851127019e-06,444,677,False,677.0,False,False,False,True,1.8211356860604033,0.2106172486012451,0.3845624354669947
AREVDVEGYVFDY,H1-69,K4-1,True,7,156,1,1,2.5485777115956645e-05,0.0006243346433688,3.836209211505559e-06,7.004468851127019e-06,False,False,False,False,False,False,False,False,False,True,False,False,False,-3,-3,False,1.807692307692308,False,False,False,4.050025558471679,1561.6462,1,0.0006243346433688,7.004468851127019e-06,446,678,False,678.0,False,False,False,True,1.8211356860604033,0.15046449433795253,0.2747305492697942
ARERQYGDPYGFDY,H1-69,K3-20,True,25,155,1,1,9.102063255698802e-05,0.000620332498219,3.836209211505559e-06,7.004468851127019e-06,False,False,False,False,True,False,False,False,False,False,False,False,False,-1,-1,False,3.064285714285714,False,False,False,4.558281326293945,1736.7938,2,0.000620332498219,7.004468851127019e-06,373,679,False,679.0,False,False,False,True,1.8211356860604033,0.04214195929160409,0.07694628340346864
ARERGDLYGFDY,H1-69,K3-15,True,3,154,1,1,1.092247590683856e-05,0.0006163303530692,3.836209211505559e-06,7.004468851127019e-06,False,False,False,False,False,False,False,False,False,False,False,False,False,-1,-1,False,2.291666666666667,False,False,False,4.558281326293945,1461.5338,2,0.0006163303530692,7.004468851127019e-06,376,680,False,680.0,False,False,False,True,1.8211356860604033,0.35090031244486036,0.6407028847642403
ARDESSLADVYGFDI,H1-69,K3-15,True,11,153,1,1,4.004907832507473e-05,0.0006123282079194,3.836209211505559e-06,7.004468851127019e-06,False,False,False,False,False,False,False,False,False,True,False,False,False,-3,-3,False,2.1933333333333334,False,False,False,4.050025558471679,1657.7321000000002,1,0.0006123282079194,7.004468851127019e-06,91,681,False,681.0,False,False,False,True,1.8211356860604033,0.09576379117799891,0.17485347002461152
ARERDEPYAFDY,H1-69,K4-1,True,3,151,1,1,1.092247590683856e-05,0.0006043239176198,3.836209211505559e-06,7.004468851127019e-06,False,False,False,False,False,False,False,False,False,True,False,False,False,-2,-2,False,3.108333333333334,False,False,False,4.316753768920899,1531.5807,2,0.0006043239176198,7.004468851127019e-06,369,682,False,682.0,False,False,False,True,1.8211356860604033,0.35090031244486036,0.6407028847642403
ARERLTKYDFDY,H1-69,K1-39,True,16,149,1,1,5.8253204836472334e-05,0.0005963196273202,3.836209211505559e-06,7.004468851127019e-06,False,False,False,False,False,False,False,False,False,True,False,False,False,0,0,False,2.2500000000000004,False,False,False,6.164375686645509,1576.7074,2,0.0005963196273202,7.004468851127019e-06,397,683,False,683.0,False,False,False,True,1.8211356860604033,0.06584274281294118,0.12022113906686906
ARERHGTYDFDY,H1-69,K3-15,True,13,149,1,1,4.733072892963377e-05,0.0005963196273202,3.836209211505559e-06,7.004468851127019e-06,False,False,False,False,False,False,False,False,False,True,False,False,False,-1,0,False,3.191666666666667,False,False,False,5.382593154907226,1529.5681,2,0.0005963196273202,7.004468851127019e-06,378,684,False,684.0,False,False,False,True,1.8211356860604033,0.08103401232388323,0.14795861849821343
AREREEEYGFDY,H1-69,K3-20,True,11,147,1,1,4.004907832507473e-05,0.0005883153370206,3.836209211505559e-06,7.004468851127019e-06,False,False,False,False,False,False,False,False,False,True,False,False,False,-3,-3,False,3.7,False,False,False,4.251733016967774,1563.5795,2,0.0005883153370206,7.004468851127019e-06,377,685,False,685.0,False,False,False,True,1.8211356860604033,0.09576379117799891,0.17485347002461152
ARERGADLYGFDY,H1-69,K1-39,True,19,146,1,1,6.91756807433109e-05,0.0005843131918708,3.836209211505559e-06,7.004468851127019e-06,False,False,False,False,False,False,False,False,False,False,False,False,False,-1,-1,False,2.276923076923077,False,False,False,4.558281326293945,1532.6117,2,0.0005843131918708,7.004468851127019e-06,358,686,False,686.0,False,False,False,True,1.8211356860604033,0.05544802291876642,0.10124159762356945
AREREAGDNYGFDY,H1-69,K1-39,True,8,142,1,1,2.9126602418236167e-05,0.0005683046112716,3.836209211505559e-06,7.004468851127019e-06,False,False,False,False,False,False,False,False,False,True,False,False,False,-2,-2,False,3.8285714285714287,False,False,False,4.316753768920899,1662.6707,2,0.0005683046112716,7.004468851127019e-06,362,687,False,687.0,False,False,False,True,1.8211356860604033,0.13166288767782108,0.2404010169264974
AREESTGEDPYAFDY,H1-69,K3-15,True,3,142,1,1,1.092247590683856e-05,0.0005683046112716,3.836209211505559e-06,7.004468851127019e-06,False,False,False,False,True,False,False,False,False,True,False,False,False,-4,-4,False,3.886666666666667,False,False,False,4.050025558471679,1749.7415,1,0.0005683046112716,7.004468851127019e-06,283,688,False,688.0,False,False,False,True,1.8211356860604033,0.35090031244486036,0.6407028847642403
AREDVLEGYTFDY,H1-69,K1-39,True,24,140,1,1,8.737980725470849e-05,0.000560300320972,3.836209211505559e-06,7.004468851127019e-06,False,False,False,False,False,False,False,False,False,True,False,False,False,-3,-3,False,2.069230769230769,False,False,False,4.050025558471679,1577.6456999999998,1,0.000560300320972,7.004468851127019e-06,277,689,False,689.0,False,False,False,True,1.8211356860604033,0.04389767333305186,0.0801520116723867
ARERSANDLYGFDY,H1-69,K1-39,True,11,140,1,1,4.004907832507473e-05,0.000560300320972,3.836209211505559e-06,7.004468851127019e-06,False,False,False,False,False,False,False,False,False,False,False,False,False,-1,-1,False,2.671428571428572,False,False,False,4.558281326293945,1676.7403,2,0.000560300320972,7.004468851127019e-06,366,690,False,690.0,False,False,False,True,1.8211356860604033,0.09576379117799891,0.17485347002461152
ARERATAYDFDY,H4-34,K3-20,True,14,136,1,1,5.097155423191329e-05,0.0005442917403728,3.836209211505559e-06,7.004468851127019e-06,False,False,False,False,False,False,False,False,False,True,False,False,False,-1,-1,False,2.891666666666667,False,False,False,4.558281326293945,1477.5332999999998,2,0.0005442917403728,7.004468851127019e-06,361,693,False,693.0,False,False,False,True,1.8211356860604033,0.07524700392723961,0.1373922187476658
ARDRGSDVYGFDY,H1-69,K3-15,True,30,135,1,1,0.0001092247590683,0.000540289595223,3.836209211505559e-06,7.004468851127019e-06,False,False,False,False,False,False,False,False,False,False,False,False,False,-1,-1,False,3.207692307692308,False,False,False,4.429057693481445,1520.5579,2,0.000540289595223,7.004468851127019e-06,175,695,False,695.0,False,False,False,True,1.8211356860604033,0.035118942397327345,0.06412307685640074
ARDAELEGYPFDY,H1-69,K1-39,True,18,134,1,1,6.553485544103138e-05,0.0005362874500732,3.836209211505559e-06,7.004468851127019e-06,False,False,False,False,False,False,False,False,False,True,False,False,False,-3,-3,False,2.276923076923077,False,False,False,4.050025558471679,1545.6038999999998,1,0.0005362874500732,7.004468851127019e-06,82,696,False,696.0,False,False,False,True,1.8211356860604033,0.05852799866126601,0.10686527270517389
ARERGNLYDFDY,H1-69,K3-15,True,16,129,1,1,5.8253204836472334e-05,0.0005162767243242,3.836209211505559e-06,7.004468851127019e-06,False,False,False,False,False,False,False,False,False,True,False,False,False,-1,-1,False,2.4,False,False,False,4.558281326293945,1518.5851,2,0.0005162767243242,7.004468851127019e-06,388,697,False,697.0,False,False,False,False,1.8211356860604033,0.06584274281294118,0.12022113906686906
ARERAKGDFYGFDY,H1-69,K3-20,True,3,129,1,1,1.092247590683856e-05,0.0005162767243242,3.836209211505559e-06,7.004468851127019e-06,False,False,False,False,False,False,False,False,False,False,False,False,False,0,0,False,2.521428571428572,False,False,False,6.164375686645509,1694.8002,2,0.0005162767243242,7.004468851127019e-06,362,698,False,698.0,False,False,False,True,1.8211356860604033,0.35090031244486036,0.6407028847642403
ARERQSPYDFDY,H4-34,K4-1,True,16,126,1,1,5.8253204836472334e-05,0.0005042702888748,3.836209211505559e-06,7.004468851127019e-06,False,False,False,False,False,False,False,False,False,True,False,False,False,-1,-1,False,3.325,False,False,False,4.558281326293945,1546.5953,2,0.0005042702888748,7.004468851127019e-06,365,700,False,700.0,False,False,False,False,1.8211356860604033,0.06584274281294118,0.12022113906686906
ARDYDVASGEHFDY,H1-69,K3-15,True,9,126,1,1,3.276742772051569e-05,0.0005042702888748,3.836209211505559e-06,7.004468851127019e-06,False,False,False,False,False,False,False,False,False,True,False,False,False,-3,-2,False,3.128571428571429,False,False,False,4.2192737579345705,1644.6520999999998,1,0.0005042702888748,7.004468851127019e-06,251,701,False,701.0,False,False,False,True,1.8211356860604033,0.11703814113224145,0.21369794209759962
ARENYQGDEI,H1-69,K3-15,True,8,125,1,1,2.9126602418236167e-05,0.000500268143725,3.836209211505559e-06,7.004468851127019e-06,False,False,False,False,False,False,False,False,False,True,False,False,False,-2,-2,False,4.07,False,False,False,4.137435531616211,1194.2082,1,0.000500268143725,7.004468851127019e-06,337,702,False,702.0,False,False,False,True,1.8211356860604033,0.13166288767782108,0.2404010169264974
ARERSSTYDFDY,H1-69,K3-20,True,8,121,1,1,2.9126602418236167e-05,0.0004842595631258,3.836209211505559e-06,7.004468851127019e-06,False,False,False,False,False,False,False,False,False,True,False,False,False,-1,-1,False,3.625,False,False,False,4.558281326293945,1509.5321,2,0.0004842595631258,7.004468851127019e-06,396,704,False,704.0,False,False,False,False,1.8211356860604033,0.13166288767782108,0.2404010169264974
ARERSNVYDFDY,H4-34,K4-1,True,2,121,1,1,7.281650604559042e-06,0.0004842595631258,3.836209211505559e-06,7.004468851127019e-06,False,False,False,False,False,False,False,False,False,True,False,False,False,-1,-1,False,2.9250000000000003,False,False,False,4.558281326293945,1534.5845,2,0.0004842595631258,7.004468851127019e-06,389,705,False,705.0,False,False,False,True,1.8211356860604033,0.5261098507801515,0.9606149870575992
AREVSSVEDRYGFDI,H1-69,K3-15,True,13,120,1,1,4.733072892963377e-05,0.000480257417976,3.836209211505559e-06,7.004468851127019e-06,False,False,False,False,False,False,False,False,False,True,False,False,False,-2,-2,False,2.553333333333333,False,False,False,4.316753768920899,1742.8399,2,0.000480257417976,7.004468851127019e-06,450,707,False,707.0,False,False,False,True,1.8211356860604033,0.08103401232388323,0.14795861849821343
ARERTYEDNYGFDI,H1-69,K3-15,True,8,118,1,1,2.9126602418236167e-05,0.0004722531276764,3.836209211505559e-06,7.004468851127019e-06,False,False,False,False,False,False,False,False,False,True,False,False,False,-2,-2,False,3.071428571428572,False,False,False,4.316753768920899,1748.803,2,0.0004722531276764,7.004468851127019e-06,417,710,False,710.0,False,False,False,True,1.8211356860604033,0.13166288767782108,0.2404010169264974
ARERLDNYDFDY,H1-69,K3-15,True,11,114,1,1,4.004907832507473e-05,0.0004562445470772,3.836209211505559e-06,7.004468851127019e-06,False,False,False,False,False,False,False,False,False,True,False,False,False,-2,-2,False,2.7583333333333333,False,False,False,4.226021194458009,1576.6211999999998,2,0.0004562445470772,7.004468851127019e-06,302,711,False,711.0,False,False,False,True,1.8211356860604033,0.09576379117799891,0.17485347002461152
AREEWSDYLGTGFDY,H1-69,K3-15,True,4,114,1,1,1.4563301209118084e-05,0.0004562445470772,3.836209211505559e-06,7.004468851127019e-06,False,False,False,False,False,False,False,False,False,True,False,False,False,-3,-3,False,2.186666666666667,False,False,False,4.050025558471679,1808.8532,1,0.0004562445470772,7.004468851127019e-06,284,712,False,712.0,False,False,False,False,1.8211356860604033,0.26323543008260586,0.48063707396266053
ARERAESYDFDY,H1-69,K3-15,True,4,114,1,1,1.4563301209118084e-05,0.0004562445470772,3.836209211505559e-06,7.004468851127019e-06,False,False,False,False,False,False,False,False,False,True,False,False,False,-2,-2,False,3.475,False,False,False,4.316753768920899,1521.5428,2,0.0004562445470772,7.004468851127019e-06,360,713,False,713.0,False,False,False,False,1.8211356860604033,0.26323543008260586,0.48063707396266053
AREYIGLESVDYGFDY,H1-69,K1-39,True,21,113,1,1,7.645733134786994e-05,0.0004522424019274,3.836209211505559e-06,7.004468851127019e-06,False,False,False,False,False,False,False,False,False,False,False,False,False,-3,-3,False,1.5,False,False,False,4.050025558471679,1897.0012,1,0.0004522424019274,7.004468851127019e-06,460,714,False,714.0,False,False,False,True,1.8211356860604033,0.05016794942213476,0.09160080164510848
ARELVDYELELWPFDI,H1-69,K3-15,True,12,110,1,1,4.3689903627354246e-05,0.000440235966478,3.836209211505559e-06,7.004468851127019e-06,False,False,False,False,False,False,False,False,False,True,False,False,False,-4,-4,False,-0.5374999999999999,False,False,False,4.050025558471679,2008.2292,1,0.000440235966478,7.004468851127019e-06,330,715,False,715.0,False,False,False,False,1.8211356860604033,0.08778530140977835,0.1602856818828892
ARERGSNDPYGFDY,H1-69,K1-39,True,3,110,1,1,1.092247590683856e-05,0.000440235966478,3.836209211505559e-06,7.004468851127019e-06,False,False,False,False,True,False,False,False,False,False,False,False,False,-1,-1,False,3.735714285714286,False,False,False,4.558281326293945,1646.6713,2,0.000440235966478,7.004468851127019e-06,383,716,False,716.0,False,False,False,False,1.8211356860604033,0.35090031244486036,0.6407028847642403
ARERISPYDFDY,H4-34,K3-15,True,13,107,1,1,4.733072892963377e-05,0.0004282295310286,3.836209211505559e-06,7.004468851127019e-06,False,False,False,False,False,False,False,False,False,True,False,False,False,-1,-1,False,2.1583333333333337,False,False,False,4.558281326293945,1531.6237,2,0.0004282295310286,7.004468851127019e-06,365,717,False,717.0,False,False,False,False,1.8211356860604033,0.08103401232388323,0.14795861849821343
ARDRKYWYEFDY,H1-69,K3-20,True,2,107,1,1,7.281650604559042e-06,0.0004282295310286,3.836209211505559e-06,7.004468851127019e-06,False,False,False,True,False,False,False,False,False,True,False,False,False,0,0,False,1.5916666666666668,False,False,False,6.163506698608399,1711.829,2,0.0004282295310286,7.004468851127019e-06,184,718,False,718.0,False,False,False,False,1.8211356860604033,0.5261098507801515,0.9606149870575992
AREDEVDGYAFDY,H1-69,K4-1,True,12,105,1,1,4.3689903627354246e-05,0.000420225240729,3.836209211505559e-06,7.004468851127019e-06,False,True,False,False,False,False,False,False,False,True,False,False,False,-4,-4,False,3.3076923076923075,False,False,False,4.050025558471679,1549.5495,1,0.000420225240729,7.004468851127019e-06,273,719,False,719.0,False,False,False,False,1.8211356860604033,0.08778530140977835,0.1602856818828892
AREGAVSTDRYDFDI,H1-69,K3-15,True,5,98,1,1,1.8204126511397604e-05,0.0003922102246804,3.836209211505559e-06,7.004468851127019e-06,False,False,False,False,False,False,False,False,False,True,False,False,False,-2,-2,False,3.0,False,False,False,4.226021194458009,1714.7868,2,0.0003922102246804,7.004468851127019e-06,289,721,False,721.0,False,False,False,False,1.8211356860604033,0.2106172486012451,0.3845624354669947
ARERQTLYEFDY,H1-69,K3-15,True,2,98,1,1,7.281650604559042e-06,0.0003922102246804,3.836209211505559e-06,7.004468851127019e-06,False,False,False,False,False,False,False,False,False,True,False,False,False,-1,-1,False,2.091666666666667,False,False,False,4.6793262481689455,1590.6908999999998,2,0.0003922102246804,7.004468851127019e-06,408,722,False,722.0,False,False,False,False,1.8211356860604033,0.5261098507801515,0.9606149870575992
ARERTSTDIYGFDY,H1-69,K3-15,True,26,92,1,1,9.466145785926754e-05,0.0003681973537816,3.836209211505559e-06,7.004468851127019e-06,False,False,False,False,False,False,False,False,False,False,False,False,False,-1,-1,False,2.85,False,False,False,4.558281326293945,1693.7676,2,0.0003681973537816,7.004468851127019e-06,415,723,False,723.0,False,False,False,False,1.8211356860604033,0.04052128591077808,0.07398712356938042
ARAPWYDIVSAFDY,H1-69,K3-15,True,18,92,1,1,6.553485544103138e-05,0.0003681973537816,3.836209211505559e-06,7.004468851127019e-06,False,False,False,False,False,False,False,False,False,False,False,False,False,-1,-1,False,0.3142857142857144,False,False,False,4.207874679565429,1673.8207,1,0.0003681973537816,7.004468851127019e-06,38,724,False,724.0,False,False,False,False,1.8211356860604033,0.05852799866126601,0.10686527270517389
ARLETVEGYDFDY,H1-69,K1-39,True,5,92,1,1,1.8204126511397604e-05,0.0003681973537816,3.836209211505559e-06,7.004468851127019e-06,False,False,False,False,False,False,False,False,False,True,False,False,False,-3,-3,False,2.069230769230769,False,False,False,4.050025558471679,1577.6456999999998,1,0.0003681973537816,7.004468851127019e-06,941,725,False,725.0,False,False,False,False,1.8211356860604033,0.2106172486012451,0.3845624354669947
ARDASEWYEFDY,H4-34,K3-15,True,8,90,1,1,2.9126602418236167e-05,0.000360193063482,3.836209211505559e-06,7.004468851127019e-06,False,False,False,False,False,False,False,False,False,True,False,False,False,-3,-3,False,2.2916666666666665,False,False,False,4.050025558471679,1551.567,1,0.000360193063482,7.004468851127019e-06,85,726,False,726.0,False,False,False,False,1.8211356860604033,0.13166288767782108,0.2404010169264974
ARERDEPYGFDY,H1-69,K1-39,True,17,88,1,1,6.189403013875185e-05,0.0003521887731824,3.836209211505559e-06,7.004468851127019e-06,False,False,False,False,False,False,False,False,False,True,False,False,False,-2,-2,False,3.408333333333333,False,False,False,4.316753768920899,1517.5540999999998,2,0.0003521887731824,7.004468851127019e-06,358,727,False,727.0,False,False,False,False,1.8211356860604033,0.061970265956950946,0.11315044974337189
ARERAGTYDFDY,H1-69,K3-20,True,6,88,1,1,2.1844951813677123e-05,0.0003521887731824,3.836209211505559e-06,7.004468851127019e-06,False,False,False,False,False,False,False,False,False,True,False,False,False,-1,-1,False,3.191666666666667,False,False,False,4.558281326293945,1463.5067,2,0.0003521887731824,7.004468851127019e-06,361,728,False,728.0,False,False,False,False,1.8211356860604033,0.17553043558324422,0.320498023095321
ARPYSRLWSPWYAFDP,H3-23_A,K3-15,True,96,86,1,1,0.0003495192290188,0.0003441844828828,3.836209211505559e-06,7.004468851127019e-06,False,False,False,False,True,False,False,False,False,False,False,False,False,1,1,False,-0.0187499999999998,False,False,False,8.632579040527343,2012.2277,2,0.0003495192290188,7.004468851127019e-06,1134,729,False,729.0,False,False,False,True,1.8211356860604033,0.010975360264646771,0.020039722774515868
ARERGLWDPYGFDY,H1-69,K3-20,True,20,86,1,1,7.281650604559042e-05,0.0003441844828828,3.836209211505559e-06,7.004468851127019e-06,False,False,False,False,True,False,False,False,False,False,False,False,False,-1,-1,False,1.4,False,False,False,4.558281326293945,1744.8589,2,0.0003441844828828,7.004468851127019e-06,383,730,False,730.0,False,False,False,False,1.8211356860604033,0.05267600245855593,0.09618021282995677
ARERGDLYSFDY,H1-69,K3-20,True,11,86,1,1,4.004907832507473e-05,0.0003441844828828,3.836209211505559e-06,7.004468851127019e-06,False,False,False,False,False,False,False,False,False,False,False,False,False,-1,-1,False,2.3583333333333334,False,False,False,4.558281326293945,1491.5598,2,0.0003441844828828,7.004468851127019e-06,382,731,False,731.0,False,False,False,False,1.8211356860604033,0.09576379117799891,0.17485347002461152
ARERSSAYDFDY,H1-69,K1-39,True,29,84,1,1,0.0001055839337661,0.0003361801925832,3.836209211505559e-06,7.004468851127019e-06,False,False,False,False,False,False,False,False,False,True,False,False,False,-1,-1,False,3.3666666666666667,False,False,False,4.558281326293945,1479.5060999999998,2,0.0003361801925832,7.004468851127019e-06,380,733,False,733.0,False,False,False,False,1.8211356860604033,0.03632982572657161,0.06633400803726608
ARERGEDWYGFDY,H1-69,K3-20,True,18,81,1,1,6.553485544103138e-05,0.0003241737571338,3.836209211505559e-06,7.004468851127019e-06,False,False,False,False,False,False,False,False,False,True,False,False,False,-2,-2,False,2.6538461538461537,False,False,False,4.316753768920899,1663.7000999999998,2,0.0003241737571338,7.004468851127019e-06,376,734,False,734.0,False,False,False,False,1.8211356860604033,0.05852799866126601,0.10686527270517389
ARERAYGDVYGFDY,H1-69,UNK,True,9,81,1,1,3.276742772051569e-05,0.0003241737571338,3.836209211505559e-06,7.004468851127019e-06,False,False,False,False,False,False,False,False,False,False,False,False,False,-1,-1,False,2.3714285714285714,False,False,False,4.558281326293945,1681.7583,2,0.0003241737571338,7.004468851127019e-06,362,735,False,735.0,False,False,False,False,1.8211356860604033,0.11703814113224145,0.21369794209759962
ARERTATDPYGFDY,H1-69,K4-1,True,7,81,1,1,2.5485777115956645e-05,0.0003241737571338,3.836209211505559e-06,7.004468851127019e-06,False,False,False,False,True,False,False,False,False,False,False,False,False,-1,-1,False,3.257142857142857,False,False,False,4.558281326293945,1661.7258,2,0.0003241737571338,7.004468851127019e-06,406,736,False,736.0,False,False,False,False,1.8211356860604033,0.15046449433795253,0.2747305492697942
AREGYREGYPFDY,H4-34,K3-20,True,2,79,1,1,7.281650604559042e-06,0.0003161694668342,3.836209211505559e-06,7.004468851127019e-06,False,False,False,False,False,False,False,False,False,False,False,False,False,-1,-1,False,2.669230769230769,False,False,False,4.6793262481689455,1622.6912,2,0.0003161694668342,7.004468851127019e-06,298,737,False,737.0,False,False,False,False,1.8211356860604033,0.5261098507801515,0.9606149870575992
AREGEEYDIDY,H4-34,K3-15,True,11,78,1,1,4.004907832507473e-05,0.0003121673216844,3.836209211505559e-06,7.004468851127019e-06,False,False,False,False,False,False,False,False,False,True,False,False,False,-4,-4,False,3.963636363636364,False,False,False,4.050025558471679,1359.351,1,0.0003121673216844,7.004468851127019e-06,297,738,False,738.0,False,False,False,False,1.8211356860604033,0.09576379117799891,0.17485347002461152
ARESVDREDFDYGFDY,H1-69,K3-15,True,7,76,1,1,2.5485777115956645e-05,0.0003041630313848,3.836209211505559e-06,7.004468851127019e-06,False,False,False,False,False,False,False,False,False,True,False,False,False,-4,-4,False,3.275,False,False,False,4.050025558471679,1983.9958,2,0.0003041630313848,7.004468851127019e-06,441,739,False,739.0,False,False,False,False,1.8211356860604033,0.15046449433795253,0.2747305492697942
ARNAYWDYTAAFDY,H1-69,K3-15,True,7,76,1,1,2.5485777115956645e-05,0.0003041630313848,3.836209211505559e-06,7.004468851127019e-06,False,False,False,False,False,False,False,False,False,False,False,False,False,-1,-1,False,1.4214285714285717,False,False,False,4.207874679565429,1726.7972,1,0.0003041630313848,7.004468851127019e-06,1059,740,False,740.0,False,False,False,False,1.8211356860604033,0.15046449433795253,0.2747305492697942
ARERPTGDPYAFDY,H1-69,K3-20,True,11,75,1,1,4.004907832507473e-05,0.000300160886235,3.836209211505559e-06,7.004468851127019e-06,False,False,False,False,True,False,False,False,False,False,False,False,False,-1,-1,False,3.0357142857142856,False,False,False,4.558281326293945,1657.7370999999998,2,0.000300160886235,7.004468851127019e-06,367,741,False,741.0,False,False,False,False,1.8211356860604033,0.09576379117799891,0.17485347002461152
AREAPSYDRYEFDY,H1-69,K3-20,True,16,73,1,1,5.8253204836472334e-05,0.0002921565959354,3.836209211505559e-06,7.004468851127019e-06,False,False,False,False,False,False,False,False,False,True,False,False,False,-2,-2,False,2.992857142857143,False,False,False,4.316753768920899,1781.8312,2,0.0002921565959354,7.004468851127019e-06,266,742,False,742.0,False,False,False,False,1.8211356860604033,0.06584274281294118,0.12022113906686906
ARERGALYDFDY,H1-69,K3-20,True,5,70,1,1,1.8204126511397604e-05,0.000280150160486,3.836209211505559e-06,7.004468851127019e-06,False,False,False,False,False,False,False,False,False,True,False,False,False,-1,-1,False,1.991666666666667,False,False,False,4.558281326293945,1475.5603999999998,2,0.000280150160486,7.004468851127019e-06,360,744,False,744.0,False,False,False,False,1.8211356860604033,0.2106172486012451,0.3845624354669947
AREAYVEGYSFDY,H1-69,K3-20,True,14,69,1,1,5.097155423191329e-05,0.0002761480153362,3.836209211505559e-06,7.004468851127019e-06,False,False,False,False,False,False,False,False,False,False,False,False,False,-2,-2,False,2.123076923076923,False,False,False,4.137435531616211,1569.6252,1,0.0002761480153362,7.004468851127019e-06,272,745,False,745.0,False,False,False,False,1.8211356860604033,0.07524700392723961,0.1373922187476658
AREPGPDVSVNDFDI,H4-34,K3-15,True,26,66,1,1,9.466145785926754e-05,0.0002641415798868,3.836209211505559e-06,7.004468851127019e-06,False,False,False,False,False,False,False,False,False,True,False,False,False,-3,-3,False,2.86,False,False,False,4.050025558471679,1630.7100999999998,1,0.0002641415798868,7.004468851127019e-06,341,747,False,747.0,False,False,False,False,1.8211356860604033,0.04052128591077808,0.07398712356938042
ARERIPSDVYGFDY,H1-69,K3-20,True,5,66,1,1,1.8204126511397604e-05,0.0002641415798868,3.836209211505559e-06,7.004468851127019e-06,False,False,False,False,False,False,False,False,False,False,False,False,False,-1,-1,False,1.992857142857143,False,False,False,4.558281326293945,1687.8059999999998,2,0.0002641415798868,7.004468851127019e-06,363,748,False,748.0,False,False,False,False,1.8211356860604033,0.2106172486012451,0.3845624354669947
ARERESAYDFDY,H1-69,K1-39,True,2,66,1,1,7.281650604559042e-06,0.0002641415798868,3.836209211505559e-06,7.004468851127019e-06,False,False,False,False,False,False,False,False,False,True,False,False,False,-2,-2,False,3.475,False,False,False,4.316753768920899,1521.5428,2,0.0002641415798868,7.004468851127019e-06,380,749,False,749.0,False,False,False,False,1.8211356860604033,0.5261098507801515,0.9606149870575992
AREGSYEGYSFDY,H1-69,K3-15,True,17,65,1,1,6.189403013875185e-05,0.000260139434737,3.836209211505559e-06,7.004468851127019e-06,False,False,False,False,False,False,False,False,False,False,False,False,False,-2,-2,False,3.1846153846153844,False,False,False,4.137435531616211,1543.5449,1,0.000260139434737,7.004468851127019e-06,309,750,False,750.0,False,False,False,False,1.8211356860604033,0.061970265956950946,0.11315044974337189
ARERGDVYGFDY,H1-69,K1-39,True,2,64,1,1,7.281650604559042e-06,0.0002561372895872,3.836209211505559e-06,7.004468851127019e-06,False,False,False,False,False,False,False,False,False,False,False,False,False,-1,-1,False,2.75,False,False,False,4.558281326293945,1447.5072,2,0.0002561372895872,7.004468851127019e-06,175,751,False,751.0,False,False,False,False,1.8211356860604033,0.5261098507801515,0.9606149870575992
AREPGPLTLDEFDY,H4-34,K3-20,True,1,62,1,1,3.640825302279521e-06,0.0002481329992876,3.836209211505559e-06,7.004468851127019e-06,False,False,False,False,False,False,False,False,False,True,False,False,False,-3,-3,False,1.9642857142857144,False,False,False,4.050025558471679,1622.7295,1,0.0002481329992876,7.004468851127019e-06,342,753,False,753.0,False,False,False,False,1.8211356860604033,1.0507786305497244,1.918598747180133
ARERGSTYEFDY,H4-34,K3-20,True,1,62,1,1,3.640825302279521e-06,0.0002481329992876,3.836209211505559e-06,7.004468851127019e-06,False,False,False,False,False,False,False,False,False,True,False,False,False,-1,-1,False,3.375,False,False,False,4.6793262481689455,1493.5327,2,0.0002481329992876,7.004468851127019e-06,381,754,False,754.0,False,False,False,False,1.8211356860604033,1.0507786305497244,1.918598747180133
ARERPSSDPYGFDY,H1-69,K3-15,True,1,62,1,1,3.640825302279521e-06,0.0002481329992876,3.836209211505559e-06,7.004468851127019e-06,False,False,False,False,True,False,False,False,False,False,False,False,False,-1,-1,False,3.442857142857143,False,False,False,4.558281326293945,1659.7098999999998,2,0.0002481329992876,7.004468851127019e-06,193,755,False,755.0,False,False,False,False,1.8211356860604033,1.0507786305497244,1.918598747180133
AREPVSDYRYPEDAFDI,H1-69,K3-15,True,7,61,1,1,2.5485777115956645e-05,0.0002441308541378,3.836209211505559e-06,7.004468851127019e-06,False,False,False,False,False,False,False,False,False,True,False,False,False,-3,-3,False,2.6,False,False,False,4.105078506469726,2043.1492,2,0.0002441308541378,7.004468851127019e-06,354,756,False,756.0,False,False,False,False,1.8211356860604033,0.15046449433795253,0.2747305492697942
AREVEQEGYSFDY,H1-69,K4-1,True,4,61,1,1,1.4563301209118084e-05,0.0002441308541378,3.836209211505559e-06,7.004468851127019e-06,False,False,False,False,False,False,False,False,False,True,False,False,False,-3,-3,False,3.169230769230769,False,False,False,4.050025558471679,1592.6173,1,0.0002441308541378,7.004468851127019e-06,447,757,False,757.0,False,False,False,False,1.8211356860604033,0.26323543008260586,0.48063707396266053
AREAYPSDPYGFDY,H4-34,K3-20,True,1,60,1,1,3.640825302279521e-06,0.000240128708988,3.836209211505559e-06,7.004468851127019e-06,False,False,False,False,True,False,False,False,False,False,False,False,False,-2,-2,False,2.692857142857143,False,False,False,4.050025558471679,1650.698,1,0.000240128708988,7.004468851127019e-06,271,758,False,758.0,False,False,False,False,1.8211356860604033,1.0507786305497244,1.918598747180133
AREPGPLTLDEFDY,H1-69,K3-15,True,1,59,1,1,3.640825302279521e-06,0.0002361265638382,3.836209211505559e-06,7.004468851127019e-06,False,False,False,False,False,False,False,False,False,True,False,False,False,-3,-3,False,1.9642857142857144,False,False,False,4.050025558471679,1622.7295,1,0.0002361265638382,7.004468851127019e-06,342,759,False,759.0,False,False,False,False,1.8211356860604033,1.0507786305497244,1.918598747180133
AREGVYEGYSFDY,H1-69,K3-15,True,9,58,1,1,3.276742772051569e-05,0.0002321244186884,3.836209211505559e-06,7.004468851127019e-06,False,False,False,False,False,False,False,False,False,False,False,False,False,-2,-2,False,2.4000000000000004,False,False,False,4.137435531616211,1555.5986,1,0.0002321244186884,7.004468851127019e-06,309,760,False,760.0,False,False,False,False,1.8211356860604033,0.11703814113224145,0.21369794209759962
ARAYGSIWAVPFDY,H4-34,K3-20,True,1,58,1,1,3.640825302279521e-06,0.0002321244186884,3.836209211505559e-06,7.004468851127019e-06,False,False,False,False,False,False,False,False,False,False,False,False,False,0,0,False,0.0071428571428572,False,False,False,5.87944984436035,1615.7846,1,0.0002321244186884,7.004468851127019e-06,77,761,False,761.0,False,False,False,False,1.8211356860604033,1.0507786305497244,1.918598747180133
ARERGWDVYGFDY,H1-69,K1-39,True,8,57,1,1,2.9126602418236167e-05,0.0002281222735386,3.836209211505559e-06,7.004468851127019e-06,False,False,False,False,False,False,False,False,False,False,False,False,False,-1,-1,False,1.7692307692307692,False,False,False,4.558281326293945,1633.7170999999998,2,0.0002281222735386,7.004468851127019e-06,383,762,False,762.0,False,False,False,False,1.8211356860604033,0.13166288767782108,0.2404010169264974
ARERPSSDPYGFDY,H4-34,K3-20,True,2,57,1,1,7.281650604559042e-06,0.0002281222735386,3.836209211505559e-06,7.004468851127019e-06,False,False,False,False,True,False,False,False,False,False,False,False,False,-1,-1,False,3.442857142857143,False,False,False,4.558281326293945,1659.7098999999998,2,0.0002281222735386,7.004468851127019e-06,193,763,False,763.0,False,False,False,False,1.8211356860604033,0.5261098507801515,0.9606149870575992
ARDYGTTADRYGFDI,H1-69,K3-15,True,66,56,1,1,0.0002402944699504,0.0002241201283888,3.836209211505559e-06,7.004468851127019e-06,False,False,False,False,False,False,False,False,False,False,False,False,False,-1,-1,False,2.893333333333333,False,False,False,4.429057693481445,1720.7929,2,0.0002402944699504,7.004468851127019e-06,250,764,False,764.0,False,False,False,False,1.8211356860604033,0.015963952781641436,0.029148308612706102
ARERGSVYDFDY,H1-69,K1-39,True,18,52,1,1,6.553485544103138e-05,0.0002081115477896,3.836209211505559e-06,7.004468851127019e-06,False,False,False,False,False,False,False,False,False,True,False,False,False,-1,-1,False,2.816666666666667,False,False,False,4.558281326293945,1477.5332,2,0.0002081115477896,7.004468851127019e-06,389,765,False,765.0,False,False,False,False,1.8211356860604033,0.05852799866126601,0.10686527270517389
ARERQSSDPYGFDY,H1-69,K3-20,True,10,52,1,1,3.640825302279521e-05,0.0002081115477896,3.836209211505559e-06,7.004468851127019e-06,False,False,False,False,True,False,False,False,False,False,False,False,False,-1,-1,False,3.721428571428572,False,False,False,4.558281326293945,1690.7239,2,0.0002081115477896,7.004468851127019e-06,406,766,False,766.0,False,False,False,False,1.8211356860604033,0.10533754074102257,0.19233401576793716
AREGYREGYPFDY,H1-69,K3-15,True,3,52,1,1,1.092247590683856e-05,0.0002081115477896,3.836209211505559e-06,7.004468851127019e-06,False,False,False,False,False,False,False,False,False,False,False,False,False,-1,-1,False,2.669230769230769,False,False,False,4.6793262481689455,1622.6912,2,0.0002081115477896,7.004468851127019e-06,298,767,False,767.0,False,False,False,False,1.8211356860604033,0.35090031244486036,0.6407028847642403
AREGYREGYPFDY,H1-69,K1-39,True,4,51,1,1,1.4563301209118084e-05,0.0002041094026398,3.836209211505559e-06,7.004468851127019e-06,False,False,False,False,False,False,False,False,False,False,False,False,False,-1,-1,False,2.669230769230769,False,False,False,4.6793262481689455,1622.6912,2,0.0002041094026398,7.004468851127019e-06,298,768,False,768.0,False,False,False,False,1.8211356860604033,0.26323543008260586,0.48063707396266053
ARERHTKYDFDY,H1-69,K3-20,True,16,49,1,1,5.8253204836472334e-05,0.0001961051123402,3.836209211505559e-06,7.004468851127019e-06,False,False,False,False,False,False,False,False,False,True,False,False,False,0,1,False,3.191666666666667,False,False,False,6.797459030151367,1600.6890999999998,2,0.0001961051123402,7.004468851127019e-06,392,769,False,769.0,False,False,False,False,1.8211356860604033,0.06584274281294118,0.12022113906686906
AREEDYEGYLFDY,H1-69,K1-39,True,7,49,1,1,2.5485777115956645e-05,0.0001961051123402,3.836209211505559e-06,7.004468851127019e-06,False,False,False,False,False,False,False,False,False,True,False,False,False,-4,-4,False,2.407692307692308,False,False,False,4.050025558471679,1669.698,1,0.0001961051123402,7.004468851127019e-06,281,770,False,770.0,False,False,False,False,1.8211356860604033,0.15046449433795253,0.2747305492697942
ARDRPVSDPYGFDY,H1-69,K4-1,True,4,49,1,1,1.4563301209118084e-05,0.0001961051123402,3.836209211505559e-06,7.004468851127019e-06,False,False,False,False,True,False,False,False,False,False,False,False,False,-1,-1,False,2.8714285714285714,False,False,False,4.429057693481445,1657.737,2,0.0001961051123402,7.004468851127019e-06,193,771,False,771.0,False,False,False,False,1.8211356860604033,0.26323543008260586,0.48063707396266053
ARERPSSDPYGFDY,H4-34,K1-39,True,3,49,1,1,1.092247590683856e-05,0.0001961051123402,3.836209211505559e-06,7.004468851127019e-06,False,False,False,False,True,False,False,False,False,False,False,False,False,-1,-1,False,3.442857142857143,False,False,False,4.558281326293945,1659.7098999999998,2,0.0001961051123402,7.004468851127019e-06,193,772,False,772.0,False,False,False,False,1.8211356860604033,0.35090031244486036,0.6407028847642403
ARESSDAYDFDY,H1-69,K1-39,True,3,49,1,1,1.092247590683856e-05,0.0001961051123402,3.836209211505559e-06,7.004468851127019e-06,False,False,False,False,False,False,False,False,False,True,False,False,False,-3,-3,False,3.85,False,False,False,4.050025558471679,1438.4078,1,0.0001961051123402,7.004468851127019e-06,432,773,False,773.0,False,False,False,False,1.8211356860604033,0.35090031244486036,0.6407028847642403
AREGDWSESSFDI,H4-34,K4-1,True,1,49,1,1,3.640825302279521e-06,0.0001961051123402,3.836209211505559e-06,7.004468851127019e-06,False,False,False,False,False,False,False,False,False,True,False,False,False,-3,-3,False,3.069230769230769,False,False,False,4.050025558471679,1498.5062,1,0.0001961051123402,7.004468851127019e-06,293,774,False,774.0,False,False,False,False,1.8211356860604033,1.0507786305497244,1.918598747180133
ARDVIAGVSYDEFDI,H1-69,K4-1,True,5,48,1,1,1.8204126511397604e-05,0.0001921029671904,3.836209211505559e-06,7.004468851127019e-06,False,False,False,False,False,False,False,False,False,True,False,False,False,-3,-3,False,1.5933333333333335,False,False,False,4.050025558471679,1669.7858,1,0.0001921029671904,7.004468851127019e-06,220,775,False,775.0,False,False,False,False,1.8211356860604033,0.2106172486012451,0.3845624354669947
AREPGPLTLDEFDY,H4-34,K1-39,True,2,47,1,1,7.281650604559042e-06,0.0001881008220406,3.836209211505559e-06,7.004468851127019e-06,False,False,False,False,False,False,False,False,False,True,False,False,False,-3,-3,False,1.9642857142857144,False,False,False,4.050025558471679,1622.7295,1,0.0001881008220406,7.004468851127019e-06,342,776,False,776.0,False,False,False,False,1.8211356860604033,0.5261098507801515,0.9606149870575992
AREGSIIAGYDEFDI,H1-69,K3-20,True,7,46,1,1,2.5485777115956645e-05,0.0001840986768908,3.836209211505559e-06,7.004468851127019e-06,False,False,False,False,False,False,False,False,False,True,False,False,False,-3,-3,False,1.7866666666666666,False,False,False,4.050025558471679,1655.7593000000002,1,0.0001840986768908,7.004468851127019e-06,307,777,False,777.0,False,False,False,False,1.8211356860604033,0.15046449433795253,0.2747305492697942
AREPRVPADVDYDFDI,H1-69,K1-39,True,3,46,1,1,1.092247590683856e-05,0.0001840986768908,3.836209211505559e-06,7.004468851127019e-06,False,False,False,False,False,False,False,False,False,True,False,False,False,-3,-3,False,2.38125,False,False,False,4.050025558471679,1878.0031,2,0.0001840986768908,7.004468851127019e-06,350,778,False,778.0,False,False,False,False,1.8211356860604033,0.35090031244486036,0.6407028847642403
ARERPDAYDFDY,H1-69,K3-20,True,10,45,1,1,3.640825302279521e-05,0.000180096531741,3.836209211505559e-06,7.004468851127019e-06,False,False,False,False,False,False,False,False,False,True,False,False,False,-2,-2,False,3.2916666666666665,False,False,False,4.226021194458009,1517.5540999999998,2,0.000180096531741,7.004468851127019e-06,393,779,False,779.0,False,False,False,False,1.8211356860604033,0.10533754074102257,0.19233401576793716
ARERASYDEYGFDY,H1-69,K3-15,True,8,43,1,1,2.9126602418236167e-05,0.0001720922414414,3.836209211505559e-06,7.004468851127019e-06,False,False,False,False,False,False,False,False,False,True,False,False,False,-2,-2,False,3.25,False,False,False,4.316753768920899,1741.7673,2,0.0001720922414414,7.004468851127019e-06,358,781,False,781.0,False,False,False,False,1.8211356860604033,0.13166288767782108,0.2404010169264974
ARERESGDAYGFDY,H1-69,K3-15,True,5,43,1,1,1.8204126511397604e-05,0.0001720922414414,3.836209211505559e-06,7.004468851127019e-06,False,False,False,False,False,False,False,False,False,True,False,False,False,-2,-2,False,3.792857142857143,False,False,False,4.316753768920899,1635.6454,2,0.0001720922414414,7.004468851127019e-06,374,782,False,782.0,False,False,False,False,1.8211356860604033,0.2106172486012451,0.3845624354669947
AREAYPSDPYGFDY,H1-69,K1-39,True,1,43,1,1,3.640825302279521e-06,0.0001720922414414,3.836209211505559e-06,7.004468851127019e-06,False,False,False,False,True,False,False,False,False,False,False,False,False,-2,-2,False,2.692857142857143,False,False,False,4.050025558471679,1650.698,1,0.0001720922414414,7.004468851127019e-06,271,783,False,783.0,False,False,False,False,1.8211356860604033,1.0507786305497244,1.918598747180133
ARDARFSVSYTPFDI,H1-69,K1-39,True,3,42,1,1,1.092247590683856e-05,0.0001680900962916,3.836209211505559e-06,7.004468851127019e-06,False,False,False,False,False,False,False,False,False,False,False,False,False,0,0,False,1.3933333333333335,False,False,False,6.004890823364257,1744.9004,2,0.0001680900962916,7.004468851127019e-06,86,785,False,785.0,False,False,False,False,1.8211356860604033,0.35090031244486036,0.6407028847642403
AREREDAYGFDY,H4-34,K3-20,True,1,42,1,1,3.640825302279521e-06,0.0001680900962916,3.836209211505559e-06,7.004468851127019e-06,False,False,False,False,False,False,False,False,False,True,False,False,False,-2,-2,False,3.408333333333333,False,False,False,4.316753768920899,1491.5168,2,0.0001680900962916,7.004468851127019e-06,374,786,False,786.0,False,False,False,False,1.8211356860604033,1.0507786305497244,1.918598747180133
AREPGPLTLDEFDY,UNK,K3-15,True,2,41,1,1,7.281650604559042e-06,0.0001640879511418,3.836209211505559e-06,7.004468851127019e-06,False,False,False,False,False,False,False,False,False,True,False,False,False,-3,-3,False,1.9642857142857144,False,False,False,4.050025558471679,1622.7295,1,0.0001640879511418,7.004468851127019e-06,342,787,False,787.0,False,False,False,False,1.8211356860604033,0.5261098507801515,0.9606149870575992
ARERASAYDFDY,H4-34,K3-20,True,2,40,1,1,7.281650604559042e-06,0.000160085805992,3.836209211505559e-06,7.004468851127019e-06,False,False,False,False,False,False,False,False,False,True,False,False,False,-1,-1,False,3.0,False,False,False,4.558281326293945,1463.5067,2,0.000160085805992,7.004468851127019e-06,361,788,False,788.0,False,False,False,False,1.8211356860604033,0.5261098507801515,0.9606149870575992
AREPIEADPYAFDY,H4-34,K3-20,True,1,39,1,1,3.640825302279521e-06,0.0001560836608422,3.836209211505559e-06,7.004468851127019e-06,False,False,False,False,True,False,False,False,False,True,False,False,False,-3,-3,False,2.092857142857143,False,False,False,4.050025558471679,1656.7457,1,0.0001560836608422,7.004468851127019e-06,344,789,False,789.0,False,False,False,False,1.8211356860604033,1.0507786305497244,1.918598747180133
ARERQEVYGFDY,H4-34,K1-39,True,1,39,1,1,3.640825302279521e-06,0.0001560836608422,3.836209211505559e-06,7.004468851127019e-06,False,False,False,False,False,False,False,False,False,False,False,False,False,-1,-1,False,2.591666666666667,False,False,False,4.6793262481689455,1532.6117,2,0.0001560836608422,7.004468851127019e-06,385,790,False,790.0,False,False,False,False,1.8211356860604033,1.0507786305497244,1.918598747180133
AREAYPSDPYGFDY,H1-69,K3-15,True,2,38,1,1,7.281650604559042e-06,0.0001520815156924,3.836209211505559e-06,7.004468851127019e-06,False,False,False,False,True,False,False,False,False,False,False,False,False,-2,-2,False,2.692857142857143,False,False,False,4.050025558471679,1650.698,1,0.0001520815156924,7.004468851127019e-06,271,792,False,792.0,False,False,False,False,1.8211356860604033,0.5261098507801515,0.9606149870575992
ARERKSSYDFDY,H1-69,K3-20,True,7,37,1,1,2.5485777115956645e-05,0.0001480793705426,3.836209211505559e-06,7.004468851127019e-06,False,False,False,False,False,False,False,False,False,True,False,False,False,0,0,False,3.6666666666666665,False,False,False,6.164375686645509,1536.6005,2,0.0001480793705426,7.004468851127019e-06,396,793,False,793.0,False,False,False,False,1.8211356860604033,0.15046449433795253,0.2747305492697942
ARERGDVYGFDY,H4-34,K3-20,True,1,37,1,1,3.640825302279521e-06,0.0001480793705426,3.836209211505559e-06,7.004468851127019e-06,False,False,False,False,False,False,False,False,False,False,False,False,False,-1,-1,False,2.75,False,False,False,4.558281326293945,1447.5072,2,0.0001480793705426,7.004468851127019e-06,175,794,False,794.0,False,False,False,False,1.8211356860604033,1.0507786305497244,1.918598747180133
ARERGIGDPYGFDY,H1-69,K1-39,True,14,36,1,1,5.097155423191329e-05,0.0001440772253928,3.836209211505559e-06,7.004468851127019e-06,False,False,False,False,True,False,False,False,False,False,False,False,False,-1,-1,False,2.607142857142857,False,False,False,4.558281326293945,1615.7003,2,0.0001440772253928,7.004468851127019e-06,379,795,False,795.0,False,False,False,False,1.8211356860604033,0.07524700392723961,0.1373922187476658
AREGTRLDPFDY,H1-69,K3-20,True,1,35,1,1,3.640825302279521e-06,0.000140075080243,3.836209211505559e-06,7.004468851127019e-06,False,False,False,False,True,False,False,False,False,False,False,False,False,-1,-1,False,2.583333333333333,False,False,False,4.558281326293945,1439.5284,2,0.000140075080243,7.004468851127019e-06,313,796,False,796.0,False,False,False,False,1.8211356860604033,1.0507786305497244,1.918598747180133
ARERAPYDAYGFDY,H1-69,K3-15,True,19,34,1,1,6.91756807433109e-05,0.0001360729350932,3.836209211505559e-06,7.004468851127019e-06,False,False,False,False,False,False,False,False,False,False,False,False,False,-1,-1,False,2.5285714285714285,False,False,False,4.558281326293945,1693.7691,2,0.0001360729350932,7.004468851127019e-06,363,797,False,797.0,False,False,False,False,1.8211356860604033,0.05544802291876642,0.10124159762356945
ARERGSTYEFDY,H1-69,K1-39,True,1,34,1,1,3.640825302279521e-06,0.0001360729350932,3.836209211505559e-06,7.004468851127019e-06,False,False,False,False,False,False,False,False,False,True,False,False,False,-1,-1,False,3.375,False,False,False,4.6793262481689455,1493.5327,2,0.0001360729350932,7.004468851127019e-06,381,799,False,799.0,False,False,False,False,1.8211356860604033,1.0507786305497244,1.918598747180133
ARERLSPYDFDY,H1-69,K3-20,True,1,34,1,1,3.640825302279521e-06,0.0001360729350932,3.836209211505559e-06,7.004468851127019e-06,False,False,False,False,False,False,False,False,False,True,False,False,False,-1,-1,False,2.0583333333333336,False,False,False,4.558281326293945,1531.6237,2,0.0001360729350932,7.004468851127019e-06,365,800,False,800.0,False,False,False,False,1.8211356860604033,1.0507786305497244,1.918598747180133
ARERSSAYDFDY,H4-34,K3-20,True,31,33,1,1,0.0001128655843706,0.0001320707899434,3.836209211505559e-06,7.004468851127019e-06,False,False,False,False,False,False,False,False,False,True,False,False,False,-1,-1,False,3.3666666666666667,False,False,False,4.558281326293945,1479.5060999999998,2,0.0001320707899434,7.004468851127019e-06,380,801,False,801.0,False,False,False,False,1.8211356860604033,0.033986173652136166,0.062054773759837374
ARERVEPYGFDY,H1-69,K3-20,True,3,33,1,1,1.092247590683856e-05,0.0001320707899434,3.836209211505559e-06,7.004468851127019e-06,False,False,False,False,False,False,False,False,False,False,False,False,False,-1,-1,False,2.266666666666667,False,False,False,4.6793262481689455,1501.5977,2,0.0001320707899434,7.004468851127019e-06,404,802,False,802.0,False,False,False,False,1.8211356860604033,0.35090031244486036,0.6407028847642403
ARDRSSEYDLDY,H1-69,K3-20,True,1,33,1,1,3.640825302279521e-06,0.0001320707899434,3.836209211505559e-06,7.004468851127019e-06,False,False,False,False,False,False,False,False,False,True,False,False,False,-2,-2,False,4.025,False,False,False,4.226021194458009,1489.4994,2,0.0001320707899434,7.004468851127019e-06,202,803,False,803.0,False,False,False,False,1.8211356860604033,1.0507786305497244,1.918598747180133
AREREGLYDFDY,H1-69,K3-20,True,13,32,1,1,4.733072892963377e-05,0.0001280686447936,3.836209211505559e-06,7.004468851127019e-06,False,False,False,False,False,False,False,False,False,True,False,False,False,-2,-2,False,2.466666666666667,False,False,False,4.316753768920899,1533.5965,2,0.0001280686447936,7.004468851127019e-06,360,804,False,804.0,False,False,False,False,1.8211356860604033,0.08103401232388323,0.14795861849821343
VREGASVEEYDAFDI,H1-69,K3-20,True,1,32,1,1,3.640825302279521e-06,0.0001280686447936,3.836209211505559e-06,7.004468851127019e-06,False,False,False,False,False,False,False,False,False,True,False,False,False,-4,-4,False,2.5,False,False,False,4.050025558471679,1699.7687999999998,1,0.0001280686447936,7.004468851127019e-06,1624,805,False,805.0,False,False,False,False,1.8211356860604033,1.0507786305497244,1.918598747180133
AREREGTYDFDY,H4-34,K3-20,True,2,31,1,1,7.281650604559042e-06,0.0001240664996438,3.836209211505559e-06,7.004468851127019e-06,False,False,False,False,False,False,False,False,False,True,False,False,False,-2,-2,False,3.6666666666666665,False,False,False,4.316753768920899,1521.5428,2,0.0001240664996438,7.004468851127019e-06,378,806,False,806.0,False,False,False,False,1.8211356860604033,0.5261098507801515,0.9606149870575992
ARERQEVYGFDY,H1-69,K3-15,True,2,31,1,1,7.281650604559042e-06,0.0001240664996438,3.836209211505559e-06,7.004468851127019e-06,False,False,False,False,False,False,False,False,False,False,False,False,False,-1,-1,False,2.591666666666667,False,False,False,4.6793262481689455,1532.6117,2,0.0001240664996438,7.004468851127019e-06,385,807,False,807.0,False,False,False,False,1.8211356860604033,0.5261098507801515,0.9606149870575992
AREPGPLTLDEFDY,H5-51,K3-15,True,1,31,1,1,3.640825302279521e-06,0.0001240664996438,3.836209211505559e-06,7.004468851127019e-06,False,False,False,False,False,False,False,False,False,True,False,False,False,-3,-3,False,1.9642857142857144,False,False,False,4.050025558471679,1622.7295,1,0.0001240664996438,7.004468851127019e-06,342,808,False,808.0,False,False,False,False,1.8211356860604033,1.0507786305497244,1.918598747180133
ARERASAYDFDY,H1-69,K3-15,True,1,31,1,1,3.640825302279521e-06,0.0001240664996438,3.836209211505559e-06,7.004468851127019e-06,False,False,False,False,False,False,False,False,False,True,False,False,False,-1,-1,False,3.0,False,False,False,4.558281326293945,1463.5067,2,0.0001240664996438,7.004468851127019e-06,361,809,False,809.0,False,False,False,False,1.8211356860604033,1.0507786305497244,1.918598747180133
ARERDYGDIYGFDY,H4-34,K1-39,True,1,31,1,1,3.640825302279521e-06,0.0001240664996438,3.836209211505559e-06,7.004468851127019e-06,False,False,False,False,False,False,False,False,False,True,False,False,False,-2,-2,False,2.628571428571429,False,False,False,4.226021194458009,1739.7944,2,0.0001240664996438,7.004468851127019e-06,373,810,False,810.0,False,False,False,False,1.8211356860604033,1.0507786305497244,1.918598747180133
ARERSDVYGFDY,H4-34,K3-20,True,1,31,1,1,3.640825302279521e-06,0.0001240664996438,3.836209211505559e-06,7.004468851127019e-06,False,False,False,False,False,False,False,False,False,False,False,False,False,-1,-1,False,2.816666666666667,False,False,False,4.558281326293945,1477.5332,2,0.0001240664996438,7.004468851127019e-06,175,811,False,811.0,False,False,False,False,1.8211356860604033,1.0507786305497244,1.918598747180133
ARWLGRGYFDY,H5-51,K3-15,True,17,30,1,1,6.189403013875185e-05,0.000120064354494,3.836209211505559e-06,7.004468851127019e-06,False,False,False,False,False,False,False,False,False,False,False,False,False,1,1,False,-0.027272727272727,False,False,False,8.632579040527343,1403.5422999999998,2,0.000120064354494,7.004468851127019e-06,1480,812,False,812.0,False,False,False,False,1.8211356860604033,0.061970265956950946,0.11315044974337189
AREGYEDEKGYSFDI,H1-69,UNK,True,11,30,1,1,4.004907832507473e-05,0.000120064354494,3.836209211505559e-06,7.004468851127019e-06,False,False,False,False,False,False,False,False,False,True,False,False,False,-3,-3,False,3.486666666666667,False,False,False,4.17761344909668,1778.8257,1,0.000120064354494,7.004468851127019e-06,319,813,False,813.0,False,False,False,False,1.8211356860604033,0.09576379117799891,0.17485347002461152
ARERNNIYEFDY,H4-34,K3-15,True,2,30,1,1,7.281650604559042e-06,0.000120064354494,3.836209211505559e-06,7.004468851127019e-06,False,False,True,False,False,False,False,False,False,True,False,False,False,-1,-1,False,2.4250000000000003,False,False,False,4.6793262481689455,1589.663,2,0.000120064354494,7.004468851127019e-06,398,814,False,814.0,False,False,False,False,1.8211356860604033,0.5261098507801515,0.9606149870575992
ARERNNIYEFDY,H1-69,K3-20,True,1,30,1,1,3.640825302279521e-06,0.000120064354494,3.836209211505559e-06,7.004468851127019e-06,False,False,True,False,False,False,False,False,False,True,False,False,False,-1,-1,False,2.4250000000000003,False,False,False,4.6793262481689455,1589.663,2,0.000120064354494,7.004468851127019e-06,398,816,False,816.0,False,False,False,False,1.8211356860604033,1.0507786305497244,1.918598747180133
ARERPSSDPYGFDY,UNK,K3-15,True,1,30,1,1,3.640825302279521e-06,0.000120064354494,3.836209211505559e-06,7.004468851127019e-06,False,False,False,False,True,False,False,False,False,False,False,False,False,-1,-1,False,3.442857142857143,False,False,False,4.558281326293945,1659.7098999999998,2,0.000120064354494,7.004468851127019e-06,193,817,False,817.0,False,False,False,False,1.8211356860604033,1.0507786305497244,1.918598747180133
ARERYDIYDFDY,H1-69,K3-20,True,1,30,1,1,3.640825302279521e-06,0.000120064354494,3.836209211505559e-06,7.004468851127019e-06,False,False,False,False,False,False,False,False,False,True,False,False,False,-2,-2,False,2.1166666666666667,False,False,False,4.226021194458009,1625.6917999999998,2,0.000120064354494,7.004468851127019e-06,420,818,False,818.0,False,False,False,False,1.8211356860604033,1.0507786305497244,1.918598747180133
AREDLSIGNQFDY,H4-34,K3-15,True,1,29,1,1,3.640825302279521e-06,0.0001160622093442,3.836209211505559e-06,7.004468851127019e-06,False,False,False,False,False,False,False,False,False,True,False,False,False,-2,-2,False,2.3846153846153846,False,False,False,4.050025558471679,1527.5902999999998,1,0.0001160622093442,7.004468851127019e-06,274,819,False,819.0,False,False,False,False,1.8211356860604033,1.0507786305497244,1.918598747180133
AREDYDPYGFDY,H4-34,K1-39,True,1,29,1,1,3.640825302279521e-06,0.0001160622093442,3.836209211505559e-06,7.004468851127019e-06,False,False,False,False,True,False,False,False,False,True,False,False,False,-3,-3,False,3.083333333333333,False,False,False,4.050025558471679,1510.515,1,0.0001160622093442,7.004468851127019e-06,279,820,False,820.0,False,False,False,False,1.8211356860604033,1.0507786305497244,1.918598747180133
ARERSTVYDFDY,H1-69,K3-20,True,1,29,1,1,3.640825302279521e-06,0.0001160622093442,3.836209211505559e-06,7.004468851127019e-06,False,False,False,False,False,False,False,False,False,True,False,False,False,-1,-1,False,2.7750000000000004,False,False,False,4.558281326293945,1521.5858,2,0.0001160622093442,7.004468851127019e-06,389,821,False,821.0,False,False,False,False,1.8211356860604033,1.0507786305497244,1.918598747180133
ARERSSAYDFDY,H4-34,K1-39,True,15,28,1,1,5.461237953419281e-05,0.0001120600641944,3.836209211505559e-06,7.004468851127019e-06,False,False,False,False,False,False,False,False,False,True,False,False,False,-1,-1,False,3.3666666666666667,False,False,False,4.558281326293945,1479.5060999999998,2,0.0001120600641944,7.004468851127019e-06,380,823,False,823.0,False,False,False,False,1.8211356860604033,0.07023145538916238,0.1282344143711704
ARERASAYDFDY,H4-34,K1-39,True,3,28,1,1,1.092247590683856e-05,0.0001120600641944,3.836209211505559e-06,7.004468851127019e-06,False,False,False,False,False,False,False,False,False,True,False,False,False,-1,-1,False,3.0,False,False,False,4.558281326293945,1463.5067,2,0.0001120600641944,7.004468851127019e-06,361,824,False,824.0,False,False,False,False,1.8211356860604033,0.35090031244486036,0.6407028847642403
ARERGSTYEFDY,H1-69,K3-15,True,3,28,1,1,1.092247590683856e-05,0.0001120600641944,3.836209211505559e-06,7.004468851127019e-06,False,False,False,False,False,False,False,False,False,True,False,False,False,-1,-1,False,3.375,False,False,False,4.6793262481689455,1493.5327,2,0.0001120600641944,7.004468851127019e-06,381,825,False,825.0,False,False,False,False,1.8211356860604033,0.35090031244486036,0.6407028847642403
AREAYPSDPYGFDY,H1-69,UNK,True,1,28,1,1,3.640825302279521e-06,0.0001120600641944,3.836209211505559e-06,7.004468851127019e-06,False,False,False,False,True,False,False,False,False,False,False,False,False,-2,-2,False,2.692857142857143,False,False,False,4.050025558471679,1650.698,1,0.0001120600641944,7.004468851127019e-06,271,827,False,827.0,False,False,False,False,1.8211356860604033,1.0507786305497244,1.918598747180133
AREDWPSDPYAFDY,H1-69,K4-1,True,1,28,1,1,3.640825302279521e-06,0.0001120600641944,3.836209211505559e-06,7.004468851127019e-06,False,False,False,False,True,False,False,False,False,True,False,False,False,-3,-3,False,2.4214285714285717,False,False,False,4.050025558471679,1731.7708,1,0.0001120600641944,7.004468851127019e-06,278,828,False,828.0,False,False,False,False,1.8211356860604033,1.0507786305497244,1.918598747180133
AREGYREGYPFDY,H1-69,UNK,True,1,28,1,1,3.640825302279521e-06,0.0001120600641944,3.836209211505559e-06,7.004468851127019e-06,False,False,False,False,False,False,False,False,False,False,False,False,False,-1,-1,False,2.669230769230769,False,False,False,4.6793262481689455,1622.6912,2,0.0001120600641944,7.004468851127019e-06,298,829,False,829.0,False,False,False,False,1.8211356860604033,1.0507786305497244,1.918598747180133
ARERLAEDLYGFDY,H4-34,K3-20,True,1,28,1,1,3.640825302279521e-06,0.0001120600641944,3.836209211505559e-06,7.004468851127019e-06,False,False,False,False,False,False,False,False,False,True,False,False,False,-2,-2,False,1.6071428571428574,False,False,False,4.316753768920899,1717.832,2,0.0001120600641944,7.004468851127019e-06,368,830,False,830.0,False,False,False,False,1.8211356860604033,1.0507786305497244,1.918598747180133
ARERVDVYGFDY,H4-34,K3-15,True,1,28,1,1,3.640825302279521e-06,0.0001120600641944,3.836209211505559e-06,7.004468851127019e-06,False,False,False,False,False,False,False,False,False,False,False,False,False,-1,-1,False,1.9666666666666668,False,False,False,4.558281326293945,1489.5869,2,0.0001120600641944,7.004468851127019e-06,409,831,False,831.0,False,False,False,False,1.8211356860604033,1.0507786305497244,1.918598747180133
ARERYDIYDFDY,H4-34,K3-15,True,1,28,1,1,3.640825302279521e-06,0.0001120600641944,3.836209211505559e-06,7.004468851127019e-06,False,False,False,False,False,False,False,False,False,True,False,False,False,-2,-2,False,2.1166666666666667,False,False,False,4.226021194458009,1625.6917999999998,2,0.0001120600641944,7.004468851127019e-06,420,832,False,832.0,False,False,False,False,1.8211356860604033,1.0507786305497244,1.918598747180133
AREGYREGYPFDY,UNK,K3-20,True,2,27,1,1,7.281650604559042e-06,0.0001080579190446,3.836209211505559e-06,7.004468851127019e-06,False,False,False,False,False,False,False,False,False,False,False,False,False,-1,-1,False,2.669230769230769,False,False,False,4.6793262481689455,1622.6912,2,0.0001080579190446,7.004468851127019e-06,298,833,False,833.0,False,False,False,False,1.8211356860604033,0.5261098507801515,0.9606149870575992
ARERGSTYEFDY,H1-69,UNK,True,1,27,1,1,3.640825302279521e-06,0.0001080579190446,3.836209211505559e-06,7.004468851127019e-06,False,False,False,False,False,False,False,False,False,True,False,False,False,-1,-1,False,3.375,False,False,False,4.6793262481689455,1493.5327,2,0.0001080579190446,7.004468851127019e-06,381,834,False,834.0,False,False,False,False,1.8211356860604033,1.0507786305497244,1.918598747180133
AREYAATDYADAFDI,H4-34,K3-15,True,1,27,1,1,3.640825302279521e-06,0.0001080579190446,3.836209211505559e-06,7.004468851127019e-06,False,False,False,False,False,False,False,False,False,False,False,False,False,-3,-3,False,2.4466666666666668,False,False,False,4.050025558471679,1691.7484,1,0.0001080579190446,7.004468851127019e-06,458,835,False,835.0,False,False,False,False,1.8211356860604033,1.0507786305497244,1.918598747180133
ARERSSAYDFDY,H1-69,K3-15,True,3,26,1,1,1.092247590683856e-05,0.0001040557738948,3.836209211505559e-06,7.004468851127019e-06,False,False,False,False,False,False,False,False,False,True,False,False,False,-1,-1,False,3.3666666666666667,False,False,False,4.558281326293945,1479.5060999999998,2,0.0001040557738948,7.004468851127019e-06,380,837,False,837.0,False,False,False,False,1.8211356860604033,0.35090031244486036,0.6407028847642403
AREYAATDYADAFDI,H1-69,K1-39,True,3,26,1,1,1.092247590683856e-05,0.0001040557738948,3.836209211505559e-06,7.004468851127019e-06,False,False,False,False,False,False,False,False,False,False,False,False,False,-3,-3,False,2.4466666666666668,False,False,False,4.050025558471679,1691.7484,1,0.0001040557738948,7.004468851127019e-06,458,838,False,838.0,False,False,False,False,1.8211356860604033,0.35090031244486036,0.6407028847642403
ARERVDVYGFDY,H1-69,K1-39,True,2,26,1,1,7.281650604559042e-06,0.0001040557738948,3.836209211505559e-06,7.004468851127019e-06,False,False,False,False,False,False,False,False,False,False,False,False,False,-1,-1,False,1.9666666666666668,False,False,False,4.558281326293945,1489.5869,2,0.0001040557738948,7.004468851127019e-06,409,839,False,839.0,False,False,False,False,1.8211356860604033,0.5261098507801515,0.9606149870575992
AREETAYDPYGFDY,H1-69,K3-15,True,1,26,1,1,3.640825302279521e-06,0.0001040557738948,3.836209211505559e-06,7.004468851127019e-06,False,False,False,False,True,False,False,False,False,True,False,False,False,-3,-3,False,3.007142857142857,False,False,False,4.050025558471679,1696.7234,1,0.0001040557738948,7.004468851127019e-06,271,840,False,840.0,False,False,False,False,1.8211356860604033,1.0507786305497244,1.918598747180133
AREGTLAEPFDY,H1-69,K3-15,True,1,26,1,1,3.640825302279521e-06,0.0001040557738948,3.836209211505559e-06,7.004468851127019e-06,False,False,False,False,False,False,False,False,False,False,False,False,False,-2,-2,False,2.225,False,False,False,4.137435531616211,1368.4471999999998,1,0.0001040557738948,7.004468851127019e-06,312,841,False,841.0,False,False,False,False,1.8211356860604033,1.0507786305497244,1.918598747180133
AREGYIYDNDFDI,H4-34,K1-39,True,2,25,1,1,7.281650604559042e-06,0.000100053628745,3.836209211505559e-06,7.004468851127019e-06,False,False,False,False,False,False,False,False,False,True,False,False,False,-3,-3,False,2.1384615384615384,False,False,False,4.050025558471679,1590.6444,1,0.000100053628745,7.004468851127019e-06,320,843,False,843.0,False,False,False,False,1.8211356860604033,0.5261098507801515,0.9606149870575992
ARERPSNDVYAFDY,H4-34,K1-39,True,1,25,1,1,3.640825302279521e-06,0.000100053628745,3.836209211505559e-06,7.004468851127019e-06,False,False,False,False,False,False,False,False,False,False,False,False,False,-1,-1,False,2.8071428571428574,False,False,False,4.558281326293945,1702.7776,2,0.000100053628745,7.004468851127019e-06,402,844,False,844.0,False,False,False,False,1.8211356860604033,1.0507786305497244,1.918598747180133
ARERVEPYGFDY,H4-34,UNK,True,1,25,1,1,3.640825302279521e-06,0.000100053628745,3.836209211505559e-06,7.004468851127019e-06,False,False,False,False,False,False,False,False,False,False,False,False,False,-1,-1,False,2.266666666666667,False,False,False,4.6793262481689455,1501.5977,2,0.000100053628745,7.004468851127019e-06,404,845,False,845.0,False,False,False,False,1.8211356860604033,1.0507786305497244,1.918598747180133
AREGTLAEPFDY,H4-34,K3-20,True,61,18,1,1,0.000222090343439,7.203861269640528e-05,3.836209211505559e-06,7.004468851127019e-06,False,False,False,False,False,False,False,False,False,False,False,False,False,-2,-2,False,2.225,False,False,False,4.137435531616211,1368.4471999999998,1,0.000222090343439,7.004468851127019e-06,312,846,False,846.0,False,False,False,False,1.8211356860604033,0.017272414585703583,0.03153740666344715
ARGTLPGDRPGAFDI,H1-69,K3-15,True,63,14,1,1,0.0002293719940436,5.60300320972041e-05,3.836209211505559e-06,7.004468851127019e-06,False,False,False,False,False,False,False,False,False,False,False,False,False,0,0,False,2.18,False,False,False,6.005810928344727,1542.6945,2,0.0002293719940436,7.004468851127019e-06,672,847,False,847.0,False,False,False,False,1.8211356860604033,0.016724107868625413,0.030536262797487224
ARERQDAYSFDY,H1-69,K4-1,True,37,5,1,1,0.0001347105361843,2.0010725749001463e-05,3.836209211505559e-06,7.004468851127019e-06,False,False,False,False,False,False,False,False,False,False,False,False,False,-1,-1,False,3.325,False,False,False,4.558281326293945,1520.558,2,0.0001347105361843,7.004468851127019e-06,375,848,False,848.0,False,False,False,False,1.8211356860604033,0.02847531133826219,0.051992584423393225
ARYLYKGSRHGFDY,H3-23_A,K3-15,True,90,2,1,1,0.0003276742772051,8.004290299600586e-06,3.836209211505559e-06,7.004468851127019e-06,False,False,False,False,False,False,False,False,False,False,False,False,False,2,3,False,1.5785714285714287,False,False,False,9.52582244873047,1732.8945,2,0.0003276742772051,7.004468851127019e-06,1574,849,False,849.0,False,False,False,False,1.8211356860604033,0.01170702861982129,0.021375663522430373
ARGPVSSIVWRHLAFDY,H3-23_A,K3-20,True,81,2,1,1,0.0002949068494846,8.004290299600586e-06,3.836209211505559e-06,7.004468851127019e-06,False,False,False,False,False,False,False,False,False,False,False,False,False,1,2,False,-0.0117647058823528,False,False,False,8.796192932128907,1974.2244,2,0.0002949068494846,7.004468851127019e-06,574,850,False,850.0,False,False,False,False,1.8211356860604033,0.013007765470876828,0.023750656713470618
ARYKSQIYGYPSFDI,H3-23_A,K1-39,True,62,2,1,1,0.0002257311687413,8.004290299600586e-06,3.836209211505559e-06,7.004468851127019e-06,False,False,False,False,False,False,False,False,False,False,False,False,False,1,1,False,1.1933333333333336,False,False,False,8.47317657470703,1807.9975,1,0.0002257311687413,7.004468851127019e-06,1562,852,False,852.0,False,False,False,False,1.8211356860604033,0.016993839594681398,0.031028761347267408
ARDLPFAPYRFDY,H3-23_A,K3-20,True,30,2,1,1,0.0001092247590683,8.004290299600586e-06,3.836209211505559e-06,7.004468851127019e-06,False,False,False,False,False,False,False,False,False,False,False,False,False,0,0,False,0.4153846153846156,False,False,False,6.004021835327148,1630.7993,2,0.0001092247590683,7.004468851127019e-06,124,853,False,853.0,False,False,False,False,1.8211356860604033,0.035118942397327345,0.06412307685640074
ARHEWSSPWYFDY,H3-23_A,K3-20,True,270,1,1,1,0.0009830228316154,4.002145149800293e-06,3.836209211505559e-06,7.004468851127019e-06,False,False,False,True,False,False,False,False,False,False,False,False,False,-1,0,False,0.6384615384615385,False,False,False,5.322224044799805,1743.8294,1,0.0009830228316154,7.004468851127019e-06,713,854,False,854.0,False,False,False,True,1.8211356860604033,0.003902422267221315,0.007125366138195712
ARGYSSGDAPTAFDI,H1-69,K3-15,True,219,1,1,1,0.0007973407411992,4.002145149800293e-06,3.836209211505559e-06,7.004468851127019e-06,False,False,False,False,False,False,False,False,False,False,False,False,False,-1,-1,False,2.873333333333333,False,False,False,4.207874679565429,1527.5904,1,0.0007973407411992,7.004468851127019e-06,702,857,False,857.0,False,False,False,True,1.8211356860604033,0.004811194137395514,0.00878467716803327
ARSRYVWLGEWGFDI,H3-23_A,K1-39,True,197,1,1,1,0.000717242584549,4.002145149800293e-06,3.836209211505559e-06,7.004468851127019e-06,False,False,False,False,False,False,False,False,False,False,False,False,False,0,0,False,-0.3866666666666665,False,False,False,6.114178848266601,1855.0589,2,0.000717242584549,7.004468851127019e-06,1231,860,False,860.0,False,False,False,True,1.8211356860604033,0.005348477362291725,0.009765693427973279
ARGPYQKSYRLYGFDY,H3-23_A,K1-39,True,181,1,1,1,0.0006589893797125,4.002145149800293e-06,3.836209211505559e-06,7.004468851127019e-06,False,False,False,False,False,False,False,False,False,False,False,False,False,2,2,False,1.6375000000000002,False,False,False,9.40341033935547,1984.1728000000005,2,0.0006589893797125,7.004468851127019e-06,593,861,False,861.0,False,False,False,True,1.8211356860604033,0.005821263766862986,0.010628946045719862
ARWTTYGYPFDY,H3-23_A,K3-20,True,168,1,1,1,0.0006116586507829,4.002145149800293e-06,3.836209211505559e-06,7.004468851127019e-06,False,False,False,False,False,False,False,False,False,False,False,False,False,0,0,False,0.8000000000000002,False,False,False,5.87858085632324,1539.6439,1,0.0006116586507829,7.004468851127019e-06,1523,862,False,862.0,False,False,False,True,1.8211356860604033,0.006271711336841337,0.011451410567080248
ARSGWFLASWGFDY,H3-23_A,K3-15,True,165,1,1,1,0.0006007361748761,4.002145149800293e-06,3.836209211505559e-06,7.004468851127019e-06,False,False,False,False,False,False,False,False,False,False,False,False,False,0,0,False,-0.4785714285714283,False,False,False,5.880318832397459,1662.7995999999998,1,0.0006007361748761,7.004468851127019e-06,1184,863,False,863.0,False,False,False,True,1.8211356860604033,0.006385740553898245,0.011659614566121282
ARGPYRGTWYAYGFDY,H3-23_A,K1-39,True,164,1,1,1,0.0005970953495738,4.002145149800293e-06,3.836209211505559e-06,7.004468851127019e-06,False,False,False,False,False,False,False,False,False,False,False,False,False,1,1,False,1.2625000000000002,False,False,False,8.472544860839843,1943.0794,2,0.0005970953495738,7.004468851127019e-06,597,864,False,864.0,False,False,False,True,1.8211356860604033,0.0064246773441968925,0.011730708586226277
ARDLPSFAWGFDY,H3-23_A,K3-20,True,160,1,1,1,0.0005825320483647,4.002145149800293e-06,3.836209211505559e-06,7.004468851127019e-06,False,False,False,False,False,False,False,False,False,False,False,False,False,-1,-1,False,0.2461538461538463,False,False,False,4.207874679565429,1544.6636999999998,1,0.0005825320483647,7.004468851127019e-06,125,866,False,866.0,False,False,False,True,1.8211356860604033,0.0065852915206284,0.012023971266606107
ARGWTWLGYHGFDY,H3-23_A,K1-39,True,158,1,1,1,0.0005752503977601,4.002145149800293e-06,3.836209211505559e-06,7.004468851127019e-06,False,False,False,False,False,False,False,False,False,False,False,False,False,0,1,False,-0.1071428571428569,False,False,False,6.787184524536133,1728.861,1,0.0005752503977601,7.004468851127019e-06,693,867,False,867.0,False,False,False,True,1.8211356860604033,0.006668648192092942,0.012176170788742667
ARDFSVPQYLWGFDI,H3-23_A,K3-20,True,152,1,1,1,0.0005534054459464,4.002145149800293e-06,3.836209211505559e-06,7.004468851127019e-06,False,False,False,False,False,False,False,False,False,False,False,False,False,-1,-1,False,-0.3066666666666665,False,False,False,4.207874679565429,1814.0036,1,0.0005534054459464,7.004468851127019e-06,102,869,False,869.0,False,False,False,True,1.8211356860604033,0.0069318795483657445,0.012656800424405614
ARGPWFDYFYRYGFDY,H3-23_A,K1-39,True,146,1,1,1,0.0005315604941328,4.002145149800293e-06,3.836209211505559e-06,7.004468851127019e-06,False,False,False,True,False,False,False,False,False,False,False,False,False,0,0,False,-0.0749999999999997,False,False,False,6.0022838592529295,2123.2813,2,0.0005315604941328,7.004468851127019e-06,576,871,False,871.0,False,False,False,True,1.8211356860604033,0.007216745951567384,0.013176933122584342
ARHYTWSGRWYFDY,H4-34,K3-20,True,137,1,1,1,0.0004987930664122,4.002145149800293e-06,3.836209211505559e-06,7.004468851127019e-06,False,False,False,True,False,False,False,False,False,False,False,False,False,1,2,False,0.3642857142857144,False,False,False,8.545542907714843,1908.037,2,0.0004987930664122,7.004468851127019e-06,835,873,False,873.0,False,False,False,True,1.8211356860604033,0.007690829246697931,0.014042553710643545
ARTPYAGSAYWGFDI,H3-23_A,K3-15,True,135,1,1,1,0.0004915114158077,4.002145149800293e-06,3.836209211505559e-06,7.004468851127019e-06,False,False,False,False,False,False,False,False,False,False,False,False,False,0,0,False,0.9800000000000002,False,False,False,5.87944984436035,1674.8087999999998,1,0.0004915114158077,7.004468851127019e-06,1275,874,False,874.0,False,False,False,True,1.8211356860604033,0.007804765139687045,0.014250587310863797
ARHPGRAYHGSYSLFDY,H3-23_A,K3-20,True,133,1,1,1,0.0004842297652031,4.002145149800293e-06,3.836209211505559e-06,7.004468851127019e-06,False,False,False,False,False,False,False,False,False,False,False,False,False,1,3,False,1.7176470588235295,False,False,False,8.55157928466797,1997.1319,2,0.0004842297652031,7.004468851127019e-06,758,875,False,875.0,False,False,False,False,1.8211356860604033,0.007922127605312575,0.014464877431512056
ARGPYHVYLSSYGFDI,H3-23_A,K1-39,True,132,1,1,1,0.0004805889399008,4.002145149800293e-06,3.836209211505559e-06,7.004468851127019e-06,False,False,False,False,False,False,False,False,False,False,False,False,False,0,1,False,0.5687500000000001,False,False,False,6.786059951782226,1845.0176,1,0.0004805889399008,7.004468851127019e-06,588,876,False,876.0,False,False,False,False,1.8211356860604033,0.007982142474757408,0.014574457556175228
ARGPWSYAARHYGFDI,H3-23_A,K1-39,True,131,1,1,1,0.0004769481145986,4.002145149800293e-06,3.836209211505559e-06,7.004468851127019e-06,False,False,False,False,False,False,False,False,False,False,False,False,False,1,2,False,0.9875000000000002,False,False,False,8.638685607910158,1867.0299,2,0.0004769481145986,7.004468851127019e-06,578,877,False,877.0,False,False,False,False,1.8211356860604033,0.008043073582538895,0.014685710624761804
ARSPRAWAAGFDY,H3-23_A,K3-20,True,131,1,1,1,0.0004769481145986,4.002145149800293e-06,3.836209211505559e-06,7.004468851127019e-06,False,False,False,False,False,False,False,False,False,False,False,False,False,1,1,False,1.5384615384615383,False,False,False,8.79022674560547,1467.5864,2,0.0004769481145986,7.004468851127019e-06,1205,878,False,878.0,False,False,False,False,1.8211356860604033,0.008043073582538895,0.014685710624761804
ARGPSWSYGYHSFDI,H3-23_A,K4-1,True,130,1,1,1,0.0004733072892963,4.002145149800293e-06,3.836209211505559e-06,7.004468851127019e-06,False,False,False,False,False,False,False,False,False,False,False,False,False,0,1,False,1.36,False,False,False,6.787184524536133,1742.8429999999998,1,0.0004733072892963,7.004468851127019e-06,568,879,False,879.0,False,False,False,False,1.8211356860604033,0.00810494207217532,0.014798675242860548
ARIWAVNWKYAFDY,H3-23_A,K3-20,True,127,1,1,1,0.0004623848133894,4.002145149800293e-06,3.836209211505559e-06,7.004468851127019e-06,False,False,False,False,False,False,False,False,False,False,False,False,False,1,1,False,-0.8214285714285713,False,False,False,8.54006805419922,1803.0256,1,0.0004623848133894,7.004468851127019e-06,884,882,False,882.0,False,False,False,False,1.8211356860604033,0.008296393256199748,0.015148242688501554
ARLRFVSSYWAAFDY,H3-23_A,K3-15,True,126,1,1,1,0.0004587439880872,4.002145149800293e-06,3.836209211505559e-06,7.004468851127019e-06,False,False,False,False,False,False,False,False,False,False,False,False,False,1,1,False,-0.4933333333333331,False,False,False,8.632579040527343,1852.0549,2,0.0004587439880872,7.004468851127019e-06,992,885,False,885.0,False,False,False,False,1.8211356860604033,0.008362236211832935,0.015268464216153275
ARVKSYTQFDY,H3-23_A,K3-15,True,125,1,1,1,0.0004551031627849,4.002145149800293e-06,3.836209211505559e-06,7.004468851127019e-06,False,False,False,False,False,False,False,False,False,False,False,False,False,1,1,False,2.090909090909091,False,False,False,8.54006805419922,1377.5002,1,0.0004551031627849,7.004468851127019e-06,1362,889,False,889.0,False,False,False,False,1.8211356860604033,0.008429132631610273,0.015390609245985573
ARAPLAWGRYGFDY,H3-23_A,K3-20,True,120,1,1,1,0.0004368990362735,4.002145149800293e-06,3.836209211505559e-06,7.004468851127019e-06,False,False,False,False,False,False,False,False,False,False,False,False,False,1,1,False,0.4285714285714287,False,False,False,8.632579040527343,1642.8132999999998,2,0.0004368990362735,7.004468851127019e-06,31,891,False,891.0,False,False,False,False,1.8211356860604033,0.008780338452657079,0.01603186995368597
ARDRYWGTGYGFDY,H3-23_A,K3-20,True,119,1,1,1,0.0004332582109712,4.002145149800293e-06,3.836209211505559e-06,7.004468851127019e-06,False,False,False,False,False,False,False,False,False,False,False,False,False,0,0,False,1.992857142857143,False,False,False,6.003152847290039,1726.8004999999998,2,0.0004332582109712,7.004468851127019e-06,163,893,False,893.0,False,False,False,False,1.8211356860604033,0.008854121106430671,0.016166588440509007
ARPYIWSHSGFDY,H3-23_A,K1-39,True,119,1,1,1,0.0004332582109712,4.002145149800293e-06,3.836209211505559e-06,7.004468851127019e-06,False,False,False,False,False,False,False,False,False,False,False,False,False,0,1,False,0.6307692307692309,False,False,False,6.787184524536133,1598.7143999999998,1,0.0004332582109712,7.004468851127019e-06,1132,894,False,894.0,False,False,False,False,1.8211356860604033,0.008854121106430671,0.016166588440509007
ARFAFRYAYHWGFDY,H3-23_A,K1-39,True,118,1,1,1,0.0004296173856689,4.002145149800293e-06,3.836209211505559e-06,7.004468851127019e-06,False,False,False,True,False,False,False,False,False,False,False,False,False,1,2,False,-0.7199999999999999,False,False,False,8.545542907714843,1970.1493,2,0.0004296173856689,7.004468851127019e-06,461,895,False,895.0,False,False,False,False,1.8211356860604033,0.008929154284550198,0.016303590238367947
ARGKYRDYGFDY,H3-23_A,UNK,True,118,1,1,1,0.0004296173856689,4.002145149800293e-06,3.836209211505559e-06,7.004468851127019e-06,False,False,False,False,False,False,False,False,False,False,False,False,False,1,1,False,2.725,False,False,False,8.472615051269532,1510.6077,2,0.0004296173856689,7.004468851127019e-06,529,896,False,896.0,False,False,False,False,1.8211356860604033,0.008929154284550198,0.016303590238367947
ARIHYGRWYLPFDY,H3-23_A,K3-15,True,118,1,1,1,0.0004296173856689,4.002145149800293e-06,3.836209211505559e-06,7.004468851127019e-06,False,False,False,False,False,False,False,False,False,False,False,False,False,1,2,False,-0.8357142857142855,False,False,False,8.545542907714843,1857.0763,2,0.0004296173856689,7.004468851127019e-06,856,897,False,897.0,False,False,False,False,1.8211356860604033,0.008929154284550198,0.016303590238367947
ARQRPSLKGFDY,H3-23_A,K3-20,True,118,1,1,1,0.0004296173856689,4.002145149800293e-06,3.836209211505559e-06,7.004468851127019e-06,False,False,False,False,False,False,False,False,False,False,False,False,False,2,2,False,2.1833333333333336,False,False,False,9.98676300048828,1437.6019,2,0.0004296173856689,7.004468851127019e-06,1155,898,False,898.0,False,False,False,False,1.8211356860604033,0.008929154284550198,0.016303590238367947
ARGPYASSGYRYGFDY,H3-23_A,K3-20,True,116,1,1,1,0.0004223357350644,4.002145149800293e-06,3.836209211505559e-06,7.004468851127019e-06,False,False,False,False,False,False,False,False,False,False,False,False,False,1,1,False,2.375,False,False,False,8.472544860839843,1829.9202,2,0.0004223357350644,7.004468851127019e-06,581,899,False,899.0,False,False,False,False,1.8211356860604033,0.009083101575349415,0.01658467996618686
ARDRYLYGWTFDY,H3-23_A,K3-20,True,115,1,1,1,0.0004186949097621,4.002145149800293e-06,3.836209211505559e-06,7.004468851127019e-06,False,False,False,False,False,False,False,False,False,False,False,False,False,0,0,False,0.5615384615384618,False,False,False,6.003152847290039,1725.8555,2,0.0004186949097621,7.004468851127019e-06,211,900,False,900.0,False,False,False,False,1.8211356860604033,0.009162083180933365,0.01672889113028749
ARSYRQWGVSGWYGFDP,H3-23_A,K3-15,True,109,1,1,1,0.0003968499579484,4.002145149800293e-06,3.836209211505559e-06,7.004468851127019e-06,False,False,False,False,True,False,False,False,False,False,False,False,False,1,1,False,1.2941176470588236,False,False,False,8.632579040527343,2032.1759,2,0.0003968499579484,7.004468851127019e-06,1246,903,False,903.0,False,False,False,False,1.8211356860604033,0.009666405326798794,0.017649724319221304
ARSRIFPPYGFDY,H3-23_A,K3-20,True,108,1,1,1,0.0003932091326461,4.002145149800293e-06,3.836209211505559e-06,7.004468851127019e-06,False,False,False,False,False,False,False,False,False,False,False,False,False,1,1,False,0.5153846153846156,False,False,False,8.632579040527343,1588.7625999999998,2,0.0003932091326461,7.004468851127019e-06,1218,904,False,904.0,False,False,False,False,1.8211356860604033,0.00975590680364522,0.01781314353651019
ARIGLSRYQFDY,H3-23_A,K3-20,True,106,1,1,1,0.0003859274820416,4.002145149800293e-06,3.836209211505559e-06,7.004468851127019e-06,False,False,False,False,False,False,False,False,False,False,False,False,False,1,1,False,0.7083333333333335,False,False,False,8.632579040527343,1488.6452,2,0.0003859274820416,7.004468851127019e-06,847,905,False,905.0,False,False,False,False,1.8211356860604033,0.009939975747398527,0.018149231875778292
ARYRTVYSSYGFDY,H3-23_A,K3-15,True,106,1,1,1,0.0003859274820416,4.002145149800293e-06,3.836209211505559e-06,7.004468851127019e-06,False,False,False,False,False,False,False,False,False,False,False,False,False,1,1,False,1.7071428571428573,False,False,False,8.472544860839843,1747.8593999999998,2,0.0003859274820416,7.004468851127019e-06,1600,907,False,907.0,False,False,False,False,1.8211356860604033,0.009939975747398527,0.018149231875778292
ARDLYLPYRGSVYFDY,H3-23_A,K3-20,True,105,1,1,1,0.0003822866567393,4.002145149800293e-06,3.836209211505559e-06,7.004468851127019e-06,False,False,False,False,False,False,False,False,False,False,False,False,False,0,0,False,0.3687500000000002,False,False,False,6.0022838592529295,1998.196,2,0.0003822866567393,7.004468851127019e-06,145,908,False,908.0,False,False,False,False,1.8211356860604033,0.010034639706832668,0.01832207718181429
AREWGRGSWYFYFDY,H3-23_A,K3-20,True,105,1,1,1,0.0003822866567393,4.002145149800293e-06,3.836209211505559e-06,7.004468851127019e-06,False,False,False,True,False,False,False,False,False,False,False,False,False,0,0,False,0.1400000000000001,False,False,False,6.112389755249024,2003.1329,2,0.0003822866567393,7.004468851127019e-06,452,909,False,909.0,False,False,False,False,1.8211356860604033,0.010034639706832668,0.01832207718181429
ARSHYNVWGLAWEFDY,H3-23_A,K3-15,True,105,1,1,1,0.0003822866567393,4.002145149800293e-06,3.836209211505559e-06,7.004468851127019e-06,False,False,False,False,False,False,False,False,False,True,False,False,False,-1,0,False,0.1000000000000001,False,False,False,5.322224044799805,2014.1573,1,0.0003822866567393,7.004468851127019e-06,1190,912,False,912.0,False,False,False,False,1.8211356860604033,0.010034639706832668,0.01832207718181429
ARLGSLVWGFDY,H3-23_A,K3-20,True,102,1,1,1,0.0003713641808325,4.002145149800293e-06,3.836209211505559e-06,7.004468851127019e-06,False,False,False,False,False,False,False,False,False,False,False,False,False,0,0,False,-0.7499999999999997,False,False,False,5.880318832397459,1383.5493,1,0.0003713641808325,7.004468851127019e-06,951,914,False,914.0,False,False,False,False,1.8211356860604033,0.010329768221651884,0.018860947294249912
ARESTRWYGYVAVFDP,H3-23_A,K1-39,True,100,1,1,1,0.0003640825302279,4.002145149800293e-06,3.836209211505559e-06,7.004468851127019e-06,False,False,False,False,True,False,False,False,False,False,False,False,False,0,0,False,1.21875,False,False,False,6.113258743286132,1917.0837,2,0.0003640825302279,7.004468851127019e-06,437,917,False,917.0,False,False,False,False,1.8211356860604033,0.010536357911831705,0.01923815587961292
ARGPYRLGWIAYGFDY,H3-23_A,K1-39,True,100,1,1,1,0.0003640825302279,4.002145149800293e-06,3.836209211505559e-06,7.004468851127019e-06,False,False,False,False,False,False,False,False,False,False,False,False,False,1,1,False,-0.0187499999999998,False,False,False,8.539295959472657,1905.1175,2,0.0003640825302279,7.004468851127019e-06,597,918,False,918.0,False,False,False,False,1.8211356860604033,0.010536357911831705,0.01923815587961292
ARVSRSSYGKGFDY,H3-23_A,K4-1,True,100,1,1,1,0.0003640825302279,4.002145149800293e-06,3.836209211505559e-06,7.004468851127019e-06,False,False,False,False,False,False,False,False,False,False,False,False,False,2,2,False,2.8857142857142857,False,False,False,9.69757843017578,1592.7099999999998,2,0.0003640825302279,7.004468851127019e-06,1442,922,False,922.0,False,False,False,False,1.8211356860604033,0.010536357911831705,0.01923815587961292
ARVKGSYWITGFDY,H3-23_A,K3-20,True,98,1,1,1,0.0003568008796233,4.002145149800293e-06,3.836209211505559e-06,7.004468851127019e-06,False,False,False,False,False,False,False,False,False,False,False,False,False,1,1,False,0.742857142857143,False,False,False,8.54006805419922,1662.8411,1,0.0003568008796233,7.004468851127019e-06,1355,925,False,925.0,False,False,False,False,1.8211356860604033,0.010751379597941643,0.019630760302269724
ARAIGRYWYWAFDY,H3-23_A,K3-20,True,96,1,1,1,0.0003495192290188,4.002145149800293e-06,3.836209211505559e-06,7.004468851127019e-06,False,False,False,True,False,False,False,False,False,False,False,False,False,1,1,False,-0.8928571428571427,False,False,False,8.539295959472657,1838.0299,2,0.0003495192290188,7.004468851127019e-06,21,926,False,926.0,False,False,False,False,1.8211356860604033,0.010975360264646771,0.020039722774515868
ARDRSNWYEWAFDY,H3-23_A,K3-20,True,96,1,1,1,0.0003495192290188,4.002145149800293e-06,3.836209211505559e-06,7.004468851127019e-06,False,False,False,False,False,False,False,False,False,False,False,False,False,-1,-1,False,1.492857142857143,False,False,False,4.558281326293945,1878.9512,2,0.0003495192290188,7.004468851127019e-06,200,927,False,927.0,False,False,False,False,1.8211356860604033,0.010975360264646771,0.020039722774515868
ARGYPGPWRGFDY,H3-23_A,UNK,True,96,1,1,1,0.0003495192290188,4.002145149800293e-06,3.836209211505559e-06,7.004468851127019e-06,False,False,False,False,False,False,False,False,False,False,False,False,False,1,1,False,1.446153846153846,False,False,False,8.632579040527343,1541.6663999999998,2,0.0003495192290188,7.004468851127019e-06,700,929,False,929.0,False,False,False,False,1.8211356860604033,0.010975360264646771,0.020039722774515868
ARTVSTSWYNLFDY,H3-23_A,K3-20,True,96,1,1,1,0.0003495192290188,4.002145149800293e-06,3.836209211505559e-06,7.004468851127019e-06,False,False,False,False,False,False,False,False,False,False,False,False,False,0,0,False,0.7714285714285716,False,False,False,5.87944984436035,1722.85,1,0.0003495192290188,7.004468851127019e-06,1305,930,False,930.0,False,False,False,False,1.8211356860604033,0.010975360264646771,0.020039722774515868
ARVIYSWISSSFDY,H3-23_A,K3-20,True,96,1,1,1,0.0003495192290188,4.002145149800293e-06,3.836209211505559e-06,7.004468851127019e-06,False,False,False,False,False,False,False,False,False,False,False,False,False,0,0,False,-0.0285714285714285,False,False,False,5.87944984436035,1693.8518,1,0.0003495192290188,7.004468851127019e-06,1352,931,False,931.0,False,False,False,False,1.8211356860604033,0.010975360264646771,0.020039722774515868
ARSVYSWYLGSWYFDY,H3-23_A,K3-20,True,95,1,1,1,0.0003458784037165,4.002145149800293e-06,3.836209211505559e-06,7.004468851127019e-06,False,False,False,True,False,False,False,False,False,False,False,False,False,0,0,False,-0.5124999999999998,False,False,False,5.877711868286132,2063.2245000000003,1,0.0003458784037165,7.004468851127019e-06,1243,933,False,933.0,False,False,False,False,1.8211356860604033,0.011090887032598598,0.02025066112614773
ARQRYGTAGFDY,H3-23_A,K3-20,True,94,1,1,1,0.0003422375784142,4.002145149800293e-06,3.836209211505559e-06,7.004468851127019e-06,False,False,False,False,False,False,False,False,False,False,False,False,False,1,1,False,2.6833333333333336,False,False,False,8.632579040527343,1404.4858,2,0.0003422375784142,7.004468851127019e-06,1157,938,False,938.0,False,False,False,False,1.8211356860604033,0.01120887174507001,0.02046608739667974
ARDVDYSHFDY,H3-23_A,K4-1,True,93,1,1,1,0.0003385967531119,4.002145149800293e-06,3.836209211505559e-06,7.004468851127019e-06,False,False,False,False,False,False,False,False,False,True,False,False,False,-2,-1,False,2.563636363636364,False,False,False,4.413415908813476,1387.4089,1,0.0003385967531119,7.004468851127019e-06,217,939,False,939.0,False,False,False,False,1.8211356860604033,0.011329393688252282,0.020686146353413804
ARTGNPYSWSYGYGFDY,H3-23_A,K3-20,True,93,1,1,1,0.0003385967531119,4.002145149800293e-06,3.836209211505559e-06,7.004468851127019e-06,False,False,False,False,False,False,False,False,False,False,False,False,False,0,0,False,1.994117647058824,False,False,False,5.877711868286132,2004.073,1,0.0003385967531119,7.004468851127019e-06,1257,940,False,940.0,False,False,False,False,1.8211356860604033,0.011329393688252282,0.020686146353413804
ARVAYKWYTSFDY,H3-23_A,K3-20,True,93,1,1,1,0.0003385967531119,4.002145149800293e-06,3.836209211505559e-06,7.004468851127019e-06,False,False,False,False,False,False,False,False,False,False,False,False,False,1,1,False,0.5538461538461539,False,False,False,8.47317657470703,1669.832,1,0.0003385967531119,7.004468851127019e-06,1324,941,False,941.0,False,False,False,False,1.8211356860604033,0.011329393688252282,0.020686146353413804
ARVNVYRYPFDY,H3-23_A,K3-15,True,93,1,1,1,0.0003385967531119,4.002145149800293e-06,3.836209211505559e-06,7.004468851127019e-06,False,False,False,False,False,False,False,False,False,False,False,False,False,1,1,False,0.6083333333333334,False,False,False,8.539295959472657,1562.7252,2,0.0003385967531119,7.004468851127019e-06,1379,942,False,942.0,False,False,False,False,1.8211356860604033,0.011329393688252282,0.020686146353413804
ARTFRYWSELYFDY,H3-23_A,K1-39,True,92,1,1,1,0.0003349559278097,4.002145149800293e-06,3.836209211505559e-06,7.004468851127019e-06,False,False,False,False,False,False,False,False,False,False,False,False,False,0,0,False,-0.2357142857142855,False,False,False,6.112389755249024,1917.0819,2,0.0003349559278097,7.004468851127019e-06,1253,944,False,944.0,False,False,False,False,1.8211356860604033,0.011452535595456073,0.02091098905768822
ARHNIWPAVWPFDY,H3-23_A,K3-20,True,91,1,1,1,0.0003313151025074,4.002145149800293e-06,3.836209211505559e-06,7.004468851127019e-06,False,False,False,False,False,False,False,False,False,False,False,False,False,0,1,False,-0.7928571428571427,False,False,False,6.788309097290039,1771.9718999999998,1,0.0003313151025074,7.004468851127019e-06,756,946,False,946.0,False,False,False,False,1.8211356860604033,0.011578383836521648,0.02114077321071855
ARPGRYTPFDY,H3-23_A,K1-39,True,91,1,1,1,0.0003313151025074,4.002145149800293e-06,3.836209211505559e-06,7.004468851127019e-06,False,False,False,False,False,False,False,False,False,False,False,False,False,1,1,False,2.0545454545454547,False,False,False,8.632579040527343,1342.4578,2,0.0003313151025074,7.004468851127019e-06,1087,947,False,947.0,False,False,False,False,1.8211356860604033,0.011578383836521648,0.02114077321071855
ARDWTAWYGYGYGFDY,H3-23_A,K3-15,True,90,1,1,1,0.0003276742772051,4.002145149800293e-06,3.836209211505559e-06,7.004468851127019e-06,False,False,False,False,False,False,False,False,False,False,False,False,False,-1,-1,False,0.8687500000000001,False,False,False,4.207874679565429,1991.0758,1,0.0003276742772051,7.004468851127019e-06,243,949,False,949.0,False,False,False,False,1.8211356860604033,0.01170702861982129,0.021375663522430373
ARWLHTSSYFDY,H3-23_A,K3-20,True,90,1,1,1,0.0003276742772051,4.002145149800293e-06,3.836209211505559e-06,7.004468851127019e-06,False,False,False,False,False,False,False,False,False,False,False,False,False,0,1,False,0.3666666666666668,False,False,False,6.787184524536133,1545.6518,1,0.0003276742772051,7.004468851127019e-06,1493,950,False,950.0,False,False,False,False,1.8211356860604033,0.01170702861982129,0.021375663522430373
ARGPYRSFYFHYGFDP,H3-23_A,K3-15,True,88,1,1,1,0.0003203926266005,4.002145149800293e-06,3.836209211505559e-06,7.004468851127019e-06,False,False,False,True,True,False,False,False,False,False,False,False,False,1,2,False,0.7125000000000002,False,False,False,8.545542907714843,1980.1426,2,0.0003203926266005,7.004468851127019e-06,604,952,False,952.0,False,False,False,False,1.8211356860604033,0.01197308914788894,0.02186145889453232
ARGPDYWQWGFDY,H3-23_A,UNK,True,87,1,1,1,0.0003167518012983,4.002145149800293e-06,3.836209211505559e-06,7.004468851127019e-06,False,False,False,False,False,False,False,False,False,False,False,False,False,-1,-1,False,0.9846153846153848,False,False,False,4.207874679565429,1660.7406999999998,1,0.0003167518012983,7.004468851127019e-06,543,953,False,953.0,False,False,False,False,1.8211356860604033,0.012110706517585858,0.022112732098435034
ARHDWSKAWHFDY,H3-23_A,K3-20,True,87,1,1,1,0.0003167518012983,4.002145149800293e-06,3.836209211505559e-06,7.004468851127019e-06,False,False,False,True,False,False,False,False,False,False,False,False,False,0,2,False,1.053846153846154,False,False,False,6.960879898071289,1718.8266,1,0.0003167518012983,7.004468851127019e-06,711,954,False,954.0,False,False,False,False,1.8211356860604033,0.012110706517585858,0.022112732098435034
ARWPRPSWIYGYHFDY,H3-23_A,K3-15,True,87,1,1,1,0.0003167518012983,4.002145149800293e-06,3.836209211505559e-06,7.004468851127019e-06,False,False,False,True,False,False,False,False,False,False,False,False,False,1,2,False,-0.2437499999999998,False,False,False,8.545542907714843,2114.3211,2,0.0003167518012983,7.004468851127019e-06,1497,955,False,955.0,False,False,False,False,1.8211356860604033,0.012110706517585858,0.022112732098435034
ARYAVSPWLFDY,H3-23_A,K3-15,True,87,1,1,1,0.0003167518012983,4.002145149800293e-06,3.836209211505559e-06,7.004468851127019e-06,False,False,False,False,False,False,False,False,False,False,False,False,False,0,0,False,-0.7416666666666666,False,False,False,5.87944984436035,1487.6554,1,0.0003167518012983,7.004468851127019e-06,1532,956,False,956.0,False,False,False,False,1.8211356860604033,0.012110706517585858,0.022112732098435034
ARDYVPVSSWYAYGFDY,H3-23_A,K3-20,True,86,1,1,1,0.000313110975996,4.002145149800293e-06,3.836209211505559e-06,7.004468851127019e-06,False,False,False,False,False,False,False,False,False,False,False,False,False,-1,-1,False,0.8823529411764707,False,False,False,4.207874679565429,2059.1912,1,0.000313110975996,7.004468851127019e-06,263,958,False,958.0,False,False,False,False,1.8211356860604033,0.012251524189023238,0.02236984867860305
ARGPYRYGHFDY,H3-23_A,K3-20,True,86,1,1,1,0.000313110975996,4.002145149800293e-06,3.836209211505559e-06,7.004468851127019e-06,False,False,False,False,False,False,False,False,False,False,False,False,False,1,2,False,1.7666666666666668,False,False,False,8.545542907714843,1501.6025,2,0.000313110975996,7.004468851127019e-06,612,959,False,959.0,False,False,False,False,1.8211356860604033,0.012251524189023238,0.02236984867860305
ARGSYSYWGWHFDY,H3-23_A,K4-1,True,86,1,1,1,0.000313110975996,4.002145149800293e-06,3.836209211505559e-06,7.004468851127019e-06,False,False,False,True,False,False,False,False,False,False,False,False,False,0,1,False,0.5642857142857144,False,False,False,6.786059951782226,1794.876,1,0.000313110975996,7.004468851127019e-06,669,960,False,960.0,False,False,False,False,1.8211356860604033,0.012251524189023238,0.02236984867860305
ARKGYFSAHTFDY,H3-23_A,K3-20,True,86,1,1,1,0.000313110975996,4.002145149800293e-06,3.836209211505559e-06,7.004468851127019e-06,False,False,False,False,False,False,False,False,False,False,False,False,False,1,2,False,1.6461538461538463,False,False,False,8.546315002441407,1562.6823,1,0.000313110975996,7.004468851127019e-06,898,961,False,961.0,False,False,False,False,1.8211356860604033,0.012251524189023238,0.02236984867860305
ARVSRWYAGHGFDY,H3-23_A,K3-20,True,86,1,1,1,0.000313110975996,4.002145149800293e-06,3.836209211505559e-06,7.004468851127019e-06,False,False,False,False,False,False,False,False,False,False,False,False,False,1,2,False,1.135714285714286,False,False,False,8.638685607910158,1684.8102,2,0.000313110975996,7.004468851127019e-06,1443,964,False,964.0,False,False,False,False,1.8211356860604033,0.012251524189023238,0.02236984867860305
ARYGHLHGWTFDY,H3-23_A,K3-20,True,86,1,1,1,0.000313110975996,4.002145149800293e-06,3.836209211505559e-06,7.004468851127019e-06,False,False,False,False,False,False,False,False,False,False,False,False,False,0,2,False,0.3769230769230771,False,False,False,6.959295272827148,1622.7391,1,0.000313110975996,7.004468851127019e-06,1539,965,False,965.0,False,False,False,False,1.8211356860604033,0.012251524189023238,0.02236984867860305
ARDANLWSGYGFDY,H3-23_A,K4-1,True,85,1,1,1,0.0003094701506937,4.002145149800293e-06,3.836209211505559e-06,7.004468851127019e-06,False,False,False,False,False,False,False,False,False,False,False,False,False,-1,-1,False,1.5071428571428571,False,False,False,4.207874679565429,1634.7017999999998,1,0.0003094701506937,7.004468851127019e-06,84,966,False,966.0,False,False,False,False,1.8211356860604033,0.012395655110373615,0.022633014865174703
ARQPYGYASYGKYGFDI,H3-23_A,K3-20,True,85,1,1,1,0.0003094701506937,4.002145149800293e-06,3.836209211505559e-06,7.004468851127019e-06,False,False,False,False,False,False,False,False,False,False,False,False,False,1,1,False,1.823529411764706,False,False,False,8.420884704589842,1956.1163,1,0.0003094701506937,7.004468851127019e-06,1146,967,False,967.0,False,False,False,False,1.8211356860604033,0.012395655110373615,0.022633014865174703
ARVTSYSRSHFDY,H3-23_A,K3-20,True,85,1,1,1,0.0003094701506937,4.002145149800293e-06,3.836209211505559e-06,7.004468851127019e-06,False,False,False,False,False,False,False,False,False,False,False,False,False,1,2,False,2.353846153846154,False,False,False,8.638685607910158,1588.6782999999998,2,0.0003094701506937,7.004468851127019e-06,1453,969,False,969.0,False,False,False,False,1.8211356860604033,0.012395655110373615,0.022633014865174703
ARYWSYSGTFDY,H3-23_A,K3-20,True,85,1,1,1,0.0003094701506937,4.002145149800293e-06,3.836209211505559e-06,7.004468851127019e-06,False,False,False,False,False,False,False,False,False,False,False,False,False,0,0,False,1.275,False,False,False,5.87858085632324,1515.5794,1,0.0003094701506937,7.004468851127019e-06,1623,970,False,970.0,False,False,False,False,1.8211356860604033,0.012395655110373615,0.022633014865174703
ARNPLWVPGFDY,H3-23_A,K3-20,True,84,1,1,1,0.0003058293253914,4.002145149800293e-06,3.836209211505559e-06,7.004468851127019e-06,False,False,False,False,False,False,False,False,False,False,False,False,False,0,0,False,-0.0666666666666665,False,False,False,5.880318832397459,1434.5961,1,0.0003058293253914,7.004468851127019e-06,1064,973,False,973.0,False,False,False,False,1.8211356860604033,0.012543217608121987,0.022902446708457133
AREQYAYGAWHLFDP,H3-23_A,K3-20,True,83,1,1,1,0.0003021885000892,4.002145149800293e-06,3.836209211505559e-06,7.004468851127019e-06,False,False,False,False,True,False,False,False,False,False,False,False,False,-1,0,False,0.8000000000000002,False,False,False,5.322224044799805,1823.9588,1,0.0003021885000892,7.004468851127019e-06,357,975,False,975.0,False,False,False,False,1.8211356860604033,0.012694335711041664,0.023178370670468282
ARPILYGASRYAYFDP,H3-23_A,K3-20,True,83,1,1,1,0.0003021885000892,4.002145149800293e-06,3.836209211505559e-06,7.004468851127019e-06,False,False,False,False,True,False,False,False,False,False,False,False,False,1,1,False,0.5625000000000002,False,False,False,8.539295959472657,1860.0754,2,0.0003021885000892,7.004468851127019e-06,1094,977,False,977.0,False,False,False,False,1.8211356860604033,0.012694335711041664,0.023178370670468282
ARQYPARGWAYGFDI,H3-23_A,K4-1,True,83,1,1,1,0.0003021885000892,4.002145149800293e-06,3.836209211505559e-06,7.004468851127019e-06,False,False,False,False,False,False,False,False,False,False,False,False,False,1,1,False,0.8800000000000002,False,False,False,8.632579040527343,1770.9425,2,0.0003021885000892,7.004468851127019e-06,1168,978,False,978.0,False,False,False,False,1.8211356860604033,0.012694335711041664,0.023178370670468282
ARGPVRYKYTYGFDY,H3-23_A,K1-39,True,82,1,1,1,0.0002985476747869,4.002145149800293e-06,3.836209211505559e-06,7.004468851127019e-06,False,False,False,False,False,False,False,False,False,False,False,False,False,2,2,False,1.6266666666666667,False,False,False,9.40341033935547,1856.0436,2,0.0002985476747869,7.004468851127019e-06,573,979,False,979.0,False,False,False,False,1.8211356860604033,0.012849139497900064,0.023461024259806965
ARKFPGTYRPFDY,H3-23_A,K3-20,True,82,1,1,1,0.0002985476747869,4.002145149800293e-06,3.836209211505559e-06,7.004468851127019e-06,False,False,False,False,False,False,False,False,False,False,False,False,False,2,2,False,1.4692307692307691,False,False,False,9.69757843017578,1617.8039,2,0.0002985476747869,7.004468851127019e-06,894,980,False,980.0,False,False,False,False,1.8211356860604033,0.012849139497900064,0.023461024259806965
ARLLAGRAGKWGFDY,H3-23_A,K3-20,True,81,1,1,1,0.0002949068494846,4.002145149800293e-06,3.836209211505559e-06,7.004468851127019e-06,False,False,False,False,False,False,False,False,False,False,False,False,False,2,2,False,0.5333333333333335,False,False,False,9.98676300048828,1680.9061000000002,2,0.0002949068494846,7.004468851127019e-06,970,982,False,982.0,False,False,False,False,1.8211356860604033,0.013007765470876828,0.023750656713470618
ARAKVFGSRGWLFDP,H3-23_A,K4-1,True,80,1,1,1,0.0002912660241823,4.002145149800293e-06,3.836209211505559e-06,7.004468851127019e-06,False,False,False,False,True,False,False,False,False,False,False,False,False,2,2,False,0.4666666666666669,False,False,False,10.835224914550782,1706.9434,2,0.0002912660241823,7.004468851127019e-06,26,983,False,983.0,False,False,False,False,1.8211356860604033,0.013170356957030569,0.024047529729886573
ARDFHYWYRSGFDY,H3-23_A,K3-15,True,80,1,1,1,0.0002912660241823,4.002145149800293e-06,3.836209211505559e-06,7.004468851127019e-06,False,False,False,True,False,False,False,False,False,False,False,False,False,0,1,False,0.7642857142857145,False,False,False,6.789382553100586,1882.9844,2,0.0002912660241823,7.004468851127019e-06,95,984,False,984.0,False,False,False,False,1.8211356860604033,0.013170356957030569,0.024047529729886573
ARDLGFLAYYGFDY,H3-23_A,K3-15,True,80,1,1,1,0.0002912660241823,4.002145149800293e-06,3.836209211505559e-06,7.004468851127019e-06,False,False,False,False,False,False,False,False,False,False,False,False,False,-1,-1,False,-0.1928571428571426,False,False,False,4.207874679565429,1670.8166,1,0.0002912660241823,7.004468851127019e-06,117,985,False,985.0,False,False,False,False,1.8211356860604033,0.013170356957030569,0.024047529729886573
ARGPYHYWGIGRAFDI,H3-23_A,K3-15,True,80,1,1,1,0.0002912660241823,4.002145149800293e-06,3.836209211505559e-06,7.004468851127019e-06,False,False,False,True,False,False,False,False,False,False,False,False,False,1,2,False,0.3062500000000001,False,False,False,8.638685607910158,1879.0836,2,0.0002912660241823,7.004468851127019e-06,591,986,False,986.0,False,False,False,False,1.8211356860604033,0.013170356957030569,0.024047529729886573
ARAFRAWAGWHFDY,H3-23_A,K3-15,True,78,1,1,1,0.0002839843735778,4.002145149800293e-06,3.836209211505559e-06,7.004468851127019e-06,False,False,False,True,False,False,False,False,False,False,False,False,False,1,2,False,-0.407142857142857,False,False,False,8.796192932128907,1753.9169,2,0.0002839843735778,7.004468851127019e-06,9,990,False,990.0,False,False,False,False,1.8211356860604033,0.013508046526332439,0.02466411134447405
ARDFSSIWSGYTYGFDP,H3-23_A,K3-15,True,78,1,1,1,0.0002839843735778,4.002145149800293e-06,3.836209211505559e-06,7.004468851127019e-06,False,False,False,False,True,False,False,False,False,False,False,False,False,-1,-1,False,1.4294117647058826,False,False,False,4.207874679565429,1969.0688,1,0.0002839843735778,7.004468851127019e-06,101,991,False,991.0,False,False,False,False,1.8211356860604033,0.013508046526332439,0.02466411134447405
ARGFVSAHYVYGFDP,H3-23_A,K1-39,True,78,1,1,1,0.0002839843735778,4.002145149800293e-06,3.836209211505559e-06,7.004468851127019e-06,False,False,False,False,True,False,False,False,False,False,False,False,False,0,1,False,0.7266666666666668,False,False,False,6.787184524536133,1685.8346,1,0.0002839843735778,7.004468851127019e-06,515,992,False,992.0,False,False,False,False,1.8211356860604033,0.013508046526332439,0.02466411134447405
ARLGYRYSSDFDY,H3-23_A,K3-20,True,78,1,1,1,0.0002839843735778,4.002145149800293e-06,3.836209211505559e-06,7.004468851127019e-06,False,False,False,False,False,False,False,False,False,True,False,False,False,0,0,False,1.9307692307692308,False,False,False,6.003152847290039,1612.6962999999998,2,0.0002839843735778,7.004468851127019e-06,955,993,False,993.0,False,False,False,False,1.8211356860604033,0.013508046526332439,0.02466411134447405
ARSVPSYFYTLFDY,H3-23_A,K3-15,True,78,1,1,1,0.0002839843735778,4.002145149800293e-06,3.836209211505559e-06,7.004468851127019e-06,False,False,False,True,False,False,False,False,False,False,False,False,False,0,0,False,-0.0285714285714283,False,False,False,5.87858085632324,1728.8958,1,0.0002839843735778,7.004468851127019e-06,1240,994,False,994.0,False,False,False,False,1.8211356860604033,0.013508046526332439,0.02466411134447405
ARTVFIPAYHSGFDY,H3-23_A,K3-20,True,78,1,1,1,0.0002839843735778,4.002145149800293e-06,3.836209211505559e-06,7.004468851127019e-06,False,False,False,False,False,False,False,False,False,False,False,False,False,0,1,False,0.4066666666666668,False,False,False,6.787184524536133,1743.9137999999998,1,0.0002839843735778,7.004468851127019e-06,1300,995,False,995.0,False,False,False,False,1.8211356860604033,0.013508046526332439,0.02466411134447405
ARYRVPYWVNYQYFDI,H3-23_A,K3-15,True,78,1,1,1,0.0002839843735778,4.002145149800293e-06,3.836209211505559e-06,7.004468851127019e-06,False,False,False,False,False,False,False,False,False,False,False,False,False,1,1,False,-0.4124999999999999,False,False,False,8.472544860839843,2153.3951,2,0.0002839843735778,7.004468851127019e-06,1601,996,False,996.0,False,False,False,False,1.8211356860604033,0.013508046526332439,0.02466411134447405
ARLTHHYLSRWGFDY,H3-23_A,K3-15,True,76,1,1,1,0.0002767027229732,4.002145149800293e-06,3.836209211505559e-06,7.004468851127019e-06,False,False,False,True,False,False,False,False,False,False,False,False,False,1,3,False,0.0466666666666668,False,False,False,8.644651794433596,1922.1084,2,0.0002767027229732,7.004468851127019e-06,1033,1000,False,1000.0,False,False,False,False,1.8211356860604033,0.013863508588570033,0.025313143450239585
ARVKAAWYLLGFDY,H3-23_A,K3-15,True,76,1,1,1,0.0002767027229732,4.002145149800293e-06,3.836209211505559e-06,7.004468851127019e-06,False,False,False,False,False,False,False,False,False,False,False,False,False,1,1,False,-0.9428571428571428,False,False,False,8.54006805419922,1672.9219999999998,1,0.0002767027229732,7.004468851127019e-06,1353,1001,False,1001.0,False,False,False,False,1.8211356860604033,0.013863508588570033,0.025313143450239585
ARVREYTGHGFDY,H3-23_A,K3-20,True,76,1,1,1,0.0002767027229732,4.002145149800293e-06,3.836209211505559e-06,7.004468851127019e-06,False,False,False,False,False,False,False,False,False,False,False,False,False,0,1,False,2.330769230769231,False,False,False,6.795363235473633,1570.6629999999998,2,0.0002767027229732,7.004468851127019e-06,1396,1002,False,1002.0,False,False,False,False,1.8211356860604033,0.013863508588570033,0.025313143450239585
ARHGFIYQWSGRFDP,H3-23_A,K3-15,True,75,1,1,1,0.0002730618976709,4.002145149800293e-06,3.836209211505559e-06,7.004468851127019e-06,False,False,False,False,True,False,False,False,False,False,False,False,False,1,2,False,0.6866666666666669,False,False,False,8.796192932128907,1837.0039,2,0.0002730618976709,7.004468851127019e-06,716,1003,False,1003.0,False,False,False,False,1.8211356860604033,0.01404834860059042,0.025650639669881535
ARHHWRSWYHSQYAFDI,H3-23_A,K4-1,True,75,1,1,1,0.0002730618976709,4.002145149800293e-06,3.836209211505559e-06,7.004468851127019e-06,False,False,False,True,False,False,False,False,False,False,False,False,False,1,4,False,0.4058823529411766,False,False,False,8.65040740966797,2260.4292,2,0.0002730618976709,7.004468851127019e-06,734,1004,False,1004.0,False,False,False,False,1.8211356860604033,0.01404834860059042,0.025650639669881535
ARLGYGLGSIRFDY,H3-23_A,K3-15,True,75,1,1,1,0.0002730618976709,4.002145149800293e-06,3.836209211505559e-06,7.004468851127019e-06,False,False,False,False,False,False,False,False,False,False,False,False,False,1,1,False,0.3357142857142859,False,False,False,8.632579040527343,1587.7761999999998,2,0.0002730618976709,7.004468851127019e-06,953,1005,False,1005.0,False,False,False,False,1.8211356860604033,0.01404834860059042,0.025650639669881535
ARNPRYWTYPFDY,H3-23_A,K4-1,True,75,1,1,1,0.0002730618976709,4.002145149800293e-06,3.836209211505559e-06,7.004468851127019e-06,False,False,False,False,False,False,False,False,False,False,False,False,False,1,1,False,0.9230769230769232,False,False,False,8.539295959472657,1748.8922,2,0.0002730618976709,7.004468851127019e-06,1065,1006,False,1006.0,False,False,False,False,1.8211356860604033,0.01404834860059042,0.025650639669881535
ARYRSWYPLYGFDY,H3-23_A,K1-39,True,75,1,1,1,0.0002730618976709,4.002145149800293e-06,3.836209211505559e-06,7.004468851127019e-06,False,False,False,False,False,False,False,False,False,False,False,False,False,1,1,False,-0.0857142857142855,False,False,False,8.472544860839843,1857.0299,2,0.0002730618976709,7.004468851127019e-06,1599,1007,False,1007.0,False,False,False,False,1.8211356860604033,0.01404834860059042,0.025650639669881535
ARAWPRVSYSYGFDY,H3-23_A,UNK,True,74,1,1,1,0.0002694210723686,4.002145149800293e-06,3.836209211505559e-06,7.004468851127019e-06,False,False,False,False,False,False,False,False,False,False,False,False,False,1,1,False,0.9866666666666668,False,False,False,8.539295959472657,1837.9853000000005,2,0.0002694210723686,7.004468851127019e-06,74,1008,False,1008.0,False,False,False,False,1.8211356860604033,0.014238184103195656,0.0259972570704259
ARGPYRSSLVSYGFDY,H3-23_A,K1-39,True,74,1,1,1,0.0002694210723686,4.002145149800293e-06,3.836209211505559e-06,7.004468851127019e-06,False,False,False,False,False,False,False,False,False,False,False,False,False,1,1,False,1.6062500000000002,False,False,False,8.539295959472657,1837.9837,2,0.0002694210723686,7.004468851127019e-06,607,1009,False,1009.0,False,False,False,False,1.8211356860604033,0.014238184103195656,0.0259972570704259
ARIGRSWGTPGFDY,H3-23_A,K3-15,True,74,1,1,1,0.0002694210723686,4.002145149800293e-06,3.836209211505559e-06,7.004468851127019e-06,False,False,False,False,False,False,False,False,False,False,False,False,False,1,1,False,1.592857142857143,False,False,False,8.79022674560547,1582.7168,2,0.0002694210723686,7.004468851127019e-06,850,1010,False,1010.0,False,False,False,False,1.8211356860604033,0.014238184103195656,0.0259972570704259
ARIPRWYTSFDY,H3-23_A,K4-1,True,74,1,1,1,0.0002694210723686,4.002145149800293e-06,3.836209211505559e-06,7.004468851127019e-06,False,False,False,False,False,False,False,False,False,False,False,False,False,1,1,False,0.2750000000000001,False,False,False,8.632579040527343,1574.7361,2,0.0002694210723686,7.004468851127019e-06,868,1011,False,1011.0,False,False,False,False,1.8211356860604033,0.014238184103195656,0.0259972570704259
ARYVTSYDRAAFDY,H3-23_A,K3-20,True,73,1,1,1,0.0002657802470664,4.002145149800293e-06,3.836209211505559e-06,7.004468851127019e-06,False,False,False,False,False,False,False,False,False,False,False,False,False,0,0,False,1.9857142857142855,False,False,False,6.003152847290039,1697.8008,2,0.0002657802470664,7.004468851127019e-06,1618,1015,False,1015.0,False,False,False,False,1.8211356860604033,0.014433220382790015,0.026353370480810587
ARGPTPTWSGRWYGFDP,H3-23_A,K3-15,True,72,1,1,1,0.0002621394217641,4.002145149800293e-06,3.836209211505559e-06,7.004468851127019e-06,False,False,False,False,True,False,False,False,False,False,False,False,False,1,1,False,1.747058823529412,False,False,False,8.79022674560547,1951.1034,2,0.0002621394217641,7.004468851127019e-06,570,1016,False,1016.0,False,False,False,False,1.8211356860604033,0.014633674130159412,0.02671937555303906
ARYGYARGWLFDP,H3-23_A,K1-39,True,72,1,1,1,0.0002621394217641,4.002145149800293e-06,3.836209211505559e-06,7.004468851127019e-06,False,False,False,False,True,False,False,False,False,False,False,False,False,1,1,False,0.3000000000000002,False,False,False,8.632579040527343,1571.7353999999998,2,0.0002621394217641,7.004468851127019e-06,1547,1019,False,1019.0,False,False,False,False,1.8211356860604033,0.014633674130159412,0.02671937555303906
AREFYHGTWYGFDY,H3-23_A,K3-20,True,71,1,1,1,0.0002584985964618,4.002145149800293e-06,3.836209211505559e-06,7.004468851127019e-06,False,False,False,True,False,False,False,False,False,False,False,False,False,-1,0,False,0.6214285714285717,False,False,False,5.322172927856446,1811.9032,1,0.0002584985964618,7.004468851127019e-06,286,1021,False,1021.0,False,False,False,False,1.8211356860604033,0.014839774243532508,0.02709569022847592
ARFRWHWSVTGVYGFDP,H3-23_A,K3-15,True,71,1,1,1,0.0002584985964618,4.002145149800293e-06,3.836209211505559e-06,7.004468851127019e-06,False,False,False,True,True,False,False,False,False,False,False,False,False,1,2,False,0.0058823529411766,False,False,False,8.796192932128907,2081.2929,2,0.0002584985964618,7.004468851127019e-06,487,1022,False,1022.0,False,False,False,False,1.8211356860604033,0.014839774243532508,0.02709569022847592
ARGPWQSVYGRYGFDY,H3-23_A,K3-20,True,71,1,1,1,0.0002584985964618,4.002145149800293e-06,3.836209211505559e-06,7.004468851127019e-06,False,False,False,False,False,False,False,False,False,False,False,False,False,1,1,False,1.475,False,False,False,8.539295959472657,1922.0619,2,0.0002584985964618,7.004468851127019e-06,577,1023,False,1023.0,False,False,False,False,1.8211356860604033,0.014839774243532508,0.02709569022847592
ARVSYSLYGSGFDY,H3-23_A,K4-1,True,71,1,1,1,0.0002584985964618,4.002145149800293e-06,3.836209211505559e-06,7.004468851127019e-06,False,False,False,False,False,False,False,False,False,False,False,False,False,0,0,False,1.385714285714286,False,False,False,5.87858085632324,1584.6827999999998,1,0.0002584985964618,7.004468851127019e-06,1449,1024,False,1024.0,False,False,False,False,1.8211356860604033,0.014839774243532508,0.02709569022847592
ARYLYSGSFGWPYGFDI,H3-23_A,K3-15,True,71,1,1,1,0.0002584985964618,4.002145149800293e-06,3.836209211505559e-06,7.004468851127019e-06,False,False,False,False,False,False,False,False,False,False,False,False,False,0,0,False,-0.1647058823529409,False,False,False,5.87858085632324,1999.1823,1,0.0002584985964618,7.004468851127019e-06,1575,1025,False,1025.0,False,False,False,False,1.8211356860604033,0.014839774243532508,0.02709569022847592
ARFPTAYASNFDY,H3-23_A,K3-20,True,70,1,1,1,0.0002548577711595,4.002145149800293e-06,3.836209211505559e-06,7.004468851127019e-06,False,False,False,False,False,False,False,False,False,False,False,False,False,0,0,False,1.4692307692307691,False,False,False,5.87944984436035,1522.6151,1,0.0002548577711595,7.004468851127019e-06,478,1026,False,1026.0,False,False,False,False,1.8211356860604033,0.01505176270052914,0.02748275632992262
ARGPRIYIWYVSAFDY,H3-23_A,K3-15,True,70,1,1,1,0.0002548577711595,4.002145149800293e-06,3.836209211505559e-06,7.004468851127019e-06,False,False,False,False,False,False,False,False,False,False,False,False,False,1,1,False,-0.4812499999999999,False,False,False,8.539295959472657,1977.2232,2,0.0002548577711595,7.004468851127019e-06,558,1027,False,1027.0,False,False,False,False,1.8211356860604033,0.01505176270052914,0.02748275632992262
ARSQSSKVSYTNPFDY,H5-51,K3-15,True,70,1,1,1,0.0002548577711595,4.002145149800293e-06,3.836209211505559e-06,7.004468851127019e-06,False,False,False,False,False,False,False,False,False,False,False,False,False,1,1,False,3.225,False,False,False,8.54006805419922,1849.9499,1,0.0002548577711595,7.004468851127019e-06,1212,1030,False,1030.0,False,False,False,False,1.8211356860604033,0.01505176270052914,0.02748275632992262
ARTFYGYSAWFPFDY,H3-23_A,K3-20,True,70,1,1,1,0.0002548577711595,4.002145149800293e-06,3.836209211505559e-06,7.004468851127019e-06,False,False,False,False,False,False,False,False,False,False,False,False,False,0,0,False,-0.3599999999999997,False,False,False,5.87858085632324,1891.0428,1,0.0002548577711595,7.004468851127019e-06,1254,1032,False,1032.0,False,False,False,False,1.8211356860604033,0.01505176270052914,0.02748275632992262
ARVPLRVWYTFDY,H3-23_A,K1-39,True,70,1,1,1,0.0002548577711595,4.002145149800293e-06,3.836209211505559e-06,7.004468851127019e-06,False,False,False,False,False,False,False,False,False,False,False,False,False,1,1,False,-0.9076923076923076,False,False,False,8.632579040527343,1685.9208,2,0.0002548577711595,7.004468851127019e-06,1385,1033,False,1033.0,False,False,False,False,1.8211356860604033,0.01505176270052914,0.02748275632992262
ARAYRWGYHTYFDY,H3-23_A,K3-20,True,69,1,1,1,0.0002512169458572,4.002145149800293e-06,3.836209211505559e-06,7.004468851127019e-06,False,False,False,False,False,False,False,False,False,False,False,False,False,1,2,False,0.6285714285714288,False,False,False,8.478932189941407,1869.0009,2,0.0002512169458572,7.004468851127019e-06,78,1037,False,1037.0,False,False,False,False,1.8211356860604033,0.015269895505898879,0.027881041292077132
ARFKLAYDRFDY,H3-23_A,K3-15,True,69,1,1,1,0.0002512169458572,4.002145149800293e-06,3.836209211505559e-06,7.004468851127019e-06,False,False,False,False,False,False,False,False,False,False,False,False,False,1,1,False,0.5750000000000003,False,False,False,8.539366149902346,1564.7412,2,0.0002512169458572,7.004468851127019e-06,471,1041,False,1041.0,False,False,False,False,1.8211356860604033,0.015269895505898879,0.027881041292077132
ARGPVHSWLRYPSFDY,H3-23_A,K3-15,True,69,1,1,1,0.0002512169458572,4.002145149800293e-06,3.836209211505559e-06,7.004468851127019e-06,False,False,False,False,False,False,False,False,False,False,False,False,False,1,2,False,0.6000000000000001,False,False,False,8.638685607910158,1951.1463,2,0.0002512169458572,7.004468851127019e-06,571,1042,False,1042.0,False,False,False,False,1.8211356860604033,0.015269895505898879,0.027881041292077132
ARHYTVYAYERFDY,H4-34,K3-15,True,69,1,1,1,0.0002512169458572,4.002145149800293e-06,3.836209211505559e-06,7.004468851127019e-06,False,False,False,False,False,False,False,False,False,False,False,False,False,0,1,False,1.2285714285714289,False,False,False,6.79316520690918,1853.9847,2,0.0002512169458572,7.004468851127019e-06,833,1043,False,1043.0,False,False,False,False,1.8211356860604033,0.015269895505898879,0.027881041292077132
ARPHGTGWIFDY,H3-23_A,K1-39,True,69,1,1,1,0.0002512169458572,4.002145149800293e-06,3.836209211505559e-06,7.004468851127019e-06,False,False,False,False,False,False,False,False,False,False,False,False,False,0,1,False,0.6666666666666669,False,False,False,6.788309097290039,1419.5418,1,0.0002512169458572,7.004468851127019e-06,1092,1044,False,1044.0,False,False,False,False,1.8211356860604033,0.015269895505898879,0.027881041292077132
ARSGGIGDRNPYFDI,H1-69,K3-15,True,69,1,1,1,0.0002512169458572,4.002145149800293e-06,3.836209211505559e-06,7.004468851127019e-06,False,False,False,False,False,False,False,False,False,False,False,False,False,0,0,False,2.4066666666666667,False,False,False,6.004890823364257,1637.7505999999998,2,0.0002512169458572,7.004468851127019e-06,1182,1045,False,1045.0,False,False,False,False,1.8211356860604033,0.015269895505898879,0.027881041292077132
ARYRAYSPWGFDY,H3-23_A,K1-39,True,69,1,1,1,0.0002512169458572,4.002145149800293e-06,3.836209211505559e-06,7.004468851127019e-06,False,False,False,False,False,False,False,False,False,False,False,False,False,1,1,False,0.9230769230769232,False,False,False,8.539295959472657,1651.7769999999998,2,0.0002512169458572,7.004468851127019e-06,1587,1046,False,1046.0,False,False,False,False,1.8211356860604033,0.015269895505898879,0.027881041292077132
ARGPYRSTWAYDYGFDI,H3-23_A,K1-39,True,68,1,1,1,0.000247576120555,4.002145149800293e-06,3.836209211505559e-06,7.004468851127019e-06,False,False,False,False,False,False,False,False,False,False,False,False,False,0,0,False,1.4647058823529413,False,False,False,6.003152847290039,2038.1772,2,0.000247576120555,7.004468851127019e-06,608,1049,False,1049.0,False,False,False,False,1.8211356860604033,0.01549444372287971,0.02829104004467412
ARILAPPWYGYGYSFDY,H3-23_A,UNK,True,68,1,1,1,0.000247576120555,4.002145149800293e-06,3.836209211505559e-06,7.004468851127019e-06,False,False,False,False,False,False,False,False,False,False,False,False,False,0,0,False,-0.2058823529411763,False,False,False,5.877711868286132,2039.2462,1,0.000247576120555,7.004468851127019e-06,863,1051,False,1051.0,False,False,False,False,1.8211356860604033,0.01549444372287971,0.02829104004467412
ARISSFTSPYRYWFDP,H3-23_A,K3-20,True,68,1,1,1,0.000247576120555,4.002145149800293e-06,3.836209211505559e-06,7.004468851127019e-06,False,False,False,True,True,False,False,False,False,False,False,False,False,1,1,False,0.5750000000000002,False,False,False,8.632579040527343,1993.1797,2,0.000247576120555,7.004468851127019e-06,880,1052,False,1052.0,False,False,False,False,1.8211356860604033,0.01549444372287971,0.02829104004467412
ARTRPYGAVYPYPGFDP,H3-23_A,K3-20,True,68,1,1,1,0.000247576120555,4.002145149800293e-06,3.836209211505559e-06,7.004468851127019e-06,False,False,False,False,True,False,False,False,False,False,False,False,False,1,1,False,1.7058823529411766,False,False,False,8.539295959472657,1927.1216,2,0.000247576120555,7.004468851127019e-06,1284,1054,False,1054.0,False,False,False,False,1.8211356860604033,0.01549444372287971,0.02829104004467412
ARTWRALYTYGFDY,H3-23_A,K1-39,True,68,1,1,1,0.000247576120555,4.002145149800293e-06,3.836209211505559e-06,7.004468851127019e-06,False,False,False,False,False,False,False,False,False,False,False,False,False,1,1,False,0.3285714285714288,False,False,False,8.539295959472657,1782.9498999999998,2,0.000247576120555,7.004468851127019e-06,1309,1055,False,1055.0,False,False,False,False,1.8211356860604033,0.01549444372287971,0.02829104004467412
ARWPLRLVSYTFDY,H3-23_A,K1-39,True,68,1,1,1,0.000247576120555,4.002145149800293e-06,3.836209211505559e-06,7.004468851127019e-06,False,False,False,False,False,False,False,False,False,False,False,False,False,1,1,False,-0.7714285714285712,False,False,False,8.632579040527343,1787.0247,2,0.000247576120555,7.004468851127019e-06,1496,1056,False,1056.0,False,False,False,False,1.8211356860604033,0.01549444372287971,0.02829104004467412
ARAEKWTGYRFDY,H3-23_A,K3-20,True,67,1,1,1,0.0002439352952527,4.002145149800293e-06,3.836209211505559e-06,7.004468851127019e-06,False,False,False,False,False,False,False,False,False,False,False,False,False,1,1,False,1.8461538461538465,False,False,False,8.53950653076172,1662.8014999999998,2,0.0002439352952527,7.004468851127019e-06,7,1057,False,1057.0,False,False,False,False,1.8211356860604033,0.01572569459694509,0.02871327706431548
ARDFRSFHYGFDY,H3-23_A,K3-20,True,67,1,1,1,0.0002439352952527,4.002145149800293e-06,3.836209211505559e-06,7.004468851127019e-06,False,False,False,True,False,False,False,False,False,False,False,False,False,0,1,False,1.0307692307692309,False,False,False,6.790507125854492,1680.7750999999998,2,0.0002439352952527,7.004468851127019e-06,99,1058,False,1058.0,False,False,False,False,1.8211356860604033,0.01572569459694509,0.02871327706431548
ARDVRSVSVWGFDY,H3-23_A,K3-20,True,67,1,1,1,0.0002439352952527,4.002145149800293e-06,3.836209211505559e-06,7.004468851127019e-06,False,False,False,False,False,False,False,False,False,False,False,False,False,0,0,False,1.2142857142857142,False,False,False,6.004890823364257,1656.7951999999998,2,0.0002439352952527,7.004468851127019e-06,230,1059,False,1059.0,False,False,False,False,1.8211356860604033,0.01572569459694509,0.02871327706431548
ARGPLYSRVLAGYWFDP,H3-23_A,K3-20,True,67,1,1,1,0.0002439352952527,4.002145149800293e-06,3.836209211505559e-06,7.004468851127019e-06,False,False,False,True,True,False,False,False,False,False,False,False,False,1,1,False,-0.0235294117647056,False,False,False,8.632579040527343,1968.2165,2,0.0002439352952527,7.004468851127019e-06,555,1060,False,1060.0,False,False,False,False,1.8211356860604033,0.01572569459694509,0.02871327706431548
ARGWPSVIRLAFDY,H3-23_A,K3-20,True,67,1,1,1,0.0002439352952527,4.002145149800293e-06,3.836209211505559e-06,7.004468851127019e-06,False,False,False,False,False,False,False,False,False,False,False,False,False,1,1,False,-0.3642857142857141,False,False,False,8.79022674560547,1650.8767999999998,2,0.0002439352952527,7.004468851127019e-06,690,1061,False,1061.0,False,False,False,False,1.8211356860604033,0.01572569459694509,0.02871327706431548
ARHQLWYASLY,H3-23_A,K3-15,True,67,1,1,1,0.0002439352952527,4.002145149800293e-06,3.836209211505559e-06,7.004468851127019e-06,False,False,False,False,False,False,False,False,False,False,False,False,False,1,2,False,-0.8363636363636361,False,False,False,8.639808654785156,1407.5741,1,0.0002439352952527,7.004468851127019e-06,767,1063,False,1063.0,False,False,False,False,1.8211356860604033,0.01572569459694509,0.02871327706431548
ARNWGPSWYRVFDY,H4-34,K1-39,True,67,1,1,1,0.0002439352952527,4.002145149800293e-06,3.836209211505559e-06,7.004468851127019e-06,False,False,False,False,False,False,False,False,False,False,False,False,False,1,1,False,0.3642857142857144,False,False,False,8.632579040527343,1816.9694,2,0.0002439352952527,7.004468851127019e-06,1073,1064,False,1064.0,False,False,False,False,1.8211356860604033,0.01572569459694509,0.02871327706431548
ARDVLLSYLYGFDY,H3-23_A,K3-15,True,66,1,1,1,0.0002402944699504,4.002145149800293e-06,3.836209211505559e-06,7.004468851127019e-06,False,False,False,False,False,False,False,False,False,False,False,False,False,-1,-1,False,-0.5499999999999997,False,False,False,4.207874679565429,1694.8794999999998,1,0.0002402944699504,7.004468851127019e-06,222,1066,False,1066.0,False,False,False,False,1.8211356860604033,0.015963952781641436,0.029148308612706102
ARGPSVYGAWRYAGFDI,H3-23_A,UNK,True,66,1,1,1,0.0002402944699504,4.002145149800293e-06,3.836209211505559e-06,7.004468851127019e-06,False,False,False,False,False,False,False,False,False,False,False,False,False,1,1,False,0.923529411764706,False,False,False,8.632579040527343,1886.0729,2,0.0002402944699504,7.004468851127019e-06,566,1067,False,1067.0,False,False,False,False,1.8211356860604033,0.015963952781641436,0.029148308612706102
ARHGWGSSWVDFDY,H3-23_A,K3-15,True,66,1,1,1,0.0002402944699504,4.002145149800293e-06,3.836209211505559e-06,7.004468851127019e-06,False,False,False,False,False,False,False,False,False,True,False,False,False,-1,0,False,1.2857142857142858,False,False,False,5.212373733520507,1682.7479999999998,1,0.0002402944699504,7.004468851127019e-06,729,1069,False,1069.0,False,False,False,False,1.8211356860604033,0.015963952781641436,0.029148308612706102
ARLLSDAPDYFDY,H1-69,K3-15,True,66,1,1,1,0.0002402944699504,4.002145149800293e-06,3.836209211505559e-06,7.004468851127019e-06,False,False,False,False,False,False,False,False,False,False,False,False,False,-2,-2,False,1.2000000000000002,False,False,False,4.050025558471679,1545.6469,1,0.0002402944699504,7.004468851127019e-06,982,1070,False,1070.0,False,False,False,False,1.8211356860604033,0.015963952781641436,0.029148308612706102
ARLRYVFSEPHFDY,H3-23_A,K3-15,True,66,1,1,1,0.0002402944699504,4.002145149800293e-06,3.836209211505559e-06,7.004468851127019e-06,False,False,False,False,False,False,False,False,False,False,False,False,False,0,1,False,0.2785714285714287,False,False,False,6.795363235473633,1799.9804,2,0.0002402944699504,7.004468851127019e-06,1025,1071,False,1071.0,False,False,False,False,1.8211356860604033,0.015963952781641436,0.029148308612706102
ARPWSRQALGSLFDP,H3-23_A,K3-20,True,66,1,1,1,0.0002402944699504,4.002145149800293e-06,3.836209211505559e-06,7.004468851127019e-06,False,False,False,False,True,False,False,False,False,False,False,False,False,1,1,False,0.9266666666666667,False,False,False,9.643601989746092,1700.8943,2,0.0002402944699504,7.004468851127019e-06,1128,1072,False,1072.0,False,False,False,False,1.8211356860604033,0.015963952781641436,0.029148308612706102
ARQRNFVYWYPYFDY,H3-23_A,K1-39,True,66,1,1,1,0.0002402944699504,4.002145149800293e-06,3.836209211505559e-06,7.004468851127019e-06,False,False,False,True,False,False,False,False,False,False,False,False,False,1,1,False,-0.2733333333333332,False,False,False,8.472544860839843,2088.2803,2,0.0002402944699504,7.004468851127019e-06,1152,1073,False,1073.0,False,False,False,False,1.8211356860604033,0.015963952781641436,0.029148308612706102
ARVAWSYAGRLFDY,H3-23_A,K3-20,True,66,1,1,1,0.0002402944699504,4.002145149800293e-06,3.836209211505559e-06,7.004468851127019e-06,False,False,False,False,False,False,False,False,False,False,False,False,False,1,1,False,0.0714285714285715,False,False,False,8.632579040527343,1674.8551,2,0.0002402944699504,7.004468851127019e-06,1323,1076,False,1076.0,False,False,False,False,1.8211356860604033,0.015963952781641436,0.029148308612706102
ARWRGSHNYFDY,H3-23_A,K4-1,True,66,1,1,1,0.0002402944699504,4.002145149800293e-06,3.836209211505559e-06,7.004468851127019e-06,False,False,False,False,False,False,False,False,False,False,False,False,False,1,2,False,1.5666666666666669,False,False,False,8.638685607910158,1571.6526,2,0.0002402944699504,7.004468851127019e-06,1502,1077,False,1077.0,False,False,False,False,1.8211356860604033,0.015963952781641436,0.029148308612706102
ARDVPGRWSGFDY,H3-23_A,K4-1,True,65,1,1,1,0.0002366536446481,4.002145149800293e-06,3.836209211505559e-06,7.004468851127019e-06,False,False,False,False,False,False,False,False,False,False,False,False,False,0,0,False,1.9769230769230768,False,False,False,6.004890823364257,1525.6224,2,0.0002366536446481,7.004468851127019e-06,219,1078,False,1078.0,False,False,False,False,1.8211356860604033,0.016209541677639997,0.02959672518160576
ARGLVYLYGSWYFDY,H3-23_A,K3-15,True,65,1,1,1,0.0002366536446481,4.002145149800293e-06,3.836209211505559e-06,7.004468851127019e-06,False,False,False,True,False,False,False,False,False,False,False,False,False,0,0,False,-0.98,False,False,False,5.877711868286132,1873.0689,1,0.0002366536446481,7.004468851127019e-06,539,1079,False,1079.0,False,False,False,False,1.8211356860604033,0.016209541677639997,0.02959672518160576
ARHRLYVYDWALFDY,H3-23_A,K3-20,True,65,1,1,1,0.0002366536446481,4.002145149800293e-06,3.836209211505559e-06,7.004468851127019e-06,False,False,False,False,False,False,False,False,False,False,False,False,False,0,1,False,-0.8199999999999998,False,False,False,6.789382553100586,1988.2061,2,0.0002366536446481,7.004468851127019e-06,785,1080,False,1080.0,False,False,False,False,1.8211356860604033,0.016209541677639997,0.02959672518160576
ARLHYSYWVPFDY,H3-23_A,K3-15,True,65,1,1,1,0.0002366536446481,4.002145149800293e-06,3.836209211505559e-06,7.004468851127019e-06,False,False,False,False,False,False,False,False,False,False,False,False,False,0,1,False,-0.8307692307692306,False,False,False,6.786059951782226,1716.89,1,0.0002366536446481,7.004468851127019e-06,961,1081,False,1081.0,False,False,False,False,1.8211356860604033,0.016209541677639997,0.02959672518160576
ARLLRSPYWSYPYGFDY,H3-23_A,K3-15,True,65,1,1,1,0.0002366536446481,4.002145149800293e-06,3.836209211505559e-06,7.004468851127019e-06,False,False,False,False,False,False,False,False,False,False,False,False,False,1,1,False,-0.1058823529411762,False,False,False,8.472544860839843,2154.38,2,0.0002366536446481,7.004468851127019e-06,977,1082,False,1082.0,False,False,False,False,1.8211356860604033,0.016209541677639997,0.02959672518160576
ARVPGAWSNFDY,H3-23_A,UNK,True,65,1,1,1,0.0002366536446481,4.002145149800293e-06,3.836209211505559e-06,7.004468851127019e-06,False,False,False,False,False,False,False,False,False,False,False,False,False,0,0,False,1.241666666666667,False,False,False,5.880318832397459,1382.4785,1,0.0002366536446481,7.004468851127019e-06,1380,1083,False,1083.0,False,False,False,False,1.8211356860604033,0.016209541677639997,0.02959672518160576
ARWSRSQASVYPFDY,H3-23_A,K3-15,True,65,1,1,1,0.0002366536446481,4.002145149800293e-06,3.836209211505559e-06,7.004468851127019e-06,False,False,False,False,False,False,False,False,False,False,False,False,False,1,1,False,1.5666666666666669,False,False,False,8.632579040527343,1832.9673000000005,2,0.0002366536446481,7.004468851127019e-06,1521,1084,False,1084.0,False,False,False,False,1.8211356860604033,0.016209541677639997,0.02959672518160576
ARANRYATYGFDY,H3-23_A,K3-20,True,64,1,1,1,0.0002330128193458,4.002145149800293e-06,3.836209211505559e-06,7.004468851127019e-06,False,False,False,False,False,False,False,False,False,False,False,False,False,1,1,False,2.130769230769231,False,False,False,8.539295959472657,1567.659,2,0.0002330128193458,7.004468851127019e-06,29,1086,False,1086.0,False,False,False,False,1.8211356860604033,0.016462804897286566,0.030059154166925443
ARDYWPYWGRFDY,H3-23_A,K3-15,True,64,1,1,1,0.0002330128193458,4.002145149800293e-06,3.836209211505559e-06,7.004468851127019e-06,False,False,False,False,False,False,False,False,False,False,False,False,False,0,0,False,0.2615384615384616,False,False,False,6.003152847290039,1794.9190999999998,2,0.0002330128193458,7.004468851127019e-06,264,1087,False,1087.0,False,False,False,False,1.8211356860604033,0.016462804897286566,0.030059154166925443
ARGPTGYHGRHFDY,H3-23_A,UNK,True,64,1,1,1,0.0002330128193458,4.002145149800293e-06,3.836209211505559e-06,7.004468851127019e-06,False,False,False,False,False,False,False,False,False,False,False,False,False,1,3,False,2.5785714285714287,False,False,False,8.644651794433596,1633.7237999999998,2,0.0002330128193458,7.004468851127019e-06,569,1090,False,1090.0,False,False,False,False,1.8211356860604033,0.016462804897286566,0.030059154166925443
ARGYQSYVWYSFDY,H3-23_A,UNK,True,64,1,1,1,0.0002330128193458,4.002145149800293e-06,3.836209211505559e-06,7.004468851127019e-06,False,False,False,False,False,False,False,False,False,False,False,False,False,0,0,False,0.7500000000000001,False,False,False,5.877711868286132,1804.9089,1,0.0002330128193458,7.004468851127019e-06,701,1091,False,1091.0,False,False,False,False,1.8211356860604033,0.016462804897286566,0.030059154166925443
ARLHRAYSLHVEFDP,H3-23_A,UNK,True,64,1,1,1,0.0002330128193458,4.002145149800293e-06,3.836209211505559e-06,7.004468851127019e-06,False,False,False,False,True,False,False,False,False,True,False,False,False,0,2,False,0.6666666666666669,False,False,False,6.964509201049804,1811.0082,2,0.0002330128193458,7.004468851127019e-06,959,1092,False,1092.0,False,False,False,False,1.8211356860604033,0.016462804897286566,0.030059154166925443
ARSVYGWRGFDY,H3-23_A,K4-1,True,64,1,1,1,0.0002330128193458,4.002145149800293e-06,3.836209211505559e-06,7.004468851127019e-06,False,False,False,False,False,False,False,False,False,False,False,False,False,1,1,False,0.975,False,False,False,8.632579040527343,1476.5929999999998,2,0.0002330128193458,7.004468851127019e-06,1241,1093,False,1093.0,False,False,False,False,1.8211356860604033,0.016462804897286566,0.030059154166925443
ARDLRYGWYWHAFDY,H3-23_A,K3-15,True,63,1,1,1,0.0002293719940436,4.002145149800293e-06,3.836209211505559e-06,7.004468851127019e-06,False,False,False,True,False,False,False,False,False,False,False,False,False,0,1,False,-0.2466666666666665,False,False,False,6.789382553100586,2019.1787,2,0.0002293719940436,7.004468851127019e-06,132,1094,False,1094.0,False,False,False,False,1.8211356860604033,0.016724107868625413,0.030536262797487224
ARDRGWAYWVAFDY,H3-23_A,K3-20,True,63,1,1,1,0.0002293719940436,4.002145149800293e-06,3.836209211505559e-06,7.004468851127019e-06,False,False,False,False,False,False,False,False,False,False,False,False,False,0,0,False,0.2642857142857144,False,False,False,6.004021835327148,1775.9174999999998,2,0.0002293719940436,7.004468851127019e-06,176,1095,False,1095.0,False,False,False,False,1.8211356860604033,0.016724107868625413,0.030536262797487224
ARDVSRWAFDY,H3-23_A,K3-20,True,63,1,1,1,0.0002293719940436,4.002145149800293e-06,3.836209211505559e-06,7.004468851127019e-06,False,False,False,False,False,False,False,False,False,False,False,False,False,0,0,False,1.3,False,False,False,6.004890823364257,1385.4824999999998,2,0.0002293719940436,7.004468851127019e-06,233,1096,False,1096.0,False,False,False,False,1.8211356860604033,0.016724107868625413,0.030536262797487224
ARSPGWYTYRYGFDP,H3-23_A,K3-15,True,63,1,1,1,0.0002293719940436,4.002145149800293e-06,3.836209211505559e-06,7.004468851127019e-06,False,False,False,False,True,False,False,False,False,False,False,False,False,1,1,False,1.5266666666666668,False,False,False,8.539295959472657,1835.9695,2,0.0002293719940436,7.004468851127019e-06,1202,1103,False,1103.0,False,False,False,False,1.8211356860604033,0.016724107868625413,0.030536262797487224
ARVRAILGWTAYFDY,H3-23_A,K3-15,True,63,1,1,1,0.0002293719940436,4.002145149800293e-06,3.836209211505559e-06,7.004468851127019e-06,False,False,False,False,False,False,False,False,False,False,False,False,False,1,1,False,-0.5533333333333331,False,False,False,8.632579040527343,1802.0393,2,0.0002293719940436,7.004468851127019e-06,1393,1105,False,1105.0,False,False,False,False,1.8211356860604033,0.016724107868625413,0.030536262797487224
ARVTYVSWLRGDFDY,H3-23_A,K3-15,True,63,1,1,1,0.0002293719940436,4.002145149800293e-06,3.836209211505559e-06,7.004468851127019e-06,False,False,False,False,False,False,False,False,False,True,False,False,False,0,0,False,0.5533333333333335,False,False,False,6.004021835327148,1848.0216,2,0.0002293719940436,7.004468851127019e-06,1456,1106,False,1106.0,False,False,False,False,1.8211356860604033,0.016724107868625413,0.030536262797487224
ARYGYVSAYRPFDY,H3-23_A,K3-20,True,63,1,1,1,0.0002293719940436,4.002145149800293e-06,3.836209211505559e-06,7.004468851127019e-06,False,False,False,False,False,False,False,False,False,False,False,False,False,1,1,False,1.1714285714285717,False,False,False,8.472544860839843,1727.8712999999998,2,0.0002293719940436,7.004468851127019e-06,1549,1107,False,1107.0,False,False,False,False,1.8211356860604033,0.016724107868625413,0.030536262797487224
ARYLGPYHSVDWFDP,H3-23_A,K3-20,True,63,1,1,1,0.0002293719940436,4.002145149800293e-06,3.836209211505559e-06,7.004468851127019e-06,False,False,False,False,True,False,False,False,False,False,False,False,False,-1,0,False,0.5933333333333335,False,False,False,5.212373733520507,1822.9707000000003,1,0.0002293719940436,7.004468851127019e-06,1568,1108,False,1108.0,False,False,False,False,1.8211356860604033,0.016724107868625413,0.030536262797487224
ARFLVDWTSYNYFDY,H3-23_A,K3-20,True,62,1,1,1,0.0002257311687413,4.002145149800293e-06,3.836209211505559e-06,7.004468851127019e-06,False,False,False,False,False,False,False,False,False,False,False,False,False,-1,-1,False,-0.1333333333333331,False,False,False,4.207874679565429,1960.1032,1,0.0002257311687413,7.004468851127019e-06,476,1112,False,1112.0,False,False,False,False,1.8211356860604033,0.016993839594681398,0.031028761347267408
ARFRYSLYHNFDY,H3-23_A,K1-39,True,62,1,1,1,0.0002257311687413,4.002145149800293e-06,3.836209211505559e-06,7.004468851127019e-06,False,False,False,False,False,False,False,False,False,False,False,False,False,1,2,False,0.2153846153846156,False,False,False,8.545542907714843,1751.896,2,0.0002257311687413,7.004468851127019e-06,489,1113,False,1113.0,False,False,False,False,1.8211356860604033,0.016993839594681398,0.031028761347267408
ARKPSYRFAFDY,H3-23_A,K3-20,True,62,1,1,1,0.0002257311687413,4.002145149800293e-06,3.836209211505559e-06,7.004468851127019e-06,False,False,False,False,False,False,False,False,False,False,False,False,False,2,2,False,1.2250000000000003,False,False,False,9.69757843017578,1520.6887,2,0.0002257311687413,7.004468851127019e-06,905,1119,False,1119.0,False,False,False,False,1.8211356860604033,0.016993839594681398,0.031028761347267408
ARLLLTGYHFDY,H3-23_A,K3-20,True,62,1,1,1,0.0002257311687413,4.002145149800293e-06,3.836209211505559e-06,7.004468851127019e-06,False,False,False,True,False,False,False,False,False,False,False,False,False,0,1,False,-0.9416666666666664,False,False,False,6.787184524536133,1468.6537999999998,1,0.0002257311687413,7.004468851127019e-06,975,1120,False,1120.0,False,False,False,False,1.8211356860604033,0.016993839594681398,0.031028761347267408
ARTKYGSAWVPRFDP,H3-23_A,K3-20,True,62,1,1,1,0.0002257311687413,4.002145149800293e-06,3.836209211505559e-06,7.004468851127019e-06,False,False,False,False,True,False,False,False,False,False,False,False,False,2,2,False,1.6733333333333331,False,False,False,9.98676300048828,1750.953,2,0.0002257311687413,7.004468851127019e-06,1264,1123,False,1123.0,False,False,False,False,1.8211356860604033,0.016993839594681398,0.031028761347267408
ARGPYTWVYAYGFDI,H3-23_A,K1-39,True,61,1,1,1,0.000222090343439,4.002145149800293e-06,3.836209211505559e-06,7.004468851127019e-06,False,False,False,False,False,False,False,False,False,False,False,False,False,0,0,False,0.0333333333333334,False,False,False,5.87858085632324,1778.9578,1,0.000222090343439,7.004468851127019e-06,619,1126,False,1126.0,False,False,False,False,1.8211356860604033,0.017272414585703583,0.03153740666344715
ARLVYSYGYSYWAFDY,H1-69,K1-39,True,61,1,1,1,0.000222090343439,4.002145149800293e-06,3.836209211505559e-06,7.004468851127019e-06,False,False,False,False,False,False,False,False,False,False,False,False,False,0,0,False,-0.2812499999999999,False,False,False,5.876893997192382,2024.1884,1,0.000222090343439,7.004468851127019e-06,1046,1127,False,1127.0,False,False,False,False,1.8211356860604033,0.017272414585703583,0.03153740666344715
ARWGRGLYFDY,H3-23_A,K3-20,True,61,1,1,1,0.000222090343439,4.002145149800293e-06,3.836209211505559e-06,7.004468851127019e-06,False,False,False,False,False,False,False,False,False,False,False,False,False,1,1,False,-0.027272727272727,False,False,False,8.632579040527343,1403.5422999999998,2,0.000222090343439,7.004468851127019e-06,1480,1128,False,1128.0,False,False,False,False,1.8211356860604033,0.017272414585703583,0.03153740666344715
ARYPAYAVYSPYFDP,H3-23_A,K4-1,True,61,1,1,1,0.000222090343439,4.002145149800293e-06,3.836209211505559e-06,7.004468851127019e-06,False,False,False,False,True,False,False,False,False,False,False,False,False,0,0,False,0.8533333333333334,False,False,False,5.877711868286132,1779.9426,1,0.000222090343439,7.004468851127019e-06,1579,1129,False,1129.0,False,False,False,False,1.8211356860604033,0.017272414585703583,0.03153740666344715
ARDLLYKGLWGFDY,H3-23_A,K1-39,True,60,1,1,1,0.0002184495181367,4.002145149800293e-06,3.836209211505559e-06,7.004468851127019e-06,False,False,False,False,False,False,False,False,False,False,False,False,False,0,0,False,-0.514285714285714,False,False,False,6.003152847290039,1716.9315,1,0.0002184495181367,7.004468851127019e-06,123,1130,False,1130.0,False,False,False,False,1.8211356860604033,0.01756027498470023,0.032063006047390465
ARDLRSIWVNYFDY,H3-23_A,K3-15,True,60,1,1,1,0.0002184495181367,4.002145149800293e-06,3.836209211505559e-06,7.004468851127019e-06,False,False,False,False,False,False,False,False,False,False,False,False,False,0,0,False,0.0071428571428572,False,False,False,6.004021835327148,1817.9956,2,0.0002184495181367,7.004468851127019e-06,129,1131,False,1131.0,False,False,False,False,1.8211356860604033,0.01756027498470023,0.032063006047390465
ARERADEYGFDY,H1-69,K3-20,True,60,1,1,1,0.0002184495181367,4.002145149800293e-06,3.836209211505559e-06,7.004468851127019e-06,False,False,False,False,False,False,False,False,False,True,False,False,False,-2,-2,False,3.408333333333333,False,False,False,4.316753768920899,1491.5168,2,0.0002184495181367,7.004468851127019e-06,358,1132,False,1132.0,False,False,False,False,1.8211356860604033,0.01756027498470023,0.032063006047390465
ARHWSWYAFDY,H3-23_A,K3-20,True,60,1,1,1,0.0002184495181367,4.002145149800293e-06,3.836209211505559e-06,7.004468851127019e-06,False,False,False,False,False,False,False,False,False,False,False,False,False,0,1,False,-0.5454545454545453,False,False,False,6.787184524536133,1501.6008,1,0.0002184495181367,7.004468851127019e-06,816,1137,False,1137.0,False,False,False,False,1.8211356860604033,0.01756027498470023,0.032063006047390465
ARKGSWRYSFDY,H3-23_A,K3-15,True,60,1,1,1,0.0002184495181367,4.002145149800293e-06,3.836209211505559e-06,7.004468851127019e-06,False,False,False,False,False,False,False,False,False,False,False,False,False,2,2,False,1.825,False,False,False,9.69757843017578,1535.6603,2,0.0002184495181367,7.004468851127019e-06,897,1138,False,1138.0,False,False,False,False,1.8211356860604033,0.01756027498470023,0.032063006047390465
ARKHLGIQYFDY,H3-23_A,K4-1,True,60,1,1,1,0.0002184495181367,4.002145149800293e-06,3.836209211505559e-06,7.004468851127019e-06,False,False,False,False,False,False,False,False,False,False,False,False,False,1,2,False,0.4666666666666668,False,False,False,8.546315002441407,1510.6938,1,0.0002184495181367,7.004468851127019e-06,899,1139,False,1139.0,False,False,False,False,1.8211356860604033,0.01756027498470023,0.032063006047390465
ARSIFTIWGSYGFDI,H3-23_A,K3-20,True,60,1,1,1,0.0002184495181367,4.002145149800293e-06,3.836209211505559e-06,7.004468851127019e-06,False,False,False,False,False,False,False,False,False,False,False,False,False,0,0,False,-0.5599999999999999,False,False,False,5.880318832397459,1732.9308999999998,1,0.0002184495181367,7.004468851127019e-06,1192,1141,False,1141.0,False,False,False,False,1.8211356860604033,0.01756027498470023,0.032063006047390465
ARWRGWYDAFDY,H3-23_A,K3-20,True,60,1,1,1,0.0002184495181367,4.002145149800293e-06,3.836209211505559e-06,7.004468851127019e-06,False,False,False,False,False,False,False,False,False,False,False,False,False,0,0,False,0.4416666666666668,False,False,False,6.004021835327148,1605.7086,2,0.0002184495181367,7.004468851127019e-06,1503,1142,False,1142.0,False,False,False,False,1.8211356860604033,0.01756027498470023,0.032063006047390465
ARWRSAGSYFDY,H3-23_A,K4-1,True,60,1,1,1,0.0002184495181367,4.002145149800293e-06,3.836209211505559e-06,7.004468851127019e-06,False,False,False,False,False,False,False,False,False,False,False,False,False,1,1,False,1.525,False,False,False,8.632579040527343,1478.5658999999998,2,0.0002184495181367,7.004468851127019e-06,1508,1143,False,1143.0,False,False,False,False,1.8211356860604033,0.01756027498470023,0.032063006047390465
ARWSPAWYVFDY,H3-23_A,K4-1,True,60,1,1,1,0.0002184495181367,4.002145149800293e-06,3.836209211505559e-06,7.004468851127019e-06,False,False,False,False,False,False,False,False,False,False,False,False,False,0,0,False,-0.8083333333333332,False,False,False,5.87944984436035,1560.7077,1,0.0002184495181367,7.004468851127019e-06,1518,1144,False,1144.0,False,False,False,False,1.8211356860604033,0.01756027498470023,0.032063006047390465
ARERSPNDPYGFDY,H4-34,K3-15,True,59,1,1,1,0.0002148086928344,4.002145149800293e-06,3.836209211505559e-06,7.004468851127019e-06,False,False,False,False,True,False,False,False,False,False,False,False,False,-1,-1,False,3.4785714285714286,False,False,False,4.558281326293945,1686.7351999999998,2,0.0002148086928344,7.004468851127019e-06,413,1147,False,1147.0,False,False,False,False,1.8211356860604033,0.017857892909081362,0.032606421530209394
ARLFSRSWYKSFDY,H3-23_A,K3-20,True,59,1,1,1,0.0002148086928344,4.002145149800293e-06,3.836209211505559e-06,7.004468851127019e-06,False,False,False,False,False,False,False,False,False,False,False,False,False,2,2,False,0.3071428571428573,False,False,False,9.69757843017578,1826.0177,2,0.0002148086928344,7.004468851127019e-06,943,1149,False,1149.0,False,False,False,False,1.8211356860604033,0.017857892909081362,0.032606421530209394
ARPSRYGYGFDY,H3-23_A,K4-1,True,59,1,1,1,0.0002148086928344,4.002145149800293e-06,3.836209211505559e-06,7.004468851127019e-06,False,False,False,False,False,False,False,False,False,False,False,False,False,1,1,False,2.1333333333333333,False,False,False,8.539295959472657,1451.5404999999998,2,0.0002148086928344,7.004468851127019e-06,614,1152,False,1152.0,False,False,False,False,1.8211356860604033,0.017857892909081362,0.032606421530209394
ARSHPPSFYGYGFDY,H3-23_A,K3-20,True,59,1,1,1,0.0002148086928344,4.002145149800293e-06,3.836209211505559e-06,7.004468851127019e-06,False,False,False,False,False,False,False,False,False,False,False,False,False,0,1,False,1.5266666666666668,False,False,False,6.786059951782226,1763.8604,1,0.0002148086928344,7.004468851127019e-06,1188,1153,False,1153.0,False,False,False,False,1.8211356860604033,0.017857892909081362,0.032606421530209394
ARVKYVRTVANVWGFDI,H3-23_A,UNK,True,59,1,1,1,0.0002148086928344,4.002145149800293e-06,3.836209211505559e-06,7.004468851127019e-06,False,False,False,False,False,False,False,False,False,False,False,False,False,2,2,False,0.1352941176470589,False,False,False,9.98676300048828,1994.2985,2,0.0002148086928344,7.004468851127019e-06,1365,1155,False,1155.0,False,False,False,False,1.8211356860604033,0.017857892909081362,0.032606421530209394
ARGLVYDWYVYGFDP,H3-23_A,K1-39,True,58,1,1,1,0.0002111678675322,4.002145149800293e-06,3.836209211505559e-06,7.004468851127019e-06,False,False,False,False,True,False,False,False,False,False,False,False,False,-1,-1,False,-0.1133333333333332,False,False,False,4.207874679565429,1820.9944,1,0.0002111678675322,7.004468851127019e-06,538,1157,False,1157.0,False,False,False,False,1.8211356860604033,0.01816577303452797,0.03316857459060662
ARGPYHYGAYGYGFDY,H3-23_A,K1-39,True,58,1,1,1,0.0002111678675322,4.002145149800293e-06,3.836209211505559e-06,7.004468851127019e-06,False,False,False,True,False,False,False,False,False,False,False,False,False,0,1,False,1.6687500000000002,False,False,False,6.783861923217772,1856.9437000000005,1,0.0002111678675322,7.004468851127019e-06,589,1158,False,1158.0,False,False,False,False,1.8211356860604033,0.01816577303452797,0.03316857459060662
ARGYGTWYTHFDY,H3-23_A,K3-20,True,58,1,1,1,0.0002111678675322,4.002145149800293e-06,3.836209211505559e-06,7.004468851127019e-06,False,False,False,False,False,False,False,False,False,False,False,False,False,0,1,False,1.1769230769230772,False,False,False,6.786059951782226,1636.7193,1,0.0002111678675322,7.004468851127019e-06,697,1160,False,1160.0,False,False,False,False,1.8211356860604033,0.01816577303452797,0.03316857459060662
ARIGWGRTASIPLFDP,H3-23_A,K3-20,True,58,1,1,1,0.0002111678675322,4.002145149800293e-06,3.836209211505559e-06,7.004468851127019e-06,False,False,False,False,True,False,False,False,False,False,False,False,False,1,1,False,0.3437500000000001,False,False,False,9.643601989746092,1757.0006,2,0.0002111678675322,7.004468851127019e-06,852,1161,False,1161.0,False,False,False,False,1.8211356860604033,0.01816577303452797,0.03316857459060662
ARLKVFSPHRSYHGFDY,H3-23_A,UNK,True,58,1,1,1,0.0002111678675322,4.002145149800293e-06,3.836209211505559e-06,7.004468851127019e-06,False,False,False,False,False,False,False,False,False,False,False,False,False,2,4,False,0.9470588235294118,False,False,False,9.697789001464844,2080.3066,2,0.0002111678675322,7.004468851127019e-06,969,1163,False,1163.0,False,False,False,False,1.8211356860604033,0.01816577303452797,0.03316857459060662
ARLVRSGWVSYWIFDP,H3-23_A,K1-39,True,58,1,1,1,0.0002111678675322,4.002145149800293e-06,3.836209211505559e-06,7.004468851127019e-06,False,False,False,False,True,False,False,False,False,False,False,False,False,1,1,False,-0.8999999999999999,False,False,False,8.79022674560547,1952.2171,2,0.0002111678675322,7.004468851127019e-06,1040,1164,False,1164.0,False,False,False,False,1.8211356860604033,0.01816577303452797,0.03316857459060662
ARLVSYLGYRQFDY,H3-23_A,K3-15,True,58,1,1,1,0.0002111678675322,4.002145149800293e-06,3.836209211505559e-06,7.004468851127019e-06,False,False,False,False,False,False,False,False,False,False,False,False,False,1,1,False,0.1214285714285716,False,False,False,8.539295959472657,1750.9494,2,0.0002111678675322,7.004468851127019e-06,1042,1165,False,1165.0,False,False,False,False,1.8211356860604033,0.01816577303452797,0.03316857459060662
ARDRGLWLYGFDY,H3-23_A,K3-20,True,57,1,1,1,0.0002075270422299,4.002145149800293e-06,3.836209211505559e-06,7.004468851127019e-06,False,False,False,False,False,False,False,False,False,False,False,False,False,0,0,False,0.0384615384615387,False,False,False,6.004021835327148,1631.7873,2,0.0002075270422299,7.004468851127019e-06,160,1166,False,1166.0,False,False,False,False,1.8211356860604033,0.018484455450877933,0.03375045136938875
ARDWSYGWGFDY,H3-23_A,K3-20,True,57,1,1,1,0.0002075270422299,4.002145149800293e-06,3.836209211505559e-06,7.004468851127019e-06,False,False,False,False,False,False,False,False,False,False,False,False,False,-1,-1,False,0.9333333333333336,False,False,False,4.207874679565429,1522.5736,1,0.0002075270422299,7.004468851127019e-06,242,1168,False,1168.0,False,False,False,False,1.8211356860604033,0.018484455450877933,0.03375045136938875
ARESPTEGNRAFDY,H5-51,K3-20,True,57,1,1,1,0.0002075270422299,4.002145149800293e-06,3.836209211505559e-06,7.004468851127019e-06,False,False,False,False,False,False,False,False,False,False,False,False,False,-1,-1,False,3.8285714285714287,False,False,False,4.6793262481689455,1612.6552,2,0.0002075270422299,7.004468851127019e-06,430,1170,False,1170.0,False,False,False,False,1.8211356860604033,0.018484455450877933,0.03375045136938875
ARGPYGYAWTFDY,H3-23_A,K1-39,True,57,1,1,1,0.0002075270422299,4.002145149800293e-06,3.836209211505559e-06,7.004468851127019e-06,False,False,False,False,False,False,False,False,False,False,False,False,False,0,0,False,0.9384615384615388,False,False,False,5.87858085632324,1566.6691999999998,1,0.0002075270422299,7.004468851127019e-06,586,1172,False,1172.0,False,False,False,False,1.8211356860604033,0.018484455450877933,0.03375045136938875
ARGTRLSYGFDY,H3-23_A,K3-20,True,57,1,1,1,0.0002075270422299,4.002145149800293e-06,3.836209211505559e-06,7.004468851127019e-06,False,False,False,False,False,False,False,False,False,False,False,False,False,1,1,False,1.7833333333333334,False,False,False,8.632579040527343,1405.5136,2,0.0002075270422299,7.004468851127019e-06,673,1173,False,1173.0,False,False,False,False,1.8211356860604033,0.018484455450877933,0.03375045136938875
ARGYFSSYSRFDI,H3-23_A,K3-20,True,57,1,1,1,0.0002075270422299,4.002145149800293e-06,3.836209211505559e-06,7.004468851127019e-06,False,False,False,False,False,False,False,False,False,False,False,False,False,1,1,False,1.1923076923076923,False,False,False,8.632579040527343,1568.6868,2,0.0002075270422299,7.004468851127019e-06,696,1174,False,1174.0,False,False,False,False,1.8211356860604033,0.018484455450877933,0.03375045136938875
ARPPIYGSSSYYSGFDP,H3-23_A,UNK,True,57,1,1,1,0.0002075270422299,4.002145149800293e-06,3.836209211505559e-06,7.004468851127019e-06,False,False,False,False,True,False,False,False,False,False,False,False,False,0,0,False,2.182352941176471,False,False,False,5.87858085632324,1863.9747,1,0.0002075270422299,7.004468851127019e-06,1105,1176,False,1176.0,False,False,False,False,1.8211356860604033,0.018484455450877933,0.03375045136938875
ARVSRGLKYDFDP,H3-23_A,K1-39,True,57,1,1,1,0.0002075270422299,4.002145149800293e-06,3.836209211505559e-06,7.004468851127019e-06,False,False,False,False,True,False,False,False,False,True,False,False,False,1,1,False,2.0384615384615388,False,False,False,8.632649230957028,1523.6911,2,0.0002075270422299,7.004468851127019e-06,1438,1178,False,1178.0,False,False,False,False,1.8211356860604033,0.018484455450877933,0.03375045136938875
ARWIYTSVAYHFDY,H3-23_A,K1-39,True,57,1,1,1,0.0002075270422299,4.002145149800293e-06,3.836209211505559e-06,7.004468851127019e-06,False,False,False,True,False,False,False,False,False,False,False,False,False,0,1,False,-0.3142857142857141,False,False,False,6.786059951782226,1791.9566,1,0.0002075270422299,7.004468851127019e-06,1491,1179,False,1179.0,False,False,False,False,1.8211356860604033,0.018484455450877933,0.03375045136938875
ARDIKIGWLTYFDY,H3-23_A,K1-39,True,56,1,1,1,0.0002038862169276,4.002145149800293e-06,3.836209211505559e-06,7.004468851127019e-06,False,False,False,False,False,False,False,False,False,False,False,False,False,0,0,False,-0.3785714285714284,False,False,False,6.003152847290039,1760.9841,1,0.0002038862169276,7.004468851127019e-06,106,1181,False,1181.0,False,False,False,False,1.8211356860604033,0.018814518823896228,0.03435310844248858
ARDLTSWLYWAAFDY,H3-23_A,K3-20,True,56,1,1,1,0.0002038862169276,4.002145149800293e-06,3.836209211505559e-06,7.004468851127019e-06,False,False,False,False,False,False,False,False,False,False,False,False,False,-1,-1,False,-0.6133333333333332,False,False,False,4.207874679565429,1878.0459,1,0.0002038862169276,7.004468851127019e-06,138,1182,False,1182.0,False,False,False,False,1.8211356860604033,0.018814518823896228,0.03435310844248858
ARDVYVAWSWTFDY,H3-23_A,K3-20,True,56,1,1,1,0.0002038862169276,4.002145149800293e-06,3.836209211505559e-06,7.004468851127019e-06,False,False,False,False,False,False,False,False,False,False,False,False,False,-1,-1,False,-0.0214285714285713,False,False,False,4.207874679565429,1778.9147999999998,1,0.0002038862169276,7.004468851127019e-06,238,1183,False,1183.0,False,False,False,False,1.8211356860604033,0.018814518823896228,0.03435310844248858
ARHIRYTPYFDY,H3-23_A,K1-39,True,56,1,1,1,0.0002038862169276,4.002145149800293e-06,3.836209211505559e-06,7.004468851127019e-06,False,False,False,False,False,False,False,False,False,False,False,False,False,1,2,False,0.5833333333333335,False,False,False,8.545542907714843,1601.7614,2,0.0002038862169276,7.004468851127019e-06,738,1185,False,1185.0,False,False,False,False,1.8211356860604033,0.018814518823896228,0.03435310844248858
ARHRGYAAWYNFDY,H3-23_A,K3-15,True,56,1,1,1,0.0002038862169276,4.002145149800293e-06,3.836209211505559e-06,7.004468851127019e-06,False,False,False,False,False,False,False,False,False,False,False,False,False,1,2,False,1.042857142857143,False,False,False,8.545542907714843,1789.9043,2,0.0002038862169276,7.004468851127019e-06,779,1186,False,1186.0,False,False,False,False,1.8211356860604033,0.018814518823896228,0.03435310844248858
ARKPNYGNLYAPYPFDY,H3-23_A,K3-20,True,56,1,1,1,0.0002038862169276,4.002145149800293e-06,3.836209211505559e-06,7.004468851127019e-06,False,False,False,False,False,False,False,False,False,False,False,False,False,1,1,False,1.4176470588235297,False,False,False,8.420884704589842,2049.2428,1,0.0002038862169276,7.004468851127019e-06,904,1188,False,1188.0,False,False,False,False,1.8211356860604033,0.018814518823896228,0.03435310844248858
ARLPHSLYSGWVYPFDI,H3-23_A,K1-39,True,56,1,1,1,0.0002038862169276,4.002145149800293e-06,3.836209211505559e-06,7.004468851127019e-06,False,False,False,False,False,False,False,False,False,False,False,False,False,0,1,False,-0.6941176470588234,False,False,False,6.787184524536133,2021.2758,1,0.0002038862169276,7.004468851127019e-06,986,1189,False,1189.0,False,False,False,False,1.8211356860604033,0.018814518823896228,0.03435310844248858
ARLRYGISGWYFDY,H3-23_A,K4-1,True,56,1,1,1,0.0002038862169276,4.002145149800293e-06,3.836209211505559e-06,7.004468851127019e-06,False,False,False,True,False,False,False,False,False,False,False,False,False,1,1,False,-0.2642857142857141,False,False,False,8.539295959472657,1766.9504,2,0.0002038862169276,7.004468851127019e-06,1017,1190,False,1190.0,False,False,False,False,1.8211356860604033,0.018814518823896228,0.03435310844248858
ARLRYHGSTLGHHFDY,H3-23_A,K3-20,True,56,1,1,1,0.0002038862169276,4.002145149800293e-06,3.836209211505559e-06,7.004468851127019e-06,False,False,False,True,False,False,False,False,False,False,False,False,False,1,4,False,1.1562500000000002,False,False,False,8.65040740966797,1930.0891,2,0.0002038862169276,7.004468851127019e-06,1018,1191,False,1191.0,False,False,False,False,1.8211356860604033,0.018814518823896228,0.03435310844248858
ARSAPYAYFQYGLLFDI,H3-23_A,K3-15,True,56,1,1,1,0.0002038862169276,4.002145149800293e-06,3.836209211505559e-06,7.004468851127019e-06,False,False,False,False,False,False,False,False,False,False,False,False,False,0,0,False,-0.5705882352941174,False,False,False,5.87858085632324,1995.2351,1,0.0002038862169276,7.004468851127019e-06,1174,1192,False,1192.0,False,False,False,False,1.8211356860604033,0.018814518823896228,0.03435310844248858
ARDFPWYFGAFDY,H3-23_A,K3-20,True,55,1,1,1,0.0002002453916253,4.002145149800293e-06,3.836209211505559e-06,7.004468851127019e-06,False,False,False,True,False,False,False,False,False,False,False,False,False,-1,-1,False,-0.3999999999999998,False,False,False,4.207874679565429,1654.7758,1,0.0002002453916253,7.004468851127019e-06,97,1194,False,1194.0,False,False,False,False,1.8211356860604033,0.01915658390203811,0.03497767922390402
ARDLLGVYFAYGFDY,H3-23_A,K3-20,True,55,1,1,1,0.0002002453916253,4.002145149800293e-06,3.836209211505559e-06,7.004468851127019e-06,False,False,False,False,False,False,False,False,False,False,False,False,False,-1,-1,False,-0.4266666666666664,False,False,False,4.207874679565429,1769.9476,1,0.0002002453916253,7.004468851127019e-06,122,1195,False,1195.0,False,False,False,False,1.8211356860604033,0.01915658390203811,0.03497767922390402
AREWLTGWSFDY,H3-23_A,K3-15,True,55,1,1,1,0.0002002453916253,4.002145149800293e-06,3.836209211505559e-06,7.004468851127019e-06,False,False,False,False,False,False,False,False,False,False,False,False,False,-1,-1,False,0.1000000000000001,False,False,False,4.370375442504883,1530.6372,1,0.0002002453916253,7.004468851127019e-06,327,1196,False,1196.0,False,False,False,False,1.8211356860604033,0.01915658390203811,0.03497767922390402
ARGHWVYRWNFDY,H3-23_A,K1-39,True,55,1,1,1,0.0002002453916253,4.002145149800293e-06,3.836209211505559e-06,7.004468851127019e-06,False,False,False,False,False,False,False,False,False,False,False,False,False,1,2,False,-0.1076923076923075,False,False,False,8.638685607910158,1769.9162,2,0.0002002453916253,7.004468851127019e-06,521,1197,False,1197.0,False,False,False,False,1.8211356860604033,0.01915658390203811,0.03497767922390402
ARLRYILGSGSYLFDY,H3-23_A,K3-20,True,55,1,1,1,0.0002002453916253,4.002145149800293e-06,3.836209211505559e-06,7.004468851127019e-06,False,False,False,False,False,False,False,False,False,False,False,False,False,1,1,False,-0.3499999999999997,False,False,False,8.539295959472657,1894.1330000000005,2,0.0002002453916253,7.004468851127019e-06,1019,1199,False,1199.0,False,False,False,False,1.8211356860604033,0.01915658390203811,0.03497767922390402
ARVIPYRYSGFDY,H3-23_A,K3-20,True,55,1,1,1,0.0002002453916253,4.002145149800293e-06,3.836209211505559e-06,7.004468851127019e-06,False,False,False,False,False,False,False,False,False,False,False,False,False,1,1,False,0.6307692307692309,False,False,False,8.539295959472657,1606.7777999999998,2,0.0002002453916253,7.004468851127019e-06,1348,1200,False,1200.0,False,False,False,False,1.8211356860604033,0.01915658390203811,0.03497767922390402
ARAAGLWYRFDY,H3-23_A,K3-20,True,54,1,1,1,0.000196604566323,4.002145149800293e-06,3.836209211505559e-06,7.004468851127019e-06,False,False,False,False,False,False,False,False,False,False,False,False,False,1,1,False,-0.1499999999999998,False,False,False,8.632579040527343,1488.6468,2,0.000196604566323,7.004468851127019e-06,2,1203,False,1203.0,False,False,False,False,1.8211356860604033,0.019511317412787228,0.03562538107995529
ARDRGPWYGYGWHVFDY,H1-69,K3-15,True,54,1,1,1,0.000196604566323,4.002145149800293e-06,3.836209211505559e-06,7.004468851127019e-06,False,False,False,False,False,False,False,False,False,False,False,False,False,0,1,False,0.7764705882352942,False,False,False,6.789382553100586,2145.292,2,0.000196604566323,7.004468851127019e-06,173,1204,False,1204.0,False,False,False,False,1.8211356860604033,0.019511317412787228,0.03562538107995529
AREWVAGASYDEFDI,H4-34,K1-39,True,54,1,1,1,0.000196604566323,4.002145149800293e-06,3.836209211505559e-06,7.004468851127019e-06,False,False,False,False,False,False,False,False,False,True,False,False,False,-3,-3,False,1.7,False,False,False,4.050025558471679,1728.8116,1,0.000196604566323,7.004468851127019e-06,455,1205,False,1205.0,False,False,False,False,1.8211356860604033,0.019511317412787228,0.03562538107995529
ARGPVLGRWLFDY,H3-23_A,K3-20,True,54,1,1,1,0.000196604566323,4.002145149800293e-06,3.836209211505559e-06,7.004468851127019e-06,False,False,False,False,False,False,False,False,False,False,False,False,False,1,1,False,-0.7076923076923075,False,False,False,8.79022674560547,1549.7729,2,0.000196604566323,7.004468851127019e-06,551,1207,False,1207.0,False,False,False,False,1.8211356860604033,0.019511317412787228,0.03562538107995529
ARGPYHYRYHGTGFDI,H3-23_A,K3-20,True,54,1,1,1,0.000196604566323,4.002145149800293e-06,3.836209211505559e-06,7.004468851127019e-06,False,False,False,True,False,False,False,False,False,False,False,False,False,1,3,False,1.6375000000000002,False,False,False,8.55157928466797,1910.0546,2,0.000196604566323,7.004468851127019e-06,590,1208,False,1208.0,False,False,False,False,1.8211356860604033,0.019511317412787228,0.03562538107995529
ARHLVTVYWEGFDY,H3-23_A,K3-15,True,54,1,1,1,0.000196604566323,4.002145149800293e-06,3.836209211505559e-06,7.004468851127019e-06,False,False,False,False,False,False,False,False,False,False,False,False,False,-1,0,False,-0.1785714285714284,False,False,False,5.322224044799805,1755.9245,1,0.000196604566323,7.004468851127019e-06,752,1209,False,1209.0,False,False,False,False,1.8211356860604033,0.019511317412787228,0.03562538107995529
ARIAAHYWYGFYGFDY,H4-34,K1-39,True,54,1,1,1,0.000196604566323,4.002145149800293e-06,3.836209211505559e-06,7.004468851127019e-06,False,False,False,True,False,False,False,False,False,False,False,False,False,0,1,False,-0.6249999999999998,False,False,False,6.78493537902832,2000.1719,1,0.000196604566323,7.004468851127019e-06,838,1211,False,1211.0,False,False,False,False,1.8211356860604033,0.019511317412787228,0.03562538107995529
ARLTYDARFGLYFDP,H3-23_A,K3-20,True,54,1,1,1,0.000196604566323,4.002145149800293e-06,3.836209211505559e-06,7.004468851127019e-06,False,False,False,False,True,False,False,False,False,False,False,False,False,0,0,False,0.3333333333333336,False,False,False,6.004021835327148,1804.9969,2,0.000196604566323,7.004468851127019e-06,1036,1216,False,1216.0,False,False,False,False,1.8211356860604033,0.019511317412787228,0.03562538107995529
ARTAVAYAYRPFDY,H3-23_A,UNK,True,54,1,1,1,0.000196604566323,4.002145149800293e-06,3.836209211505559e-06,7.004468851127019e-06,False,False,False,False,False,False,False,False,False,False,False,False,False,1,1,False,1.1071428571428572,False,False,False,8.539295959472657,1663.8292,2,0.000196604566323,7.004468851127019e-06,1250,1221,False,1221.0,False,False,False,False,1.8211356860604033,0.019511317412787228,0.03562538107995529
ARVRYAGWHYIDYFDY,H3-23_A,K3-20,True,54,1,1,1,0.000196604566323,4.002145149800293e-06,3.836209211505559e-06,7.004468851127019e-06,False,False,False,True,False,False,False,False,False,False,False,False,False,0,1,False,0.1187500000000001,False,False,False,6.788257980346679,2095.273,2,0.000196604566323,7.004468851127019e-06,1425,1222,False,1222.0,False,False,False,False,1.8211356860604033,0.019511317412787228,0.03562538107995529
ARVWAYLGYAYFDY,H3-23_A,K3-20,True,54,1,1,1,0.000196604566323,4.002145149800293e-06,3.836209211505559e-06,7.004468851127019e-06,False,False,False,False,False,False,False,False,False,False,False,False,False,0,0,False,-0.9642857142857142,False,False,False,5.877711868286132,1757.9385,1,0.000196604566323,7.004468851127019e-06,1458,1223,False,1223.0,False,False,False,False,1.8211356860604033,0.019511317412787228,0.03562538107995529
ARYLGVYEGLRAFDY,H3-23_A,K3-20,True,54,1,1,1,0.000196604566323,4.002145149800293e-06,3.836209211505559e-06,7.004468851127019e-06,False,False,False,False,False,False,False,False,False,False,False,False,False,0,0,False,0.3200000000000002,False,False,False,6.112389755249024,1792.9861,2,0.000196604566323,7.004468851127019e-06,1570,1226,False,1226.0,False,False,False,False,1.8211356860604033,0.019511317412787228,0.03562538107995529
ARYSYWSYVRKYFDI,H3-23_A,K3-15,True,54,1,1,1,0.000196604566323,4.002145149800293e-06,3.836209211505559e-06,7.004468851127019e-06,False,False,False,False,False,False,False,False,False,False,False,False,False,2,2,False,0.0466666666666667,False,False,False,9.40341033935547,2017.244,2,0.000196604566323,7.004468851127019e-06,1608,1227,False,1227.0,False,False,False,False,1.8211356860604033,0.019511317412787228,0.03562538107995529
ARDLTGYSYSRWYGFDP,H3-23_A,K3-20,True,53,1,1,1,0.0001929637410208,4.002145149800293e-06,3.836209211505559e-06,7.004468851127019e-06,False,False,False,False,True,False,False,False,False,False,False,False,False,0,0,False,1.6529411764705884,False,False,False,6.003152847290039,2054.1766,2,0.0001929637410208,7.004468851127019e-06,137,1228,False,1228.0,False,False,False,False,1.8211356860604033,0.019879436400064746,0.03629752324888613
ARDLWYGRLDY,H3-23_A,K3-20,True,53,1,1,1,0.0001929637410208,4.002145149800293e-06,3.836209211505559e-06,7.004468851127019e-06,False,False,False,False,False,False,False,False,False,False,False,False,False,0,0,False,0.3636363636363638,False,False,False,6.004021835327148,1427.5622,2,0.0001929637410208,7.004468851127019e-06,131,1229,False,1229.0,False,False,False,False,1.8211356860604033,0.019879436400064746,0.03629752324888613
ARESNWLWGWGFDY,H3-23_A,K3-20,True,53,1,1,1,0.0001929637410208,4.002145149800293e-06,3.836209211505559e-06,7.004468851127019e-06,False,False,False,False,False,False,False,False,False,False,False,False,False,-1,-1,False,-0.0928571428571427,False,True,False,4.370375442504883,1786.8971,1,0.0001929637410208,7.004468851127019e-06,429,1230,False,1230.0,False,False,False,False,1.8211356860604033,0.019879436400064746,0.03629752324888613
ARGHPWGRGFDY,H3-23_A,K3-20,True,53,1,1,1,0.0001929637410208,4.002145149800293e-06,3.836209211505559e-06,7.004468851127019e-06,False,False,False,False,False,False,False,False,False,False,False,False,False,1,2,False,1.7250000000000003,False,False,False,8.796192932128907,1418.5173,2,0.0001929637410208,7.004468851127019e-06,517,1231,False,1231.0,False,False,False,False,1.8211356860604033,0.019879436400064746,0.03629752324888613
ARHYVWSPGFDY,H3-23_A,K3-20,True,53,1,1,1,0.0001929637410208,4.002145149800293e-06,3.836209211505559e-06,7.004468851127019e-06,False,False,False,False,False,False,False,False,False,False,False,False,False,0,1,False,0.5000000000000001,False,False,False,6.787184524536133,1497.6105,1,0.0001929637410208,7.004468851127019e-06,836,1233,False,1233.0,False,False,False,False,1.8211356860604033,0.019879436400064746,0.03629752324888613
ARQRPLLSLTHGFDY,H3-23_A,K3-20,True,53,1,1,1,0.0001929637410208,4.002145149800293e-06,3.836209211505559e-06,7.004468851127019e-06,False,False,False,False,False,False,False,False,False,False,False,False,False,1,2,False,0.6266666666666669,False,False,False,8.796192932128907,1773.9879999999998,2,0.0001929637410208,7.004468851127019e-06,1154,1236,False,1236.0,False,False,False,False,1.8211356860604033,0.019879436400064746,0.03629752324888613
ARSRLGWPYNFDP,H3-23_A,K1-39,True,53,1,1,1,0.0001929637410208,4.002145149800293e-06,3.836209211505559e-06,7.004468851127019e-06,False,False,False,False,True,False,False,False,False,False,False,False,False,1,1,False,1.0461538461538462,False,False,False,8.79022674560547,1578.7280999999998,2,0.0001929637410208,7.004468851127019e-06,1221,1238,False,1238.0,False,False,False,False,1.8211356860604033,0.019879436400064746,0.03629752324888613
ARVLADAPGYFDY,H1-69,K1-39,True,53,1,1,1,0.0001929637410208,4.002145149800293e-06,3.836209211505559e-06,7.004468851127019e-06,False,False,False,False,False,False,False,False,False,False,False,False,False,-1,-1,False,0.953846153846154,False,False,False,4.207874679565429,1457.5848,1,0.0001929637410208,7.004468851127019e-06,1366,1240,False,1240.0,False,False,False,False,1.8211356860604033,0.019879436400064746,0.03629752324888613
ARDIRAFYWAFDY,H3-23_A,K3-15,True,52,1,1,1,0.0001893229157185,4.002145149800293e-06,3.836209211505559e-06,7.004468851127019e-06,False,False,False,True,False,False,False,False,False,False,False,False,False,0,0,False,-0.4230769230769229,False,False,False,6.004021835327148,1693.8566999999998,2,0.0001893229157185,7.004468851127019e-06,108,1242,False,1242.0,False,False,False,False,1.8211356860604033,0.02026171306213459,0.036995515674312314
ARDRSPVAAPFDY,H5-51,K3-15,True,52,1,1,1,0.0001893229157185,4.002145149800293e-06,3.836209211505559e-06,7.004468851127019e-06,False,False,False,False,False,False,False,False,False,False,False,False,False,0,0,False,2.353846153846154,False,False,False,6.004890823364257,1464.5809,2,0.0001893229157185,7.004468851127019e-06,201,1244,False,1244.0,False,False,False,False,1.8211356860604033,0.02026171306213459,0.036995515674312314
ARDVPSGRSFDY,H3-23_A,K4-1,True,52,1,1,1,0.0001893229157185,4.002145149800293e-06,3.836209211505559e-06,7.004468851127019e-06,False,False,False,False,False,False,False,False,False,False,False,False,False,0,0,False,3.0416666666666665,False,False,False,6.004890823364257,1369.4385,2,0.0001893229157185,7.004468851127019e-06,224,1245,False,1245.0,False,False,False,False,1.8211356860604033,0.02026171306213459,0.036995515674312314
ARFSGRWSAAGYVFDP,H3-23_A,K3-20,True,52,1,1,1,0.0001893229157185,4.002145149800293e-06,3.836209211505559e-06,7.004468851127019e-06,False,False,False,False,True,False,False,False,False,False,False,False,False,1,1,False,1.0750000000000002,False,False,False,8.79022674560547,1786.9419000000005,2,0.0001893229157185,7.004468851127019e-06,491,1247,False,1247.0,False,False,False,False,1.8211356860604033,0.02026171306213459,0.036995515674312314
ARGPFYVWSGTYLFDP,H4-34,K1-39,True,52,1,1,1,0.0001893229157185,4.002145149800293e-06,3.836209211505559e-06,7.004468851127019e-06,False,False,False,False,True,False,False,False,False,False,False,False,False,0,0,False,-0.0937499999999998,False,False,False,5.87944984436035,1876.073,1,0.0001893229157185,7.004468851127019e-06,545,1248,False,1248.0,False,False,False,False,1.8211356860604033,0.02026171306213459,0.036995515674312314
ARGYGYSLFDY,H3-23_A,K1-39,True,52,1,1,1,0.0001893229157185,4.002145149800293e-06,3.836209211505559e-06,7.004468851127019e-06,False,False,False,False,False,False,False,False,False,False,False,False,False,0,0,False,0.9181818181818184,False,False,False,5.87858085632324,1311.3972,1,0.0001893229157185,7.004468851127019e-06,698,1251,False,1251.0,False,False,False,False,1.8211356860604033,0.02026171306213459,0.036995515674312314
ARLGYIWSLPYAFDP,H3-23_A,K3-15,True,52,1,1,1,0.0001893229157185,4.002145149800293e-06,3.836209211505559e-06,7.004468851127019e-06,False,False,False,False,True,False,False,False,False,False,False,False,False,0,0,False,-0.9733333333333332,False,False,False,5.87944984436035,1769.0061,1,0.0001893229157185,7.004468851127019e-06,954,1252,False,1252.0,False,False,False,False,1.8211356860604033,0.02026171306213459,0.036995515674312314
ARNRLGLSLHHGFDP,H3-23_A,K3-15,True,52,1,1,1,0.0001893229157185,4.002145149800293e-06,3.836209211505559e-06,7.004468851127019e-06,False,False,False,False,True,False,False,False,False,False,False,False,False,1,3,False,0.9933333333333336,False,False,False,9.654200744628906,1689.8748999999998,2,0.0001893229157185,7.004468851127019e-06,1068,1253,False,1253.0,False,False,False,False,1.8211356860604033,0.02026171306213459,0.036995515674312314
ARSWRGIYAWGFDY,H3-23_A,K1-39,True,52,1,1,1,0.0001893229157185,4.002145149800293e-06,3.836209211505559e-06,7.004468851127019e-06,False,False,False,False,False,False,False,False,False,False,False,False,False,1,1,False,-0.0357142857142855,False,False,False,8.632579040527343,1747.9073999999998,2,0.0001893229157185,7.004468851127019e-06,1244,1254,False,1254.0,False,False,False,False,1.8211356860604033,0.02026171306213459,0.036995515674312314
ARYLKGYLESYGFDY,H3-23_A,K1-39,True,52,1,1,1,0.0001893229157185,4.002145149800293e-06,3.836209211505559e-06,7.004468851127019e-06,False,False,False,False,False,False,False,False,False,False,False,False,False,0,0,False,0.8333333333333336,False,False,False,6.1106517791748045,1845.0143000000005,1,0.0001893229157185,7.004468851127019e-06,1573,1257,False,1257.0,False,False,False,False,1.8211356860604033,0.02026171306213459,0.036995515674312314
ARYWHYTKYWTGFDY,H3-23_A,K1-39,True,52,1,1,1,0.0001893229157185,4.002145149800293e-06,3.836209211505559e-06,7.004468851127019e-06,False,False,False,True,False,False,False,False,False,False,False,False,False,1,2,False,0.2266666666666668,False,False,False,8.42741241455078,2057.2234000000003,1,0.0001893229157185,7.004468851127019e-06,1622,1258,False,1258.0,False,False,False,False,1.8211356860604033,0.02026171306213459,0.036995515674312314
ARDFSWRWGFDY,H3-23_A,K1-39,True,51,1,1,1,0.0001856820904162,4.002145149800293e-06,3.836209211505559e-06,7.004468851127019e-06,False,False,False,False,False,False,False,False,False,False,False,False,False,0,0,False,0.2000000000000001,False,False,False,6.004890823364257,1605.7086,2,0.0001856820904162,7.004468851127019e-06,103,1259,False,1259.0,False,False,False,False,1.8211356860604033,0.020658980158537132,0.037720878877649494
ARDRPAYWYVYGYAFDI,H3-23_A,K3-20,True,51,1,1,1,0.0001856820904162,4.002145149800293e-06,3.836209211505559e-06,7.004468851127019e-06,False,False,False,True,False,False,False,False,False,False,False,False,False,0,0,False,0.2352941176470589,False,False,False,6.0022838592529295,2126.3268,2,0.0001856820904162,7.004468851127019e-06,191,1260,False,1260.0,False,False,False,False,1.8211356860604033,0.020658980158537132,0.037720878877649494
ARELVLSTRAWYFDI,H3-23_A,K3-15,True,51,1,1,1,0.0001856820904162,4.002145149800293e-06,3.836209211505559e-06,7.004468851127019e-06,False,False,False,True,False,False,False,False,False,False,False,False,False,0,0,False,-0.6066666666666666,False,False,False,6.114178848266601,1840.0858000000003,2,0.0001856820904162,7.004468851127019e-06,331,1261,False,1261.0,False,False,False,False,1.8211356860604033,0.020658980158537132,0.037720878877649494
ARGPSLYWAYRFDY,H4-34,K3-15,True,51,1,1,1,0.0001856820904162,4.002145149800293e-06,3.836209211505559e-06,7.004468851127019e-06,False,False,False,False,False,False,False,False,False,False,False,False,False,1,1,False,0.2000000000000001,False,False,False,8.539295959472657,1764.9345999999998,2,0.0001856820904162,7.004468851127019e-06,565,1262,False,1262.0,False,False,False,False,1.8211356860604033,0.020658980158537132,0.037720878877649494
ARGWVYQGYLTFDY,H3-23_A,K3-20,True,51,1,1,1,0.0001856820904162,4.002145149800293e-06,3.836209211505559e-06,7.004468851127019e-06,False,False,False,False,False,False,False,False,False,False,False,False,False,0,0,False,0.0785714285714287,False,False,False,5.87858085632324,1738.8938999999998,1,0.0001856820904162,7.004468851127019e-06,694,1264,False,1264.0,False,False,False,False,1.8211356860604033,0.020658980158537132,0.037720878877649494
ARHGTIRWKFDY,H3-23_A,K3-20,True,51,1,1,1,0.0001856820904162,4.002145149800293e-06,3.836209211505559e-06,7.004468851127019e-06,False,False,False,False,False,False,False,False,False,False,False,False,False,2,3,False,0.8416666666666668,False,False,False,9.98683319091797,1549.7333,2,0.0001856820904162,7.004468851127019e-06,727,1265,False,1265.0,False,False,False,False,1.8211356860604033,0.020658980158537132,0.037720878877649494
ARLHGLFYHAYRYFDP,H3-23_A,K3-15,True,51,1,1,1,0.0001856820904162,4.002145149800293e-06,3.836209211505559e-06,7.004468851127019e-06,False,False,False,True,True,False,False,False,False,False,False,False,False,1,3,False,-0.4937499999999997,False,False,False,8.55157928466797,2026.2574,2,0.0001856820904162,7.004468851127019e-06,956,1267,False,1267.0,False,False,False,False,1.8211356860604033,0.020658980158537132,0.037720878877649494
ARNWGYRSWGIYNPFDP,H3-23_A,K3-20,True,51,1,1,1,0.0001856820904162,4.002145149800293e-06,3.836209211505559e-06,7.004468851127019e-06,False,False,False,False,True,False,False,False,False,False,False,False,False,1,1,False,0.9176470588235296,False,False,False,8.632579040527343,2099.2651,2,0.0001856820904162,7.004468851127019e-06,1074,1269,False,1269.0,False,False,False,False,1.8211356860604033,0.020658980158537132,0.037720878877649494
ARPHYLAPWYFDY,H3-23_A,K3-15,True,51,1,1,1,0.0001856820904162,4.002145149800293e-06,3.836209211505559e-06,7.004468851127019e-06,False,False,False,True,False,False,False,False,False,False,False,False,False,0,1,False,-0.723076923076923,False,False,False,6.786059951782226,1698.8747999999998,1,0.0001856820904162,7.004468851127019e-06,1093,1270,False,1270.0,False,False,False,False,1.8211356860604033,0.020658980158537132,0.037720878877649494
ARPSYTWTGLHRFDY,H3-23_A,K1-39,True,51,1,1,1,0.0001856820904162,4.002145149800293e-06,3.836209211505559e-06,7.004468851127019e-06,False,False,False,False,False,False,False,False,False,False,False,False,False,1,2,False,1.0066666666666668,False,False,False,8.638685607910158,1870.0306,2,0.0001856820904162,7.004468851127019e-06,1122,1271,False,1271.0,False,False,False,False,1.8211356860604033,0.020658980158537132,0.037720878877649494
ARYIYSWYQGFDY,H3-23_A,K1-39,True,51,1,1,1,0.0001856820904162,4.002145149800293e-06,3.836209211505559e-06,7.004468851127019e-06,False,False,False,False,False,False,False,False,False,False,False,False,False,0,0,False,-0.0230769230769229,False,False,False,5.877711868286132,1731.8582,1,0.0001856820904162,7.004468851127019e-06,1560,1276,False,1276.0,False,False,False,False,1.8211356860604033,0.020658980158537132,0.037720878877649494
ARDESPWSFDY,H3-23_A,K3-15,True,50,1,1,1,0.0001820412651139,4.002145149800293e-06,3.836209211505559e-06,7.004468851127019e-06,False,False,False,False,False,False,False,False,False,True,False,False,False,-2,-2,False,2.5545454545454547,False,False,False,4.050025558471679,1372.3944,1,0.0001820412651139,7.004468851127019e-06,93,1277,False,1277.0,False,False,False,False,1.8211356860604033,0.02107213706592724,0.038475255015364425
ARGAGRSWIYGFDY,H3-23_A,K3-20,True,50,1,1,1,0.0001820412651139,4.002145149800293e-06,3.836209211505559e-06,7.004468851127019e-06,False,False,False,False,False,False,False,False,False,False,False,False,False,1,1,False,1.085714285714286,False,False,False,8.632579040527343,1618.7487999999998,2,0.0001820412651139,7.004468851127019e-06,503,1278,False,1278.0,False,False,False,False,1.8211356860604033,0.02107213706592724,0.038475255015364425
ARGLVAGLGYGPYRFDP,H3-23_A,K3-20,True,50,1,1,1,0.0001820412651139,4.002145149800293e-06,3.836209211505559e-06,7.004468851127019e-06,False,False,False,False,True,False,False,False,False,False,False,False,False,1,1,False,0.8529411764705884,False,False,False,8.632579040527343,1809.0319,2,0.0001820412651139,7.004468851127019e-06,536,1279,False,1279.0,False,False,False,False,1.8211356860604033,0.02107213706592724,0.038475255015364425
ARHAGYRAVYSSYGFDP,H3-23_A,K3-20,True,50,1,1,1,0.0001820412651139,4.002145149800293e-06,3.836209211505559e-06,7.004468851127019e-06,False,False,False,False,True,False,False,False,False,False,False,False,False,1,2,False,2.041176470588236,False,False,False,8.545542907714843,1917.0439,2,0.0001820412651139,7.004468851127019e-06,706,1281,False,1281.0,False,False,False,False,1.8211356860604033,0.02107213706592724,0.038475255015364425
ARKRLGSNLFDY,H3-23_A,K4-1,True,50,1,1,1,0.0001820412651139,4.002145149800293e-06,3.836209211505559e-06,7.004468851127019e-06,False,False,False,False,False,False,False,False,False,False,False,False,False,2,2,False,1.3250000000000002,False,False,False,9.98676300048828,1439.6177,2,0.0001820412651139,7.004468851127019e-06,913,1284,False,1284.0,False,False,False,False,1.8211356860604033,0.02107213706592724,0.038475255015364425
ARNLYWSPALFDY,H3-23_A,K4-1,True,50,1,1,1,0.0001820412651139,4.002145149800293e-06,3.836209211505559e-06,7.004468851127019e-06,False,False,False,False,False,False,False,False,False,False,False,False,False,0,0,False,-0.569230769230769,False,False,False,5.87944984436035,1615.7846,1,0.0001820412651139,7.004468851127019e-06,1062,1287,False,1287.0,False,False,False,False,1.8211356860604033,0.02107213706592724,0.038475255015364425
ARPAGWYGYRWYFDI,H3-23_A,K3-15,True,50,1,1,1,0.0001820412651139,4.002145149800293e-06,3.836209211505559e-06,7.004468851127019e-06,False,False,False,True,False,False,False,False,False,False,False,False,False,1,1,False,-0.4533333333333332,False,False,False,8.539295959472657,1921.1185,2,0.0001820412651139,7.004468851127019e-06,1075,1288,False,1288.0,False,False,False,False,1.8211356860604033,0.02107213706592724,0.038475255015364425
ARPYALAWRGYSFDP,H3-23_A,K1-39,True,50,1,1,1,0.0001820412651139,4.002145149800293e-06,3.836209211505559e-06,7.004468851127019e-06,False,False,False,False,True,False,False,False,False,False,False,False,False,1,1,False,0.5933333333333335,False,False,False,8.632579040527343,1769.9544999999998,2,0.0001820412651139,7.004468851127019e-06,1131,1289,False,1289.0,False,False,False,False,1.8211356860604033,0.02107213706592724,0.038475255015364425
ARSPWLYGVWTGFDP,H3-23_A,K3-20,True,50,1,1,1,0.0001820412651139,4.002145149800293e-06,3.836209211505559e-06,7.004468851127019e-06,False,False,False,False,True,False,False,False,False,False,False,False,False,0,0,False,-0.0266666666666665,False,False,False,5.880318832397459,1751.9359,1,0.0001820412651139,7.004468851127019e-06,1210,1290,False,1290.0,False,False,False,False,1.8211356860604033,0.02107213706592724,0.038475255015364425
ARTPIGRSGSIGAGFDP,H5-51,UNK,True,50,1,1,1,0.0001820412651139,4.002145149800293e-06,3.836209211505559e-06,7.004468851127019e-06,False,False,False,False,True,False,False,False,False,False,False,False,False,1,1,False,2.5058823529411764,False,False,False,9.643601989746092,1658.813,2,0.0001820412651139,7.004468851127019e-06,1270,1291,False,1291.0,False,False,False,False,1.8211356860604033,0.02107213706592724,0.038475255015364425
ARVPSYGYAYRFDY,H3-23_A,K4-1,True,50,1,1,1,0.0001820412651139,4.002145149800293e-06,3.836209211505559e-06,7.004468851127019e-06,False,False,False,False,False,False,False,False,False,False,False,False,False,1,1,False,1.1714285714285717,False,False,False,8.472544860839843,1727.8712999999998,2,0.0001820412651139,7.004468851127019e-06,1387,1293,False,1293.0,False,False,False,False,1.8211356860604033,0.02107213706592724,0.038475255015364425
ARVRWVYEPGFDY,H3-23_A,K3-20,True,50,1,1,1,0.0001820412651139,4.002145149800293e-06,3.836209211505559e-06,7.004468851127019e-06,False,False,False,False,False,False,False,False,False,False,False,False,False,0,0,False,0.4384615384615385,False,False,False,6.113258743286132,1657.8246,2,0.0001820412651139,7.004468851127019e-06,1424,1294,False,1294.0,False,False,False,False,1.8211356860604033,0.02107213706592724,0.038475255015364425
ARWQFIAYTGIYFDY,H3-23_A,K1-39,True,50,1,1,1,0.0001820412651139,4.002145149800293e-06,3.836209211505559e-06,7.004468851127019e-06,False,False,False,False,False,False,False,False,False,False,False,False,False,0,0,False,-0.9866666666666664,False,False,False,5.87858085632324,1914.1209,1,0.0001820412651139,7.004468851127019e-06,1499,1295,False,1295.0,False,False,False,False,1.8211356860604033,0.02107213706592724,0.038475255015364425
ARAVYLYGWTYFDY,H3-23_A,K1-39,True,49,1,1,1,0.0001784004398116,4.002145149800293e-06,3.836209211505559e-06,7.004468851127019e-06,False,False,False,False,False,False,False,False,False,False,False,False,False,0,0,False,-0.7428571428571428,False,False,False,5.877711868286132,1787.9644999999998,1,0.0001784004398116,7.004468851127019e-06,73,1297,False,1297.0,False,False,False,False,1.8211356860604033,0.021502156575347077,0.03926042028999918
ARDISWARFDY,H3-23_A,K3-15,True,49,1,1,1,0.0001784004398116,4.002145149800293e-06,3.836209211505559e-06,7.004468851127019e-06,False,False,False,False,False,False,False,False,False,False,False,False,False,0,0,False,0.9090909090909092,False,False,False,6.004890823364257,1399.5091,2,0.0001784004398116,7.004468851127019e-06,110,1298,False,1298.0,False,False,False,False,1.8211356860604033,0.021502156575347077,0.03926042028999918
ARDRAGLWGFDY,H3-23_A,K3-15,True,49,1,1,1,0.0001784004398116,4.002145149800293e-06,3.836209211505559e-06,7.004468851127019e-06,False,False,False,False,False,False,False,False,False,False,False,False,False,0,0,False,1.1416666666666668,False,False,False,6.004890823364257,1426.5344,2,0.0001784004398116,7.004468851127019e-06,160,1299,False,1299.0,False,False,False,False,1.8211356860604033,0.021502156575347077,0.03926042028999918
ARDRDYWGYLGFDY,H3-23_A,K3-20,True,49,1,1,1,0.0001784004398116,4.002145149800293e-06,3.836209211505559e-06,7.004468851127019e-06,False,False,False,False,False,False,False,False,False,True,False,False,False,-1,-1,False,1.2714285714285718,False,False,False,4.429057693481445,1796.8902999999998,2,0.0001784004398116,7.004468851127019e-06,163,1300,False,1300.0,False,False,False,False,1.8211356860604033,0.021502156575347077,0.03926042028999918
ARDWPRYIGWASFDY,H3-23_A,K3-20,True,49,1,1,1,0.0001784004398116,4.002145149800293e-06,3.836209211505559e-06,7.004468851127019e-06,False,False,False,False,False,False,False,False,False,False,False,False,False,0,0,False,0.3933333333333335,False,False,False,6.004021835327148,1903.0587,2,0.0001784004398116,7.004468851127019e-06,240,1301,False,1301.0,False,False,False,False,1.8211356860604033,0.021502156575347077,0.03926042028999918
ARDYDYRYGFDY,H3-23_A,K3-20,True,49,1,1,1,0.0001784004398116,4.002145149800293e-06,3.836209211505559e-06,7.004468851127019e-06,False,False,False,False,False,False,False,False,False,True,False,False,False,-1,-1,False,2.45,False,False,False,4.429057693481445,1603.6447,2,0.0001784004398116,7.004468851127019e-06,253,1302,False,1302.0,False,False,False,False,1.8211356860604033,0.021502156575347077,0.03926042028999918
ARFDWVSTRFDY,H3-23_A,K3-15,True,49,1,1,1,0.0001784004398116,4.002145149800293e-06,3.836209211505559e-06,7.004468851127019e-06,False,False,False,False,False,False,False,False,False,False,False,False,False,0,0,False,0.6833333333333336,False,False,False,6.004890823364257,1562.6823,2,0.0001784004398116,7.004468851127019e-06,466,1303,False,1303.0,False,False,False,False,1.8211356860604033,0.021502156575347077,0.03926042028999918
ARGPRLSVLHYPSFDY,H3-23_A,K4-1,True,49,1,1,1,0.0001784004398116,4.002145149800293e-06,3.836209211505559e-06,7.004468851127019e-06,False,False,False,False,False,False,False,False,False,False,False,False,False,1,2,False,0.6500000000000001,False,False,False,8.638685607910158,1878.094,2,0.0001784004398116,7.004468851127019e-06,559,1304,False,1304.0,False,False,False,False,1.8211356860604033,0.021502156575347077,0.03926042028999918
ARGPYWLPFYSFDY,H3-23_A,K1-39,True,49,1,1,1,0.0001784004398116,4.002145149800293e-06,3.836209211505559e-06,7.004468851127019e-06,False,False,False,False,False,False,False,False,False,False,False,False,False,0,0,False,-0.757142857142857,False,False,False,5.87858085632324,1781.9599999999998,1,0.0001784004398116,7.004468851127019e-06,623,1305,False,1305.0,False,False,False,False,1.8211356860604033,0.021502156575347077,0.03926042028999918
ARGTGWAWSHGFDY,H3-23_A,K3-20,True,49,1,1,1,0.0001784004398116,4.002145149800293e-06,3.836209211505559e-06,7.004468851127019e-06,False,False,False,False,False,False,False,False,False,False,False,False,False,0,1,False,1.3000000000000005,False,False,False,6.788309097290039,1610.6853999999998,1,0.0001784004398116,7.004468851127019e-06,671,1306,False,1306.0,False,False,False,False,1.8211356860604033,0.021502156575347077,0.03926042028999918
ARHRGVYAWTGFDY,H3-23_A,K3-20,True,49,1,1,1,0.0001784004398116,4.002145149800293e-06,3.836209211505559e-06,7.004468851127019e-06,False,False,False,False,False,False,False,False,False,False,False,False,False,1,2,False,1.042857142857143,False,False,False,8.638685607910158,1698.8367999999998,2,0.0001784004398116,7.004468851127019e-06,778,1308,False,1308.0,False,False,False,False,1.8211356860604033,0.021502156575347077,0.03926042028999918
ARHYTPGYGVRFDY,H3-23_A,K3-15,True,49,1,1,1,0.0001784004398116,4.002145149800293e-06,3.836209211505559e-06,7.004468851127019e-06,False,False,False,False,False,False,False,False,False,False,False,False,False,1,2,False,1.6214285714285717,False,False,False,8.545542907714843,1701.8374,2,0.0001784004398116,7.004468851127019e-06,832,1309,False,1309.0,False,False,False,False,1.8211356860604033,0.021502156575347077,0.03926042028999918
ARKWSGQRSWLFDY,H4-34,K1-39,True,49,1,1,1,0.0001784004398116,4.002145149800293e-06,3.836209211505559e-06,7.004468851127019e-06,False,False,False,False,False,False,False,False,False,False,False,False,False,2,2,False,0.7571428571428572,False,False,False,9.98676300048828,1799.9838,2,0.0001784004398116,7.004468851127019e-06,930,1310,False,1310.0,False,False,False,False,1.8211356860604033,0.021502156575347077,0.03926042028999918
ARPGSYLRLGFDY,H3-23_A,K1-39,True,49,1,1,1,0.0001784004398116,4.002145149800293e-06,3.836209211505559e-06,7.004468851127019e-06,False,False,False,False,False,False,False,False,False,False,False,False,False,1,1,False,0.7000000000000003,False,False,False,8.632579040527343,1514.6825,2,0.0001784004398116,7.004468851127019e-06,1088,1311,False,1311.0,False,False,False,False,1.8211356860604033,0.021502156575347077,0.03926042028999918
ARPSGSSRFDY,H3-23_A,K3-15,True,49,1,1,1,0.0001784004398116,4.002145149800293e-06,3.836209211505559e-06,7.004468851127019e-06,False,False,False,False,False,False,False,False,False,False,False,False,False,1,1,False,3.3363636363636364,False,False,False,8.79022674560547,1242.2974,2,0.0001784004398116,7.004468851127019e-06,1101,1312,False,1312.0,False,False,False,False,1.8211356860604033,0.021502156575347077,0.03926042028999918
ARSVYSWFYVRHAFDY,H3-23_A,K1-39,True,49,1,1,1,0.0001784004398116,4.002145149800293e-06,3.836209211505559e-06,7.004468851127019e-06,False,False,False,True,False,False,False,False,False,False,False,False,False,1,2,False,-0.2374999999999998,False,False,False,8.545542907714843,2067.2629,2,0.0001784004398116,7.004468851127019e-06,1242,1313,False,1313.0,False,False,False,False,1.8211356860604033,0.021502156575347077,0.03926042028999918
ARTYWRSPWLYNAFDY,H3-23_A,K1-39,True,49,1,1,1,0.0001784004398116,4.002145149800293e-06,3.836209211505559e-06,7.004468851127019e-06,False,False,False,False,False,False,False,False,False,False,False,False,False,1,1,False,-0.0437499999999998,False,False,False,8.539295959472657,2109.2997,2,0.0001784004398116,7.004468851127019e-06,1315,1315,False,1315.0,False,False,False,False,1.8211356860604033,0.021502156575347077,0.03926042028999918
ARVWSRSYGAYWFDP,H4-34,K3-15,True,49,1,1,1,0.0001784004398116,4.002145149800293e-06,3.836209211505559e-06,7.004468851127019e-06,False,False,False,True,True,False,False,False,False,False,False,False,False,1,1,False,0.4466666666666667,False,False,False,8.632579040527343,1861.022,2,0.0001784004398116,7.004468851127019e-06,1462,1316,False,1316.0,False,False,False,False,1.8211356860604033,0.021502156575347077,0.03926042028999918
ARVYLHRWYGFDY,H3-23_A,K3-15,True,49,1,1,1,0.0001784004398116,4.002145149800293e-06,3.836209211505559e-06,7.004468851127019e-06,False,False,False,False,False,False,False,False,False,False,False,False,False,1,2,False,-0.7307692307692306,False,False,False,8.545542907714843,1745.9344999999998,2,0.0001784004398116,7.004468851127019e-06,1469,1317,False,1317.0,False,False,False,False,1.8211356860604033,0.021502156575347077,0.03926042028999918
ARWYGTRVYVYSTYFDY,H4-34,K1-39,True,49,1,1,1,0.0001784004398116,4.002145149800293e-06,3.836209211505559e-06,7.004468851127019e-06,False,False,False,False,False,False,False,False,False,False,False,False,False,1,1,False,0.411764705882353,False,False,False,8.420463562011719,2210.4001000000003,2,0.0001784004398116,7.004468851127019e-06,1526,1318,False,1318.0,False,False,False,False,1.8211356860604033,0.021502156575347077,0.03926042028999918
ARYLGYGYPRSFDY,H3-23_A,K3-15,True,49,1,1,1,0.0001784004398116,4.002145149800293e-06,3.836209211505559e-06,7.004468851127019e-06,False,False,False,False,False,False,False,False,False,False,False,False,False,1,1,False,1.035714285714286,False,False,False,8.472544860839843,1727.8712999999998,2,0.0001784004398116,7.004468851127019e-06,1571,1319,False,1319.0,False,False,False,False,1.8211356860604033,0.021502156575347077,0.03926042028999918
ARYSTYTPRGFDY,H3-23_A,K3-20,True,49,1,1,1,0.0001784004398116,4.002145149800293e-06,3.836209211505559e-06,7.004468851127019e-06,False,False,False,False,False,False,False,False,False,False,False,False,False,1,1,False,2.330769230769231,False,False,False,8.539295959472657,1596.697,2,0.0001784004398116,7.004468851127019e-06,1605,1320,False,1320.0,False,False,False,False,1.8211356860604033,0.021502156575347077,0.03926042028999918
ARAIYVAGRYGFDY,H1-69,K3-15,True,48,1,1,1,0.0001747596145094,4.002145149800293e-06,3.836209211505559e-06,7.004468851127019e-06,False,False,False,False,False,False,False,False,False,False,False,False,False,1,1,False,0.6785714285714287,False,False,False,8.539295959472657,1621.7923999999998,2,0.0001747596145094,7.004468851127019e-06,23,1321,False,1321.0,False,False,False,False,1.8211356860604033,0.02195009253910798,0.0400782989124822
ARARYFSWATFDY,H3-23_A,K3-20,True,48,1,1,1,0.0001747596145094,4.002145149800293e-06,3.836209211505559e-06,7.004468851127019e-06,False,False,False,False,False,False,False,False,False,False,False,False,False,1,1,False,0.3230769230769233,False,False,False,8.632579040527343,1653.7929,2,0.0001747596145094,7.004468851127019e-06,57,1322,False,1322.0,False,False,False,False,1.8211356860604033,0.02195009253910798,0.0400782989124822
ARARYHWSSWIHPFDP,H3-23_A,K1-39,True,48,1,1,1,0.0001747596145094,4.002145149800293e-06,3.836209211505559e-06,7.004468851127019e-06,False,False,False,True,True,False,False,False,False,False,False,False,False,1,3,False,0.3062500000000001,False,False,False,8.801948547363281,2026.2179,2,0.0001747596145094,7.004468851127019e-06,58,1323,False,1323.0,False,False,False,False,1.8211356860604033,0.02195009253910798,0.0400782989124822
ARDIRKASWNFDY,H3-23_A,K1-39,True,48,1,1,1,0.0001747596145094,4.002145149800293e-06,3.836209211505559e-06,7.004468851127019e-06,False,False,False,False,False,False,False,False,False,False,False,False,False,1,1,False,1.7461538461538464,False,False,False,8.632649230957028,1641.784,2,0.0001747596145094,7.004468851127019e-06,109,1324,False,1324.0,False,False,False,False,1.8211356860604033,0.02195009253910798,0.0400782989124822
ARERGYSPYLWGFDI,H3-23_A,K3-15,True,48,1,1,1,0.0001747596145094,4.002145149800293e-06,3.836209211505559e-06,7.004468851127019e-06,False,False,False,False,False,False,False,False,False,False,False,False,False,0,0,False,0.5400000000000001,False,False,False,6.113258743286132,1830.0064,2,0.0001747596145094,7.004468851127019e-06,390,1325,False,1325.0,False,False,False,False,1.8211356860604033,0.02195009253910798,0.0400782989124822
ARGPLYWGYGWGAFDY,H3-23_A,K3-15,True,48,1,1,1,0.0001747596145094,4.002145149800293e-06,3.836209211505559e-06,7.004468851127019e-06,False,False,False,False,False,False,False,False,False,False,False,False,False,0,0,False,-0.0499999999999998,False,False,False,5.87858085632324,1879.0354,1,0.0001747596145094,7.004468851127019e-06,556,1327,False,1327.0,False,False,False,False,1.8211356860604033,0.02195009253910798,0.0400782989124822
ARHGKPWSVYHFDY,H3-23_A,K4-1,True,48,1,1,1,0.0001747596145094,4.002145149800293e-06,3.836209211505559e-06,7.004468851127019e-06,False,False,False,True,False,False,False,False,False,False,False,False,False,1,3,False,0.9857142857142858,False,False,False,8.552421569824219,1762.9220999999998,1,0.0001747596145094,7.004468851127019e-06,717,1329,False,1329.0,False,False,False,False,1.8211356860604033,0.02195009253910798,0.0400782989124822
ARHGVFPYTRFDY,H3-23_A,K4-1,True,48,1,1,1,0.0001747596145094,4.002145149800293e-06,3.836209211505559e-06,7.004468851127019e-06,False,False,False,False,False,False,False,False,False,False,False,False,False,1,2,False,0.7461538461538464,False,False,False,8.638685607910158,1628.7867,2,0.0001747596145094,7.004468851127019e-06,728,1330,False,1330.0,False,False,False,False,1.8211356860604033,0.02195009253910798,0.0400782989124822
ARHWTAWSWTFDY,H3-23_A,K3-15,True,48,1,1,1,0.0001747596145094,4.002145149800293e-06,3.836209211505559e-06,7.004468851127019e-06,False,False,False,False,False,False,False,False,False,False,False,False,False,0,1,False,-0.2846153846153845,False,True,False,6.788309097290039,1726.8453,1,0.0001747596145094,7.004468851127019e-06,818,1331,False,1331.0,False,False,False,False,1.8211356860604033,0.02195009253910798,0.0400782989124822
ARIKYFGYGYAFDY,H3-23_A,K4-1,True,48,1,1,1,0.0001747596145094,4.002145149800293e-06,3.836209211505559e-06,7.004468851127019e-06,False,False,False,False,False,False,False,False,False,False,False,False,False,1,1,False,0.1071428571428573,False,False,False,8.420884704589842,1733.9171,1,0.0001747596145094,7.004468851127019e-06,860,1332,False,1332.0,False,False,False,False,1.8211356860604033,0.02195009253910798,0.0400782989124822
ARIVGRYSSIGFDY,H3-23_A,K3-15,True,48,1,1,1,0.0001747596145094,4.002145149800293e-06,3.836209211505559e-06,7.004468851127019e-06,False,False,False,False,False,False,False,False,False,False,False,False,False,1,1,False,0.8714285714285716,False,False,False,8.632579040527343,1603.7756,2,0.0001747596145094,7.004468851127019e-06,883,1333,False,1333.0,False,False,False,False,1.8211356860604033,0.02195009253910798,0.0400782989124822
ARKVTRYGVYGSFDY,H3-23_A,K4-1,True,48,1,1,1,0.0001747596145094,4.002145149800293e-06,3.836209211505559e-06,7.004468851127019e-06,False,False,False,False,False,False,False,False,False,False,False,False,False,2,2,False,1.8,False,False,False,9.525611877441406,1781.9634999999998,2,0.0001747596145094,7.004468851127019e-06,928,1334,False,1334.0,False,False,False,False,1.8211356860604033,0.02195009253910798,0.0400782989124822
ARLHPWPTYTNLFDY,H3-23_A,K3-15,True,48,1,1,1,0.0001747596145094,4.002145149800293e-06,3.836209211505559e-06,7.004468851127019e-06,False,False,False,False,False,False,False,False,False,False,False,False,False,0,1,False,-0.0933333333333331,False,False,False,6.787184524536133,1894.0917,1,0.0001747596145094,7.004468851127019e-06,958,1335,False,1335.0,False,False,False,False,1.8211356860604033,0.02195009253910798,0.0400782989124822
ARVPYWLASFDY,H3-23_A,K4-1,True,48,1,1,1,0.0001747596145094,4.002145149800293e-06,3.836209211505559e-06,7.004468851127019e-06,False,False,False,False,False,False,False,False,False,False,False,False,False,0,0,False,-0.7416666666666666,False,False,False,5.87944984436035,1487.6554,1,0.0001747596145094,7.004468851127019e-06,1389,1339,False,1339.0,False,False,False,False,1.8211356860604033,0.02195009253910798,0.0400782989124822
ARARPYSGSIGYLGFDY,H3-23_A,K3-15,True,47,1,1,1,0.0001711187892071,4.002145149800293e-06,3.836209211505559e-06,7.004468851127019e-06,False,False,False,False,False,False,False,False,False,False,False,False,False,1,1,False,1.335294117647059,False,False,False,8.539295959472657,1893.0622,2,0.0001711187892071,7.004468851127019e-06,50,1342,False,1342.0,False,False,False,False,1.8211356860604033,0.02241708849387685,0.040930978846874286
ARARWYWPYAFDY,H1-69,K3-15,True,47,1,1,1,0.0001711187892071,4.002145149800293e-06,3.836209211505559e-06,7.004468851127019e-06,False,False,False,True,False,False,False,False,False,False,False,False,False,1,1,False,-0.6230769230769229,False,False,False,8.539295959472657,1764.9362,2,0.0001711187892071,7.004468851127019e-06,55,1343,False,1343.0,False,False,False,False,1.8211356860604033,0.02241708849387685,0.040930978846874286
ARDLYRLGVYGLGFDY,H3-23_A,K3-15,True,47,1,1,1,0.0001711187892071,4.002145149800293e-06,3.836209211505559e-06,7.004468851127019e-06,False,False,False,False,False,False,False,False,False,False,False,False,False,0,0,False,0.0875000000000002,False,False,False,6.003152847290039,1878.0905,2,0.0001711187892071,7.004468851127019e-06,146,1344,False,1344.0,False,False,False,False,1.8211356860604033,0.02241708849387685,0.040930978846874286
ARFGRYGWYWPGFDI,H5-51,K3-15,True,47,1,1,1,0.0001711187892071,4.002145149800293e-06,3.836209211505559e-06,7.004468851127019e-06,False,False,False,True,False,False,False,False,False,False,False,False,False,1,1,False,-0.6999999999999997,False,False,False,8.632579040527343,1891.0925,2,0.0001711187892071,7.004468851127019e-06,469,1345,False,1345.0,False,False,False,False,1.8211356860604033,0.02241708849387685,0.040930978846874286
ARFVPSGQYSFLRFDP,H3-23_A,K1-39,True,47,1,1,1,0.0001711187892071,4.002145149800293e-06,3.836209211505559e-06,7.004468851127019e-06,False,False,False,False,True,False,False,False,False,False,False,False,False,1,1,False,0.4375000000000002,False,False,False,8.79022674560547,1887.1007,2,0.0001711187892071,7.004468851127019e-06,496,1346,False,1346.0,False,False,False,False,1.8211356860604033,0.02241708849387685,0.040930978846874286
ARHWGRYVLFDY,H3-23_A,K3-20,True,47,1,1,1,0.0001711187892071,4.002145149800293e-06,3.836209211505559e-06,7.004468851127019e-06,False,False,False,False,False,False,False,False,False,False,False,False,False,1,2,False,-0.6333333333333332,False,False,False,8.638685607910158,1582.7613,2,0.0001711187892071,7.004468851127019e-06,815,1348,False,1348.0,False,False,False,False,1.8211356860604033,0.02241708849387685,0.040930978846874286
ARKRTYWNVHTFDP,H4-34,UNK,True,47,1,1,1,0.0001711187892071,4.002145149800293e-06,3.836209211505559e-06,7.004468851127019e-06,False,False,False,False,True,False,False,False,False,False,False,False,False,2,3,False,1.6428571428571428,False,False,False,9.98683319091797,1790.9770999999998,2,0.0001711187892071,7.004468851127019e-06,917,1350,False,1350.0,False,False,False,False,1.8211356860604033,0.02241708849387685,0.040930978846874286
ARPSASGDRDPYFDY,H1-69,K3-15,True,47,1,1,1,0.0001711187892071,4.002145149800293e-06,3.836209211505559e-06,7.004468851127019e-06,False,False,False,False,True,False,False,False,False,True,False,False,False,-1,-1,False,3.5,False,False,False,4.429057693481445,1716.7612,2,0.0001711187892071,7.004468851127019e-06,1118,1351,False,1351.0,False,False,False,False,1.8211356860604033,0.02241708849387685,0.040930978846874286
ARVLGLGYGFYGFDY,H1-69,K1-39,True,47,1,1,1,0.0001711187892071,4.002145149800293e-06,3.836209211505559e-06,7.004468851127019e-06,False,False,False,False,False,False,False,False,False,False,False,False,False,0,0,False,-0.473333333333333,False,False,False,5.87858085632324,1697.8849,1,0.0001711187892071,7.004468851127019e-06,1369,1352,False,1352.0,False,False,False,False,1.8211356860604033,0.02241708849387685,0.040930978846874286
ARVSISWGTAKHFDY,H3-23_A,K3-20,True,47,1,1,1,0.0001711187892071,4.002145149800293e-06,3.836209211505559e-06,7.004468851127019e-06,False,False,False,False,False,False,False,False,False,False,False,False,False,1,2,False,1.153333333333333,False,False,False,8.639878845214845,1737.9110999999998,1,0.0001711187892071,7.004468851127019e-06,1435,1353,False,1353.0,False,False,False,False,1.8211356860604033,0.02241708849387685,0.040930978846874286
ARYVPQSWIYPKPFDI,H3-23_A,K3-15,True,47,1,1,1,0.0001711187892071,4.002145149800293e-06,3.836209211505559e-06,7.004468851127019e-06,False,False,False,False,False,False,False,False,False,False,False,False,False,1,1,False,-0.1187499999999999,False,False,False,8.54006805419922,1980.2670000000005,1,0.0001711187892071,7.004468851127019e-06,1614,1356,False,1356.0,False,False,False,False,1.8211356860604033,0.02241708849387685,0.040930978846874286
ARATGYGYFLRLFDI,H4-34,K3-15,True,46,1,1,1,0.0001674779639048,4.002145149800293e-06,3.836209211505559e-06,7.004468851127019e-06,False,False,False,False,False,False,False,False,False,False,False,False,False,1,1,False,-0.6266666666666664,False,False,False,8.632579040527343,1763.0032,2,0.0001674779639048,7.004468851127019e-06,67,1357,False,1357.0,False,False,False,False,1.8211356860604033,0.022904387408315838,0.04182072960841743
ARGPRAYTFDFDY,H3-23_A,K3-15,True,46,1,1,1,0.0001674779639048,4.002145149800293e-06,3.836209211505559e-06,7.004468851127019e-06,False,False,False,False,False,False,False,False,False,True,False,False,False,0,0,False,1.8000000000000005,False,False,False,6.004021835327148,1578.6817,2,0.0001674779639048,7.004468851127019e-06,557,1359,False,1359.0,False,False,False,False,1.8211356860604033,0.022904387408315838,0.04182072960841743
ARGPYTYGRFHYGFDY,H3-23_A,K3-20,True,46,1,1,1,0.0001674779639048,4.002145149800293e-06,3.836209211505559e-06,7.004468851127019e-06,False,False,False,True,False,False,False,False,False,False,False,False,False,1,2,False,1.3125000000000002,False,False,False,8.478932189941407,1970.1047,2,0.0001674779639048,7.004468851127019e-06,617,1360,False,1360.0,False,False,False,False,1.8211356860604033,0.022904387408315838,0.04182072960841743
ARGYVWYSRSFDY,H3-23_A,UNK,True,46,1,1,1,0.0001674779639048,4.002145149800293e-06,3.836209211505559e-06,7.004468851127019e-06,False,False,False,False,False,False,False,False,False,False,False,False,False,1,1,False,0.8153846153846155,False,False,False,8.539295959472657,1669.7922,2,0.0001674779639048,7.004468851127019e-06,705,1361,False,1361.0,False,False,False,False,1.8211356860604033,0.022904387408315838,0.04182072960841743
ARHHVWSPYSFDY,H3-23_A,K4-1,True,46,1,1,1,0.0001674779639048,4.002145149800293e-06,3.836209211505559e-06,7.004468851127019e-06,False,False,False,False,False,False,False,False,False,False,False,False,False,0,2,False,0.6846153846153847,False,False,False,6.959295272827148,1664.7758,1,0.0001674779639048,7.004468851127019e-06,732,1362,False,1362.0,False,False,False,False,1.8211356860604033,0.022904387408315838,0.04182072960841743
ARPAWYSYGFDY,H3-23_A,K3-15,True,46,1,1,1,0.0001674779639048,4.002145149800293e-06,3.836209211505559e-06,7.004468851127019e-06,False,False,False,False,False,False,False,False,False,False,False,False,False,0,0,False,0.6500000000000001,False,False,False,5.87858085632324,1495.5913,1,0.0001674779639048,7.004468851127019e-06,1081,1365,False,1365.0,False,False,False,False,1.8211356860604033,0.022904387408315838,0.04182072960841743
ARPERYLGYGFDY,H3-23_A,K3-15,True,46,1,1,1,0.0001674779639048,4.002145149800293e-06,3.836209211505559e-06,7.004468851127019e-06,False,False,False,False,False,False,False,False,False,False,False,False,False,0,0,False,1.3615384615384618,False,False,False,6.112389755249024,1606.7348,2,0.0001674779639048,7.004468851127019e-06,1083,1366,False,1366.0,False,False,False,False,1.8211356860604033,0.022904387408315838,0.04182072960841743
ARQYGAFAWYHGFDI,H3-23_A,K1-39,True,46,1,1,1,0.0001674779639048,4.002145149800293e-06,3.836209211505559e-06,7.004468851127019e-06,False,False,False,True,False,False,False,False,False,False,False,False,False,0,1,False,-0.0133333333333331,False,False,False,6.787184524536133,1801.9547,1,0.0001674779639048,7.004468851127019e-06,1166,1368,False,1368.0,False,False,False,False,1.8211356860604033,0.022904387408315838,0.04182072960841743
ARQYWLYHARFDY,H3-23_A,K3-15,True,46,1,1,1,0.0001674779639048,4.002145149800293e-06,3.836209211505559e-06,7.004468851127019e-06,False,False,False,False,False,False,False,False,False,False,False,False,False,1,2,False,-0.2615384615384614,False,False,False,8.545542907714843,1788.9593,2,0.0001674779639048,7.004468851127019e-06,1172,1369,False,1369.0,False,False,False,False,1.8211356860604033,0.022904387408315838,0.04182072960841743
ARTSKYRYFQYLYGFDY,H4-34,K3-20,True,46,1,1,1,0.0001674779639048,4.002145149800293e-06,3.836209211505559e-06,7.004468851127019e-06,False,False,False,False,False,False,False,False,False,False,False,False,False,2,2,False,0.735294117647059,False,False,False,9.308653259277346,2241.4572000000003,2,0.0001674779639048,7.004468851127019e-06,1289,1370,False,1370.0,False,False,False,False,1.8211356860604033,0.022904387408315838,0.04182072960841743
ARVEPSRWGTGFDY,H3-23_A,K4-1,True,46,1,1,1,0.0001674779639048,4.002145149800293e-06,3.836209211505559e-06,7.004468851127019e-06,False,False,False,False,False,False,False,False,False,False,False,False,False,0,0,False,2.0500000000000003,False,False,False,6.114178848266601,1640.7529,2,0.0001674779639048,7.004468851127019e-06,1328,1371,False,1371.0,False,False,False,False,1.8211356860604033,0.022904387408315838,0.04182072960841743
ARVKPVAQYGYSRGFDI,H3-23_A,K3-20,True,46,1,1,1,0.0001674779639048,4.002145149800293e-06,3.836209211505559e-06,7.004468851127019e-06,False,False,False,False,False,False,False,False,False,False,False,False,False,2,2,False,1.523529411764706,False,False,False,9.69757843017578,1927.1663,2,0.0001674779639048,7.004468851127019e-06,1357,1373,False,1373.0,False,False,False,False,1.8211356860604033,0.022904387408315838,0.04182072960841743
ARYHRPWGSYLFDY,H1-69,K3-15,True,46,1,1,1,0.0001674779639048,4.002145149800293e-06,3.836209211505559e-06,7.004468851127019e-06,False,False,False,False,False,False,False,False,False,False,False,False,False,1,2,False,0.2000000000000001,False,False,False,8.545542907714843,1830.996,2,0.0001674779639048,7.004468851127019e-06,1553,1376,False,1376.0,False,False,False,False,1.8211356860604033,0.022904387408315838,0.04182072960841743
ARYLYWSPSSIFDY,H3-23_A,K1-39,True,46,1,1,1,0.0001674779639048,4.002145149800293e-06,3.836209211505559e-06,7.004468851127019e-06,False,False,False,False,False,False,False,False,False,False,False,False,False,0,0,False,-0.2999999999999998,False,False,False,5.87858085632324,1767.9318999999998,1,0.0001674779639048,7.004468851127019e-06,1577,1377,False,1377.0,False,False,False,False,1.8211356860604033,0.022904387408315838,0.04182072960841743
ARYVPWDAGWSYFDY,H4-34,K3-15,True,46,1,1,1,0.0001674779639048,4.002145149800293e-06,3.836209211505559e-06,7.004468851127019e-06,False,False,False,False,False,False,False,False,False,False,False,False,False,-1,-1,False,0.2733333333333334,False,False,False,4.207874679565429,1896.0196,1,0.0001674779639048,7.004468851127019e-06,1615,1378,False,1378.0,False,False,False,False,1.8211356860604033,0.022904387408315838,0.04182072960841743
ARYVSSYSLRGFDY,H3-23_A,K3-20,True,46,1,1,1,0.0001674779639048,4.002145149800293e-06,3.836209211505559e-06,7.004468851127019e-06,False,False,False,False,False,False,False,False,False,False,False,False,False,1,1,False,1.2785714285714287,False,False,False,8.539295959472657,1683.8172,2,0.0001674779639048,7.004468851127019e-06,1616,1379,False,1379.0,False,False,False,False,1.8211356860604033,0.022904387408315838,0.04182072960841743
ARDPRTWGYISFDY,H3-23_A,K1-39,True,45,1,1,1,0.0001638371386025,4.002145149800293e-06,3.836209211505559e-06,7.004468851127019e-06,False,False,False,False,True,False,False,False,False,False,False,False,False,0,0,False,1.3571428571428572,False,False,False,6.004021835327148,1746.8747999999998,2,0.0001638371386025,7.004468851127019e-06,154,1381,False,1381.0,False,False,False,False,1.8211356860604033,0.023413342730460262,0.042750022434753364
ARDWYGYGANFYGFDI,H3-23_A,K3-20,True,45,1,1,1,0.0001638371386025,4.002145149800293e-06,3.836209211505559e-06,7.004468851127019e-06,False,False,False,False,False,False,False,False,False,False,False,False,False,-1,-1,False,0.6500000000000001,False,False,False,4.207874679565429,1915.0228,1,0.0001638371386025,7.004468851127019e-06,246,1382,False,1382.0,False,False,False,False,1.8211356860604033,0.023413342730460262,0.042750022434753364
ARGEPRAIYAWLYGFDY,H3-23_A,K3-20,True,45,1,1,1,0.0001638371386025,4.002145149800293e-06,3.836209211505559e-06,7.004468851127019e-06,False,False,False,False,False,False,False,False,False,False,False,False,False,0,0,False,0.2294117647058825,False,False,False,6.112389755249024,2048.2581,2,0.0001638371386025,7.004468851127019e-06,510,1383,False,1383.0,False,False,False,False,1.8211356860604033,0.023413342730460262,0.042750022434753364
ARGPYWSGSSRFGFDY,H3-23_A,K1-39,True,45,1,1,1,0.0001638371386025,4.002145149800293e-06,3.836209211505559e-06,7.004468851127019e-06,False,False,False,False,False,False,False,False,False,False,False,False,False,1,1,False,1.6875000000000002,False,False,False,8.632579040527343,1852.9569,2,0.0001638371386025,7.004468851127019e-06,579,1385,False,1385.0,False,False,False,False,1.8211356860604033,0.023413342730460262,0.042750022434753364
ARHSRPSWSSYWYAFDY,H4-34,K3-20,True,45,1,1,1,0.0001638371386025,4.002145149800293e-06,3.836209211505559e-06,7.004468851127019e-06,False,False,False,True,False,False,False,False,False,False,False,False,False,1,2,False,1.0529411764705885,False,False,False,8.545542907714843,2179.3068,2,0.0001638371386025,7.004468851127019e-06,802,1386,False,1386.0,False,False,False,False,1.8211356860604033,0.023413342730460262,0.042750022434753364
ARLGSASSWYWYTFDY,H3-23_A,K1-39,True,45,1,1,1,0.0001638371386025,4.002145149800293e-06,3.836209211505559e-06,7.004468851127019e-06,False,False,False,True,False,False,False,False,False,False,False,False,False,0,0,False,0.2937500000000002,False,False,False,5.87858085632324,1973.1021,1,0.0001638371386025,7.004468851127019e-06,950,1392,False,1392.0,False,False,False,False,1.8211356860604033,0.023413342730460262,0.042750022434753364
ARLRTYTYSGWAYFDP,H3-23_A,K3-20,True,45,1,1,1,0.0001638371386025,4.002145149800293e-06,3.836209211505559e-06,7.004468851127019e-06,False,False,False,False,True,False,False,False,False,False,False,False,False,1,1,False,0.8250000000000002,False,False,False,8.539295959472657,1967.1424,2,0.0001638371386025,7.004468851127019e-06,1014,1394,False,1394.0,False,False,False,False,1.8211356860604033,0.023413342730460262,0.042750022434753364
ARLVYFSGYHAWGFDY,H3-23_A,K3-15,True,45,1,1,1,0.0001638371386025,4.002145149800293e-06,3.836209211505559e-06,7.004468851127019e-06,False,False,False,False,False,False,False,False,False,False,False,False,False,0,1,False,-0.5374999999999999,False,False,False,6.786059951782226,1952.1291,1,0.0001638371386025,7.004468851127019e-06,1045,1395,False,1395.0,False,False,False,False,1.8211356860604033,0.023413342730460262,0.042750022434753364
ARQYHYWRYEFDY,H3-23_A,K3-20,True,45,1,1,1,0.0001638371386025,4.002145149800293e-06,3.836209211505559e-06,7.004468851127019e-06,False,False,False,True,False,False,False,False,False,True,False,False,False,0,1,False,0.7384615384615386,False,False,False,6.79316520690918,1897.011,2,0.0001638371386025,7.004468851127019e-06,1167,1399,False,1399.0,False,False,False,False,1.8211356860604033,0.023413342730460262,0.042750022434753364
ARSKAVWGYWQFDY,H3-23_A,K4-1,True,45,1,1,1,0.0001638371386025,4.002145149800293e-06,3.836209211505559e-06,7.004468851127019e-06,False,False,False,False,False,False,False,False,False,False,False,False,False,1,1,False,0.4000000000000001,False,False,False,8.54006805419922,1776.9453,1,0.0001638371386025,7.004468851127019e-06,1194,1400,False,1400.0,False,False,False,False,1.8211356860604033,0.023413342730460262,0.042750022434753364
ARSPLIAYSRFDY,H3-23_A,K4-1,True,45,1,1,1,0.0001638371386025,4.002145149800293e-06,3.836209211505559e-06,7.004468851127019e-06,False,False,False,False,False,False,False,False,False,False,False,False,False,1,1,False,0.5769230769230771,False,False,False,8.632579040527343,1558.7351,2,0.0001638371386025,7.004468851127019e-06,1203,1402,False,1402.0,False,False,False,False,1.8211356860604033,0.023413342730460262,0.042750022434753364
ARVHWSVHGWGFDY,H3-23_A,K3-15,True,45,1,1,1,0.0001638371386025,4.002145149800293e-06,3.836209211505559e-06,7.004468851127019e-06,False,False,False,False,False,False,False,False,False,False,False,False,False,0,2,False,-0.007142857142857,False,False,False,6.960470962524414,1716.8536,1,0.0001638371386025,7.004468851127019e-06,1341,1404,False,1404.0,False,False,False,False,1.8211356860604033,0.023413342730460262,0.042750022434753364
ARVSKPLSLYGFDY,H3-23_A,K3-20,True,45,1,1,1,0.0001638371386025,4.002145149800293e-06,3.836209211505559e-06,7.004468851127019e-06,False,False,False,False,False,False,False,False,False,False,False,False,False,1,1,False,0.5500000000000002,False,False,False,8.54006805419922,1615.8261,1,0.0001638371386025,7.004468851127019e-06,1436,1407,False,1407.0,False,False,False,False,1.8211356860604033,0.023413342730460262,0.042750022434753364
ARWGRWSWSSYFDY,H3-23_A,K4-1,True,45,1,1,1,0.0001638371386025,4.002145149800293e-06,3.836209211505559e-06,7.004468851127019e-06,False,False,False,False,False,False,False,False,False,False,False,False,False,1,1,False,0.1928571428571429,False,True,False,8.632579040527343,1866.9851,2,0.0001638371386025,7.004468851127019e-06,1485,1408,False,1408.0,False,False,False,False,1.8211356860604033,0.023413342730460262,0.042750022434753364
ARYGSFLYVRSFDY,H3-23_A,K3-15,True,45,1,1,1,0.0001638371386025,4.002145149800293e-06,3.836209211505559e-06,7.004468851127019e-06,False,False,False,False,False,False,False,False,False,False,False,False,False,1,1,False,0.1571428571428573,False,False,False,8.539295959472657,1743.9136999999998,2,0.0001638371386025,7.004468851127019e-06,1542,1409,False,1409.0,False,False,False,False,1.8211356860604033,0.023413342730460262,0.042750022434753364
ARYPSWSYGLPFDY,H3-23_A,K4-1,True,45,1,1,1,0.0001638371386025,4.002145149800293e-06,3.836209211505559e-06,7.004468851127019e-06,False,False,False,False,False,False,False,False,False,False,False,False,False,0,0,False,0.3642857142857144,False,False,False,5.87858085632324,1721.8635,1,0.0001638371386025,7.004468851127019e-06,1583,1410,False,1410.0,False,False,False,False,1.8211356860604033,0.023413342730460262,0.042750022434753364
ARAPRTTWTPGFDY,H3-23_A,UNK,True,44,1,1,1,0.0001601963133002,4.002145149800293e-06,3.836209211505559e-06,7.004468851127019e-06,False,False,False,False,False,False,False,False,False,False,False,False,False,1,1,False,1.9285714285714288,False,False,False,8.79022674560547,1638.7802,2,0.0001601963133002,7.004468851127019e-06,33,1411,False,1411.0,False,False,False,False,1.8211356860604033,0.023945430941395802,0.043721553207468226
ARDRAVYHWGFDY,H3-23_A,K3-20,True,44,1,1,1,0.0001601963133002,4.002145149800293e-06,3.836209211505559e-06,7.004468851127019e-06,False,False,False,True,False,False,False,False,False,False,False,False,False,0,1,False,1.053846153846154,False,False,False,6.790507125854492,1655.769,2,0.0001601963133002,7.004468851127019e-06,161,1413,False,1413.0,False,False,False,False,1.8211356860604033,0.023945430941395802,0.043721553207468226
ARDRQSWGYQFDY,H3-23_A,K3-20,True,44,1,1,1,0.0001601963133002,4.002145149800293e-06,3.836209211505559e-06,7.004468851127019e-06,False,False,False,False,False,False,False,False,False,False,False,False,False,0,0,False,2.4384615384615387,False,False,False,6.004021835327148,1691.7565,2,0.0001601963133002,7.004468851127019e-06,195,1414,False,1414.0,False,False,False,False,1.8211356860604033,0.023945430941395802,0.043721553207468226
ARELWSSWTGFYGFDY,H3-23_A,K3-20,True,44,1,1,1,0.0001601963133002,4.002145149800293e-06,3.836209211505559e-06,7.004468851127019e-06,False,False,False,False,False,False,False,False,False,False,False,False,False,-1,-1,False,0.1437500000000001,False,False,False,4.370375442504883,1985.1128,1,0.0001601963133002,7.004468851127019e-06,332,1415,False,1415.0,False,False,False,False,1.8211356860604033,0.023945430941395802,0.043721553207468226
ARELYSRWSIYFDY,H3-23_A,K3-20,True,44,1,1,1,0.0001601963133002,4.002145149800293e-06,3.836209211505559e-06,7.004468851127019e-06,False,False,False,False,False,False,False,False,False,False,False,False,False,0,0,False,-0.057142857142857,False,False,False,6.112389755249024,1869.0391,2,0.0001601963133002,7.004468851127019e-06,335,1416,False,1416.0,False,False,False,False,1.8211356860604033,0.023945430941395802,0.043721553207468226
ARFVRGWASLAGFDY,H3-23_A,K1-39,True,44,1,1,1,0.0001601963133002,4.002145149800293e-06,3.836209211505559e-06,7.004468851127019e-06,False,False,False,False,False,False,False,False,False,False,False,False,False,1,1,False,-0.0399999999999998,False,False,False,8.79022674560547,1715.9070000000002,2,0.0001601963133002,7.004468851127019e-06,498,1417,False,1417.0,False,False,False,False,1.8211356860604033,0.023945430941395802,0.043721553207468226
ARFYGYTLWGFDY,H3-23_A,K3-15,True,44,1,1,1,0.0001601963133002,4.002145149800293e-06,3.836209211505559e-06,7.004468851127019e-06,False,False,False,False,False,False,False,False,False,False,False,False,False,0,0,False,-0.7999999999999997,False,False,False,5.87858085632324,1658.8075,1,0.0001601963133002,7.004468851127019e-06,500,1418,False,1418.0,False,False,False,False,1.8211356860604033,0.023945430941395802,0.043721553207468226
ARGRLGWYSFDY,H3-23_A,K3-20,True,44,1,1,1,0.0001601963133002,4.002145149800293e-06,3.836209211505559e-06,7.004468851127019e-06,False,False,False,False,False,False,False,False,False,False,False,False,False,1,1,False,0.5166666666666669,False,False,False,8.632579040527343,1490.6196,2,0.0001601963133002,7.004468851127019e-06,636,1420,False,1420.0,False,False,False,False,1.8211356860604033,0.023945430941395802,0.043721553207468226
ARGTRWSSLWYGFDP,H3-23_A,K1-39,True,44,1,1,1,0.0001601963133002,4.002145149800293e-06,3.836209211505559e-06,7.004468851127019e-06,False,False,False,False,True,False,False,False,False,False,False,False,False,1,1,False,0.7933333333333334,False,False,False,8.79022674560547,1798.9527000000005,2,0.0001601963133002,7.004468851127019e-06,674,1421,False,1421.0,False,False,False,False,1.8211356860604033,0.023945430941395802,0.043721553207468226
ARHPGRYTATYGWGFDI,H3-23_A,K4-1,True,44,1,1,1,0.0001601963133002,4.002145149800293e-06,3.836209211505559e-06,7.004468851127019e-06,False,False,False,False,False,False,False,False,False,False,False,False,False,1,2,False,1.370588235294118,False,False,False,8.638685607910158,1968.1338,2,0.0001601963133002,7.004468851127019e-06,759,1423,False,1423.0,False,False,False,False,1.8211356860604033,0.023945430941395802,0.043721553207468226
ARQRPGNWYLWPFDP,H3-23_A,K3-15,True,44,1,1,1,0.0001601963133002,4.002145149800293e-06,3.836209211505559e-06,7.004468851127019e-06,False,False,False,False,True,False,False,False,False,False,False,False,False,1,1,False,0.3466666666666668,False,False,False,8.79022674560547,1903.1051,2,0.0001601963133002,7.004468851127019e-06,1153,1427,False,1427.0,False,False,False,False,1.8211356860604033,0.023945430941395802,0.043721553207468226
ARTSPGYGWRAYPGFDY,H3-23_A,K3-20,True,44,1,1,1,0.0001601963133002,4.002145149800293e-06,3.836209211505559e-06,7.004468851127019e-06,False,False,False,False,False,False,False,False,False,False,False,False,False,1,1,False,1.8058823529411767,False,False,False,8.539295959472657,1964.0987,2,0.0001601963133002,7.004468851127019e-06,1291,1429,False,1429.0,False,False,False,False,1.8211356860604033,0.023945430941395802,0.043721553207468226
ARVTWSGRWTLYSFDY,H3-23_A,K3-15,True,44,1,1,1,0.0001601963133002,4.002145149800293e-06,3.836209211505559e-06,7.004468851127019e-06,False,False,False,False,False,False,False,False,False,False,False,False,False,1,1,False,0.2312500000000001,False,False,False,8.632579040527343,2008.1943,2,0.0001601963133002,7.004468851127019e-06,1454,1431,False,1431.0,False,False,False,False,1.8211356860604033,0.023945430941395802,0.043721553207468226
ARWGRAFYASGYGFDP,H3-23_A,K1-39,True,44,1,1,1,0.0001601963133002,4.002145149800293e-06,3.836209211505559e-06,7.004468851127019e-06,False,False,False,False,True,False,False,False,False,False,False,False,False,1,1,False,1.1375000000000002,False,False,False,8.632579040527343,1820.9581,2,0.0001601963133002,7.004468851127019e-06,1484,1432,False,1432.0,False,False,False,False,1.8211356860604033,0.023945430941395802,0.043721553207468226
ARAKFYQWFVNAFDY,H3-23_A,K1-39,True,43,1,1,1,0.000156555487998,4.002145149800293e-06,3.836209211505559e-06,7.004468851127019e-06,False,False,False,False,False,False,False,False,False,False,False,False,False,1,1,False,-0.3933333333333331,False,False,False,8.54006805419922,1926.1349,1,0.000156555487998,7.004468851127019e-06,24,1433,False,1433.0,False,False,False,False,1.8211356860604033,0.024502265860497707,0.04473826857178445
ARDLYGILGVY,H3-23_A,UNK,True,43,1,1,1,0.000156555487998,4.002145149800293e-06,3.836209211505559e-06,7.004468851127019e-06,False,False,False,False,False,False,False,False,False,False,False,False,False,0,0,False,-0.5636363636363634,False,False,False,5.87944984436035,1239.4190999999998,1,0.000156555487998,7.004468851127019e-06,142,1435,False,1435.0,False,False,False,False,1.8211356860604033,0.024502265860497707,0.04473826857178445
ARDRLAHWGFDY,H3-23_A,K3-15,True,43,1,1,1,0.000156555487998,4.002145149800293e-06,3.836209211505559e-06,7.004468851127019e-06,False,False,False,False,False,False,False,False,False,False,False,False,False,0,1,False,0.8416666666666668,False,False,False,6.791580581665039,1506.6224,2,0.000156555487998,7.004468851127019e-06,161,1437,False,1437.0,False,False,False,False,1.8211356860604033,0.024502265860497707,0.04473826857178445
ARGLRWIPYHFDY,H3-23_A,K3-15,True,43,1,1,1,0.000156555487998,4.002145149800293e-06,3.836209211505559e-06,7.004468851127019e-06,False,False,False,True,False,False,False,False,False,False,False,False,False,1,2,False,-0.7538461538461536,False,False,False,8.638685607910158,1693.9031,2,0.000156555487998,7.004468851127019e-06,534,1440,False,1440.0,False,False,False,False,1.8211356860604033,0.024502265860497707,0.04473826857178445
ARGPYSDRYGYWGFDY,H3-23_A,K3-15,True,43,1,1,1,0.000156555487998,4.002145149800293e-06,3.836209211505559e-06,7.004468851127019e-06,False,False,False,False,False,False,False,False,False,False,False,False,False,0,0,False,1.8375,False,False,False,6.0022838592529295,1973.0623,2,0.000156555487998,7.004468851127019e-06,614,1442,False,1442.0,False,False,False,False,1.8211356860604033,0.024502265860497707,0.04473826857178445
ARGPYWTATTYGYGFDI,H3-23_A,K3-15,True,43,1,1,1,0.000156555487998,4.002145149800293e-06,3.836209211505559e-06,7.004468851127019e-06,False,False,False,False,False,False,False,False,False,False,False,False,False,0,0,False,1.1941176470588235,False,False,False,5.87858085632324,1939.0859,1,0.000156555487998,7.004468851127019e-06,625,1443,False,1443.0,False,False,False,False,1.8211356860604033,0.024502265860497707,0.04473826857178445
ARGRSTYPVYHYPFDY,H3-23_A,K1-39,True,43,1,1,1,0.000156555487998,4.002145149800293e-06,3.836209211505559e-06,7.004468851127019e-06,False,False,False,True,False,False,False,False,False,False,False,False,False,1,2,False,1.4812500000000002,False,False,False,8.478932189941407,1992.1518,2,0.000156555487998,7.004468851127019e-06,647,1444,False,1444.0,False,False,False,False,1.8211356860604033,0.024502265860497707,0.04473826857178445
ARGSYAAWSGFDY,H3-23_A,K3-20,True,43,1,1,1,0.000156555487998,4.002145149800293e-06,3.836209211505559e-06,7.004468851127019e-06,False,False,False,False,False,False,False,False,False,False,False,False,False,0,0,False,1.6846153846153848,False,False,False,5.87944984436035,1450.5094,1,0.000156555487998,7.004468851127019e-06,668,1445,False,1445.0,False,False,False,False,1.8211356860604033,0.024502265860497707,0.04473826857178445
ARGSYWLWASYGFDY,H3-23_A,K3-20,True,43,1,1,1,0.000156555487998,4.002145149800293e-06,3.836209211505559e-06,7.004468851127019e-06,False,False,False,False,False,False,False,False,False,False,False,False,False,0,0,False,-0.0866666666666665,False,False,False,5.87858085632324,1841.9722,1,0.000156555487998,7.004468851127019e-06,670,1446,False,1446.0,False,False,False,False,1.8211356860604033,0.024502265860497707,0.04473826857178445
ARHGRYWSYSTFDY,H3-23_A,K3-20,True,43,1,1,1,0.000156555487998,4.002145149800293e-06,3.836209211505559e-06,7.004468851127019e-06,False,False,False,False,False,False,False,False,False,False,False,False,False,1,2,False,1.542857142857143,False,False,False,8.545542907714843,1808.9044,2,0.000156555487998,7.004468851127019e-06,725,1447,False,1447.0,False,False,False,False,1.8211356860604033,0.024502265860497707,0.04473826857178445
ARHLPSFTYGLYFDY,H3-23_A,K3-20,True,43,1,1,1,0.000156555487998,4.002145149800293e-06,3.836209211505559e-06,7.004468851127019e-06,False,False,False,False,False,False,False,False,False,False,False,False,False,0,1,False,-0.3066666666666664,False,False,False,6.786059951782226,1850.0357,1,0.000156555487998,7.004468851127019e-06,746,1448,False,1448.0,False,False,False,False,1.8211356860604033,0.024502265860497707,0.04473826857178445
ARHPRYGYIPFDY,H3-23_A,K1-39,True,43,1,1,1,0.000156555487998,4.002145149800293e-06,3.836209211505559e-06,7.004468851127019e-06,False,False,False,False,False,False,False,False,False,False,False,False,False,1,2,False,0.7384615384615386,False,False,False,8.545542907714843,1654.8239999999998,2,0.000156555487998,7.004468851127019e-06,764,1449,False,1449.0,False,False,False,False,1.8211356860604033,0.024502265860497707,0.04473826857178445
ARHSYLTGYRFDY,H3-23_A,K1-39,True,43,1,1,1,0.000156555487998,4.002145149800293e-06,3.836209211505559e-06,7.004468851127019e-06,False,False,False,False,False,False,False,False,False,False,False,False,False,1,2,False,1.2230769230769232,False,False,False,8.545542907714843,1648.7748,2,0.000156555487998,7.004468851127019e-06,807,1451,False,1451.0,False,False,False,False,1.8211356860604033,0.024502265860497707,0.04473826857178445
ARPWGSRSDWYHFDP,H3-23_A,UNK,True,43,1,1,1,0.000156555487998,4.002145149800293e-06,3.836209211505559e-06,7.004468851127019e-06,False,False,False,True,True,False,False,False,False,False,False,False,False,0,1,False,1.6266666666666667,False,False,False,6.791580581665039,1876.9818,2,0.000156555487998,7.004468851127019e-06,1125,1456,False,1456.0,False,False,False,False,1.8211356860604033,0.024502265860497707,0.04473826857178445
ARPWYPYWSYSFDY,H3-23_A,K3-15,True,43,1,1,1,0.000156555487998,4.002145149800293e-06,3.836209211505559e-06,7.004468851127019e-06,False,False,False,False,False,False,False,False,False,False,False,False,False,0,0,False,-0.2357142857142856,False,False,False,5.877711868286132,1901.0377,1,0.000156555487998,7.004468851127019e-06,1130,1457,False,1457.0,False,False,False,False,1.8211356860604033,0.024502265860497707,0.04473826857178445
ARQHVTWGAFYPPFDY,H3-23_A,K3-20,True,43,1,1,1,0.000156555487998,4.002145149800293e-06,3.836209211505559e-06,7.004468851127019e-06,False,False,False,False,False,False,False,False,False,False,False,False,False,0,1,False,0.3562500000000002,False,False,False,6.787184524536133,1955.1332,1,0.000156555487998,7.004468851127019e-06,1139,1458,False,1458.0,False,False,False,False,1.8211356860604033,0.024502265860497707,0.04473826857178445
ARQPYGRFIWGFDI,H3-23_A,K4-1,True,43,1,1,1,0.000156555487998,4.002145149800293e-06,3.836209211505559e-06,7.004468851127019e-06,False,False,False,False,False,False,False,False,False,False,False,False,False,1,1,False,-0.4499999999999998,False,False,False,8.79022674560547,1725.9449,2,0.000156555487998,7.004468851127019e-06,1145,1459,False,1459.0,False,False,False,False,1.8211356860604033,0.024502265860497707,0.04473826857178445
ARSHHYGAGKYAGFDI,H3-23_A,K3-20,True,43,1,1,1,0.000156555487998,4.002145149800293e-06,3.836209211505559e-06,7.004468851127019e-06,False,False,False,True,False,False,False,False,False,False,False,False,False,1,3,False,2.0625,False,False,False,8.552421569824219,1749.882,1,0.000156555487998,7.004468851127019e-06,1187,1460,False,1460.0,False,False,False,False,1.8211356860604033,0.024502265860497707,0.04473826857178445
ARSPVYARSYGFDY,H3-23_A,K3-20,True,43,1,1,1,0.000156555487998,4.002145149800293e-06,3.836209211505559e-06,7.004468851127019e-06,False,False,False,False,False,False,False,False,False,False,False,False,False,1,1,False,1.7714285714285716,False,False,False,8.539295959472657,1651.7754,2,0.000156555487998,7.004468851127019e-06,1209,1461,False,1461.0,False,False,False,False,1.8211356860604033,0.024502265860497707,0.04473826857178445
ARWPYTWLGYAFDY,H3-23_A,K1-39,True,43,1,1,1,0.000156555487998,4.002145149800293e-06,3.836209211505559e-06,7.004468851127019e-06,False,False,False,False,False,False,False,False,False,False,False,False,False,0,0,False,-0.9071428571428568,False,False,False,5.87858085632324,1808.9854,1,0.000156555487998,7.004468851127019e-06,1498,1464,False,1464.0,False,False,False,False,1.8211356860604033,0.024502265860497707,0.04473826857178445
ARWSGYLGSLPHFDI,H3-23_A,K3-15,True,43,1,1,1,0.000156555487998,4.002145149800293e-06,3.836209211505559e-06,7.004468851127019e-06,False,False,False,False,False,False,False,False,False,False,False,False,False,0,1,False,-0.1733333333333331,False,False,False,6.788309097290039,1718.9076999999995,1,0.000156555487998,7.004468851127019e-06,1517,1465,False,1465.0,False,False,False,False,1.8211356860604033,0.024502265860497707,0.04473826857178445
ARAGTSWYHLFDY,H3-23_A,K4-1,True,42,1,1,1,0.0001529146626957,4.002145149800293e-06,3.836209211505559e-06,7.004468851127019e-06,False,False,False,True,False,False,False,False,False,False,False,False,False,0,1,False,0.4384615384615387,False,False,False,6.787184524536133,1586.7036999999998,1,0.0001529146626957,7.004468851127019e-06,15,1467,False,1467.0,False,False,False,False,1.8211356860604033,0.025085614994221773,0.04580339578753881
ARALRSYSFYGYFGFDI,H3-23_A,K1-39,True,42,1,1,1,0.0001529146626957,4.002145149800293e-06,3.836209211505559e-06,7.004468851127019e-06,False,False,False,False,False,False,False,False,False,False,False,False,False,1,1,False,-0.2058823529411762,False,False,False,8.539295959472657,2033.2433,2,0.0001529146626957,7.004468851127019e-06,28,1468,False,1468.0,False,False,False,False,1.8211356860604033,0.025085614994221773,0.04580339578753881
ARDLGSIWSTYRYGFDP,H3-23_A,K1-39,True,42,1,1,1,0.0001529146626957,4.002145149800293e-06,3.836209211505559e-06,7.004468851127019e-06,False,False,False,False,True,False,False,False,False,False,False,False,False,0,0,False,1.2941176470588238,False,False,False,6.004021835327148,2004.161,2,0.0001529146626957,7.004468851127019e-06,119,1469,False,1469.0,False,False,False,False,1.8211356860604033,0.025085614994221773,0.04580339578753881
ARDVRGLGFTGFDY,H3-23_A,K4-1,True,42,1,1,1,0.0001529146626957,4.002145149800293e-06,3.836209211505559e-06,7.004468851127019e-06,False,False,False,False,False,False,False,False,False,False,False,False,False,0,0,False,1.4,False,False,False,6.004890823364257,1573.7065999999998,2,0.0001529146626957,7.004468851127019e-06,226,1472,False,1472.0,False,False,False,False,1.8211356860604033,0.025085614994221773,0.04580339578753881
ARGRGPYLYAGFDY,H3-23_A,K3-20,True,42,1,1,1,0.0001529146626957,4.002145149800293e-06,3.836209211505559e-06,7.004468851127019e-06,False,False,False,False,False,False,False,False,False,False,False,False,False,1,1,False,1.2642857142857145,False,False,False,8.539295959472657,1605.7499999999998,2,0.0001529146626957,7.004468851127019e-06,632,1474,False,1474.0,False,False,False,False,1.8211356860604033,0.025085614994221773,0.04580339578753881
ARGSANRWYSWGFDI,H3-23_A,K4-1,True,42,1,1,1,0.0001529146626957,4.002145149800293e-06,3.836209211505559e-06,7.004468851127019e-06,False,False,False,False,False,False,False,False,False,False,False,False,False,1,1,False,0.9933333333333336,False,False,False,8.79022674560547,1785.9141,2,0.0001529146626957,7.004468851127019e-06,662,1475,False,1475.0,False,False,False,False,1.8211356860604033,0.025085614994221773,0.04580339578753881
ARHHVYWTVLGFDY,H3-23_A,K1-39,True,42,1,1,1,0.0001529146626957,4.002145149800293e-06,3.836209211505559e-06,7.004468851127019e-06,False,False,False,False,False,False,False,False,False,False,False,False,False,0,2,False,-0.5857142857142855,False,False,False,6.959295272827148,1763.9498,1,0.0001529146626957,7.004468851127019e-06,733,1477,False,1477.0,False,False,False,False,1.8211356860604033,0.025085614994221773,0.04580339578753881
ARHQWQRAPSYWFDP,H1-69,K3-20,True,42,1,1,1,0.0001529146626957,4.002145149800293e-06,3.836209211505559e-06,7.004468851127019e-06,False,False,False,True,True,False,False,False,False,False,False,False,False,1,2,False,1.086666666666667,False,False,False,8.796192932128907,1945.1021,2,0.0001529146626957,7.004468851127019e-06,769,1478,False,1478.0,False,False,False,False,1.8211356860604033,0.025085614994221773,0.04580339578753881
ARLFSSQGIRFDY,H3-23_A,K3-15,True,42,1,1,1,0.0001529146626957,4.002145149800293e-06,3.836209211505559e-06,7.004468851127019e-06,False,False,False,False,False,False,False,False,False,False,False,False,False,1,1,False,0.5923076923076925,False,False,False,8.79022674560547,1559.7231,2,0.0001529146626957,7.004468851127019e-06,944,1480,False,1480.0,False,False,False,False,1.8211356860604033,0.025085614994221773,0.04580339578753881
ARLPGLGYTYHAFDP,H3-23_A,K3-20,True,42,1,1,1,0.0001529146626957,4.002145149800293e-06,3.836209211505559e-06,7.004468851127019e-06,False,False,False,False,True,False,False,False,False,False,False,False,False,0,1,False,0.6600000000000003,False,False,False,6.787184524536133,1677.8557999999998,1,0.0001529146626957,7.004468851127019e-06,984,1481,False,1481.0,False,False,False,False,1.8211356860604033,0.025085614994221773,0.04580339578753881
ARLTVRSQWLYTYAFDY,H1-69,K1-39,True,42,1,1,1,0.0001529146626957,4.002145149800293e-06,3.836209211505559e-06,7.004468851127019e-06,False,False,False,False,False,False,False,False,False,False,False,False,False,1,1,False,-0.0882352941176468,False,False,False,8.539295959472657,2153.3937,2,0.0001529146626957,7.004468851127019e-06,1034,1482,False,1482.0,False,False,False,False,1.8211356860604033,0.025085614994221773,0.04580339578753881
ARQRWHADYGNQFDY,H3-23_A,K3-20,True,42,1,1,1,0.0001529146626957,4.002145149800293e-06,3.836209211505559e-06,7.004468851127019e-06,False,False,False,False,False,False,False,False,False,False,False,False,False,0,1,False,2.4266666666666667,False,False,False,6.790507125854492,1926.9990000000005,2,0.0001529146626957,7.004468851127019e-06,1156,1484,False,1484.0,False,False,False,False,1.8211356860604033,0.025085614994221773,0.04580339578753881
ARSNYGISRLFPHLFDI,H3-23_A,K3-20,True,42,1,1,1,0.0001529146626957,4.002145149800293e-06,3.836209211505559e-06,7.004468851127019e-06,False,False,False,False,False,False,False,False,False,False,False,False,False,1,2,False,-0.252941176470588,False,False,False,8.796192932128907,2006.2662,2,0.0001529146626957,7.004468851127019e-06,1200,1485,False,1485.0,False,False,False,False,1.8211356860604033,0.025085614994221773,0.04580339578753881
ARVALVWGTSWFGFDY,H3-23_A,K1-39,True,42,1,1,1,0.0001529146626957,4.002145149800293e-06,3.836209211505559e-06,7.004468851127019e-06,False,False,False,False,False,False,False,False,False,False,False,False,False,0,0,False,-0.9624999999999998,False,False,False,5.880318832397459,1875.0882,1,0.0001529146626957,7.004468851127019e-06,1318,1486,False,1486.0,False,False,False,False,1.8211356860604033,0.025085614994221773,0.04580339578753881
ARVKRAYWGYLSFAFDY,H3-23_A,K4-1,True,42,1,1,1,0.0001529146626957,4.002145149800293e-06,3.836209211505559e-06,7.004468851127019e-06,False,False,False,False,False,False,False,False,False,False,False,False,False,2,2,False,-0.2588235294117645,False,False,False,9.525611877441406,2113.3744,2,0.0001529146626957,7.004468851127019e-06,1358,1487,False,1487.0,False,False,False,False,1.8211356860604033,0.025085614994221773,0.04580339578753881
ARVSYDAIWHFDY,H3-23_A,K3-20,True,42,1,1,1,0.0001529146626957,4.002145149800293e-06,3.836209211505559e-06,7.004468851127019e-06,False,False,False,True,False,False,False,False,False,False,False,False,False,-1,0,False,0.176923076923077,False,False,False,5.212373733520507,1642.7669,1,0.0001529146626957,7.004468851127019e-06,1445,1489,False,1489.0,False,False,False,False,1.8211356860604033,0.025085614994221773,0.04580339578753881
ARWRGSNYFDY,H3-23_A,K3-15,True,42,1,1,1,0.0001529146626957,4.002145149800293e-06,3.836209211505559e-06,7.004468851127019e-06,False,False,False,False,False,False,False,False,False,False,False,False,False,1,1,False,1.5181818181818183,False,False,False,8.632579040527343,1434.5132999999998,2,0.0001529146626957,7.004468851127019e-06,1502,1491,False,1491.0,False,False,False,False,1.8211356860604033,0.025085614994221773,0.04580339578753881
ARAVILDRYGFDY,H3-23_A,K3-20,True,41,1,1,1,0.0001492738373934,4.002145149800293e-06,3.836209211505559e-06,7.004468851127019e-06,False,False,False,False,False,False,False,False,False,False,False,False,False,0,0,False,0.3384615384615386,False,False,False,6.004021835327148,1558.735,2,0.0001492738373934,7.004468851127019e-06,70,1496,False,1496.0,False,False,False,False,1.8211356860604033,0.025697418277078415,0.046920476948006794
ARDASWTRFDY,H3-23_A,K3-20,True,41,1,1,1,0.0001492738373934,4.002145149800293e-06,3.836209211505559e-06,7.004468851127019e-06,False,False,False,False,False,False,False,False,False,False,False,False,False,0,0,False,2.1090909090909093,False,False,False,6.004890823364257,1387.4554,2,0.0001492738373934,7.004468851127019e-06,88,1497,False,1497.0,False,False,False,False,1.8211356860604033,0.025697418277078415,0.046920476948006794
ARDRFTYWHSKAFDY,H3-23_A,K4-1,True,41,1,1,1,0.0001492738373934,4.002145149800293e-06,3.836209211505559e-06,7.004468851127019e-06,False,False,False,True,False,False,False,False,False,False,False,False,False,1,2,False,1.3266666666666669,False,False,False,8.545613098144532,1963.114,2,0.0001492738373934,7.004468851127019e-06,168,1498,False,1498.0,False,False,False,False,1.8211356860604033,0.025697418277078415,0.046920476948006794
ARDYSSYGWDVYGFDY,H3-23_A,K3-15,True,41,1,1,1,0.0001492738373934,4.002145149800293e-06,3.836209211505559e-06,7.004468851127019e-06,False,False,False,False,False,False,False,False,False,False,False,False,False,-2,-2,False,1.8875,False,False,False,4.050025558471679,1964.0058,1,0.0001492738373934,7.004468851127019e-06,261,1501,False,1501.0,False,False,False,False,1.8211356860604033,0.025697418277078415,0.046920476948006794
ARFLTENRWHGFDY,H3-23_A,K4-1,True,41,1,1,1,0.0001492738373934,4.002145149800293e-06,3.836209211505559e-06,7.004468851127019e-06,False,False,False,False,False,False,False,False,False,False,False,False,False,0,1,False,0.6285714285714288,False,False,False,6.796487808227539,1811.9514,2,0.0001492738373934,7.004468851127019e-06,475,1502,False,1502.0,False,False,False,False,1.8211356860604033,0.025697418277078415,0.046920476948006794
ARHLPWSKHLFDY,H1-69,K3-15,True,41,1,1,1,0.0001492738373934,4.002145149800293e-06,3.836209211505559e-06,7.004468851127019e-06,False,False,False,False,False,False,False,False,False,False,False,False,False,1,3,False,-0.3615384615384613,False,False,False,8.645845031738283,1669.8818,1,0.0001492738373934,7.004468851127019e-06,747,1505,False,1505.0,False,False,False,False,1.8211356860604033,0.025697418277078415,0.046920476948006794
ARHRLWYGFDY,H3-23_A,K3-20,True,41,1,1,1,0.0001492738373934,4.002145149800293e-06,3.836209211505559e-06,7.004468851127019e-06,False,False,False,False,False,False,False,False,False,False,False,False,False,1,2,False,-0.3545454545454543,False,False,False,8.638685607910158,1483.6303,2,0.0001492738373934,7.004468851127019e-06,781,1507,False,1507.0,False,False,False,False,1.8211356860604033,0.025697418277078415,0.046920476948006794
ARKLYTWYGWEYFDY,H1-69,K1-39,True,41,1,1,1,0.0001492738373934,4.002145149800293e-06,3.836209211505559e-06,7.004468851127019e-06,False,False,False,False,False,False,False,False,False,False,False,False,False,0,0,False,-0.3533333333333331,False,False,False,6.1106517791748045,2061.2518,1,0.0001492738373934,7.004468851127019e-06,902,1509,False,1509.0,False,False,False,False,1.8211356860604033,0.025697418277078415,0.046920476948006794
ARKRAASSSYWYFDI,H3-23_A,K1-39,True,41,1,1,1,0.0001492738373934,4.002145149800293e-06,3.836209211505559e-06,7.004468851127019e-06,False,False,False,True,False,False,False,False,False,False,False,False,False,2,2,False,1.2600000000000002,False,False,False,9.69757843017578,1820.9997000000003,2,0.0001492738373934,7.004468851127019e-06,907,1510,False,1510.0,False,False,False,False,1.8211356860604033,0.025697418277078415,0.046920476948006794
ARLAYWEYSRFDY,H3-23_A,K3-20,True,41,1,1,1,0.0001492738373934,4.002145149800293e-06,3.836209211505559e-06,7.004468851127019e-06,False,False,False,False,False,False,False,False,False,False,False,False,False,0,0,False,0.2153846153846155,False,False,False,6.112389755249024,1739.8821,2,0.0001492738373934,7.004468851127019e-06,939,1513,False,1513.0,False,False,False,False,1.8211356860604033,0.025697418277078415,0.046920476948006794
ARLLGIGVHGDYWYFDY,H3-23_A,K3-20,True,41,1,1,1,0.0001492738373934,4.002145149800293e-06,3.836209211505559e-06,7.004468851127019e-06,False,False,False,True,False,False,False,False,False,False,False,False,False,-1,0,False,-0.5588235294117645,False,False,False,5.212322616577147,2045.254,1,0.0001492738373934,7.004468851127019e-06,972,1514,False,1514.0,False,False,False,False,1.8211356860604033,0.025697418277078415,0.046920476948006794
ARLVSWTYWKYAFDY,H1-69,K1-39,True,41,1,1,1,0.0001492738373934,4.002145149800293e-06,3.836209211505559e-06,7.004468851127019e-06,False,False,False,False,False,False,False,False,False,False,False,False,False,1,1,False,-0.7999999999999999,False,False,False,8.47317657470703,1969.1995,1,0.0001492738373934,7.004468851127019e-06,1041,1516,False,1516.0,False,False,False,False,1.8211356860604033,0.025697418277078415,0.046920476948006794
ARTRVYGTSWYGFDY,H3-23_A,K1-39,True,41,1,1,1,0.0001492738373934,4.002145149800293e-06,3.836209211505559e-06,7.004468851127019e-06,False,False,False,False,False,False,False,False,False,False,False,False,False,1,1,False,1.346666666666667,False,False,False,8.539295959472657,1841.974,2,0.0001492738373934,7.004468851127019e-06,1287,1518,False,1518.0,False,False,False,False,1.8211356860604033,0.025697418277078415,0.046920476948006794
ARTWLNQVYGTFDY,H3-23_A,K3-20,True,41,1,1,1,0.0001492738373934,4.002145149800293e-06,3.836209211505559e-06,7.004468851127019e-06,False,False,False,False,False,False,False,False,False,False,False,False,False,0,0,False,0.6785714285714287,False,False,False,5.87944984436035,1733.8758999999998,1,0.0001492738373934,7.004468851127019e-06,1307,1520,False,1520.0,False,False,False,False,1.8211356860604033,0.025697418277078415,0.046920476948006794
ARTYISRSTYSGWTFDY,H3-23_A,K3-15,True,41,1,1,1,0.0001492738373934,4.002145149800293e-06,3.836209211505559e-06,7.004468851127019e-06,False,False,False,False,False,False,False,False,False,False,False,False,False,1,1,False,1.6705882352941177,False,False,False,8.539295959472657,2074.2078,2,0.0001492738373934,7.004468851127019e-06,1313,1521,False,1521.0,False,False,False,False,1.8211356860604033,0.025697418277078415,0.046920476948006794
ARVFYGIGFDY,H3-23_A,K3-20,True,41,1,1,1,0.0001492738373934,4.002145149800293e-06,3.836209211505559e-06,7.004468851127019e-06,False,False,False,False,False,False,False,False,False,False,False,False,False,0,0,False,-0.5636363636363634,False,False,False,5.87944984436035,1307.4515,1,0.0001492738373934,7.004468851127019e-06,1331,1522,False,1522.0,False,False,False,False,1.8211356860604033,0.025697418277078415,0.046920476948006794
ARVKSSIWAYQFDY,H3-23_A,K3-20,True,41,1,1,1,0.0001492738373934,4.002145149800293e-06,3.836209211505559e-06,7.004468851127019e-06,False,False,False,False,False,False,False,False,False,False,False,False,False,1,1,False,0.6000000000000002,False,False,False,8.54006805419922,1733.919,1,0.0001492738373934,7.004468851127019e-06,1361,1523,False,1523.0,False,False,False,False,1.8211356860604033,0.025697418277078415,0.046920476948006794
ARVRKQHYGWLFDY,H3-23_A,K3-15,True,41,1,1,1,0.0001492738373934,4.002145149800293e-06,3.836209211505559e-06,7.004468851127019e-06,False,False,False,False,False,False,False,False,False,False,False,False,False,2,3,False,0.292857142857143,False,False,False,9.69764862060547,1839.0628,2,0.0001492738373934,7.004468851127019e-06,1405,1525,False,1525.0,False,False,False,False,1.8211356860604033,0.025697418277078415,0.046920476948006794
ARVYGRVLLATGFDP,H3-23_A,K3-20,True,41,1,1,1,0.0001492738373934,4.002145149800293e-06,3.836209211505559e-06,7.004468851127019e-06,False,False,False,False,True,False,False,False,False,False,False,False,False,1,1,False,0.2933333333333335,False,False,False,8.79022674560547,1634.8757999999998,2,0.0001492738373934,7.004468851127019e-06,1467,1528,False,1528.0,False,False,False,False,1.8211356860604033,0.025697418277078415,0.046920476948006794
ARYRGSLSFDY,H3-23_A,K3-20,True,41,1,1,1,0.0001492738373934,4.002145149800293e-06,3.836209211505559e-06,7.004468851127019e-06,False,False,False,False,False,False,False,False,False,False,False,False,False,1,1,False,1.545454545454546,False,False,False,8.632579040527343,1334.4357,2,0.0001492738373934,7.004468851127019e-06,1590,1529,False,1529.0,False,False,False,False,1.8211356860604033,0.025697418277078415,0.046920476948006794
ARYRSLYAGFDY,H3-23_A,K3-20,True,41,1,1,1,0.0001492738373934,4.002145149800293e-06,3.836209211505559e-06,7.004468851127019e-06,False,False,False,False,False,False,False,False,False,False,False,False,False,1,1,False,0.8916666666666669,False,False,False,8.539295959472657,1481.6095,2,0.0001492738373934,7.004468851127019e-06,1597,1530,False,1530.0,False,False,False,False,1.8211356860604033,0.025697418277078415,0.046920476948006794
ARYTAWYGYWAFDY,H3-23_A,K3-20,True,41,1,1,1,0.0001492738373934,4.002145149800293e-06,3.836209211505559e-06,7.004468851127019e-06,False,False,False,False,False,False,False,False,False,False,False,False,False,0,0,False,-0.3857142857142856,False,False,False,5.877711868286132,1832.9637,1,0.0001492738373934,7.004468851127019e-06,1609,1531,False,1531.0,False,False,False,False,1.8211356860604033,0.025697418277078415,0.046920476948006794
ARAGHPRYGLGSYGFDP,H3-23_A,K3-15,True,40,1,1,1,0.0001456330120911,4.002145149800293e-06,3.836209211505559e-06,7.004468851127019e-06,False,False,False,False,True,False,False,False,False,False,False,False,False,1,2,False,2.117647058823529,False,False,False,8.638685607910158,1820.9599,2,0.0001456330120911,7.004468851127019e-06,12,1532,False,1532.0,False,False,False,False,1.8211356860604033,0.02633980962372573,0.04809340833150106
ARAPVTASGRYGFDI,H1-69,K4-1,True,40,1,1,1,0.0001456330120911,4.002145149800293e-06,3.836209211505559e-06,7.004468851127019e-06,False,False,False,False,False,False,False,False,False,False,False,False,False,1,1,False,1.8066666666666669,False,False,False,8.79022674560547,1580.7424,2,0.0001456330120911,7.004468851127019e-06,36,1533,False,1533.0,False,False,False,False,1.8211356860604033,0.02633980962372573,0.04809340833150106
ARDRLFLPFYGFDY,H3-23_A,K3-20,True,40,1,1,1,0.0001456330120911,4.002145149800293e-06,3.836209211505559e-06,7.004468851127019e-06,False,False,False,False,False,False,False,False,False,False,False,False,False,0,0,False,-0.8214285714285712,False,False,False,6.004021835327148,1779.9888999999998,2,0.0001456330120911,7.004468851127019e-06,185,1535,False,1535.0,False,False,False,False,1.8211356860604033,0.02633980962372573,0.04809340833150106
ARDVWRVYFDY,H3-23_A,K3-20,True,40,1,1,1,0.0001456330120911,4.002145149800293e-06,3.836209211505559e-06,7.004468851127019e-06,False,False,False,False,False,False,False,False,False,False,False,False,False,0,0,False,0.0090909090909091,False,False,False,6.004021835327148,1489.6315,2,0.0001456330120911,7.004468851127019e-06,236,1537,False,1537.0,False,False,False,False,1.8211356860604033,0.02633980962372573,0.04809340833150106
ARDVYRYDAYWGFDI,H3-23_A,K1-39,True,40,1,1,1,0.0001456330120911,4.002145149800293e-06,3.836209211505559e-06,7.004468851127019e-06,False,False,False,False,False,False,False,False,False,False,False,False,False,-1,-1,False,0.78,False,False,False,4.429057693481445,1910.0479,2,0.0001456330120911,7.004468851127019e-06,237,1538,False,1538.0,False,False,False,False,1.8211356860604033,0.02633980962372573,0.04809340833150106
AREVDAYSSDEFDI,H4-34,K4-1,True,40,1,1,1,0.0001456330120911,4.002145149800293e-06,3.836209211505559e-06,7.004468851127019e-06,False,False,False,False,False,False,False,False,False,True,False,False,False,-4,-4,False,3.157142857142857,False,False,False,4.050025558471679,1616.6372,1,0.0001456330120911,7.004468851127019e-06,445,1540,False,1540.0,False,False,False,False,1.8211356860604033,0.02633980962372573,0.04809340833150106
ARGLYGSLWTRYFDY,H3-23_A,K4-1,True,40,1,1,1,0.0001456330120911,4.002145149800293e-06,3.836209211505559e-06,7.004468851127019e-06,False,False,False,False,False,False,False,False,False,False,False,False,False,1,1,False,0.0200000000000002,False,False,False,8.539295959472657,1868.0543,2,0.0001456330120911,7.004468851127019e-06,540,1541,False,1541.0,False,False,False,False,1.8211356860604033,0.02633980962372573,0.04809340833150106
ARGPIRAGSWYGLFDY,H3-23_A,K3-20,True,40,1,1,1,0.0001456330120911,4.002145149800293e-06,3.836209211505559e-06,7.004468851127019e-06,False,False,False,False,False,False,False,False,False,False,False,False,False,1,1,False,0.5062500000000002,False,False,False,8.632579040527343,1829.0216,2,0.0001456330120911,7.004468851127019e-06,549,1542,False,1542.0,False,False,False,False,1.8211356860604033,0.02633980962372573,0.04809340833150106
ARHGKRWGSGYGWSFDY,H3-23_A,K3-20,True,40,1,1,1,0.0001456330120911,4.002145149800293e-06,3.836209211505559e-06,7.004468851127019e-06,False,False,False,False,False,False,False,False,False,False,False,False,False,2,3,False,1.8294117647058823,False,False,False,9.69764862060547,2030.1634,2,0.0001456330120911,7.004468851127019e-06,719,1544,False,1544.0,False,False,False,False,1.8211356860604033,0.02633980962372573,0.04809340833150106
ARHLRYWYPTSNFDI,H3-23_A,K1-39,True,40,1,1,1,0.0001456330120911,4.002145149800293e-06,3.836209211505559e-06,7.004468851127019e-06,False,False,False,True,False,False,False,False,False,False,False,False,False,1,2,False,0.2133333333333334,False,False,False,8.638685607910158,1939.1356,2,0.0001456330120911,7.004468851127019e-06,750,1545,False,1545.0,False,False,False,False,1.8211356860604033,0.02633980962372573,0.04809340833150106
ARHPHYLFSLFDY,H3-23_A,K3-20,True,40,1,1,1,0.0001456330120911,4.002145149800293e-06,3.836209211505559e-06,7.004468851127019e-06,False,False,False,False,False,False,False,False,False,False,False,False,False,0,2,False,-0.8846153846153844,False,False,False,6.959295272827148,1665.8466,1,0.0001456330120911,7.004468851127019e-06,760,1547,False,1547.0,False,False,False,False,1.8211356860604033,0.02633980962372573,0.04809340833150106
ARIYVSRSGYDFDY,H3-23_A,K3-20,True,40,1,1,1,0.0001456330120911,4.002145149800293e-06,3.836209211505559e-06,7.004468851127019e-06,False,False,False,False,False,False,False,False,False,True,False,False,False,0,0,False,1.6142857142857143,False,False,False,6.003152847290039,1711.8273,2,0.0001456330120911,7.004468851127019e-06,893,1549,False,1549.0,False,False,False,False,1.8211356860604033,0.02633980962372573,0.04809340833150106
ARKRLYGTTFDY,H3-23_A,K3-15,True,40,1,1,1,0.0001456330120911,4.002145149800293e-06,3.836209211505559e-06,7.004468851127019e-06,False,False,False,False,False,False,False,False,False,False,False,False,False,2,2,False,1.675,False,False,False,9.69757843017578,1490.6612,2,0.0001456330120911,7.004468851127019e-06,914,1550,False,1550.0,False,False,False,False,1.8211356860604033,0.02633980962372573,0.04809340833150106
ARPARWYSKNYFDY,H3-23_A,K3-20,True,40,1,1,1,0.0001456330120911,4.002145149800293e-06,3.836209211505559e-06,7.004468851127019e-06,False,False,False,False,False,False,False,False,False,False,False,False,False,2,2,False,1.3571428571428572,False,False,False,9.525611877441406,1837.0006,2,0.0001456330120911,7.004468851127019e-06,1079,1555,False,1555.0,False,False,False,False,1.8211356860604033,0.02633980962372573,0.04809340833150106
ARPGHGSVPFDY,H3-23_A,K3-20,True,40,1,1,1,0.0001456330120911,4.002145149800293e-06,3.836209211505559e-06,7.004468851127019e-06,False,False,False,False,False,False,False,False,False,False,False,False,False,0,1,False,2.141666666666667,False,False,False,6.788309097290039,1302.3938999999998,1,0.0001456330120911,7.004468851127019e-06,1085,1556,False,1556.0,False,False,False,False,1.8211356860604033,0.02633980962372573,0.04809340833150106
ARPGYTRWLDY,H3-23_A,K3-15,True,40,1,1,1,0.0001456330120911,4.002145149800293e-06,3.836209211505559e-06,7.004468851127019e-06,False,False,False,False,False,False,False,False,False,False,False,False,False,1,1,False,0.9545454545454548,False,False,False,8.632579040527343,1397.5363,2,0.0001456330120911,7.004468851127019e-06,1091,1557,False,1557.0,False,False,False,False,1.8211356860604033,0.02633980962372573,0.04809340833150106
ARPIRVWYGSNVFDY,H3-23_A,K3-15,True,40,1,1,1,0.0001456330120911,4.002145149800293e-06,3.836209211505559e-06,7.004468851127019e-06,False,False,False,False,False,False,False,False,False,False,False,False,False,1,1,False,0.2266666666666667,False,False,False,8.632579040527343,1843.0481,2,0.0001456330120911,7.004468851127019e-06,1097,1558,False,1558.0,False,False,False,False,1.8211356860604033,0.02633980962372573,0.04809340833150106
ARVDFKYGSRFGFDY,H3-23_A,K3-15,True,40,1,1,1,0.0001456330120911,4.002145149800293e-06,3.836209211505559e-06,7.004468851127019e-06,False,False,False,False,False,False,False,False,False,False,False,False,False,1,1,False,1.2666666666666668,False,False,False,8.539366149902346,1827.9904,2,0.0001456330120911,7.004468851127019e-06,1325,1561,False,1561.0,False,False,False,False,1.8211356860604033,0.02633980962372573,0.04809340833150106
ARWGKYSGSWSFDY,H3-23_A,K3-15,True,40,1,1,1,0.0001456330120911,4.002145149800293e-06,3.836209211505559e-06,7.004468851127019e-06,False,False,False,False,False,False,False,False,False,False,False,False,False,1,1,False,1.4214285714285717,False,False,False,8.54006805419922,1709.8130999999998,1,0.0001456330120911,7.004468851127019e-06,1483,1565,False,1565.0,False,False,False,False,1.8211356860604033,0.02633980962372573,0.04809340833150106
ARYHGRGWLDY,H5-51,K3-15,True,40,1,1,1,0.0001456330120911,4.002145149800293e-06,3.836209211505559e-06,7.004468851127019e-06,False,False,False,False,False,False,False,False,False,False,False,False,False,1,2,False,1.0000000000000002,False,False,False,8.638685607910158,1393.5078,2,0.0001456330120911,7.004468851127019e-06,1551,1566,False,1566.0,False,False,False,False,1.8211356860604033,0.02633980962372573,0.04809340833150106
ARYTEGYRLDY,H3-23_A,K3-20,True,40,1,1,1,0.0001456330120911,4.002145149800293e-06,3.836209211505559e-06,7.004468851127019e-06,False,False,False,False,False,False,False,False,False,False,False,False,False,0,0,False,2.209090909090909,False,False,False,6.112389755249024,1406.4984,2,0.0001456330120911,7.004468851127019e-06,1610,1567,False,1567.0,False,False,False,False,1.8211356860604033,0.02633980962372573,0.04809340833150106
ARAAIPETGERFDY,H1-69,K3-15,True,39,1,1,1,0.0001419921867889,4.002145149800293e-06,3.836209211505559e-06,7.004468851127019e-06,False,False,False,False,False,False,False,False,False,False,False,False,False,-1,-1,False,2.442857142857143,False,False,False,4.6793262481689455,1595.7107999999998,2,0.0001419921867889,7.004468851127019e-06,3,1568,False,1568.0,False,False,False,False,1.8211356860604033,0.027015141796432014,0.049326485806446344
ARANVRSTYGFDY,H3-23_A,K3-20,True,39,1,1,1,0.0001419921867889,4.002145149800293e-06,3.836209211505559e-06,7.004468851127019e-06,False,False,False,False,False,False,False,False,False,False,False,False,False,1,1,False,2.330769230769231,False,False,False,8.632579040527343,1519.6162,2,0.0001419921867889,7.004468851127019e-06,30,1569,False,1569.0,False,False,False,False,1.8211356860604033,0.027015141796432014,0.049326485806446344
ARDIYSYTRFDY,H3-23_A,K3-20,True,39,1,1,1,0.0001419921867889,4.002145149800293e-06,3.836209211505559e-06,7.004468851127019e-06,False,False,False,False,False,False,False,False,False,False,False,False,False,0,0,False,1.6083333333333334,False,False,False,6.003152847290039,1569.6716,2,0.0001419921867889,7.004468851127019e-06,112,1570,False,1570.0,False,False,False,False,1.8211356860604033,0.027015141796432014,0.049326485806446344
ARDRDYSTFDY,H3-23_A,K3-15,True,39,1,1,1,0.0001419921867889,4.002145149800293e-06,3.836209211505559e-06,7.004468851127019e-06,False,False,False,False,False,False,False,False,False,True,False,False,False,-1,-1,False,3.563636363636364,False,False,False,4.429057693481445,1408.4282,2,0.0001419921867889,7.004468851127019e-06,162,1571,False,1571.0,False,False,False,False,1.8211356860604033,0.027015141796432014,0.049326485806446344
ARDRFSSYWSGFDY,H3-23_A,K3-15,True,39,1,1,1,0.0001419921867889,4.002145149800293e-06,3.836209211505559e-06,7.004468851127019e-06,False,False,False,False,False,False,False,False,False,False,False,False,False,0,0,False,1.6785714285714288,False,False,False,6.004021835327148,1756.8265,2,0.0001419921867889,7.004468851127019e-06,167,1572,False,1572.0,False,False,False,False,1.8211356860604033,0.027015141796432014,0.049326485806446344
ARDWTYWYKSSLRGFDP,H3-23_A,K3-20,True,39,1,1,1,0.0001419921867889,4.002145149800293e-06,3.836209211505559e-06,7.004468851127019e-06,False,False,False,True,True,False,False,False,False,False,False,False,False,1,1,False,1.1764705882352944,False,False,False,8.539366149902346,2148.3343,2,0.0001419921867889,7.004468851127019e-06,244,1573,False,1573.0,False,False,False,False,1.8211356860604033,0.027015141796432014,0.049326485806446344
ARDYHGNAGWRFDY,H3-23_A,K3-20,True,39,1,1,1,0.0001419921867889,4.002145149800293e-06,3.836209211505559e-06,7.004468851127019e-06,False,False,False,False,False,False,False,False,False,False,False,False,False,0,1,False,2.15,False,False,False,6.790507125854492,1727.7919,2,0.0001419921867889,7.004468851127019e-06,256,1574,False,1574.0,False,False,False,False,1.8211356860604033,0.027015141796432014,0.049326485806446344
ARFRYGYFVYGFDY,H3-23_A,K3-15,True,39,1,1,1,0.0001419921867889,4.002145149800293e-06,3.836209211505559e-06,7.004468851127019e-06,False,False,False,False,False,False,False,False,False,False,False,False,False,1,1,False,-0.4999999999999997,False,False,False,8.472544860839843,1823.9998,2,0.0001419921867889,7.004468851127019e-06,94,1575,False,1575.0,False,False,False,False,1.8211356860604033,0.027015141796432014,0.049326485806446344
ARGPGPPAWPARYGFDI,H3-23_A,K3-20,True,39,1,1,1,0.0001419921867889,4.002145149800293e-06,3.836209211505559e-06,7.004468851127019e-06,False,False,False,False,False,False,False,False,False,False,False,False,False,1,1,False,1.241176470588235,False,False,False,8.79022674560547,1828.037,2,0.0001419921867889,7.004468851127019e-06,546,1577,False,1577.0,False,False,False,False,1.8211356860604033,0.027015141796432014,0.049326485806446344
ARGPYWVSASYGFDY,H3-23_A,K3-15,True,39,1,1,1,0.0001419921867889,4.002145149800293e-06,3.836209211505559e-06,7.004468851127019e-06,False,False,False,False,False,False,False,False,False,False,False,False,False,0,0,False,1.086666666666667,False,False,False,5.87858085632324,1738.8509,1,0.0001419921867889,7.004468851127019e-06,621,1578,False,1578.0,False,False,False,False,1.8211356860604033,0.027015141796432014,0.049326485806446344
ARGRTWSPGFDY,H3-23_A,K1-39,True,39,1,1,1,0.0001419921867889,4.002145149800293e-06,3.836209211505559e-06,7.004468851127019e-06,False,False,False,False,False,False,False,False,False,False,False,False,False,1,1,False,2.0500000000000003,False,False,False,8.79022674560547,1412.5078999999998,2,0.0001419921867889,7.004468851127019e-06,651,1580,False,1580.0,False,False,False,False,1.8211356860604033,0.027015141796432014,0.049326485806446344
ARGYASYPYRFGFDY,H3-23_A,K4-1,True,39,1,1,1,0.0001419921867889,4.002145149800293e-06,3.836209211505559e-06,7.004468851127019e-06,False,False,False,False,False,False,False,False,False,False,False,False,False,1,1,False,1.106666666666667,False,False,False,8.472544860839843,1832.9654,2,0.0001419921867889,7.004468851127019e-06,695,1581,False,1581.0,False,False,False,False,1.8211356860604033,0.027015141796432014,0.049326485806446344
ARHIPWATSYFDY,H3-23_A,K3-20,True,39,1,1,1,0.0001419921867889,4.002145149800293e-06,3.836209211505559e-06,7.004468851127019e-06,False,False,False,False,False,False,False,False,False,False,False,False,False,0,1,False,0.2538461538461539,False,False,False,6.787184524536133,1626.7676,1,0.0001419921867889,7.004468851127019e-06,735,1583,False,1583.0,False,False,False,False,1.8211356860604033,0.027015141796432014,0.049326485806446344
ARHWYSLSYPWYPFDP,H4-34,K3-20,True,39,1,1,1,0.0001419921867889,4.002145149800293e-06,3.836209211505559e-06,7.004468851127019e-06,False,False,False,True,True,False,False,False,False,False,False,False,False,0,1,False,-0.3999999999999998,False,False,False,6.786059951782226,2085.2766,1,0.0001419921867889,7.004468851127019e-06,822,1585,False,1585.0,False,False,False,False,1.8211356860604033,0.027015141796432014,0.049326485806446344
ARIKFGRWGYSYFDI,H3-23_A,UNK,True,39,1,1,1,0.0001419921867889,4.002145149800293e-06,3.836209211505559e-06,7.004468851127019e-06,False,False,False,False,False,False,False,False,False,False,False,False,False,2,2,False,-0.2733333333333332,False,False,False,9.69757843017578,1879.1233,2,0.0001419921867889,7.004468851127019e-06,859,1586,False,1586.0,False,False,False,False,1.8211356860604033,0.027015141796432014,0.049326485806446344
ARISWKRYVAFDY,H3-23_A,K3-20,True,39,1,1,1,0.0001419921867889,4.002145149800293e-06,3.836209211505559e-06,7.004468851127019e-06,False,False,False,False,False,False,False,False,False,False,False,False,False,2,2,False,0.0076923076923078,False,False,False,9.69757843017578,1674.8982,2,0.0001419921867889,7.004468851127019e-06,881,1587,False,1587.0,False,False,False,False,1.8211356860604033,0.027015141796432014,0.049326485806446344
ARIWQLWRKGAFDY,H4-34,K4-1,True,39,1,1,1,0.0001419921867889,4.002145149800293e-06,3.836209211505559e-06,7.004468851127019e-06,False,False,False,False,False,False,False,False,False,False,False,False,False,2,2,False,-0.5928571428571426,False,False,False,9.98676300048828,1810.0647,2,0.0001419921867889,7.004468851127019e-06,887,1588,False,1588.0,False,False,False,False,1.8211356860604033,0.027015141796432014,0.049326485806446344
ARLPGYWYGRGTAFDY,H3-23_A,UNK,True,39,1,1,1,0.0001419921867889,4.002145149800293e-06,3.836209211505559e-06,7.004468851127019e-06,False,False,False,True,False,False,False,False,False,False,False,False,False,1,1,False,0.8062500000000001,False,False,False,8.539295959472657,1893.0638,2,0.0001419921867889,7.004468851127019e-06,985,1589,False,1589.0,False,False,False,False,1.8211356860604033,0.027015141796432014,0.049326485806446344
ARLRGLSYGAALFDY,H3-23_A,K1-39,True,39,1,1,1,0.0001419921867889,4.002145149800293e-06,3.836209211505559e-06,7.004468851127019e-06,False,False,False,False,False,False,False,False,False,False,False,False,False,1,1,False,0.1333333333333336,False,False,False,8.632579040527343,1672.8807000000002,2,0.0001419921867889,7.004468851127019e-06,996,1590,False,1590.0,False,False,False,False,1.8211356860604033,0.027015141796432014,0.049326485806446344
ARLRPLVYSLGFDY,H3-23_A,K3-15,True,39,1,1,1,0.0001419921867889,4.002145149800293e-06,3.836209211505559e-06,7.004468851127019e-06,False,False,False,False,False,False,False,False,False,False,False,False,False,1,1,False,-0.6785714285714283,False,False,False,8.632579040527343,1669.9198,2,0.0001419921867889,7.004468851127019e-06,1006,1591,False,1591.0,False,False,False,False,1.8211356860604033,0.027015141796432014,0.049326485806446344
ARLRYSWPYGSPAFDY,H3-23_A,K3-20,True,39,1,1,1,0.0001419921867889,4.002145149800293e-06,3.836209211505559e-06,7.004468851127019e-06,False,False,False,False,False,False,False,False,False,False,False,False,False,1,1,False,0.7125000000000001,False,False,False,8.539295959472657,1949.1271,2,0.0001419921867889,7.004468851127019e-06,1023,1592,False,1592.0,False,False,False,False,1.8211356860604033,0.027015141796432014,0.049326485806446344
ARQYSSWAVWPFDY,H3-23_A,K4-1,True,39,1,1,1,0.0001419921867889,4.002145149800293e-06,3.836209211505559e-06,7.004468851127019e-06,False,False,False,False,False,False,False,False,False,False,False,False,False,0,0,False,0.2000000000000001,False,False,False,5.87944984436035,1775.9142,1,0.0001419921867889,7.004468851127019e-06,1170,1596,False,1596.0,False,False,False,False,1.8211356860604033,0.027015141796432014,0.049326485806446344
ARSKLWSYSHKYFDY,H3-23_A,K3-20,True,39,1,1,1,0.0001419921867889,4.002145149800293e-06,3.836209211505559e-06,7.004468851127019e-06,False,False,False,False,False,False,False,False,False,False,False,False,False,2,3,False,1.0133333333333334,False,False,False,9.404954528808595,1951.143,1,0.0001419921867889,7.004468851127019e-06,1195,1598,False,1598.0,False,False,False,False,1.8211356860604033,0.027015141796432014,0.049326485806446344
ARSWYPLSYNFDY,H3-23_A,K1-39,True,39,1,1,1,0.0001419921867889,4.002145149800293e-06,3.836209211505559e-06,7.004468851127019e-06,False,False,False,False,False,False,False,False,False,False,False,False,False,0,0,False,0.330769230769231,False,False,False,5.87858085632324,1681.7995999999998,1,0.0001419921867889,7.004468851127019e-06,1245,1600,False,1600.0,False,False,False,False,1.8211356860604033,0.027015141796432014,0.049326485806446344
ARTWYRPQYWYFDY,H4-34,K1-39,True,39,1,1,1,0.0001419921867889,4.002145149800293e-06,3.836209211505559e-06,7.004468851127019e-06,False,False,False,True,False,False,False,False,False,False,False,False,False,1,1,False,-0.2142857142857141,False,False,False,8.472544860839843,2015.1867,2,0.0001419921867889,7.004468851127019e-06,1311,1602,False,1602.0,False,False,False,False,1.8211356860604033,0.027015141796432014,0.049326485806446344
ARTYWYRPFPVWAFDY,H3-23_A,K1-39,True,39,1,1,1,0.0001419921867889,4.002145149800293e-06,3.836209211505559e-06,7.004468851127019e-06,False,False,False,True,False,False,False,False,False,False,False,False,False,1,1,False,-0.9874999999999998,False,False,False,8.539295959472657,2138.3822,2,0.0001419921867889,7.004468851127019e-06,1316,1603,False,1603.0,False,False,False,False,1.8211356860604033,0.027015141796432014,0.049326485806446344
ARVIAGWYISAAFDP,H3-23_A,K3-20,True,39,1,1,1,0.0001419921867889,4.002145149800293e-06,3.836209211505559e-06,7.004468851127019e-06,False,False,False,False,True,False,False,False,False,False,False,False,False,0,0,False,-0.2599999999999999,False,False,False,5.880318832397459,1636.8469,1,0.0001419921867889,7.004468851127019e-06,1343,1604,False,1604.0,False,False,False,False,1.8211356860604033,0.027015141796432014,0.049326485806446344
ARVPGRSSLFHYGFDY,H3-23_A,K3-20,True,39,1,1,1,0.0001419921867889,4.002145149800293e-06,3.836209211505559e-06,7.004468851127019e-06,False,False,False,True,False,False,False,False,False,False,False,False,False,1,2,False,0.8750000000000002,False,False,False,8.638685607910158,1872.0463,2,0.0001419921867889,7.004468851127019e-06,1381,1606,False,1606.0,False,False,False,False,1.8211356860604033,0.027015141796432014,0.049326485806446344
ARYAYTVIPWGFDY,H3-23_A,K3-15,True,39,1,1,1,0.0001419921867889,4.002145149800293e-06,3.836209211505559e-06,7.004468851127019e-06,False,False,False,False,False,False,False,False,False,False,False,False,False,0,0,False,-0.3714285714285713,False,False,False,5.87858085632324,1721.9064999999998,1,0.0001419921867889,7.004468851127019e-06,1533,1611,False,1611.0,False,False,False,False,1.8211356860604033,0.027015141796432014,0.049326485806446344
ARYHHRYVYFDY,H3-23_A,K4-1,True,39,1,1,1,0.0001419921867889,4.002145149800293e-06,3.836209211505559e-06,7.004468851127019e-06,False,False,False,True,False,False,False,False,False,False,False,False,False,1,3,False,0.3500000000000001,False,False,False,8.485108947753908,1689.8282,2,0.0001419921867889,7.004468851127019e-06,1552,1612,False,1612.0,False,False,False,False,1.8211356860604033,0.027015141796432014,0.049326485806446344
ARYRSGAYTLFDY,H3-23_A,K3-15,True,39,1,1,1,0.0001419921867889,4.002145149800293e-06,3.836209211505559e-06,7.004468851127019e-06,False,False,False,False,False,False,False,False,False,False,False,False,False,1,1,False,1.2230769230769232,False,False,False,8.539295959472657,1582.7134,2,0.0001419921867889,7.004468851127019e-06,1595,1613,False,1613.0,False,False,False,False,1.8211356860604033,0.027015141796432014,0.049326485806446344
ARADWYSSFYHFDY,H3-23_A,K3-20,True,38,1,1,1,0.0001383513614866,4.002145149800293e-06,3.836209211505559e-06,7.004468851127019e-06,False,False,False,True,False,False,False,False,False,False,False,False,False,-1,0,False,0.6714285714285716,False,False,False,5.212322616577147,1827.9026,1,0.0001383513614866,7.004468851127019e-06,6,1614,False,1614.0,False,False,False,False,1.8211356860604033,0.027726015198810308,0.05062445740536737
ARARFGWALYGFDY,H3-23_A,K3-15,True,38,1,1,1,0.0001383513614866,4.002145149800293e-06,3.836209211505559e-06,7.004468851127019e-06,False,False,False,False,False,False,False,False,False,False,False,False,False,1,1,False,-0.3785714285714284,False,False,False,8.632579040527343,1692.8719,2,0.0001383513614866,7.004468851127019e-06,43,1616,False,1616.0,False,False,False,False,1.8211356860604033,0.027726015198810308,0.05062445740536737
ARASLAWVYYAFDY,H3-23_A,K1-39,True,38,1,1,1,0.0001383513614866,4.002145149800293e-06,3.836209211505559e-06,7.004468851127019e-06,False,False,False,False,False,False,False,False,False,False,False,False,False,0,0,False,-0.6214285714285712,False,False,False,5.87858085632324,1695.8692,1,0.0001383513614866,7.004468851127019e-06,62,1617,False,1617.0,False,False,False,False,1.8211356860604033,0.027726015198810308,0.05062445740536737
ARDPYAPGYGFDY,H3-23_A,K3-20,True,38,1,1,1,0.0001383513614866,4.002145149800293e-06,3.836209211505559e-06,7.004468851127019e-06,False,False,False,False,True,False,False,False,False,False,False,False,False,-1,-1,False,2.2384615384615385,False,False,False,4.207874679565429,1491.558,1,0.0001383513614866,7.004468851127019e-06,156,1619,False,1619.0,False,False,False,False,1.8211356860604033,0.027726015198810308,0.05062445740536737
ARDRSIYGLWGFDY,H3-23_A,K1-39,True,38,1,1,1,0.0001383513614866,4.002145149800293e-06,3.836209211505559e-06,7.004468851127019e-06,False,False,False,False,False,False,False,False,False,False,False,False,False,0,0,False,0.585714285714286,False,False,False,6.004021835327148,1718.8646,2,0.0001383513614866,7.004468851127019e-06,100,1620,False,1620.0,False,False,False,False,1.8211356860604033,0.027726015198810308,0.05062445740536737
ARDYLWTYSYSTFDY,H3-23_A,K3-20,True,38,1,1,1,0.0001383513614866,4.002145149800293e-06,3.836209211505559e-06,7.004468851127019e-06,False,False,False,False,False,False,False,False,False,False,False,False,False,-1,-1,False,0.9133333333333336,False,False,False,4.207874679565429,1951.0502,1,0.0001383513614866,7.004468851127019e-06,257,1621,False,1621.0,False,False,False,False,1.8211356860604033,0.027726015198810308,0.05062445740536737
ARERSEAYGFDY,H1-69,K3-15,True,38,1,1,1,0.0001383513614866,4.002145149800293e-06,3.836209211505559e-06,7.004468851127019e-06,False,False,False,False,False,False,False,False,False,False,False,False,False,-1,-1,False,3.1166666666666667,False,False,False,4.6793262481689455,1463.5067,2,0.0001383513614866,7.004468851127019e-06,412,1623,False,1623.0,False,False,False,False,1.8211356860604033,0.027726015198810308,0.05062445740536737
ARFRFNYKLGYGFDP,H3-23_A,K1-39,True,38,1,1,1,0.0001383513614866,4.002145149800293e-06,3.836209211505559e-06,7.004468851127019e-06,False,False,False,False,True,False,False,False,False,False,False,False,False,2,2,False,0.4066666666666669,False,False,False,9.69757843017578,1851.0701,2,0.0001383513614866,7.004468851127019e-06,481,1624,False,1624.0,False,False,False,False,1.8211356860604033,0.027726015198810308,0.05062445740536737
ARFYTLSWQATYFDI,H3-23_A,K3-15,True,38,1,1,1,0.0001383513614866,4.002145149800293e-06,3.836209211505559e-06,7.004468851127019e-06,False,False,False,False,False,False,False,False,False,False,False,False,False,0,0,False,-0.5399999999999998,False,False,False,5.87944984436035,1882.0776,1,0.0001383513614866,7.004468851127019e-06,501,1625,False,1625.0,False,False,False,False,1.8211356860604033,0.027726015198810308,0.05062445740536737
ARGFGLWSFDY,H3-23_A,K3-20,True,38,1,1,1,0.0001383513614866,4.002145149800293e-06,3.836209211505559e-06,7.004468851127019e-06,False,False,False,False,False,False,False,False,False,False,False,False,False,0,0,False,-0.4818181818181815,False,False,False,5.880318832397459,1318.4345,1,0.0001383513614866,7.004468851127019e-06,511,1626,False,1626.0,False,False,False,False,1.8211356860604033,0.027726015198810308,0.05062445740536737
ARGPWYTSYPGRYGFDY,H3-23_A,K4-1,True,38,1,1,1,0.0001383513614866,4.002145149800293e-06,3.836209211505559e-06,7.004468851127019e-06,False,False,False,False,False,False,False,False,False,False,False,False,False,1,1,False,1.5705882352941178,False,False,False,8.472544860839843,2056.194,2,0.0001383513614866,7.004468851127019e-06,580,1629,False,1629.0,False,False,False,False,1.8211356860604033,0.027726015198810308,0.05062445740536737
ARGPYASTSGRYGFDY,H3-23_A,UNK,True,38,1,1,1,0.0001383513614866,4.002145149800293e-06,3.836209211505559e-06,7.004468851127019e-06,False,False,False,False,False,False,False,False,False,False,False,False,False,1,1,False,2.81875,False,False,False,8.539295959472657,1767.8509,2,0.0001383513614866,7.004468851127019e-06,583,1630,False,1630.0,False,False,False,False,1.8211356860604033,0.027726015198810308,0.05062445740536737
ARGPYASWYRVYGFDI,H3-23_A,K1-39,True,38,1,1,1,0.0001383513614866,4.002145149800293e-06,3.836209211505559e-06,7.004468851127019e-06,False,False,False,False,False,False,False,False,False,False,False,False,False,1,1,False,0.3750000000000001,False,False,False,8.539295959472657,1921.1169,2,0.0001383513614866,7.004468851127019e-06,584,1631,False,1631.0,False,False,False,False,1.8211356860604033,0.027726015198810308,0.05062445740536737
ARGRTGHGWSLVYGFDY,H3-23_A,K3-20,True,38,1,1,1,0.0001383513614866,4.002145149800293e-06,3.836209211505559e-06,7.004468851127019e-06,False,False,False,False,False,False,False,False,False,False,False,False,False,1,2,False,1.247058823529412,False,False,False,8.638685607910158,1942.0964,2,0.0001383513614866,7.004468851127019e-06,649,1633,False,1633.0,False,False,False,False,1.8211356860604033,0.027726015198810308,0.05062445740536737
ARGWPYWGFDY,H3-23_A,K3-20,True,38,1,1,1,0.0001383513614866,4.002145149800293e-06,3.836209211505559e-06,7.004468851127019e-06,False,False,False,False,False,False,False,False,False,False,False,False,False,0,0,False,-0.2909090909090908,False,False,False,5.87944984436035,1417.5241,1,0.0001383513614866,7.004468851127019e-06,691,1634,False,1634.0,False,False,False,False,1.8211356860604033,0.027726015198810308,0.05062445740536737
ARHDVYSYGYPRYGFDI,H3-23_A,K4-1,True,38,1,1,1,0.0001383513614866,4.002145149800293e-06,3.836209211505559e-06,7.004468851127019e-06,False,False,False,False,False,False,False,False,False,False,False,False,False,0,1,False,1.4176470588235297,False,False,False,6.788257980346679,2079.229,2,0.0001383513614866,7.004468851127019e-06,710,1635,False,1635.0,False,False,False,False,1.8211356860604033,0.027726015198810308,0.05062445740536737
ARHSSHYSTRNNFDP,H5-51,K3-15,True,38,1,1,1,0.0001383513614866,4.002145149800293e-06,3.836209211505559e-06,7.004468851127019e-06,False,False,True,False,True,False,False,False,False,False,False,False,False,1,3,False,3.6266666666666665,False,False,False,8.801948547363281,1788.8338,2,0.0001383513614866,7.004468851127019e-06,803,1640,False,1640.0,False,False,False,False,1.8211356860604033,0.027726015198810308,0.05062445740536737
ARNLGAEVRTLFDY,H5-51,K3-15,True,38,1,1,1,0.0001383513614866,4.002145149800293e-06,3.836209211505559e-06,7.004468851127019e-06,False,False,False,False,False,False,False,False,False,False,False,False,False,0,0,False,1.0785714285714287,False,False,False,6.114178848266601,1624.7949,2,0.0001383513614866,7.004468851127019e-06,1061,1647,False,1647.0,False,False,False,False,1.8211356860604033,0.027726015198810308,0.05062445740536737
ARTTALAIFYVAYAFDP,H4-34,K1-39,True,38,1,1,1,0.0001383513614866,4.002145149800293e-06,3.836209211505559e-06,7.004468851127019e-06,False,False,False,False,True,False,False,False,False,False,False,False,False,0,0,False,-0.3470588235294116,False,False,False,5.87944984436035,1890.1411,1,0.0001383513614866,7.004468851127019e-06,1292,1649,False,1649.0,False,False,False,False,1.8211356860604033,0.027726015198810308,0.05062445740536737
ARWIYSSFGRYFDY,H3-23_A,K3-20,True,38,1,1,1,0.0001383513614866,4.002145149800293e-06,3.836209211505559e-06,7.004468851127019e-06,False,False,False,False,False,False,False,False,False,False,False,False,False,1,1,False,-0.207142857142857,False,False,False,8.539295959472657,1830.9926,2,0.0001383513614866,7.004468851127019e-06,1490,1650,False,1650.0,False,False,False,False,1.8211356860604033,0.027726015198810308,0.05062445740536737
ARWSRGYAVYPYFDP,H3-23_A,K3-20,True,38,1,1,1,0.0001383513614866,4.002145149800293e-06,3.836209211505559e-06,7.004468851127019e-06,False,False,False,False,True,False,False,False,False,False,False,False,False,1,1,False,0.6933333333333335,False,False,False,8.539295959472657,1848.0232,2,0.0001383513614866,7.004468851127019e-06,1520,1651,False,1651.0,False,False,False,False,1.8211356860604033,0.027726015198810308,0.05062445740536737
ARYTGPRFLYTYFDP,H3-23_A,K4-1,True,38,1,1,1,0.0001383513614866,4.002145149800293e-06,3.836209211505559e-06,7.004468851127019e-06,False,False,False,False,True,False,False,False,False,False,False,False,False,1,1,False,0.5000000000000002,False,False,False,8.539295959472657,1867.0663,2,0.0001383513614866,7.004468851127019e-06,1612,1652,False,1652.0,False,False,False,False,1.8211356860604033,0.027726015198810308,0.05062445740536737
ARFGRTSVWHFDY,H5-51,K3-15,True,37,1,1,1,0.0001347105361843,4.002145149800293e-06,3.836209211505559e-06,7.004468851127019e-06,False,False,False,True,False,False,False,False,False,False,False,False,False,1,2,False,0.4615384615384617,False,False,False,8.796192932128907,1641.7855,2,0.0001347105361843,7.004468851127019e-06,468,1654,False,1654.0,False,False,False,False,1.8211356860604033,0.02847531133826219,0.051992584423393225
ARGLSGSSYSQFDY,H5-51,K4-1,True,37,1,1,1,0.0001347105361843,4.002145149800293e-06,3.836209211505559e-06,7.004468851127019e-06,False,False,False,False,False,False,False,False,False,False,False,False,False,0,0,False,2.6785714285714284,False,False,False,5.87944984436035,1537.5851,1,0.0001347105361843,7.004468851127019e-06,535,1655,False,1655.0,False,False,False,False,1.8211356860604033,0.02847531133826219,0.051992584423393225
ARGPGYWYSWRHGFDY,H3-23_A,K3-20,True,37,1,1,1,0.0001347105361843,4.002145149800293e-06,3.836209211505559e-06,7.004468851127019e-06,False,False,False,True,False,False,False,False,False,False,False,False,False,1,2,False,0.8375000000000001,False,False,False,8.545542907714843,2018.1509,2,0.0001347105361843,7.004468851127019e-06,548,1656,False,1656.0,False,False,False,False,1.8211356860604033,0.02847531133826219,0.051992584423393225
ARGPSWLTTFDY,H3-23_A,K3-20,True,37,1,1,1,0.0001347105361843,4.002145149800293e-06,3.836209211505559e-06,7.004468851127019e-06,False,False,False,False,False,False,False,False,False,False,False,False,False,0,0,False,0.8916666666666669,False,False,False,5.880318832397459,1413.5324,1,0.0001347105361843,7.004468851127019e-06,567,1657,False,1657.0,False,False,False,False,1.8211356860604033,0.02847531133826219,0.051992584423393225
ARGPWSYGSSRFGFDY,H3-23_A,K3-15,True,37,1,1,1,0.0001347105361843,4.002145149800293e-06,3.836209211505559e-06,7.004468851127019e-06,False,False,False,False,False,False,False,False,False,False,False,False,False,1,1,False,1.6875000000000002,False,False,False,8.632579040527343,1852.9569,2,0.0001347105361843,7.004468851127019e-06,579,1658,False,1658.0,False,False,False,False,1.8211356860604033,0.02847531133826219,0.051992584423393225
ARGVHSYSWYAFDY,H3-23_A,K3-20,True,37,1,1,1,0.0001347105361843,4.002145149800293e-06,3.836209211505559e-06,7.004468851127019e-06,False,False,False,False,False,False,False,False,False,False,False,False,False,0,1,False,0.7571428571428572,False,False,False,6.786059951782226,1721.8237,1,0.0001347105361843,7.004468851127019e-06,680,1660,False,1660.0,False,False,False,False,1.8211356860604033,0.02847531133826219,0.051992584423393225
ARGWPSWGFDY,H3-23_A,K4-1,True,37,1,1,1,0.0001347105361843,4.002145149800293e-06,3.836209211505559e-06,7.004468851127019e-06,False,False,False,False,False,False,False,False,False,False,False,False,False,0,0,False,0.4727272727272728,False,False,False,5.880318832397459,1341.4282,1,0.0001347105361843,7.004468851127019e-06,691,1662,False,1662.0,False,False,False,False,1.8211356860604033,0.02847531133826219,0.051992584423393225
ARHYAYRFPWKPYAFDI,H3-23_A,K3-20,True,37,1,1,1,0.0001347105361843,4.002145149800293e-06,3.836209211505559e-06,7.004468851127019e-06,False,False,False,False,False,False,False,False,False,False,False,False,False,2,3,False,-0.3176470588235292,False,False,False,9.52582244873047,2201.4845,2,0.0001347105361843,7.004468851127019e-06,823,1663,False,1663.0,False,False,False,True,1.8211356860604033,0.02847531133826219,0.051992584423393225
ARIGRIYSGWPSFDY,H3-23_A,K3-15,True,37,1,1,1,0.0001347105361843,4.002145149800293e-06,3.836209211505559e-06,7.004468851127019e-06,False,False,False,False,False,False,False,False,False,False,False,False,False,1,1,False,0.5333333333333334,False,False,False,8.632579040527343,1787.9697,2,0.0001347105361843,7.004468851127019e-06,849,1666,False,1666.0,False,False,False,False,1.8211356860604033,0.02847531133826219,0.051992584423393225
ARIPTWNRWKYAFDY,H3-23_A,K4-1,True,37,1,1,1,0.0001347105361843,4.002145149800293e-06,3.836209211505559e-06,7.004468851127019e-06,False,False,False,False,False,False,False,False,False,False,False,False,False,2,2,False,0.1066666666666667,False,False,False,9.69757843017578,1987.2215,2,0.0001347105361843,7.004468851127019e-06,869,1667,False,1667.0,False,False,False,False,1.8211356860604033,0.02847531133826219,0.051992584423393225
ARKPAYRWHQPFDY,H3-23_A,K1-39,True,37,1,1,1,0.0001347105361843,4.002145149800293e-06,3.836209211505559e-06,7.004468851127019e-06,False,False,False,False,False,False,False,False,False,False,False,False,False,2,3,False,1.2571428571428571,False,False,False,9.69764862060547,1835.0312,2,0.0001347105361843,7.004468851127019e-06,903,1669,False,1669.0,False,False,False,False,1.8211356860604033,0.02847531133826219,0.051992584423393225
ARPARTTLKSSSYFDY,H5-51,K3-15,True,37,1,1,1,0.0001347105361843,4.002145149800293e-06,3.836209211505559e-06,7.004468851127019e-06,False,False,False,False,False,False,False,False,False,False,False,False,False,2,2,False,2.38125,False,False,False,9.69757843017578,1863.0349,2,0.0001347105361843,7.004468851127019e-06,1076,1672,False,1672.0,False,False,False,False,1.8211356860604033,0.02847531133826219,0.051992584423393225
ARPGSYRASVWLPFDY,H3-23_A,K3-20,True,37,1,1,1,0.0001347105361843,4.002145149800293e-06,3.836209211505559e-06,7.004468851127019e-06,False,False,False,False,False,False,False,False,False,False,False,False,False,1,1,False,0.6000000000000001,False,False,False,8.632579040527343,1885.0849000000003,2,0.0001347105361843,7.004468851127019e-06,1089,1673,False,1673.0,False,False,False,False,1.8211356860604033,0.02847531133826219,0.051992584423393225
ARPNKYGRIFDY,H3-23_A,K4-1,True,37,1,1,1,0.0001347105361843,4.002145149800293e-06,3.836209211505559e-06,7.004468851127019e-06,False,False,False,False,False,False,False,False,False,False,False,False,False,2,2,False,1.6666666666666667,False,False,False,9.69757843017578,1499.6712,2,0.0001347105361843,7.004468851127019e-06,1102,1674,False,1674.0,False,False,False,False,1.8211356860604033,0.02847531133826219,0.051992584423393225
ARPSYAYGWAVFGFDI,H3-23_A,K3-15,True,37,1,1,1,0.0001347105361843,4.002145149800293e-06,3.836209211505559e-06,7.004468851127019e-06,False,False,False,False,False,False,False,False,False,False,False,False,False,0,0,False,-0.2124999999999998,False,False,False,5.87944984436035,1820.0097,1,0.0001347105361843,7.004468851127019e-06,1121,1675,False,1675.0,False,False,False,False,1.8211356860604033,0.02847531133826219,0.051992584423393225
ARSGWLIYTYGFDY,H3-23_A,K3-20,True,37,1,1,1,0.0001347105361843,4.002145149800293e-06,3.836209211505559e-06,7.004468851127019e-06,False,False,False,False,False,False,False,False,False,False,False,False,False,0,0,False,-0.1928571428571426,False,False,False,5.87858085632324,1711.8686,1,0.0001347105361843,7.004468851127019e-06,1185,1676,False,1676.0,False,False,False,False,1.8211356860604033,0.02847531133826219,0.051992584423393225
ARTYLASLWRFDY,H3-23_A,K3-20,True,37,1,1,1,0.0001347105361843,4.002145149800293e-06,3.836209211505559e-06,7.004468851127019e-06,False,False,False,False,False,False,False,False,False,False,False,False,False,1,1,False,-0.5461538461538459,False,False,False,8.632579040527343,1661.8564,2,0.0001347105361843,7.004468851127019e-06,1314,1678,False,1678.0,False,False,False,False,1.8211356860604033,0.02847531133826219,0.051992584423393225
ARVPSSWSYRYFDY,H3-23_A,K3-20,True,37,1,1,1,0.0001347105361843,4.002145149800293e-06,3.836209211505559e-06,7.004468851127019e-06,False,False,False,False,False,False,False,False,False,False,False,False,False,1,1,False,0.9642857142857144,False,False,False,8.539295959472657,1796.9334,2,0.0001347105361843,7.004468851127019e-06,1386,1680,False,1680.0,False,False,False,False,1.8211356860604033,0.02847531133826219,0.051992584423393225
ARVWAWYSKLSFDY,H3-23_A,K3-20,True,37,1,1,1,0.0001347105361843,4.002145149800293e-06,3.836209211505559e-06,7.004468851127019e-06,False,False,False,False,False,False,False,False,False,False,False,False,False,1,1,False,-0.6285714285714283,False,False,False,8.54006805419922,1791.9996999999998,1,0.0001347105361843,7.004468851127019e-06,1457,1682,False,1682.0,False,False,False,False,1.8211356860604033,0.02847531133826219,0.051992584423393225
ARWISPRFDY,H5-51,UNK,True,37,1,1,1,0.0001347105361843,4.002145149800293e-06,3.836209211505559e-06,7.004468851127019e-06,False,False,False,False,False,False,False,False,False,False,False,False,False,1,1,False,1.3322676295501878e-16,False,False,False,8.79022674560547,1310.459,2,0.0001347105361843,7.004468851127019e-06,1489,1683,False,1683.0,False,False,False,False,1.8211356860604033,0.02847531133826219,0.051992584423393225
ARWYFSSGVWQASWFDP,H3-23_A,K3-15,True,37,1,1,1,0.0001347105361843,4.002145149800293e-06,3.836209211505559e-06,7.004468851127019e-06,False,False,False,True,True,False,False,False,False,False,False,False,False,0,0,False,-0.1352941176470587,False,True,False,5.880318832397459,2090.2533,1,0.0001347105361843,7.004468851127019e-06,1525,1685,False,1685.0,False,False,False,False,1.8211356860604033,0.02847531133826219,0.051992584423393225
ARYAPLWVRGFDY,H3-23_A,K3-15,True,37,1,1,1,0.0001347105361843,4.002145149800293e-06,3.836209211505559e-06,7.004468851127019e-06,False,False,False,False,False,False,False,False,False,False,False,False,False,1,1,False,-0.4230769230769229,False,False,False,8.632579040527343,1613.8150999999998,2,0.0001347105361843,7.004468851127019e-06,1529,1686,False,1686.0,False,False,False,False,1.8211356860604033,0.02847531133826219,0.051992584423393225
ARYEPYWVRAGSFDP,H3-23_A,K3-20,True,37,1,1,1,0.0001347105361843,4.002145149800293e-06,3.836209211505559e-06,7.004468851127019e-06,False,False,False,False,True,False,False,False,False,False,False,False,False,0,0,False,1.34,False,False,False,6.113258743286132,1813.964,2,0.0001347105361843,7.004468851127019e-06,1536,1687,False,1687.0,False,False,False,False,1.8211356860604033,0.02847531133826219,0.051992584423393225
ARYFGVSTYFDY,H3-23_A,K3-20,True,37,1,1,1,0.0001347105361843,4.002145149800293e-06,3.836209211505559e-06,7.004468851127019e-06,False,False,False,False,False,False,False,False,False,False,False,False,False,0,0,False,0.4916666666666668,False,False,False,5.87858085632324,1488.597,1,0.0001347105361843,7.004468851127019e-06,1538,1688,False,1688.0,False,False,False,False,1.8211356860604033,0.02847531133826219,0.051992584423393225
ARYRIFYNAYGFDY,H3-23_A,K3-20,True,37,1,1,1,0.0001347105361843,4.002145149800293e-06,3.836209211505559e-06,7.004468851127019e-06,False,False,False,False,False,False,False,False,False,False,False,False,False,1,1,False,0.092857142857143,False,False,False,8.472544860839843,1818.9818,2,0.0001347105361843,7.004468851127019e-06,1591,1690,False,1690.0,False,False,False,False,1.8211356860604033,0.02847531133826219,0.051992584423393225
ARAYWYQSWRYPYFDY,H5-51,K4-1,True,36,1,1,1,0.000131069710882,4.002145149800293e-06,3.836209211505559e-06,7.004468851127019e-06,False,False,False,True,False,False,False,False,False,False,False,False,False,1,1,False,-0.0937499999999998,False,False,False,8.420463562011719,2235.4112,2,0.000131069710882,7.004468851127019e-06,80,1696,False,1696.0,False,False,False,False,1.8211356860604033,0.029266231865272985,0.053436712699439434
ARDLAYGSWGFDY,H3-23_A,K3-20,True,36,1,1,1,0.000131069710882,4.002145149800293e-06,3.836209211505559e-06,7.004468851127019e-06,False,False,False,False,False,False,False,False,False,False,False,False,False,-1,-1,False,1.0846153846153848,False,False,False,4.207874679565429,1520.5992,1,0.000131069710882,7.004468851127019e-06,116,1697,False,1697.0,False,False,False,False,1.8211356860604033,0.029266231865272985,0.053436712699439434
ARDLRGIYWYTGFDI,H3-23_A,K3-20,True,36,1,1,1,0.000131069710882,4.002145149800293e-06,3.836209211505559e-06,7.004468851127019e-06,False,False,False,True,False,False,False,False,False,False,False,False,False,0,0,False,-0.0733333333333331,False,False,False,6.004021835327148,1846.0488,2,0.000131069710882,7.004468851127019e-06,128,1698,False,1698.0,False,False,False,False,1.8211356860604033,0.029266231865272985,0.053436712699439434
ARDLYGYRGFDY,H3-23_A,K3-20,True,36,1,1,1,0.000131069710882,4.002145149800293e-06,3.836209211505559e-06,7.004468851127019e-06,False,False,False,False,False,False,False,False,False,False,False,False,False,0,0,False,1.4833333333333336,False,False,False,6.003152847290039,1495.5929999999998,2,0.000131069710882,7.004468851127019e-06,143,1699,False,1699.0,False,False,False,False,1.8211356860604033,0.029266231865272985,0.053436712699439434
ARDVRPWSYWLFDY,H3-23_A,K3-15,True,36,1,1,1,0.000131069710882,4.002145149800293e-06,3.836209211505559e-06,7.004468851127019e-06,False,False,False,False,False,False,False,False,False,False,False,False,False,0,0,False,-0.4857142857142856,False,False,False,6.004021835327148,1874.0605,2,0.000131069710882,7.004468851127019e-06,229,1701,False,1701.0,False,False,False,False,1.8211356860604033,0.029266231865272985,0.053436712699439434
ARDVSYWPVKSTFDY,H3-23_A,K3-20,True,36,1,1,1,0.000131069710882,4.002145149800293e-06,3.836209211505559e-06,7.004468851127019e-06,False,False,False,False,False,False,False,False,False,False,False,False,False,0,0,False,1.4600000000000002,False,False,False,6.003152847290039,1833.9918,1,0.000131069710882,7.004468851127019e-06,235,1702,False,1702.0,False,False,False,False,1.8211356860604033,0.029266231865272985,0.053436712699439434
ARESSLAEPFDY,H4-34,K4-1,True,36,1,1,1,0.000131069710882,4.002145149800293e-06,3.836209211505559e-06,7.004468851127019e-06,False,False,False,False,False,False,False,False,False,False,False,False,False,-2,-2,False,2.4,False,False,False,4.137435531616211,1384.4466,1,0.000131069710882,7.004468851127019e-06,433,1704,False,1704.0,False,False,False,False,1.8211356860604033,0.029266231865272985,0.053436712699439434
AREWVWGSGYGFDY,H3-23_A,K3-20,True,36,1,1,1,0.000131069710882,4.002145149800293e-06,3.836209211505559e-06,7.004468851127019e-06,False,False,False,False,False,False,False,False,False,False,False,False,False,-1,-1,False,0.7857142857142858,False,False,False,4.370375442504883,1692.7824999999998,1,0.000131069710882,7.004468851127019e-06,456,1705,False,1705.0,False,False,False,False,1.8211356860604033,0.029266231865272985,0.053436712699439434
ARFSHYTYVPNRFDI,H3-23_A,K3-15,True,36,1,1,1,0.000131069710882,4.002145149800293e-06,3.836209211505559e-06,7.004468851127019e-06,False,False,False,False,False,False,False,False,False,False,False,False,False,1,2,False,0.6333333333333334,False,False,False,8.638685607910158,1886.0729,2,0.000131069710882,7.004468851127019e-06,492,1706,False,1706.0,False,False,False,False,1.8211356860604033,0.029266231865272985,0.053436712699439434
ARFSSTWYGEFDY,H3-23_A,K3-20,True,36,1,1,1,0.000131069710882,4.002145149800293e-06,3.836209211505559e-06,7.004468851127019e-06,False,False,False,False,False,False,False,False,False,True,False,False,False,-1,-1,False,1.2153846153846155,False,False,False,4.370375442504883,1628.694,1,0.000131069710882,7.004468851127019e-06,493,1707,False,1707.0,False,False,False,False,1.8211356860604033,0.029266231865272985,0.053436712699439434
ARGARLIWSYGFDY,H3-23_A,K3-15,True,36,1,1,1,0.000131069710882,4.002145149800293e-06,3.836209211505559e-06,7.004468851127019e-06,False,False,False,False,False,False,False,False,False,False,False,False,False,1,1,False,0.0214285714285716,False,False,False,8.632579040527343,1674.8551,2,0.000131069710882,7.004468851127019e-06,504,1708,False,1708.0,False,False,False,False,1.8211356860604033,0.029266231865272985,0.053436712699439434
ARGNRGYWNVYGFDY,H3-23_A,K3-15,True,36,1,1,1,0.000131069710882,4.002145149800293e-06,3.836209211505559e-06,7.004468851127019e-06,False,False,False,False,False,False,False,False,False,False,False,False,False,1,1,False,1.5333333333333334,False,False,False,8.539295959472657,1837.9454,2,0.000131069710882,7.004468851127019e-06,542,1709,False,1709.0,False,False,False,False,1.8211356860604033,0.029266231865272985,0.053436712699439434
ARGPYRYWGFYGSGFDY,H3-23_A,K3-15,True,36,1,1,1,0.000131069710882,4.002145149800293e-06,3.836209211505559e-06,7.004468851127019e-06,False,False,False,False,False,False,False,False,False,False,False,False,False,1,1,False,0.9352941176470588,False,False,False,8.472544860839843,2062.2,2,0.000131069710882,7.004468851127019e-06,613,1710,False,1710.0,False,False,False,False,1.8211356860604033,0.029266231865272985,0.053436712699439434
ARGSSVPWSYAFDY,H3-23_A,K3-20,True,36,1,1,1,0.000131069710882,4.002145149800293e-06,3.836209211505559e-06,7.004468851127019e-06,False,False,False,False,False,False,False,False,False,False,False,False,False,0,0,False,1.3571428571428572,False,False,False,5.87944984436035,1605.7036999999998,1,0.000131069710882,7.004468851127019e-06,666,1712,False,1712.0,False,False,False,False,1.8211356860604033,0.029266231865272985,0.053436712699439434
ARGYLRISHVFHGFDP,H3-23_A,K3-20,True,36,1,1,1,0.000131069710882,4.002145149800293e-06,3.836209211505559e-06,7.004468851127019e-06,False,False,False,False,True,False,False,False,False,False,False,False,False,1,3,False,0.2187500000000002,False,False,False,8.801948547363281,1872.0927,2,0.000131069710882,7.004468851127019e-06,699,1713,False,1713.0,False,False,False,False,1.8211356860604033,0.029266231865272985,0.053436712699439434
ARHRGTYWYGFDY,H4-34,K3-20,True,36,1,1,1,0.000131069710882,4.002145149800293e-06,3.836209211505559e-06,7.004468851127019e-06,False,False,False,True,False,False,False,False,False,False,False,False,False,1,2,False,1.1,False,False,False,8.545542907714843,1691.8011,2,0.000131069710882,7.004468851127019e-06,777,1716,False,1716.0,False,False,False,False,1.8211356860604033,0.029266231865272985,0.053436712699439434
ARHSVYSYATGFDY,H3-23_A,K3-20,True,36,1,1,1,0.000131069710882,4.002145149800293e-06,3.836209211505559e-06,7.004468851127019e-06,False,False,False,False,False,False,False,False,False,False,False,False,False,0,1,False,1.842857142857143,False,False,False,6.786059951782226,1636.7177,1,0.000131069710882,7.004468851127019e-06,805,1718,False,1718.0,False,False,False,False,1.8211356860604033,0.029266231865272985,0.053436712699439434
ARHWGIRGYGWSFDY,H3-23_A,K3-20,True,36,1,1,1,0.000131069710882,4.002145149800293e-06,3.836209211505559e-06,7.004468851127019e-06,False,False,False,False,False,False,False,False,False,False,False,False,False,1,2,False,0.3466666666666668,False,False,False,8.638685607910158,1871.0201,2,0.000131069710882,7.004468851127019e-06,814,1719,False,1719.0,False,False,False,False,1.8211356860604033,0.029266231865272985,0.053436712699439434
ARHWYRYTWTYGFDY,H3-23_A,K4-1,True,36,1,1,1,0.000131069710882,4.002145149800293e-06,3.836209211505559e-06,7.004468851127019e-06,False,False,False,True,False,False,False,False,False,False,False,False,False,1,2,False,0.1266666666666668,False,False,False,8.478932189941407,2085.2368,2,0.000131069710882,7.004468851127019e-06,821,1720,False,1720.0,False,False,False,False,1.8211356860604033,0.029266231865272985,0.053436712699439434
ARHYHTAYWKYAFDY,H4-34,K3-15,True,36,1,1,1,0.000131069710882,4.002145149800293e-06,3.836209211505559e-06,7.004468851127019e-06,False,False,False,True,False,False,False,False,False,False,False,False,False,1,3,False,0.5866666666666668,False,False,False,8.433729553222655,1992.1534,1,0.000131069710882,7.004468851127019e-06,824,1721,False,1721.0,False,False,False,False,1.8211356860604033,0.029266231865272985,0.053436712699439434
ARLNAASYGFHFDY,H3-23_A,K3-20,True,36,1,1,1,0.000131069710882,4.002145149800293e-06,3.836209211505559e-06,7.004468851127019e-06,False,False,False,True,False,False,False,False,False,False,False,False,False,0,1,False,0.742857142857143,False,False,False,6.787184524536133,1631.7442,1,0.000131069710882,7.004468851127019e-06,983,1723,False,1723.0,False,False,False,False,1.8211356860604033,0.029266231865272985,0.053436712699439434
ARLRSSAWYPYPYFDY,H3-23_A,K3-20,True,36,1,1,1,0.000131069710882,4.002145149800293e-06,3.836209211505559e-06,7.004468851127019e-06,False,False,False,False,False,False,False,False,False,False,False,False,False,1,1,False,0.2375000000000001,False,False,False,8.472544860839843,2055.2490000000003,2,0.000131069710882,7.004468851127019e-06,1012,1725,False,1725.0,False,False,False,False,1.8211356860604033,0.029266231865272985,0.053436712699439434
ARPGWSLGWAFDY,H3-23_A,K3-20,True,36,1,1,1,0.000131069710882,4.002145149800293e-06,3.836209211505559e-06,7.004468851127019e-06,False,False,False,False,False,False,False,False,False,False,False,False,False,0,0,False,-0.1461538461538459,False,False,False,5.880318832397459,1525.6636999999998,1,0.000131069710882,7.004468851127019e-06,1090,1727,False,1727.0,False,False,False,False,1.8211356860604033,0.029266231865272985,0.053436712699439434
ARPLSFYRGSAYFDP,H3-23_A,K1-39,True,36,1,1,1,0.000131069710882,4.002145149800293e-06,3.836209211505559e-06,7.004468851127019e-06,False,False,False,False,True,False,False,False,False,False,False,False,False,1,1,False,0.9400000000000002,False,False,False,8.632579040527343,1746.9178000000002,2,0.000131069710882,7.004468851127019e-06,1100,1729,False,1729.0,False,False,False,False,1.8211356860604033,0.029266231865272985,0.053436712699439434
ARSRGLWKHLFDY,H3-23_A,K3-20,True,36,1,1,1,0.000131069710882,4.002145149800293e-06,3.836209211505559e-06,7.004468851127019e-06,False,False,False,False,False,False,False,False,False,False,False,False,False,2,3,False,0.0769230769230771,False,False,False,9.98683319091797,1648.8643,2,0.000131069710882,7.004468851127019e-06,1217,1730,False,1730.0,False,False,False,False,1.8211356860604033,0.029266231865272985,0.053436712699439434
ARSRIWGIATTYWFDP,H3-23_A,K3-20,True,36,1,1,1,0.000131069710882,4.002145149800293e-06,3.836209211505559e-06,7.004468851127019e-06,False,False,False,True,True,False,False,False,False,False,False,False,False,1,1,False,0.0125000000000001,False,False,False,8.79022674560547,1940.1635,2,0.000131069710882,7.004468851127019e-06,1220,1731,False,1731.0,False,False,False,False,1.8211356860604033,0.029266231865272985,0.053436712699439434
ARSRWVSYKPFDY,H3-23_A,K3-20,True,36,1,1,1,0.000131069710882,4.002145149800293e-06,3.836209211505559e-06,7.004468851127019e-06,False,False,False,False,False,False,False,False,False,False,False,False,False,2,2,False,1.123076923076923,False,False,False,9.69757843017578,1674.8552,2,0.000131069710882,7.004468851127019e-06,1229,1732,False,1732.0,False,False,False,False,1.8211356860604033,0.029266231865272985,0.053436712699439434
ARTIFYASWVSVAGFDP,H3-23_A,K3-15,True,36,1,1,1,0.000131069710882,4.002145149800293e-06,3.836209211505559e-06,7.004468851127019e-06,False,False,False,False,True,False,False,False,False,False,False,False,False,0,0,False,0.0470588235294118,False,False,False,5.880318832397459,1887.0974,1,0.000131069710882,7.004468851127019e-06,1261,1734,False,1734.0,False,False,False,False,1.8211356860604033,0.029266231865272985,0.053436712699439434
ARTRVKGYGWIHFDY,H3-23_A,K1-39,True,36,1,1,1,0.000131069710882,4.002145149800293e-06,3.836209211505559e-06,7.004468851127019e-06,False,False,False,False,False,False,False,False,False,False,False,False,False,2,3,False,0.6800000000000002,False,False,False,9.69764862060547,1869.0888,2,0.000131069710882,7.004468851127019e-06,1286,1735,False,1735.0,False,False,False,False,1.8211356860604033,0.029266231865272985,0.053436712699439434
ARVENKYRSHGFDY,H3-23_A,K3-20,True,36,1,1,1,0.000131069710882,4.002145149800293e-06,3.836209211505559e-06,7.004468851127019e-06,False,False,False,False,False,False,False,False,False,False,False,False,False,1,2,False,2.757142857142857,False,False,False,8.545753479003906,1741.86,2,0.000131069710882,7.004468851127019e-06,1327,1737,False,1737.0,False,False,False,False,1.8211356860604033,0.029266231865272985,0.053436712699439434
ARVRHSYGAVPFDY,H3-23_A,K3-20,True,36,1,1,1,0.000131069710882,4.002145149800293e-06,3.836209211505559e-06,7.004468851127019e-06,False,False,False,False,False,False,False,False,False,False,False,False,False,1,2,False,1.3285714285714287,False,False,False,8.638685607910158,1637.7951999999998,2,0.000131069710882,7.004468851127019e-06,1403,1740,False,1740.0,False,False,False,False,1.8211356860604033,0.029266231865272985,0.053436712699439434
ARVRIGLFTSYLSFDY,H3-23_A,K3-15,True,36,1,1,1,0.000131069710882,4.002145149800293e-06,3.836209211505559e-06,7.004468851127019e-06,False,False,False,False,False,False,False,False,False,False,False,False,False,1,1,False,-0.4937499999999998,False,False,False,8.632579040527343,1908.1596,2,0.000131069710882,7.004468851127019e-06,1404,1741,False,1741.0,False,False,False,False,1.8211356860604033,0.029266231865272985,0.053436712699439434
ARVSLFYTYRGAGFDP,H3-23_A,K3-20,True,36,1,1,1,0.000131069710882,4.002145149800293e-06,3.836209211505559e-06,7.004468851127019e-06,False,False,False,False,True,False,False,False,False,False,False,False,False,1,1,False,0.7937500000000002,False,False,False,8.632579040527343,1820.0115,2,0.000131069710882,7.004468851127019e-06,1437,1742,False,1742.0,False,False,False,False,1.8211356860604033,0.029266231865272985,0.053436712699439434
ARVYARSPVAWSGFDP,H3-23_A,K3-20,True,36,1,1,1,0.000131069710882,4.002145149800293e-06,3.836209211505559e-06,7.004468851127019e-06,False,False,False,False,True,False,False,False,False,False,False,False,False,1,1,False,1.19375,False,False,False,8.79022674560547,1778.9630000000002,2,0.000131069710882,7.004468851127019e-06,1465,1743,False,1743.0,False,False,False,False,1.8211356860604033,0.029266231865272985,0.053436712699439434
ARVYRVSYIPFDY,H3-23_A,K3-20,True,36,1,1,1,0.000131069710882,4.002145149800293e-06,3.836209211505559e-06,7.004468851127019e-06,False,False,False,False,False,False,False,False,False,False,False,False,False,1,1,False,-0.0923076923076922,False,False,False,8.539295959472657,1648.8574999999998,2,0.000131069710882,7.004468851127019e-06,1474,1744,False,1744.0,False,False,False,False,1.8211356860604033,0.029266231865272985,0.053436712699439434
ARVYRYTYSGFDY,H3-23_A,K3-15,True,36,1,1,1,0.000131069710882,4.002145149800293e-06,3.836209211505559e-06,7.004468851127019e-06,False,False,False,False,False,False,False,False,False,False,False,False,False,1,1,False,1.3384615384615386,False,False,False,8.472544860839843,1660.7821,2,0.000131069710882,7.004468851127019e-06,1475,1745,False,1745.0,False,False,False,False,1.8211356860604033,0.029266231865272985,0.053436712699439434
ARWRGWVPYAFDY,H3-23_A,K1-39,True,36,1,1,1,0.000131069710882,4.002145149800293e-06,3.836209211505559e-06,7.004468851127019e-06,False,False,False,False,False,False,False,False,False,False,False,False,False,1,1,False,-0.4846153846153845,False,False,False,8.632579040527343,1686.8674,2,0.000131069710882,7.004468851127019e-06,1503,1747,False,1747.0,False,False,False,False,1.8211356860604033,0.029266231865272985,0.053436712699439434
ARYARQGDVWYSFDY,H3-23_A,K3-20,True,36,1,1,1,0.000131069710882,4.002145149800293e-06,3.836209211505559e-06,7.004468851127019e-06,False,False,False,False,False,False,False,False,False,False,False,False,False,0,0,False,1.4800000000000002,False,False,False,6.003152847290039,1897.0094,2,0.000131069710882,7.004468851127019e-06,1530,1748,False,1748.0,False,False,False,False,1.8211356860604033,0.029266231865272985,0.053436712699439434
ARAHYLPSYQSYRFDP,H1-69,K1-39,True,35,1,1,1,0.0001274288855797,4.002145149800293e-06,3.836209211505559e-06,7.004468851127019e-06,False,False,False,False,True,False,False,False,False,False,False,False,False,1,2,False,1.4875000000000005,False,False,False,8.545542907714843,1971.1344,2,0.0001274288855797,7.004468851127019e-06,20,1750,False,1750.0,False,False,False,False,1.8211356860604033,0.030102344304528635,0.05496335611587281
ARAVARLGKHGFDY,H3-23_A,K4-1,True,35,1,1,1,0.0001274288855797,4.002145149800293e-06,3.836209211505559e-06,7.004468851127019e-06,False,False,False,False,False,False,False,False,False,False,False,False,False,2,3,False,1.4214285714285717,False,False,False,9.98683319091797,1560.7576,2,0.0001274288855797,7.004468851127019e-06,69,1753,False,1753.0,False,False,False,False,1.8211356860604033,0.030102344304528635,0.05496335611587281
ARDALRWASWILAFDY,H3-23_A,K3-15,True,35,1,1,1,0.0001274288855797,4.002145149800293e-06,3.836209211505559e-06,7.004468851127019e-06,False,False,False,False,False,False,False,False,False,False,False,False,False,0,0,False,-0.8874999999999998,False,False,False,6.004890823364257,1954.19,2,0.0001274288855797,7.004468851127019e-06,83,1754,False,1754.0,False,False,False,False,1.8211356860604033,0.030102344304528635,0.05496335611587281
ARDLGIWYWGFDY,H3-23_A,K1-39,True,35,1,1,1,0.0001274288855797,4.002145149800293e-06,3.836209211505559e-06,7.004468851127019e-06,False,False,False,True,False,False,False,False,False,False,False,False,False,-1,-1,False,-0.9615384615384616,False,False,False,4.207874679565429,1661.8115,1,0.0001274288855797,7.004468851127019e-06,118,1756,False,1756.0,False,False,False,False,1.8211356860604033,0.030102344304528635,0.05496335611587281
ARDLRYVAWYGYDPFDY,H4-34,K3-20,True,35,1,1,1,0.0001274288855797,4.002145149800293e-06,3.836209211505559e-06,7.004468851127019e-06,False,False,False,False,True,False,False,False,False,False,False,False,False,-1,-1,False,0.6294117647058826,False,False,False,4.429057693481445,2170.3363,2,0.0001274288855797,7.004468851127019e-06,133,1757,False,1757.0,False,False,False,False,1.8211356860604033,0.030102344304528635,0.05496335611587281
ARDLSLGLWTYFDY,H3-23_A,K3-20,True,35,1,1,1,0.0001274288855797,4.002145149800293e-06,3.836209211505559e-06,7.004468851127019e-06,False,False,False,False,False,False,False,False,False,False,False,False,False,-1,-1,False,-0.4928571428571426,False,False,False,4.207874679565429,1719.8891,1,0.0001274288855797,7.004468851127019e-06,135,1759,False,1759.0,False,False,False,False,1.8211356860604033,0.030102344304528635,0.05496335611587281
ARDRFVWGYLYFDY,H3-23_A,K1-39,True,35,1,1,1,0.0001274288855797,4.002145149800293e-06,3.836209211505559e-06,7.004468851127019e-06,False,False,False,False,False,False,False,False,False,False,False,False,False,0,0,False,-0.7714285714285712,False,False,False,6.003152847290039,1871.0564,2,0.0001274288855797,7.004468851127019e-06,169,1761,False,1761.0,False,False,False,False,1.8211356860604033,0.030102344304528635,0.05496335611587281
ARDVAYLGYHAWGFDY,H3-23_A,K1-39,True,35,1,1,1,0.0001274288855797,4.002145149800293e-06,3.836209211505559e-06,7.004468851127019e-06,False,False,False,False,False,False,False,False,False,False,False,False,False,-1,0,False,0.3875000000000002,False,False,False,5.212322616577147,1904.0433,1,0.0001274288855797,7.004468851127019e-06,216,1763,False,1763.0,False,False,False,False,1.8211356860604033,0.030102344304528635,0.05496335611587281
ARFQSRSLWSTFDY,H3-23_A,K3-20,True,35,1,1,1,0.0001274288855797,4.002145149800293e-06,3.836209211505559e-06,7.004468851127019e-06,False,False,False,False,False,False,False,False,False,False,False,False,False,1,1,False,0.835714285714286,False,False,False,8.79022674560547,1763.9053,2,0.0001274288855797,7.004468851127019e-06,480,1765,False,1765.0,False,False,False,False,1.8211356860604033,0.030102344304528635,0.05496335611587281
ARGAESGDYPYWFDP,H1-69,K3-15,True,35,1,1,1,0.0001274288855797,4.002145149800293e-06,3.836209211505559e-06,7.004468851127019e-06,False,False,False,True,True,False,False,False,False,False,False,False,False,-2,-2,False,2.353333333333333,False,False,False,4.050025558471679,1730.786,1,0.0001274288855797,7.004468851127019e-06,502,1766,False,1766.0,False,False,False,False,1.8211356860604033,0.030102344304528635,0.05496335611587281
ARGPYHLGARGWAFDP,H3-23_A,K3-15,True,35,1,1,1,0.0001274288855797,4.002145149800293e-06,3.836209211505559e-06,7.004468851127019e-06,False,False,False,False,True,False,False,False,False,False,False,False,False,1,2,False,1.1125000000000005,False,False,False,8.796192932128907,1770.9459,2,0.0001274288855797,7.004468851127019e-06,587,1769,False,1769.0,False,False,False,False,1.8211356860604033,0.030102344304528635,0.05496335611587281
ARGPYSYATRLYGFDY,H3-23_A,K1-39,True,35,1,1,1,0.0001274288855797,4.002145149800293e-06,3.836209211505559e-06,7.004468851127019e-06,False,False,False,False,False,False,False,False,False,False,False,False,False,1,1,False,1.3625000000000005,False,False,False,8.472544860839843,1900.0531,2,0.0001274288855797,7.004468851127019e-06,593,1770,False,1770.0,False,False,False,False,1.8211356860604033,0.030102344304528635,0.05496335611587281
ARGPYTTAWSRFGFDY,H3-23_A,K3-20,True,35,1,1,1,0.0001274288855797,4.002145149800293e-06,3.836209211505559e-06,7.004468851127019e-06,False,False,False,False,False,False,False,False,False,False,False,False,False,1,1,False,1.3000000000000005,False,False,False,8.632579040527343,1895.0367,2,0.0001274288855797,7.004468851127019e-06,618,1771,False,1771.0,False,False,False,False,1.8211356860604033,0.030102344304528635,0.05496335611587281
ARGRSVWYFGFDY,H3-23_A,K3-15,True,35,1,1,1,0.0001274288855797,4.002145149800293e-06,3.836209211505559e-06,7.004468851127019e-06,False,False,False,True,False,False,False,False,False,False,False,False,False,1,1,False,0.1923076923076924,False,False,False,8.632579040527343,1623.7668,2,0.0001274288855797,7.004468851127019e-06,648,1773,False,1773.0,False,False,False,False,1.8211356860604033,0.030102344304528635,0.05496335611587281
ARGRVPLWHGFDY,H3-23_A,K3-20,True,35,1,1,1,0.0001274288855797,4.002145149800293e-06,3.836209211505559e-06,7.004468851127019e-06,False,False,False,False,False,False,False,False,False,False,False,False,False,1,2,False,0.1615384615384617,False,False,False,8.796192932128907,1573.7546,2,0.0001274288855797,7.004468851127019e-06,653,1774,False,1774.0,False,False,False,False,1.8211356860604033,0.030102344304528635,0.05496335611587281
ARGRWPIGYGFDY,H1-69,K3-20,True,35,1,1,1,0.0001274288855797,4.002145149800293e-06,3.836209211505559e-06,7.004468851127019e-06,False,False,False,False,False,False,False,False,False,False,False,False,False,1,1,False,0.6692307692307694,False,False,False,8.632579040527343,1557.7088,2,0.0001274288855797,7.004468851127019e-06,655,1775,False,1775.0,False,False,False,False,1.8211356860604033,0.030102344304528635,0.05496335611587281
ARGSWYPYPLFDY,H3-23_A,K3-20,True,35,1,1,1,0.0001274288855797,4.002145149800293e-06,3.836209211505559e-06,7.004468851127019e-06,False,False,False,False,False,False,False,False,False,False,False,False,False,0,0,False,-0.1076923076923075,False,False,False,5.87858085632324,1634.7862,1,0.0001274288855797,7.004468851127019e-06,667,1776,False,1776.0,False,False,False,False,1.8211356860604033,0.030102344304528635,0.05496335611587281
ARHPARGWLKFDY,H3-23_A,K1-39,True,35,1,1,1,0.0001274288855797,4.002145149800293e-06,3.836209211505559e-06,7.004468851127019e-06,False,False,False,False,False,False,False,False,False,False,False,False,False,2,3,False,0.6076923076923079,False,False,False,9.98683319091797,1616.8225,2,0.0001274288855797,7.004468851127019e-06,757,1777,False,1777.0,False,False,False,False,1.8211356860604033,0.030102344304528635,0.05496335611587281
ARHRILSWGFDY,H3-23_A,K3-20,True,35,1,1,1,0.0001274288855797,4.002145149800293e-06,3.836209211505559e-06,7.004468851127019e-06,False,False,False,False,False,False,False,False,False,False,False,False,False,1,2,False,-0.2916666666666664,False,False,False,8.796192932128907,1520.692,2,0.0001274288855797,7.004468851127019e-06,781,1778,False,1778.0,False,False,False,False,1.8211356860604033,0.030102344304528635,0.05496335611587281
ARIISGYLSYNFDY,H3-23_A,K3-15,True,35,1,1,1,0.0001274288855797,4.002145149800293e-06,3.836209211505559e-06,7.004468851127019e-06,False,False,False,False,False,False,False,False,False,False,False,False,False,0,0,False,0.1357142857142858,False,False,False,5.87858085632324,1681.841,1,0.0001274288855797,7.004468851127019e-06,857,1780,False,1780.0,False,False,False,False,1.8211356860604033,0.030102344304528635,0.05496335611587281
ARIRGPWVAGFGFDY,H5-51,K3-15,True,35,1,1,1,0.0001274288855797,4.002145149800293e-06,3.836209211505559e-06,7.004468851127019e-06,False,False,False,False,False,False,False,False,False,False,False,False,False,1,1,False,-0.0133333333333331,False,False,False,8.79022674560547,1711.9182999999998,2,0.0001274288855797,7.004468851127019e-06,872,1782,False,1782.0,False,False,False,False,1.8211356860604033,0.030102344304528635,0.05496335611587281
ARKIIGWRQPVLSIFDP,H4-34,K3-15,True,35,1,1,1,0.0001274288855797,4.002145149800293e-06,3.836209211505559e-06,7.004468851127019e-06,False,False,False,False,True,False,False,False,False,False,False,False,False,2,2,False,-0.4411764705882351,False,False,False,10.835224914550782,1996.3576,2,0.0001274288855797,7.004468851127019e-06,901,1784,False,1784.0,False,False,False,False,1.8211356860604033,0.030102344304528635,0.05496335611587281
ARLISYWSYTFDY,H3-23_A,K3-20,True,35,1,1,1,0.0001274288855797,4.002145149800293e-06,3.836209211505559e-06,7.004468851127019e-06,False,False,False,False,False,False,False,False,False,False,False,False,False,0,0,False,-0.5846153846153844,False,False,False,5.87858085632324,1684.8433,1,0.0001274288855797,7.004468851127019e-06,966,1786,False,1786.0,False,False,False,False,1.8211356860604033,0.030102344304528635,0.05496335611587281
ARLRGYSHFDY,H3-23_A,K4-1,True,35,1,1,1,0.0001274288855797,4.002145149800293e-06,3.836209211505559e-06,7.004468851127019e-06,False,False,False,False,False,False,False,False,False,False,False,False,False,1,2,False,1.1454545454545455,False,False,False,8.638685607910158,1384.4977,2,0.0001274288855797,7.004468851127019e-06,999,1787,False,1787.0,False,False,False,False,1.8211356860604033,0.030102344304528635,0.05496335611587281
ARPWPGYVSAPAFDP,H3-23_A,K3-20,True,35,1,1,1,0.0001274288855797,4.002145149800293e-06,3.836209211505559e-06,7.004468851127019e-06,False,False,False,False,True,False,False,False,False,False,False,False,False,0,0,False,1.086666666666667,False,False,False,5.880318832397459,1630.7994,1,0.0001274288855797,7.004468851127019e-06,1127,1790,False,1790.0,False,False,False,False,1.8211356860604033,0.030102344304528635,0.05496335611587281
ARQSLFYRAAYGFDY,H3-23_A,K3-20,True,35,1,1,1,0.0001274288855797,4.002145149800293e-06,3.836209211505559e-06,7.004468851127019e-06,False,False,False,False,False,False,False,False,False,False,False,False,False,1,1,False,0.6400000000000002,False,False,False,8.539295959472657,1827.9904,2,0.0001274288855797,7.004468851127019e-06,1160,1792,False,1792.0,False,False,False,False,1.8211356860604033,0.030102344304528635,0.05496335611587281
ARSQWYGYWGFDY,H3-23_A,K4-1,True,35,1,1,1,0.0001274288855797,4.002145149800293e-06,3.836209211505559e-06,7.004468851127019e-06,False,False,False,False,False,False,False,False,False,False,False,False,False,0,0,False,0.4076923076923078,False,False,False,5.87858085632324,1698.7886,1,0.0001274288855797,7.004468851127019e-06,1213,1794,False,1794.0,False,False,False,False,1.8211356860604033,0.030102344304528635,0.05496335611587281
ARTLFAYWYDYFDY,H3-23_A,K1-39,True,35,1,1,1,0.0001274288855797,4.002145149800293e-06,3.836209211505559e-06,7.004468851127019e-06,False,False,False,True,False,False,False,False,False,False,False,False,False,-1,-1,False,-0.8285714285714284,False,False,False,4.207874679565429,1894.0434,1,0.0001274288855797,7.004468851127019e-06,1265,1796,False,1796.0,False,False,False,False,1.8211356860604033,0.030102344304528635,0.05496335611587281
ARTPYKRGSFQFDY,H3-23_A,K3-20,True,35,1,1,1,0.0001274288855797,4.002145149800293e-06,3.836209211505559e-06,7.004468851127019e-06,False,False,False,False,False,False,False,False,False,False,False,False,False,2,2,False,2.107142857142857,False,False,False,9.69757843017578,1735.8952,2,0.0001274288855797,7.004468851127019e-06,1276,1797,False,1797.0,False,False,False,False,1.8211356860604033,0.030102344304528635,0.05496335611587281
ARTSLSYRSILYFDY,H3-23_A,K3-20,True,35,1,1,1,0.0001274288855797,4.002145149800293e-06,3.836209211505559e-06,7.004468851127019e-06,False,False,False,False,False,False,False,False,False,False,False,False,False,1,1,False,0.2600000000000002,False,False,False,8.539295959472657,1855.054,2,0.0001274288855797,7.004468851127019e-06,1290,1798,False,1798.0,False,False,False,False,1.8211356860604033,0.030102344304528635,0.05496335611587281
ARVQHTSYIRADYHFDP,H3-23_A,K3-20,True,35,1,1,1,0.0001274288855797,4.002145149800293e-06,3.836209211505559e-06,7.004468851127019e-06,False,False,False,True,True,False,False,False,False,False,False,False,False,0,2,False,1.8764705882352943,False,False,False,6.960879898071289,2076.2303,2,0.0001274288855797,7.004468851127019e-06,1391,1800,False,1800.0,False,False,False,False,1.8211356860604033,0.030102344304528635,0.05496335611587281
ARVSYGYWLDY,H4-34,K3-20,True,35,1,1,1,0.0001274288855797,4.002145149800293e-06,3.836209211505559e-06,7.004468851127019e-06,False,False,False,False,False,False,False,False,False,False,False,False,False,0,0,False,-0.0090909090909089,False,False,False,5.87858085632324,1392.513,1,0.0001274288855797,7.004468851127019e-06,1447,1801,False,1801.0,False,False,False,False,1.8211356860604033,0.030102344304528635,0.05496335611587281
ARWAGSWHGFDY,H3-23_A,K3-20,True,35,1,1,1,0.0001274288855797,4.002145149800293e-06,3.836209211505559e-06,7.004468851127019e-06,False,False,False,False,False,False,False,False,False,False,False,False,False,0,1,False,0.6083333333333335,False,False,False,6.788309097290039,1452.5302,1,0.0001274288855797,7.004468851127019e-06,1478,1803,False,1803.0,False,False,False,False,1.8211356860604033,0.030102344304528635,0.05496335611587281
ARYSPGFAYGSSKLFDP,H3-23_A,K3-20,True,35,1,1,1,0.0001274288855797,4.002145149800293e-06,3.836209211505559e-06,7.004468851127019e-06,False,False,False,False,True,False,False,False,False,False,False,False,False,1,1,False,1.635294117647059,False,False,False,8.54006805419922,1863.033,1,0.0001274288855797,7.004468851127019e-06,1603,1805,False,1805.0,False,False,False,False,1.8211356860604033,0.030102344304528635,0.05496335611587281
ARARTYGYWYLDLFDY,H1-69,K3-20,True,34,1,1,1,0.0001237880602775,4.002145149800293e-06,3.836209211505559e-06,7.004468851127019e-06,False,False,False,True,False,False,False,False,False,False,False,False,False,0,0,False,-0.1062499999999997,False,False,False,6.0022838592529295,2073.2642,2,0.0001237880602775,7.004468851127019e-06,54,1807,False,1807.0,False,False,False,False,1.8211356860604033,0.030987635855573906,0.05657979483221406
ARDRPVWYGYSFDY,H3-23_A,K3-15,True,34,1,1,1,0.0001237880602775,4.002145149800293e-06,3.836209211505559e-06,7.004468851127019e-06,False,False,False,False,False,False,False,False,False,False,False,False,False,0,0,False,1.1571428571428573,False,False,False,6.003152847290039,1794.9174999999998,2,0.0001237880602775,7.004468851127019e-06,194,1808,False,1808.0,False,False,False,False,1.8211356860604033,0.030987635855573906,0.05657979483221406
ARDVIAGRWSGFDY,H3-23_A,K4-1,True,34,1,1,1,0.0001237880602775,4.002145149800293e-06,3.836209211505559e-06,7.004468851127019e-06,False,False,False,False,False,False,False,False,False,False,False,False,False,0,0,False,1.2642857142857145,False,False,False,6.004890823364257,1612.7426999999998,2,0.0001237880602775,7.004468851127019e-06,219,1809,False,1809.0,False,False,False,False,1.8211356860604033,0.030987635855573906,0.05657979483221406
ARDVLLAFSGFDY,H3-23_A,K4-1,True,34,1,1,1,0.0001237880602775,4.002145149800293e-06,3.836209211505559e-06,7.004468851127019e-06,False,False,False,False,False,False,False,False,False,False,False,False,False,-1,-1,False,-0.1384615384615382,False,False,False,4.207874679565429,1473.6272,1,0.0001237880602775,7.004468851127019e-06,221,1810,False,1810.0,False,False,False,False,1.8211356860604033,0.030987635855573906,0.05657979483221406
ARDYAGWVPGFDY,H3-23_A,K3-15,True,34,1,1,1,0.0001237880602775,4.002145149800293e-06,3.836209211505559e-06,7.004468851127019e-06,False,False,False,False,False,False,False,False,False,False,False,False,False,-1,-1,False,1.1692307692307693,False,False,False,4.207874679565429,1516.6105,1,0.0001237880602775,7.004468851127019e-06,247,1811,False,1811.0,False,False,False,False,1.8211356860604033,0.030987635855573906,0.05657979483221406
ARDYARFDNWFSLFDY,H3-23_A,K3-15,True,34,1,1,1,0.0001237880602775,4.002145149800293e-06,3.836209211505559e-06,7.004468851127019e-06,False,False,False,False,False,False,False,False,False,False,False,False,False,-1,-1,False,0.3437500000000002,False,False,False,4.429057693481445,2086.2199,2,0.0001237880602775,7.004468851127019e-06,249,1812,False,1812.0,False,False,False,False,1.8211356860604033,0.030987635855573906,0.05657979483221406
ARERSAGYWNYFDY,H3-23_A,K4-1,True,34,1,1,1,0.0001237880602775,4.002145149800293e-06,3.836209211505559e-06,7.004468851127019e-06,False,False,False,False,False,False,False,False,False,False,False,False,False,0,0,False,1.7642857142857145,False,False,False,6.112389755249024,1797.8783999999998,2,0.0001237880602775,7.004468851127019e-06,410,1813,False,1813.0,False,False,False,False,1.8211356860604033,0.030987635855573906,0.05657979483221406
ARESHTIYSPQYDYFDY,H5-51,K3-15,True,34,1,1,1,0.0001237880602775,4.002145149800293e-06,3.836209211505559e-06,7.004468851127019e-06,False,False,False,False,False,False,False,False,False,False,False,False,False,-2,-1,False,2.217647058823529,False,False,False,4.536607742309571,2155.2341,1,0.0001237880602775,7.004468851127019e-06,427,1816,False,1816.0,False,False,False,False,1.8211356860604033,0.030987635855573906,0.05657979483221406
ARGEKSSRSTPLFDY,H5-51,K3-20,True,34,1,1,1,0.0001237880602775,4.002145149800293e-06,3.836209211505559e-06,7.004468851127019e-06,False,False,False,False,False,False,False,False,False,False,False,False,False,1,1,False,3.08,False,False,False,8.632789611816406,1713.8452000000002,2,0.0001237880602775,7.004468851127019e-06,508,1817,False,1817.0,False,False,False,False,1.8211356860604033,0.030987635855573906,0.05657979483221406
ARGHVYGSWGFDY,H3-23_A,K3-20,True,34,1,1,1,0.0001237880602775,4.002145149800293e-06,3.836209211505559e-06,7.004468851127019e-06,False,False,False,False,False,False,False,False,False,False,False,False,False,0,1,False,1.176923076923077,False,False,False,6.787184524536133,1514.5979,1,0.0001237880602775,7.004468851127019e-06,520,1818,False,1818.0,False,False,False,False,1.8211356860604033,0.030987635855573906,0.05657979483221406
ARGKGRSYPWYFDY,H5-51,K3-20,True,34,1,1,1,0.0001237880602775,4.002145149800293e-06,3.836209211505559e-06,7.004468851127019e-06,False,False,False,True,False,False,False,False,False,False,False,False,False,2,2,False,1.5214285714285716,False,False,False,9.525611877441406,1765.9226999999998,2,0.0001237880602775,7.004468851127019e-06,525,1819,False,1819.0,False,False,False,False,1.8211356860604033,0.030987635855573906,0.05657979483221406
ARGKHWYLGRSTFDY,H3-23_A,K3-15,True,34,1,1,1,0.0001237880602775,4.002145149800293e-06,3.836209211505559e-06,7.004468851127019e-06,False,False,False,True,False,False,False,False,False,False,False,False,False,2,3,False,1.2800000000000002,False,False,False,9.69764862060547,1857.0351,2,0.0001237880602775,7.004468851127019e-06,526,1820,False,1820.0,False,False,False,False,1.8211356860604033,0.030987635855573906,0.05657979483221406
ARGPYSYGRWHIAFDI,H3-23_A,K3-15,True,34,1,1,1,0.0001237880602775,4.002145149800293e-06,3.836209211505559e-06,7.004468851127019e-06,False,False,False,False,False,False,False,False,False,False,False,False,False,1,2,False,0.3562500000000001,False,False,False,8.638685607910158,1909.1096,2,0.0001237880602775,7.004468851127019e-06,615,1821,False,1821.0,False,False,False,False,1.8211356860604033,0.030987635855573906,0.05657979483221406
ARGPYTSWYRALGFDI,H3-23_A,K1-39,True,34,1,1,1,0.0001237880602775,4.002145149800293e-06,3.836209211505559e-06,7.004468851127019e-06,False,False,False,False,False,False,False,False,False,False,False,False,False,1,1,False,0.4750000000000002,False,False,False,8.632579040527343,1873.0742,2,0.0001237880602775,7.004468851127019e-06,606,1822,False,1822.0,False,False,False,False,1.8211356860604033,0.030987635855573906,0.05657979483221406
ARHKYWYHRYHGTPFDP,H4-34,K3-20,True,34,1,1,1,0.0001237880602775,4.002145149800293e-06,3.836209211505559e-06,7.004468851127019e-06,False,False,False,True,True,False,False,False,False,False,False,False,False,2,5,False,1.335294117647059,False,False,False,9.526103210449218,2231.4311,2,0.0001237880602775,7.004468851127019e-06,741,1825,False,1825.0,False,False,False,False,1.8211356860604033,0.030987635855573906,0.05657979483221406
ARHLYIYRFDY,H3-23_A,K3-15,True,34,1,1,1,0.0001237880602775,4.002145149800293e-06,3.836209211505559e-06,7.004468851127019e-06,False,False,False,False,False,False,False,False,False,False,False,False,False,1,2,False,-0.8636363636363634,False,False,False,8.545542907714843,1516.6998999999998,2,0.0001237880602775,7.004468851127019e-06,754,1826,False,1826.0,False,False,False,False,1.8211356860604033,0.030987635855573906,0.05657979483221406
ARIARSYAYGFDY,H3-23_A,K3-20,True,34,1,1,1,0.0001237880602775,4.002145149800293e-06,3.836209211505559e-06,7.004468851127019e-06,False,False,False,False,False,False,False,False,False,False,False,False,False,1,1,False,1.076923076923077,False,False,False,8.539295959472657,1552.6874,2,0.0001237880602775,7.004468851127019e-06,840,1829,False,1829.0,False,False,False,False,1.8211356860604033,0.030987635855573906,0.05657979483221406
ARIVAIHPYPFDY,H3-23_A,K3-20,True,34,1,1,1,0.0001237880602775,4.002145149800293e-06,3.836209211505559e-06,7.004468851127019e-06,False,False,False,False,False,False,False,False,False,False,False,False,False,0,1,False,-0.6153846153846152,False,False,False,6.787184524536133,1561.7803,1,0.0001237880602775,7.004468851127019e-06,882,1830,False,1830.0,False,False,False,False,1.8211356860604033,0.030987635855573906,0.05657979483221406
ARKVRIGYSWLNPFDY,H3-23_A,K3-20,True,34,1,1,1,0.0001237880602775,4.002145149800293e-06,3.836209211505559e-06,7.004468851127019e-06,False,False,False,False,False,False,False,False,False,False,False,False,False,2,2,False,0.2250000000000001,False,False,False,9.69757843017578,1985.247,2,0.0001237880602775,7.004468851127019e-06,927,1831,False,1831.0,False,False,False,False,1.8211356860604033,0.030987635855573906,0.05657979483221406
ARLRYASSPYAFDY,H3-23_A,K3-20,True,34,1,1,1,0.0001237880602775,4.002145149800293e-06,3.836209211505559e-06,7.004468851127019e-06,False,False,False,False,False,False,False,False,False,False,False,False,False,1,1,False,1.1214285714285717,False,False,False,8.539295959472657,1679.8285999999998,2,0.0001237880602775,7.004468851127019e-06,1016,1832,False,1832.0,False,False,False,False,1.8211356860604033,0.030987635855573906,0.05657979483221406
ARQHLGSWRSFDY,H3-23_A,K3-20,True,34,1,1,1,0.0001237880602775,4.002145149800293e-06,3.836209211505559e-06,7.004468851127019e-06,False,False,False,False,False,False,False,False,False,False,False,False,False,1,2,False,1.307692307692308,False,False,False,8.796192932128907,1622.7409,2,0.0001237880602775,7.004468851127019e-06,1138,1835,False,1835.0,False,False,False,False,1.8211356860604033,0.030987635855573906,0.05657979483221406
ARQTRSLGIPIAFDP,H5-51,K4-1,True,34,1,1,1,0.0001237880602775,4.002145149800293e-06,3.836209211505559e-06,7.004468851127019e-06,False,False,False,False,True,False,False,False,False,False,False,False,False,1,1,False,1.0533333333333337,False,False,False,9.643601989746092,1641.8685999999998,2,0.0001237880602775,7.004468851127019e-06,1163,1836,False,1836.0,False,False,False,False,1.8211356860604033,0.030987635855573906,0.05657979483221406
ARSRSFYGYGFDY,H3-23_A,K3-20,True,34,1,1,1,0.0001237880602775,4.002145149800293e-06,3.836209211505559e-06,7.004468851127019e-06,False,False,False,False,False,False,False,False,False,False,False,False,False,1,1,False,1.6000000000000003,False,False,False,8.539295959472657,1588.6763999999998,2,0.0001237880602775,7.004468851127019e-06,1188,1837,False,1837.0,False,False,False,False,1.8211356860604033,0.030987635855573906,0.05657979483221406
ARTRYHIGAGYWVIFDY,H1-69,K3-15,True,34,1,1,1,0.0001237880602775,4.002145149800293e-06,3.836209211505559e-06,7.004468851127019e-06,False,False,False,False,False,False,False,False,False,False,False,False,False,1,2,False,-0.1941176470588234,False,False,False,8.545542907714843,2088.3252,2,0.0001237880602775,7.004468851127019e-06,1288,1839,False,1839.0,False,False,False,False,1.8211356860604033,0.030987635855573906,0.05657979483221406
ARTWPYSLYKFDP,H3-23_A,K1-39,True,34,1,1,1,0.0001237880602775,4.002145149800293e-06,3.836209211505559e-06,7.004468851127019e-06,False,False,False,False,True,False,False,False,False,False,False,False,False,1,1,False,0.4384615384615387,False,False,False,8.54006805419922,1643.8379,1,0.0001237880602775,7.004468851127019e-06,1308,1840,False,1840.0,False,False,False,False,1.8211356860604033,0.030987635855573906,0.05657979483221406
ARVIARSQFDY,H3-23_A,K3-20,True,34,1,1,1,0.0001237880602775,4.002145149800293e-06,3.836209211505559e-06,7.004468851127019e-06,False,False,False,False,False,False,False,False,False,False,False,False,False,1,1,False,1.1181818181818182,False,False,False,8.79022674560547,1325.472,2,0.0001237880602775,7.004468851127019e-06,1344,1841,False,1841.0,False,False,False,False,1.8211356860604033,0.030987635855573906,0.05657979483221406
ARVIGWYAFDY,H3-23_A,UNK,True,34,1,1,1,0.0001237880602775,4.002145149800293e-06,3.836209211505559e-06,7.004468851127019e-06,False,False,False,False,False,False,False,False,False,False,False,False,False,0,0,False,-0.9636363636363634,False,False,False,5.87944984436035,1360.5141999999998,1,0.0001237880602775,7.004468851127019e-06,1346,1842,False,1842.0,False,False,False,False,1.8211356860604033,0.030987635855573906,0.05657979483221406
ARYIRGYAPFDY,H3-23_A,K3-20,True,34,1,1,1,0.0001237880602775,4.002145149800293e-06,3.836209211505559e-06,7.004468851127019e-06,False,False,False,False,False,False,False,False,False,False,False,False,False,1,1,False,0.6250000000000001,False,False,False,8.539295959472657,1491.6473999999998,2,0.0001237880602775,7.004468851127019e-06,1557,1843,False,1843.0,False,False,False,False,1.8211356860604033,0.030987635855573906,0.05657979483221406
ARYLAYSSVAYFDY,H3-23_A,K3-20,True,34,1,1,1,0.0001237880602775,4.002145149800293e-06,3.836209211505559e-06,7.004468851127019e-06,False,False,False,False,False,False,False,False,False,False,False,False,False,0,0,False,0.2714285714285716,False,False,False,5.877711868286132,1688.8319,1,0.0001237880602775,7.004468851127019e-06,1566,1844,False,1844.0,False,False,False,False,1.8211356860604033,0.030987635855573906,0.05657979483221406
ARYQRDYAATFDY,H3-23_A,K4-1,True,34,1,1,1,0.0001237880602775,4.002145149800293e-06,3.836209211505559e-06,7.004468851127019e-06,False,False,False,False,False,False,False,False,False,False,False,False,False,0,0,False,2.3846153846153846,False,False,False,6.003152847290039,1639.7216999999998,2,0.0001237880602775,7.004468851127019e-06,1585,1846,False,1846.0,False,False,False,False,1.8211356860604033,0.030987635855573906,0.05657979483221406
ARYSVRGSWYNFDY,H3-23_A,K1-39,True,34,1,1,1,0.0001237880602775,4.002145149800293e-06,3.836209211505559e-06,7.004468851127019e-06,False,False,False,False,False,False,False,False,False,False,False,False,False,1,1,False,1.2571428571428571,False,False,False,8.539295959472657,1783.8947999999998,2,0.0001237880602775,7.004468851127019e-06,1606,1849,False,1849.0,False,False,False,False,1.8211356860604033,0.030987635855573906,0.05657979483221406
ARAFSNAWSYGLSFDY,H3-23_A,K3-20,True,33,1,1,1,0.0001201472349752,4.002145149800293e-06,3.836209211505559e-06,7.004468851127019e-06,False,False,False,False,False,False,False,False,False,False,False,False,False,0,0,False,0.7062500000000002,False,False,False,5.87944984436035,1854.9694,1,0.0001201472349752,7.004468851127019e-06,11,1850,False,1850.0,False,False,False,False,1.8211356860604033,0.03192657697472265,0.058294191378261286
ARDIYGSKWGFDY,H3-23_A,K3-20,True,33,1,1,1,0.0001201472349752,4.002145149800293e-06,3.836209211505559e-06,7.004468851127019e-06,False,False,False,False,False,False,False,False,False,False,False,False,False,0,0,False,1.453846153846154,False,False,False,6.003152847290039,1577.6935999999998,1,0.0001201472349752,7.004468851127019e-06,111,1852,False,1852.0,False,False,False,False,1.8211356860604033,0.03192657697472265,0.058294191378261286
ARDLRDFGAYGWYGFDP,H3-23_A,K3-20,True,33,1,1,1,0.0001201472349752,4.002145149800293e-06,3.836209211505559e-06,7.004468851127019e-06,False,False,False,False,True,False,False,False,False,False,False,False,False,-1,-1,False,1.2000000000000002,False,False,False,4.429057693481445,2006.1353,2,0.0001201472349752,7.004468851127019e-06,127,1853,False,1853.0,False,False,False,False,1.8211356860604033,0.03192657697472265,0.058294191378261286
ARDLSYLALLRSWGFDY,H3-23_A,K3-20,True,33,1,1,1,0.0001201472349752,4.002145149800293e-06,3.836209211505559e-06,7.004468851127019e-06,False,False,False,False,False,False,False,False,False,False,False,False,False,0,0,False,-0.4999999999999998,False,False,False,6.004021835327148,2046.2837,2,0.0001201472349752,7.004468851127019e-06,136,1854,False,1854.0,False,False,False,False,1.8211356860604033,0.03192657697472265,0.058294191378261286
ARDRGIWLSYPFDY,H3-23_A,K1-39,True,33,1,1,1,0.0001201472349752,4.002145149800293e-06,3.836209211505559e-06,7.004468851127019e-06,False,False,False,False,False,False,False,False,False,False,False,False,False,0,0,False,0.3285714285714287,False,False,False,6.004021835327148,1758.9285,2,0.0001201472349752,7.004468851127019e-06,172,1855,False,1855.0,False,False,False,False,1.8211356860604033,0.03192657697472265,0.058294191378261286
ARDRLYGLIWEYFDY,H3-23_A,UNK,True,33,1,1,1,0.0001201472349752,4.002145149800293e-06,3.836209211505559e-06,7.004468851127019e-06,False,False,False,False,False,False,False,False,False,False,False,False,False,-1,-1,False,-0.4866666666666664,False,False,False,4.558281326293945,1980.1808,2,0.0001201472349752,7.004468851127019e-06,189,1856,False,1856.0,False,False,False,False,1.8211356860604033,0.03192657697472265,0.058294191378261286
ARDRSGWSYWYFDY,H4-34,K1-39,True,33,1,1,1,0.0001201472349752,4.002145149800293e-06,3.836209211505559e-06,7.004468851127019e-06,False,False,False,True,False,False,False,False,False,False,False,False,False,0,0,False,1.0214285714285716,False,False,False,6.003152847290039,1871.9585,2,0.0001201472349752,7.004468851127019e-06,198,1857,False,1857.0,False,False,False,False,1.8211356860604033,0.03192657697472265,0.058294191378261286
ARDVNYLYWSAFDY,H3-23_A,K4-1,True,33,1,1,1,0.0001201472349752,4.002145149800293e-06,3.836209211505559e-06,7.004468851127019e-06,False,False,False,False,False,False,False,False,False,False,False,False,False,-1,-1,False,0.292857142857143,False,False,False,4.207874679565429,1782.9034,1,0.0001201472349752,7.004468851127019e-06,223,1858,False,1858.0,False,False,False,False,1.8211356860604033,0.03192657697472265,0.058294191378261286
ARFRWHSVDPGFDP,H3-23_A,K3-20,True,33,1,1,1,0.0001201472349752,4.002145149800293e-06,3.836209211505559e-06,7.004468851127019e-06,False,False,False,False,True,False,False,False,False,False,False,False,False,0,1,False,1.2071428571428573,False,False,False,6.792705154418946,1686.8261999999995,2,0.0001201472349752,7.004468851127019e-06,486,1861,False,1861.0,False,False,False,False,1.8211356860604033,0.03192657697472265,0.058294191378261286
ARGPRSHGYGWGFDY,H3-23_A,K3-20,True,33,1,1,1,0.0001201472349752,4.002145149800293e-06,3.836209211505559e-06,7.004468851127019e-06,False,False,False,False,False,False,False,False,False,False,False,False,False,1,2,False,2.066666666666667,False,False,False,8.638685607910158,1725.8191000000002,2,0.0001201472349752,7.004468851127019e-06,560,1863,False,1863.0,False,False,False,False,1.8211356860604033,0.03192657697472265,0.058294191378261286
ARGPYTSHYGHYGFDY,H3-23_A,K3-20,True,33,1,1,1,0.0001201472349752,4.002145149800293e-06,3.836209211505559e-06,7.004468851127019e-06,False,False,False,False,False,False,False,False,False,False,False,False,False,0,2,False,2.1625,False,False,False,6.956892776489258,1890.9618,1,0.0001201472349752,7.004468851127019e-06,617,1865,False,1865.0,False,False,False,False,1.8211356860604033,0.03192657697472265,0.058294191378261286
ARHGQYWYNRFDY,H4-34,K3-15,True,33,1,1,1,0.0001201472349752,4.002145149800293e-06,3.836209211505559e-06,7.004468851127019e-06,False,False,False,True,False,False,False,False,False,False,False,False,False,1,2,False,1.2615384615384615,False,False,False,8.545542907714843,1775.8776999999998,2,0.0001201472349752,7.004468851127019e-06,721,1868,False,1868.0,False,False,False,False,1.8211356860604033,0.03192657697472265,0.058294191378261286
ARHLRKYPGFAYFDP,H3-23_A,K1-39,True,33,1,1,1,0.0001201472349752,4.002145149800293e-06,3.836209211505559e-06,7.004468851127019e-06,False,False,False,False,True,False,False,False,False,False,False,False,False,2,3,False,0.5933333333333336,False,False,False,9.69764862060547,1838.0748,2,0.0001201472349752,7.004468851127019e-06,748,1870,False,1870.0,False,False,False,False,1.8211356860604033,0.03192657697472265,0.058294191378261286
ARHRFVSYGSYKFDY,H3-23_A,K1-39,True,33,1,1,1,0.0001201472349752,4.002145149800293e-06,3.836209211505559e-06,7.004468851127019e-06,False,False,False,False,False,False,False,False,False,False,False,False,False,2,3,False,1.2800000000000002,False,False,False,9.52582244873047,1896.0677,2,0.0001201472349752,7.004468851127019e-06,773,1871,False,1871.0,False,False,False,False,1.8211356860604033,0.03192657697472265,0.058294191378261286
ARHSWYSWITGFDY,H4-34,K3-15,True,33,1,1,1,0.0001201472349752,4.002145149800293e-06,3.836209211505559e-06,7.004468851127019e-06,False,False,False,False,False,False,False,False,False,False,False,False,False,0,1,False,0.0928571428571429,False,False,False,6.787184524536133,1788.9129999999998,1,0.0001201472349752,7.004468851127019e-06,806,1872,False,1872.0,False,False,False,False,1.8211356860604033,0.03192657697472265,0.058294191378261286
ARHWAFRPSDFDY,H3-23_A,K3-15,True,33,1,1,1,0.0001201472349752,4.002145149800293e-06,3.836209211505559e-06,7.004468851127019e-06,False,False,False,False,False,False,False,False,False,True,False,False,False,0,1,False,1.0000000000000002,False,False,False,6.791580581665039,1667.7797999999998,2,0.0001201472349752,7.004468851127019e-06,813,1873,False,1873.0,False,False,False,False,1.8211356860604033,0.03192657697472265,0.058294191378261286
ARHYLTLARVWSFDP,H3-23_A,K4-1,True,33,1,1,1,0.0001201472349752,4.002145149800293e-06,3.836209211505559e-06,7.004468851127019e-06,False,False,False,False,True,False,False,False,False,False,False,False,False,1,2,False,-0.3133333333333332,False,False,False,8.796192932128907,1832.0687000000005,2,0.0001201472349752,7.004468851127019e-06,825,1874,False,1874.0,False,False,False,False,1.8211356860604033,0.03192657697472265,0.058294191378261286
ARHYRFTSSGYWDFDY,H3-23_A,K1-39,True,33,1,1,1,0.0001201472349752,4.002145149800293e-06,3.836209211505559e-06,7.004468851127019e-06,False,False,False,False,False,False,False,False,False,True,False,False,False,0,1,False,1.4,False,False,False,6.789382553100586,2071.1656000000003,2,0.0001201472349752,7.004468851127019e-06,826,1875,False,1875.0,False,False,False,False,1.8211356860604033,0.03192657697472265,0.058294191378261286
ARIHRSWSEIYWFDP,H3-23_A,K1-39,True,33,1,1,1,0.0001201472349752,4.002145149800293e-06,3.836209211505559e-06,7.004468851127019e-06,False,False,False,True,True,False,False,False,False,False,False,False,False,0,1,False,-0.1066666666666665,False,False,False,6.796487808227539,1963.1571,2,0.0001201472349752,7.004468851127019e-06,854,1876,False,1876.0,False,False,False,False,1.8211356860604033,0.03192657697472265,0.058294191378261286
ARKGSNYVYRGWYAFDY,H3-23_A,K4-1,True,33,1,1,1,0.0001201472349752,4.002145149800293e-06,3.836209211505559e-06,7.004468851127019e-06,False,False,False,False,False,False,False,False,False,False,False,False,False,2,2,False,1.335294117647059,False,False,False,9.40341033935547,2116.2922,2,0.0001201472349752,7.004468851127019e-06,896,1878,False,1878.0,False,False,False,False,1.8211356860604033,0.03192657697472265,0.058294191378261286
ARLGFSDRWKFDY,H3-23_A,K1-39,True,33,1,1,1,0.0001201472349752,4.002145149800293e-06,3.836209211505559e-06,7.004468851127019e-06,False,False,False,False,False,False,False,False,False,False,False,False,False,1,1,False,0.6846153846153847,False,False,False,8.632649230957028,1660.8285999999998,2,0.0001201472349752,7.004468851127019e-06,945,1879,False,1879.0,False,False,False,False,1.8211356860604033,0.03192657697472265,0.058294191378261286
ARLIGRYDYSWVYGFDP,H3-23_A,K1-39,True,33,1,1,1,0.0001201472349752,4.002145149800293e-06,3.836209211505559e-06,7.004468851127019e-06,False,False,False,False,True,False,False,False,False,False,False,False,False,0,0,False,0.2764705882352943,False,False,False,6.003152847290039,2078.284,2,0.0001201472349752,7.004468851127019e-06,962,1880,False,1880.0,False,False,False,False,1.8211356860604033,0.03192657697472265,0.058294191378261286
ARLRYIYWSKAFDY,H3-23_A,K3-15,True,33,1,1,1,0.0001201472349752,4.002145149800293e-06,3.836209211505559e-06,7.004468851127019e-06,False,False,False,False,False,False,False,False,False,False,False,False,False,2,2,False,-0.5214285714285712,False,False,False,9.525611877441406,1852.098,2,0.0001201472349752,7.004468851127019e-06,1020,1881,False,1881.0,False,False,False,False,1.8211356860604033,0.03192657697472265,0.058294191378261286
ARPSRWYGPGFDY,H3-23_A,K1-39,True,33,1,1,1,0.0001201472349752,4.002145149800293e-06,3.836209211505559e-06,7.004468851127019e-06,False,False,False,False,False,False,False,False,False,False,False,False,False,1,1,False,1.507692307692308,False,False,False,8.632579040527343,1571.6924,2,0.0001201472349752,7.004468851127019e-06,1119,1886,False,1886.0,False,False,False,False,1.8211356860604033,0.03192657697472265,0.058294191378261286
ARSRILAYGFDY,H3-23_A,K3-20,True,33,1,1,1,0.0001201472349752,4.002145149800293e-06,3.836209211505559e-06,7.004468851127019e-06,False,False,False,False,False,False,False,False,False,False,False,False,False,1,1,False,0.3833333333333335,False,False,False,8.632579040527343,1431.5938999999998,2,0.0001201472349752,7.004468851127019e-06,864,1890,False,1890.0,False,False,False,False,1.8211356860604033,0.03192657697472265,0.058294191378261286
ARTRTYGDATFDY,H5-51,K3-20,True,33,1,1,1,0.0001201472349752,4.002145149800293e-06,3.836209211505559e-06,7.004468851127019e-06,False,False,False,False,False,False,False,False,False,False,False,False,False,0,0,False,3.1461538461538465,False,False,False,6.004021835327148,1536.6005,2,0.0001201472349752,7.004468851127019e-06,1285,1891,False,1891.0,False,False,False,False,1.8211356860604033,0.03192657697472265,0.058294191378261286
ARVFPTFLWTIGAGFDP,H3-23_A,K3-20,True,33,1,1,1,0.0001201472349752,4.002145149800293e-06,3.836209211505559e-06,7.004468851127019e-06,False,False,False,False,True,False,False,False,False,False,False,False,False,0,0,False,-0.8294117647058821,False,False,False,5.88118782043457,1895.1625,1,0.0001201472349752,7.004468851127019e-06,1329,1892,False,1892.0,False,False,False,False,1.8211356860604033,0.03192657697472265,0.058294191378261286
ARVIQPYRLFYSFDP,H3-23_A,K3-20,True,33,1,1,1,0.0001201472349752,4.002145149800293e-06,3.836209211505559e-06,7.004468851127019e-06,False,False,False,False,True,False,False,False,False,False,False,False,False,1,1,False,-0.3933333333333331,False,False,False,8.632579040527343,1872.1291,2,0.0001201472349752,7.004468851127019e-06,1349,1893,False,1893.0,False,False,False,False,1.8211356860604033,0.03192657697472265,0.058294191378261286
ARVLYGYSWGFDY,H3-23_A,K3-15,True,33,1,1,1,0.0001201472349752,4.002145149800293e-06,3.836209211505559e-06,7.004468851127019e-06,False,False,False,False,False,False,False,False,False,False,False,False,False,0,0,False,-0.2769230769230767,False,False,False,5.87858085632324,1596.7380999999998,1,0.0001201472349752,7.004468851127019e-06,1378,1894,False,1894.0,False,False,False,False,1.8211356860604033,0.03192657697472265,0.058294191378261286
ARVRFYGSGTWGFDY,H1-69,K3-15,True,33,1,1,1,0.0001201472349752,4.002145149800293e-06,3.836209211505559e-06,7.004468851127019e-06,False,False,False,False,False,False,False,False,False,False,False,False,False,1,1,False,0.8933333333333334,False,False,False,8.632579040527343,1781.922,2,0.0001201472349752,7.004468851127019e-06,1398,1895,False,1895.0,False,False,False,False,1.8211356860604033,0.03192657697472265,0.058294191378261286
ARVSHTPGYTWLFDP,H3-23_A,K1-39,True,33,1,1,1,0.0001201472349752,4.002145149800293e-06,3.836209211505559e-06,7.004468851127019e-06,False,False,False,False,True,False,False,False,False,False,False,False,False,0,1,False,0.7466666666666668,False,False,False,6.788309097290039,1746.9179,1,0.0001201472349752,7.004468851127019e-06,1434,1897,False,1897.0,False,False,False,False,1.8211356860604033,0.03192657697472265,0.058294191378261286
ARVTGWTAYRFDY,H3-23_A,K3-20,True,33,1,1,1,0.0001201472349752,4.002145149800293e-06,3.836209211505559e-06,7.004468851127019e-06,False,False,False,False,False,False,False,False,False,False,False,False,False,1,1,False,0.9230769230769232,False,False,False,8.632579040527343,1605.7501,2,0.0001201472349752,7.004468851127019e-06,1451,1898,False,1898.0,False,False,False,False,1.8211356860604033,0.03192657697472265,0.058294191378261286
ARVWSYGKRGFDY,H3-23_A,K4-1,True,33,1,1,1,0.0001201472349752,4.002145149800293e-06,3.836209211505559e-06,7.004468851127019e-06,False,False,False,False,False,False,False,False,False,False,False,False,False,2,2,False,1.3384615384615386,False,False,False,9.69757843017578,1604.7652999999998,2,0.0001201472349752,7.004468851127019e-06,1463,1899,False,1899.0,False,False,False,False,1.8211356860604033,0.03192657697472265,0.058294191378261286
ARVWVYSPKSFDY,H3-23_A,K4-1,True,33,1,1,1,0.0001201472349752,4.002145149800293e-06,3.836209211505559e-06,7.004468851127019e-06,False,False,False,False,False,False,False,False,False,False,False,False,False,1,1,False,0.5153846153846154,False,False,False,8.54006805419922,1617.8004999999998,1,0.0001201472349752,7.004468851127019e-06,1464,1900,False,1900.0,False,False,False,False,1.8211356860604033,0.03192657697472265,0.058294191378261286
ARWGDYWYGFDY,H3-23_A,K4-1,True,33,1,1,1,0.0001201472349752,4.002145149800293e-06,3.836209211505559e-06,7.004468851127019e-06,False,False,False,True,False,False,False,False,False,False,False,False,False,-1,-1,False,0.2333333333333334,False,False,False,4.207874679565429,1598.6695,1,0.0001201472349752,7.004468851127019e-06,1482,1901,False,1901.0,False,False,False,False,1.8211356860604033,0.03192657697472265,0.058294191378261286
ARWSRASYTAGFDY,H3-23_A,K4-1,True,33,1,1,1,0.0001201472349752,4.002145149800293e-06,3.836209211505559e-06,7.004468851127019e-06,False,False,False,False,False,False,False,False,False,False,False,False,False,1,1,False,1.8285714285714287,False,False,False,8.632579040527343,1650.7477,2,0.0001201472349752,7.004468851127019e-06,1519,1902,False,1902.0,False,False,False,False,1.8211356860604033,0.03192657697472265,0.058294191378261286
ARYGSWGSNFDY,H3-23_A,K4-1,True,33,1,1,1,0.0001201472349752,4.002145149800293e-06,3.836209211505559e-06,7.004468851127019e-06,False,False,False,False,False,False,False,False,False,False,False,False,False,0,0,False,2.0583333333333336,False,False,False,5.87944984436035,1422.4562,1,0.0001201472349752,7.004468851127019e-06,1543,1903,False,1903.0,False,False,False,False,1.8211356860604033,0.03192657697472265,0.058294191378261286
ARYLYSWGSSGTFDY,H3-23_A,K3-15,True,33,1,1,1,0.0001201472349752,4.002145149800293e-06,3.836209211505559e-06,7.004468851127019e-06,False,False,False,False,False,False,False,False,False,False,False,False,False,0,0,False,1.2200000000000002,False,False,False,5.87858085632324,1772.8656,1,0.0001201472349752,7.004468851127019e-06,1576,1904,False,1904.0,False,False,False,False,1.8211356860604033,0.03192657697472265,0.058294191378261286
ARYQIRLAGSYGFDI,H3-23_A,K1-39,True,33,1,1,1,0.0001201472349752,4.002145149800293e-06,3.836209211505559e-06,7.004468851127019e-06,False,False,False,False,False,False,False,False,False,False,False,False,False,1,1,False,0.5533333333333335,False,False,False,8.632579040527343,1729.9319999999998,2,0.0001201472349752,7.004468851127019e-06,1584,1905,False,1905.0,False,False,False,False,1.8211356860604033,0.03192657697472265,0.058294191378261286
ARARSVYSWSAWFDP,H3-23_A,UNK,True,32,1,1,1,0.0001165064096729,4.002145149800293e-06,3.836209211505559e-06,7.004468851127019e-06,False,False,False,False,True,False,False,False,False,False,False,False,False,1,1,False,0.7666666666666668,False,False,False,8.79022674560547,1798.9527000000005,2,0.0001165064096729,7.004468851127019e-06,53,1906,False,1906.0,False,False,False,False,1.8211356860604033,0.032924196877290195,0.060115728512326064
ARAVPYSYLFGWYGFDP,H1-69,K1-39,True,32,1,1,1,0.0001165064096729,4.002145149800293e-06,3.836209211505559e-06,7.004468851127019e-06,False,False,False,False,True,False,False,False,False,False,False,False,False,0,0,False,-0.3823529411764704,False,False,False,5.87858085632324,2009.2202,1,0.0001165064096729,7.004468851127019e-06,71,1907,False,1907.0,False,False,False,False,1.8211356860604033,0.032924196877290195,0.060115728512326064
ARDLARFYGYWYGFDI,H3-23_A,K3-15,True,32,1,1,1,0.0001165064096729,4.002145149800293e-06,3.836209211505559e-06,7.004468851127019e-06,False,False,False,True,False,False,False,False,False,False,False,False,False,0,0,False,-0.4562499999999998,False,False,False,6.003152847290039,2013.2122,2,0.0001165064096729,7.004468851127019e-06,114,1908,False,1908.0,False,False,False,False,1.8211356860604033,0.032924196877290195,0.060115728512326064
ARDVSIYSWAYGFDY,H3-23_A,K3-15,True,32,1,1,1,0.0001165064096729,4.002145149800293e-06,3.836209211505559e-06,7.004468851127019e-06,False,False,False,False,False,False,False,False,False,False,False,False,False,-1,-1,False,0.7000000000000001,False,False,False,4.207874679565429,1812.9294,1,0.0001165064096729,7.004468851127019e-06,232,1910,False,1910.0,False,False,False,False,1.8211356860604033,0.032924196877290195,0.060115728512326064
AREGTWSDPFDY,H4-34,K3-15,True,32,1,1,1,0.0001165064096729,4.002145149800293e-06,3.836209211505559e-06,7.004468851127019e-06,False,False,False,False,True,False,False,False,False,False,False,False,False,-2,-2,False,2.708333333333333,False,False,False,4.050025558471679,1443.4723,1,0.0001165064096729,7.004468851127019e-06,314,1911,False,1911.0,False,False,False,False,1.8211356860604033,0.032924196877290195,0.060115728512326064
ARERSATDPYGFDY,H4-34,K4-1,True,32,1,1,1,0.0001165064096729,4.002145149800293e-06,3.836209211505559e-06,7.004468851127019e-06,False,False,False,False,True,False,False,False,False,False,False,False,False,-1,-1,False,3.35,False,False,False,4.558281326293945,1647.6991999999998,2,0.0001165064096729,7.004468851127019e-06,406,1913,False,1913.0,False,False,False,False,1.8211356860604033,0.032924196877290195,0.060115728512326064
ARESTSDEPFDY,H4-34,K1-39,True,32,1,1,1,0.0001165064096729,4.002145149800293e-06,3.836209211505559e-06,7.004468851127019e-06,False,False,False,False,False,False,False,False,False,True,False,False,False,-3,-3,False,4.258333333333334,False,False,False,4.050025558471679,1416.4024,1,0.0001165064096729,7.004468851127019e-06,438,1914,False,1914.0,False,False,False,False,1.8211356860604033,0.032924196877290195,0.060115728512326064
ARETGYWYLFDY,H3-23_A,K3-15,True,32,1,1,1,0.0001165064096729,4.002145149800293e-06,3.836209211505559e-06,7.004468851127019e-06,False,False,False,True,False,False,False,False,False,False,False,False,False,-1,-1,False,0.0750000000000001,False,False,False,4.370375442504883,1583.6964,1,0.0001165064096729,7.004468851127019e-06,442,1915,False,1915.0,False,False,False,False,1.8211356860604033,0.032924196877290195,0.060115728512326064
AREVRHLGTLGFYWFDP,H3-23_A,K1-39,True,32,1,1,1,0.0001165064096729,4.002145149800293e-06,3.836209211505559e-06,7.004468851127019e-06,False,False,False,True,True,False,False,False,False,False,False,False,False,0,1,False,-0.1941176470588233,False,False,False,6.796487808227539,2064.3039,2,0.0001165064096729,7.004468851127019e-06,449,1916,False,1916.0,False,False,False,False,1.8211356860604033,0.032924196877290195,0.060115728512326064
ARFARWSIGYWAFDY,H3-23_A,K3-20,True,32,1,1,1,0.0001165064096729,4.002145149800293e-06,3.836209211505559e-06,7.004468851127019e-06,False,False,False,False,False,False,False,False,False,False,False,False,False,1,1,False,-0.8866666666666665,False,False,False,8.632579040527343,1909.1078,2,0.0001165064096729,7.004468851127019e-06,464,1917,False,1917.0,False,False,False,False,1.8211356860604033,0.032924196877290195,0.060115728512326064
ARGPIYGASRGYHFDY,H3-23_A,K3-15,True,32,1,1,1,0.0001165064096729,4.002145149800293e-06,3.836209211505559e-06,7.004468851127019e-06,False,False,False,True,False,False,False,False,False,False,False,False,False,1,2,False,1.7187500000000002,False,False,False,8.545542907714843,1829.9666,2,0.0001165064096729,7.004468851127019e-06,550,1918,False,1918.0,False,False,False,False,1.8211356860604033,0.032924196877290195,0.060115728512326064
ARGPYRAGYHFYGFDY,H3-23_A,K1-39,True,32,1,1,1,0.0001165064096729,4.002145149800293e-06,3.836209211505559e-06,7.004468851127019e-06,False,False,False,True,False,False,False,False,False,False,False,False,False,1,2,False,1.11875,False,False,False,8.478932189941407,1940.0787,2,0.0001165064096729,7.004468851127019e-06,594,1919,False,1919.0,False,False,False,False,1.8211356860604033,0.032924196877290195,0.060115728512326064
ARHYSSSDARYGFDY,H3-23_A,K3-20,True,32,1,1,1,0.0001165064096729,4.002145149800293e-06,3.836209211505559e-06,7.004468851127019e-06,False,False,False,False,False,False,False,False,False,False,False,False,False,0,1,False,3.0,False,False,False,6.789382553100586,1794.8332,2,0.0001165064096729,7.004468851127019e-06,831,1926,False,1926.0,False,False,False,False,1.8211356860604033,0.032924196877290195,0.060115728512326064
ARILRSPWYFDY,H3-23_A,K3-20,True,32,1,1,1,0.0001165064096729,4.002145149800293e-06,3.836209211505559e-06,7.004468851127019e-06,False,False,False,True,False,False,False,False,False,False,False,False,False,1,1,False,-0.9249999999999998,False,False,False,8.632579040527343,1586.7898,2,0.0001165064096729,7.004468851127019e-06,866,1927,False,1927.0,False,False,False,False,1.8211356860604033,0.032924196877290195,0.060115728512326064
ARKQSGTWYGFDY,H3-23_A,K3-20,True,32,1,1,1,0.0001165064096729,4.002145149800293e-06,3.836209211505559e-06,7.004468851127019e-06,False,False,False,False,False,False,False,False,False,False,False,False,False,1,1,False,2.161538461538462,False,False,False,8.54006805419922,1578.6817,1,0.0001165064096729,7.004468851127019e-06,906,1928,False,1928.0,False,False,False,False,1.8211356860604033,0.032924196877290195,0.060115728512326064
ARLERWGAPYKIYFDI,H3-23_A,K1-39,True,32,1,1,1,0.0001165064096729,4.002145149800293e-06,3.836209211505559e-06,7.004468851127019e-06,False,False,False,False,False,False,False,False,False,False,False,False,False,1,1,False,-0.2687499999999998,False,False,False,8.53950653076172,1998.2856,2,0.0001165064096729,7.004468851127019e-06,940,1930,False,1930.0,False,False,False,False,1.8211356860604033,0.032924196877290195,0.060115728512326064
ARLKRGYWGFDY,H3-23_A,K3-15,True,32,1,1,1,0.0001165064096729,4.002145149800293e-06,3.836209211505559e-06,7.004468851127019e-06,False,False,False,False,False,False,False,False,False,False,False,False,False,2,2,False,0.4500000000000002,False,False,False,9.69757843017578,1531.7146,2,0.0001165064096729,7.004468851127019e-06,968,1931,False,1931.0,False,False,False,False,1.8211356860604033,0.032924196877290195,0.060115728512326064
ARLWSTWARWAFDY,H3-23_A,K3-15,True,32,1,1,1,0.0001165064096729,4.002145149800293e-06,3.836209211505559e-06,7.004468851127019e-06,False,False,False,False,False,False,False,False,False,False,False,False,False,1,1,False,-0.9928571428571428,False,True,False,8.79022674560547,1829.0233,2,0.0001165064096729,7.004468851127019e-06,1052,1935,False,1935.0,False,False,False,False,1.8211356860604033,0.032924196877290195,0.060115728512326064
ARPLAYSWYGFDY,H3-23_A,K3-15,True,32,1,1,1,0.0001165064096729,4.002145149800293e-06,3.836209211505559e-06,7.004468851127019e-06,False,False,False,False,False,False,False,False,False,False,False,False,False,0,0,False,-0.1076923076923075,False,False,False,5.87858085632324,1608.7488999999998,1,0.0001165064096729,7.004468851127019e-06,1081,1937,False,1937.0,False,False,False,False,1.8211356860604033,0.032924196877290195,0.060115728512326064
ARPWPGILGYRYFDI,H3-23_A,K3-15,True,32,1,1,1,0.0001165064096729,4.002145149800293e-06,3.836209211505559e-06,7.004468851127019e-06,False,False,False,False,False,False,False,False,False,False,False,False,False,1,1,False,-0.8066666666666665,False,False,False,8.632579040527343,1824.0879,2,0.0001165064096729,7.004468851127019e-06,1126,1938,False,1938.0,False,False,False,False,1.8211356860604033,0.032924196877290195,0.060115728512326064
ARSRWQNAAFDY,H5-51,K3-15,True,32,1,1,1,0.0001165064096729,4.002145149800293e-06,3.836209211505559e-06,7.004468851127019e-06,False,False,False,False,False,False,False,False,False,False,False,False,False,1,1,False,1.925,False,False,False,8.79022674560547,1484.5738,2,0.0001165064096729,7.004468851127019e-06,1228,1941,False,1941.0,False,False,False,False,1.8211356860604033,0.032924196877290195,0.060115728512326064
ARSVALWSSGLARFDP,H3-23_A,K4-1,True,32,1,1,1,0.0001165064096729,4.002145149800293e-06,3.836209211505559e-06,7.004468851127019e-06,False,False,False,False,True,False,False,False,False,False,False,False,False,1,1,False,0.6687500000000002,False,False,False,9.643601989746092,1732.9361,2,0.0001165064096729,7.004468851127019e-06,1238,1942,False,1942.0,False,False,False,False,1.8211356860604033,0.032924196877290195,0.060115728512326064
ARTAGHAAYAWYTTFDY,H3-23_A,K3-15,True,32,1,1,1,0.0001165064096729,4.002145149800293e-06,3.836209211505559e-06,7.004468851127019e-06,False,False,False,False,False,False,False,False,False,False,False,False,False,0,1,False,1.3647058823529414,False,False,False,6.786059951782226,1965.0835,1,0.0001165064096729,7.004468851127019e-06,1248,1943,False,1943.0,False,False,False,False,1.8211356860604033,0.032924196877290195,0.060115728512326064
ARTPRLSYTSWLFDY,H3-23_A,K3-20,True,32,1,1,1,0.0001165064096729,4.002145149800293e-06,3.836209211505559e-06,7.004468851127019e-06,False,False,False,False,False,False,False,False,False,False,False,False,False,1,1,False,0.3066666666666668,False,False,False,8.632579040527343,1876.0749,2,0.0001165064096729,7.004468851127019e-06,1273,1944,False,1944.0,False,False,False,False,1.8211356860604033,0.032924196877290195,0.060115728512326064
ARVKRFSYGWLEFDY,H4-34,K1-39,True,32,1,1,1,0.0001165064096729,4.002145149800293e-06,3.836209211505559e-06,7.004468851127019e-06,False,False,False,False,False,False,False,False,False,True,False,False,False,1,1,False,0.0733333333333335,False,False,False,8.53950653076172,1937.1594,2,0.0001165064096729,7.004468851127019e-06,1359,1946,False,1946.0,False,False,False,False,1.8211356860604033,0.032924196877290195,0.060115728512326064
ARVPYLYTSYGFDY,H3-23_A,K4-1,True,32,1,1,1,0.0001165064096729,4.002145149800293e-06,3.836209211505559e-06,7.004468851127019e-06,False,False,False,False,False,False,False,False,False,False,False,False,False,0,0,False,0.4357142857142859,False,False,False,5.877711868286132,1714.8692,1,0.0001165064096729,7.004468851127019e-06,1388,1947,False,1947.0,False,False,False,False,1.8211356860604033,0.032924196877290195,0.060115728512326064
ARVRSGWIGLGYWFDP,H3-23_A,K3-20,True,32,1,1,1,0.0001165064096729,4.002145149800293e-06,3.836209211505559e-06,7.004468851127019e-06,False,False,False,True,True,False,False,False,False,False,False,False,False,1,1,False,-0.3624999999999998,False,False,False,8.79022674560547,1880.1114,2,0.0001165064096729,7.004468851127019e-06,1415,1948,False,1948.0,False,False,False,False,1.8211356860604033,0.032924196877290195,0.060115728512326064
ARVYGRSLWGWYAFDP,H3-23_A,K3-20,True,32,1,1,1,0.0001165064096729,4.002145149800293e-06,3.836209211505559e-06,7.004468851127019e-06,False,False,False,False,True,False,False,False,False,False,False,False,False,1,1,False,-0.2062499999999998,False,False,False,8.632579040527343,1944.1536,2,0.0001165064096729,7.004468851127019e-06,1466,1950,False,1950.0,False,False,False,False,1.8211356860604033,0.032924196877290195,0.060115728512326064
ARWSGFYIYRPFDY,H3-23_A,K4-1,True,32,1,1,1,0.0001165064096729,4.002145149800293e-06,3.836209211505559e-06,7.004468851127019e-06,False,False,False,False,False,False,False,False,False,False,False,False,False,1,1,False,-0.5214285714285712,False,False,False,8.539295959472657,1841.0305,2,0.0001165064096729,7.004468851127019e-06,1516,1953,False,1953.0,False,False,False,False,1.8211356860604033,0.032924196877290195,0.060115728512326064
ARYFAPAASWSFDY,H3-23_A,K3-20,True,32,1,1,1,0.0001165064096729,4.002145149800293e-06,3.836209211505559e-06,7.004468851127019e-06,False,False,False,False,False,False,False,False,False,False,False,False,False,0,0,False,0.3928571428571429,False,False,False,5.87944984436035,1651.7737,1,0.0001165064096729,7.004468851127019e-06,1537,1954,False,1954.0,False,False,False,False,1.8211356860604033,0.032924196877290195,0.060115728512326064
ARYIGADLYRYGFDP,H3-23_A,K3-20,True,32,1,1,1,0.0001165064096729,4.002145149800293e-06,3.836209211505559e-06,7.004468851127019e-06,False,False,False,False,True,False,False,False,False,False,False,False,False,0,0,False,0.9333333333333336,False,False,False,6.003152847290039,1776.9436999999998,2,0.0001165064096729,7.004468851127019e-06,1555,1955,False,1955.0,False,False,False,False,1.8211356860604033,0.032924196877290195,0.060115728512326064
ARYKVRSVAGYWFDP,H3-23_A,K3-15,True,32,1,1,1,0.0001165064096729,4.002145149800293e-06,3.836209211505559e-06,7.004468851127019e-06,False,False,False,True,True,False,False,False,False,False,False,False,False,2,2,False,0.8133333333333334,False,False,False,9.69757843017578,1815.0381,2,0.0001165064096729,7.004468851127019e-06,1563,1956,False,1956.0,False,False,False,False,1.8211356860604033,0.032924196877290195,0.060115728512326064
ARYLAGWSGFDY,H3-23_A,K3-20,True,32,1,1,1,0.0001165064096729,4.002145149800293e-06,3.836209211505559e-06,7.004468851127019e-06,False,False,False,False,False,False,False,False,False,False,False,False,False,0,0,False,0.3416666666666668,False,False,False,5.87944984436035,1405.5118,1,0.0001165064096729,7.004468851127019e-06,1565,1957,False,1957.0,False,False,False,False,1.8211356860604033,0.032924196877290195,0.060115728512326064
ARYTFSFAAYRYPFDY,H3-23_A,K3-15,True,32,1,1,1,0.0001165064096729,4.002145149800293e-06,3.836209211505559e-06,7.004468851127019e-06,False,False,False,False,False,False,False,False,False,False,False,False,False,1,1,False,0.2062500000000002,False,False,False,8.472544860839843,2038.2184,2,0.0001165064096729,7.004468851127019e-06,1611,1960,False,1960.0,False,False,False,False,1.8211356860604033,0.032924196877290195,0.060115728512326064
ARAISAFHLVYKWFDP,H3-23_A,K3-15,True,31,1,1,1,0.0001128655843706,4.002145149800293e-06,3.836209211505559e-06,7.004468851127019e-06,False,False,False,False,True,False,False,False,False,False,False,False,False,1,2,False,-0.8937499999999998,False,False,False,8.639878845214845,1921.2031,1,0.0001128655843706,7.004468851127019e-06,22,1963,False,1963.0,False,False,False,False,1.8211356860604033,0.033986173652136166,0.062054773759837374
ARDFPYRTTWGFDY,H3-23_A,K3-20,True,31,1,1,1,0.0001128655843706,4.002145149800293e-06,3.836209211505559e-06,7.004468851127019e-06,False,False,False,False,False,False,False,False,False,False,False,False,False,0,0,False,1.1785714285714288,False,False,False,6.004021835327148,1794.9176,2,0.0001128655843706,7.004468851127019e-06,98,1965,False,1965.0,False,False,False,False,1.8211356860604033,0.033986173652136166,0.062054773759837374
ARDPGWSTWYPFDY,H3-23_A,K1-39,True,31,1,1,1,0.0001128655843706,4.002145149800293e-06,3.836209211505559e-06,7.004468851127019e-06,False,False,False,False,True,False,False,False,False,False,False,False,False,-1,-1,False,1.0642857142857145,False,False,False,4.207874679565429,1760.8565999999998,1,0.0001128655843706,7.004468851127019e-06,151,1967,False,1967.0,False,False,False,False,1.8211356860604033,0.033986173652136166,0.062054773759837374
ARDPWYRVYTHFDY,H3-23_A,K3-20,True,31,1,1,1,0.0001128655843706,4.002145149800293e-06,3.836209211505559e-06,7.004468851127019e-06,False,False,False,False,True,False,False,False,False,False,False,False,False,0,1,False,0.8071428571428572,False,False,False,6.789382553100586,1889.0321,2,0.0001128655843706,7.004468851127019e-06,155,1968,False,1968.0,False,False,False,False,1.8211356860604033,0.033986173652136166,0.062054773759837374
ARDVRIGWYWSAFDY,H3-23_A,K3-15,True,31,1,1,1,0.0001128655843706,4.002145149800293e-06,3.836209211505559e-06,7.004468851127019e-06,False,False,False,True,False,False,False,False,False,False,False,False,False,0,0,False,0.0066666666666667,False,False,False,6.004021835327148,1905.0745,2,0.0001128655843706,7.004468851127019e-06,228,1971,False,1971.0,False,False,False,False,1.8211356860604033,0.033986173652136166,0.062054773759837374
ARDVRVYSWKAFDY,H3-23_A,K4-1,True,31,1,1,1,0.0001128655843706,4.002145149800293e-06,3.836209211505559e-06,7.004468851127019e-06,False,False,False,False,False,False,False,False,False,False,False,False,False,1,1,False,1.0285714285714287,False,False,False,8.539366149902346,1775.9589999999998,2,0.0001128655843706,7.004468851127019e-06,231,1972,False,1972.0,False,False,False,False,1.8211356860604033,0.033986173652136166,0.062054773759837374
ARDYSWSRGFDY,H3-23_A,K3-15,True,31,1,1,1,0.0001128655843706,4.002145149800293e-06,3.836209211505559e-06,7.004468851127019e-06,False,False,False,False,False,False,False,False,False,False,False,False,False,0,0,False,2.1833333333333336,False,False,False,6.004021835327148,1522.5754,2,0.0001128655843706,7.004468851127019e-06,262,1975,False,1975.0,False,False,False,False,1.8211356860604033,0.033986173652136166,0.062054773759837374
ARELYRYVQGYGFDP,H3-23_A,K3-20,True,31,1,1,1,0.0001128655843706,4.002145149800293e-06,3.836209211505559e-06,7.004468851127019e-06,False,False,False,False,True,False,False,False,False,False,False,False,False,0,0,False,1.3333333333333337,False,False,False,6.112389755249024,1833.995,2,0.0001128655843706,7.004468851127019e-06,334,1976,False,1976.0,False,False,False,False,1.8211356860604033,0.033986173652136166,0.062054773759837374
AREWLSYLGTYTYGFDP,H3-23_A,K3-20,True,31,1,1,1,0.0001128655843706,4.002145149800293e-06,3.836209211505559e-06,7.004468851127019e-06,False,False,False,False,True,False,False,False,False,False,False,False,False,-1,-1,False,0.6588235294117649,False,False,False,4.370375442504883,2039.2017,1,0.0001128655843706,7.004468851127019e-06,453,1977,False,1977.0,False,False,False,False,1.8211356860604033,0.033986173652136166,0.062054773759837374
ARFKPHNRYSAFDY,H3-23_A,K3-20,True,31,1,1,1,0.0001128655843706,4.002145149800293e-06,3.836209211505559e-06,7.004468851127019e-06,False,False,False,False,False,False,False,False,False,False,False,False,False,2,3,False,1.7000000000000004,False,False,False,9.69764862060547,1771.9306,2,0.0001128655843706,7.004468851127019e-06,472,1978,False,1978.0,False,False,False,False,1.8211356860604033,0.033986173652136166,0.062054773759837374
ARFKRPPYTVYWGFDY,H3-23_A,K3-15,True,31,1,1,1,0.0001128655843706,4.002145149800293e-06,3.836209211505559e-06,7.004468851127019e-06,False,False,False,False,False,False,False,False,False,False,False,False,False,2,2,False,0.2187500000000001,False,False,False,9.525611877441406,2066.318,2,0.0001128655843706,7.004468851127019e-06,473,1979,False,1979.0,False,False,False,False,1.8211356860604033,0.033986173652136166,0.062054773759837374
ARFRYPASYWVYLPFDY,H3-23_A,K4-1,True,31,1,1,1,0.0001128655843706,4.002145149800293e-06,3.836209211505559e-06,7.004468851127019e-06,False,False,False,False,False,False,False,False,False,False,False,False,False,1,1,False,-0.9176470588235291,False,False,False,8.472544860839843,2214.4765,2,0.0001128655843706,7.004468851127019e-06,488,1980,False,1980.0,False,False,False,False,1.8211356860604033,0.033986173652136166,0.062054773759837374
ARFSYSWLYRFDY,H4-34,K3-20,True,31,1,1,1,0.0001128655843706,4.002145149800293e-06,3.836209211505559e-06,7.004468851127019e-06,False,False,False,False,False,False,False,False,False,False,False,False,False,1,1,False,-0.7538461538461536,False,False,False,8.539295959472657,1773.9413,2,0.0001128655843706,7.004468851127019e-06,494,1981,False,1981.0,False,False,False,False,1.8211356860604033,0.033986173652136166,0.062054773759837374
ARGIGARWYWGDFDP,H3-23_A,K4-1,True,31,1,1,1,0.0001128655843706,4.002145149800293e-06,3.836209211505559e-06,7.004468851127019e-06,False,False,False,True,True,False,False,False,False,True,False,False,False,0,0,False,0.8466666666666669,False,False,False,6.004890823364257,1766.9108,2,0.0001128655843706,7.004468851127019e-06,523,1983,False,1983.0,False,False,False,False,1.8211356860604033,0.033986173652136166,0.062054773759837374
ARGPLGWLFDY,H3-23_A,K1-39,True,31,1,1,1,0.0001128655843706,4.002145149800293e-06,3.836209211505559e-06,7.004468851127019e-06,False,False,False,False,False,False,False,False,False,False,False,False,False,0,0,False,-0.8818181818181816,False,False,False,5.880318832397459,1294.4562,1,0.0001128655843706,7.004468851127019e-06,551,1984,False,1984.0,False,False,False,False,1.8211356860604033,0.033986173652136166,0.062054773759837374
ARGPLLSSTRWGFDY,H3-23_A,K3-15,True,31,1,1,1,0.0001128655843706,4.002145149800293e-06,3.836209211505559e-06,7.004468851127019e-06,False,False,False,False,False,False,False,False,False,False,False,False,False,1,1,False,0.8466666666666669,False,False,False,8.79022674560547,1725.9004,2,0.0001128655843706,7.004468851127019e-06,552,1985,False,1985.0,False,False,False,False,1.8211356860604033,0.033986173652136166,0.062054773759837374
ARGPVWTRLFDY,H3-23_A,K4-1,True,31,1,1,1,0.0001128655843706,4.002145149800293e-06,3.836209211505559e-06,7.004468851127019e-06,False,False,False,False,False,False,False,False,False,False,False,False,False,1,1,False,-0.0416666666666664,False,False,False,8.79022674560547,1480.6679,2,0.0001128655843706,7.004468851127019e-06,575,1986,False,1986.0,False,False,False,False,1.8211356860604033,0.033986173652136166,0.062054773759837374
ARGPYRLGSFSLGFDY,H3-23_A,K3-15,True,31,1,1,1,0.0001128655843706,4.002145149800293e-06,3.836209211505559e-06,7.004468851127019e-06,False,False,False,False,False,False,False,False,False,False,False,False,False,1,1,False,0.7562500000000003,False,False,False,8.632579040527343,1805.9849,2,0.0001128655843706,7.004468851127019e-06,599,1989,False,1989.0,False,False,False,False,1.8211356860604033,0.033986173652136166,0.062054773759837374
ARGTTRWYGVWYAFDY,H3-23_A,K3-15,True,31,1,1,1,0.0001128655843706,4.002145149800293e-06,3.836209211505559e-06,7.004468851127019e-06,False,False,False,False,False,False,False,False,False,False,False,False,False,1,1,False,0.3625000000000001,False,False,False,8.539295959472657,2012.1845,2,0.0001128655843706,7.004468851127019e-06,675,1992,False,1992.0,False,False,False,False,1.8211356860604033,0.033986173652136166,0.062054773759837374
ARGWGAYSAFHYGFDP,H3-23_A,K1-39,True,31,1,1,1,0.0001128655843706,4.002145149800293e-06,3.836209211505559e-06,7.004468851127019e-06,False,False,False,True,True,False,False,False,False,False,False,False,False,0,1,False,1.00625,False,False,False,6.787184524536133,1801.9117,1,0.0001128655843706,7.004468851127019e-06,687,1993,False,1993.0,False,False,False,False,1.8211356860604033,0.033986173652136166,0.062054773759837374
ARGWLYGSYALSYGFDY,H3-23_A,K3-15,True,31,1,1,1,0.0001128655843706,4.002145149800293e-06,3.836209211505559e-06,7.004468851127019e-06,False,False,False,False,False,False,False,False,False,False,False,False,False,0,0,False,0.1941176470588237,False,False,False,5.877711868286132,1989.1444,1,0.0001128655843706,7.004468851127019e-06,689,1994,False,1994.0,False,False,False,False,1.8211356860604033,0.033986173652136166,0.062054773759837374
ARHKWGRAGASYFDY,H5-51,UNK,True,31,1,1,1,0.0001128655843706,4.002145149800293e-06,3.836209211505559e-06,7.004468851127019e-06,False,False,False,False,False,False,False,False,False,False,False,False,False,2,3,False,1.8266666666666669,False,False,False,9.69764862060547,1784.9294,2,0.0001128655843706,7.004468851127019e-06,739,1995,False,1995.0,False,False,False,False,1.8211356860604033,0.033986173652136166,0.062054773759837374
ARKYHGSSSATRFDI,H3-23_A,K1-39,True,31,1,1,1,0.0001128655843706,4.002145149800293e-06,3.836209211505559e-06,7.004468851127019e-06,False,False,False,False,False,False,False,False,False,False,False,False,False,2,3,False,2.78,False,False,False,9.98683319091797,1695.8332,2,0.0001128655843706,7.004468851127019e-06,933,2003,False,2003.0,False,False,False,False,1.8211356860604033,0.033986173652136166,0.062054773759837374
ARLGTYGFYLHSFDY,H3-23_A,K4-1,True,31,1,1,1,0.0001128655843706,4.002145149800293e-06,3.836209211505559e-06,7.004468851127019e-06,False,False,False,False,False,False,False,False,False,False,False,False,False,0,1,False,-0.0666666666666664,False,False,False,6.786059951782226,1809.9718000000005,1,0.0001128655843706,7.004468851127019e-06,952,2004,False,2004.0,False,False,False,False,1.8211356860604033,0.033986173652136166,0.062054773759837374
ARSPSSSTNYFDY,H5-51,K4-1,True,31,1,1,1,0.0001128655843706,4.002145149800293e-06,3.836209211505559e-06,7.004468851127019e-06,False,False,False,False,False,False,False,False,False,False,False,False,False,0,0,False,3.353846153846154,False,False,False,5.87944984436035,1494.5174,1,0.0001128655843706,7.004468851127019e-06,1207,2009,False,2009.0,False,False,False,False,1.8211356860604033,0.033986173652136166,0.062054773759837374
ARVHLRYTGDYGFDI,H3-23_A,K3-20,True,31,1,1,1,0.0001128655843706,4.002145149800293e-06,3.836209211505559e-06,7.004468851127019e-06,False,False,False,False,False,False,False,False,False,False,False,False,False,0,1,False,1.0200000000000002,False,False,False,6.790507125854492,1782.9516,2,0.0001128655843706,7.004468851127019e-06,1334,2013,False,2013.0,False,False,False,False,1.8211356860604033,0.033986173652136166,0.062054773759837374
ARVSRSFGYGYGFDY,H3-23_A,K3-20,True,31,1,1,1,0.0001128655843706,4.002145149800293e-06,3.836209211505559e-06,7.004468851127019e-06,False,False,False,False,False,False,False,False,False,False,False,False,False,1,1,False,1.5200000000000002,False,False,False,8.539295959472657,1744.8586999999998,2,0.0001128655843706,7.004468851127019e-06,1440,2016,False,2016.0,False,False,False,False,1.8211356860604033,0.033986173652136166,0.062054773759837374
ARVWLRSFVTDYFDY,H1-69,K3-15,True,31,1,1,1,0.0001128655843706,4.002145149800293e-06,3.836209211505559e-06,7.004468851127019e-06,False,False,False,False,False,False,False,False,False,False,False,False,False,0,0,False,-0.4399999999999998,False,False,False,6.004021835327148,1938.1441,2,0.0001128655843706,7.004468851127019e-06,1460,2017,False,2017.0,False,False,False,False,1.8211356860604033,0.033986173652136166,0.062054773759837374
ARVYVSRAFYHFDY,H3-23_A,K3-15,True,31,1,1,1,0.0001128655843706,4.002145149800293e-06,3.836209211505559e-06,7.004468851127019e-06,False,False,False,True,False,False,False,False,False,False,False,False,False,1,2,False,-0.0214285714285712,False,False,False,8.545542907714843,1793.9757,2,0.0001128655843706,7.004468851127019e-06,1477,2018,False,2018.0,False,False,False,False,1.8211356860604033,0.033986173652136166,0.062054773759837374
ARWEGRGYFDY,H5-51,K3-20,True,31,1,1,1,0.0001128655843706,4.002145149800293e-06,3.836209211505559e-06,7.004468851127019e-06,False,False,False,False,False,False,False,False,False,False,False,False,False,0,0,False,1.5181818181818183,False,False,False,6.113258743286132,1419.4987,2,0.0001128655843706,7.004468851127019e-06,1480,2019,False,2019.0,False,False,False,False,1.8211356860604033,0.033986173652136166,0.062054773759837374
ARYDPQWSLRSWFDP,H3-23_A,UNK,True,31,1,1,1,0.0001128655843706,4.002145149800293e-06,3.836209211505559e-06,7.004468851127019e-06,False,False,False,False,True,False,False,False,False,False,False,False,False,0,0,False,0.8933333333333334,False,False,False,6.004890823364257,1924.078,2,0.0001128655843706,7.004468851127019e-06,1534,2020,False,2020.0,False,False,False,False,1.8211356860604033,0.033986173652136166,0.062054773759837374
ARYVTSSYFDY,H3-23_A,K3-20,True,31,1,1,1,0.0001128655843706,4.002145149800293e-06,3.836209211505559e-06,7.004468851127019e-06,False,False,False,False,False,False,False,False,False,False,False,False,False,0,0,False,1.4454545454545455,False,False,False,5.87858085632324,1371.4492,1,0.0001128655843706,7.004468851127019e-06,1617,2021,False,2021.0,False,False,False,False,1.8211356860604033,0.033986173652136166,0.062054773759837374
ARAVYLYGRYGFDY,H1-69,K3-15,True,30,1,1,1,0.0001092247590683,4.002145149800293e-06,3.836209211505559e-06,7.004468851127019e-06,False,False,False,False,False,False,False,False,False,False,False,False,False,1,1,False,0.3071428571428573,False,False,False,8.472544860839843,1713.8877,2,0.0001092247590683,7.004468851127019e-06,73,2024,False,2024.0,False,False,False,False,1.8211356860604033,0.035118942397327345,0.06412307685640074
ARDAADAYDFDY,H4-34,K1-39,True,30,1,1,1,0.0001092247590683,4.002145149800293e-06,3.836209211505559e-06,7.004468851127019e-06,False,False,False,False,False,False,False,False,False,True,False,False,False,-3,-3,False,3.3000000000000003,False,False,False,4.050025558471679,1392.3824,1,0.0001092247590683,7.004468851127019e-06,81,2025,False,2025.0,False,False,False,False,1.8211356860604033,0.035118942397327345,0.06412307685640074
ARDFLYHRGPVYGFDP,H3-23_A,K3-20,True,30,1,1,1,0.0001092247590683,4.002145149800293e-06,3.836209211505559e-06,7.004468851127019e-06,False,False,False,False,True,False,False,False,False,False,False,False,False,0,1,False,0.8187500000000002,False,False,False,6.790507125854492,1910.0943,2,0.0001092247590683,7.004468851127019e-06,96,2026,False,2026.0,False,False,False,False,1.8211356860604033,0.035118942397327345,0.06412307685640074
ARDNVWYNWGFDY,H3-23_A,K3-15,True,30,1,1,1,0.0001092247590683,4.002145149800293e-06,3.836209211505559e-06,7.004468851127019e-06,False,False,False,False,False,False,False,False,False,False,False,False,False,-1,-1,False,0.7153846153846154,False,False,False,4.207874679565429,1705.7812,1,0.0001092247590683,7.004468851127019e-06,148,2027,False,2027.0,False,False,False,False,1.8211356860604033,0.035118942397327345,0.06412307685640074
ARDPAYWQGSRFDY,H3-23_A,UNK,True,30,1,1,1,0.0001092247590683,4.002145149800293e-06,3.836209211505559e-06,7.004468851127019e-06,False,False,False,False,True,False,False,False,False,False,False,False,False,0,0,False,2.1357142857142857,False,False,False,6.004021835327148,1731.8203999999998,2,0.0001092247590683,7.004468851127019e-06,150,2028,False,2028.0,False,False,False,False,1.8211356860604033,0.035118942397327345,0.06412307685640074
ARDRFYNAYLYFDY,H3-23_A,K3-20,True,30,1,1,1,0.0001092247590683,4.002145149800293e-06,3.836209211505559e-06,7.004468851127019e-06,False,False,False,False,False,False,False,False,False,False,False,False,False,0,0,False,0.3142857142857145,False,False,False,6.0022838592529295,1877.0179,2,0.0001092247590683,7.004468851127019e-06,170,2029,False,2029.0,False,False,False,False,1.8211356860604033,0.035118942397327345,0.06412307685640074
ARDVFHGARYGFDY,H3-23_A,K3-20,True,30,1,1,1,0.0001092247590683,4.002145149800293e-06,3.836209211505559e-06,7.004468851127019e-06,False,False,False,False,False,False,False,False,False,False,False,False,False,0,1,False,1.442857142857143,False,False,False,6.790507125854492,1673.7841999999998,2,0.0001092247590683,7.004468851127019e-06,218,2031,False,2031.0,False,False,False,False,1.8211356860604033,0.035118942397327345,0.06412307685640074
ARDWPYWFLGYGRPFDY,H3-23_A,K3-15,True,30,1,1,1,0.0001092247590683,4.002145149800293e-06,3.836209211505559e-06,7.004468851127019e-06,False,False,False,True,False,False,False,False,False,False,False,False,False,0,0,False,-0.4235294117647057,False,False,False,6.003152847290039,2209.417,2,0.0001092247590683,7.004468851127019e-06,241,2032,False,2032.0,False,False,False,False,1.8211356860604033,0.035118942397327345,0.06412307685640074
ARDYGTRWAFGYLGFDY,H3-23_A,K3-15,True,30,1,1,1,0.0001092247590683,4.002145149800293e-06,3.836209211505559e-06,7.004468851127019e-06,False,False,False,False,False,False,False,False,False,False,False,False,False,0,0,False,0.6823529411764708,False,False,False,6.003152847290039,2058.2098,2,0.0001092247590683,7.004468851127019e-06,255,2033,False,2033.0,False,False,False,False,1.8211356860604033,0.035118942397327345,0.06412307685640074
AREFVSLGRVTLFDY,H3-23_A,K3-15,True,30,1,1,1,0.0001092247590683,4.002145149800293e-06,3.836209211505559e-06,7.004468851127019e-06,False,False,False,False,False,False,False,False,False,False,False,False,False,0,0,False,-0.0266666666666664,False,False,False,6.114178848266601,1772.9965000000002,2,0.0001092247590683,7.004468851127019e-06,285,2034,False,2034.0,False,False,False,False,1.8211356860604033,0.035118942397327345,0.06412307685640074
AREILYTYAWNYFDY,H3-23_A,K3-15,True,30,1,1,1,0.0001092247590683,4.002145149800293e-06,3.836209211505559e-06,7.004468851127019e-06,False,False,False,False,False,False,False,False,False,False,False,False,False,-1,-1,False,-0.3733333333333332,False,False,False,4.370324325561524,1988.1564000000003,1,0.0001092247590683,7.004468851127019e-06,324,2035,False,2035.0,False,False,False,False,1.8211356860604033,0.035118942397327345,0.06412307685640074
AREIWLGWSGFDY,H3-23_A,K3-20,True,30,1,1,1,0.0001092247590683,4.002145149800293e-06,3.836209211505559e-06,7.004468851127019e-06,False,False,False,False,False,False,False,False,False,False,False,False,False,-1,-1,False,-0.4846153846153844,False,False,False,4.370375442504883,1599.7422,1,0.0001092247590683,7.004468851127019e-06,327,2036,False,2036.0,False,False,False,False,1.8211356860604033,0.035118942397327345,0.06412307685640074
ARERGEGTYGFDY,H5-51,K3-20,True,30,1,1,1,0.0001092247590683,4.002145149800293e-06,3.836209211505559e-06,7.004468851127019e-06,False,False,False,False,False,False,False,False,False,False,False,False,False,-1,-1,False,3.4923076923076923,False,False,False,4.6793262481689455,1520.558,2,0.0001092247590683,7.004468851127019e-06,378,2037,False,2037.0,False,False,False,False,1.8211356860604033,0.035118942397327345,0.06412307685640074
ARGEIGSGDYIGHFDY,H1-69,K1-39,True,30,1,1,1,0.0001092247590683,4.002145149800293e-06,3.836209211505559e-06,7.004468851127019e-06,False,False,False,False,False,False,False,False,False,False,False,False,False,-2,-1,False,2.28125,False,False,False,4.536607742309571,1756.8249,1,0.0001092247590683,7.004468851127019e-06,507,2039,False,2039.0,False,False,False,False,1.8211356860604033,0.035118942397327345,0.06412307685640074
ARGFYVYSRYGKGFDY,H3-23_A,K3-20,True,30,1,1,1,0.0001092247590683,4.002145149800293e-06,3.836209211505559e-06,7.004468851127019e-06,False,False,False,False,False,False,False,False,False,False,False,False,False,2,2,False,1.25625,False,False,False,9.40341033935547,1949.1269,2,0.0001092247590683,7.004468851127019e-06,516,2040,False,2040.0,False,False,False,False,1.8211356860604033,0.035118942397327345,0.06412307685640074
ARGHYGWYWRTSTTFDP,H3-23_A,K1-39,True,30,1,1,1,0.0001092247590683,4.002145149800293e-06,3.836209211505559e-06,7.004468851127019e-06,False,False,False,True,True,False,False,False,False,False,False,False,False,1,2,False,1.4823529411764709,False,False,False,8.638685607910158,2101.2381,2,0.0001092247590683,7.004468851127019e-06,522,2042,False,2042.0,False,False,False,False,1.8211356860604033,0.035118942397327345,0.06412307685640074
ARGLASYPRWIFDY,H3-23_A,K1-39,True,30,1,1,1,0.0001092247590683,4.002145149800293e-06,3.836209211505559e-06,7.004468851127019e-06,False,False,False,False,False,False,False,False,False,False,False,False,False,1,1,False,-0.2357142857142855,False,False,False,8.632579040527343,1714.919,2,0.0001092247590683,7.004468851127019e-06,530,2043,False,2043.0,False,False,False,False,1.8211356860604033,0.035118942397327345,0.06412307685640074
ARGLVATYHIYSHWFDP,H3-23_A,K3-15,True,30,1,1,1,0.0001092247590683,4.002145149800293e-06,3.836209211505559e-06,7.004468851127019e-06,False,False,False,True,True,False,False,False,False,False,False,False,False,0,2,False,-0.1058823529411763,False,False,False,6.959295272827148,2033.2468,1,0.0001092247590683,7.004468851127019e-06,537,2044,False,2044.0,False,False,False,False,1.8211356860604033,0.035118942397327345,0.06412307685640074
ARGPYWAVYSRFGFDY,H3-23_A,K1-39,True,30,1,1,1,0.0001092247590683,4.002145149800293e-06,3.836209211505559e-06,7.004468851127019e-06,False,False,False,False,False,False,False,False,False,False,False,False,False,1,1,False,0.3000000000000001,False,False,False,8.539295959472657,1955.1331,2,0.0001092247590683,7.004468851127019e-06,622,2045,False,2045.0,False,False,False,False,1.8211356860604033,0.035118942397327345,0.06412307685640074
ARGWRYVASLWYFDY,H3-23_A,K3-20,True,30,1,1,1,0.0001092247590683,4.002145149800293e-06,3.836209211505559e-06,7.004468851127019e-06,False,False,False,True,False,False,False,False,False,False,False,False,False,1,1,False,-0.8666666666666666,False,False,False,8.539295959472657,1953.1603,2,0.0001092247590683,7.004468851127019e-06,692,2049,False,2049.0,False,False,False,False,1.8211356860604033,0.035118942397327345,0.06412307685640074
ARGYVTSATYHYGFYY,H4-34,K3-20,True,30,1,1,1,0.0001092247590683,4.002145149800293e-06,3.836209211505559e-06,7.004468851127019e-06,False,False,False,True,False,False,False,False,False,False,False,False,False,1,2,False,1.025,False,False,False,8.427342224121094,1919.0546,1,0.0001092247590683,7.004468851127019e-06,704,2050,False,2050.0,False,False,False,False,1.8211356860604033,0.035118942397327345,0.06412307685640074
ARHDPGVYAGFDY,H3-23_A,K3-20,True,30,1,1,1,0.0001092247590683,4.002145149800293e-06,3.836209211505559e-06,7.004468851127019e-06,False,False,False,False,True,False,False,False,False,False,False,False,False,-1,0,False,2.1,False,False,False,5.212373733520507,1467.5399,1,0.0001092247590683,7.004468851127019e-06,709,2051,False,2051.0,False,False,False,False,1.8211356860604033,0.035118942397327345,0.06412307685640074
ARHGRFGYGYGFDY,H3-23_A,K4-1,True,30,1,1,1,0.0001092247590683,4.002145149800293e-06,3.836209211505559e-06,7.004468851127019e-06,False,False,False,False,False,False,False,False,False,False,False,False,False,1,2,False,1.5214285714285718,False,False,False,8.545542907714843,1665.7636999999995,2,0.0001092247590683,7.004468851127019e-06,723,2052,False,2052.0,False,False,False,False,1.8211356860604033,0.035118942397327345,0.06412307685640074
ARHIRSLIYAYIGFDP,H3-23_A,K1-39,True,30,1,1,1,0.0001092247590683,4.002145149800293e-06,3.836209211505559e-06,7.004468851127019e-06,False,False,False,False,True,False,False,False,False,False,False,False,False,1,2,False,-0.4499999999999998,False,False,False,8.638685607910158,1892.1636,2,0.0001092247590683,7.004468851127019e-06,737,2053,False,2053.0,False,False,False,False,1.8211356860604033,0.035118942397327345,0.06412307685640074
ARHLGYNYWYNFDY,H3-23_A,K3-20,True,30,1,1,1,0.0001092247590683,4.002145149800293e-06,3.836209211505559e-06,7.004468851127019e-06,False,False,False,True,False,False,False,False,False,False,False,False,False,0,1,False,0.1500000000000001,False,False,False,6.78493537902832,1881.9962,1,0.0001092247590683,7.004468851127019e-06,745,2054,False,2054.0,False,False,False,False,1.8211356860604033,0.035118942397327345,0.06412307685640074
ARHRPYFVASVYEWFDP,H3-23_A,K3-20,True,30,1,1,1,0.0001092247590683,4.002145149800293e-06,3.836209211505559e-06,7.004468851127019e-06,False,False,False,False,True,False,False,False,False,False,False,False,False,0,1,False,0.211764705882353,False,False,False,6.795363235473633,2140.3568,2,0.0001092247590683,7.004468851127019e-06,786,2055,False,2055.0,False,False,False,False,1.8211356860604033,0.035118942397327345,0.06412307685640074
ARHSSLLPGYWRFDY,H3-23_A,K1-39,True,30,1,1,1,0.0001092247590683,4.002145149800293e-06,3.836209211505559e-06,7.004468851127019e-06,False,False,False,False,False,False,False,False,False,False,False,False,False,1,2,False,0.1333333333333335,False,False,False,8.638685607910158,1868.0577000000003,2,0.0001092247590683,7.004468851127019e-06,804,2057,False,2057.0,False,False,False,False,1.8211356860604033,0.035118942397327345,0.06412307685640074
ARHWSYFGHHFDY,H4-34,K4-1,True,30,1,1,1,0.0001092247590683,4.002145149800293e-06,3.836209211505559e-06,7.004468851127019e-06,False,False,False,True,False,False,False,False,False,False,False,False,False,0,3,False,0.2000000000000001,False,False,False,7.061631393432617,1722.8167,1,0.0001092247590683,7.004468851127019e-06,817,2058,False,2058.0,False,False,False,False,1.8211356860604033,0.035118942397327345,0.06412307685640074
ARHYWSSLRHFDY,H3-23_A,K4-1,True,30,1,1,1,0.0001092247590683,4.002145149800293e-06,3.836209211505559e-06,7.004468851127019e-06,False,False,False,True,False,False,False,False,False,False,False,False,False,1,3,False,0.4230769230769232,False,False,False,8.644651794433596,1737.8728999999998,2,0.0001092247590683,7.004468851127019e-06,837,2059,False,2059.0,False,False,False,False,1.8211356860604033,0.035118942397327345,0.06412307685640074
ARIKYQRSWGYSFDY,H3-23_A,K3-20,True,30,1,1,1,0.0001092247590683,4.002145149800293e-06,3.836209211505559e-06,7.004468851127019e-06,False,False,False,False,False,False,False,False,False,False,False,False,False,2,2,False,1.2,False,False,False,9.525611877441406,1940.1203,2,0.0001092247590683,7.004468851127019e-06,861,2060,False,2060.0,False,False,False,False,1.8211356860604033,0.035118942397327345,0.06412307685640074
ARKRWASGTDFDY,H3-23_A,K3-20,True,30,1,1,1,0.0001092247590683,4.002145149800293e-06,3.836209211505559e-06,7.004468851127019e-06,False,False,False,False,False,False,False,False,False,True,False,False,False,1,1,False,2.661538461538462,False,False,False,8.632649230957028,1572.679,2,0.0001092247590683,7.004468851127019e-06,918,2062,False,2062.0,False,False,False,False,1.8211356860604033,0.035118942397327345,0.06412307685640074
ARLIRYAGSVSYWFDP,H3-23_A,K4-1,True,30,1,1,1,0.0001092247590683,4.002145149800293e-06,3.836209211505559e-06,7.004468851127019e-06,False,False,False,True,True,False,False,False,False,False,False,False,False,1,1,False,-0.0312499999999998,False,False,False,8.632579040527343,1901.1273,2,0.0001092247590683,7.004468851127019e-06,963,2064,False,2064.0,False,False,False,False,1.8211356860604033,0.035118942397327345,0.06412307685640074
ARNLARWFPWKHGYFDI,H4-34,K3-20,True,30,1,1,1,0.0001092247590683,4.002145149800293e-06,3.836209211505559e-06,7.004468851127019e-06,False,False,False,False,False,False,False,False,False,False,False,False,False,2,3,False,-0.7235294117647058,False,False,False,9.98683319091797,2177.4664,2,0.0001092247590683,7.004468851127019e-06,1060,2067,False,2067.0,False,False,False,False,1.8211356860604033,0.035118942397327345,0.06412307685640074
ARNVDYAWLAYWFDP,H3-23_A,K1-39,True,30,1,1,1,0.0001092247590683,4.002145149800293e-06,3.836209211505559e-06,7.004468851127019e-06,False,False,False,True,True,False,False,False,False,False,False,False,False,-1,-1,False,-0.4199999999999999,False,False,False,4.207874679565429,1887.0559000000003,1,0.0001092247590683,7.004468851127019e-06,1071,2068,False,2068.0,False,False,False,False,1.8211356860604033,0.035118942397327345,0.06412307685640074
ARPPKHFATHSFDY,H3-23_A,K3-20,True,30,1,1,1,0.0001092247590683,4.002145149800293e-06,3.836209211505559e-06,7.004468851127019e-06,False,False,False,False,False,False,False,False,False,False,False,False,False,1,3,False,1.7071428571428573,False,False,False,8.645845031738283,1673.8275,1,0.0001092247590683,7.004468851127019e-06,1106,2070,False,2070.0,False,False,False,False,1.8211356860604033,0.035118942397327345,0.06412307685640074
ARQSLLYSLFHRYFDP,H3-23_A,K3-20,True,30,1,1,1,0.0001092247590683,4.002145149800293e-06,3.836209211505559e-06,7.004468851127019e-06,False,False,False,False,True,False,False,False,False,False,False,False,False,1,2,False,-0.3812499999999997,False,False,False,8.638685607910158,2013.2571000000005,2,0.0001092247590683,7.004468851127019e-06,1161,2072,False,2072.0,False,False,False,False,1.8211356860604033,0.035118942397327345,0.06412307685640074
ARSARGYPAWTFDY,H3-23_A,K1-39,True,30,1,1,1,0.0001092247590683,4.002145149800293e-06,3.836209211505559e-06,7.004468851127019e-06,False,False,False,False,False,False,False,False,False,False,False,False,False,1,1,False,1.5142857142857145,False,False,False,8.632579040527343,1660.7856,2,0.0001092247590683,7.004468851127019e-06,1175,2073,False,2073.0,False,False,False,False,1.8211356860604033,0.035118942397327345,0.06412307685640074
ARSGYSRTYGTAFDY,H5-51,UNK,True,30,1,1,1,0.0001092247590683,4.002145149800293e-06,3.836209211505559e-06,7.004468851127019e-06,False,False,False,False,False,False,False,False,False,False,False,False,False,1,1,False,2.833333333333333,False,False,False,8.539295959472657,1714.7883000000002,2,0.0001092247590683,7.004468851127019e-06,1186,2074,False,2074.0,False,False,False,False,1.8211356860604033,0.035118942397327345,0.06412307685640074
ARSSRQSYAFDY,H5-51,K3-20,True,30,1,1,1,0.0001092247590683,4.002145149800293e-06,3.836209211505559e-06,7.004468851127019e-06,False,False,False,False,False,False,False,False,False,False,False,False,False,1,1,False,2.9250000000000003,False,False,False,8.632579040527343,1450.5112,2,0.0001092247590683,7.004468851127019e-06,1232,2075,False,2075.0,False,False,False,False,1.8211356860604033,0.035118942397327345,0.06412307685640074
ARVKYRSPGFDY,H3-23_A,K3-20,True,30,1,1,1,0.0001092247590683,4.002145149800293e-06,3.836209211505559e-06,7.004468851127019e-06,False,False,False,False,False,False,False,False,False,False,False,False,False,2,2,False,1.9833333333333332,False,False,False,9.69757843017578,1458.6192999999998,2,0.0001092247590683,7.004468851127019e-06,1363,2078,False,2078.0,False,False,False,False,1.8211356860604033,0.035118942397327345,0.06412307685640074
ARVLAGRSLDY,H3-23_A,K3-20,True,30,1,1,1,0.0001092247590683,4.002145149800293e-06,3.836209211505559e-06,7.004468851127019e-06,False,False,False,False,False,False,False,False,False,False,False,False,False,1,1,False,0.981818181818182,False,False,False,8.79022674560547,1220.3779,2,0.0001092247590683,7.004468851127019e-06,1367,2079,False,2079.0,False,False,False,False,1.8211356860604033,0.035118942397327345,0.06412307685640074
ARVRLTGSSYGFDY,H3-23_A,K4-1,True,30,1,1,1,0.0001092247590683,4.002145149800293e-06,3.836209211505559e-06,7.004468851127019e-06,False,False,False,False,False,False,False,False,False,False,False,False,False,1,1,False,1.7285714285714289,False,False,False,8.632579040527343,1591.7218999999998,2,0.0001092247590683,7.004468851127019e-06,1409,2082,False,2082.0,False,False,False,False,1.8211356860604033,0.035118942397327345,0.06412307685640074
ARVTYTGLLYGFDY,H1-69,K1-39,True,30,1,1,1,0.0001092247590683,4.002145149800293e-06,3.836209211505559e-06,7.004468851127019e-06,False,False,False,False,False,False,False,False,False,False,False,False,False,0,0,False,0.0785714285714288,False,False,False,5.87858085632324,1638.8163,1,0.0001092247590683,7.004468851127019e-06,1455,2084,False,2084.0,False,False,False,False,1.8211356860604033,0.035118942397327345,0.06412307685640074
ARWAYGYGRFDY,H3-23_A,K4-1,True,30,1,1,1,0.0001092247590683,4.002145149800293e-06,3.836209211505559e-06,7.004468851127019e-06,False,False,False,False,False,False,False,False,False,False,False,False,False,1,1,False,0.7583333333333334,False,False,False,8.539295959472657,1524.6358,2,0.0001092247590683,7.004468851127019e-06,1479,2086,False,2086.0,False,False,False,False,1.8211356860604033,0.035118942397327345,0.06412307685640074
ARWLRVSSGWYHFDI,H3-23_A,K1-39,True,30,1,1,1,0.0001092247590683,4.002145149800293e-06,3.836209211505559e-06,7.004468851127019e-06,False,False,False,True,False,False,False,False,False,False,False,False,False,1,2,False,-0.7133333333333332,False,False,False,8.796192932128907,1893.1102,2,0.0001092247590683,7.004468851127019e-06,1494,2088,False,2088.0,False,False,False,False,1.8211356860604033,0.035118942397327345,0.06412307685640074
ARWTTSSLGYTPFDI,H3-23_A,K3-20,True,30,1,1,1,0.0001092247590683,4.002145149800293e-06,3.836209211505559e-06,7.004468851127019e-06,False,False,False,False,False,False,False,False,False,False,False,False,False,0,0,False,0.9600000000000002,False,False,False,5.880318832397459,1714.8712,1,0.0001092247590683,7.004468851127019e-06,1522,2090,False,2090.0,False,False,False,False,1.8211356860604033,0.035118942397327345,0.06412307685640074
ARYDVYARYNAFDY,H3-23_A,K3-15,True,30,1,1,1,0.0001092247590683,4.002145149800293e-06,3.836209211505559e-06,7.004468851127019e-06,False,False,False,False,False,False,False,False,False,False,False,False,False,0,0,False,1.5142857142857145,False,False,False,6.0022838592529295,1786.8954,2,0.0001092247590683,7.004468851127019e-06,1535,2091,False,2091.0,False,False,False,False,1.8211356860604033,0.035118942397327345,0.06412307685640074
ARYGWDLWGEFDY,H3-23_A,K3-20,True,30,1,1,1,0.0001092247590683,4.002145149800293e-06,3.836209211505559e-06,7.004468851127019e-06,False,False,False,False,False,False,False,False,False,True,False,False,False,-2,-2,False,0.253846153846154,False,False,False,4.050025558471679,1677.7678999999998,1,0.0001092247590683,7.004468851127019e-06,1544,2092,False,2092.0,False,False,False,False,1.8211356860604033,0.035118942397327345,0.06412307685640074
ARYGWSLGVYFDY,H3-23_A,K3-15,True,30,1,1,1,0.0001092247590683,4.002145149800293e-06,3.836209211505559e-06,7.004468851127019e-06,False,False,False,False,False,False,False,False,False,False,False,False,False,0,0,False,-0.2769230769230767,False,False,False,5.87858085632324,1596.7380999999998,1,0.0001092247590683,7.004468851127019e-06,1545,2093,False,2093.0,False,False,False,False,1.8211356860604033,0.035118942397327345,0.06412307685640074
ARYHATWYLGTLAFDP,H3-23_A,K1-39,True,30,1,1,1,0.0001092247590683,4.002145149800293e-06,3.836209211505559e-06,7.004468851127019e-06,False,False,False,False,True,False,False,False,False,False,False,False,False,0,1,False,-0.0374999999999997,False,False,False,6.787184524536133,1882.081,1,0.0001092247590683,7.004468851127019e-06,1550,2094,False,2094.0,False,False,False,False,1.8211356860604033,0.035118942397327345,0.06412307685640074
ARYRGALTGFDY,H3-23_A,K4-1,True,30,1,1,1,0.0001092247590683,4.002145149800293e-06,3.836209211505559e-06,7.004468851127019e-06,False,False,False,False,False,False,False,False,False,False,False,False,False,1,1,False,1.416666666666667,False,False,False,8.632579040527343,1389.5141999999998,2,0.0001092247590683,7.004468851127019e-06,1588,2097,False,2097.0,False,False,False,False,1.8211356860604033,0.035118942397327345,0.06412307685640074
ARAAWYGYWGFDY,H3-23_A,K3-20,True,29,1,1,1,0.0001055839337661,4.002145149800293e-06,3.836209211505559e-06,7.004468851127019e-06,False,False,False,False,False,False,False,False,False,False,False,False,False,0,0,False,-0.2307692307692306,False,False,False,5.87858085632324,1625.7379,1,0.0001055839337661,7.004468851127019e-06,5,2098,False,2098.0,False,False,False,False,1.8211356860604033,0.03632982572657161,0.06633400803726608
ARAPYSWGWAFRYAFDP,H4-34,K3-15,True,29,1,1,1,0.0001055839337661,4.002145149800293e-06,3.836209211505559e-06,7.004468851127019e-06,False,False,False,False,True,False,False,False,False,False,False,False,False,1,1,False,0.0588235294117648,False,False,False,8.632579040527343,2061.2585,2,0.0001055839337661,7.004468851127019e-06,39,2099,False,2099.0,False,False,False,False,1.8211356860604033,0.03632982572657161,0.06633400803726608
ARARYVYAAFDY,H5-51,UNK,True,29,1,1,1,0.0001055839337661,4.002145149800293e-06,3.836209211505559e-06,7.004468851127019e-06,False,False,False,False,False,False,False,False,False,False,False,False,False,1,1,False,0.6833333333333335,False,False,False,8.539295959472657,1465.6101,2,0.0001055839337661,7.004468851127019e-06,60,2101,False,2101.0,False,False,False,False,1.8211356860604033,0.03632982572657161,0.06633400803726608
ARAYRYGWYTGFDY,H5-51,UNK,True,29,1,1,1,0.0001055839337661,4.002145149800293e-06,3.836209211505559e-06,7.004468851127019e-06,False,False,False,False,False,False,False,False,False,False,False,False,False,1,1,False,0.8857142857142859,False,False,False,8.472544860839843,1788.9128999999998,2,0.0001055839337661,7.004468851127019e-06,79,2102,False,2102.0,False,False,False,False,1.8211356860604033,0.03632982572657161,0.06633400803726608
ARDLYAGRSWSFDY,H3-23_A,UNK,True,29,1,1,1,0.0001055839337661,4.002145149800293e-06,3.836209211505559e-06,7.004468851127019e-06,False,False,False,False,False,False,False,False,False,False,False,False,False,0,0,False,1.3642857142857143,False,False,False,6.004021835327148,1706.8109,2,0.0001055839337661,7.004468851127019e-06,141,2103,False,2103.0,False,False,False,False,1.8211356860604033,0.03632982572657161,0.06633400803726608
ARDNIYHGVWGFDY,H3-23_A,K4-1,True,29,1,1,1,0.0001055839337661,4.002145149800293e-06,3.836209211505559e-06,7.004468851127019e-06,False,False,False,False,False,False,False,False,False,False,False,False,False,-1,0,False,0.8642857142857144,False,False,False,5.212373733520507,1712.8168999999998,1,0.0001055839337661,7.004468851127019e-06,147,2104,False,2104.0,False,False,False,False,1.8211356860604033,0.03632982572657161,0.06633400803726608
AREIGYWVAKFDY,H3-23_A,K3-20,True,29,1,1,1,0.0001055839337661,4.002145149800293e-06,3.836209211505559e-06,7.004468851127019e-06,False,False,False,False,False,False,False,False,False,False,False,False,False,0,0,False,0.2230769230769231,False,False,False,6.112389755249024,1617.8004999999998,1,0.0001055839337661,7.004468851127019e-06,323,2108,False,2108.0,False,False,False,False,1.8211356860604033,0.03632982572657161,0.06633400803726608
ARESRLYGYVSFDY,H3-23_A,UNK,True,29,1,1,1,0.0001055839337661,4.002145149800293e-06,3.836209211505559e-06,7.004468851127019e-06,False,False,False,False,False,False,False,False,False,False,False,False,False,0,0,False,1.3714285714285717,False,False,False,6.112389755249024,1725.8538999999998,2,0.0001055839337661,7.004468851127019e-06,431,2110,False,2110.0,False,False,False,False,1.8211356860604033,0.03632982572657161,0.06633400803726608
ARFRGWGHPFDY,H3-23_A,K3-20,True,29,1,1,1,0.0001055839337661,4.002145149800293e-06,3.836209211505559e-06,7.004468851127019e-06,False,False,False,False,False,False,False,False,False,False,False,False,False,1,2,False,0.4833333333333335,False,False,False,8.796192932128907,1508.6398,2,0.0001055839337661,7.004468851127019e-06,482,2111,False,2111.0,False,False,False,False,1.8211356860604033,0.03632982572657161,0.06633400803726608
ARFVQYDYPFDY,H3-23_A,K4-1,True,29,1,1,1,0.0001055839337661,4.002145149800293e-06,3.836209211505559e-06,7.004468851127019e-06,False,False,False,False,False,False,False,False,False,False,False,False,False,-1,-1,False,0.5500000000000002,False,False,False,4.207874679565429,1583.6962999999998,1,0.0001055839337661,7.004468851127019e-06,497,2112,False,2112.0,False,False,False,False,1.8211356860604033,0.03632982572657161,0.06633400803726608
ARGDPYLHWSGFDY,H3-23_A,K3-20,True,29,1,1,1,0.0001055839337661,4.002145149800293e-06,3.836209211505559e-06,7.004468851127019e-06,False,False,False,False,True,False,False,False,False,False,False,False,False,-1,0,False,1.1571428571428573,False,False,False,5.212373733520507,1683.7758,1,0.0001055839337661,7.004468851127019e-06,506,2113,False,2113.0,False,False,False,False,1.8211356860604033,0.03632982572657161,0.06633400803726608
ARGPYVSRVAYGFDY,H3-23_A,K1-39,True,29,1,1,1,0.0001055839337661,4.002145149800293e-06,3.836209211505559e-06,7.004468851127019e-06,False,False,False,False,False,False,False,False,False,False,False,False,False,1,1,False,1.3533333333333333,False,False,False,8.539295959472657,1720.8804,2,0.0001055839337661,7.004468851127019e-06,621,2119,False,2119.0,False,False,False,False,1.8211356860604033,0.03632982572657161,0.06633400803726608
ARGRPNFYGFDY,H3-23_A,K3-20,True,29,1,1,1,0.0001055839337661,4.002145149800293e-06,3.836209211505559e-06,7.004468851127019e-06,False,False,False,False,False,False,False,False,False,False,False,False,False,1,1,False,1.566666666666667,False,False,False,8.632579040527343,1462.5664,2,0.0001055839337661,7.004468851127019e-06,639,2120,False,2120.0,False,False,False,False,1.8211356860604033,0.03632982572657161,0.06633400803726608
ARGTYNQYWGFLFDY,H3-23_A,K3-15,True,29,1,1,1,0.0001055839337661,4.002145149800293e-06,3.836209211505559e-06,7.004468851127019e-06,False,False,False,False,False,False,False,False,False,False,False,False,False,0,0,False,0.1733333333333335,False,False,False,5.87858085632324,1901.0393,1,0.0001055839337661,7.004468851127019e-06,677,2122,False,2122.0,False,False,False,False,1.8211356860604033,0.03632982572657161,0.06633400803726608
ARGTYSWAYRYAFDI,H3-23_A,K3-20,True,29,1,1,1,0.0001055839337661,4.002145149800293e-06,3.836209211505559e-06,7.004468851127019e-06,False,False,False,False,False,False,False,False,False,False,False,False,False,1,1,False,0.6133333333333335,False,False,False,8.539295959472657,1840.0012,2,0.0001055839337661,7.004468851127019e-06,679,2123,False,2123.0,False,False,False,False,1.8211356860604033,0.03632982572657161,0.06633400803726608
ARGWFTAGYHYRFDP,H1-69,K1-39,True,29,1,1,1,0.0001055839337661,4.002145149800293e-06,3.836209211505559e-06,7.004468851127019e-06,False,False,False,True,True,False,False,False,False,False,False,False,False,1,2,False,0.7466666666666668,False,False,False,8.638685607910158,1843.9948,2,0.0001055839337661,7.004468851127019e-06,686,2124,False,2124.0,False,False,False,False,1.8211356860604033,0.03632982572657161,0.06633400803726608
ARGWGLGAVYHLAFDP,H3-23_A,K3-20,True,29,1,1,1,0.0001055839337661,4.002145149800293e-06,3.836209211505559e-06,7.004468851127019e-06,False,False,False,False,True,False,False,False,False,False,False,False,False,0,1,False,-0.0874999999999998,False,False,False,6.788309097290039,1729.9336,1,0.0001055839337661,7.004468851127019e-06,688,2125,False,2125.0,False,False,False,False,1.8211356860604033,0.03632982572657161,0.06633400803726608
ARHLSYKGFRLFDY,H3-23_A,K3-20,True,29,1,1,1,0.0001055839337661,4.002145149800293e-06,3.836209211505559e-06,7.004468851127019e-06,False,False,False,False,False,False,False,False,False,False,False,False,False,2,3,False,-0.0071428571428568,False,False,False,9.69764862060547,1773.0014,2,0.0001055839337661,7.004468851127019e-06,751,2126,False,2126.0,False,False,False,False,1.8211356860604033,0.03632982572657161,0.06633400803726608
ARHRSDIYGWYGFDY,H3-23_A,UNK,True,29,1,1,1,0.0001055839337661,4.002145149800293e-06,3.836209211505559e-06,7.004468851127019e-06,False,False,False,False,False,False,False,False,False,False,False,False,False,0,1,False,1.1733333333333331,False,False,False,6.789382553100586,1906.0195,2,0.0001055839337661,7.004468851127019e-06,789,2127,False,2127.0,False,False,False,False,1.8211356860604033,0.03632982572657161,0.06633400803726608
ARHRSFLSYTFDY,H3-23_A,K4-1,True,29,1,1,1,0.0001055839337661,4.002145149800293e-06,3.836209211505559e-06,7.004468851127019e-06,False,False,False,False,False,False,False,False,False,False,False,False,False,1,2,False,0.7230769230769233,False,False,False,8.638685607910158,1662.8013999999998,2,0.0001055839337661,7.004468851127019e-06,790,2128,False,2128.0,False,False,False,False,1.8211356860604033,0.03632982572657161,0.06633400803726608
ARHWYGRTPSWHGFDI,H1-69,K3-20,True,29,1,1,1,0.0001055839337661,4.002145149800293e-06,3.836209211505559e-06,7.004468851127019e-06,False,False,False,True,False,False,False,False,False,False,False,False,False,1,3,False,0.6750000000000002,False,False,False,8.801948547363281,1986.154,2,0.0001055839337661,7.004468851127019e-06,819,2129,False,2129.0,False,False,False,False,1.8211356860604033,0.03632982572657161,0.06633400803726608
ARHYRGSIYHAFDY,H4-34,K4-1,True,29,1,1,1,0.0001055839337661,4.002145149800293e-06,3.836209211505559e-06,7.004468851127019e-06,False,False,False,False,False,False,False,False,False,False,False,False,False,1,3,False,1.15,False,False,False,8.55157928466797,1755.8881,2,0.0001055839337661,7.004468851127019e-06,827,2130,False,2130.0,False,False,False,False,1.8211356860604033,0.03632982572657161,0.06633400803726608
ARLHPSSSGYRFDY,H1-69,K3-15,True,29,1,1,1,0.0001055839337661,4.002145149800293e-06,3.836209211505559e-06,7.004468851127019e-06,False,False,False,False,False,False,False,False,False,False,False,False,False,1,2,False,1.9785714285714289,False,False,False,8.638685607910158,1655.7675,2,0.0001055839337661,7.004468851127019e-06,957,2134,False,2134.0,False,False,False,False,1.8211356860604033,0.03632982572657161,0.06633400803726608
ARLLKLAGVWSPYFDY,H3-23_A,K3-15,True,29,1,1,1,0.0001055839337661,4.002145149800293e-06,3.836209211505559e-06,7.004468851127019e-06,False,False,False,False,False,False,False,False,False,False,False,False,False,1,1,False,-0.9937499999999998,False,False,False,8.54006805419922,1899.1942,1,0.0001055839337661,7.004468851127019e-06,973,2135,False,2135.0,False,False,False,False,1.8211356860604033,0.03632982572657161,0.06633400803726608
ARLRWSYSVYPYFDP,H3-23_A,K3-20,True,29,1,1,1,0.0001055839337661,4.002145149800293e-06,3.836209211505559e-06,7.004468851127019e-06,False,False,False,False,True,False,False,False,False,False,False,False,False,1,1,False,-0.0066666666666665,False,False,False,8.539295959472657,1920.1289,2,0.0001055839337661,7.004468851127019e-06,1015,2138,False,2138.0,False,False,False,False,1.8211356860604033,0.03632982572657161,0.06633400803726608
ARLWYAWSVSAFDY,H4-34,K1-39,True,29,1,1,1,0.0001055839337661,4.002145149800293e-06,3.836209211505559e-06,7.004468851127019e-06,False,False,False,False,False,False,False,False,False,False,False,False,False,0,0,False,-0.8857142857142856,False,False,False,5.87944984436035,1734.9053,1,0.0001055839337661,7.004468851127019e-06,1054,2139,False,2139.0,False,False,False,False,1.8211356860604033,0.03632982572657161,0.06633400803726608
ARLYLYDYTGFDY,H3-23_A,K3-20,True,29,1,1,1,0.0001055839337661,4.002145149800293e-06,3.836209211505559e-06,7.004468851127019e-06,False,False,False,False,False,False,False,False,False,False,False,False,False,-1,-1,False,0.153846153846154,False,False,False,4.207874679565429,1659.7907,1,0.0001055839337661,7.004468851127019e-06,1056,2140,False,2140.0,False,False,False,False,1.8211356860604033,0.03632982572657161,0.06633400803726608
ARPRLYGAYSLYWFDP,H3-23_A,K3-15,True,29,1,1,1,0.0001055839337661,4.002145149800293e-06,3.836209211505559e-06,7.004468851127019e-06,False,False,False,True,True,False,False,False,False,False,False,False,False,1,1,False,-0.2687499999999998,False,False,False,8.539295959472657,1975.2074,2,0.0001055839337661,7.004468851127019e-06,1111,2143,False,2143.0,False,False,False,False,1.8211356860604033,0.03632982572657161,0.06633400803726608
ARPRYVYSPGFDY,H3-23_A,K3-20,True,29,1,1,1,0.0001055839337661,4.002145149800293e-06,3.836209211505559e-06,7.004468851127019e-06,False,False,False,False,False,False,False,False,False,False,False,False,False,1,1,False,1.4076923076923078,False,False,False,8.539295959472657,1590.7353999999998,2,0.0001055839337661,7.004468851127019e-06,1117,2145,False,2145.0,False,False,False,False,1.8211356860604033,0.03632982572657161,0.06633400803726608
ARPVQSWYRGLFDY,H3-23_A,K3-15,True,29,1,1,1,0.0001055839337661,4.002145149800293e-06,3.836209211505559e-06,7.004468851127019e-06,False,False,False,False,False,False,False,False,False,False,False,False,False,1,1,False,0.3500000000000001,False,False,False,8.632579040527343,1757.9436999999998,2,0.0001055839337661,7.004468851127019e-06,1124,2146,False,2146.0,False,False,False,False,1.8211356860604033,0.03632982572657161,0.06633400803726608
ARPYRSYGPVTYLAFDP,H3-23_A,K1-39,True,29,1,1,1,0.0001055839337661,4.002145149800293e-06,3.836209211505559e-06,7.004468851127019e-06,False,False,False,False,True,False,False,False,False,False,False,False,False,1,1,False,1.0882352941176472,False,False,False,8.539295959472657,1973.19,2,0.0001055839337661,7.004468851127019e-06,1133,2147,False,2147.0,False,False,False,False,1.8211356860604033,0.03632982572657161,0.06633400803726608
ARSPSPSLVPFDY,H5-51,K3-15,True,29,1,1,1,0.0001055839337661,4.002145149800293e-06,3.836209211505559e-06,7.004468851127019e-06,False,False,False,False,False,False,False,False,False,False,False,False,False,0,0,False,1.3923076923076925,False,False,False,5.880318832397459,1435.5794,1,0.0001055839337661,7.004468851127019e-06,1206,2151,False,2151.0,False,False,False,False,1.8211356860604033,0.03632982572657161,0.06633400803726608
ARSRFKVTPWYGYPFDY,H3-23_A,K4-1,True,29,1,1,1,0.0001055839337661,4.002145149800293e-06,3.836209211505559e-06,7.004468851127019e-06,False,False,False,False,False,False,False,False,False,False,False,False,False,2,2,False,0.5882352941176473,False,False,False,9.525611877441406,2153.3953,2,0.0001055839337661,7.004468851127019e-06,1216,2152,False,2152.0,False,False,False,False,1.8211356860604033,0.03632982572657161,0.06633400803726608
ARSSTSWSIWPFDY,H3-23_A,K4-1,True,29,1,1,1,0.0001055839337661,4.002145149800293e-06,3.836209211505559e-06,7.004468851127019e-06,False,False,False,False,False,False,False,False,False,False,False,False,False,0,0,False,0.7500000000000001,False,False,False,5.880318832397459,1702.819,1,0.0001055839337661,7.004468851127019e-06,1234,2153,False,2153.0,False,False,False,False,1.8211356860604033,0.03632982572657161,0.06633400803726608
ARTIGKLKWVLFDY,H1-69,K3-15,True,29,1,1,1,0.0001055839337661,4.002145149800293e-06,3.836209211505559e-06,7.004468851127019e-06,False,False,False,False,False,False,False,False,False,False,False,False,False,2,2,False,-0.8999999999999998,False,False,False,9.70073699951172,1710.0268,1,0.0001055839337661,7.004468851127019e-06,1262,2154,False,2154.0,False,False,False,False,1.8211356860604033,0.03632982572657161,0.06633400803726608
ARTPIGYWYSWYARFDP,H4-34,K1-39,True,29,1,1,1,0.0001055839337661,4.002145149800293e-06,3.836209211505559e-06,7.004468851127019e-06,False,False,False,True,True,False,False,False,False,False,False,False,False,1,1,False,0.0764705882352942,False,False,False,8.539295959472657,2149.3636,2,0.0001055839337661,7.004468851127019e-06,1271,2156,False,2156.0,False,False,False,False,1.8211356860604033,0.03632982572657161,0.06633400803726608
ARTPYAALWPFDY,H3-23_A,K1-39,True,29,1,1,1,0.0001055839337661,4.002145149800293e-06,3.836209211505559e-06,7.004468851127019e-06,False,False,False,False,False,False,False,False,False,False,False,False,False,0,0,False,-0.1769230769230767,False,False,False,5.87944984436035,1570.7441,1,0.0001055839337661,7.004468851127019e-06,1274,2157,False,2157.0,False,False,False,False,1.8211356860604033,0.03632982572657161,0.06633400803726608
ARTWIWYTAGSRGFDY,H3-23_A,K3-20,True,29,1,1,1,0.0001055839337661,4.002145149800293e-06,3.836209211505559e-06,7.004468851127019e-06,False,False,False,False,False,False,False,False,False,False,False,False,False,1,1,False,0.6187500000000001,False,False,False,8.632579040527343,1950.1152,2,0.0001055839337661,7.004468851127019e-06,1306,2159,False,2159.0,False,False,False,False,1.8211356860604033,0.03632982572657161,0.06633400803726608
ARTWYSWGQGFDY,H3-23_A,K4-1,True,29,1,1,1,0.0001055839337661,4.002145149800293e-06,3.836209211505559e-06,7.004468851127019e-06,False,False,False,False,False,False,False,False,False,False,False,False,False,0,0,False,0.953846153846154,False,False,False,5.87944984436035,1636.7193,1,0.0001055839337661,7.004468851127019e-06,1312,2160,False,2160.0,False,False,False,False,1.8211356860604033,0.03632982572657161,0.06633400803726608
ARVLSSYGISYWIFDP,H3-23_A,K1-39,True,29,1,1,1,0.0001055839337661,4.002145149800293e-06,3.836209211505559e-06,7.004468851127019e-06,False,False,False,False,True,False,False,False,False,False,False,False,False,0,0,False,-0.5187499999999998,False,False,False,5.87944984436035,1874.0986000000005,1,0.0001055839337661,7.004468851127019e-06,1374,2161,False,2161.0,False,False,False,False,1.8211356860604033,0.03632982572657161,0.06633400803726608
ARVLSVSYKGVKYAFDP,H3-23_A,K1-39,True,29,1,1,1,0.0001055839337661,4.002145149800293e-06,3.836209211505559e-06,7.004468851127019e-06,False,False,False,False,True,False,False,False,False,False,False,False,False,2,2,False,1.0176470588235291,False,False,False,9.527507019042972,1900.1807,1,0.0001055839337661,7.004468851127019e-06,1375,2162,False,2162.0,False,False,False,False,1.8211356860604033,0.03632982572657161,0.06633400803726608
ARVRYWSWVSYGFDY,H1-69,K1-39,True,29,1,1,1,0.0001055839337661,4.002145149800293e-06,3.836209211505559e-06,7.004468851127019e-06,False,False,False,False,False,False,False,False,False,False,False,False,False,1,1,False,-0.2066666666666665,False,False,False,8.539295959472657,1955.1331,2,0.0001055839337661,7.004468851127019e-06,1430,2166,False,2166.0,False,False,False,False,1.8211356860604033,0.03632982572657161,0.06633400803726608
ARVSFLNRWQYKFDY,H4-34,K3-20,True,29,1,1,1,0.0001055839337661,4.002145149800293e-06,3.836209211505559e-06,7.004468851127019e-06,False,False,False,False,False,False,False,False,False,False,False,False,False,2,2,False,0.0400000000000001,False,False,False,9.69757843017578,1993.2259,2,0.0001055839337661,7.004468851127019e-06,1433,2167,False,2167.0,False,False,False,False,1.8211356860604033,0.03632982572657161,0.06633400803726608
ARWSFSLWTDAFDY,H3-23_A,K3-15,True,29,1,1,1,0.0001055839337661,4.002145149800293e-06,3.836209211505559e-06,7.004468851127019e-06,False,False,False,False,False,False,False,False,False,False,False,False,False,-1,-1,False,-0.2071428571428569,False,False,False,4.207874679565429,1764.8882999999998,1,0.0001055839337661,7.004468851127019e-06,1515,2170,False,2170.0,False,False,False,False,1.8211356860604033,0.03632982572657161,0.06633400803726608
ARYGSAGVYLFDY,H3-23_A,K1-39,True,29,1,1,1,0.0001055839337661,4.002145149800293e-06,3.836209211505559e-06,7.004468851127019e-06,False,False,False,False,False,False,False,False,False,False,False,False,False,0,0,False,0.653846153846154,False,False,False,5.87858085632324,1481.6061,1,0.0001055839337661,7.004468851127019e-06,1541,2172,False,2172.0,False,False,False,False,1.8211356860604033,0.03632982572657161,0.06633400803726608
ARYSSQSRASFDY,H3-23_A,K3-20,True,29,1,1,1,0.0001055839337661,4.002145149800293e-06,3.836209211505559e-06,7.004468851127019e-06,False,False,False,False,False,False,False,False,False,False,False,False,False,1,1,False,3.2,False,False,False,8.632579040527343,1537.5884999999998,2,0.0001055839337661,7.004468851127019e-06,1604,2175,False,2175.0,False,False,False,False,1.8211356860604033,0.03632982572657161,0.06633400803726608
ARYVYRGILDY,H5-51,K3-15,True,29,1,1,1,0.0001055839337661,4.002145149800293e-06,3.836209211505559e-06,7.004468851127019e-06,False,False,False,False,False,False,False,False,False,False,False,False,False,1,1,False,-0.0363636363636362,False,False,False,8.539295959472657,1388.5691,2,0.0001055839337661,7.004468851127019e-06,1619,2176,False,2176.0,False,False,False,False,1.8211356860604033,0.03632982572657161,0.06633400803726608
ARAGTIWYGWYGYRFDY,H1-69,K1-39,True,28,1,1,1,0.0001019431084638,4.002145149800293e-06,3.836209211505559e-06,7.004468851127019e-06,False,False,False,False,False,False,False,False,False,False,False,False,False,1,1,False,0.0058823529411766,False,False,False,8.472544860839843,2145.3317,2,0.0001019431084638,7.004468851127019e-06,14,2178,False,2178.0,False,False,False,False,1.8211356860604033,0.03762719223875026,0.06870284738413897
ARAQRSHYDFVY,H3-23_A,K1-39,True,28,1,1,1,0.0001019431084638,4.002145149800293e-06,3.836209211505559e-06,7.004468851127019e-06,False,False,False,False,False,False,False,False,False,False,False,False,False,1,2,False,1.7083333333333333,False,False,False,8.638685607910158,1512.6269,2,0.0001019431084638,7.004468851127019e-06,40,2179,False,2179.0,False,False,False,False,1.8211356860604033,0.03762719223875026,0.06870284738413897
ARASGPFRWNYQFDY,H3-23_A,K3-20,True,28,1,1,1,0.0001019431084638,4.002145149800293e-06,3.836209211505559e-06,7.004468851127019e-06,False,False,False,False,False,False,False,False,False,False,False,False,False,1,1,False,1.1800000000000002,False,False,False,8.632579040527343,1878.0094,2,0.0001019431084638,7.004468851127019e-06,61,2180,False,2180.0,False,False,False,False,1.8211356860604033,0.03762719223875026,0.06870284738413897
ARASRGYWPFDY,H3-23_A,K3-20,True,28,1,1,1,0.0001019431084638,4.002145149800293e-06,3.836209211505559e-06,7.004468851127019e-06,False,False,False,False,False,False,False,False,False,False,False,False,False,1,1,False,1.1583333333333334,False,False,False,8.632579040527343,1488.6038,2,0.0001019431084638,7.004468851127019e-06,64,2181,False,2181.0,False,False,False,False,1.8211356860604033,0.03762719223875026,0.06870284738413897
ARAWRSHQFDY,H5-51,K3-15,True,28,1,1,1,0.0001019431084638,4.002145149800293e-06,3.836209211505559e-06,7.004468851127019e-06,False,False,False,False,False,False,False,False,False,False,False,False,False,1,2,False,1.4636363636363638,False,False,False,8.796192932128907,1436.5326,2,0.0001019431084638,7.004468851127019e-06,75,2183,False,2183.0,False,False,False,False,1.8211356860604033,0.03762719223875026,0.06870284738413897
ARDFAGYFVYGFDY,H3-23_A,K1-39,True,28,1,1,1,0.0001019431084638,4.002145149800293e-06,3.836209211505559e-06,7.004468851127019e-06,False,False,False,False,False,False,False,False,False,False,False,False,False,-1,-1,False,0.2000000000000002,False,False,False,4.207874679565429,1690.8061999999998,1,0.0001019431084638,7.004468851127019e-06,94,2185,False,2185.0,False,False,False,False,1.8211356860604033,0.03762719223875026,0.06870284738413897
ARDIYTSSAAPFDY,H5-51,K3-20,True,28,1,1,1,0.0001019431084638,4.002145149800293e-06,3.836209211505559e-06,7.004468851127019e-06,False,False,False,False,False,False,False,False,False,False,False,False,False,-1,-1,False,2.128571428571429,False,False,False,4.207874679565429,1576.6609999999998,1,0.0001019431084638,7.004468851127019e-06,113,2186,False,2186.0,False,False,False,False,1.8211356860604033,0.03762719223875026,0.06870284738413897
ARDLGVYWYPFDY,H3-23_A,K3-20,True,28,1,1,1,0.0001019431084638,4.002145149800293e-06,3.836209211505559e-06,7.004468851127019e-06,False,False,False,True,False,False,False,False,False,False,False,False,False,-1,-1,False,-0.2846153846153844,False,False,False,4.207874679565429,1664.8121,1,0.0001019431084638,7.004468851127019e-06,120,2187,False,2187.0,False,False,False,False,1.8211356860604033,0.03762719223875026,0.06870284738413897
ARDLYKYNWYFDY,H3-23_A,K3-15,True,28,1,1,1,0.0001019431084638,4.002145149800293e-06,3.836209211505559e-06,7.004468851127019e-06,False,False,False,True,False,False,False,False,False,False,False,False,False,0,0,False,0.2307692307692309,False,False,False,6.00141487121582,1816.9627,1,0.0001019431084638,7.004468851127019e-06,144,2188,False,2188.0,False,False,False,False,1.8211356860604033,0.03762719223875026,0.06870284738413897
ARDRGDPYDFDY,H4-34,K3-20,True,28,1,1,1,0.0001019431084638,4.002145149800293e-06,3.836209211505559e-06,7.004468851127019e-06,False,False,False,False,True,False,False,False,False,True,False,False,False,-2,-2,False,3.775,False,False,False,4.13912239074707,1489.5009,2,0.0001019431084638,7.004468851127019e-06,164,2189,False,2189.0,False,False,False,False,1.8211356860604033,0.03762719223875026,0.06870284738413897
ARDRYISWVAGQFDY,H3-23_A,K3-20,True,28,1,1,1,0.0001019431084638,4.002145149800293e-06,3.836209211505559e-06,7.004468851127019e-06,False,False,False,False,False,False,False,False,False,False,False,False,False,0,0,False,1.0733333333333337,False,False,False,6.004021835327148,1846.9938,2,0.0001019431084638,7.004468851127019e-06,210,2192,False,2192.0,False,False,False,False,1.8211356860604033,0.03762719223875026,0.06870284738413897
AREIWGITSYRYWFDP,H3-23_A,K3-20,True,28,1,1,1,0.0001019431084638,4.002145149800293e-06,3.836209211505559e-06,7.004468851127019e-06,False,False,False,True,True,False,False,False,False,False,False,False,False,0,0,False,-0.0749999999999999,False,False,False,6.113258743286132,2060.2689,2,0.0001019431084638,7.004468851127019e-06,326,2194,False,2194.0,False,False,False,False,1.8211356860604033,0.03762719223875026,0.06870284738413897
ARELYFPAWYSTYFDI,H3-23_A,K1-39,True,28,1,1,1,0.0001019431084638,4.002145149800293e-06,3.836209211505559e-06,7.004468851127019e-06,False,False,False,False,False,False,False,False,False,False,False,False,False,-1,-1,False,-0.7062499999999998,False,False,False,4.370375442504883,2042.2469,1,0.0001019431084638,7.004468851127019e-06,333,2195,False,2195.0,False,False,False,False,1.8211356860604033,0.03762719223875026,0.06870284738413897
ARFVTPYGWPGRYAFDP,H3-23_A,K3-20,True,28,1,1,1,0.0001019431084638,4.002145149800293e-06,3.836209211505559e-06,7.004468851127019e-06,False,False,False,False,True,False,False,False,False,False,False,False,False,1,1,False,0.5647058823529414,False,False,False,8.632579040527343,2000.2169,2,0.0001019431084638,7.004468851127019e-06,499,2197,False,2197.0,False,False,False,False,1.8211356860604033,0.03762719223875026,0.06870284738413897
ARGFIHTYWYSGFDY,H3-23_A,K4-1,True,28,1,1,1,0.0001019431084638,4.002145149800293e-06,3.836209211505559e-06,7.004468851127019e-06,False,False,False,True,False,False,False,False,False,False,False,False,False,0,1,False,-0.0399999999999998,False,False,False,6.786059951782226,1883.0241,1,0.0001019431084638,7.004468851127019e-06,512,2198,False,2198.0,False,False,False,False,1.8211356860604033,0.03762719223875026,0.06870284738413897
ARGPYRLGYDAYGFDY,H3-23_A,K3-15,True,28,1,1,1,0.0001019431084638,4.002145149800293e-06,3.836209211505559e-06,7.004468851127019e-06,False,False,False,False,False,False,False,False,False,False,False,False,False,0,0,False,1.6125000000000005,False,False,False,6.0022838592529295,1884.0106,2,0.0001019431084638,7.004468851127019e-06,597,2199,False,2199.0,False,False,False,False,1.8211356860604033,0.03762719223875026,0.06870284738413897
ARGRVIYWASYFDY,H4-34,K4-1,True,28,1,1,1,0.0001019431084638,4.002145149800293e-06,3.836209211505559e-06,7.004468851127019e-06,False,False,False,False,False,False,False,False,False,False,False,False,False,1,1,False,-0.1285714285714284,False,False,False,8.539295959472657,1766.9504,2,0.0001019431084638,7.004468851127019e-06,652,2201,False,2201.0,False,False,False,False,1.8211356860604033,0.03762719223875026,0.06870284738413897
ARGRYGDWASYFGFDY,H3-23_A,K3-20,True,28,1,1,1,0.0001019431084638,4.002145149800293e-06,3.836209211505559e-06,7.004468851127019e-06,False,False,False,False,False,False,False,False,False,False,False,False,False,0,0,False,1.38125,False,False,False,6.003152847290039,1931.0256,2,0.0001019431084638,7.004468851127019e-06,657,2203,False,2203.0,False,False,False,False,1.8211356860604033,0.03762719223875026,0.06870284738413897
ARGYSWGDYPLWFDP,H1-69,K3-20,True,28,1,1,1,0.0001019431084638,4.002145149800293e-06,3.836209211505559e-06,7.004468851127019e-06,False,False,False,False,True,False,False,False,False,False,False,False,False,-1,-1,False,0.4133333333333335,False,False,False,4.207874679565429,1829.9616,1,0.0001019431084638,7.004468851127019e-06,703,2204,False,2204.0,False,False,False,False,1.8211356860604033,0.03762719223875026,0.06870284738413897
ARIARTGLLYGFDI,H5-51,K3-20,True,28,1,1,1,0.0001019431084638,4.002145149800293e-06,3.836209211505559e-06,7.004468851127019e-06,False,False,False,False,False,False,False,False,False,False,False,False,False,1,1,False,-0.4499999999999998,False,False,False,8.79022674560547,1565.8138,2,0.0001019431084638,7.004468851127019e-06,841,2210,False,2210.0,False,False,False,False,1.8211356860604033,0.03762719223875026,0.06870284738413897
ARIFRTTYWYDVFDY,H3-23_A,K4-1,True,28,1,1,1,0.0001019431084638,4.002145149800293e-06,3.836209211505559e-06,7.004468851127019e-06,False,False,False,True,False,False,False,False,False,False,False,False,False,0,0,False,-0.3266666666666665,False,False,False,6.003152847290039,2016.2129,2,0.0001019431084638,7.004468851127019e-06,844,2211,False,2211.0,False,False,False,False,1.8211356860604033,0.03762719223875026,0.06870284738413897
ARIRFYLAYWEQFDP,H3-23_A,K1-39,True,28,1,1,1,0.0001019431084638,4.002145149800293e-06,3.836209211505559e-06,7.004468851127019e-06,False,False,False,False,True,False,False,False,False,False,False,False,False,0,0,False,-0.7266666666666665,False,False,False,6.113258743286132,1975.2074,2,0.0001019431084638,7.004468851127019e-06,871,2213,False,2213.0,False,False,False,False,1.8211356860604033,0.03762719223875026,0.06870284738413897
ARIYAYWSYGFDY,H3-23_A,K3-20,True,28,1,1,1,0.0001019431084638,4.002145149800293e-06,3.836209211505559e-06,7.004468851127019e-06,False,False,False,False,False,False,False,False,False,False,False,False,False,0,0,False,-0.3230769230769229,False,False,False,5.877711868286132,1674.8068999999998,1,0.0001019431084638,7.004468851127019e-06,890,2214,False,2214.0,False,False,False,False,1.8211356860604033,0.03762719223875026,0.06870284738413897
ARKWTNLGRTPFDY,H3-23_A,K3-20,True,28,1,1,1,0.0001019431084638,4.002145149800293e-06,3.836209211505559e-06,7.004468851127019e-06,False,False,False,False,False,False,False,False,False,False,False,False,False,2,2,False,1.5071428571428571,False,False,False,9.98676300048828,1724.9156999999998,2,0.0001019431084638,7.004468851127019e-06,932,2216,False,2216.0,False,False,False,False,1.8211356860604033,0.03762719223875026,0.06870284738413897
ARLQYLSYGWTFDY,H3-23_A,K1-39,True,28,1,1,1,0.0001019431084638,4.002145149800293e-06,3.836209211505559e-06,7.004468851127019e-06,False,False,False,False,False,False,False,False,False,False,False,False,False,0,0,False,-0.2571428571428569,False,False,False,5.87858085632324,1782.9464999999998,1,0.0001019431084638,7.004468851127019e-06,989,2220,False,2220.0,False,False,False,False,1.8211356860604033,0.03762719223875026,0.06870284738413897
ARLSEVIWGFHKVYFDP,H3-23_A,K1-39,True,28,1,1,1,0.0001019431084638,4.002145149800293e-06,3.836209211505559e-06,7.004468851127019e-06,False,False,False,False,True,False,False,False,False,False,False,False,False,0,1,False,-0.5117647058823528,False,False,False,6.795363235473633,2064.3436,1,0.0001019431084638,7.004468851127019e-06,1026,2225,False,2225.0,False,False,False,False,1.8211356860604033,0.03762719223875026,0.06870284738413897
ARLSTSTAWYGYFDY,H5-51,K3-15,True,28,1,1,1,0.0001019431084638,4.002145149800293e-06,3.836209211505559e-06,7.004468851127019e-06,False,False,False,False,False,False,False,False,False,False,False,False,False,0,0,False,0.8933333333333334,False,False,False,5.87858085632324,1800.9188,1,0.0001019431084638,7.004468851127019e-06,1032,2226,False,2226.0,False,False,False,False,1.8211356860604033,0.03762719223875026,0.06870284738413897
ARNRYISYGFDY,H3-23_A,K3-20,True,28,1,1,1,0.0001019431084638,4.002145149800293e-06,3.836209211505559e-06,7.004468851127019e-06,False,False,False,False,False,False,False,False,False,False,False,False,False,1,1,False,1.4,False,False,False,8.539295959472657,1524.6342,2,0.0001019431084638,7.004468851127019e-06,1070,2228,False,2228.0,False,False,False,False,1.8211356860604033,0.03762719223875026,0.06870284738413897
ARPISYRTYLSYAFDP,H3-23_A,K3-20,True,28,1,1,1,0.0001019431084638,4.002145149800293e-06,3.836209211505559e-06,7.004468851127019e-06,False,False,False,False,True,False,False,False,False,False,False,False,False,1,1,False,0.8062500000000001,False,False,False,8.539295959472657,1920.1274,2,0.0001019431084638,7.004468851127019e-06,1098,2229,False,2229.0,False,False,False,False,1.8211356860604033,0.03762719223875026,0.06870284738413897
ARPNWHFPWYAFDY,H3-23_A,K3-15,True,28,1,1,1,0.0001019431084638,4.002145149800293e-06,3.836209211505559e-06,7.004468851127019e-06,False,False,False,True,False,False,False,False,False,False,False,False,False,0,1,False,-0.7499999999999999,False,False,False,6.787184524536133,1870.0303,1,0.0001019431084638,7.004468851127019e-06,1103,2230,False,2230.0,False,False,False,False,1.8211356860604033,0.03762719223875026,0.06870284738413897
ARPSSSAQGVFDY,H5-51,K3-15,True,28,1,1,1,0.0001019431084638,4.002145149800293e-06,3.836209211505559e-06,7.004468851127019e-06,False,False,False,False,False,False,False,False,False,False,False,False,False,0,0,False,2.838461538461538,False,False,False,5.880318832397459,1384.4498,1,0.0001019431084638,7.004468851127019e-06,1120,2232,False,2232.0,False,False,False,False,1.8211356860604033,0.03762719223875026,0.06870284738413897
ARPWYLGYRGFDY,H3-23_A,K3-20,True,28,1,1,1,0.0001019431084638,4.002145149800293e-06,3.836209211505559e-06,7.004468851127019e-06,False,False,False,False,False,False,False,False,False,False,False,False,False,1,1,False,-0.0076923076923074,False,False,False,8.539295959472657,1663.8307,2,0.0001019431084638,7.004468851127019e-06,1129,2233,False,2233.0,False,False,False,False,1.8211356860604033,0.03762719223875026,0.06870284738413897
ARQYVYWGYPYSFDY,H3-23_A,K4-1,True,28,1,1,1,0.0001019431084638,4.002145149800293e-06,3.836209211505559e-06,7.004468851127019e-06,False,False,False,False,False,False,False,False,False,False,False,False,False,0,0,False,0.2800000000000001,False,False,False,5.876893997192382,1978.12,1,0.0001019431084638,7.004468851127019e-06,1171,2235,False,2235.0,False,False,False,False,1.8211356860604033,0.03762719223875026,0.06870284738413897
ARSSWYRGYAFDY,H5-51,K3-20,True,28,1,1,1,0.0001019431084638,4.002145149800293e-06,3.836209211505559e-06,7.004468851127019e-06,False,False,False,False,False,False,False,False,False,False,False,False,False,1,1,False,1.2615384615384615,False,False,False,8.539295959472657,1641.7391,2,0.0001019431084638,7.004468851127019e-06,1235,2237,False,2237.0,False,False,False,False,1.8211356860604033,0.03762719223875026,0.06870284738413897
ARTLLRQVYSYNLFDY,H3-23_A,UNK,True,28,1,1,1,0.0001019431084638,4.002145149800293e-06,3.836209211505559e-06,7.004468851127019e-06,False,False,False,False,False,False,False,False,False,False,False,False,False,1,1,False,-0.0624999999999997,False,False,False,8.539295959472657,2022.2622,2,0.0001019431084638,7.004468851127019e-06,1266,2238,False,2238.0,False,False,False,False,1.8211356860604033,0.03762719223875026,0.06870284738413897
ARTPGSGRGAWFVFDY,H3-23_A,UNK,True,28,1,1,1,0.0001019431084638,4.002145149800293e-06,3.836209211505559e-06,7.004468851127019e-06,False,False,False,False,False,False,False,False,False,False,False,False,False,1,1,False,1.2187500000000002,False,False,False,8.79022674560547,1786.9419000000005,2,0.0001019431084638,7.004468851127019e-06,1269,2239,False,2239.0,False,False,False,False,1.8211356860604033,0.03762719223875026,0.06870284738413897
ARTRAYSAWSYLLFDY,H3-23_A,K1-39,True,28,1,1,1,0.0001019431084638,4.002145149800293e-06,3.836209211505559e-06,7.004468851127019e-06,False,False,False,False,False,False,False,False,False,False,False,False,False,1,1,False,-0.0249999999999998,False,False,False,8.539295959472657,1983.1848,2,0.0001019431084638,7.004468851127019e-06,1277,2240,False,2240.0,False,False,False,False,1.8211356860604033,0.03762719223875026,0.06870284738413897
ARVARWYPPYFDY,H1-69,K1-39,True,28,1,1,1,0.0001019431084638,4.002145149800293e-06,3.836209211505559e-06,7.004468851127019e-06,False,False,False,False,False,False,False,False,False,False,False,False,False,1,1,False,-0.1384615384615383,False,False,False,8.539295959472657,1703.8946,2,0.0001019431084638,7.004468851127019e-06,1319,2243,False,2243.0,False,False,False,False,1.8211356860604033,0.03762719223875026,0.06870284738413897
ARVHGYDYRVWSFDP,H4-34,K3-20,True,28,1,1,1,0.0001019431084638,4.002145149800293e-06,3.836209211505559e-06,7.004468851127019e-06,False,False,False,False,True,False,False,False,False,False,False,False,False,0,1,False,1.1,False,False,False,6.790507125854492,1868.0146,2,0.0001019431084638,7.004468851127019e-06,1332,2244,False,2244.0,False,False,False,False,1.8211356860604033,0.03762719223875026,0.06870284738413897
ARVHNYWSYSYTLFDP,H4-34,K1-39,True,28,1,1,1,0.0001019431084638,4.002145149800293e-06,3.836209211505559e-06,7.004468851127019e-06,False,False,False,False,True,False,False,False,False,False,False,False,False,0,1,False,0.4937500000000001,False,False,False,6.786059951782226,2019.1738,1,0.0001019431084638,7.004468851127019e-06,1335,2245,False,2245.0,False,False,False,False,1.8211356860604033,0.03762719223875026,0.06870284738413897
ARVLSYGVTGTRYFDI,H3-23_A,K4-1,True,28,1,1,1,0.0001019431084638,4.002145149800293e-06,3.836209211505559e-06,7.004468851127019e-06,False,False,False,False,False,False,False,False,False,False,False,False,False,1,1,False,0.7000000000000002,False,False,False,8.632579040527343,1818.0371,2,0.0001019431084638,7.004468851127019e-06,1376,2248,False,2248.0,False,False,False,False,1.8211356860604033,0.03762719223875026,0.06870284738413897
ARVPHLDLYLWGFDP,H3-23_A,K3-15,True,28,1,1,1,0.0001019431084638,4.002145149800293e-06,3.836209211505559e-06,7.004468851127019e-06,False,False,False,False,True,False,False,False,False,False,False,False,False,-1,0,False,-0.9399999999999996,False,False,False,5.212373733520507,1799.0354000000002,1,0.0001019431084638,7.004468851127019e-06,1382,2249,False,2249.0,False,False,False,False,1.8211356860604033,0.03762719223875026,0.06870284738413897
ARWRVSYVSWAFDY,H4-34,K1-39,True,28,1,1,1,0.0001019431084638,4.002145149800293e-06,3.836209211505559e-06,7.004468851127019e-06,False,False,False,False,False,False,False,False,False,False,False,False,False,1,1,False,-0.3428571428571428,False,False,False,8.632579040527343,1805.9865,2,0.0001019431084638,7.004468851127019e-06,1510,2254,False,2254.0,False,False,False,False,1.8211356860604033,0.03762719223875026,0.06870284738413897
ARWYRGSPGFDY,H3-23_A,K4-1,True,28,1,1,1,0.0001019431084638,4.002145149800293e-06,3.836209211505559e-06,7.004468851127019e-06,False,False,False,False,False,False,False,False,False,False,False,False,False,1,1,False,1.4583333333333333,False,False,False,8.632579040527343,1474.5772,2,0.0001019431084638,7.004468851127019e-06,1527,2255,False,2255.0,False,False,False,False,1.8211356860604033,0.03762719223875026,0.06870284738413897
ARYAHGEHSYEFDY,H3-23_A,K4-1,True,28,1,1,1,0.0001019431084638,4.002145149800293e-06,3.836209211505559e-06,7.004468851127019e-06,False,False,False,False,False,False,False,False,False,True,False,False,False,-2,0,False,2.5357142857142856,False,False,False,5.275503158569335,1744.7728,1,0.0001019431084638,7.004468851127019e-06,1528,2256,False,2256.0,False,False,False,False,1.8211356860604033,0.03762719223875026,0.06870284738413897
ARYASGYWGLKYFDY,H3-23_A,K3-20,True,28,1,1,1,0.0001019431084638,4.002145149800293e-06,3.836209211505559e-06,7.004468851127019e-06,False,False,False,False,False,False,False,False,False,False,False,False,False,1,1,False,0.4000000000000002,False,False,False,8.420884704589842,1860.0305000000003,1,0.0001019431084638,7.004468851127019e-06,1531,2257,False,2257.0,False,False,False,False,1.8211356860604033,0.03762719223875026,0.06870284738413897
AREYEDADEYDAFDI,H1-69,K3-15,True,4,639,773,703,1.4563301209118084e-05,0.0025573707507223,0.0029653897204937,0.0049241416023422,False,False,False,False,False,False,False,False,False,True,False,True,False,-6,-6,False,3.5266666666666664,False,False,False,4.050025558471679,1821.8041000000003,1,0.0049241416023422,0.0049241416023422,459,17,True,1000000.0,False,False,False,True,1.6605321597327174,203.4809874538477,337.88786299574394
ARYRGAGRLDY,H5-51,K3-15,True,25,2878,16057,278,9.102063255698802e-05,0.0115181737411252,0.0615980113091447,0.0019472423406133,False,False,False,False,False,False,False,False,False,False,False,False,False,2,2,False,2.290909090909091,True,False,True,9.97897186279297,1297.4222,3,0.0615980113091447,0.0615980113091447,993,26,True,1000000.0,False,False,False,True,0.03161209238914655,676.6734403452862,21.391066786164156
ARERDVNDRYGFDY,H1-69,K1-39,True,17,699,849,234,6.189403013875185e-05,0.0027974994597104,0.0032569416205682,0.0016390457111637,False,False,False,False,False,False,False,False,False,True,False,False,False,-1,-1,False,3.4642857142857144,True,False,False,4.68464241027832,1775.8315999999998,3,0.0032569416205682,0.0032569416205682,292,29,True,1000000.0,False,False,False,True,0.5032453355502272,52.612755797451044,26.47720523994866
ARERDPDRVYEDFDI,H4-34,K1-39,True,11,854,1669,177,4.004907832507473e-05,0.0034178319579294,0.0064026331740027,0.0012397909866494,False,False,False,False,True,False,False,False,False,True,False,False,False,-3,-3,False,3.306666666666666,True,False,False,4.23322868347168,1895.9787,3,0.0064026331740027,0.0064026331740027,370,34,True,1000000.0,False,False,False,True,0.1936373702166394,159.82976747607825,30.949064194354182
ARLLARGRFDY,H5-51,K3-15,True,10,1068,5437,140,3.640825302279521e-05,0.0042742910199867,0.0208574694829557,0.0009806256391577,False,False,False,False,False,False,False,False,False,False,False,False,False,2,2,False,0.272727272727273,True,False,True,10.73751983642578,1337.5291,3,0.0208574694829557,0.0208574694829557,971,39,True,1000000.0,False,False,False,True,0.047015538956135465,572.720209008939,26.926762207508933
ARERGRDVYGFDY,H1-69,K3-15,True,15,468,1091,93,5.461237953419281e-05,0.0018730039301065,0.0041853042497525,0.0006514156031548,False,False,False,False,False,False,False,False,False,False,False,False,False,0,0,False,2.8615384615384616,True,False,False,6.165244674682618,1603.6928999999998,3,0.0041853042497525,0.0041853042497525,383,52,True,1000000.0,False,False,False,True,0.15564317618284498,76.62251782957497,11.925800536518615
ARERDPTDRYAFDY,H1-69,K3-15,True,10,388,750,38,3.640825302279521e-05,0.0015528323181225,0.0028771569086291,0.0002661698163428,False,False,False,False,True,False,False,False,False,True,False,False,False,-1,-1,False,3.492857142857143,True,False,False,4.68464241027832,1774.8437,3,0.0028771569086291,0.0028771569086291,371,76,True,1000000.0,False,False,False,True,0.09251107940401812,79.00315555576503,7.308692599180879
AREYEDADEYDAFDI,H1-69,K1-39,True,1,5,28,35,3.640825302279521e-06,2.0010725749001463e-05,0.0001074138579221,0.0002451564097894,False,False,False,False,False,False,False,False,False,True,False,True,False,-6,-6,False,3.5266666666666664,False,False,False,4.050025558471679,1821.8041000000003,1,0.0002451564097894,0.0002451564097894,459,79,True,1000000.0,False,False,False,False,2.2821411791706345,29.421801655377045,67.15095615129215
AREYEDADEYDAFDI,H4-34,K3-15,True,1,32,23,32,3.640825302279521e-06,0.0001280686447936,8.823281186462784e-05,0.000224143003236,False,False,False,False,False,False,False,False,False,True,False,True,False,-6,-6,False,3.5266666666666664,False,False,False,4.050025558471679,1821.8041000000003,1,0.000224143003236,0.000224143003236,459,85,True,1000000.0,False,False,False,False,2.5400709530862966,24.167908502643662,61.39515990974656
ARYRGAGRLDY,H5-51,K1-39,True,1,72,282,25,3.640825302279521e-06,0.0002881544507856,0.0010818109976445,0.0001751117212781,False,False,False,False,False,False,False,False,False,False,False,False,False,2,2,False,2.290909090909091,True,False,True,9.97897186279297,1297.4222,3,0.0010818109976445,0.0010818109976445,993,95,True,1000000.0,False,False,False,False,0.1618675563326826,296.3195738150038,47.96496867948265
ARERSCVYTLVYAPFDY,H1-69,K1-39,True,1,3,4,16,3.640825302279521e-06,1.200643544940088e-05,1.5344836846022235e-05,0.000112071501618,False,False,False,False,False,False,False,False,False,False,True,False,False,0,0,False,0.8294117647058824,False,False,False,6.10375099182129,2053.2962,2,0.000112071501618,0.000112071501618,411,111,True,1000000.0,False,False,False,False,7.298775150908413,4.203114522198898,30.69757995487328
ARYRGAGRLDY,UNK,K3-15,True,2,147,718,15,7.281650604559042e-06,0.0005883153370206,0.0027543982138609,0.0001050670327669,False,False,False,False,False,False,False,False,False,False,False,False,False,2,2,False,2.290909090909091,True,False,True,9.97897186279297,1297.4222,3,0.0027543982138609,0.0027543982138609,993,112,True,1000000.0,False,False,False,False,0.03814504772320069,377.74687286013625,14.409224805863262
ARERDPDRVYEDFDI,H1-69,K1-39,True,1,39,48,13,3.640825302279521e-06,0.0001560836608422,0.0001841380421522,9.105809506465124e-05,False,False,False,False,True,False,False,False,False,True,False,False,False,-3,-3,False,3.306666666666666,True,False,False,4.23322868347168,1895.9787,3,0.0001841380421522,0.0001841380421522,370,115,True,1000000.0,False,False,False,False,0.49448310175022614,50.43737426636847,24.941783713341728
ARERDVNDRYGFDY,H4-34,K1-39,True,1,37,40,13,3.640825302279521e-06,0.0001480793705426,0.0001534483684602,9.105809506465124e-05,False,False,False,False,False,False,False,False,False,True,False,False,False,-1,-1,False,3.4642857142857144,True,False,False,4.68464241027832,1775.8315999999998,3,0.0001534483684602,0.0001534483684602,292,116,True,1000000.0,False,False,False,False,0.5933732775757192,42.031145221982854,24.941783713341728
ARYRGAGRLDY,H1-69,K3-15,True,1,84,328,11,3.640825302279521e-06,0.0003361801925832,0.0012582766213738,7.704915736239722e-05,False,False,False,False,False,False,False,False,False,False,False,False,False,2,2,False,2.290909090909091,True,False,True,9.97897186279297,1297.4222,3,0.0012582766213738,0.0012582766213738,993,117,True,1000000.0,False,False,False,False,0.06123339154498423,344.6553908203033,21.104586218981463
ARLLARGRFDY,UNK,K3-15,True,1,48,247,11,3.640825302279521e-06,0.0001921029671904,0.0009475436752418,7.704915736239722e-05,False,False,False,False,False,False,False,False,False,False,False,False,False,2,2,False,0.272727272727273,True,False,True,10.73751983642578,1337.5291,3,0.0009475436752418,0.0009475436752418,971,118,True,1000000.0,False,False,False,False,0.08131376551595934,259.54232174576197,21.104586218981463
ARERDVNDRYGFDY,H1-69,K3-15,True,1,21,36,11,3.640825302279521e-06,8.404504814580615e-05,0.0001381035316142,7.704915736239722e-05,False,False,False,False,False,False,False,False,False,True,False,False,False,-1,-1,False,3.4642857142857144,True,False,False,4.68464241027832,1775.8315999999998,3,0.0001381035316142,0.0001381035316142,292,120,True,1000000.0,False,False,False,False,0.5578682730206538,37.82803069979005,21.104586218981463
ARERGRDVYGFDY,H1-69,K1-39,True,1,29,54,8,3.640825302279521e-06,0.0001160622093442,0.0002071552974213,5.603575080901615e-05,False,False,False,False,False,False,False,False,False,False,False,False,False,0,0,False,2.8615384615384616,True,False,False,6.165244674682618,1603.6928999999998,3,0.0002071552974213,0.0002071552974213,383,129,True,1000000.0,False,False,False,False,0.270488115077785,56.74204604968508,15.348789977441063
ARERDPDRVYEDFDI,UNK,K1-39,True,1,40,35,8,3.640825302279521e-06,0.000160085805992,0.0001342673224026,5.603575080901615e-05,False,False,False,False,True,False,False,False,False,True,False,False,False,-3,-3,False,3.306666666666666,True,False,False,4.23322868347168,1895.9787,3,0.000160085805992,0.0001342673224026,370,131,True,1000000.0,False,False,False,False,0.41731358509671274,36.77725206921446,15.348789977441063
ARYRGAGRLDY,H5-51,K3-20,True,1,88,427,7,3.640825302279521e-06,0.0003521887731824,0.0016380613333128,4.903128195788913e-05,False,False,False,False,False,False,False,False,False,False,False,False,False,2,2,False,2.290909090909091,True,False,True,9.97897186279297,1297.4222,3,0.0016380613333128,0.0016380613333128,993,132,True,1000000.0,False,False,False,False,0.029932324045210734,448.6824752447122,13.430191230260931
ARLLARGRFDY,H5-51,K1-39,True,1,21,105,7,3.640825302279521e-06,8.404504814580615e-05,0.000402801967208,4.903128195788913e-05,False,False,False,False,False,False,False,False,False,False,False,False,False,2,2,False,0.272727272727273,True,False,True,10.73751983642578,1337.5291,3,0.000402801967208,0.000402801967208,971,134,True,1000000.0,False,False,False,False,0.12172250565875281,110.33175620769815,13.430191230260931
ARYRGAGRLDY,H5-51,UNK,True,4,26,100,5,1.4563301209118084e-05,0.0001040557738948,0.0003836209211505,3.50223442556351e-05,False,False,False,False,False,False,False,False,False,False,False,False,False,2,2,False,2.290909090909091,True,False,True,9.97897186279297,1297.4222,3,0.0003836209211505,0.0003836209211505,993,145,True,1000000.0,False,False,False,False,0.09129176592596844,26.323543008256753,2.403185369813303
AREYEDADEYDAFDI,H5-51,K3-15,True,1,9,42,4,3.640825302279521e-06,3.601930634820264e-05,0.0001611207868832,2.8017875404508075e-05,False,False,False,False,False,False,False,False,False,True,False,True,False,-6,-6,False,3.5266666666666664,False,False,False,4.050025558471679,1821.8041000000003,1,0.0001611207868832,0.0001611207868832,459,150,True,1000000.0,False,False,False,False,0.173882818711843,44.132702483079264,7.674394988720532
ARLLARGRFDY,H4-34,K3-15,True,1,15,63,3,3.640825302279521e-06,6.00321772470044e-05,0.0002416811803248,2.101340655338106e-05,False,False,False,False,False,False,False,False,False,False,False,False,False,2,2,False,0.272727272727273,True,False,True,10.73751983642578,1337.5291,3,0.0002416811803248,0.0002416811803248,971,154,True,1000000.0,False,False,False,False,0.08694320796125826,66.19905372461889,5.755796241540399
ARERGRDVYGFDY,H4-34,K3-15,True,2,24,38,3,7.281650604559042e-06,9.605148359520704e-05,0.0001457759500372,2.101340655338106e-05,False,False,False,False,False,False,False,False,False,False,False,False,False,0,0,False,2.8615384615384616,True,False,False,6.165244674682618,1603.6928999999998,3,0.0001457759500372,0.0001457759500372,383,157,True,1000000.0,False,False,False,False,0.1441387633583284,19.992174329644218,2.881844961172798
ARERDPTDRYAFDY,H1-69,K1-39,True,1,19,32,3,3.640825302279521e-06,7.604075784620556e-05,0.0001227586947681,2.101340655338106e-05,False,False,False,False,True,False,False,False,False,True,False,False,False,-1,-1,False,3.492857142857143,True,False,False,4.68464241027832,1774.8437,3,0.0001227586947681,0.0001227586947681,371,158,True,1000000.0,False,False,False,False,0.17116258011110783,33.62491617756985,5.755796241540399
ARERGRDVYGFDY,UNK,K3-15,True,1,8,29,3,3.640825302279521e-06,3.2017161198402346e-05,0.0001112500671336,2.101340655338106e-05,False,False,False,False,False,False,False,False,False,False,False,False,False,0,0,False,2.8615384615384616,True,False,False,6.165244674682618,1603.6928999999998,3,0.0001112500671336,0.0001112500671336,383,159,True,1000000.0,False,False,False,False,0.18886746246655026,30.472580285925243,5.755796241540399
ARYIGRGRLDY,H5-51,K3-20,True,15,2690,12862,2,5.461237953419281e-05,0.0107657704529627,0.0493413228783845,1.4008937702254036e-05,False,False,False,False,False,False,False,False,False,False,False,False,False,2,2,False,1.3727272727272728,True,False,True,9.97897186279297,1339.5019,3,0.0493413228783845,0.0493413228783845,1556,160,True,1000000.0,False,False,False,True,0.00028391891513719294,903.3169792154066,0.2564688287423408
ARLLARGRFDY,H5-51,K3-20,True,1,26,129,2,3.640825302279521e-06,0.0001040557738948,0.0004948709882842,1.4008937702254036e-05,False,False,False,False,False,False,False,False,False,False,False,False,False,2,2,False,0.272727272727273,True,False,True,10.73751983642578,1337.5291,3,0.0004948709882842,0.0004948709882842,971,162,True,1000000.0,False,False,False,False,0.028307690200070866,135.5504433409098,3.8371974943602654
ARLLARGRFDY,H1-69,K3-15,True,1,24,108,2,3.640825302279521e-06,9.605148359520704e-05,0.0004143105948426,1.4008937702254036e-05,False,False,False,False,False,False,False,False,False,False,False,False,False,2,2,False,0.272727272727273,True,False,True,10.73751983642578,1337.5291,3,0.0004143105948426,0.0004143105948426,971,163,True,1000000.0,False,False,False,False,0.033811830443948886,113.48409209937016,3.8371974943602654
ARAKRWSAVYRYVAFDP,H3-23_A,K1-39,True,1,1,92,2,3.640825302279521e-06,4.002145149800293e-06,0.0003529312474585,1.4008937702254036e-05,False,False,False,False,True,False,False,False,False,False,False,False,True,3,3,False,0.8764705882352942,True,False,True,10.267314147949218,2056.3283,3,0.0003529312474585,0.0003529312474585,25,165,True,1000000.0,False,False,False,True,0.03969198217304214,96.67163401057152,3.8371974943602654
ARLLARGRFDY,H5-51,UNK,True,1,6,37,2,3.640825302279521e-06,2.401287089880176e-05,0.0001419397408257,1.4008937702254036e-05,False,False,False,False,False,False,False,False,False,False,False,False,False,2,2,False,0.272727272727273,True,False,True,10.73751983642578,1337.5291,3,0.0001419397408257,0.0001419397408257,971,168,True,1000000.0,False,False,False,False,0.09868942078207528,38.87880933033825,3.8371974943602654
ARLRGAGRFDY,H5-51,K3-15,True,11,1487,3102,1,4.004907832507473e-05,0.005951189837753,0.0118999209740902,7.004468851127019e-06,False,False,False,False,False,False,False,False,False,False,False,False,False,2,2,False,1.6272727272727274,True,False,True,10.73751983642578,1281.4228,3,0.0118999209740902,0.0118999209740902,474,171,True,1000000.0,False,False,False,True,0.0005886142420807227,297.0592802341516,0.17485347002461152
ARLRASGRFDY,H5-51,K3-15,True,65,823,2167,1,0.0002366536446481,0.0032937654582856,0.0083130653613325,7.004468851127019e-06,False,False,False,False,False,False,False,False,False,False,False,False,False,2,2,False,1.7000000000000002,True,False,True,10.73751983642578,1311.4488,3,0.0083130653613325,0.0083130653613325,990,172,True,1000000.0,False,False,False,True,0.0008425845486386009,35.12607681544568,0.02959672518160576
ARLRGRGRFDY,H5-51,K3-15,True,4,532,1516,1,1.4563301209118084e-05,0.0021291412196937,0.0058156931646424,7.004468851127019e-06,False,False,False,False,False,False,False,False,False,False,False,False,True,3,3,False,1.8181818181818183,True,False,True,11.539094543457033,1366.5305999999998,4,0.0058156931646424,0.0058156931646424,873,175,True,1000000.0,False,False,False,True,0.0012044061831958568,399.0649120052286,0.48063707396266053
ARWRNAGRFDY,H5-51,K3-15,True,20,877,1043,1,7.281650604559042e-05,0.0035098812963748,0.0040011662076002,7.004468851127019e-06,False,False,False,False,False,False,False,False,False,False,False,False,False,2,2,False,1.6727272727272728,True,False,True,10.73751983642578,1411.5264,3,0.0040011662076002,0.0040011662076002,1507,183,True,1000000.0,False,False,False,True,0.0017506024448066273,54.941070564272486,0.09618021282995677
ARYIGRGRLDY,H5-51,K3-15,True,1,171,735,1,3.640825302279521e-06,0.0006843668206158,0.0028196137704565,7.004468851127019e-06,False,False,False,False,False,False,False,False,False,False,False,False,False,2,2,False,1.3727272727272728,True,False,True,9.97897186279297,1339.5019,3,0.0028196137704565,0.0028196137704565,1556,194,True,1000000.0,False,False,False,False,0.002484185629486656,772.322293454024,1.918598747180133
ARERDIRDVYGFDY,H1-69,K1-39,True,36,1025,698,1,0.000131069710882,0.0041021987785453,0.0026776740296308,7.004468851127019e-06,False,False,False,False,False,False,False,False,False,True,False,False,False,-1,-1,False,2.392857142857143,True,False,False,4.68464241027832,1774.8865999999998,3,0.0041021987785453,0.0026776740296308,363,195,True,1000000.0,False,False,False,True,0.0026158683301004703,20.427829841959934,0.053436712699439434
AREGRDRYDFDY,H1-69,K1-39,True,13,278,572,1,4.733072892963377e-05,0.0011125963516444,0.0021943116689811,7.004468851127019e-06,False,False,False,False,False,False,False,False,False,True,False,False,False,-1,-1,False,3.766666666666667,True,False,False,4.68464241027832,1562.598,3,0.0021943116689811,0.0021943116689811,305,201,True,1000000.0,False,False,False,True,0.0031920884481715195,46.351455049259535,0.14795861849821343
ARGPYRGFRHGYGFDI,H3-23_A,K3-15,True,72,751,545,1,0.0002621394217641,0.0030056110075,0.0020907340202705,7.004468851127019e-06,False,False,False,False,False,False,False,False,False,False,False,False,False,2,3,False,1.3437500000000002,True,False,True,9.979042053222656,1869.049,3,0.0030056110075,0.0020907340202705,596,204,True,1000000.0,False,False,False,True,0.0033502278534417534,7.975352400936767,0.02671937555303906
ARYIGRGRLDY,UNK,K3-20,True,1,113,530,1,3.640825302279521e-06,0.0004522424019274,0.0020331908820979,7.004468851127019e-06,False,False,False,False,False,False,False,False,False,False,False,False,False,2,2,False,1.3727272727272728,True,False,True,9.97897186279297,1339.5019,3,0.0020331908820979,0.0020331908820979,1556,205,True,1000000.0,False,False,False,False,0.0034450451565315367,556.9126741913414,1.918598747180133
ARERGLDRYEPDY,H4-34,K3-20,True,15,354,524,1,5.461237953419281e-05,0.0014167593830293,0.0020101736268289,7.004468851127019e-06,False,False,False,False,False,False,False,False,False,True,False,False,False,-1,-1,False,3.4692307692307693,True,False,False,4.783093643188476,1639.7235999999998,3,0.0020101736268289,0.0020101736268289,387,206,True,1000000.0,False,False,False,True,0.003484492042240286,36.801282623920855,0.1282344143711704
ARLLGRGRFDY,H5-51,UNK,True,9,264,492,1,3.276742772051569e-05,0.0010565663195472,0.0018874149320607,7.004468851127019e-06,False,False,False,False,False,False,False,False,False,False,False,False,False,2,2,False,0.6000000000000003,True,False,True,10.73751983642578,1323.5024999999998,3,0.0018874149320607,0.0018874149320607,971,208,True,1000000.0,False,False,False,True,0.0037111244702482046,57.58276543706173,0.21369794209759962
ARERAPGDRYGFDY,H1-69,K3-20,True,15,786,482,1,5.461237953419281e-05,0.003145686087743,0.0018490528399456,7.004468851127019e-06,False,False,False,False,False,False,False,False,False,False,False,False,False,0,0,False,3.2214285714285715,True,False,False,6.165244674682618,1672.755,3,0.003145686087743,0.0018490528399456,362,210,True,1000000.0,False,False,False,True,0.0037881183374671532,33.851561497574814,0.1282344143711704
ARERAVNDRYGFDY,H1-69,K1-39,True,10,418,434,1,3.640825302279521e-05,0.0016728966726165,0.0016649147977934,7.004468851127019e-06,False,False,False,False,False,False,False,False,False,False,False,False,False,0,0,False,2.9,True,False,False,6.165244674682618,1731.8221,3,0.0016728966726165,0.0016649147977934,366,214,True,1000000.0,False,False,False,True,0.004207078217833237,45.71649268160345,0.19233401576793716
ARWRTSGRFDY,H5-51,K3-15,True,6,297,399,1,2.1844951813677123e-05,0.0011886371094906,0.0015306474753907,7.004468851127019e-06,False,False,False,False,False,False,False,False,False,False,False,False,False,2,2,False,1.9090909090909087,True,False,True,10.73751983642578,1414.5271,3,0.0015306474753907,0.0015306474753907,1509,216,True,1000000.0,False,False,False,True,0.004576117755763176,70.03664379771361,0.320498023095321
ARGPYRLNLIGRAFDI,H3-23_A,K1-39,True,17,843,307,1,6.189403013875185e-05,0.0033738083612816,0.0011777162279322,7.004468851127019e-06,False,False,False,False,False,False,False,False,False,False,False,False,False,2,2,False,0.1125000000000002,True,False,True,10.73751983642578,1832.1134,3,0.0033738083612816,0.0011777162279322,601,225,True,1000000.0,False,False,False,True,0.005947450846386565,19.024871648783833,0.11315044974337189
ARYIGRGRLDY,H1-69,K3-20,True,1,43,271,1,3.640825302279521e-06,0.0001720922414414,0.001039612696318,7.004468851127019e-06,False,False,False,False,False,False,False,False,False,False,False,False,False,2,2,False,1.3727272727272728,True,False,True,9.97897186279297,1339.5019,3,0.001039612696318,0.001039612696318,1556,231,True,1000000.0,False,False,False,False,0.006737510517935528,284.7610088789736,1.918598747180133
ARYIGRGRLDY,H5-51,UNK,True,3,67,266,1,1.092247590683856e-05,0.0002681437250366,0.0010204316502604,7.004468851127019e-06,False,False,False,False,False,False,False,False,False,False,False,False,False,2,2,False,1.3727272727272728,True,False,True,9.97897186279297,1339.5019,3,0.0010204316502604,0.0010204316502604,1556,233,True,1000000.0,False,False,False,False,0.006864154211404046,93.33948311032567,0.6407028847642403
ARYIGRGRLDY,H5-51,K1-39,True,1,56,234,1,3.640825302279521e-06,0.0002241201283888,0.0008976729554923,7.004468851127019e-06,False,False,False,False,False,False,False,False,False,False,False,False,False,2,2,False,1.3727272727272728,True,False,True,9.97897186279297,1339.5019,3,0.0008976729554923,0.0008976729554923,1556,241,True,1000000.0,False,False,False,False,0.007802831510024253,245.88219954863533,1.918598747180133
ARYRSKGRFDY,H5-51,K3-15,True,25,152,206,1,9.102063255698802e-05,0.0006083260627696,0.0007902590975701,7.004468851127019e-06,False,False,False,False,False,False,False,False,False,False,False,False,True,3,3,False,2.690909090909091,True,False,True,10.267314147949218,1418.5588,3,0.0007902590975701,0.0007902590975701,1596,248,True,1000000.0,False,False,False,True,0.008863397129742498,8.681243614069945,0.07694628340346864
ARYIGRGRLDY,H4-34,K3-20,True,1,31,187,1,3.640825302279521e-06,0.0001240664996438,0.0007173711225515,7.004468851127019e-06,False,False,False,False,False,False,False,False,False,False,False,False,False,2,2,False,1.3727272727272728,True,False,True,9.97897186279297,1339.5019,3,0.0007173711225515,0.0007173711225515,1556,257,True,1000000.0,False,False,False,False,0.009763943642975042,196.4956039127877,1.918598747180133
ARYRGAGRLDY,H4-34,K3-15,True,2,34,182,1,7.281650604559042e-06,0.0001360729350932,0.000698190076494,7.004468851127019e-06,False,False,False,False,False,False,False,False,False,False,False,False,False,2,2,False,2.290909090909091,True,False,True,9.97897186279297,1297.4222,3,0.000698190076494,0.000698190076494,993,262,True,1000000.0,False,False,False,False,0.010032180011064795,95.75199284198597,0.9606149870575992
ARERELGDRYGFDY,H1-69,K4-1,True,20,352,140,1,7.281650604559042e-05,0.0014087550927297,0.0005370692896107,7.004468851127019e-06,False,False,False,False,False,False,False,False,False,True,False,False,False,-1,-1,False,2.821428571428572,True,False,False,4.783093643188476,1746.8335,3,0.0014087550927297,0.0005370692896107,379,268,True,1000000.0,False,False,False,True,0.013041777976961617,7.374640344196757,0.09618021282995677
ARLRGAGRFDY,UNK,K3-15,True,3,67,119,1,1.092247590683856e-05,0.0002681437250366,0.0004565088961691,7.004468851127019e-06,False,False,False,False,False,False,False,False,False,False,False,False,False,2,2,False,1.6272727272727274,True,False,True,10.73751983642578,1281.4228,3,0.0004565088961691,0.0004565088961691,474,273,True,1000000.0,False,False,False,False,0.015343217794280483,41.75713718093276,0.6407028847642403
ARLRASGRFDY,UNK,K3-15,True,3,47,113,1,1.092247590683856e-05,0.0001881008220406,0.0004334916409001,7.004468851127019e-06,False,False,False,False,False,False,False,False,False,False,False,False,False,2,2,False,1.7000000000000002,True,False,True,10.73751983642578,1311.4488,3,0.0004334916409001,0.0004334916409001,990,277,True,1000000.0,False,False,False,False,0.01615788313184538,39.65173530626665,0.6407028847642403
ARERGVDRYGFDY,H1-69,K3-15,True,16,482,93,1,5.8253204836472334e-05,0.0019290339622037,0.00035676745667,7.004468851127019e-06,False,False,False,False,False,False,False,False,False,False,False,False,False,0,0,False,2.8615384615384616,True,False,False,6.165244674682618,1603.6928999999998,3,0.0019290339622037,0.00035676745667,366,284,True,1000000.0,False,False,False,True,0.019632599314159515,6.123375081603239,0.12022113906686906
AREGEDEYEFDY,H1-69,K1-39,True,13,101,92,1,4.733072892963377e-05,0.0004042166601298,0.0003529312474585,7.004468851127019e-06,False,False,False,False,False,False,False,False,False,True,False,True,False,-5,-5,False,4.183333333333334,False,False,False,4.050025558471679,1522.4812,1,0.0004042166601298,0.0003529312474585,296,285,True,1000000.0,False,False,False,True,0.019845991086521072,7.4551291337970165,0.14795861849821343
AREGYDEDFGYDFDI,H1-69,K3-20,True,17,202,91,1,6.189403013875185e-05,0.0008084333202596,0.000349095038247,7.004468851127019e-06,False,False,False,False,False,False,False,False,False,True,False,True,False,-5,-5,False,2.873333333333333,False,False,False,4.050025558471679,1811.8107,1,0.0008084333202596,0.000349095038247,318,286,True,1000000.0,False,False,False,True,0.02006407265360402,5.639294202082442,0.11315044974337189
ARLRGAGRFDY,H1-69,K3-15,True,1,30,82,1,3.640825302279521e-06,0.000120064354494,0.0003145691553434,7.004468851127019e-06,False,False,False,False,False,False,False,False,False,False,False,False,False,2,2,False,1.6272727272727274,True,False,True,10.73751983642578,1281.4228,3,0.0003145691553434,0.0003145691553434,474,291,True,1000000.0,False,False,False,False,0.022266156966060963,86.16384770506211,1.918598747180133
ARERGRGDPYGFDY,H1-69,K3-20,True,24,633,77,1,8.737980725470849e-05,0.0025333578798235,0.0002953881092859,7.004468851127019e-06,False,False,False,False,True,False,False,False,False,False,False,False,False,0,0,False,3.4785714285714286,True,False,False,6.165244674682618,1658.7284,3,0.0025333578798235,0.0002953881092859,383,294,True,1000000.0,False,False,False,True,0.023711962368546405,3.3801208466446724,0.0801520116723867
ARLRGAGRFDY,H5-51,K1-39,True,2,45,77,1,7.281650604559042e-06,0.000180096531741,0.0002953881092859,7.004468851127019e-06,False,False,False,False,False,False,False,False,False,False,False,False,False,2,2,False,1.6272727272727274,True,False,True,10.73751983642578,1281.4228,3,0.0002953881092859,0.0002953881092859,474,295,True,1000000.0,False,False,False,False,0.023711962368546405,40.51045851006782,0.9606149870575992
ARLRGAGRFDY,H5-51,K3-20,True,4,47,73,1,1.4563301209118084e-05,0.0001881008220406,0.0002800432724399,7.004468851127019e-06,False,False,False,False,False,False,False,False,False,False,False,False,False,2,2,False,1.6272727272727274,True,False,True,10.73751983642578,1281.4228,3,0.0002800432724399,0.0002800432724399,474,298,True,1000000.0,False,False,False,False,0.0250112015835494,19.216186396029833,0.48063707396266053
ARLLGRGRFDY,H5-51,K3-15,True,1,35,73,1,3.640825302279521e-06,0.000140075080243,0.0002800432724399,7.004468851127019e-06,False,False,False,False,False,False,False,False,False,False,False,False,False,2,2,False,0.6000000000000003,True,False,True,10.73751983642578,1323.5024999999998,3,0.0002800432724399,0.0002800432724399,971,299,True,1000000.0,False,False,False,False,0.0250112015835494,76.7068400301283,1.918598747180133
ARYRGAGRFDY,H5-51,K3-15,True,1,11,68,1,3.640825302279521e-06,4.402359664780322e-05,0.0002608622263823,7.004468851127019e-06,False,False,False,False,False,False,False,False,False,False,False,False,False,2,2,False,2.290909090909091,True,False,True,9.97897186279297,1331.4384,3,0.0002608622263823,0.0002608622263823,1588,303,True,1000000.0,False,False,False,False,0.026850190026983523,71.4529468773599,1.918598747180133
ARYIGRGRLDY,H3-23_A,K3-20,True,2,9,63,1,7.281650604559042e-06,3.601930634820264e-05,0.0002416811803248,7.004468851127019e-06,False,False,False,False,False,False,False,False,False,False,False,False,False,2,2,False,1.3727272727272728,True,False,True,9.97897186279297,1339.5019,3,0.0002416811803248,0.0002416811803248,1556,309,True,1000000.0,False,False,False,False,0.02898106932041942,33.14492059914266,0.9606149870575992
ARLRGRGRFDY,UNK,K3-15,True,1,22,62,1,3.640825302279521e-06,8.804719329560644e-05,0.0002378449711133,7.004468851127019e-06,False,False,False,False,False,False,False,False,False,False,False,False,True,3,3,False,1.8181818181818183,True,False,True,11.539094543457033,1366.5305999999998,4,0.0002378449711133,0.0002378449711133,873,310,True,1000000.0,False,False,False,False,0.02944848627019237,65.1482750940707,1.918598747180133
ARLRGAGRLDY,H5-51,K3-15,True,1,10,62,1,3.640825302279521e-06,4.002145149800293e-05,0.0002378449711133,7.004468851127019e-06,False,False,False,False,False,False,False,False,False,False,False,False,False,2,2,False,1.6272727272727274,True,False,True,10.73751983642578,1247.4066,3,0.0002378449711133,0.0002378449711133,993,311,True,1000000.0,False,False,False,False,0.02944848627019237,65.1482750940707,1.918598747180133
ARLRASGRFDY,H1-69,K3-15,True,1,21,56,1,3.640825302279521e-06,8.404504814580615e-05,0.0002148277158443,7.004468851127019e-06,False,False,False,False,False,False,False,False,False,False,False,False,False,2,2,False,1.7000000000000002,True,False,True,10.73751983642578,1311.4488,3,0.0002148277158443,0.0002148277158443,990,319,True,1000000.0,False,False,False,False,0.032603534363600244,58.843603310781475,1.918598747180133
ARHLGVHRYSYYRPFDY,H3-23_A,K3-20,True,1,1,56,1,3.640825302279521e-06,4.002145149800293e-06,0.0002148277158443,7.004468851127019e-06,False,False,False,False,False,False,False,False,False,False,False,False,False,2,4,False,0.7941176470588237,True,False,True,9.524067687988282,2200.4153,3,0.0002148277158443,0.0002148277158443,744,320,True,1000000.0,False,False,False,True,0.032603534363600244,58.843603310781475,1.918598747180133
ARLLGRGRFDY,H5-51,K3-20,True,2,23,53,1,7.281650604559042e-06,9.204933844540674e-05,0.0002033190882097,7.004468851127019e-06,False,False,False,False,False,False,False,False,False,False,False,False,False,2,2,False,0.6000000000000003,True,False,True,10.73751983642578,1323.5024999999998,3,0.0002033190882097,0.0002033190882097,971,325,True,1000000.0,False,False,False,False,0.03444892667744164,27.883822091335052,0.9606149870575992
ARWRNAGRFDY,UNK,K3-15,True,2,34,50,1,7.281650604559042e-06,0.0001360729350932,0.0001918104605752,7.004468851127019e-06,False,False,False,False,False,False,False,False,False,False,False,False,False,2,2,False,1.6727272727272728,True,False,True,10.73751983642578,1411.5264,3,0.0001918104605752,0.0001918104605752,1507,330,True,1000000.0,False,False,False,False,0.036515754524429546,26.305492538996884,0.9606149870575992
ARLRGRGRFDY,H5-51,K3-20,True,1,16,50,1,3.640825302279521e-06,6.403432239680469e-05,0.0001918104605752,7.004468851127019e-06,False,False,False,False,False,False,False,False,False,False,False,False,True,3,3,False,1.8181818181818183,True,False,True,11.539094543457033,1366.5305999999998,4,0.0001918104605752,0.0001918104605752,873,331,True,1000000.0,False,False,False,False,0.036515754524429546,52.538931527464875,1.918598747180133
ARVKLRVWRLEYAAFDI,H3-23_A,K4-1,True,2,558,49,1,7.281650604559042e-06,0.0022331969935885,0.0001879742513637,7.004468851127019e-06,False,False,False,False,False,False,False,False,False,False,False,False,False,2,2,False,-0.7352941176470587,True,False,True,9.97897186279297,2106.4715,3,0.0022331969935885,0.0001879742513637,1356,333,True,1000000.0,False,False,False,True,0.03726093436186427,25.779382688217495,0.9606149870575992
ARERGRDVYGFDY,H5-51,K3-15,True,1,9,48,1,3.640825302279521e-06,3.601930634820264e-05,0.0001841380421522,7.004468851127019e-06,False,False,False,False,False,False,False,False,False,False,False,False,False,0,0,False,2.8615384615384616,True,False,False,6.165244674682618,1603.6928999999998,3,0.0001841380421522,0.0001841380421522,383,334,True,1000000.0,False,False,False,False,0.038037161673094316,50.43737426636847,1.918598747180133
ARYRGAGRLDY,H3-23_A,K3-15,True,6,8,46,1,2.1844951813677123e-05,3.2017161198402346e-05,0.0001764656237292,7.004468851127019e-06,False,False,False,False,False,False,False,False,False,False,False,False,False,2,2,False,2.290909090909091,True,False,True,9.97897186279297,1297.4222,3,0.0001764656237292,0.0001764656237292,993,338,True,1000000.0,False,False,False,False,0.039690857598980944,8.074400036826685,0.320498023095321
ARLRGAGRFDY,H4-34,K3-15,True,3,16,45,1,1.092247590683856e-05,6.403432239680469e-05,0.0001726294145177,7.004468851127019e-06,False,False,False,False,False,False,False,False,False,False,False,False,False,2,2,False,1.6272727272727274,True,False,True,10.73751983642578,1281.4228,3,0.0001726294145177,0.0001726294145177,474,342,True,1000000.0,False,False,False,False,0.040572825566486614,15.790514060014129,0.6407028847642403
ARLRASGRFDY,H4-34,K3-15,True,1,9,45,1,3.640825302279521e-06,3.601930634820264e-05,0.0001726294145177,7.004468851127019e-06,False,False,False,False,False,False,False,False,False,False,False,False,False,2,2,False,1.7000000000000002,True,False,True,10.73751983642578,1311.4488,3,0.0001726294145177,0.0001726294145177,990,343,True,1000000.0,False,False,False,False,0.040572825566486614,47.28503837472387,1.918598747180133
ARLRASGRFDY,H5-51,K1-39,True,3,25,40,1,1.092247590683856e-05,0.000100053628745,0.0001534483684602,7.004468851127019e-06,False,False,False,False,False,False,False,False,False,False,False,False,False,2,2,False,1.7000000000000002,True,False,True,10.73751983642578,1311.4488,3,0.0001534483684602,0.0001534483684602,990,355,True,1000000.0,False,False,False,False,0.04564409827505532,14.03601249779237,0.6407028847642403
ARYRGAGRLDY,H5-51,K4-1,True,3,22,40,1,1.092247590683856e-05,8.804719329560644e-05,0.0001534483684602,7.004468851127019e-06,False,False,False,False,False,False,False,False,False,False,False,False,False,2,2,False,2.290909090909091,True,False,True,9.97897186279297,1297.4222,3,0.0001534483684602,0.0001534483684602,993,356,True,1000000.0,False,False,False,False,0.04564409827505532,14.03601249779237,0.6407028847642403
ARLRASGRFDY,H5-51,K3-20,True,1,19,40,1,3.640825302279521e-06,7.604075784620556e-05,0.0001534483684602,7.004468851127019e-06,False,False,False,False,False,False,False,False,False,False,False,False,False,2,2,False,1.7000000000000002,True,False,True,10.73751983642578,1311.4488,3,0.0001534483684602,0.0001534483684602,990,357,True,1000000.0,False,False,False,False,0.04564409827505532,42.031145221982854,1.918598747180133
ARYIGRGRLDY,UNK,K3-15,True,1,10,40,1,3.640825302279521e-06,4.002145149800293e-05,0.0001534483684602,7.004468851127019e-06,False,False,False,False,False,False,False,False,False,False,False,False,False,2,2,False,1.3727272727272728,True,False,True,9.97897186279297,1339.5019,3,0.0001534483684602,0.0001534483684602,1556,360,True,1000000.0,False,False,False,False,0.04564409827505532,42.031145221982854,1.918598747180133
ARERAPGDRYGFDY,H1-69,K1-39,True,1,23,36,1,3.640825302279521e-06,9.204933844540674e-05,0.0001381035316142,7.004468851127019e-06,False,False,False,False,False,False,False,False,False,False,False,False,False,0,0,False,3.2214285714285715,True,False,False,6.165244674682618,1672.755,3,0.0001381035316142,0.0001381035316142,362,369,True,1000000.0,False,False,False,False,0.05071529754733215,37.82803069979005,1.918598747180133
ARLLGRGRFDY,UNK,UNK,True,1,14,35,1,3.640825302279521e-06,5.60300320972041e-05,0.0001342673224026,7.004468851127019e-06,False,False,False,False,False,False,False,False,False,False,False,False,False,2,2,False,0.6000000000000003,True,False,True,10.73751983642578,1323.5024999999998,3,0.0001342673224026,0.0001342673224026,971,374,True,1000000.0,False,False,False,False,0.05216419813708909,36.77725206921446,1.918598747180133
ARLLARGRLDY,H5-51,K3-20,True,1,6,33,1,3.640825302279521e-06,2.401287089880176e-05,0.0001265949039796,7.004468851127019e-06,False,False,False,False,False,False,False,False,False,False,False,False,False,2,2,False,0.272727272727273,True,False,True,10.73751983642578,1303.5129,3,0.0001265949039796,0.0001265949039796,971,386,True,1000000.0,False,False,False,False,0.05532541497962557,34.67569480811805,1.918598747180133
ARERGLDRYEPDY,H4-34,K1-39,True,3,12,30,1,1.092247590683856e-05,4.802574179760352e-05,0.0001150862763451,7.004468851127019e-06,False,False,False,False,False,False,False,False,False,True,False,False,False,-1,-1,False,3.4692307692307693,True,False,False,4.783093643188476,1639.7235999999998,3,0.0001150862763451,0.0001150862763451,387,399,True,1000000.0,False,False,False,False,0.06085747578944348,10.527009373339704,0.6407028847642403
ARLRGRGRFDY,H1-69,K3-15,True,1,5,30,1,3.640825302279521e-06,2.0010725749001463e-05,0.0001150862763451,7.004468851127019e-06,False,False,False,False,False,False,False,False,False,False,False,False,True,3,3,False,1.8181818181818183,True,False,True,11.539094543457033,1366.5305999999998,4,0.0001150862763451,0.0001150862763451,873,400,True,1000000.0,False,False,False,False,0.06085747578944348,31.52335891647345,1.918598747180133
ARERAPGDRYGFDY,H1-69,K3-15,True,2,37,28,1,7.281650604559042e-06,0.0001480793705426,0.0001074138579221,7.004468851127019e-06,False,False,False,False,False,False,False,False,False,False,False,False,False,0,0,False,3.2214285714285715,True,False,False,6.165244674682618,1672.755,3,0.0001480793705426,0.0001074138579221,362,407,True,1000000.0,False,False,False,False,0.0652040336906017,14.73107582183661,0.9606149870575992
ARLRGRGRFDY,H5-51,K1-39,True,1,15,28,1,3.640825302279521e-06,6.00321772470044e-05,0.0001074138579221,7.004468851127019e-06,False,False,False,False,False,False,False,False,False,False,False,False,True,3,3,False,1.8181818181818183,True,False,True,11.539094543457033,1366.5305999999998,4,0.0001074138579221,0.0001074138579221,873,409,True,1000000.0,False,False,False,False,0.0652040336906017,29.421801655377045,1.918598747180133
ARWRNAGRFDY,H1-69,K3-15,True,1,19,27,1,3.640825302279521e-06,7.604075784620556e-05,0.0001035776487106,7.004468851127019e-06,False,False,False,False,False,False,False,False,False,False,False,False,False,2,2,False,1.6727272727272728,True,False,True,10.73751983642578,1411.5264,3,0.0001035776487106,0.0001035776487106,1507,414,True,1000000.0,False,False,False,False,0.06761876476891458,28.37102302482884,1.918598747180133
ARERDPTDRYAFDY,H5-51,K3-15,True,1,12,27,1,3.640825302279521e-06,4.802574179760352e-05,0.0001035776487106,7.004468851127019e-06,False,False,False,False,True,False,False,False,False,True,False,False,False,-1,-1,False,3.492857142857143,True,False,False,4.68464241027832,1774.8437,3,0.0001035776487106,0.0001035776487106,371,416,True,1000000.0,False,False,False,False,0.06761876476891458,28.37102302482884,1.918598747180133
ARERDVNDRYGFDY,H5-51,K1-39,True,1,12,27,1,3.640825302279521e-06,4.802574179760352e-05,0.0001035776487106,7.004468851127019e-06,False,False,False,False,False,False,False,False,False,True,False,False,False,-1,-1,False,3.4642857142857144,True,False,False,4.68464241027832,1775.8315999999998,3,0.0001035776487106,0.0001035776487106,292,417,True,1000000.0,False,False,False,False,0.06761876476891458,28.37102302482884,1.918598747180133
ARYIGRGRLDY,UNK,UNK,True,2,7,27,1,7.281650604559042e-06,2.801501604860205e-05,0.0001035776487106,7.004468851127019e-06,False,False,False,False,False,False,False,False,False,False,False,False,False,2,2,False,1.3727272727272728,True,False,True,9.97897186279297,1339.5019,3,0.0001035776487106,0.0001035776487106,1556,420,True,1000000.0,False,False,False,False,0.06761876476891458,14.20496597105722,0.9606149870575992
ARERAPGDRYGFDY,H4-34,K3-20,True,1,53,23,1,3.640825302279521e-06,0.0002121136929394,8.823281186462784e-05,7.004468851127019e-06,False,False,False,False,False,False,False,False,False,False,False,False,False,0,0,False,3.2214285714285715,True,False,False,6.165244674682618,1672.755,3,0.0002121136929394,8.823281186462784e-05,362,427,True,1000000.0,False,False,False,False,0.07937721728396965,24.167908502643662,1.918598747180133
ARERDIRDVYGFDY,UNK,K1-39,True,3,26,20,1,1.092247590683856e-05,0.0001040557738948,7.672418423011117e-05,7.004468851127019e-06,False,False,False,False,False,False,False,False,False,True,False,False,False,-1,-1,False,2.392857142857143,True,False,False,4.68464241027832,1774.8865999999998,3,0.0001040557738948,7.672418423011117e-05,363,434,True,1000000.0,False,False,False,False,0.09128224821054921,7.018006248897207,0.6407028847642403
ARGPYRGFRHGYGFDI,H1-69,K3-15,True,3,30,19,1,1.092247590683856e-05,0.000120064354494,7.288797501860562e-05,7.004468851127019e-06,False,False,False,False,False,False,False,False,False,False,False,False,False,2,3,False,1.3437500000000002,True,False,True,9.979042053222656,1869.049,3,0.000120064354494,7.288797501860562e-05,596,438,True,1000000.0,False,False,False,False,0.09608591801540826,6.667105936452347,0.6407028847642403
ARDRYGAWKYHNRFDI,H4-34,K3-20,True,9,101,16,1,3.276742772051569e-05,0.0004042166601298,6.137934738408894e-05,7.004468851127019e-06,False,False,False,False,False,False,False,False,False,False,False,False,False,2,3,False,1.64375,True,False,False,9.694560241699218,2068.2562000000003,3,0.0004042166601298,6.137934738408894e-05,209,439,True,1000000.0,False,False,False,True,0.11409909291432632,1.8726102581158632,0.21369794209759962
ARERDIRDVYGFDY,H1-69,K3-15,True,2,38,15,1,7.281650604559042e-06,0.0001520815156924,5.754313817258338e-05,7.004468851127019e-06,False,False,False,False,False,False,False,False,False,True,False,False,False,-1,-1,False,2.392857142857143,True,False,False,4.68464241027832,1774.8865999999998,3,0.0001520815156924,5.754313817258338e-05,363,442,True,1000000.0,False,False,False,False,0.12170437744198875,7.891647761702273,0.9606149870575992
ARERAPGDRYGFDY,H1-69,UNK,True,2,30,15,1,7.281650604559042e-06,0.000120064354494,5.754313817258338e-05,7.004468851127019e-06,False,False,False,False,False,False,False,False,False,False,False,False,False,0,0,False,3.2214285714285715,True,False,False,6.165244674682618,1672.755,3,0.000120064354494,5.754313817258338e-05,362,443,True,1000000.0,False,False,False,False,0.12170437744198875,7.891647761702273,0.9606149870575992
ARWRNAGRFDY,H5-51,K3-20,True,2,27,15,1,7.281650604559042e-06,0.0001080579190446,5.754313817258338e-05,7.004468851127019e-06,False,False,False,False,False,False,False,False,False,False,False,False,False,2,2,False,1.6727272727272728,True,False,True,10.73751983642578,1411.5264,3,0.0001080579190446,5.754313817258338e-05,1507,444,True,1000000.0,False,False,False,False,0.12170437744198875,7.891647761702273,0.9606149870575992
ARERAPGDRYGFDY,UNK,K3-20,True,2,28,14,1,7.281650604559042e-06,0.0001120600641944,5.370692896107782e-05,7.004468851127019e-06,False,False,False,False,False,False,False,False,False,False,False,False,False,0,0,False,3.2214285714285715,True,False,False,6.165244674682618,1672.755,3,0.0001120600641944,5.370692896107782e-05,362,448,True,1000000.0,False,False,False,False,0.13039592892963617,7.36553791092212,0.9606149870575992
ARERDIRDVYGFDY,H1-69,K3-20,True,3,25,14,1,1.092247590683856e-05,0.000100053628745,5.370692896107782e-05,7.004468851127019e-06,False,False,False,False,False,False,False,False,False,True,False,False,False,-1,-1,False,2.392857142857143,True,False,False,4.68464241027832,1774.8865999999998,3,0.000100053628745,5.370692896107782e-05,363,449,True,1000000.0,False,False,False,False,0.13039592892963617,4.912604374228045,0.6407028847642403
ARERDIRDVYGFDY,H4-34,K1-39,True,1,41,12,1,3.640825302279521e-06,0.0001640879511418,4.6034510538066704e-05,7.004468851127019e-06,False,False,False,False,False,False,False,False,False,True,False,False,False,-1,-1,False,2.392857142857143,True,False,False,4.68464241027832,1774.8865999999998,3,0.0001640879511418,4.6034510538066704e-05,363,456,True,1000000.0,False,False,False,False,0.15212386382815743,12.609343566596694,1.918598747180133
ARERGVDRYGFDY,H1-69,K1-39,True,1,29,6,1,3.640825302279521e-06,0.0001160622093442,2.3017255269033352e-05,7.004468851127019e-06,False,False,False,False,False,False,False,False,False,False,False,False,False,0,0,False,2.8615384615384616,True,False,False,6.165244674682618,1603.6928999999998,3,0.0001160622093442,2.3017255269033352e-05,366,478,True,1000000.0,False,False,False,False,0.30418166513082023,6.304671783298347,1.918598747180133
ARGPYRLNLIGRAFDI,H3-23_A,K3-15,True,1,26,6,1,3.640825302279521e-06,0.0001040557738948,2.3017255269033352e-05,7.004468851127019e-06,False,False,False,False,False,False,False,False,False,False,False,False,False,2,2,False,0.1125000000000002,True,False,True,10.73751983642578,1832.1134,3,0.0001040557738948,2.3017255269033352e-05,601,479,True,1000000.0,False,False,False,False,0.30418166513082023,6.304671783298347,1.918598747180133
ARLRGAGRFDY,H5-51,K4-1,True,36,8,4,1,0.000131069710882,3.2017161198402346e-05,1.5344836846022235e-05,7.004468851127019e-06,False,False,False,False,False,False,False,False,False,False,False,False,False,2,2,False,1.6272727272727274,True,False,True,10.73751983642578,1281.4228,3,0.000131069710882,1.5344836846022235e-05,474,494,True,1000000.0,False,False,False,False,0.45617344693190726,0.11706492746109194,0.053436712699439434
ARERGRGDPYGFDY,H4-34,K3-20,True,1,42,3,1,3.640825302279521e-06,0.0001680900962916,1.1508627634516676e-05,7.004468851127019e-06,False,False,False,False,True,False,False,False,False,False,False,False,False,0,0,False,3.4785714285714286,True,False,False,6.165244674682618,1658.7284,3,0.0001680900962916,1.1508627634516676e-05,383,500,True,1000000.0,False,False,False,False,0.6080992522179859,3.1523358916491735,1.918598747180133
ARERGRGDPYGFDY,H1-69,K1-39,True,1,26,2,1,3.640825302279521e-06,0.0001040557738948,7.672418423011117e-06,7.004468851127019e-06,False,False,False,False,True,False,False,False,False,False,False,False,False,0,0,False,3.4785714285714286,True,False,False,6.165244674682618,1658.7284,3,0.0001040557738948,7.672418423011117e-06,383,520,True,1000000.0,False,False,False,False,0.911753105004872,2.101557261099449,1.918598747180133
ARVRLKYGRWSDVFDY,H3-23_A,K4-1,True,35,977,1,1,0.0001274288855797,0.0039100958113548,3.836209211505559e-06,7.004468851127019e-06,False,False,False,False,False,False,False,False,False,False,False,False,False,2,2,False,0.8125000000000001,True,False,False,9.694419860839844,2031.2757,3,0.0039100958113548,7.004468851127019e-06,1407,528,True,1000000.0,False,False,False,True,1.8211356860604033,0.030102344304528635,0.05496335611587281
ARERPRGDEYAFDY,H1-69,K3-15,True,10,935,1,1,3.640825302279521e-05,0.0037420057150632,3.836209211505559e-06,7.004468851127019e-06,False,False,False,False,False,False,False,False,False,True,False,False,False,-1,-1,False,3.3714285714285714,True,False,False,4.783093643188476,1744.8176999999998,3,0.0037420057150632,7.004468851127019e-06,400,529,True,1000000.0,False,False,False,True,1.8211356860604033,0.10533754074102257,0.19233401576793716
ARVRSRGRFDY,H5-51,K3-15,True,15,571,1,1,5.461237953419281e-05,0.0022852248805359,3.836209211505559e-06,7.004468851127019e-06,False,False,False,False,False,False,False,False,False,False,False,False,True,3,3,False,2.390909090909091,True,False,True,11.539094543457033,1382.53,4,0.0022852248805359,7.004468851127019e-06,1418,544,True,1000000.0,False,False,False,True,1.8211356860604033,0.07023145538916238,0.1282344143711704
ARERQGRYDFDY,H1-69,K1-39,True,44,449,1,1,0.0001601963133002,0.0017969631722603,3.836209211505559e-06,7.004468851127019e-06,False,False,False,False,False,False,False,False,False,True,False,False,False,0,0,False,3.4333333333333336,True,False,False,6.165244674682618,1575.6398,3,0.0017969631722603,7.004468851127019e-06,405,562,True,1000000.0,False,False,False,True,1.8211356860604033,0.023945430941395802,0.043721553207468226
ARERAQTDRYDFDY,H1-69,K1-39,True,32,363,1,1,0.0001165064096729,0.0014527786893775,3.836209211505559e-06,7.004468851127019e-06,False,False,False,False,False,False,False,False,False,True,False,False,False,-1,-1,False,3.771428571428572,True,False,False,4.68464241027832,1805.8577,3,0.0014527786893775,7.004468851127019e-06,364,580,True,1000000.0,False,False,False,True,1.8211356860604033,0.032924196877290195,0.060115728512326064
ARERQINDRYGFDY,H1-69,K3-20,True,5,327,1,1,1.8204126511397604e-05,0.0013087014639846,3.836209211505559e-06,7.004468851127019e-06,False,False,False,False,False,False,False,False,False,False,False,False,False,0,0,False,2.8714285714285714,True,False,False,6.165244674682618,1802.9,3,0.0013087014639846,7.004468851127019e-06,366,585,True,1000000.0,False,False,False,True,1.8211356860604033,0.2106172486012451,0.3845624354669947
ARVRSPYRYRDAFDP,H3-23_A,K3-20,True,94,326,1,1,0.0003422375784142,0.0013046993188348,3.836209211505559e-06,7.004468851127019e-06,False,False,False,False,True,False,False,False,False,False,False,False,False,2,2,False,2.333333333333333,True,False,True,9.971391296386717,1869.0476,4,0.0013046993188348,7.004468851127019e-06,1416,586,True,1000000.0,False,False,False,True,1.8211356860604033,0.01120887174507001,0.02046608739667974
ARIRGRGRFDY,H5-51,K3-15,True,7,291,1,1,2.5485777115956645e-05,0.0011646242385918,3.836209211505559e-06,7.004468851127019e-06,False,False,False,False,False,False,False,False,False,False,False,False,True,3,3,False,1.9272727272727277,True,False,True,11.539094543457033,1366.5305999999998,4,0.0011646242385918,7.004468851127019e-06,873,601,True,1000000.0,False,False,False,True,1.8211356860604033,0.15046449433795253,0.2747305492697942
ARERSRTDAYDFDY,H1-69,K1-39,True,13,242,1,1,4.733072892963377e-05,0.0009685191262516,3.836209211505559e-06,7.004468851127019e-06,False,False,False,False,False,False,False,False,False,True,False,False,False,-1,-1,False,3.8071428571428574,True,False,False,4.68464241027832,1764.8058,3,0.0009685191262516,7.004468851127019e-06,414,621,True,1000000.0,False,False,False,True,1.8211356860604033,0.08103401232388323,0.14795861849821343
AREPGPDESDEFDY,H4-34,K3-20,True,10,227,1,1,3.640825302279521e-05,0.0009084869490046,3.836209211505559e-06,7.004468851127019e-06,False,False,False,False,False,False,False,False,False,True,False,True,False,-5,-5,False,4.642857142857143,False,False,False,4.050025558471679,1626.5891,1,0.0009084869490046,7.004468851127019e-06,339,633,True,1000000.0,False,False,False,True,1.8211356860604033,0.10533754074102257,0.19233401576793716
ARFRGRGVFDY,H5-51,K3-15,True,8,227,1,1,2.9126602418236167e-05,0.0009084869490046,3.836209211505559e-06,7.004468851127019e-06,False,False,False,False,False,False,False,False,False,False,False,False,False,2,2,False,1.1,True,False,True,10.73751983642578,1343.4921,3,0.0009084869490046,7.004468851127019e-06,470,635,True,1000000.0,False,False,False,True,1.8211356860604033,0.13166288767782108,0.2404010169264974
ARERSSTDRYGFDY,H1-69,K4-1,True,15,205,1,1,5.461237953419281e-05,0.000820439755709,3.836209211505559e-06,7.004468851127019e-06,False,False,False,False,False,False,False,False,False,False,False,False,False,0,0,False,3.814285714285714,True,False,False,6.165244674682618,1722.7691,3,0.000820439755709,7.004468851127019e-06,415,644,True,1000000.0,False,False,False,True,1.8211356860604033,0.07023145538916238,0.1282344143711704
ARERADRYEFDY,H1-69,K3-20,True,15,193,1,1,5.461237953419281e-05,0.0007724140139114,3.836209211505559e-06,7.004468851127019e-06,False,False,False,False,False,False,False,False,False,True,False,False,False,-1,-1,False,3.283333333333333,True,False,False,4.783093643188476,1590.6512,3,0.0007724140139114,7.004468851127019e-06,359,650,True,1000000.0,False,False,False,True,1.8211356860604033,0.07023145538916238,0.1282344143711704
ARERQRGDRYGFDY,H1-69,K3-20,True,16,191,1,1,5.8253204836472334e-05,0.0007644097236118,3.836209211505559e-06,7.004468851127019e-06,False,False,False,False,False,False,False,False,False,False,False,False,False,1,1,False,3.65,True,False,True,8.630473327636718,1788.8767999999998,4,0.0007644097236118,7.004468851127019e-06,407,653,True,1000000.0,False,False,False,True,1.8211356860604033,0.06584274281294118,0.12022113906686906
ARERGSRDPYGFDY,H1-69,K3-15,True,3,139,1,1,1.092247590683856e-05,0.0005562981758222,3.836209211505559e-06,7.004468851127019e-06,False,False,False,False,True,False,False,False,False,False,False,False,False,0,0,False,3.5357142857142856,True,False,False,6.165244674682618,1688.7543999999998,3,0.0005562981758222,7.004468851127019e-06,383,691,True,1000000.0,False,False,False,True,1.8211356860604033,0.35090031244486036,0.6407028847642403
ARERQRGDVYDFDY,H1-69,K1-39,True,13,137,1,1,4.733072892963377e-05,0.0005482938855226,3.836209211505559e-06,7.004468851127019e-06,False,False,False,False,False,False,False,False,False,True,False,False,False,-1,-1,False,3.392857142857143,True,False,False,4.68464241027832,1789.8582,3,0.0005482938855226,7.004468851127019e-06,407,692,True,1000000.0,False,False,False,True,1.8211356860604033,0.08103401232388323,0.14795861849821343
ARERDAFDRYGFDY,H1-69,K3-20,True,4,136,1,1,1.4563301209118084e-05,0.0005442917403728,3.836209211505559e-06,7.004468851127019e-06,False,False,False,False,False,False,False,False,False,True,False,False,False,-1,-1,False,2.7214285714285715,True,False,False,4.68464241027832,1780.8497,3,0.0005442917403728,7.004468851127019e-06,366,694,True,1000000.0,False,False,False,True,1.8211356860604033,0.26323543008260586,0.48063707396266053
ARERDRNDVYEFDY,H1-69,K3-20,True,4,128,1,1,1.4563301209118084e-05,0.0005122745791744,3.836209211505559e-06,7.004468851127019e-06,False,False,False,False,False,False,False,False,False,True,False,False,False,-2,-2,False,3.6142857142857134,True,False,False,4.437594223022461,1847.8943,3,0.0005122745791744,7.004468851127019e-06,372,699,True,1000000.0,False,False,False,True,1.8211356860604033,0.26323543008260586,0.48063707396266053
ARERASRYDFDY,H1-69,K1-39,True,28,123,1,1,0.0001019431084638,0.0004922638534254,3.836209211505559e-06,7.004468851127019e-06,False,False,False,False,False,False,False,False,False,True,False,False,False,0,0,False,3.1750000000000003,True,False,False,6.165244674682618,1548.6145,3,0.0004922638534254,7.004468851127019e-06,365,703,True,1000000.0,False,False,False,True,1.8211356860604033,0.03762719223875026,0.06870284738413897
AREGEREGYRFDY,H1-69,K4-1,True,14,120,1,1,5.097155423191329e-05,0.000480257417976,3.836209211505559e-06,7.004468851127019e-06,False,False,False,False,False,False,False,False,False,True,False,False,False,-1,-1,False,3.576923076923077,True,False,True,4.870912551879882,1647.7025,3,0.000480257417976,7.004468851127019e-06,298,706,True,1000000.0,False,False,False,True,1.8211356860604033,0.07524700392723961,0.1373922187476658
ARERRDVYGFDY,H1-69,K3-20,True,5,120,1,1,1.8204126511397604e-05,0.000480257417976,3.836209211505559e-06,7.004468851127019e-06,False,False,False,False,False,True,True,False,False,False,False,False,False,0,0,False,2.625,True,False,False,6.165244674682618,1546.6416,3,0.000480257417976,7.004468851127019e-06,409,708,True,1000000.0,False,False,False,True,1.8211356860604033,0.2106172486012451,0.3845624354669947
ARERDFNDRYGFDY,H1-69,K3-20,True,17,118,1,1,6.189403013875185e-05,0.0004722531276764,3.836209211505559e-06,7.004468851127019e-06,False,False,False,False,False,False,False,False,False,True,False,False,False,-1,-1,False,3.071428571428572,True,False,False,4.68464241027832,1823.8744,3,0.0004722531276764,7.004468851127019e-06,366,709,True,1000000.0,False,False,False,True,1.8211356860604033,0.061970265956950946,0.11315044974337189
ARERTRGDVYGFDY,H1-69,K4-1,True,22,100,1,1,8.009815665014945e-05,0.00040021451498,3.836209211505559e-06,7.004468851127019e-06,False,False,False,False,False,False,False,False,False,False,False,False,False,0,0,False,3.0285714285714285,True,False,False,6.165244674682618,1704.7967999999998,3,0.00040021451498,7.004468851127019e-06,407,720,True,1000000.0,False,False,False,False,1.8211356860604033,0.04788787274508334,0.08743764859946944
ARERGADRYGFDY,H1-69,K1-39,True,6,85,1,1,2.1844951813677123e-05,0.000340182337733,3.836209211505559e-06,7.004468851127019e-06,False,False,False,False,False,False,False,False,False,False,False,False,False,0,0,False,3.3076923076923075,True,False,False,6.165244674682618,1575.6398,3,0.000340182337733,7.004468851127019e-06,358,732,True,1000000.0,False,False,False,False,1.8211356860604033,0.17553043558324422,0.320498023095321
AREGITDVDYAEDAFDI,H1-69,K3-15,True,22,71,1,1,8.009815665014945e-05,0.0002841523056358,3.836209211505559e-06,7.004468851127019e-06,False,False,False,False,False,False,False,False,False,True,False,True,False,-5,-5,False,2.717647058823529,False,False,False,4.050025558471679,1899.9607,1,0.0002841523056358,7.004468851127019e-06,300,743,True,1000000.0,False,False,False,False,1.8211356860604033,0.04788787274508334,0.08743764859946944
ARERGAYDRYGFDY,H1-69,K3-15,True,14,68,1,1,5.097155423191329e-05,0.0002721458701864,3.836209211505559e-06,7.004468851127019e-06,False,False,False,False,False,False,False,False,False,False,False,False,False,0,0,False,2.935714285714286,True,False,False,6.164375686645509,1738.813,3,0.0002721458701864,7.004468851127019e-06,366,746,True,1000000.0,False,False,False,False,1.8211356860604033,0.07524700392723961,0.1373922187476658
ARERSSRDIYGFDY,H1-69,K3-20,True,8,63,1,1,2.9126602418236167e-05,0.0002521351444374,3.836209211505559e-06,7.004468851127019e-06,False,False,False,False,False,False,False,False,False,False,False,False,False,0,0,False,2.8714285714285714,True,False,False,6.165244674682618,1734.8228,3,0.0002521351444374,7.004468851127019e-06,415,752,True,1000000.0,False,False,False,False,1.8211356860604033,0.13166288767782108,0.2404010169264974
ARERPRGDEYAFDY,H4-34,K3-15,True,1,45,1,1,3.640825302279521e-06,0.000180096531741,3.836209211505559e-06,7.004468851127019e-06,False,False,False,False,False,False,False,False,False,True,False,False,False,-1,-1,False,3.3714285714285714,True,False,False,4.783093643188476,1744.8176999999998,3,0.000180096531741,7.004468851127019e-06,400,780,True,1000000.0,False,False,False,False,1.8211356860604033,1.0507786305497244,1.918598747180133
ARSRVRGVWEVWTYFDY,H3-7_A,K3-20,True,4,42,1,1,1.4563301209118084e-05,0.0001680900962916,3.836209211505559e-06,7.004468851127019e-06,False,False,False,False,False,False,False,False,False,False,False,False,False,1,1,False,0.3411764705882353,True,False,True,8.63159637451172,2190.4172,3,0.0001680900962916,7.004468851127019e-06,1227,784,True,1000000.0,False,False,False,False,1.8211356860604033,0.26323543008260586,0.48063707396266053
ARLAWRYWSHRAAFDI,H3-23_A,K3-20,True,13,38,1,1,4.733072892963377e-05,0.0001520815156924,3.836209211505559e-06,7.004468851127019e-06,False,False,False,False,False,False,False,False,False,False,False,False,False,2,3,False,-0.5437499999999998,True,False,True,10.73751983642578,2019.27,3,0.0001520815156924,7.004468851127019e-06,938,791,True,1000000.0,False,False,False,False,1.8211356860604033,0.08103401232388323,0.14795861849821343
ARERPRGDEYAFDY,UNK,K3-15,True,2,34,1,1,7.281650604559042e-06,0.0001360729350932,3.836209211505559e-06,7.004468851127019e-06,False,False,False,False,False,False,False,False,False,True,False,False,False,-1,-1,False,3.3714285714285714,True,False,False,4.783093643188476,1744.8176999999998,3,0.0001360729350932,7.004468851127019e-06,400,798,True,1000000.0,False,False,False,False,1.8211356860604033,0.5261098507801515,0.9606149870575992
ARVRLKYGRWSDVFDY,H1-69,K4-1,True,2,30,1,1,7.281650604559042e-06,0.000120064354494,3.836209211505559e-06,7.004468851127019e-06,False,False,False,False,False,False,False,False,False,False,False,False,False,2,2,False,0.8125000000000001,True,False,False,9.694419860839844,2031.2757,3,0.000120064354494,7.004468851127019e-06,1407,815,True,1000000.0,False,False,False,False,1.8211356860604033,0.5261098507801515,0.9606149870575992
ARVRSRGRFDY,UNK,K3-15,True,1,29,1,1,3.640825302279521e-06,0.0001160622093442,3.836209211505559e-06,7.004468851127019e-06,False,False,False,False,False,False,False,False,False,False,False,False,True,3,3,False,2.390909090909091,True,False,True,11.539094543457033,1382.53,4,0.0001160622093442,7.004468851127019e-06,1418,822,True,1000000.0,False,False,False,False,1.8211356860604033,1.0507786305497244,1.918598747180133
ARERPRGDEYAFDY,H1-69,K1-39,True,2,28,1,1,7.281650604559042e-06,0.0001120600641944,3.836209211505559e-06,7.004468851127019e-06,False,False,False,False,False,False,False,False,False,True,False,False,False,-1,-1,False,3.3714285714285714,True,False,False,4.783093643188476,1744.8176999999998,3,0.0001120600641944,7.004468851127019e-06,400,826,True,1000000.0,False,False,False,False,1.8211356860604033,0.5261098507801515,0.9606149870575992
ARVRLKYGRWSDVFDY,UNK,K4-1,True,1,27,1,1,3.640825302279521e-06,0.0001080579190446,3.836209211505559e-06,7.004468851127019e-06,False,False,False,False,False,False,False,False,False,False,False,False,False,2,2,False,0.8125000000000001,True,False,False,9.694419860839844,2031.2757,3,0.0001080579190446,7.004468851127019e-06,1407,836,True,1000000.0,False,False,False,False,1.8211356860604033,1.0507786305497244,1.918598747180133
ARERQGRYDFDY,H4-34,K1-39,True,1,26,1,1,3.640825302279521e-06,0.0001040557738948,3.836209211505559e-06,7.004468851127019e-06,False,False,False,False,False,False,False,False,False,True,False,False,False,0,0,False,3.4333333333333336,True,False,False,6.165244674682618,1575.6398,3,0.0001040557738948,7.004468851127019e-06,405,842,True,1000000.0,False,False,False,False,1.8211356860604033,1.0507786305497244,1.918598747180133
AREPRVWGWTYRGAFDP,H3-23_A,K3-15,True,70,2,1,1,0.0002548577711595,8.004290299600586e-06,3.836209211505559e-06,7.004468851127019e-06,False,False,False,False,True,False,False,False,False,False,False,False,False,1,1,False,1.211764705882353,True,False,True,8.788050842285156,2064.2643,3,0.0002548577711595,7.004468851127019e-06,351,851,True,1000000.0,False,False,False,False,1.8211356860604033,0.01505176270052914,0.02748275632992262
ARHIPYAWVYFDY,H3-23_A,K3-15,True,236,1,1,1,0.0008592347713379,4.002145149800293e-06,3.836209211505559e-06,7.004468851127019e-06,False,False,False,False,False,False,False,False,False,False,False,False,False,0,1,True,-1.0769230769230769,False,False,False,6.786059951782226,1700.8906,1,0.0008592347713379,7.004468851127019e-06,736,855,True,1000000.0,False,False,False,True,1.8211356860604033,0.004464629101591542,0.008151889990812053
ARAWYHRPYRYFDY,H3-23_A,K3-20,True,220,1,1,1,0.0008009815665014,4.002145149800293e-06,3.836209211505559e-06,7.004468851127019e-06,False,False,False,True,False,False,False,False,False,False,False,False,False,2,3,False,0.3000000000000001,True,False,True,9.523927307128908,1964.1466,3,0.0008009815665014,7.004468851127019e-06,76,856,True,1000000.0,False,False,False,True,1.8211356860604033,0.0047893253461600005,0.008744747315781851
ARSRWYSWVYLFDY,H3-23_A,K3-15,True,216,1,1,1,0.0007864182652923,4.002145149800293e-06,3.836209211505559e-06,7.004468851127019e-06,False,False,False,False,False,False,False,False,False,False,False,False,False,1,1,True,-1.0214285714285711,False,False,False,8.539295959472657,1912.1084,2,0.0007864182652923,7.004468851127019e-06,1230,858,True,1000000.0,False,False,False,True,1.8211356860604033,0.004878015428501562,0.008906685021708362
ARGPYRLAWRYHGFDI,H3-23_A,K1-39,True,201,1,1,1,0.0007318058857581,4.002145149800293e-06,3.836209211505559e-06,7.004468851127019e-06,False,False,False,False,False,False,False,False,False,False,False,False,False,2,3,False,0.1375000000000001,True,False,True,9.979042053222656,1978.218,3,0.0007318058857581,7.004468851127019e-06,598,859,True,1000000.0,False,False,False,True,1.8211356860604033,0.005242041456276351,0.009571353925818343
ARNRGYRAFDY,H3-23_A,K3-20,True,164,1,1,1,0.0005970953495738,4.002145149800293e-06,3.836209211505559e-06,7.004468851127019e-06,False,False,False,False,False,False,False,False,False,False,False,False,False,2,2,False,2.409090909090909,True,False,True,9.97897186279297,1388.4897,3,0.0005970953495738,7.004468851127019e-06,1067,865,True,1000000.0,False,False,False,True,1.8211356860604033,0.0064246773441968925,0.011730708586226277
ARFRPHRARYGTAFDY,H3-23_A,K4-1,True,156,1,1,1,0.0005679687471556,4.002145149800293e-06,3.836209211505559e-06,7.004468851127019e-06,False,False,False,False,False,False,False,False,False,False,False,False,True,3,4,False,1.6250000000000002,True,False,True,10.83466339111328,1984.1829,4,0.0005679687471556,7.004468851127019e-06,483,868,True,1000000.0,False,False,False,True,1.8211356860604033,0.006754142176475863,0.012332272794017265
ARVSWVPFIWGFDY,H3-23_A,K1-39,True,147,1,1,1,0.000535201319435,4.002145149800293e-06,3.836209211505559e-06,7.004468851127019e-06,False,False,False,False,False,False,False,False,False,False,False,False,False,0,0,True,-1.7928571428571427,False,False,False,5.880318832397459,1742.9703,1,0.000535201319435,7.004468851127019e-06,1444,870,True,1000000.0,False,False,False,True,1.8211356860604033,0.007167653358967226,0.01308729579658618
ARERPRLGYPY,H3-23_A,K3-20,True,139,1,1,1,0.0005060747170168,4.002145149800293e-06,3.836209211505559e-06,7.004468851127019e-06,False,False,False,False,False,False,False,False,False,False,False,False,False,2,2,False,1.763636363636364,True,False,True,9.97897186279297,1377.55,3,0.0005060747170168,7.004468851127019e-06,401,872,True,1000000.0,False,False,False,True,1.8211356860604033,0.007580172019654589,0.013840506570552094
ARGPYRSIYRALGFDI,H3-23_A,K1-39,True,130,1,1,1,0.0004733072892963,4.002145149800293e-06,3.836209211505559e-06,7.004468851127019e-06,False,False,False,False,False,False,False,False,False,False,False,False,False,2,2,False,0.5375000000000002,True,False,True,9.97897186279297,1855.1037,3,0.0004733072892963,7.004468851127019e-06,606,880,True,1000000.0,False,False,False,False,1.8211356860604033,0.00810494207217532,0.014798675242860548
ARSPTRYSRYWQGAFDY,H3-23_A,K3-20,True,128,1,1,1,0.0004660256386917,4.002145149800293e-06,3.836209211505559e-06,7.004468851127019e-06,False,False,False,False,False,False,False,False,False,False,False,False,False,2,2,False,1.994117647058824,True,False,True,9.694419860839844,2124.2731,3,0.0004660256386917,7.004468851127019e-06,1208,881,True,1000000.0,False,False,False,False,1.8211356860604033,0.008231579074671057,0.015029899581908878
ARSARSYFRSLTGFDY,H3-23_A,K3-20,True,127,1,1,1,0.0004623848133894,4.002145149800293e-06,3.836209211505559e-06,7.004468851127019e-06,False,False,False,False,False,False,False,False,False,False,False,False,False,2,2,False,1.6125000000000005,True,False,True,9.97897186279297,1897.0543,3,0.0004623848133894,7.004468851127019e-06,1176,883,True,1000000.0,False,False,False,False,1.8211356860604033,0.008296393256199748,0.015148242688501554
ARSTRHRAWGTFDY,H3-23_A,K3-20,True,127,1,1,1,0.0004623848133894,4.002145149800293e-06,3.836209211505559e-06,7.004468851127019e-06,False,False,False,False,False,False,False,False,False,False,False,False,False,2,3,False,2.171428571428572,True,False,True,10.73751983642578,1723.8482,3,0.0004623848133894,7.004468851127019e-06,1237,884,True,1000000.0,False,False,False,False,1.8211356860604033,0.008296393256199748,0.015148242688501554
ARGPYASSQRRLGFDY,H3-23_A,K1-39,True,125,1,1,1,0.0004551031627849,4.002145149800293e-06,3.836209211505559e-06,7.004468851127019e-06,False,False,False,False,False,True,True,False,False,False,False,False,False,2,2,False,2.31875,True,False,True,9.97897186279297,1843.995,3,0.0004551031627849,7.004468851127019e-06,582,886,True,1000000.0,False,False,False,False,1.8211356860604033,0.008429132631610273,0.015390609245985573
ARGRYTGYTVYRFDI,H3-23_A,K1-39,True,125,1,1,1,0.0004551031627849,4.002145149800293e-06,3.836209211505559e-06,7.004468851127019e-06,False,False,False,False,False,False,False,False,False,False,False,False,False,2,2,False,1.3266666666666669,True,False,True,9.694419860839844,1838.0301,3,0.0004551031627849,7.004468851127019e-06,659,887,True,1000000.0,False,False,False,False,1.8211356860604033,0.008429132631610273,0.015390609245985573
ARIHRHWRIRTYFDY,H3-23_A,K3-20,True,125,1,1,1,0.0004551031627849,4.002145149800293e-06,3.836209211505559e-06,7.004468851127019e-06,False,False,False,False,False,False,False,False,False,False,False,False,True,3,5,False,-0.0466666666666665,True,False,True,10.83466339111328,2090.3512,4,0.0004551031627849,7.004468851127019e-06,853,888,True,1000000.0,False,False,False,False,1.8211356860604033,0.008429132631610273,0.015390609245985573
ARERGYWYFRLFDY,H3-23_A,K1-39,True,122,1,1,1,0.0004441806868781,4.002145149800293e-06,3.836209211505559e-06,7.004468851127019e-06,False,False,False,True,False,False,False,False,False,False,False,False,False,1,1,False,-0.364285714285714,True,False,True,8.53866424560547,1942.1377,3,0.0004441806868781,7.004468851127019e-06,391,890,True,1000000.0,False,False,False,False,1.8211356860604033,0.008636401718522153,0.015769058330232996
ARVYHRFGWRFYGFDY,H3-23_A,K3-15,True,120,1,1,1,0.0004368990362735,4.002145149800293e-06,3.836209211505559e-06,7.004468851127019e-06,False,False,False,False,False,False,False,False,False,False,False,False,False,2,3,False,-0.5499999999999998,True,False,True,9.694560241699218,2140.3615,3,0.0004368990362735,7.004468851127019e-06,1468,892,True,1000000.0,False,False,False,False,1.8211356860604033,0.008780338452657079,0.01603186995368597
ARFGRGAYGRFDY,H3-23_A,K3-20,True,114,1,1,1,0.0004150540844598,4.002145149800293e-06,3.836209211505559e-06,7.004468851127019e-06,False,False,False,False,False,False,False,False,False,False,False,False,False,2,2,False,1.6692307692307695,True,False,True,9.97897186279297,1535.6635,3,0.0004150540844598,7.004468851127019e-06,467,901,True,1000000.0,False,False,False,False,1.8211356860604033,0.009242450395336737,0.016875632253856018
ARPRSIRAYGYGYFDP,H3-23_A,K3-20,True,110,1,1,1,0.0004004907832507,4.002145149800293e-06,3.836209211505559e-06,7.004468851127019e-06,False,False,False,False,True,False,False,False,False,False,False,False,False,2,2,False,1.6250000000000002,True,False,True,9.694419860839844,1889.0769,3,0.0004004907832507,7.004468851127019e-06,1113,902,True,1000000.0,False,False,False,False,1.8211356860604033,0.009578531108899781,0.017489276286240012
ARVLPLVRFYSRNYFDP,H3-23_A,K3-20,True,106,1,1,1,0.0003859274820416,4.002145149800293e-06,3.836209211505559e-06,7.004468851127019e-06,False,False,False,False,True,False,False,False,False,False,False,False,False,2,2,False,-0.3294117647058821,True,False,True,9.97897186279297,2113.4192,3,0.0003859274820416,7.004468851127019e-06,1371,906,True,1000000.0,False,False,False,False,1.8211356860604033,0.009939975747398527,0.018149231875778292
ARGPYRLLYRHIGFDY,H3-23_A,K3-20,True,105,1,1,1,0.0003822866567393,4.002145149800293e-06,3.836209211505559e-06,7.004468851127019e-06,False,False,False,False,False,False,False,False,False,False,False,False,False,2,3,False,-0.0624999999999997,True,False,True,9.694560241699218,1997.261,3,0.0003822866567393,7.004468851127019e-06,600,910,True,1000000.0,False,False,False,False,1.8211356860604033,0.010034639706832668,0.01832207718181429
ARLSPRFYRWLSGYFDP,H3-23_A,K3-20,True,105,1,1,1,0.0003822866567393,4.002145149800293e-06,3.836209211505559e-06,7.004468851127019e-06,False,False,False,False,True,False,False,False,False,False,False,False,False,2,2,False,-0.1764705882352938,True,False,True,9.97897186279297,2131.3931,3,0.0003822866567393,7.004468851127019e-06,1028,911,True,1000000.0,False,False,False,False,1.8211356860604033,0.010034639706832668,0.01832207718181429
ARARYFGRLFDY,H3-23_A,K3-20,True,103,1,1,1,0.0003750050061347,4.002145149800293e-06,3.836209211505559e-06,7.004468851127019e-06,False,False,False,False,False,False,False,False,False,False,False,False,False,2,2,False,0.0916666666666669,True,False,True,9.97897186279297,1534.7185,3,0.0003750050061347,7.004468851127019e-06,56,913,True,1000000.0,False,False,False,False,1.8211356860604033,0.010229481884059989,0.018677836184003566
ARLRYTWRGRDVFDY,H3-23_A,K3-20,True,102,1,1,1,0.0003713641808325,4.002145149800293e-06,3.836209211505559e-06,7.004468851127019e-06,False,False,False,False,False,False,False,False,False,False,False,False,False,2,2,False,0.9266666666666667,True,False,True,9.971391296386717,1974.1847,4,0.0003713641808325,7.004468851127019e-06,1024,915,True,1000000.0,False,False,False,False,1.8211356860604033,0.010329768221651884,0.018860947294249912
ARDPRRWLYSPFDY,H3-23_A,K3-15,True,100,1,1,1,0.0003640825302279,4.002145149800293e-06,3.836209211505559e-06,7.004468851127019e-06,False,False,False,False,True,True,True,False,False,False,False,False,False,1,1,False,0.9428571428571432,True,False,False,8.631455993652345,1842.0205,3,0.0003640825302279,7.004468851127019e-06,153,916,True,1000000.0,False,False,False,False,1.8211356860604033,0.010536357911831705,0.01923815587961292
ARIRWVRSLNFDY,H3-23_A,K4-1,True,100,1,1,1,0.0003640825302279,4.002145149800293e-06,3.836209211505559e-06,7.004468851127019e-06,False,False,False,False,False,False,False,False,False,False,False,False,False,2,2,False,-0.2923076923076921,True,False,True,10.73751983642578,1695.9207,3,0.0003640825302279,7.004468851127019e-06,876,919,True,1000000.0,False,False,False,False,1.8211356860604033,0.010536357911831705,0.01923815587961292
ARLTYAWGYLYFDY,H3-23_A,K1-39,True,100,1,1,1,0.0003640825302279,4.002145149800293e-06,3.836209211505559e-06,7.004468851127019e-06,False,False,False,False,False,False,False,False,False,False,False,False,False,0,0,True,-1.1357142857142857,False,False,False,5.877711868286132,1801.9911,1,0.0003640825302279,7.004468851127019e-06,1035,920,True,1000000.0,False,False,False,False,1.8211356860604033,0.010536357911831705,0.01923815587961292
ARVRLRYSWGFDY,H3-23_A,K3-15,True,100,1,1,1,0.0003640825302279,4.002145149800293e-06,3.836209211505559e-06,7.004468851127019e-06,False,False,False,False,False,False,False,False,False,False,False,False,False,2,2,False,0.0769230769230771,True,False,True,9.97897186279297,1688.885,3,0.0003640825302279,7.004468851127019e-06,1408,921,True,1000000.0,False,False,False,False,1.8211356860604033,0.010536357911831705,0.01923815587961292
ARWPAWFPYPFDY,H3-23_A,K1-39,True,100,1,1,1,0.0003640825302279,4.002145149800293e-06,3.836209211505559e-06,7.004468851127019e-06,False,False,False,False,False,False,False,False,False,False,False,False,False,0,0,True,-1.3461538461538458,False,False,False,5.87944984436035,1715.9036,1,0.0003640825302279,7.004468851127019e-06,1495,923,True,1000000.0,False,False,False,False,1.8211356860604033,0.010536357911831705,0.01923815587961292
ARLRGSPYRFDY,H3-23_A,K3-20,True,99,1,1,1,0.0003604417049256,4.002145149800293e-06,3.836209211505559e-06,7.004468851127019e-06,False,False,False,False,False,False,False,False,False,False,False,False,False,2,2,False,1.4000000000000004,True,False,True,9.97897186279297,1500.6593,3,0.0003604417049256,7.004468851127019e-06,998,924,True,1000000.0,False,False,False,False,1.8211356860604033,0.01064278281690298,0.019432475295331993
ARGPYRQGRGYGYGFDI,H3-23_A,K1-39,True,96,1,1,1,0.0003495192290188,4.002145149800293e-06,3.836209211505559e-06,7.004468851127019e-06,False,False,False,False,False,False,False,False,False,False,False,False,False,2,2,False,2.258823529411765,True,False,True,9.694419860839844,1933.0896,3,0.0003495192290188,7.004468851127019e-06,603,928,True,1000000.0,False,False,False,False,1.8211356860604033,0.010975360264646771,0.020039722774515868
ARSHYRHRYGFDY,H3-23_A,K3-20,True,95,1,1,1,0.0003458784037165,4.002145149800293e-06,3.836209211505559e-06,7.004468851127019e-06,False,False,False,False,False,False,False,False,False,False,False,False,False,2,4,False,2.015384615384616,True,False,True,9.694700622558592,1727.8383,3,0.0003458784037165,7.004468851127019e-06,1191,932,True,1000000.0,False,False,False,False,1.8211356860604033,0.011090887032598598,0.02025066112614773
ARDENYSWAGFDY,H3-23_A,K3-15,True,94,1,1,1,0.0003422375784142,4.002145149800293e-06,3.836209211505559e-06,7.004468851127019e-06,True,False,False,False,False,False,False,False,False,True,False,False,False,-2,-2,False,2.4923076923076923,False,False,False,4.050025558471679,1593.6069,1,0.0003422375784142,7.004468851127019e-06,92,934,True,1000000.0,False,False,False,False,1.8211356860604033,0.01120887174507001,0.02046608739667974
ARDYRIYGYWRFDY,H3-23_A,K1-39,True,94,1,1,1,0.0003422375784142,4.002145149800293e-06,3.836209211505559e-06,7.004468851127019e-06,False,False,False,False,False,False,False,False,False,False,False,False,False,1,1,False,0.4000000000000001,True,False,False,8.472053527832031,1944.1105,3,0.0003422375784142,7.004468851127019e-06,259,935,True,1000000.0,False,False,False,False,1.8211356860604033,0.01120887174507001,0.02046608739667974
AREWRSSGWYVRYFDP,H3-23_A,K1-39,True,94,1,1,1,0.0003422375784142,4.002145149800293e-06,3.836209211505559e-06,7.004468851127019e-06,False,False,False,False,True,False,False,False,False,False,False,False,False,1,1,False,1.0375,True,False,True,8.63159637451172,2075.2438,3,0.0003422375784142,7.004468851127019e-06,454,936,True,1000000.0,False,False,False,False,1.8211356860604033,0.01120887174507001,0.02046608739667974
ARFVNDWRYGRAFDI,H3-23_A,UNK,True,94,1,1,1,0.0003422375784142,4.002145149800293e-06,3.836209211505559e-06,7.004468851127019e-06,False,False,False,False,False,False,False,False,False,False,False,False,False,1,1,False,0.5000000000000001,True,False,False,8.787910461425781,1886.0762,3,0.0003422375784142,7.004468851127019e-06,495,937,True,1000000.0,False,False,False,False,1.8211356860604033,0.01120887174507001,0.02046608739667974
ARHYRSITARGFDY,H3-23_A,K3-20,True,92,1,1,1,0.0003349559278097,4.002145149800293e-06,3.836209211505559e-06,7.004468851127019e-06,False,False,False,False,False,False,False,False,False,False,False,False,False,2,3,False,1.8071428571428567,True,False,True,9.979042053222656,1712.8652,3,0.0003349559278097,7.004468851127019e-06,829,943,True,1000000.0,False,False,False,False,1.8211356860604033,0.011452535595456073,0.02091098905768822
ARTRLVARTPFDY,H3-23_A,UNK,True,92,1,1,1,0.0003349559278097,4.002145149800293e-06,3.836209211505559e-06,7.004468851127019e-06,False,False,False,False,False,False,False,False,False,False,False,False,False,2,2,False,1.1769230769230772,True,False,True,10.73751983642578,1565.7741999999998,3,0.0003349559278097,7.004468851127019e-06,1282,945,True,1000000.0,False,False,False,False,1.8211356860604033,0.011452535595456073,0.02091098905768822
ARDRWAGASRWGFDY,H3-23_A,K3-20,True,90,1,1,1,0.0003276742772051,4.002145149800293e-06,3.836209211505559e-06,7.004468851127019e-06,False,False,False,False,False,False,False,False,False,False,False,False,False,1,1,False,1.7133333333333336,True,False,False,8.787910461425781,1813.9276,3,0.0003276742772051,7.004468851127019e-06,205,948,True,1000000.0,False,False,False,False,1.8211356860604033,0.01170702861982129,0.021375663522430373
ARGSRYWRWRFDY,H3-23_A,UNK,True,89,1,1,1,0.0003240334519028,4.002145149800293e-06,3.836209211505559e-06,7.004468851127019e-06,False,False,False,False,False,False,False,False,False,False,False,False,True,3,3,False,0.6230769230769232,True,False,True,10.83466339111328,1818.992,4,0.0003240334519028,7.004468851127019e-06,665,951,True,1000000.0,False,False,False,False,1.8211356860604033,0.011838564207914522,0.0216158321052205
ARYHVWYTGYWYFDI,H3-23_A,K1-39,True,87,1,1,1,0.0003167518012983,4.002145149800293e-06,3.836209211505559e-06,7.004468851127019e-06,False,False,False,True,False,False,False,False,False,False,False,False,False,0,1,True,-1.28,False,False,False,6.78493537902832,2040.2358,1,0.0003167518012983,7.004468851127019e-06,1554,957,True,1000000.0,False,False,False,False,1.8211356860604033,0.012110706517585858,0.022112732098435034
ARLVLDYRAYLRYGFDI,H3-23_A,K1-39,True,86,1,1,1,0.000313110975996,4.002145149800293e-06,3.836209211505559e-06,7.004468851127019e-06,False,False,False,False,False,False,False,False,False,False,False,False,False,1,1,False,-0.6882352941176468,True,False,False,8.538594055175782,2104.4091,3,0.000313110975996,7.004468851127019e-06,1038,962,True,1000000.0,False,False,False,False,1.8211356860604033,0.012251524189023238,0.02236984867860305
ARVRVPYGSVSTGRFDY,H3-23_A,K3-20,True,86,1,1,1,0.000313110975996,4.002145149800293e-06,3.836209211505559e-06,7.004468851127019e-06,False,False,False,False,False,False,False,False,False,False,False,False,False,2,2,False,1.9000000000000004,True,False,True,9.97897186279297,1930.1272,3,0.000313110975996,7.004468851127019e-06,1419,963,True,1000000.0,False,False,False,False,1.8211356860604033,0.012251524189023238,0.02236984867860305
ARVHWIVPPWYTFDP,H3-23_A,K3-15,True,85,1,1,1,0.0003094701506937,4.002145149800293e-06,3.836209211505559e-06,7.004468851127019e-06,False,False,False,False,True,False,False,False,False,False,False,False,False,0,1,True,-1.1066666666666665,False,False,False,6.788309097290039,1884.1415,1,0.0003094701506937,7.004468851127019e-06,1340,968,True,1000000.0,False,False,False,False,1.8211356860604033,0.012395655110373615,0.022633014865174703
ARDRRSLAYRGFDY,H3-23_A,K3-20,True,84,1,1,1,0.0003058293253914,4.002145149800293e-06,3.836209211505559e-06,7.004468851127019e-06,False,False,False,False,False,True,True,False,False,False,False,False,False,2,2,False,2.2142857142857144,True,False,True,9.971391296386717,1745.8951,4,0.0003058293253914,7.004468851127019e-06,196,971,True,1000000.0,False,False,False,False,1.8211356860604033,0.012543217608121987,0.022902446708457133
ARIGRGWTRGHSFDY,H3-23_A,K3-20,True,84,1,1,1,0.0003058293253914,4.002145149800293e-06,3.836209211505559e-06,7.004468851127019e-06,False,False,False,False,False,False,False,False,False,False,False,False,False,2,3,False,1.7666666666666668,True,False,True,10.73751983642578,1778.9265999999998,3,0.0003058293253914,7.004468851127019e-06,848,972,True,1000000.0,False,False,False,False,1.8211356860604033,0.012543217608121987,0.022902446708457133
ARVFSGYLWHFDY,H3-23_A,K3-20,True,84,1,1,1,0.0003058293253914,4.002145149800293e-06,3.836209211505559e-06,7.004468851127019e-06,False,False,False,True,False,False,False,False,False,False,False,False,False,0,1,True,-1.1153846153846152,False,False,False,6.787184524536133,1660.8266999999998,1,0.0003058293253914,7.004468851127019e-06,1330,974,True,1000000.0,False,False,False,False,1.8211356860604033,0.012543217608121987,0.022902446708457133
ARLARGRTRGFDY,H3-23_A,K3-20,True,83,1,1,1,0.0003021885000892,4.002145149800293e-06,3.836209211505559e-06,7.004468851127019e-06,False,False,False,False,False,False,False,False,False,False,False,False,True,3,3,False,2.1000000000000005,True,False,True,11.539094543457033,1538.7124,4,0.0003021885000892,7.004468851127019e-06,937,976,True,1000000.0,False,False,False,False,1.8211356860604033,0.012694335711041664,0.023178370670468282
ARYVAATRLWRGRYFDP,H3-23_A,UNK,True,82,1,1,1,0.0002985476747869,4.002145149800293e-06,3.836209211505559e-06,7.004468851127019e-06,False,False,False,False,True,False,False,False,False,False,False,False,True,3,3,False,0.6000000000000002,True,False,True,10.83466339111328,2098.3683,4,0.0002985476747869,7.004468851127019e-06,1613,981,True,1000000.0,False,False,False,False,1.8211356860604033,0.012849139497900064,0.023461024259806965
ARVREHGYVYRYWFDP,H3-23_A,K3-15,True,80,1,1,1,0.0002912660241823,4.002145149800293e-06,3.836209211505559e-06,7.004468851127019e-06,False,False,False,True,True,False,False,False,False,False,False,False,False,1,2,False,0.6312500000000001,True,False,True,8.544911193847657,2114.3228,3,0.0002912660241823,7.004468851127019e-06,1395,987,True,1000000.0,False,False,False,False,1.8211356860604033,0.013170356957030569,0.024047529729886573
ARHRYRAWNFDY,H3-23_A,K3-20,True,79,1,1,1,0.00028762519888,4.002145149800293e-06,3.836209211505559e-06,7.004468851127019e-06,False,False,False,False,False,False,False,False,False,False,False,False,False,2,3,False,1.0750000000000002,True,False,True,9.979042053222656,1654.7876,3,0.00028762519888,7.004468851127019e-06,798,988,True,1000000.0,False,False,False,False,1.8211356860604033,0.013337064540233848,0.02435191825757476
ARYRPRYLAPSFDY,H3-23_A,K1-39,True,79,1,1,1,0.00028762519888,4.002145149800293e-06,3.836209211505559e-06,7.004468851127019e-06,False,False,False,False,False,False,False,False,False,False,False,False,False,2,2,False,0.9571428571428572,True,False,True,9.694419860839844,1774.9743,3,0.00028762519888,7.004468851127019e-06,1594,989,True,1000000.0,False,False,False,False,1.8211356860604033,0.013337064540233848,0.02435191825757476
ARQPFRSGRHFDP,H3-23_A,K3-20,True,77,1,1,1,0.0002803435482755,4.002145149800293e-06,3.836209211505559e-06,7.004468851127019e-06,False,False,False,False,True,False,False,False,False,False,False,False,False,2,3,False,2.3692307692307697,True,False,True,11.698988342285158,1570.7127999999998,3,0.0002803435482755,7.004468851127019e-06,1143,997,True,1000000.0,False,False,False,False,1.8211356860604033,0.013683469444573475,0.024984413053491347
ARGPYRTYVRGYLGFDY,H3-23_A,K1-39,True,76,1,1,1,0.0002767027229732,4.002145149800293e-06,3.836209211505559e-06,7.004468851127019e-06,False,False,False,False,False,False,False,False,False,False,False,False,False,2,2,False,1.1411764705882357,True,False,True,9.52378692626953,2054.2659,3,0.0002767027229732,7.004468851127019e-06,609,998,True,1000000.0,False,False,False,False,1.8211356860604033,0.013863508588570033,0.025313143450239585
ARGRYIRYSGLYWGFDI,H3-23_A,K3-15,True,76,1,1,1,0.0002767027229732,4.002145149800293e-06,3.836209211505559e-06,7.004468851127019e-06,False,False,False,False,False,False,False,False,False,False,False,False,False,2,2,False,-0.1058823529411763,True,False,True,9.694419860839844,2093.345,3,0.0002767027229732,7.004468851127019e-06,658,999,True,1000000.0,False,False,False,False,1.8211356860604033,0.013863508588570033,0.025313143450239585
ARLRPFSYSRSYQFDI,H3-23_A,K1-39,True,74,1,1,1,0.0002694210723686,4.002145149800293e-06,3.836209211505559e-06,7.004468851127019e-06,False,False,False,False,False,False,False,False,False,False,False,False,False,2,2,False,0.8062500000000001,True,False,True,9.97897186279297,2006.2232,3,0.0002694210723686,7.004468851127019e-06,1004,1012,True,1000000.0,False,False,False,False,1.8211356860604033,0.014238184103195656,0.0259972570704259
ARLWTLIGRHAHFDI,H3-23_A,K1-39,True,74,1,1,1,0.0002694210723686,4.002145149800293e-06,3.836209211505559e-06,7.004468851127019e-06,False,False,False,False,False,False,False,False,False,False,False,False,False,1,3,True,-1.0599999999999998,False,False,False,9.654200744628906,1806.0778,2,0.0002694210723686,7.004468851127019e-06,1053,1013,True,1000000.0,False,False,False,False,1.8211356860604033,0.014238184103195656,0.0259972570704259
ARHLYSLPWYGLFDP,H3-23_A,K3-20,True,73,1,1,1,0.0002657802470664,4.002145149800293e-06,3.836209211505559e-06,7.004468851127019e-06,False,False,False,False,True,False,False,False,False,False,False,False,False,0,1,True,-1.0533333333333332,False,False,False,6.787184524536133,1835.0675,1,0.0002657802470664,7.004468851127019e-06,755,1014,True,1000000.0,False,False,False,False,1.8211356860604033,0.014433220382790015,0.026353370480810587
ARHAYWSRWVLFDY,H1-69,K3-15,True,72,1,1,1,0.0002621394217641,4.002145149800293e-06,3.836209211505559e-06,7.004468851127019e-06,False,False,False,False,False,False,False,False,False,False,False,False,False,1,2,True,-1.0499999999999998,False,False,False,8.638685607910158,1870.0751,2,0.0002621394217641,7.004468851127019e-06,708,1017,True,1000000.0,False,False,False,False,1.8211356860604033,0.014633674130159412,0.02671937555303906
ARVIYGTWIGYHYWFDP,H3-23_A,K3-15,True,72,1,1,1,0.0002621394217641,4.002145149800293e-06,3.836209211505559e-06,7.004468851127019e-06,False,False,False,True,True,False,False,False,False,False,False,False,False,0,1,True,-1.0294117647058822,False,False,False,6.786059951782226,2144.3867,1,0.0002621394217641,7.004468851127019e-06,1351,1018,True,1000000.0,False,False,False,False,1.8211356860604033,0.014633674130159412,0.02671937555303906
ARDRIVYPRFDY,H3-23_A,K3-20,True,71,1,1,1,0.0002584985964618,4.002145149800293e-06,3.836209211505559e-06,7.004468851127019e-06,False,False,False,False,False,False,False,False,False,False,False,False,False,1,1,False,1.0083333333333335,True,False,False,8.631455993652345,1570.7491,3,0.0002584985964618,7.004468851127019e-06,182,1020,True,1000000.0,False,False,False,False,1.8211356860604033,0.014839774243532508,0.02709569022847592
ARKGRTRYRAFDY,H3-23_A,K4-1,True,70,1,1,1,0.0002548577711595,4.002145149800293e-06,3.836209211505559e-06,7.004468851127019e-06,False,False,False,False,False,False,False,False,False,False,False,False,True,4,4,False,2.661538461538462,True,False,True,10.93159637451172,1659.849,4,0.0002548577711595,7.004468851127019e-06,895,1028,True,1000000.0,False,False,False,False,1.8211356860604033,0.01505176270052914,0.02748275632992262
ARPGLWPYWHFDY,H3-23_A,K3-15,True,70,1,1,1,0.0002548577711595,4.002145149800293e-06,3.836209211505559e-06,7.004468851127019e-06,False,False,False,True,False,False,False,False,False,False,False,False,False,0,1,True,-1.0692307692307692,False,False,False,6.787184524536133,1707.8848999999998,1,0.0002548577711595,7.004468851127019e-06,1086,1029,True,1000000.0,False,False,False,False,1.8211356860604033,0.01505176270052914,0.02748275632992262
ARSRSRSLVWYGFDI,H3-23_A,K3-20,True,70,1,1,1,0.0002548577711595,4.002145149800293e-06,3.836209211505559e-06,7.004468851127019e-06,False,False,False,False,False,False,False,False,False,False,False,False,False,2,2,False,0.5266666666666668,True,False,True,10.73751983642578,1813.024,3,0.0002548577711595,7.004468851127019e-06,1224,1031,True,1000000.0,False,False,False,False,1.8211356860604033,0.01505176270052914,0.02748275632992262
ARWRIHVYRQYFDY,H3-23_A,K1-39,True,70,1,1,1,0.0002548577711595,4.002145149800293e-06,3.836209211505559e-06,7.004468851127019e-06,False,False,False,False,False,False,False,False,False,False,False,False,False,2,3,False,-0.2714285714285713,True,False,True,9.694560241699218,1973.1981,3,0.0002548577711595,7.004468851127019e-06,1505,1034,True,1000000.0,False,False,False,False,1.8211356860604033,0.01505176270052914,0.02748275632992262
ARYIRQRGTFDY,H3-23_A,K3-20,True,70,1,1,1,0.0002548577711595,4.002145149800293e-06,3.836209211505559e-06,7.004468851127019e-06,False,False,False,False,False,False,False,False,False,False,False,False,False,2,2,False,1.7166666666666668,True,False,True,9.97897186279297,1545.6998999999998,3,0.0002548577711595,7.004468851127019e-06,1558,1035,True,1000000.0,False,False,False,False,1.8211356860604033,0.01505176270052914,0.02748275632992262
ARAGYSRTRSWLYGFDY,H3-23_A,K3-20,True,69,1,1,1,0.0002512169458572,4.002145149800293e-06,3.836209211505559e-06,7.004468851127019e-06,False,False,False,False,False,False,False,False,False,False,False,False,False,2,2,False,1.3117647058823532,True,False,True,9.694419860839844,2069.2376,3,0.0002512169458572,7.004468851127019e-06,17,1036,True,1000000.0,False,False,False,False,1.8211356860604033,0.015269895505898879,0.027881041292077132
ARDYRARSYSGFDY,H3-23_A,K3-20,True,69,1,1,1,0.0002512169458572,4.002145149800293e-06,3.836209211505559e-06,7.004468851127019e-06,False,False,False,False,False,False,False,False,False,False,False,False,False,1,1,False,2.9,True,False,False,8.538594055175782,1726.8022999999998,3,0.0002512169458572,7.004468851127019e-06,258,1038,True,1000000.0,False,False,False,False,1.8211356860604033,0.015269895505898879,0.027881041292077132
AREAWVSWLPVIRFDY,H3-23_A,K1-39,True,69,1,1,1,0.0002512169458572,4.002145149800293e-06,3.836209211505559e-06,7.004468851127019e-06,False,False,False,False,False,False,False,False,False,False,False,False,False,0,0,True,-1.04375,False,False,False,6.114178848266601,2008.2804,2,0.0002512169458572,7.004468851127019e-06,269,1039,True,1000000.0,False,False,False,False,1.8211356860604033,0.015269895505898879,0.027881041292077132
AREGRSVWNSARFDY,H3-23_A,K3-20,True,69,1,1,1,0.0002512169458572,4.002145149800293e-06,3.836209211505559e-06,7.004468851127019e-06,False,False,True,False,False,False,False,False,False,False,False,False,False,1,1,False,2.3666666666666667,True,False,True,8.788050842285156,1813.926,3,0.0002512169458572,7.004468851127019e-06,306,1040,True,1000000.0,False,False,False,False,1.8211356860604033,0.015269895505898879,0.027881041292077132
ARDRFSPYLRGFDY,H3-23_A,K3-20,True,68,1,1,1,0.000247576120555,4.002145149800293e-06,3.836209211505559e-06,7.004468851127019e-06,False,False,False,False,False,False,False,False,False,False,False,False,False,1,1,False,1.2571428571428571,True,False,False,8.631455993652345,1762.9205,3,0.000247576120555,7.004468851127019e-06,166,1047,True,1000000.0,False,False,False,False,1.8211356860604033,0.01549444372287971,0.02829104004467412
ARGPRVYVWYGRAFDY,H3-23_A,K1-39,True,68,1,1,1,0.000247576120555,4.002145149800293e-06,3.836209211505559e-06,7.004468851127019e-06,False,False,False,False,False,False,False,False,False,False,False,False,False,2,2,False,0.5000000000000001,True,False,True,9.694419860839844,1976.1987,3,0.000247576120555,7.004468851127019e-06,561,1048,True,1000000.0,False,False,False,False,1.8211356860604033,0.01549444372287971,0.02829104004467412
ARGRFPLYRWLYNLFDY,H4-34,K3-15,True,68,1,1,1,0.000247576120555,4.002145149800293e-06,3.836209211505559e-06,7.004468851127019e-06,False,False,False,False,False,False,False,False,False,False,False,False,False,2,2,True,-1.3058823529411765,True,False,True,9.694419860839844,2250.5567,3,0.000247576120555,7.004468851127019e-06,629,1050,True,1000000.0,False,False,False,False,1.8211356860604033,0.01549444372287971,0.02829104004467412
ARSAAYARYGRFDY,H3-23_A,K3-20,True,68,1,1,1,0.000247576120555,4.002145149800293e-06,3.836209211505559e-06,7.004468851127019e-06,False,False,False,False,False,False,False,False,False,False,False,False,False,2,2,False,2.021428571428572,True,False,True,9.694419860839844,1666.7933999999998,3,0.000247576120555,7.004468851127019e-06,1173,1053,True,1000000.0,False,False,False,False,1.8211356860604033,0.01549444372287971,0.02829104004467412
ARHPRLGARFDY,H3-23_A,K3-15,True,67,1,1,1,0.0002439352952527,4.002145149800293e-06,3.836209211505559e-06,7.004468851127019e-06,False,False,False,False,False,False,False,False,False,False,False,False,False,2,3,False,1.366666666666667,True,False,True,10.73751983642578,1458.626,3,0.0002439352952527,7.004468851127019e-06,762,1062,True,1000000.0,False,False,False,False,1.8211356860604033,0.01572569459694509,0.02871327706431548
ARPVKRTAWYRYFDI,H4-34,K3-20,True,67,1,1,1,0.0002439352952527,4.002145149800293e-06,3.836209211505559e-06,7.004468851127019e-06,False,False,False,False,False,False,False,False,False,False,False,False,True,3,3,False,0.3400000000000001,True,False,True,10.267314147949218,1942.2257,3,0.0002439352952527,7.004468851127019e-06,1123,1065,True,1000000.0,False,False,False,False,1.8211356860604033,0.01572569459694509,0.02871327706431548
ARGPVQVLIWLAAFDY,H3-23_A,K3-15,True,66,1,1,1,0.0002402944699504,4.002145149800293e-06,3.836209211505559e-06,7.004468851127019e-06,False,False,False,False,False,False,False,False,False,False,False,False,False,0,0,True,-1.2875,False,False,False,5.880318832397459,1819.1095,1,0.0002402944699504,7.004468851127019e-06,572,1068,True,1000000.0,False,False,False,False,1.8211356860604033,0.015963952781641436,0.029148308612706102
ARSRLTQPSYGRPGFDI,H3-23_A,K1-39,True,66,1,1,1,0.0002402944699504,4.002145149800293e-06,3.836209211505559e-06,7.004468851127019e-06,False,False,False,False,False,False,False,False,False,False,False,False,False,2,2,False,2.1294117647058823,True,False,True,10.73751983642578,1921.1206,3,0.0002402944699504,7.004468851127019e-06,1222,1074,True,1000000.0,False,False,False,False,1.8211356860604033,0.015963952781641436,0.029148308612706102
ARTVIIVRGSRHYRFDY,H4-34,K3-15,True,66,1,1,1,0.0002402944699504,4.002145149800293e-06,3.836209211505559e-06,7.004468851127019e-06,False,False,False,False,False,False,False,False,False,False,False,False,True,3,4,False,0.7058823529411766,True,False,True,10.83466339111328,2109.3926,4,0.0002402944699504,7.004468851127019e-06,1303,1075,True,1000000.0,False,False,False,False,1.8211356860604033,0.015963952781641436,0.029148308612706102
ARAARSAGRFDY,H5-51,UNK,True,64,1,1,1,0.0002330128193458,4.002145149800293e-06,3.836209211505559e-06,7.004468851127019e-06,False,False,False,False,False,False,False,False,False,False,False,False,False,2,2,False,2.6750000000000003,True,False,True,10.73751983642578,1340.447,3,0.0002330128193458,7.004468851127019e-06,4,1085,True,1000000.0,False,False,False,False,1.8211356860604033,0.016462804897286566,0.030059154166925443
ARFARSVRGRVSRGFDY,H3-23_A,K3-20,True,64,1,1,1,0.0002330128193458,4.002145149800293e-06,3.836209211505559e-06,7.004468851127019e-06,False,False,False,False,False,False,False,False,False,False,False,False,True,4,4,False,1.8764705882352943,True,False,True,11.82919158935547,2000.227,5,0.0002330128193458,7.004468851127019e-06,463,1088,True,1000000.0,False,False,False,False,1.8211356860604033,0.016462804897286566,0.030059154166925443
ARFRTLFPRLTKFDY,H3-23_A,K1-39,True,64,1,1,1,0.0002330128193458,4.002145149800293e-06,3.836209211505559e-06,7.004468851127019e-06,False,False,False,False,False,False,False,False,False,False,False,False,True,3,3,False,-0.333333333333333,True,False,True,10.903590393066406,1931.2428,3,0.0002330128193458,7.004468851127019e-06,484,1089,True,1000000.0,False,False,False,False,1.8211356860604033,0.016462804897286566,0.030059154166925443
ARFARSRGHKYGFDY,H3-23_A,K3-15,True,63,1,1,1,0.0002293719940436,4.002145149800293e-06,3.836209211505559e-06,7.004468851127019e-06,False,False,False,False,False,False,False,False,False,False,False,False,True,3,4,False,2.0200000000000005,True,False,True,10.267314147949218,1831.0011,3,0.0002293719940436,7.004468851127019e-06,462,1097,True,1000000.0,False,False,False,False,1.8211356860604033,0.016724107868625413,0.030536262797487224
ARGPYSYRGYRYGFDY,H3-23_A,K4-1,True,63,1,1,1,0.0002293719940436,4.002145149800293e-06,3.836209211505559e-06,7.004468851127019e-06,False,False,False,False,False,False,False,False,False,False,False,False,False,2,2,False,1.98125,True,False,True,9.402076721191406,1991.1239,3,0.0002293719940436,7.004468851127019e-06,616,1098,True,1000000.0,False,False,False,False,1.8211356860604033,0.016724107868625413,0.030536262797487224
ARILAWYGFDY,H3-23_A,K3-20,True,63,1,1,1,0.0002293719940436,4.002145149800293e-06,3.836209211505559e-06,7.004468851127019e-06,False,False,False,False,False,False,False,False,False,False,False,False,False,0,0,True,-1.4636363636363634,False,False,False,5.87944984436035,1374.5408,1,0.0002293719940436,7.004468851127019e-06,864,1099,True,1000000.0,False,False,False,False,1.8211356860604033,0.016724107868625413,0.030536262797487224
ARIRGVKWGRFDY,H3-23_A,K3-20,True,63,1,1,1,0.0002293719940436,4.002145149800293e-06,3.836209211505559e-06,7.004468851127019e-06,False,False,False,False,False,False,False,False,False,False,False,False,True,3,3,False,0.6923076923076924,True,False,True,10.903590393066406,1623.8581,3,0.0002293719940436,7.004468851127019e-06,874,1100,True,1000000.0,False,False,False,False,1.8211356860604033,0.016724107868625413,0.030536262797487224
ARLGRYRSRGFDY,H3-23_A,K3-20,True,63,1,1,1,0.0002293719940436,4.002145149800293e-06,3.836209211505559e-06,7.004468851127019e-06,False,False,False,False,False,False,False,False,False,False,False,False,True,3,3,False,1.8923076923076925,True,False,True,10.83466339111328,1616.7811,4,0.0002293719940436,7.004468851127019e-06,949,1101,True,1000000.0,False,False,False,False,1.8211356860604033,0.016724107868625413,0.030536262797487224
ARLRLYGTSRFDY,H3-23_A,K3-15,True,63,1,1,1,0.0002293719940436,4.002145149800293e-06,3.836209211505559e-06,7.004468851127019e-06,False,False,False,False,False,False,False,False,False,False,False,False,False,2,2,False,0.8230769230769233,True,False,True,9.97897186279297,1617.8056,3,0.0002293719940436,7.004468851127019e-06,1003,1102,True,1000000.0,False,False,False,False,1.8211356860604033,0.016724107868625413,0.030536262797487224
ARVLRYRYRGYRFDY,H3-23_A,K1-39,True,63,1,1,1,0.0002293719940436,4.002145149800293e-06,3.836209211505559e-06,7.004468851127019e-06,False,False,False,False,False,False,False,False,False,False,False,False,True,4,4,False,0.6066666666666669,True,False,True,10.408396911621091,2054.3156,5,0.0002293719940436,7.004468851127019e-06,1373,1104,True,1000000.0,False,False,False,False,1.8211356860604033,0.016724107868625413,0.030536262797487224
ARARASRLAYRGFDY,H3-23_A,K3-20,True,62,1,1,1,0.0002257311687413,4.002145149800293e-06,3.836209211505559e-06,7.004468851127019e-06,False,False,False,False,False,False,False,False,False,False,False,False,True,3,3,False,1.6800000000000002,True,False,True,10.83466339111328,1772.9634999999998,4,0.0002257311687413,7.004468851127019e-06,41,1109,True,1000000.0,False,False,False,False,1.8211356860604033,0.016993839594681398,0.031028761347267408
ARDLRWYGYRLFDY,H3-23_A,K3-15,True,62,1,1,1,0.0002257311687413,4.002145149800293e-06,3.836209211505559e-06,7.004468851127019e-06,False,False,False,False,False,False,False,False,False,False,False,False,False,1,1,False,-0.2071428571428569,True,False,False,8.538594055175782,1894.0949,3,0.0002257311687413,7.004468851127019e-06,131,1110,True,1000000.0,False,False,False,False,1.8211356860604033,0.016993839594681398,0.031028761347267408
ARERYRWYWYGTIGFDY,H3-23_A,K1-39,True,62,1,1,1,0.0002257311687413,4.002145149800293e-06,3.836209211505559e-06,7.004468851127019e-06,False,False,False,True,False,False,False,False,False,False,False,False,False,1,1,False,0.2529411764705884,True,False,True,8.47212371826172,2302.5022,3,0.0002257311687413,7.004468851127019e-06,423,1111,True,1000000.0,False,False,False,False,1.8211356860604033,0.016993839594681398,0.031028761347267408
ARGHRYRGYRGAGFDP,H3-23_A,K3-20,True,62,1,1,1,0.0002257311687413,4.002145149800293e-06,3.836209211505559e-06,7.004468851127019e-06,False,False,False,False,True,False,False,False,False,False,False,False,True,3,4,False,2.8125,True,False,True,10.83466339111328,1835.9812,4,0.0002257311687413,7.004468851127019e-06,519,1114,True,1000000.0,False,False,False,False,1.8211356860604033,0.016993839594681398,0.031028761347267408
ARGRGRGLGFDY,H3-23_A,K3-20,True,62,1,1,1,0.0002257311687413,4.002145149800293e-06,3.836209211505559e-06,7.004468851127019e-06,False,False,False,False,False,False,False,False,False,False,False,False,False,2,2,False,2.266666666666667,True,False,True,10.73751983642578,1324.4475,3,0.0002257311687413,7.004468851127019e-06,633,1115,True,1000000.0,False,False,False,False,1.8211356860604033,0.016993839594681398,0.031028761347267408
ARGSRGRWGFDY,H1-69,K3-15,True,62,1,1,1,0.0002257311687413,4.002145149800293e-06,3.836209211505559e-06,7.004468851127019e-06,False,False,False,False,False,False,False,False,False,False,False,False,False,2,2,False,2.266666666666667,True,False,True,10.73751983642578,1427.5258,3,0.0002257311687413,7.004468851127019e-06,635,1116,True,1000000.0,False,False,False,False,1.8211356860604033,0.016993839594681398,0.031028761347267408
ARGVRILWYRLFDY,H4-34,K1-39,True,62,1,1,1,0.0002257311687413,4.002145149800293e-06,3.836209211505559e-06,7.004468851127019e-06,False,False,False,False,False,False,False,False,False,False,False,False,False,2,2,True,-1.6214285714285712,True,False,True,9.97897186279297,1828.1229,3,0.0002257311687413,7.004468851127019e-06,682,1117,True,1000000.0,False,False,False,False,1.8211356860604033,0.016993839594681398,0.031028761347267408
ARIGVSRLWGHRFDI,H3-23_A,K3-15,True,62,1,1,1,0.0002257311687413,4.002145149800293e-06,3.836209211505559e-06,7.004468851127019e-06,False,False,False,False,False,False,False,False,False,False,False,False,False,2,3,False,-0.2266666666666665,True,False,True,11.698988342285158,1783.0443999999998,3,0.0002257311687413,7.004468851127019e-06,851,1118,True,1000000.0,False,False,False,False,1.8211356860604033,0.016993839594681398,0.031028761347267408
ARLVTILWKRGFDY,H3-23_A,K1-39,True,62,1,1,1,0.0002257311687413,4.002145149800293e-06,3.836209211505559e-06,7.004468851127019e-06,False,False,False,False,False,False,False,False,False,False,False,False,False,2,2,True,-1.007142857142857,False,False,False,9.98676300048828,1738.0402,2,0.0002257311687413,7.004468851127019e-06,1043,1121,True,1000000.0,False,False,False,False,1.8211356860604033,0.016993839594681398,0.031028761347267408
ARQAHYRGRSRAFDI,H3-23_A,K3-20,True,62,1,1,1,0.0002257311687413,4.002145149800293e-06,3.836209211505559e-06,7.004468851127019e-06,False,False,False,False,False,False,False,False,False,False,False,False,True,3,4,False,2.286666666666667,True,False,True,11.539094543457033,1803.9809,4,0.0002257311687413,7.004468851127019e-06,1135,1122,True,1000000.0,False,False,False,False,1.8211356860604033,0.016993839594681398,0.031028761347267408
ARAGNRYFRSYWPFDP,H3-23_A,K3-20,True,61,1,1,1,0.000222090343439,4.002145149800293e-06,3.836209211505559e-06,7.004468851127019e-06,False,False,False,False,True,False,False,False,False,False,False,False,False,2,2,False,1.1250000000000002,True,False,True,9.97897186279297,2003.1811,3,0.000222090343439,7.004468851127019e-06,13,1124,True,1000000.0,False,False,False,False,1.8211356860604033,0.017272414585703583,0.03153740666344715
ARGLRSVDWYRYFDI,H3-23_A,K3-20,True,61,1,1,1,0.000222090343439,4.002145149800293e-06,3.836209211505559e-06,7.004468851127019e-06,False,False,False,False,False,False,False,False,False,False,False,False,False,1,1,False,0.2000000000000001,True,False,False,8.631455993652345,1917.13,3,0.000222090343439,7.004468851127019e-06,533,1125,True,1000000.0,False,False,False,False,1.8211356860604033,0.017272414585703583,0.03153740666344715
ARGQRGVAARLRFDP,H3-23_A,K3-20,True,60,1,1,1,0.0002184495181367,4.002145149800293e-06,3.836209211505559e-06,7.004468851127019e-06,False,False,False,False,True,False,False,False,False,False,False,False,True,3,3,False,2.0333333333333337,True,False,True,11.999964904785156,1669.8885999999998,4,0.0002184495181367,7.004468851127019e-06,626,1133,True,1000000.0,False,False,False,False,1.8211356860604033,0.01756027498470023,0.032063006047390465
ARHRFSLRSYSYGFDP,H3-23_A,K1-39,True,60,1,1,1,0.0002184495181367,4.002145149800293e-06,3.836209211505559e-06,7.004468851127019e-06,False,False,False,False,True,False,False,False,False,False,False,False,False,2,3,False,1.4187500000000002,True,False,True,9.979042053222656,1959.127,3,0.0002184495181367,7.004468851127019e-06,771,1134,True,1000000.0,False,False,False,False,1.8211356860604033,0.01756027498470023,0.032063006047390465
ARHRRRSSRGRHFDY,H3-23_A,K3-20,True,60,1,1,1,0.0002184495181367,4.002145149800293e-06,3.836209211505559e-06,7.004468851127019e-06,False,False,False,False,False,True,True,False,False,False,False,False,True,5,7,False,3.273333333333333,True,False,True,11.999964904785156,1957.1263,6,0.0002184495181367,7.004468851127019e-06,788,1135,True,1000000.0,False,False,False,False,1.8211356860604033,0.01756027498470023,0.032063006047390465
ARHRYRGRLIFDY,H3-23_A,UNK,True,60,1,1,1,0.0002184495181367,4.002145149800293e-06,3.836209211505559e-06,7.004468851127019e-06,False,False,False,False,False,False,False,False,False,False,False,False,True,3,4,False,0.5000000000000002,True,False,True,10.83466339111328,1722.9494,4,0.0002184495181367,7.004468851127019e-06,799,1136,True,1000000.0,False,False,False,False,1.8211356860604033,0.01756027498470023,0.032063006047390465
ARQPRFGRAAGFDY,H3-23_A,K3-20,True,60,1,1,1,0.0002184495181367,4.002145149800293e-06,3.836209211505559e-06,7.004468851127019e-06,False,False,False,False,False,False,False,False,False,False,False,False,False,2,2,False,2.007142857142857,True,False,True,10.73751983642578,1611.7613,3,0.0002184495181367,7.004468851127019e-06,1144,1140,True,1000000.0,False,False,False,False,1.8211356860604033,0.01756027498470023,0.032063006047390465
ARDRYRWRGRFDY,H3-23_A,K3-15,True,59,1,1,1,0.0002148086928344,4.002145149800293e-06,3.836209211505559e-06,7.004468851127019e-06,False,False,False,False,False,False,False,False,False,False,False,False,True,3,3,False,1.984615384615385,True,False,True,10.780967712402344,1816.9779,5,0.0002148086928344,7.004468851127019e-06,212,1145,True,1000000.0,False,False,False,False,1.8211356860604033,0.017857892909081362,0.032606421530209394
ARDWGSRWRFDY,H3-23_A,K3-20,True,59,1,1,1,0.0002148086928344,4.002145149800293e-06,3.836209211505559e-06,7.004468851127019e-06,False,False,False,False,False,False,False,False,False,False,False,False,False,1,1,False,1.3166666666666669,True,False,False,8.787910461425781,1614.7205,3,0.0002148086928344,7.004468851127019e-06,239,1146,True,1000000.0,False,False,False,False,1.8211356860604033,0.017857892909081362,0.032606421530209394
ARHRRLVLGRHPFDY,H3-23_A,K4-1,True,59,1,1,1,0.0002148086928344,4.002145149800293e-06,3.836209211505559e-06,7.004468851127019e-06,False,False,False,False,False,True,True,False,False,False,False,False,True,3,5,False,0.5133333333333335,True,False,True,11.539094543457033,1893.1617,4,0.0002148086928344,7.004468851127019e-06,787,1148,True,1000000.0,False,False,False,False,1.8211356860604033,0.017857892909081362,0.032606421530209394
ARLSPYSWFKWVFDY,H4-34,K1-39,True,59,1,1,1,0.0002148086928344,4.002145149800293e-06,3.836209211505559e-06,7.004468851127019e-06,False,False,False,False,False,False,False,False,False,False,False,False,False,1,1,True,-1.1999999999999995,False,False,False,8.54006805419922,1965.2108000000003,1,0.0002148086928344,7.004468851127019e-06,1030,1150,True,1000000.0,False,False,False,False,1.8211356860604033,0.017857892909081362,0.032606421530209394
ARPRAGRGWYRYFDI,H3-23_A,K1-39,True,59,1,1,1,0.0002148086928344,4.002145149800293e-06,3.836209211505559e-06,7.004468851127019e-06,False,False,False,False,False,False,False,False,False,False,False,False,True,3,3,False,0.9000000000000001,True,False,True,10.83466339111328,1884.1068,4,0.0002148086928344,7.004468851127019e-06,1107,1151,True,1000000.0,False,False,False,False,1.8211356860604033,0.017857892909081362,0.032606421530209394
ARSPPRSRSRSFDY,H3-23_A,UNK,True,59,1,1,1,0.0002148086928344,4.002145149800293e-06,3.836209211505559e-06,7.004468851127019e-06,False,False,False,False,False,False,False,False,False,False,False,False,True,3,3,False,3.4285714285714284,True,False,True,11.539094543457033,1681.81,4,0.0002148086928344,7.004468851127019e-06,1204,1154,True,1000000.0,False,False,False,False,1.8211356860604033,0.017857892909081362,0.032606421530209394
ARDRGYRTSQY,H3-23_A,UNK,True,58,1,1,1,0.0002111678675322,4.002145149800293e-06,3.836209211505559e-06,7.004468851127019e-06,False,False,False,False,False,False,False,False,False,False,False,False,False,2,2,False,4.027272727272727,True,False,True,9.97897186279297,1372.4458,3,0.0002111678675322,7.004468851127019e-06,178,1156,True,1000000.0,False,False,False,False,1.8211356860604033,0.01816577303452797,0.03316857459060662
ARGSQRYSGRGWYGFDI,H3-23_A,K3-20,True,58,1,1,1,0.0002111678675322,4.002145149800293e-06,3.836209211505559e-06,7.004468851127019e-06,False,False,False,False,False,False,False,False,False,False,False,False,False,2,2,False,2.088235294117647,True,False,True,9.97897186279297,1976.1144,3,0.0002111678675322,7.004468851127019e-06,663,1159,True,1000000.0,False,False,False,False,1.8211356860604033,0.01816577303452797,0.03316857459060662
ARLIRYRGYRGFDY,H3-23_A,K1-39,True,58,1,1,1,0.0002111678675322,4.002145149800293e-06,3.836209211505559e-06,7.004468851127019e-06,False,False,False,False,False,False,False,False,False,False,False,False,True,3,3,False,0.585714285714286,True,False,True,10.256925964355467,1806.0346,4,0.0002111678675322,7.004468851127019e-06,964,1162,True,1000000.0,False,False,False,False,1.8211356860604033,0.01816577303452797,0.03316857459060662
ARDRGYHWFYRYAFDY,H3-23_A,K3-20,True,57,1,1,1,0.0002075270422299,4.002145149800293e-06,3.836209211505559e-06,7.004468851127019e-06,False,False,False,True,False,False,False,False,False,False,False,False,False,1,2,False,0.5375000000000002,True,False,False,8.478440856933595,2186.3439,3,0.0002075270422299,7.004468851127019e-06,177,1167,True,1000000.0,False,False,False,False,1.8211356860604033,0.018484455450877933,0.03375045136938875
ARDYRYRSWFSLGFDY,H3-23_A,K3-15,True,57,1,1,1,0.0002075270422299,4.002145149800293e-06,3.836209211505559e-06,7.004468851127019e-06,False,False,False,False,False,False,False,False,False,False,False,False,False,1,1,False,0.6312500000000002,True,False,False,8.538594055175782,2102.2657,3,0.0002075270422299,7.004468851127019e-06,260,1169,True,1000000.0,False,False,False,False,1.8211356860604033,0.018484455450877933,0.03375045136938875
ARFRYSRSWLGFDY,H3-23_A,K1-39,True,57,1,1,1,0.0002075270422299,4.002145149800293e-06,3.836209211505559e-06,7.004468851127019e-06,False,False,False,False,False,False,False,False,False,False,False,False,False,2,2,False,0.142857142857143,True,False,True,9.97897186279297,1824.0051,3,0.0002075270422299,7.004468851127019e-06,490,1171,True,1000000.0,False,False,False,False,1.8211356860604033,0.018484455450877933,0.03375045136938875
ARHPRPLYWGRFDY,H3-23_A,K4-1,True,57,1,1,1,0.0002075270422299,4.002145149800293e-06,3.836209211505559e-06,7.004468851127019e-06,False,False,False,False,False,False,False,False,False,False,False,False,False,2,3,False,0.3214285714285716,True,False,True,9.979042053222656,1834.0464,3,0.0002075270422299,7.004468851127019e-06,763,1175,True,1000000.0,False,False,False,False,1.8211356860604033,0.018484455450877933,0.03375045136938875
ARQKRADYPGRYRFDI,H3-23_A,K1-39,True,57,1,1,1,0.0002075270422299,4.002145149800293e-06,3.836209211505559e-06,7.004468851127019e-06,False,False,False,False,False,False,False,False,False,False,False,False,True,3,3,False,2.46875,True,False,True,10.256925964355467,2012.2345,4,0.0002075270422299,7.004468851127019e-06,1141,1177,True,1000000.0,False,False,False,False,1.8211356860604033,0.018484455450877933,0.03375045136938875
ARAPSLSYRPYFRFDI,H3-23_A,K3-15,True,56,1,1,1,0.0002038862169276,4.002145149800293e-06,3.836209211505559e-06,7.004468851127019e-06,False,False,False,False,False,False,False,False,False,False,False,False,False,2,2,False,0.2875000000000002,True,False,True,9.97897186279297,1959.2098,3,0.0002038862169276,7.004468851127019e-06,35,1180,True,1000000.0,False,False,False,False,1.8211356860604033,0.018814518823896228,0.03435310844248858
ARGVWKRSGARAYSFDY,H3-23_A,K3-20,True,56,1,1,1,0.0002038862169276,4.002145149800293e-06,3.836209211505559e-06,7.004468851127019e-06,False,False,False,False,False,False,False,False,False,False,False,False,True,3,3,False,1.9000000000000004,True,False,True,10.267314147949218,1990.1841,3,0.0002038862169276,7.004468851127019e-06,684,1184,True,1000000.0,False,False,False,False,1.8211356860604033,0.018814518823896228,0.03435310844248858
ARHYRRWGRYPFDY,H3-23_A,K4-1,True,56,1,1,1,0.0002038862169276,4.002145149800293e-06,3.836209211505559e-06,7.004468851127019e-06,False,False,False,False,False,True,True,False,False,False,False,False,True,3,4,False,0.992857142857143,True,False,True,10.256925964355467,1943.1325,4,0.0002038862169276,7.004468851127019e-06,828,1187,True,1000000.0,False,False,False,False,1.8211356860604033,0.018814518823896228,0.03435310844248858
ARWRYRVWSGRSGPFDY,H3-23_A,K1-39,True,56,1,1,1,0.0002038862169276,4.002145149800293e-06,3.836209211505559e-06,7.004468851127019e-06,False,False,False,False,False,False,False,False,False,False,False,False,True,3,3,False,1.1,True,False,True,10.83466339111328,2159.3668,4,0.0002038862169276,7.004468851127019e-06,1513,1193,True,1000000.0,False,False,False,False,1.8211356860604033,0.018814518823896228,0.03435310844248858
ARHRYTGSWDRFDY,H3-23_A,K3-15,True,55,1,1,1,0.0002002453916253,4.002145149800293e-06,3.836209211505559e-06,7.004468851127019e-06,False,False,False,False,False,False,False,False,False,False,False,False,False,1,2,False,2.2285714285714286,True,False,False,8.637562561035157,1829.927,3,0.0002002453916253,7.004468851127019e-06,800,1198,True,1000000.0,False,False,False,False,1.8211356860604033,0.01915658390203811,0.03497767922390402
ARVRYRAGKHFDY,H3-23_A,K3-20,True,55,1,1,1,0.0002002453916253,4.002145149800293e-06,3.836209211505559e-06,7.004468851127019e-06,False,False,False,False,False,False,False,False,False,False,False,False,True,3,4,False,1.815384615384616,True,False,True,10.267314147949218,1638.8297,3,0.0002002453916253,7.004468851127019e-06,1428,1201,True,1000000.0,False,False,False,False,1.8211356860604033,0.01915658390203811,0.03497767922390402
ARYWHALLHWAAFDY,H3-23_A,K1-39,True,55,1,1,1,0.0002002453916253,4.002145149800293e-06,3.836209211505559e-06,7.004468851127019e-06,False,False,False,True,False,False,False,False,False,False,False,False,False,0,2,True,-1.64,False,False,False,6.959295272827148,1920.1338,1,0.0002002453916253,7.004468851127019e-06,1621,1202,True,1000000.0,False,False,False,False,1.8211356860604033,0.01915658390203811,0.03497767922390402
ARGKRGRYRGHFDY,H3-23_A,K3-20,True,54,1,1,1,0.000196604566323,4.002145149800293e-06,3.836209211505559e-06,7.004468851127019e-06,False,False,False,False,False,False,False,False,False,False,False,False,True,4,5,False,2.9142857142857146,True,False,True,10.93159637451172,1738.9091,4,0.000196604566323,7.004468851127019e-06,527,1206,True,1000000.0,False,False,False,False,1.8211356860604033,0.019511317412787228,0.03562538107995529
ARHYSRFGRTFDY,H3-23_A,K3-20,True,54,1,1,1,0.000196604566323,4.002145149800293e-06,3.836209211505559e-06,7.004468851127019e-06,False,False,False,False,False,False,False,False,False,False,False,False,False,2,3,False,1.6923076923076923,True,False,True,9.979042053222656,1675.8035,3,0.000196604566323,7.004468851127019e-06,830,1210,True,1000000.0,False,False,False,False,1.8211356860604033,0.019511317412787228,0.03562538107995529
ARKRSVRGRSQSGFDY,H3-23_A,K4-1,True,54,1,1,1,0.000196604566323,4.002145149800293e-06,3.836209211505559e-06,7.004468851127019e-06,False,False,False,False,False,False,False,False,False,False,False,False,True,4,4,False,3.54375,True,False,True,11.553834533691408,1870.0374,4,0.000196604566323,7.004468851127019e-06,916,1212,True,1000000.0,False,False,False,False,1.8211356860604033,0.019511317412787228,0.03562538107995529
ARLLRWASYGYRGFDI,H3-23_A,K3-20,True,54,1,1,1,0.000196604566323,4.002145149800293e-06,3.836209211505559e-06,7.004468851127019e-06,False,False,False,False,False,False,False,False,False,False,False,False,False,2,2,False,-0.2937499999999998,True,False,True,9.97897186279297,1944.1984,3,0.000196604566323,7.004468851127019e-06,979,1213,True,1000000.0,False,False,False,False,1.8211356860604033,0.019511317412787228,0.03562538107995529
ARLLRYSSRLWGFDY,H4-34,K3-15,True,54,1,1,1,0.000196604566323,4.002145149800293e-06,3.836209211505559e-06,7.004468851127019e-06,False,False,False,False,False,False,False,False,False,False,False,False,False,2,2,False,-0.4799999999999997,True,False,True,9.97897186279297,1903.1465000000003,3,0.000196604566323,7.004468851127019e-06,981,1214,True,1000000.0,False,False,False,False,1.8211356860604033,0.019511317412787228,0.03562538107995529
ARLRIVYNWYPYFDY,H3-23_A,K1-39,True,54,1,1,1,0.000196604566323,4.002145149800293e-06,3.836209211505559e-06,7.004468851127019e-06,False,False,False,False,False,False,False,False,False,False,False,False,False,1,1,True,-1.2066666666666666,False,False,False,8.472544860839843,2039.2925,2,0.000196604566323,7.004468851127019e-06,1000,1215,True,1000000.0,False,False,False,False,1.8211356860604033,0.019511317412787228,0.03562538107995529
ARLWLLGPSRLAFDP,H3-23_A,K3-15,True,54,1,1,1,0.000196604566323,4.002145149800293e-06,3.836209211505559e-06,7.004468851127019e-06,False,False,False,False,True,False,False,False,False,False,False,False,False,1,1,True,-1.133333333333333,False,False,False,9.643601989746092,1712.0030000000002,2,0.000196604566323,7.004468851127019e-06,1050,1217,True,1000000.0,False,False,False,False,1.8211356860604033,0.019511317412787228,0.03562538107995529
ARLYSRWRYGFDY,H3-23_A,K4-1,True,54,1,1,1,0.000196604566323,4.002145149800293e-06,3.836209211505559e-06,7.004468851127019e-06,False,False,False,False,False,False,False,False,False,False,False,False,False,2,2,False,0.2153846153846155,True,False,True,9.694419860839844,1752.9272,3,0.000196604566323,7.004468851127019e-06,1057,1218,True,1000000.0,False,False,False,False,1.8211356860604033,0.019511317412787228,0.03562538107995529
ARPARVRYPLYGSFDP,H3-23_A,K1-39,True,54,1,1,1,0.000196604566323,4.002145149800293e-06,3.836209211505559e-06,7.004468851127019e-06,False,False,False,False,True,False,False,False,False,False,False,False,False,2,2,False,1.2125,True,False,True,9.97897186279297,1865.0986000000005,3,0.000196604566323,7.004468851127019e-06,1077,1219,True,1000000.0,False,False,False,False,1.8211356860604033,0.019511317412787228,0.03562538107995529
ARSHRRSSRVWGFDI,H3-23_A,K3-15,True,54,1,1,1,0.000196604566323,4.002145149800293e-06,3.836209211505559e-06,7.004468851127019e-06,False,False,False,False,False,True,True,False,False,False,False,False,True,3,4,False,1.6866666666666668,True,False,True,11.999964904785156,1830.0182,4,0.000196604566323,7.004468851127019e-06,1189,1220,True,1000000.0,False,False,False,False,1.8211356860604033,0.019511317412787228,0.03562538107995529
ARVYRLWSTWRGFDI,H3-23_A,K3-15,True,54,1,1,1,0.000196604566323,4.002145149800293e-06,3.836209211505559e-06,7.004468851127019e-06,False,False,False,False,False,False,False,False,False,False,False,False,False,2,2,False,-0.6599999999999999,True,False,True,10.73751983642578,1926.1832,3,0.000196604566323,7.004468851127019e-06,1472,1224,True,1000000.0,False,False,False,False,1.8211356860604033,0.019511317412787228,0.03562538107995529
ARWHRREFYAQGFDY,H3-23_A,K3-20,True,54,1,1,1,0.000196604566323,4.002145149800293e-06,3.836209211505559e-06,7.004468851127019e-06,False,False,False,False,False,True,True,False,False,False,False,False,False,1,2,False,1.0800000000000003,True,False,True,8.637702941894531,2002.1533,3,0.000196604566323,7.004468851127019e-06,1488,1225,True,1000000.0,False,False,False,False,1.8211356860604033,0.019511317412787228,0.03562538107995529
ARHREWAYWRGFDY,H3-23_A,K3-15,True,53,1,1,1,0.0001929637410208,4.002145149800293e-06,3.836209211505559e-06,7.004468851127019e-06,False,False,False,False,False,False,False,False,False,False,False,False,False,1,2,False,0.6714285714285716,True,False,True,8.637702941894531,1913.0602,3,0.0001929637410208,7.004468851127019e-06,770,1232,True,1000000.0,False,False,False,False,1.8211356860604033,0.019879436400064746,0.03629752324888613
ARIRWYRAVYSFDY,H1-69,K1-39,True,53,1,1,1,0.0001929637410208,4.002145149800293e-06,3.836209211505559e-06,7.004468851127019e-06,False,False,False,False,False,False,False,False,False,False,False,False,False,2,2,False,-0.2357142857142856,True,False,True,9.694419860839844,1866.0848,3,0.0001929637410208,7.004468851127019e-06,877,1234,True,1000000.0,False,False,False,False,1.8211356860604033,0.019879436400064746,0.03629752324888613
ARIWYTYIFTVTGFDY,H3-23_A,K1-39,True,53,1,1,1,0.0001929637410208,4.002145149800293e-06,3.836209211505559e-06,7.004468851127019e-06,False,False,False,False,False,False,False,False,False,False,False,False,False,0,0,True,-1.0124999999999995,False,False,False,5.87858085632324,2016.2526000000005,1,0.0001929637410208,7.004468851127019e-06,889,1235,True,1000000.0,False,False,False,False,1.8211356860604033,0.019879436400064746,0.03629752324888613
ARQWGRWPSWKRYFDY,H3-23_A,K3-20,True,53,1,1,1,0.0001929637410208,4.002145149800293e-06,3.836209211505559e-06,7.004468851127019e-06,False,False,False,False,False,False,False,False,False,False,False,False,True,3,3,False,0.4812500000000001,True,True,True,10.267314147949218,2202.4329,3,0.0001929637410208,7.004468851127019e-06,1164,1237,True,1000000.0,False,False,False,False,1.8211356860604033,0.019879436400064746,0.03629752324888613
ARSSRWRYFPLTGFDP,H3-23_A,K1-39,True,53,1,1,1,0.0001929637410208,4.002145149800293e-06,3.836209211505559e-06,7.004468851127019e-06,False,False,False,False,True,False,False,False,False,False,False,False,False,2,2,False,0.8312500000000003,True,False,True,10.73751983642578,1956.1662,3,0.0001929637410208,7.004468851127019e-06,1233,1239,True,1000000.0,False,False,False,False,1.8211356860604033,0.019879436400064746,0.03629752324888613
ARVRYSWAWRFDY,H3-23_A,K3-15,True,53,1,1,1,0.0001929637410208,4.002145149800293e-06,3.836209211505559e-06,7.004468851127019e-06,False,False,False,False,False,False,False,False,False,False,False,False,False,2,2,False,-0.2615384615384614,True,False,True,9.97897186279297,1775.9639,3,0.0001929637410208,7.004468851127019e-06,1429,1241,True,1000000.0,False,False,False,False,1.8211356860604033,0.019879436400064746,0.03629752324888613
ARDRLSSRARFDY,H3-23_A,K3-20,True,52,1,1,1,0.0001893229157185,4.002145149800293e-06,3.836209211505559e-06,7.004468851127019e-06,False,False,False,False,False,False,False,False,False,False,False,False,False,2,2,False,2.5923076923076924,True,False,True,10.667610168457031,1612.7478999999998,4,0.0001893229157185,7.004468851127019e-06,187,1243,True,1000000.0,False,False,False,False,1.8211356860604033,0.02026171306213459,0.036995515674312314
ARFRTRGARKHYAFDY,H3-23_A,K3-20,True,52,1,1,1,0.0001893229157185,4.002145149800293e-06,3.836209211505559e-06,7.004468851127019e-06,False,False,False,False,False,False,False,False,False,False,False,False,True,4,5,False,1.85,True,False,True,10.93159637451172,2015.24,4,0.0001893229157185,7.004468851127019e-06,485,1246,True,1000000.0,False,False,False,False,1.8211356860604033,0.02026171306213459,0.036995515674312314
ARGPYTRSYRYGFDY,H3-23_A,K1-39,True,52,1,1,1,0.0001893229157185,4.002145149800293e-06,3.836209211505559e-06,7.004468851127019e-06,False,False,False,False,False,False,False,False,False,False,False,False,False,2,2,False,2.2066666666666666,True,False,True,9.52378692626953,1872.0033000000003,3,0.0001893229157185,7.004468851127019e-06,580,1249,True,1000000.0,False,False,False,False,1.8211356860604033,0.02026171306213459,0.036995515674312314
ARGPYTYRNYRYGFDY,H3-23_A,K3-20,True,52,1,1,1,0.0001893229157185,4.002145149800293e-06,3.836209211505559e-06,7.004468851127019e-06,False,False,False,False,False,False,False,False,False,False,False,False,False,2,2,False,1.98125,True,False,True,9.402076721191406,2062.2018000000003,3,0.0001893229157185,7.004468851127019e-06,616,1250,True,1000000.0,False,False,False,False,1.8211356860604033,0.02026171306213459,0.036995515674312314
ARVLRYRSVWGYAFDP,H3-23_A,K3-20,True,52,1,1,1,0.0001893229157185,4.002145149800293e-06,3.836209211505559e-06,7.004468851127019e-06,False,False,False,False,True,False,False,False,False,False,False,False,False,2,2,False,0.0937500000000001,True,False,True,9.97897186279297,1956.2091,3,0.0001893229157185,7.004468851127019e-06,1372,1255,True,1000000.0,False,False,False,False,1.8211356860604033,0.02026171306213459,0.036995515674312314
ARWKRGRYFDY,H3-23_A,K3-20,True,52,1,1,1,0.0001893229157185,4.002145149800293e-06,3.836209211505559e-06,7.004468851127019e-06,False,False,False,False,False,False,False,False,False,False,False,False,True,3,3,False,1.1909090909090911,True,False,True,10.267314147949218,1517.6914,3,0.0001893229157185,7.004468851127019e-06,910,1256,True,1000000.0,False,False,False,False,1.8211356860604033,0.02026171306213459,0.036995515674312314
ARGPYRLYRGYTRGFDY,H3-23_A,K1-39,True,51,1,1,1,0.0001856820904162,4.002145149800293e-06,3.836209211505559e-06,7.004468851127019e-06,False,False,False,False,False,False,False,False,False,False,False,False,True,3,3,False,1.6058823529411768,True,False,True,9.985148620605468,2111.3206,4,0.0001856820904162,7.004468851127019e-06,602,1263,True,1000000.0,False,False,False,False,1.8211356860604033,0.020658980158537132,0.037720878877649494
ARKRYGLPRVYPSFDI,H3-23_A,K3-20,True,51,1,1,1,0.0001856820904162,4.002145149800293e-06,3.836209211505559e-06,7.004468851127019e-06,False,False,False,False,False,False,False,False,False,False,False,False,True,3,3,False,0.8062500000000001,True,False,True,10.267314147949218,1938.2354,3,0.0001856820904162,7.004468851127019e-06,919,1266,True,1000000.0,False,False,False,False,1.8211356860604033,0.020658980158537132,0.037720878877649494
ARLIYRYLWGFDY,H3-23_A,K3-15,True,51,1,1,1,0.0001856820904162,4.002145149800293e-06,3.836209211505559e-06,7.004468851127019e-06,False,False,False,False,False,False,False,False,False,False,False,False,False,1,1,True,-1.9307692307692303,False,False,False,8.539295959472657,1735.9794,2,0.0001856820904162,7.004468851127019e-06,967,1268,True,1000000.0,False,False,False,False,1.8211356860604033,0.020658980158537132,0.037720878877649494
ARSVLVFRTYLHWGFDI,H3-23_A,K1-39,True,51,1,1,1,0.0001856820904162,4.002145149800293e-06,3.836209211505559e-06,7.004468851127019e-06,False,False,False,False,False,False,False,False,False,False,False,False,False,1,2,True,-1.4176470588235293,False,False,False,8.796192932128907,2080.3893,2,0.0001856820904162,7.004468851127019e-06,1239,1272,True,1000000.0,False,False,False,False,1.8211356860604033,0.020658980158537132,0.037720878877649494
ARVKYVKLRTVNRPFDP,H4-34,K3-20,True,51,1,1,1,0.0001856820904162,4.002145149800293e-06,3.836209211505559e-06,7.004468851127019e-06,False,False,False,False,True,False,False,False,False,False,False,False,True,4,4,False,1.241176470588235,True,False,True,11.00031280517578,2059.4168,3,0.0001856820904162,7.004468851127019e-06,1364,1273,True,1000000.0,False,False,False,False,1.8211356860604033,0.020658980158537132,0.037720878877649494
ARVRFVWGRGAFDY,H3-23_A,K3-20,True,51,1,1,1,0.0001856820904162,4.002145149800293e-06,3.836209211505559e-06,7.004468851127019e-06,False,False,False,False,False,False,False,False,False,False,False,False,False,2,2,False,0.0357142857142858,True,False,True,10.73751983642578,1699.9109,3,0.0001856820904162,7.004468851127019e-06,1397,1274,True,1000000.0,False,False,False,False,1.8211356860604033,0.020658980158537132,0.037720878877649494
ARWFDRGQRSFDY,H3-23_A,K3-20,True,51,1,1,1,0.0001856820904162,4.002145149800293e-06,3.836209211505559e-06,7.004468851127019e-06,False,False,False,False,False,False,False,False,False,False,False,False,False,1,1,False,1.7384615384615385,True,False,False,8.787910461425781,1703.8136,3,0.0001856820904162,7.004468851127019e-06,1481,1275,True,1000000.0,False,False,False,False,1.8211356860604033,0.020658980158537132,0.037720878877649494
ARGRSPLLWRFDY,H3-23_A,K3-20,True,50,1,1,1,0.0001820412651139,4.002145149800293e-06,3.836209211505559e-06,7.004468851127019e-06,False,False,False,False,False,False,False,False,False,False,False,False,False,2,2,False,-0.0384615384615382,True,False,True,10.73751983642578,1636.8536,3,0.0001820412651139,7.004468851127019e-06,643,1280,True,1000000.0,False,False,False,False,1.8211356860604033,0.02107213706592724,0.038475255015364425
ARHRIWRYFDY,H3-23_A,K3-20,True,50,1,1,1,0.0001820412651139,4.002145149800293e-06,3.836209211505559e-06,7.004468851127019e-06,False,False,False,False,False,False,False,False,False,False,False,False,False,2,3,False,-0.3818181818181816,True,False,True,9.979042053222656,1582.7647,3,0.0001820412651139,7.004468851127019e-06,783,1282,True,1000000.0,False,False,False,False,1.8211356860604033,0.02107213706592724,0.038475255015364425
ARHSRPLSVRQFDY,H3-23_A,K4-1,True,50,1,1,1,0.0001820412651139,4.002145149800293e-06,3.836209211505559e-06,7.004468851127019e-06,False,False,False,False,False,False,False,False,False,False,False,False,False,2,3,False,1.7071428571428573,True,False,True,10.73751983642578,1731.9116,3,0.0001820412651139,7.004468851127019e-06,801,1283,True,1000000.0,False,False,False,False,1.8211356860604033,0.02107213706592724,0.038475255015364425
ARKWTKSRGYTFDY,H3-23_A,K3-15,True,50,1,1,1,0.0001820412651139,4.002145149800293e-06,3.836209211505559e-06,7.004468851127019e-06,False,False,False,False,False,False,False,False,False,False,False,False,True,3,3,False,2.2500000000000004,False,False,False,9.99322052001953,1778.9631,2,0.0001820412651139,7.004468851127019e-06,931,1285,True,1000000.0,False,False,False,False,1.8211356860604033,0.02107213706592724,0.038475255015364425
ARLRIYTPTWRQHGFDY,H3-23_A,K3-15,True,50,1,1,1,0.0001820412651139,4.002145149800293e-06,3.836209211505559e-06,7.004468851127019e-06,False,False,False,False,False,False,False,False,False,False,False,False,False,2,3,False,0.635294117647059,True,False,True,9.979042053222656,2180.4258,3,0.0001820412651139,7.004468851127019e-06,1001,1286,True,1000000.0,False,False,False,False,1.8211356860604033,0.02107213706592724,0.038475255015364425
ARVLFGVSLGY,H3-23_A,K3-20,True,50,1,1,1,0.0001820412651139,4.002145149800293e-06,3.836209211505559e-06,7.004468851127019e-06,False,False,False,False,False,False,False,False,False,False,False,False,False,1,1,True,-1.1545454545454543,False,False,False,8.792613220214843,1181.383,1,0.0001820412651139,7.004468851127019e-06,1368,1292,True,1000000.0,False,False,False,False,1.8211356860604033,0.02107213706592724,0.038475255015364425
ARYGYRGSRYRGRFDI,H4-34,K3-15,True,50,1,1,1,0.0001820412651139,4.002145149800293e-06,3.836209211505559e-06,7.004468851127019e-06,False,False,False,False,False,False,False,False,False,False,False,False,True,4,4,False,2.1125000000000003,True,False,True,10.878181457519531,1993.1913,5,0.0001820412651139,7.004468851127019e-06,1548,1296,True,1000000.0,False,False,False,False,1.8211356860604033,0.02107213706592724,0.038475255015364425
ARGVRYWRPYTLPFDI,H4-34,K4-1,True,49,1,1,1,0.0001784004398116,4.002145149800293e-06,3.836209211505559e-06,7.004468851127019e-06,False,False,False,False,False,False,False,False,False,False,False,False,False,2,2,False,-0.2562499999999998,True,False,True,9.97897186279297,2010.2996,3,0.0001784004398116,7.004468851127019e-06,683,1307,True,1000000.0,False,False,False,False,1.8211356860604033,0.021502156575347077,0.03926042028999918
ARTRLRVWSWLTFDP,H3-23_A,K1-39,True,49,1,1,1,0.0001784004398116,4.002145149800293e-06,3.836209211505559e-06,7.004468851127019e-06,False,False,False,False,True,False,False,False,False,False,False,False,False,2,2,False,-0.5066666666666665,True,False,True,11.698988342285158,1904.1778,3,0.0001784004398116,7.004468851127019e-06,1281,1314,True,1000000.0,False,False,False,False,1.8211356860604033,0.021502156575347077,0.03926042028999918
ARFHRGIRGRVFDY,H3-23_A,K3-20,True,48,1,1,1,0.0001747596145094,4.002145149800293e-06,3.836209211505559e-06,7.004468851127019e-06,False,False,False,False,False,False,False,False,False,False,False,False,True,3,4,False,0.742857142857143,True,False,True,11.539094543457033,1749.9746999999998,4,0.0001747596145094,7.004468851127019e-06,470,1326,True,1000000.0,False,False,False,False,1.8211356860604033,0.02195009253910798,0.0400782989124822
ARGSRHLIYGTRFDY,H3-23_A,K3-20,True,48,1,1,1,0.0001747596145094,4.002145149800293e-06,3.836209211505559e-06,7.004468851127019e-06,False,False,False,False,False,False,False,False,False,False,False,False,False,2,3,False,1.3133333333333337,True,False,True,9.979042053222656,1811.9962,3,0.0001747596145094,7.004468851127019e-06,664,1328,True,1000000.0,False,False,False,False,1.8211356860604033,0.02195009253910798,0.0400782989124822
ARLWRGRSWYRGFDP,H3-23_A,K3-20,True,48,1,1,1,0.0001747596145094,4.002145149800293e-06,3.836209211505559e-06,7.004468851127019e-06,False,False,False,False,True,False,False,False,False,False,False,False,True,3,3,False,0.5733333333333336,True,False,True,11.539094543457033,1923.1429000000005,4,0.0001747596145094,7.004468851127019e-06,1051,1336,True,1000000.0,False,False,False,False,1.8211356860604033,0.02195009253910798,0.0400782989124822
ARPRPAPRAFDY,H3-23_A,K3-20,True,48,1,1,1,0.0001747596145094,4.002145149800293e-06,3.836209211505559e-06,7.004468851127019e-06,False,False,False,False,False,False,False,False,False,False,False,False,False,2,2,False,2.0083333333333333,True,False,True,10.73751983642578,1416.5861,3,0.0001747596145094,7.004468851127019e-06,1112,1337,True,1000000.0,False,False,False,False,1.8211356860604033,0.02195009253910798,0.0400782989124822
ARSRSRGYRGFDY,H5-51,K3-15,True,48,1,1,1,0.0001747596145094,4.002145149800293e-06,3.836209211505559e-06,7.004468851127019e-06,False,False,False,False,False,False,False,False,False,False,False,False,True,3,3,False,3.1000000000000005,True,False,True,10.83466339111328,1590.7007999999998,4,0.0001747596145094,7.004468851127019e-06,1223,1338,True,1000000.0,False,False,False,False,1.8211356860604033,0.02195009253910798,0.0400782989124822
ARWRVTQTWGYPRGFDY,H3-23_A,K4-1,True,48,1,1,1,0.0001747596145094,4.002145149800293e-06,3.836209211505559e-06,7.004468851127019e-06,False,False,False,False,False,False,False,False,False,False,False,False,False,2,2,False,1.0529411764705885,True,False,True,9.97897186279297,2159.3635,3,0.0001747596145094,7.004468851127019e-06,1511,1340,True,1000000.0,False,False,False,False,1.8211356860604033,0.02195009253910798,0.0400782989124822
ARYRGRQGSGFDY,H3-23_A,K4-1,True,48,1,1,1,0.0001747596145094,4.002145149800293e-06,3.836209211505559e-06,7.004468851127019e-06,False,False,False,False,False,False,False,False,False,False,False,False,False,2,2,False,3.176923076923077,True,False,True,9.97897186279297,1532.6183,3,0.0001747596145094,7.004468851127019e-06,1589,1341,True,1000000.0,False,False,False,False,1.8211356860604033,0.02195009253910798,0.0400782989124822
ARGPRYRYAHVWYGFDP,H1-69,K1-39,True,47,1,1,1,0.0001711187892071,4.002145149800293e-06,3.836209211505559e-06,7.004468851127019e-06,False,False,False,False,True,False,False,False,False,False,False,False,False,2,3,False,0.9352941176470588,True,False,True,9.694560241699218,2111.3222,3,0.0001711187892071,7.004468851127019e-06,563,1347,True,1000000.0,False,False,False,False,1.8211356860604033,0.02241708849387685,0.040930978846874286
ARKRGHSNRHGFDY,H3-23_A,K4-1,True,47,1,1,1,0.0001711187892071,4.002145149800293e-06,3.836209211505559e-06,7.004468851127019e-06,False,False,False,False,False,False,False,False,False,False,False,False,True,3,5,False,3.4571428571428577,True,False,True,10.903660583496094,1700.8180999999995,3,0.0001711187892071,7.004468851127019e-06,909,1349,True,1000000.0,False,False,False,False,1.8211356860604033,0.02241708849387685,0.040930978846874286
ARVSYKRSRYSFDY,H4-34,K3-20,True,47,1,1,1,0.0001711187892071,4.002145149800293e-06,3.836209211505559e-06,7.004468851127019e-06,False,False,False,False,False,False,False,False,False,False,False,False,True,3,3,False,2.2357142857142858,True,False,True,9.989149475097657,1797.9662999999998,3,0.0001711187892071,7.004468851127019e-06,1448,1354,True,1000000.0,False,False,False,False,1.8211356860604033,0.02241708849387685,0.040930978846874286
ARVYRSRSWSYEFDP,H3-23_A,K3-20,True,47,1,1,1,0.0001711187892071,4.002145149800293e-06,3.836209211505559e-06,7.004468851127019e-06,False,False,False,False,True,False,False,False,False,True,False,False,False,1,1,False,1.8266666666666669,True,False,True,8.63159637451172,1919.0599,3,0.0001711187892071,7.004468851127019e-06,1473,1355,True,1000000.0,False,False,False,False,1.8211356860604033,0.02241708849387685,0.040930978846874286
ARDVRYFGRGFDY,H3-23_A,K3-20,True,46,1,1,1,0.0001674779639048,4.002145149800293e-06,3.836209211505559e-06,7.004468851127019e-06,False,False,False,False,False,False,False,False,False,False,False,False,False,1,1,False,1.553846153846154,True,False,False,8.631455993652345,1621.7526999999998,3,0.0001674779639048,7.004468851127019e-06,227,1358,True,1000000.0,False,False,False,False,1.8211356860604033,0.022904387408315838,0.04182072960841743
ARHTVLRPRFDY,H3-23_A,K4-1,True,46,1,1,1,0.0001674779639048,4.002145149800293e-06,3.836209211505559e-06,7.004468851127019e-06,False,False,False,False,False,False,False,False,False,False,False,False,False,2,3,False,0.8416666666666668,True,False,True,10.73751983642578,1530.7316999999998,3,0.0001674779639048,7.004468851127019e-06,810,1363,True,1000000.0,False,False,False,False,1.8211356860604033,0.022904387408315838,0.04182072960841743
ARLALLWSWSFDY,H3-23_A,K3-20,True,46,1,1,1,0.0001674779639048,4.002145149800293e-06,3.836209211505559e-06,7.004468851127019e-06,False,False,False,False,False,False,False,False,False,False,False,False,False,0,0,True,-2.1,False,False,False,5.880318832397459,1627.8384,1,0.0001674779639048,7.004468851127019e-06,936,1364,True,1000000.0,False,False,False,False,1.8211356860604033,0.022904387408315838,0.04182072960841743
ARQDRVYSRFDY,H3-23_A,K3-20,True,46,1,1,1,0.0001674779639048,4.002145149800293e-06,3.836209211505559e-06,7.004468851127019e-06,False,False,False,False,False,False,False,False,False,False,False,False,False,1,1,False,2.5416666666666665,True,False,False,8.631455993652345,1575.6827999999998,3,0.0001674779639048,7.004468851127019e-06,1137,1367,True,1000000.0,False,False,False,False,1.8211356860604033,0.022904387408315838,0.04182072960841743
ARVHYRYLWYDRPYFDI,H3-23_A,K3-20,True,46,1,1,1,0.0001674779639048,4.002145149800293e-06,3.836209211505559e-06,7.004468851127019e-06,False,False,False,False,False,False,False,False,False,False,False,False,False,1,2,False,-0.5176470588235292,True,False,False,8.478440856933595,2333.6023,3,0.0001674779639048,7.004468851127019e-06,1342,1372,True,1000000.0,False,False,False,False,1.8211356860604033,0.022904387408315838,0.04182072960841743
ARVRGRLVAPVHPFDY,H3-23_A,K3-20,True,46,1,1,1,0.0001674779639048,4.002145149800293e-06,3.836209211505559e-06,7.004468851127019e-06,False,False,False,False,False,False,False,False,False,False,False,False,False,2,3,False,0.4625000000000001,True,False,True,10.73751983642578,1853.1342,3,0.0001674779639048,7.004468851127019e-06,1399,1374,True,1000000.0,False,False,False,False,1.8211356860604033,0.022904387408315838,0.04182072960841743
ARVRLSSYARGFDY,H3-23_A,K3-20,True,46,1,1,1,0.0001674779639048,4.002145149800293e-06,3.836209211505559e-06,7.004468851127019e-06,False,False,False,False,False,False,False,False,False,False,False,False,False,2,2,False,1.4,True,False,True,9.97897186279297,1660.8303,3,0.0001674779639048,7.004468851127019e-06,1409,1375,True,1000000.0,False,False,False,False,1.8211356860604033,0.022904387408315838,0.04182072960841743
ARASRLRGSPRFDY,H3-23_A,K3-20,True,45,1,1,1,0.0001638371386025,4.002145149800293e-06,3.836209211505559e-06,7.004468851127019e-06,False,False,False,False,False,False,False,False,False,False,False,False,True,3,3,False,2.2500000000000004,True,False,True,11.539094543457033,1651.8269999999998,4,0.0001638371386025,7.004468851127019e-06,66,1380,True,1000000.0,False,False,False,False,1.8211356860604033,0.023413342730460262,0.042750022434753364
ARGFRSYGHFYY,H4-34,K1-39,True,45,1,1,1,0.0001638371386025,4.002145149800293e-06,3.836209211505559e-06,7.004468851127019e-06,False,False,False,True,False,False,False,False,False,False,False,False,False,2,3,False,0.5333333333333335,False,False,True,9.69764862060547,1523.6509999999998,2,0.0001638371386025,7.004468851127019e-06,514,1384,True,1000000.0,False,False,False,False,1.8211356860604033,0.023413342730460262,0.042750022434753364
ARIWGRWRSSRHFDY,H4-34,K3-20,True,45,1,1,1,0.0001638371386025,4.002145149800293e-06,3.836209211505559e-06,7.004468851127019e-06,False,False,False,False,False,False,False,False,False,False,False,False,True,3,4,False,0.7066666666666668,True,False,True,11.539094543457033,1993.193,4,0.0001638371386025,7.004468851127019e-06,885,1387,True,1000000.0,False,False,False,False,1.8211356860604033,0.023413342730460262,0.042750022434753364
ARIYGWGWYTLFDY,H3-23_A,K3-20,True,45,1,1,1,0.0001638371386025,4.002145149800293e-06,3.836209211505559e-06,7.004468851127019e-06,False,False,False,False,False,False,False,False,False,False,False,False,False,0,0,True,-1.3714285714285712,False,False,False,5.87858085632324,1811.0012,1,0.0001638371386025,7.004468851127019e-06,892,1388,True,1000000.0,False,False,False,False,1.8211356860604033,0.023413342730460262,0.042750022434753364
ARKRYGRGLDY,H3-23_A,K3-20,True,45,1,1,1,0.0001638371386025,4.002145149800293e-06,3.836209211505559e-06,7.004468851127019e-06,False,False,False,False,False,False,False,False,False,False,False,False,True,3,3,False,2.618181818181818,True,False,True,10.267314147949218,1354.5166,3,0.0001638371386025,7.004468851127019e-06,920,1389,True,1000000.0,False,False,False,False,1.8211356860604033,0.023413342730460262,0.042750022434753364
ARKSRGKSYLLYFDP,H3-23_A,K3-15,True,45,1,1,1,0.0001638371386025,4.002145149800293e-06,3.836209211505559e-06,7.004468851127019e-06,False,False,False,False,True,False,False,False,False,False,False,False,True,3,3,False,1.4200000000000004,False,False,False,9.99322052001953,1801.0531,2,0.0001638371386025,7.004468851127019e-06,925,1390,True,1000000.0,False,False,False,False,1.8211356860604033,0.023413342730460262,0.042750022434753364
ARKSYIGWLLFYWGFDY,H3-23_A,K1-39,True,45,1,1,1,0.0001638371386025,4.002145149800293e-06,3.836209211505559e-06,7.004468851127019e-06,False,False,False,True,False,False,False,False,False,False,False,False,False,1,1,True,-1.7999999999999996,False,False,False,8.47317657470703,2185.4783,1,0.0001638371386025,7.004468851127019e-06,926,1391,True,1000000.0,False,False,False,False,1.8211356860604033,0.023413342730460262,0.042750022434753364
ARLLLVRWLGHFDY,H3-23_A,K3-20,True,45,1,1,1,0.0001638371386025,4.002145149800293e-06,3.836209211505559e-06,7.004468851127019e-06,False,False,False,False,False,False,False,False,False,False,False,False,False,1,2,True,-2.378571428571429,False,False,False,8.796192932128907,1759.0609,2,0.0001638371386025,7.004468851127019e-06,976,1393,True,1000000.0,False,False,False,False,1.8211356860604033,0.023413342730460262,0.042750022434753364
ARPARVTQRSVALFDY,H3-23_A,K1-39,True,45,1,1,1,0.0001638371386025,4.002145149800293e-06,3.836209211505559e-06,7.004468851127019e-06,False,False,False,False,False,False,False,False,False,False,False,False,False,2,2,False,1.3125000000000002,True,False,True,10.73751983642578,1850.0857,3,0.0001638371386025,7.004468851127019e-06,1078,1396,True,1000000.0,False,False,False,False,1.8211356860604033,0.023413342730460262,0.042750022434753364
ARPGFGTARGRNYGFDP,H3-23_A,K1-39,True,45,1,1,1,0.0001638371386025,4.002145149800293e-06,3.836209211505559e-06,7.004468851127019e-06,False,False,False,False,True,False,False,False,False,False,False,False,False,2,2,False,2.6882352941176477,True,False,True,10.73751983642578,1838.9785,3,0.0001638371386025,7.004468851127019e-06,1084,1397,True,1000000.0,False,False,False,False,1.8211356860604033,0.023413342730460262,0.042750022434753364
ARQKRSRVYPKGFDI,H3-23_A,K3-20,True,45,1,1,1,0.0001638371386025,4.002145149800293e-06,3.836209211505559e-06,7.004468851127019e-06,False,False,False,False,False,False,False,False,False,False,False,False,True,4,4,False,2.24,True,False,True,11.00031280517578,1821.0909,3,0.0001638371386025,7.004468851127019e-06,1142,1398,True,1000000.0,False,False,False,False,1.8211356860604033,0.023413342730460262,0.042750022434753364
ARSLRSRWRNRLFDI,H3-23_A,K4-1,True,45,1,1,1,0.0001638371386025,4.002145149800293e-06,3.836209211505559e-06,7.004468851127019e-06,False,False,False,False,False,False,False,False,False,False,False,False,True,4,4,False,0.5000000000000002,True,False,True,11.999964904785156,1946.2228,5,0.0001638371386025,7.004468851127019e-06,1198,1401,True,1000000.0,False,False,False,False,1.8211356860604033,0.023413342730460262,0.042750022434753364
ARTGRRAGRSYGRFDI,H3-23_A,K3-20,True,45,1,1,1,0.0001638371386025,4.002145149800293e-06,3.836209211505559e-06,7.004468851127019e-06,False,False,False,False,False,True,True,False,False,False,False,False,True,4,4,False,2.8062500000000004,True,False,True,11.82919158935547,1839.0267,5,0.0001638371386025,7.004468851127019e-06,1258,1403,True,1000000.0,False,False,False,False,1.8211356860604033,0.023413342730460262,0.042750022434753364
ARVPIRRHTYKLWFDP,H3-23_A,K3-20,True,45,1,1,1,0.0001638371386025,4.002145149800293e-06,3.836209211505559e-06,7.004468851127019e-06,False,False,False,False,True,True,True,False,False,False,False,False,True,3,4,False,-0.0062499999999998,True,False,True,10.903660583496094,2055.3867,3,0.0001638371386025,7.004468851127019e-06,1384,1405,True,1000000.0,False,False,False,False,1.8211356860604033,0.023413342730460262,0.042750022434753364
ARVRWASYSRYFDY,H3-23_A,K3-20,True,45,1,1,1,0.0001638371386025,4.002145149800293e-06,3.836209211505559e-06,7.004468851127019e-06,False,False,False,False,False,False,False,False,False,False,False,False,False,2,2,False,0.8,True,False,True,9.694419860839844,1840.0045,3,0.0001638371386025,7.004468851127019e-06,1420,1406,True,1000000.0,False,False,False,False,1.8211356860604033,0.023413342730460262,0.042750022434753364
ARARGAISRGRYGFDP,H3-23_A,K3-15,True,44,1,1,1,0.0001601963133002,4.002145149800293e-06,3.836209211505559e-06,7.004468851127019e-06,False,False,False,False,True,False,False,False,False,False,False,False,True,3,3,False,2.48125,True,False,True,11.539094543457033,1749.9302,4,0.0001601963133002,7.004468851127019e-06,44,1412,True,1000000.0,False,False,False,False,1.8211356860604033,0.023945430941395802,0.043721553207468226
ARGRLGRWPGFDY,H3-23_A,K3-20,True,44,1,1,1,0.0001601963133002,4.002145149800293e-06,3.836209211505559e-06,7.004468851127019e-06,False,False,False,False,False,False,False,False,False,False,False,False,False,2,2,False,1.0461538461538464,True,False,True,10.73751983642578,1550.7213,3,0.0001601963133002,7.004468851127019e-06,635,1419,True,1000000.0,False,False,False,False,1.8211356860604033,0.023945430941395802,0.043721553207468226
ARHGRLLLGWRLRWFDP,H3-23_A,K1-39,True,44,1,1,1,0.0001601963133002,4.002145149800293e-06,3.836209211505559e-06,7.004468851127019e-06,False,False,False,False,True,False,False,False,False,False,False,False,True,3,4,True,-1.264705882352941,True,False,True,11.999964904785156,2149.5045,4,0.0001601963133002,7.004468851127019e-06,724,1422,True,1000000.0,False,False,False,False,1.8211356860604033,0.023945430941395802,0.043721553207468226
ARHRGISVYRFDY,H3-23_A,K4-1,True,44,1,1,1,0.0001601963133002,4.002145149800293e-06,3.836209211505559e-06,7.004468851127019e-06,False,False,False,False,False,False,False,False,False,False,False,False,False,2,3,False,1.1,True,False,True,9.979042053222656,1639.8144,3,0.0001601963133002,7.004468851127019e-06,774,1424,True,1000000.0,False,False,False,False,1.8211356860604033,0.023945430941395802,0.043721553207468226
ARHRGQWRYSFDY,H3-23_A,K3-20,True,44,1,1,1,0.0001601963133002,4.002145149800293e-06,3.836209211505559e-06,7.004468851127019e-06,False,False,False,False,False,False,False,False,False,False,False,False,False,2,3,False,1.6923076923076923,True,False,True,9.979042053222656,1741.8648999999998,3,0.0001601963133002,7.004468851127019e-06,775,1425,True,1000000.0,False,False,False,False,1.8211356860604033,0.023945430941395802,0.043721553207468226
ARLSPFDRGRGRFDY,H3-23_A,K3-20,True,44,1,1,1,0.0001601963133002,4.002145149800293e-06,3.836209211505559e-06,7.004468851127019e-06,False,False,False,False,False,False,False,False,False,False,False,False,False,2,2,False,1.96,True,False,True,10.667610168457031,1812.9843,4,0.0001601963133002,7.004468851127019e-06,1027,1426,True,1000000.0,False,False,False,False,1.8211356860604033,0.023945430941395802,0.043721553207468226
ARSRDVYRFGTLWFDP,H3-23_A,K3-20,True,44,1,1,1,0.0001601963133002,4.002145149800293e-06,3.836209211505559e-06,7.004468851127019e-06,False,False,False,False,True,False,False,False,False,False,False,False,False,1,1,False,0.6875000000000002,True,False,False,8.787910461425781,1986.1921,3,0.0001601963133002,7.004468851127019e-06,1215,1428,True,1000000.0,False,False,False,False,1.8211356860604033,0.023945430941395802,0.043721553207468226
ARTTPFRWRVYWPYFDP,H1-69,K1-39,True,44,1,1,1,0.0001601963133002,4.002145149800293e-06,3.836209211505559e-06,7.004468851127019e-06,False,False,False,False,True,False,False,False,False,False,False,False,False,2,2,False,-0.264705882352941,True,False,True,9.97897186279297,2258.5359,3,0.0001601963133002,7.004468851127019e-06,1295,1430,True,1000000.0,False,False,False,False,1.8211356860604033,0.023945430941395802,0.043721553207468226
ARARGRLGYVYWFDP,H3-23_A,K1-39,True,43,1,1,1,0.000156555487998,4.002145149800293e-06,3.836209211505559e-06,7.004468851127019e-06,False,False,False,True,True,False,False,False,False,False,False,False,False,2,2,False,0.2933333333333335,True,False,True,9.97897186279297,1827.0521,3,0.000156555487998,7.004468851127019e-06,47,1434,True,1000000.0,False,False,False,False,1.8211356860604033,0.024502265860497707,0.04473826857178445
ARDPYRYWRPFDY,H3-23_A,K3-20,True,43,1,1,1,0.000156555487998,4.002145149800293e-06,3.836209211505559e-06,7.004468851127019e-06,False,False,False,False,True,False,False,False,False,False,False,False,False,1,1,False,1.076923076923077,True,False,False,8.538594055175782,1804.9588,3,0.000156555487998,7.004468851127019e-06,159,1436,True,1000000.0,False,False,False,False,1.8211356860604033,0.024502265860497707,0.04473826857178445
ARDRYSRSGIGFDY,H3-23_A,K3-20,True,43,1,1,1,0.000156555487998,4.002145149800293e-06,3.836209211505559e-06,7.004468851127019e-06,False,False,False,False,False,False,False,False,False,False,False,False,False,1,1,False,2.7214285714285715,True,False,False,8.631455993652345,1662.7601,3,0.000156555487998,7.004468851127019e-06,214,1438,True,1000000.0,False,False,False,False,1.8211356860604033,0.024502265860497707,0.04473826857178445
ARGKRSWSREYGFDP,H3-23_A,K3-20,True,43,1,1,1,0.000156555487998,4.002145149800293e-06,3.836209211505559e-06,7.004468851127019e-06,False,False,False,False,True,False,False,False,False,False,False,False,False,2,2,False,2.9066666666666667,True,False,True,9.97897186279297,1811.9533,3,0.000156555487998,7.004468851127019e-06,528,1439,True,1000000.0,False,False,False,False,1.8211356860604033,0.024502265860497707,0.04473826857178445
ARGPYRWRGRFDRAFDI,H3-23_A,K1-39,True,43,1,1,1,0.000156555487998,4.002145149800293e-06,3.836209211505559e-06,7.004468851127019e-06,False,False,False,False,False,False,False,False,False,False,False,False,True,3,3,False,1.2000000000000002,True,False,True,11.417735290527345,2139.3805,5,0.000156555487998,7.004468851127019e-06,611,1441,True,1000000.0,False,False,False,False,1.8211356860604033,0.024502265860497707,0.04473826857178445
ARHRYGRFYGFDY,H3-23_A,K3-15,True,43,1,1,1,0.000156555487998,4.002145149800293e-06,3.836209211505559e-06,7.004468851127019e-06,False,False,False,False,False,False,False,False,False,False,False,False,False,2,3,False,1.0846153846153848,True,False,True,9.694560241699218,1707.8467999999998,3,0.000156555487998,7.004468851127019e-06,796,1450,True,1000000.0,False,False,False,False,1.8211356860604033,0.024502265860497707,0.04473826857178445
ARHSYRGRYRYAFDY,H3-23_A,K3-20,True,43,1,1,1,0.000156555487998,4.002145149800293e-06,3.836209211505559e-06,7.004468851127019e-06,False,False,False,False,False,False,False,False,False,False,False,False,True,3,4,False,1.9,True,False,True,9.985148620605468,1981.1358,4,0.000156555487998,7.004468851127019e-06,808,1452,True,1000000.0,False,False,False,False,1.8211356860604033,0.024502265860497707,0.04473826857178445
ARKYRPSRYFDY,H3-23_A,K1-39,True,43,1,1,1,0.000156555487998,4.002145149800293e-06,3.836209211505559e-06,7.004468851127019e-06,False,False,False,False,False,False,False,False,False,False,False,False,True,3,3,False,2.0083333333333333,True,False,True,9.989149475097657,1621.7958999999998,3,0.000156555487998,7.004468851127019e-06,915,1453,True,1000000.0,False,False,False,False,1.8211356860604033,0.024502265860497707,0.04473826857178445
ARPDRSRIVISRGFDI,H3-23_A,K3-15,True,43,1,1,1,0.000156555487998,4.002145149800293e-06,3.836209211505559e-06,7.004468851127019e-06,False,False,False,False,False,False,False,False,False,False,False,False,False,2,2,False,1.425,True,False,True,11.522950744628908,1858.1095,4,0.000156555487998,7.004468851127019e-06,1082,1454,True,1000000.0,False,False,False,False,1.8211356860604033,0.024502265860497707,0.04473826857178445
ARPRYSIVRQLSTHFDY,H3-23_A,K3-20,True,43,1,1,1,0.000156555487998,4.002145149800293e-06,3.836209211505559e-06,7.004468851127019e-06,False,False,False,False,False,False,False,False,False,False,False,False,False,2,3,False,1.1294117647058826,True,False,True,9.979042053222656,2109.3463,3,0.000156555487998,7.004468851127019e-06,1115,1455,True,1000000.0,False,False,False,False,1.8211356860604033,0.024502265860497707,0.04473826857178445
ARTWRYRHRAGWLFDP,H4-34,K3-15,True,43,1,1,1,0.000156555487998,4.002145149800293e-06,3.836209211505559e-06,7.004468851127019e-06,False,False,False,False,True,False,False,False,False,False,False,False,True,3,4,False,0.3625000000000001,True,False,True,11.539094543457033,2088.3354,4,0.000156555487998,7.004468851127019e-06,1310,1462,True,1000000.0,False,False,False,False,1.8211356860604033,0.024502265860497707,0.04473826857178445
ARVLYGVIYGLYGFDY,H4-34,K3-15,True,43,1,1,1,0.000156555487998,4.002145149800293e-06,3.836209211505559e-06,7.004468851127019e-06,False,False,False,False,False,False,False,False,False,False,False,False,False,0,0,True,-1.0749999999999995,False,False,False,5.877711868286132,1869.1216,1,0.000156555487998,7.004468851127019e-06,1377,1463,True,1000000.0,False,False,False,False,1.8211356860604033,0.024502265860497707,0.04473826857178445
ARYSLPYFLWGSGWFDY,H3-23_A,K1-39,True,43,1,1,1,0.000156555487998,4.002145149800293e-06,3.836209211505559e-06,7.004468851127019e-06,False,False,False,False,False,False,False,False,False,False,False,False,False,0,0,True,-1.1588235294117644,False,False,False,5.87858085632324,2128.3409,1,0.000156555487998,7.004468851127019e-06,1602,1466,True,1000000.0,False,False,False,False,1.8211356860604033,0.024502265860497707,0.04473826857178445
ARDPLFRWRYGYSLFDY,H3-23_A,K3-15,True,42,1,1,1,0.0001529146626957,4.002145149800293e-06,3.836209211505559e-06,7.004468851127019e-06,False,False,False,False,True,False,False,False,False,False,False,False,False,1,1,False,-0.2058823529411762,True,False,False,8.538594055175782,2225.4612,3,0.0001529146626957,7.004468851127019e-06,152,1470,True,1000000.0,False,False,False,False,1.8211356860604033,0.025085614994221773,0.04580339578753881
ARDRGRIRYRLFDY,H3-23_A,K3-20,True,42,1,1,1,0.0001529146626957,4.002145149800293e-06,3.836209211505559e-06,7.004468851127019e-06,False,False,False,False,False,False,False,False,False,False,False,False,True,3,3,False,1.3285714285714287,True,False,True,10.780967712402344,1857.0832,5,0.0001529146626957,7.004468851127019e-06,174,1471,True,1000000.0,False,False,False,False,1.8211356860604033,0.025085614994221773,0.04580339578753881
AREPYRGTYWRGFDY,H4-34,K3-20,True,42,1,1,1,0.0001529146626957,4.002145149800293e-06,3.836209211505559e-06,7.004468851127019e-06,False,False,False,False,False,False,False,False,False,False,False,False,False,1,1,False,1.7533333333333334,True,False,True,8.53866424560547,1937.0767,3,0.0001529146626957,7.004468851127019e-06,355,1473,True,1000000.0,False,False,False,False,1.8211356860604033,0.025085614994221773,0.04580339578753881
ARHGLRVRNGHRFDY,H4-34,K3-20,True,42,1,1,1,0.0001529146626957,4.002145149800293e-06,3.836209211505559e-06,7.004468851127019e-06,False,False,True,False,False,False,False,False,False,False,False,False,True,3,5,False,1.8333333333333333,True,False,True,11.539094543457033,1854.0428,4,0.0001529146626957,7.004468851127019e-06,720,1476,True,1000000.0,False,False,False,False,1.8211356860604033,0.025085614994221773,0.04580339578753881
ARIALRLWRARFDY,H3-23_A,K1-39,True,42,1,1,1,0.0001529146626957,4.002145149800293e-06,3.836209211505559e-06,7.004468851127019e-06,False,False,False,False,False,False,False,False,False,False,False,False,True,3,3,True,-1.0285714285714282,True,False,True,11.539094543457033,1807.1089,4,0.0001529146626957,7.004468851127019e-06,839,1479,True,1000000.0,False,False,False,False,1.8211356860604033,0.025085614994221773,0.04580339578753881
ARPIRKYRVSRGFDY,H3-23_A,K3-15,True,42,1,1,1,0.0001529146626957,4.002145149800293e-06,3.836209211505559e-06,7.004468851127019e-06,False,False,False,False,False,False,False,False,False,False,False,False,True,4,4,False,1.6133333333333335,True,False,True,10.93159637451172,1884.1483000000003,4,0.0001529146626957,7.004468851127019e-06,1096,1483,True,1000000.0,False,False,False,False,1.8211356860604033,0.025085614994221773,0.04580339578753881
ARVRSRGLWNYQFDY,H4-34,K3-20,True,42,1,1,1,0.0001529146626957,4.002145149800293e-06,3.836209211505559e-06,7.004468851127019e-06,False,False,False,False,False,False,False,False,False,False,False,False,False,2,2,False,0.9333333333333336,True,False,True,9.97897186279297,1931.1168,3,0.0001529146626957,7.004468851127019e-06,1417,1488,True,1000000.0,False,False,False,False,1.8211356860604033,0.025085614994221773,0.04580339578753881
ARVYRDWGYRGFDY,H3-23_A,K4-1,True,42,1,1,1,0.0001529146626957,4.002145149800293e-06,3.836209211505559e-06,7.004468851127019e-06,False,False,False,False,False,False,False,False,False,False,False,False,False,1,1,False,1.25,True,False,False,8.538594055175782,1823.962,3,0.0001529146626957,7.004468851127019e-06,1471,1490,True,1000000.0,False,False,False,False,1.8211356860604033,0.025085614994221773,0.04580339578753881
ARYLIFSSLPYFDY,H3-23_A,K1-39,True,42,1,1,1,0.0001529146626957,4.002145149800293e-06,3.836209211505559e-06,7.004468851127019e-06,False,False,False,False,False,False,False,False,False,False,False,False,False,0,0,True,-1.364285714285714,False,False,False,5.87858085632324,1754.9761,1,0.0001529146626957,7.004468851127019e-06,1572,1492,True,1000000.0,False,False,False,False,1.8211356860604033,0.025085614994221773,0.04580339578753881
ARAHRYRLHHFDY,H3-23_A,UNK,True,41,1,1,1,0.0001492738373934,4.002145149800293e-06,3.836209211505559e-06,7.004468851127019e-06,False,False,False,True,False,False,False,False,False,False,False,False,False,2,5,False,0.8384615384615386,True,False,True,9.97918243408203,1741.9113,3,0.0001492738373934,7.004468851127019e-06,18,1493,True,1000000.0,False,False,False,False,1.8211356860604033,0.025697418277078415,0.046920476948006794
ARAPRSLRLDY,H3-23_A,K3-20,True,41,1,1,1,0.0001492738373934,4.002145149800293e-06,3.836209211505559e-06,7.004468851127019e-06,False,False,False,False,False,False,False,False,False,False,False,False,False,2,2,False,1.3727272727272728,True,False,True,10.73751983642578,1317.4965,3,0.0001492738373934,7.004468851127019e-06,32,1494,True,1000000.0,False,False,False,False,1.8211356860604033,0.025697418277078415,0.046920476948006794
ARARSRTYHRHFDY,H4-34,K4-1,True,41,1,1,1,0.0001492738373934,4.002145149800293e-06,3.836209211505559e-06,7.004468851127019e-06,False,False,False,False,False,False,False,False,False,False,False,False,True,3,5,False,2.421428571428572,True,False,True,10.83466339111328,1835.9813,4,0.0001492738373934,7.004468851127019e-06,52,1495,True,1000000.0,False,False,False,False,1.8211356860604033,0.025697418277078415,0.046920476948006794
ARDRLGYRWAFDY,H3-23_A,K3-20,True,41,1,1,1,0.0001492738373934,4.002145149800293e-06,3.836209211505559e-06,7.004468851127019e-06,False,False,False,False,False,False,False,False,False,False,False,False,False,1,1,False,0.7923076923076925,True,False,False,8.631455993652345,1688.842,3,0.0001492738373934,7.004468851127019e-06,186,1499,True,1000000.0,False,False,False,False,1.8211356860604033,0.025697418277078415,0.046920476948006794
ARDRSSRTSRGFDY,H5-51,K3-20,True,41,1,1,1,0.0001492738373934,4.002145149800293e-06,3.836209211505559e-06,7.004468851127019e-06,False,False,False,False,False,False,False,False,False,False,False,False,False,2,2,False,4.1571428571428575,True,False,True,10.667610168457031,1673.7449,4,0.0001492738373934,7.004468851127019e-06,203,1500,True,1000000.0,False,False,False,False,1.8211356860604033,0.025697418277078415,0.046920476948006794
ARGPYRSGVRGYGFDY,H3-23_A,K4-1,True,41,1,1,1,0.0001492738373934,4.002145149800293e-06,3.836209211505559e-06,7.004468851127019e-06,False,False,False,False,False,False,False,False,False,False,False,False,False,2,2,False,2.34375,True,False,True,9.694419860839844,1820.9598,3,0.0001492738373934,7.004468851127019e-06,605,1503,True,1000000.0,False,False,False,False,1.8211356860604033,0.025697418277078415,0.046920476948006794
ARHHGRAFRFDY,H3-23_A,K3-20,True,41,1,1,1,0.0001492738373934,4.002145149800293e-06,3.836209211505559e-06,7.004468851127019e-06,False,False,False,False,False,False,False,False,False,False,False,False,False,2,4,False,1.366666666666667,True,False,True,10.73751983642578,1532.6663,3,0.0001492738373934,7.004468851127019e-06,730,1504,True,1000000.0,False,False,False,False,1.8211356860604033,0.025697418277078415,0.046920476948006794
ARHRGRVKHFDY,H3-23_A,K4-1,True,41,1,1,1,0.0001492738373934,4.002145149800293e-06,3.836209211505559e-06,7.004468851127019e-06,False,False,False,False,False,False,False,False,False,False,False,False,True,3,5,False,2.125,True,False,True,10.903660583496094,1541.7179,3,0.0001492738373934,7.004468851127019e-06,776,1506,True,1000000.0,False,False,False,False,1.8211356860604033,0.025697418277078415,0.046920476948006794
ARIWRPARGSYKGFDP,H3-23_A,K3-20,True,41,1,1,1,0.0001492738373934,4.002145149800293e-06,3.836209211505559e-06,7.004468851127019e-06,False,False,False,False,True,False,False,False,False,False,False,False,True,3,3,False,1.5937500000000002,True,False,True,10.903590393066406,1877.1127,3,0.0001492738373934,7.004468851127019e-06,888,1508,True,1000000.0,False,False,False,False,1.8211356860604033,0.025697418277078415,0.046920476948006794
ARKRYWNYGIRPFDP,H4-34,K3-15,True,41,1,1,1,0.0001492738373934,4.002145149800293e-06,3.836209211505559e-06,7.004468851127019e-06,False,False,False,False,True,False,False,False,False,False,False,False,True,3,3,False,1.086666666666667,True,False,True,10.267314147949218,1939.182,3,0.0001492738373934,7.004468851127019e-06,923,1511,True,1000000.0,False,False,False,False,1.8211356860604033,0.025697418277078415,0.046920476948006794
ARKWQRGKAFDY,H3-23_A,K3-20,True,41,1,1,1,0.0001492738373934,4.002145149800293e-06,3.836209211505559e-06,7.004468851127019e-06,False,False,False,False,False,False,False,False,False,False,False,False,True,3,3,False,2.0500000000000003,False,False,False,10.27826385498047,1525.7119,2,0.0001492738373934,7.004468851127019e-06,929,1512,True,1000000.0,False,False,False,False,1.8211356860604033,0.025697418277078415,0.046920476948006794
ARLRLVPGSRGFDY,H3-23_A,K3-20,True,41,1,1,1,0.0001492738373934,4.002145149800293e-06,3.836209211505559e-06,7.004468851127019e-06,False,False,False,False,False,False,False,False,False,False,False,False,False,2,2,False,0.8214285714285717,True,False,True,10.73751983642578,1606.8259999999998,3,0.0001492738373934,7.004468851127019e-06,1002,1515,True,1000000.0,False,False,False,False,1.8211356860604033,0.025697418277078415,0.046920476948006794
ARTPLWAVYFYGVFDY,H3-23_A,K3-15,True,41,1,1,1,0.0001492738373934,4.002145149800293e-06,3.836209211505559e-06,7.004468851127019e-06,False,False,False,True,False,False,False,False,False,False,False,False,False,0,0,True,-1.2062499999999998,False,False,False,5.87858085632324,1968.2113,1,0.0001492738373934,7.004468851127019e-06,1272,1517,True,1000000.0,False,False,False,False,1.8211356860604033,0.025697418277078415,0.046920476948006794
ARTVHYASRGGNRGFDP,H3-23_A,K3-20,True,41,1,1,1,0.0001492738373934,4.002145149800293e-06,3.836209211505559e-06,7.004468851127019e-06,False,False,False,False,True,False,False,False,False,False,False,False,False,2,3,False,3.0588235294117645,True,False,True,10.73751983642578,1860.9858,3,0.0001492738373934,7.004468851127019e-06,1302,1519,True,1000000.0,False,False,False,False,1.8211356860604033,0.025697418277078415,0.046920476948006794
ARVRGRSRGSKSYGFDP,H3-23_A,UNK,True,41,1,1,1,0.0001492738373934,4.002145149800293e-06,3.836209211505559e-06,7.004468851127019e-06,False,False,False,False,True,False,False,False,False,False,False,False,True,4,4,False,3.4411764705882355,True,False,True,11.553834533691408,1896.0747,4,0.0001492738373934,7.004468851127019e-06,1400,1524,True,1000000.0,False,False,False,False,1.8211356860604033,0.025697418277078415,0.046920476948006794
ARVRWRGRYRNYFDI,H3-23_A,K3-15,True,41,1,1,1,0.0001492738373934,4.002145149800293e-06,3.836209211505559e-06,7.004468851127019e-06,False,False,False,False,False,False,False,False,False,False,False,False,True,4,4,False,0.7400000000000001,True,False,True,11.43549346923828,2028.2817,5,0.0001492738373934,7.004468851127019e-06,1421,1526,True,1000000.0,False,False,False,False,1.8211356860604033,0.025697418277078415,0.046920476948006794
ARVSRGTLTGRFDY,H3-23_A,K3-20,True,41,1,1,1,0.0001492738373934,4.002145149800293e-06,3.836209211505559e-06,7.004468851127019e-06,False,False,False,False,False,False,False,False,False,False,False,False,False,2,2,False,2.071428571428572,True,False,True,10.73751983642578,1598.761,3,0.0001492738373934,7.004468851127019e-06,1439,1527,True,1000000.0,False,False,False,False,1.8211356860604033,0.025697418277078415,0.046920476948006794
ARDPYAYSRWRYFDY,H3-23_A,K4-1,True,40,1,1,1,0.0001456330120911,4.002145149800293e-06,3.836209211505559e-06,7.004468851127019e-06,False,False,False,False,True,False,False,False,False,False,False,False,False,1,1,False,1.24,True,False,False,8.472053527832031,2029.172,3,0.0001456330120911,7.004468851127019e-06,157,1534,True,1000000.0,False,False,False,False,1.8211356860604033,0.02633980962372573,0.04809340833150106
ARDRWRSWPLYIPGFDY,H3-23_A,K1-39,True,40,1,1,1,0.0001456330120911,4.002145149800293e-06,3.836209211505559e-06,7.004468851127019e-06,False,False,False,False,False,False,False,False,False,False,False,False,False,1,1,False,0.0529411764705883,True,False,False,8.631455993652345,2198.4393,3,0.0001456330120911,7.004468851127019e-06,206,1536,True,1000000.0,False,False,False,False,1.8211356860604033,0.02633980962372573,0.04809340833150106
AREPRYWQRYAFDY,H3-23_A,K4-1,True,40,1,1,1,0.0001456330120911,4.002145149800293e-06,3.836209211505559e-06,7.004468851127019e-06,False,False,False,False,False,False,False,False,False,False,False,False,False,1,1,False,1.2714285714285716,True,False,True,8.53866424560547,1921.0773,3,0.0001456330120911,7.004468851127019e-06,352,1539,True,1000000.0,False,False,False,False,1.8211356860604033,0.02633980962372573,0.04809340833150106
ARGPYRASRWSYGFDI,H3-23_A,K3-15,True,40,1,1,1,0.0001456330120911,4.002145149800293e-06,3.836209211505559e-06,7.004468851127019e-06,False,False,False,False,False,False,False,False,False,False,False,False,False,2,2,False,1.39375,True,False,True,9.97897186279297,1902.0757,3,0.0001456330120911,7.004468851127019e-06,595,1543,True,1000000.0,False,False,False,False,1.8211356860604033,0.02633980962372573,0.04809340833150106
ARHLWLGWALGYAFDI,H3-23_A,UNK,True,40,1,1,1,0.0001456330120911,4.002145149800293e-06,3.836209211505559e-06,7.004468851127019e-06,False,False,False,False,False,False,False,False,False,False,False,False,False,0,1,True,-2.04375,False,False,False,6.788309097290039,1889.1612,1,0.0001456330120911,7.004468851127019e-06,753,1546,True,1000000.0,False,False,False,False,1.8211356860604033,0.02633980962372573,0.04809340833150106
ARHWKGRGRFDY,H3-23_A,K3-20,True,40,1,1,1,0.0001456330120911,4.002145149800293e-06,3.836209211505559e-06,7.004468851127019e-06,False,False,False,False,False,False,False,False,False,False,False,False,True,3,4,False,1.9,True,False,True,10.903660583496094,1548.7088,3,0.0001456330120911,7.004468851127019e-06,740,1548,True,1000000.0,False,False,False,False,1.8211356860604033,0.02633980962372573,0.04809340833150106
ARKRYRSAGSYLFDY,H3-23_A,K3-20,True,40,1,1,1,0.0001456330120911,4.002145149800293e-06,3.836209211505559e-06,7.004468851127019e-06,False,False,False,False,False,False,False,False,False,False,False,False,True,3,3,False,1.8066666666666669,True,False,True,9.989149475097657,1853.0448,3,0.0001456330120911,7.004468851127019e-06,921,1551,True,1000000.0,False,False,False,False,1.8211356860604033,0.02633980962372573,0.04809340833150106
ARKYRYRSRGTFDY,H3-23_A,K3-15,True,40,1,1,1,0.0001456330120911,4.002145149800293e-06,3.836209211505559e-06,7.004468851127019e-06,False,False,False,False,False,False,False,False,False,False,False,False,True,4,4,False,2.65,True,False,True,10.420399475097652,1839.0216,4,0.0001456330120911,7.004468851127019e-06,934,1552,True,1000000.0,False,False,False,False,1.8211356860604033,0.02633980962372573,0.04809340833150106
ARLHRSRSYVRSGFDI,H3-23_A,K3-20,True,40,1,1,1,0.0001456330120911,4.002145149800293e-06,3.836209211505559e-06,7.004468851127019e-06,False,False,False,False,False,False,False,False,False,False,False,False,True,3,4,False,1.5125000000000002,True,False,True,11.539094543457033,1920.1391,4,0.0001456330120911,7.004468851127019e-06,960,1553,True,1000000.0,False,False,False,False,1.8211356860604033,0.02633980962372573,0.04809340833150106
ARLLRVRSKVFYWEFDY,H4-34,K1-39,True,40,1,1,1,0.0001456330120911,4.002145149800293e-06,3.836209211505559e-06,7.004468851127019e-06,False,False,False,True,False,False,False,False,False,True,False,False,False,2,2,False,-0.7823529411764705,True,False,True,9.694419860839844,2248.5824,3,0.0001456330120911,7.004468851127019e-06,978,1554,True,1000000.0,False,False,False,False,1.8211356860604033,0.02633980962372573,0.04809340833150106
ARQRGSWIWSSRNWFDP,H3-23_A,K1-39,True,40,1,1,1,0.0001456330120911,4.002145149800293e-06,3.836209211505559e-06,7.004468851127019e-06,False,False,False,False,True,False,False,False,False,False,False,False,False,2,2,False,1.0470588235294118,True,True,True,11.698988342285158,2149.329,3,0.0001456330120911,7.004468851127019e-06,1150,1559,True,1000000.0,False,False,False,False,1.8211356860604033,0.02633980962372573,0.04809340833150106
ARSTKRSYKYGYAFDY,H5-51,K3-15,True,40,1,1,1,0.0001456330120911,4.002145149800293e-06,3.836209211505559e-06,7.004468851127019e-06,False,False,False,False,False,False,False,False,False,False,False,False,True,3,3,False,2.56875,False,False,False,9.698280334472656,1976.1509,2,0.0001456330120911,7.004468851127019e-06,1236,1560,True,1000000.0,False,False,False,False,1.8211356860604033,0.02633980962372573,0.04809340833150106
ARVPILWYFSGLYFDY,H3-23_A,K3-20,True,40,1,1,1,0.0001456330120911,4.002145149800293e-06,3.836209211505559e-06,7.004468851127019e-06,False,False,False,True,False,False,False,False,False,False,False,False,False,0,0,True,-2.1,False,False,False,5.87858085632324,2010.291,1,0.0001456330120911,7.004468851127019e-06,1383,1562,True,1000000.0,False,False,False,False,1.8211356860604033,0.02633980962372573,0.04809340833150106
ARVRSGRVWYLTGFDP,H4-34,K3-20,True,40,1,1,1,0.0001456330120911,4.002145149800293e-06,3.836209211505559e-06,7.004468851127019e-06,False,False,False,False,True,False,False,False,False,False,False,False,False,2,2,False,0.7625000000000002,True,False,True,10.73751983642578,1880.1132,3,0.0001456330120911,7.004468851127019e-06,1414,1563,True,1000000.0,False,False,False,False,1.8211356860604033,0.02633980962372573,0.04809340833150106
ARVRYGYVYRYAFDP,H3-23_A,K3-20,True,40,1,1,1,0.0001456330120911,4.002145149800293e-06,3.836209211505559e-06,7.004468851127019e-06,False,False,False,False,True,False,False,False,False,False,False,False,False,2,2,False,0.6933333333333335,True,False,True,9.52378692626953,1896.1107,3,0.0001456330120911,7.004468851127019e-06,1426,1564,True,1000000.0,False,False,False,False,1.8211356860604033,0.02633980962372573,0.04809340833150106
ARGLRRSYRYPFDY,H3-23_A,K3-20,True,39,1,1,1,0.0001419921867889,4.002145149800293e-06,3.836209211505559e-06,7.004468851127019e-06,False,False,False,False,False,True,True,False,False,False,False,False,True,3,3,False,1.3642857142857143,True,False,True,10.256925964355467,1820.0182,4,0.0001419921867889,7.004468851127019e-06,532,1576,True,1000000.0,False,False,False,False,1.8211356860604033,0.027015141796432014,0.049326485806446344
ARGRARGRTRFDY,H3-23_A,K3-20,True,39,1,1,1,0.0001419921867889,4.002145149800293e-06,3.836209211505559e-06,7.004468851127019e-06,False,False,False,False,False,False,False,False,False,False,False,False,True,4,4,False,3.130769230769231,True,False,True,11.82919158935547,1581.7405,5,0.0001419921867889,7.004468851127019e-06,627,1579,True,1000000.0,False,False,False,False,1.8211356860604033,0.027015141796432014,0.049326485806446344
ARHHRVKYRHSFDY,H3-23_A,K4-1,True,39,1,1,1,0.0001419921867889,4.002145149800293e-06,3.836209211505559e-06,7.004468851127019e-06,False,False,False,False,False,False,False,False,False,False,False,False,True,3,6,False,1.8928571428571428,True,False,True,10.267384338378903,1872.0564,3,0.0001419921867889,7.004468851127019e-06,731,1582,True,1000000.0,False,False,False,False,1.8211356860604033,0.027015141796432014,0.049326485806446344
ARHRFSSYSHLQYRFDY,H1-69,K3-15,True,39,1,1,1,0.0001419921867889,4.002145149800293e-06,3.836209211505559e-06,7.004468851127019e-06,False,False,False,False,False,False,False,False,False,False,False,False,False,2,4,False,1.241176470588235,True,False,True,9.694700622558592,2233.4022,3,0.0001419921867889,7.004468851127019e-06,772,1584,True,1000000.0,False,False,False,False,1.8211356860604033,0.027015141796432014,0.049326485806446344
ARPRGRILYGFDY,H3-23_A,K3-15,True,39,1,1,1,0.0001419921867889,4.002145149800293e-06,3.836209211505559e-06,7.004468851127019e-06,False,False,False,False,False,False,False,False,False,False,False,False,False,2,2,False,0.6153846153846156,True,False,True,9.97897186279297,1583.7909,3,0.0001419921867889,7.004468851127019e-06,1110,1593,True,1000000.0,False,False,False,False,1.8211356860604033,0.027015141796432014,0.049326485806446344
ARQASYRAWYDRLFDY,H1-69,K3-15,True,39,1,1,1,0.0001419921867889,4.002145149800293e-06,3.836209211505559e-06,7.004468851127019e-06,False,False,False,False,False,False,False,False,False,False,False,False,False,1,1,False,1.0812500000000005,True,False,False,8.538594055175782,2081.2483,3,0.0001419921867889,7.004468851127019e-06,1136,1594,True,1000000.0,False,False,False,False,1.8211356860604033,0.027015141796432014,0.049326485806446344
ARQRYVSYLGLYRYFDY,H3-23_A,K1-39,True,39,1,1,1,0.0001419921867889,4.002145149800293e-06,3.836209211505559e-06,7.004468851127019e-06,False,False,False,False,False,False,False,False,False,False,False,False,False,2,2,False,0.123529411764706,True,False,True,9.402076721191406,2233.4815,3,0.0001419921867889,7.004468851127019e-06,1158,1595,True,1000000.0,False,False,False,False,1.8211356860604033,0.027015141796432014,0.049326485806446344
ARSFGTVWYWVFDY,H4-34,K1-39,True,39,1,1,1,0.0001419921867889,4.002145149800293e-06,3.836209211505559e-06,7.004468851127019e-06,False,False,False,True,False,False,False,False,False,False,False,False,False,0,0,True,-1.1357142857142857,False,False,False,5.87944984436035,1796.9745999999998,1,0.0001419921867889,7.004468851127019e-06,1180,1597,True,1000000.0,False,False,False,False,1.8211356860604033,0.027015141796432014,0.049326485806446344
ARSPYRGVRYAFDY,H5-51,K3-20,True,39,1,1,1,0.0001419921867889,4.002145149800293e-06,3.836209211505559e-06,7.004468851127019e-06,False,False,False,False,False,False,False,False,False,False,False,False,False,2,2,False,1.6071428571428572,True,False,True,9.694419860839844,1720.8837999999998,3,0.0001419921867889,7.004468851127019e-06,1211,1599,True,1000000.0,False,False,False,False,1.8211356860604033,0.027015141796432014,0.049326485806446344
ARTVINRSWFYDLFDI,H3-23_A,K1-39,True,39,1,1,1,0.0001419921867889,4.002145149800293e-06,3.836209211505559e-06,7.004468851127019e-06,True,False,False,True,False,False,False,False,False,False,False,False,False,0,0,False,-0.6249999999999998,False,False,False,6.004890823364257,2016.2577,2,0.0001419921867889,7.004468851127019e-06,1304,1601,True,1000000.0,False,False,False,False,1.8211356860604033,0.027015141796432014,0.049326485806446344
ARVIRFIGRFYDYFDI,H3-23_A,K3-15,True,39,1,1,1,0.0001419921867889,4.002145149800293e-06,3.836209211505559e-06,7.004468851127019e-06,False,False,False,False,False,False,False,False,False,False,False,False,False,1,1,True,-1.1687499999999995,True,False,False,8.631455993652345,2051.348,3,0.0001419921867889,7.004468851127019e-06,1350,1605,True,1000000.0,False,False,False,False,1.8211356860604033,0.027015141796432014,0.049326485806446344
ARVQYRLLYRVTQFDP,H4-34,K1-39,True,39,1,1,1,0.0001419921867889,4.002145149800293e-06,3.836209211505559e-06,7.004468851127019e-06,False,False,False,False,True,False,False,False,False,False,False,False,False,2,2,False,0.3250000000000002,True,False,True,9.97897186279297,2025.3126,3,0.0001419921867889,7.004468851127019e-06,1392,1607,True,1000000.0,False,False,False,False,1.8211356860604033,0.027015141796432014,0.049326485806446344
ARVRLAPYWRYFDY,H3-23_A,K4-1,True,39,1,1,1,0.0001419921867889,4.002145149800293e-06,3.836209211505559e-06,7.004468851127019e-06,False,False,False,False,False,False,False,False,False,False,False,False,False,2,2,False,-0.6357142857142856,True,False,True,9.694419860839844,1876.1227,3,0.0001419921867889,7.004468851127019e-06,1406,1608,True,1000000.0,False,False,False,False,1.8211356860604033,0.027015141796432014,0.049326485806446344
ARVSYDYRTRGFDY,H3-23_A,K3-20,True,39,1,1,1,0.0001419921867889,4.002145149800293e-06,3.836209211505559e-06,7.004468851127019e-06,False,False,False,False,False,False,False,False,False,False,False,False,False,1,1,False,2.392857142857143,True,False,False,8.538594055175782,1768.8819999999998,3,0.0001419921867889,7.004468851127019e-06,1446,1609,True,1000000.0,False,False,False,False,1.8211356860604033,0.027015141796432014,0.049326485806446344
ARWHRKGSRLSGFDY,H3-23_A,K4-1,True,39,1,1,1,0.0001419921867889,4.002145149800293e-06,3.836209211505559e-06,7.004468851127019e-06,False,False,False,False,False,False,False,False,False,False,False,False,True,3,4,False,1.7733333333333334,True,False,True,10.903660583496094,1836.021,3,0.0001419921867889,7.004468851127019e-06,1487,1610,True,1000000.0,False,False,False,False,1.8211356860604033,0.027015141796432014,0.049326485806446344
ARAPRWARYVTHFDY,H3-23_A,K3-20,True,38,1,1,1,0.0001383513614866,4.002145149800293e-06,3.836209211505559e-06,7.004468851127019e-06,False,False,False,False,False,False,False,False,False,False,False,False,False,2,3,False,0.7733333333333334,True,False,True,9.979042053222656,1909.1130000000005,3,0.0001383513614866,7.004468851127019e-06,34,1615,True,1000000.0,False,False,False,False,1.8211356860604033,0.027726015198810308,0.05062445740536737
ARDLRWARHGFDI,H3-23_A,K3-20,True,38,1,1,1,0.0001383513614866,4.002145149800293e-06,3.836209211505559e-06,7.004468851127019e-06,False,False,False,False,False,False,False,False,False,False,False,False,False,1,2,False,0.630769230769231,True,False,False,9.56035614013672,1612.7924999999998,3,0.0001383513614866,7.004468851127019e-06,130,1618,True,1000000.0,False,False,False,False,1.8211356860604033,0.027726015198810308,0.05062445740536737
AREASRWSYHRYWGFDY,H3-23_A,K3-15,True,38,1,1,1,0.0001383513614866,4.002145149800293e-06,3.836209211505559e-06,7.004468851127019e-06,False,False,False,False,False,False,False,False,False,False,False,False,False,1,2,False,1.2058823529411764,True,False,True,8.544911193847657,2250.388,3,0.0001383513614866,7.004468851127019e-06,268,1622,True,1000000.0,False,False,False,False,1.8211356860604033,0.027726015198810308,0.05062445740536737
ARGLRHRPARYRYAFDI,H3-23_A,K3-20,True,38,1,1,1,0.0001383513614866,4.002145149800293e-06,3.836209211505559e-06,7.004468851127019e-06,False,False,False,False,False,False,False,False,False,False,False,False,True,4,5,False,1.0000000000000002,True,False,True,11.43549346923828,2118.4061,5,0.0001383513614866,7.004468851127019e-06,531,1627,True,1000000.0,False,False,False,False,1.8211356860604033,0.027726015198810308,0.05062445740536737
ARGPRWYIGYGYRGFDP,H3-23_A,K3-15,True,38,1,1,1,0.0001383513614866,4.002145149800293e-06,3.836209211505559e-06,7.004468851127019e-06,False,False,False,False,True,False,False,False,False,False,False,False,False,2,2,False,1.1058823529411768,True,False,True,9.694419860839844,2031.2342,3,0.0001383513614866,7.004468851127019e-06,562,1628,True,1000000.0,False,False,False,False,1.8211356860604033,0.027726015198810308,0.05062445740536737
ARGRRSRSYVRTFDI,H3-23_A,K3-20,True,38,1,1,1,0.0001383513614866,4.002145149800293e-06,3.836209211505559e-06,7.004468851127019e-06,False,False,False,False,False,True,True,False,False,False,False,False,True,4,4,False,2.28,True,False,True,11.82919158935547,1840.0545,5,0.0001383513614866,7.004468851127019e-06,640,1632,True,1000000.0,False,False,False,False,1.8211356860604033,0.027726015198810308,0.05062445740536737
ARHELKRGRWRAFDI,H3-23_A,UNK,True,38,1,1,1,0.0001383513614866,4.002145149800293e-06,3.836209211505559e-06,7.004468851127019e-06,False,False,False,False,False,False,False,False,False,False,False,False,True,3,4,False,1.06,True,False,True,11.539094543457033,1911.1771,4,0.0001383513614866,7.004468851127019e-06,712,1636,True,1000000.0,False,False,False,False,1.8211356860604033,0.027726015198810308,0.05062445740536737
ARHFIYWPRLAAFDP,H3-23_A,K3-15,True,38,1,1,1,0.0001383513614866,4.002145149800293e-06,3.836209211505559e-06,7.004468851127019e-06,False,False,False,False,True,False,False,False,False,False,False,False,False,1,2,True,-1.1,False,False,False,8.796192932128907,1860.1234,2,0.0001383513614866,7.004468851127019e-06,715,1637,True,1000000.0,False,False,False,False,1.8211356860604033,0.027726015198810308,0.05062445740536737
ARHLGRASGHSRFDY,H3-23_A,K3-15,True,38,1,1,1,0.0001383513614866,4.002145149800293e-06,3.836209211505559e-06,7.004468851127019e-06,False,False,False,False,False,False,False,False,False,False,False,False,False,2,4,False,2.3400000000000003,True,False,True,10.73751983642578,1729.8559999999998,3,0.0001383513614866,7.004468851127019e-06,743,1638,True,1000000.0,False,False,False,False,1.8211356860604033,0.027726015198810308,0.05062445740536737
ARHPPRSRNWAAYGFDI,H3-23_A,K4-1,True,38,1,1,1,0.0001383513614866,4.002145149800293e-06,3.836209211505559e-06,7.004468851127019e-06,False,False,False,False,False,False,False,False,False,False,False,False,False,2,3,False,1.488235294117647,True,False,True,10.73751983642578,2014.2089,3,0.0001383513614866,7.004468851127019e-06,761,1639,True,1000000.0,False,False,False,False,1.8211356860604033,0.027726015198810308,0.05062445740536737
ARIGLRYGSGYRFDY,H3-23_A,K3-15,True,38,1,1,1,0.0001383513614866,4.002145149800293e-06,3.836209211505559e-06,7.004468851127019e-06,False,False,False,False,False,False,False,False,False,False,False,False,False,2,2,False,1.0800000000000003,True,False,True,9.694419860839844,1793.9775,3,0.0001383513614866,7.004468851127019e-06,846,1641,True,1000000.0,False,False,False,False,1.8211356860604033,0.027726015198810308,0.05062445740536737
ARIRYPLSRFDY,H3-23_A,K3-20,True,38,1,1,1,0.0001383513614866,4.002145149800293e-06,3.836209211505559e-06,7.004468851127019e-06,False,False,False,False,False,False,False,False,False,False,False,False,False,2,2,False,0.2583333333333335,True,False,True,9.97897186279297,1556.7656,3,0.0001383513614866,7.004468851127019e-06,878,1642,True,1000000.0,False,False,False,False,1.8211356860604033,0.027726015198810308,0.05062445740536737
ARLFRVLGTAWYFDY,H3-23_A,K3-20,True,38,1,1,1,0.0001383513614866,4.002145149800293e-06,3.836209211505559e-06,7.004468851127019e-06,False,False,False,True,False,False,False,False,False,False,False,False,False,1,1,True,-1.3866666666666665,False,False,False,8.632579040527343,1878.1352,2,0.0001383513614866,7.004468851127019e-06,942,1643,True,1000000.0,False,False,False,False,1.8211356860604033,0.027726015198810308,0.05062445740536737
ARLGPLWSWGFDY,H3-23_A,UNK,True,38,1,1,1,0.0001383513614866,4.002145149800293e-06,3.836209211505559e-06,7.004468851127019e-06,False,False,False,False,False,False,False,False,False,False,False,False,False,0,0,True,-1.015384615384615,False,False,False,5.880318832397459,1567.7433999999998,1,0.0001383513614866,7.004468851127019e-06,946,1644,True,1000000.0,False,False,False,False,1.8211356860604033,0.027726015198810308,0.05062445740536737
ARLPWLYSWQRWFDP,H3-23_A,K3-15,True,38,1,1,1,0.0001383513614866,4.002145149800293e-06,3.836209211505559e-06,7.004468851127019e-06,False,False,False,False,True,False,False,False,False,False,False,False,False,1,1,True,-1.4866666666666666,False,True,False,8.79022674560547,2021.2808,2,0.0001383513614866,7.004468851127019e-06,988,1645,True,1000000.0,False,False,False,False,1.8211356860604033,0.027726015198810308,0.05062445740536737
ARLWGRGWLRSYWAFDI,H3-23_A,K3-20,True,38,1,1,1,0.0001383513614866,4.002145149800293e-06,3.836209211505559e-06,7.004468851127019e-06,False,False,False,False,False,False,False,False,False,False,False,False,False,2,2,True,-1.3411764705882352,True,True,True,10.73751983642578,2153.445,3,0.0001383513614866,7.004468851127019e-06,1048,1646,True,1000000.0,False,False,False,False,1.8211356860604033,0.027726015198810308,0.05062445740536737
ARSIPVRGWRAFDY,H5-51,UNK,True,38,1,1,1,0.0001383513614866,4.002145149800293e-06,3.836209211505559e-06,7.004468851127019e-06,False,False,False,False,False,False,False,False,False,False,False,False,False,2,2,False,0.5928571428571429,True,False,True,10.73751983642578,1693.9048999999998,3,0.0001383513614866,7.004468851127019e-06,1193,1648,True,1000000.0,False,False,False,False,1.8211356860604033,0.027726015198810308,0.05062445740536737
ARARYIISRGFDY,H3-23_A,K3-20,True,37,1,1,1,0.0001347105361843,4.002145149800293e-06,3.836209211505559e-06,7.004468851127019e-06,False,False,False,False,False,False,False,False,False,False,False,False,False,2,2,False,0.7692307692307694,True,False,True,9.97897186279297,1587.7795999999998,3,0.0001347105361843,7.004468851127019e-06,59,1653,True,1000000.0,False,False,False,False,1.8211356860604033,0.02847531133826219,0.051992584423393225
ARGRTRFVRTY,H3-23_A,K3-20,True,37,1,1,1,0.0001347105361843,4.002145149800293e-06,3.836209211505559e-06,7.004468851127019e-06,False,False,False,False,False,False,False,False,False,False,False,False,True,4,4,False,1.8363636363636369,True,False,True,11.999964904785156,1382.5730999999998,4,0.0001347105361843,7.004468851127019e-06,650,1659,True,1000000.0,False,False,False,False,1.8211356860604033,0.02847531133826219,0.051992584423393225
ARGVPRNWQWYRFDY,H1-69,K1-39,True,37,1,1,1,0.0001347105361843,4.002145149800293e-06,3.836209211505559e-06,7.004468851127019e-06,False,False,False,False,False,False,False,False,False,False,False,False,False,2,2,False,0.5866666666666667,True,False,True,9.97897186279297,2014.207,3,0.0001347105361843,7.004468851127019e-06,681,1661,True,1000000.0,False,False,False,False,1.8211356860604033,0.02847531133826219,0.051992584423393225
ARIDRSGRLYWAFDY,H3-23_A,K3-20,True,37,1,1,1,0.0001347105361843,4.002145149800293e-06,3.836209211505559e-06,7.004468851127019e-06,False,False,False,False,False,False,False,False,False,False,False,False,False,1,1,False,0.5866666666666668,True,False,False,8.631455993652345,1889.0769,3,0.0001347105361843,7.004468851127019e-06,842,1664,True,1000000.0,False,False,False,False,1.8211356860604033,0.02847531133826219,0.051992584423393225
ARIFRGRVPRYLRGFDP,H4-34,K3-20,True,37,1,1,1,0.0001347105361843,4.002145149800293e-06,3.836209211505559e-06,7.004468851127019e-06,False,False,False,False,True,False,False,False,False,False,False,False,True,4,4,False,0.4411764705882355,True,False,True,11.82919158935547,2076.4091,5,0.0001347105361843,7.004468851127019e-06,843,1665,True,1000000.0,False,False,False,False,1.8211356860604033,0.02847531133826219,0.051992584423393225
ARIRYRKRGFDY,H3-23_A,K1-39,True,37,1,1,1,0.0001347105361843,4.002145149800293e-06,3.836209211505559e-06,7.004468851127019e-06,False,False,False,False,False,False,False,False,False,False,False,False,True,4,4,False,1.6083333333333334,True,False,True,10.93159637451172,1600.8248,4,0.0001347105361843,7.004468851127019e-06,879,1668,True,1000000.0,False,False,False,False,1.8211356860604033,0.02847531133826219,0.051992584423393225
ARLRTIPSGRFDI,H3-23_A,K3-20,True,37,1,1,1,0.0001347105361843,4.002145149800293e-06,3.836209211505559e-06,7.004468851127019e-06,False,False,False,False,False,False,False,False,False,False,False,False,False,2,2,False,0.753846153846154,True,False,True,11.698988342285158,1501.732,3,0.0001347105361843,7.004468851127019e-06,1013,1670,True,1000000.0,False,False,False,False,1.8211356860604033,0.02847531133826219,0.051992584423393225
ARLVISSALYFYGFDY,H1-69,K1-39,True,37,1,1,1,0.0001347105361843,4.002145149800293e-06,3.836209211505559e-06,7.004468851127019e-06,False,False,False,True,False,False,False,False,False,False,False,False,False,0,0,True,-1.06875,False,False,False,5.87858085632324,1885.1211,1,0.0001347105361843,7.004468851127019e-06,1037,1671,True,1000000.0,False,False,False,False,1.8211356860604033,0.02847531133826219,0.051992584423393225
ARTLWYYSWLYHAFDY,H1-69,K3-15,True,37,1,1,1,0.0001347105361843,4.002145149800293e-06,3.836209211505559e-06,7.004468851127019e-06,False,False,False,True,False,False,False,False,False,False,False,False,False,0,1,True,-1.4374999999999998,False,False,False,6.78493537902832,2155.3663,1,0.0001347105361843,7.004468851127019e-06,1267,1677,True,1000000.0,False,False,False,False,1.8211356860604033,0.02847531133826219,0.051992584423393225
ARVHILYWFHYGFDI,H1-69,K1-39,True,37,1,1,1,0.0001347105361843,4.002145149800293e-06,3.836209211505559e-06,7.004468851127019e-06,False,False,False,True,False,False,False,False,False,False,False,False,False,0,2,True,-2.3266666666666667,False,False,False,6.959295272827148,1937.2039,1,0.0001347105361843,7.004468851127019e-06,1333,1679,True,1000000.0,False,False,False,False,1.8211356860604033,0.02847531133826219,0.051992584423393225
ARVQHRAHSRVNRIFDY,H4-34,UNK,True,37,1,1,1,0.0001347105361843,4.002145149800293e-06,3.836209211505559e-06,7.004468851127019e-06,False,False,False,False,False,False,False,False,False,False,False,False,True,3,5,False,1.6588235294117648,True,False,True,11.539094543457033,2125.3556,4,0.0001347105361843,7.004468851127019e-06,1390,1681,True,1000000.0,False,False,False,False,1.8211356860604033,0.02847531133826219,0.051992584423393225
ARWRYFTGYGLGRWFDP,H1-69,K1-39,True,37,1,1,1,0.0001347105361843,4.002145149800293e-06,3.836209211505559e-06,7.004468851127019e-06,False,False,False,False,True,False,False,False,False,False,False,False,False,2,2,False,-0.1352941176470586,True,False,True,9.97897186279297,2148.3821,3,0.0001347105361843,7.004468851127019e-06,1512,1684,True,1000000.0,False,False,False,False,1.8211356860604033,0.02847531133826219,0.051992584423393225
ARYRAGRYHPFDY,H5-51,K1-39,True,37,1,1,1,0.0001347105361843,4.002145149800293e-06,3.836209211505559e-06,7.004468851127019e-06,False,False,False,False,False,False,False,False,False,False,False,False,False,2,3,False,1.676923076923077,True,False,True,9.694560241699218,1671.8148,3,0.0001347105361843,7.004468851127019e-06,1586,1689,True,1000000.0,False,False,False,False,1.8211356860604033,0.02847531133826219,0.051992584423393225
ARAHTRLSRFDY,H3-23_A,K3-20,True,36,1,1,1,0.000131069710882,4.002145149800293e-06,3.836209211505559e-06,7.004468851127019e-06,False,False,False,False,False,False,False,False,False,False,False,False,False,2,3,False,1.691666666666667,True,False,True,10.73751983642578,1492.6407,3,0.000131069710882,7.004468851127019e-06,19,1691,True,1000000.0,False,False,False,False,1.8211356860604033,0.029266231865272985,0.053436712699439434
ARAKYRGRIRGSFDP,H3-23_A,K3-20,True,36,1,1,1,0.000131069710882,4.002145149800293e-06,3.836209211505559e-06,7.004468851127019e-06,False,False,False,False,True,False,False,False,False,False,False,False,True,4,4,False,2.506666666666667,True,False,True,11.553834533691408,1749.9733,4,0.000131069710882,7.004468851127019e-06,27,1692,True,1000000.0,False,False,False,False,1.8211356860604033,0.029266231865272985,0.053436712699439434
ARARFGRKRYGFDY,H3-23_A,K3-20,True,36,1,1,1,0.000131069710882,4.002145149800293e-06,3.836209211505559e-06,7.004468851127019e-06,False,False,False,False,False,False,False,False,False,False,False,False,True,4,4,False,1.85,True,False,True,10.93159637451172,1762.9702,4,0.000131069710882,7.004468851127019e-06,42,1693,True,1000000.0,False,False,False,False,1.8211356860604033,0.029266231865272985,0.053436712699439434
ARATKRSRVLALHGFDY,H3-23_A,K3-20,True,36,1,1,1,0.000131069710882,4.002145149800293e-06,3.836209211505559e-06,7.004468851127019e-06,False,False,False,False,False,False,False,False,False,False,False,False,True,3,4,False,1.2294117647058824,True,False,True,10.903660583496094,1961.2308,3,0.000131069710882,7.004468851127019e-06,68,1694,True,1000000.0,False,False,False,False,1.8211356860604033,0.029266231865272985,0.053436712699439434
ARAVQRLYGNRFDY,H3-23_A,K3-20,True,36,1,1,1,0.000131069710882,4.002145149800293e-06,3.836209211505559e-06,7.004468851127019e-06,False,False,False,False,False,False,False,False,False,False,False,False,False,2,2,False,1.4,True,False,True,9.97897186279297,1728.9074999999998,3,0.000131069710882,7.004468851127019e-06,72,1695,True,1000000.0,False,False,False,False,1.8211356860604033,0.029266231865272985,0.053436712699439434
ARDRYVRAWRGFDY,H3-23_A,K1-39,True,36,1,1,1,0.000131069710882,4.002145149800293e-06,3.836209211505559e-06,7.004468851127019e-06,False,False,False,False,False,False,False,False,False,False,False,False,False,2,2,False,1.4285714285714286,True,False,True,9.971391296386717,1831.0011,4,0.000131069710882,7.004468851127019e-06,212,1700,True,1000000.0,False,False,False,False,1.8211356860604033,0.029266231865272985,0.053436712699439434
ARELRYRDYRVTQFDP,H3-23_A,K3-20,True,36,1,1,1,0.000131069710882,4.002145149800293e-06,3.836209211505559e-06,7.004468851127019e-06,False,False,False,False,True,False,False,False,False,False,False,False,False,1,1,False,2.13125,True,False,True,8.630473327636718,2085.2819,4,0.000131069710882,7.004468851127019e-06,329,1703,True,1000000.0,False,False,False,False,1.8211356860604033,0.029266231865272985,0.053436712699439434
ARGRVYWRYRYAFDP,H3-23_A,K1-39,True,36,1,1,1,0.000131069710882,4.002145149800293e-06,3.836209211505559e-06,7.004468851127019e-06,False,False,False,False,True,False,False,False,False,False,False,False,True,3,3,False,0.6800000000000002,True,False,True,10.256925964355467,1976.2021,4,0.000131069710882,7.004468851127019e-06,654,1711,True,1000000.0,False,False,False,False,1.8211356860604033,0.029266231865272985,0.053436712699439434
ARHLFYVAGWFQPYFDP,H3-23_A,K1-39,True,36,1,1,1,0.000131069710882,4.002145149800293e-06,3.836209211505559e-06,7.004468851127019e-06,False,False,False,False,True,False,False,False,False,False,False,False,False,0,1,True,-1.052941176470588,False,False,False,6.787184524536133,2114.3607,1,0.000131069710882,7.004468851127019e-06,742,1714,True,1000000.0,False,False,False,False,1.8211356860604033,0.029266231865272985,0.053436712699439434
ARHQSARSVRYGFDP,H3-23_A,K3-20,True,36,1,1,1,0.000131069710882,4.002145149800293e-06,3.836209211505559e-06,7.004468851127019e-06,False,False,False,False,True,False,False,False,False,False,False,False,False,2,3,False,2.7266666666666666,True,False,True,10.73751983642578,1746.8831999999998,3,0.000131069710882,7.004468851127019e-06,768,1715,True,1000000.0,False,False,False,False,1.8211356860604033,0.029266231865272985,0.053436712699439434
ARHRIVWYRSVFDY,H3-23_A,K4-1,True,36,1,1,1,0.000131069710882,4.002145149800293e-06,3.836209211505559e-06,7.004468851127019e-06,False,False,False,False,False,False,False,False,False,False,False,False,False,2,3,False,-0.3642857142857142,True,False,True,9.979042053222656,1868.104,3,0.000131069710882,7.004468851127019e-06,782,1717,True,1000000.0,False,False,False,False,1.8211356860604033,0.029266231865272985,0.053436712699439434
ARKRARYVRSRAFDI,H3-23_A,K3-15,True,36,1,1,1,0.000131069710882,4.002145149800293e-06,3.836209211505559e-06,7.004468851127019e-06,False,False,False,False,False,False,False,False,False,False,False,False,True,5,5,False,1.7800000000000002,True,False,True,11.834385681152344,1865.1501000000003,5,0.000131069710882,7.004468851127019e-06,908,1722,True,1000000.0,False,False,False,False,1.8211356860604033,0.029266231865272985,0.053436712699439434
ARLRRYTPSWGYFDI,H3-23_A,K3-20,True,36,1,1,1,0.000131069710882,4.002145149800293e-06,3.836209211505559e-06,7.004468851127019e-06,False,False,False,False,False,True,True,False,False,False,False,False,False,2,2,False,0.2666666666666668,True,False,True,9.97897186279297,1901.1307,3,0.000131069710882,7.004468851127019e-06,1010,1724,True,1000000.0,False,False,False,False,1.8211356860604033,0.029266231865272985,0.053436712699439434
ARLWAVWAYATFDY,H3-23_A,K3-20,True,36,1,1,1,0.000131069710882,4.002145149800293e-06,3.836209211505559e-06,7.004468851127019e-06,False,False,False,False,False,False,False,False,False,False,False,False,False,0,0,True,-1.2928571428571427,False,False,False,5.87944984436035,1732.9325,1,0.000131069710882,7.004468851127019e-06,1047,1726,True,1000000.0,False,False,False,False,1.8211356860604033,0.029266231865272985,0.053436712699439434
ARPIPVRSYRPPFDY,H3-23_A,K3-20,True,36,1,1,1,0.000131069710882,4.002145149800293e-06,3.836209211505559e-06,7.004468851127019e-06,False,False,False,False,False,False,False,False,False,False,False,False,False,2,2,False,0.9933333333333336,True,False,True,9.97897186279297,1834.0846,3,0.000131069710882,7.004468851127019e-06,1095,1728,True,1000000.0,False,False,False,False,1.8211356860604033,0.029266231865272985,0.053436712699439434
ARSYRTDRAPFDY,H5-51,K3-15,True,36,1,1,1,0.000131069710882,4.002145149800293e-06,3.836209211505559e-06,7.004468851127019e-06,False,False,False,False,False,False,False,False,False,False,False,False,False,1,1,False,2.892307692307692,True,False,False,8.631455993652345,1617.7196,3,0.000131069710882,7.004468851127019e-06,1247,1733,True,1000000.0,False,False,False,False,1.8211356860604033,0.029266231865272985,0.053436712699439434
ARVAWGSRSYRFDY,H3-23_A,UNK,True,36,1,1,1,0.000131069710882,4.002145149800293e-06,3.836209211505559e-06,7.004468851127019e-06,False,False,False,False,False,False,False,False,False,False,False,False,False,2,2,False,1.342857142857143,True,False,True,9.97897186279297,1733.8826,3,0.000131069710882,7.004468851127019e-06,1322,1736,True,1000000.0,False,False,False,False,1.8211356860604033,0.029266231865272985,0.053436712699439434
ARVHRNYWRSYFDY,H5-51,K4-1,True,36,1,1,1,0.000131069710882,4.002145149800293e-06,3.836209211505559e-06,7.004468851127019e-06,False,False,False,False,False,False,False,False,False,False,False,False,False,2,3,False,0.8357142857142857,True,False,True,9.694560241699218,1933.0912,3,0.000131069710882,7.004468851127019e-06,1339,1738,True,1000000.0,False,False,False,False,1.8211356860604033,0.029266231865272985,0.053436712699439434
ARVRGYWRFDY,H4-34,K4-1,True,36,1,1,1,0.000131069710882,4.002145149800293e-06,3.836209211505559e-06,7.004468851127019e-06,False,False,False,False,False,False,False,False,False,False,False,False,False,2,2,False,0.3363636363636365,True,False,True,9.97897186279297,1488.6501,3,0.000131069710882,7.004468851127019e-06,1402,1739,True,1000000.0,False,False,False,False,1.8211356860604033,0.029266231865272985,0.053436712699439434
ARWRGRYRVFDY,H3-23_A,K3-20,True,36,1,1,1,0.000131069710882,4.002145149800293e-06,3.836209211505559e-06,7.004468851127019e-06,False,False,False,False,False,False,False,False,False,False,False,False,True,3,3,False,0.6583333333333335,True,False,True,10.83466339111328,1644.8357999999998,4,0.000131069710882,7.004468851127019e-06,1501,1746,True,1000000.0,False,False,False,False,1.8211356860604033,0.029266231865272985,0.053436712699439434
ARYITRARPKFDY,H4-34,K3-20,True,36,1,1,1,0.000131069710882,4.002145149800293e-06,3.836209211505559e-06,7.004468851127019e-06,False,False,False,False,False,False,False,False,False,False,False,False,True,3,3,False,1.446153846153846,True,False,True,10.267314147949218,1656.8847999999998,3,0.000131069710882,7.004468851127019e-06,1559,1749,True,1000000.0,False,False,False,False,1.8211356860604033,0.029266231865272985,0.053436712699439434
ARARGRLGSRKWNFDY,H4-34,K3-20,True,35,1,1,1,0.0001274288855797,4.002145149800293e-06,3.836209211505559e-06,7.004468851127019e-06,False,False,False,False,False,False,False,False,False,False,False,False,True,4,4,False,1.9562500000000005,True,False,True,11.553834533691408,1953.1706,4,0.0001274288855797,7.004468851127019e-06,46,1751,True,1000000.0,False,False,False,False,1.8211356860604033,0.030102344304528635,0.05496335611587281
ARARRYHSPSYGHFDY,H3-23_A,K3-20,True,35,1,1,1,0.0001274288855797,4.002145149800293e-06,3.836209211505559e-06,7.004468851127019e-06,False,False,False,False,False,True,True,False,False,False,False,False,False,2,4,False,2.3062500000000004,True,False,True,9.694700622558592,1983.1087,3,0.0001274288855797,7.004468851127019e-06,51,1752,True,1000000.0,False,False,False,False,1.8211356860604033,0.030102344304528635,0.05496335611587281
ARDFRSYRGLGFDY,H3-23_A,K3-20,True,35,1,1,1,0.0001274288855797,4.002145149800293e-06,3.836209211505559e-06,7.004468851127019e-06,False,False,False,False,False,False,False,False,False,False,False,False,False,1,1,False,1.5142857142857145,True,False,False,8.631455993652345,1722.8565999999998,3,0.0001274288855797,7.004468851127019e-06,100,1755,True,1000000.0,False,False,False,False,1.8211356860604033,0.030102344304528635,0.05496335611587281
ARDLRYWFRPGTRGFDP,H3-23_A,K1-39,True,35,1,1,1,0.0001274288855797,4.002145149800293e-06,3.836209211505559e-06,7.004468851127019e-06,False,False,False,True,True,False,False,False,False,False,False,False,False,2,2,False,1.1882352941176473,True,False,True,10.667610168457031,2110.336,4,0.0001274288855797,7.004468851127019e-06,134,1758,True,1000000.0,False,False,False,False,1.8211356860604033,0.030102344304528635,0.05496335611587281
ARDLWALWNLFDY,H3-23_A,K3-15,True,35,1,1,1,0.0001274288855797,4.002145149800293e-06,3.836209211505559e-06,7.004468851127019e-06,False,False,False,False,False,False,False,False,False,False,False,False,False,-1,-1,True,-1.7923076923076922,False,False,False,4.207874679565429,1682.8737999999998,1,0.0001274288855797,7.004468851127019e-06,139,1760,True,1000000.0,False,False,False,False,1.8211356860604033,0.030102344304528635,0.05496335611587281
ARDRHRKVRGFDY,H3-23_A,K3-20,True,35,1,1,1,0.0001274288855797,4.002145149800293e-06,3.836209211505559e-06,7.004468851127019e-06,False,False,False,False,False,False,False,False,False,False,False,False,True,3,4,False,2.892307692307692,True,False,True,10.83466339111328,1675.8517,4,0.0001274288855797,7.004468851127019e-06,179,1762,True,1000000.0,False,False,False,False,1.8211356860604033,0.030102344304528635,0.05496335611587281
ARFPRSEYSHRFDY,H3-23_A,K3-20,True,35,1,1,1,0.0001274288855797,4.002145149800293e-06,3.836209211505559e-06,7.004468851127019e-06,False,False,False,False,False,False,False,False,False,False,False,False,False,1,2,False,1.9642857142857144,True,False,True,8.637702941894531,1830.9548,3,0.0001274288855797,7.004468851127019e-06,477,1764,True,1000000.0,False,False,False,False,1.8211356860604033,0.030102344304528635,0.05496335611587281
ARGLYWGYWYTSLFDI,H3-23_A,K3-15,True,35,1,1,1,0.0001274288855797,4.002145149800293e-06,3.836209211505559e-06,7.004468851127019e-06,False,False,False,True,False,False,False,False,False,False,False,False,False,0,0,True,-1.36875,False,False,False,5.87858085632324,2011.2361,1,0.0001274288855797,7.004468851127019e-06,541,1767,True,1000000.0,False,False,False,False,1.8211356860604033,0.030102344304528635,0.05496335611587281
ARGPLRAAYRWGFDY,H3-23_A,K3-15,True,35,1,1,1,0.0001274288855797,4.002145149800293e-06,3.836209211505559e-06,7.004468851127019e-06,False,False,False,False,False,False,False,False,False,False,False,False,False,2,2,False,0.6800000000000002,True,False,True,9.97897186279297,1798.9990000000005,3,0.0001274288855797,7.004468851127019e-06,553,1768,True,1000000.0,False,False,False,False,1.8211356860604033,0.030102344304528635,0.05496335611587281
ARGRRYGIGTPSFDY,H3-23_A,K3-20,True,35,1,1,1,0.0001274288855797,4.002145149800293e-06,3.836209211505559e-06,7.004468851127019e-06,False,False,False,False,False,True,True,False,False,False,False,False,False,2,2,False,2.306666666666666,True,False,True,9.97897186279297,1715.8658,3,0.0001274288855797,7.004468851127019e-06,641,1772,True,1000000.0,False,False,False,False,1.8211356860604033,0.030102344304528635,0.05496335611587281
ARHRYGVSWRGYHFDY,H4-34,K4-1,True,35,1,1,1,0.0001274288855797,4.002145149800293e-06,3.836209211505559e-06,7.004468851127019e-06,False,False,False,True,False,False,False,False,False,False,False,False,False,2,4,False,1.1375000000000002,True,False,True,9.694700622558592,2070.2305,3,0.0001274288855797,7.004468851127019e-06,797,1779,True,1000000.0,False,False,False,False,1.8211356860604033,0.030102344304528635,0.05496335611587281
ARIKAVYWRWAFDY,H3-23_A,K3-15,True,35,1,1,1,0.0001274288855797,4.002145149800293e-06,3.836209211505559e-06,7.004468851127019e-06,False,False,False,False,False,False,False,False,False,False,False,False,False,2,2,True,-1.0214285714285714,False,False,False,9.69757843017578,1845.1087,2,0.0001274288855797,7.004468851127019e-06,858,1781,True,1000000.0,False,False,False,False,1.8211356860604033,0.030102344304528635,0.05496335611587281
ARIWGYPRFAY,H4-34,K3-20,True,35,1,1,1,0.0001274288855797,4.002145149800293e-06,3.836209211505559e-06,7.004468851127019e-06,False,False,False,False,False,False,False,False,False,False,False,False,False,2,2,False,-0.9636363636363634,False,False,True,9.98676300048828,1399.5967,2,0.0001274288855797,7.004468851127019e-06,886,1783,True,1000000.0,False,False,False,False,1.8211356860604033,0.030102344304528635,0.05496335611587281
ARKRPSYHRYFDY,H3-23_A,K3-15,True,35,1,1,1,0.0001274288855797,4.002145149800293e-06,3.836209211505559e-06,7.004468851127019e-06,False,False,False,False,False,False,False,False,False,False,False,False,True,3,4,False,2.015384615384616,True,False,True,9.989149475097657,1758.9352,3,0.0001274288855797,7.004468851127019e-06,915,1785,True,1000000.0,False,False,False,False,1.8211356860604033,0.030102344304528635,0.05496335611587281
ARLRPSHSPRHLFDY,H5-51,K3-15,True,35,1,1,1,0.0001274288855797,4.002145149800293e-06,3.836209211505559e-06,7.004468851127019e-06,False,False,False,False,False,False,False,False,False,False,False,False,False,2,4,False,1.106666666666667,True,False,True,10.73751983642578,1852.0635,3,0.0001274288855797,7.004468851127019e-06,1007,1788,True,1000000.0,False,False,False,False,1.8211356860604033,0.030102344304528635,0.05496335611587281
ARLRPYRNWLFDY,H3-23_A,K3-15,True,35,1,1,1,0.0001274288855797,4.002145149800293e-06,3.836209211505559e-06,7.004468851127019e-06,False,False,False,False,False,False,False,False,False,False,False,False,False,2,2,False,-0.5846153846153844,True,False,True,9.97897186279297,1770.0007999999998,3,0.0001274288855797,7.004468851127019e-06,1008,1789,True,1000000.0,False,False,False,False,1.8211356860604033,0.030102344304528635,0.05496335611587281
ARQRARTYRYRHLAFDY,H3-23_A,K3-20,True,35,1,1,1,0.0001274288855797,4.002145149800293e-06,3.836209211505559e-06,7.004468851127019e-06,False,False,False,False,False,False,False,False,False,False,False,False,True,4,5,False,1.558823529411765,True,False,True,10.87825164794922,2243.4883,5,0.0001274288855797,7.004468851127019e-06,1147,1791,True,1000000.0,False,False,False,False,1.8211356860604033,0.030102344304528635,0.05496335611587281
ARSPGARYRPGFDY,H3-23_A,K3-20,True,35,1,1,1,0.0001274288855797,4.002145149800293e-06,3.836209211505559e-06,7.004468851127019e-06,False,False,False,False,False,False,False,False,False,False,False,False,False,2,2,False,2.5642857142857145,True,False,True,9.97897186279297,1612.7460999999998,3,0.0001274288855797,7.004468851127019e-06,1201,1793,True,1000000.0,False,False,False,False,1.8211356860604033,0.030102344304528635,0.05496335611587281
ARSRARSYIWGFDY,H3-23_A,K3-20,True,35,1,1,1,0.0001274288855797,4.002145149800293e-06,3.836209211505559e-06,7.004468851127019e-06,False,False,False,False,False,False,False,False,False,False,False,False,False,2,2,False,1.0357142857142858,True,False,True,9.97897186279297,1747.9091999999998,3,0.0001274288855797,7.004468851127019e-06,1214,1795,True,1000000.0,False,False,False,False,1.8211356860604033,0.030102344304528635,0.05496335611587281
ARVAAVWGRIRWFDP,H3-23_A,K3-20,True,35,1,1,1,0.0001274288855797,4.002145149800293e-06,3.836209211505559e-06,7.004468851127019e-06,False,False,False,False,True,False,False,False,False,False,False,False,False,2,2,False,-0.5266666666666666,True,False,True,11.698988342285158,1800.0732000000005,3,0.0001274288855797,7.004468851127019e-06,1317,1799,True,1000000.0,False,False,False,False,1.8211356860604033,0.030102344304528635,0.05496335611587281
ARVWPYRGTRSGFDY,H3-23_A,K3-20,True,35,1,1,1,0.0001274288855797,4.002145149800293e-06,3.836209211505559e-06,7.004468851127019e-06,False,False,False,False,False,False,False,False,False,False,False,False,False,2,2,False,1.5466666666666669,True,False,True,9.97897186279297,1830.9978,3,0.0001274288855797,7.004468851127019e-06,1461,1802,True,1000000.0,False,False,False,False,1.8211356860604033,0.030102344304528635,0.05496335611587281
ARYGRYARSGRAFDI,H3-23_A,K3-20,True,35,1,1,1,0.0001274288855797,4.002145149800293e-06,3.836209211505559e-06,7.004468851127019e-06,False,False,False,False,False,False,False,False,False,False,False,False,True,3,3,False,2.0000000000000004,True,False,True,10.83466339111328,1758.9369000000002,4,0.0001274288855797,7.004468851127019e-06,1540,1804,True,1000000.0,False,False,False,False,1.8211356860604033,0.030102344304528635,0.05496335611587281
ARAGYRTYRGRGFDY,H3-23_A,K3-20,True,34,1,1,1,0.0001237880602775,4.002145149800293e-06,3.836209211505559e-06,7.004468851127019e-06,False,False,False,False,False,False,False,False,False,False,False,False,True,3,3,False,2.5600000000000005,True,False,True,10.256925964355467,1808.9525,4,0.0001237880602775,7.004468851127019e-06,16,1806,True,1000000.0,False,False,False,False,1.8211356860604033,0.030987635855573906,0.05657979483221406
ARERVQIVQWYPRGFDI,H3-23_A,K3-20,True,34,1,1,1,0.0001237880602775,4.002145149800293e-06,3.836209211505559e-06,7.004468851127019e-06,False,False,False,False,False,False,False,False,False,False,False,False,False,1,1,False,0.4588235294117647,True,False,True,8.788050842285156,2133.4107,3,0.0001237880602775,7.004468851127019e-06,419,1814,True,1000000.0,False,False,False,False,1.8211356860604033,0.030987635855573906,0.05657979483221406
ARERYRILRSWYNVFDY,H3-23_A,K4-1,True,34,1,1,1,0.0001237880602775,4.002145149800293e-06,3.836209211505559e-06,7.004468851127019e-06,False,False,False,False,False,False,False,False,False,False,False,False,False,2,2,False,0.2588235294117648,True,False,True,9.691331481933592,2307.5668,4,0.0001237880602775,7.004468851127019e-06,422,1815,True,1000000.0,False,False,False,False,1.8211356860604033,0.030987635855573906,0.05657979483221406
ARGRSRSVSPYPFDP,H5-51,UNK,True,34,1,1,1,0.0001237880602775,4.002145149800293e-06,3.836209211505559e-06,7.004468851127019e-06,False,False,False,False,True,False,False,False,False,False,False,False,False,2,2,False,2.76,True,False,True,10.73751983642578,1691.8445000000002,3,0.0001237880602775,7.004468851127019e-06,644,1823,True,1000000.0,False,False,False,False,1.8211356860604033,0.030987635855573906,0.05657979483221406
ARGRYVTRSLYGFDY,H1-69,K3-15,True,34,1,1,1,0.0001237880602775,4.002145149800293e-06,3.836209211505559e-06,7.004468851127019e-06,False,False,False,False,False,False,False,False,False,False,False,False,False,2,2,False,1.3333333333333337,True,False,True,9.694419860839844,1824.0035000000005,3,0.0001237880602775,7.004468851127019e-06,660,1824,True,1000000.0,False,False,False,False,1.8211356860604033,0.030987635855573906,0.05657979483221406
ARHRLHAILPWAFDY,H3-23_A,K3-20,True,34,1,1,1,0.0001237880602775,4.002145149800293e-06,3.836209211505559e-06,7.004468851127019e-06,False,False,False,False,False,False,False,False,False,False,False,False,False,1,3,True,-1.1,False,False,False,8.801948547363281,1866.1313,2,0.0001237880602775,7.004468851127019e-06,784,1827,True,1000000.0,False,False,False,False,1.8211356860604033,0.030987635855573906,0.05657979483221406
ARHRVSRTRNRFDY,H4-34,K3-15,True,34,1,1,1,0.0001237880602775,4.002145149800293e-06,3.836209211505559e-06,7.004468851127019e-06,False,False,False,False,False,False,False,False,False,False,False,False,True,4,5,False,2.792857142857143,True,False,True,11.82919158935547,1834.0102,5,0.0001237880602775,7.004468851127019e-06,794,1828,True,1000000.0,False,False,False,False,1.8211356860604033,0.030987635855573906,0.05657979483221406
ARLRYRTAVASGFDY,H3-23_A,K3-20,True,34,1,1,1,0.0001237880602775,4.002145149800293e-06,3.836209211505559e-06,7.004468851127019e-06,False,False,False,False,False,False,False,False,False,False,False,False,False,2,2,False,1.36,True,False,True,9.97897186279297,1745.9348,3,0.0001237880602775,7.004468851127019e-06,1022,1833,True,1000000.0,False,False,False,False,1.8211356860604033,0.030987635855573906,0.05657979483221406
ARLVRLGVRSYFDY,H3-23_A,K3-20,True,34,1,1,1,0.0001237880602775,4.002145149800293e-06,3.836209211505559e-06,7.004468851127019e-06,False,False,False,False,False,False,False,False,False,False,False,False,False,2,2,False,-0.1357142857142855,True,False,True,9.97897186279297,1714.9636999999998,3,0.0001237880602775,7.004468851127019e-06,1039,1834,True,1000000.0,False,False,False,False,1.8211356860604033,0.030987635855573906,0.05657979483221406
ARSRSRYKYNFDY,H5-51,K3-15,True,34,1,1,1,0.0001237880602775,4.002145149800293e-06,3.836209211505559e-06,7.004468851127019e-06,False,False,False,False,False,False,False,False,False,False,False,False,True,3,3,False,2.730769230769231,True,False,True,9.989149475097657,1725.8606,3,0.0001237880602775,7.004468851127019e-06,1225,1838,True,1000000.0,False,False,False,False,1.8211356860604033,0.030987635855573906,0.05657979483221406
ARYNLRTRAAYVFDY,H3-23_A,K1-39,True,34,1,1,1,0.0001237880602775,4.002145149800293e-06,3.836209211505559e-06,7.004468851127019e-06,False,False,False,False,False,False,False,False,False,False,False,False,False,2,2,False,0.8866666666666668,True,False,True,9.694419860839844,1879.082,3,0.0001237880602775,7.004468851127019e-06,1578,1845,True,1000000.0,False,False,False,False,1.8211356860604033,0.030987635855573906,0.05657979483221406
ARYRKRARSRYGTFDY,H3-23_A,K4-1,True,34,1,1,1,0.0001237880602775,4.002145149800293e-06,3.836209211505559e-06,7.004468851127019e-06,False,False,False,False,False,False,False,False,False,False,False,False,True,5,5,False,2.7125000000000004,True,False,True,10.94696807861328,2066.2852000000003,5,0.0001237880602775,7.004468851127019e-06,1592,1847,True,1000000.0,False,False,False,False,1.8211356860604033,0.030987635855573906,0.05657979483221406
ARYRSYGRFDY,H5-51,K3-15,True,34,1,1,1,0.0001237880602775,4.002145149800293e-06,3.836209211505559e-06,7.004468851127019e-06,False,False,False,False,False,False,False,False,False,False,False,False,False,2,2,False,2.0,True,False,True,9.694419860839844,1453.5597,3,0.0001237880602775,7.004468851127019e-06,1596,1848,True,1000000.0,False,False,False,False,1.8211356860604033,0.030987635855573906,0.05657979483221406
ARDAVYWIGLLYPFDY,H3-23_A,K3-20,True,33,1,1,1,0.0001201472349752,4.002145149800293e-06,3.836209211505559e-06,7.004468851127019e-06,False,False,False,False,False,False,False,False,False,False,False,False,False,-1,-1,True,-1.1749999999999998,False,False,False,4.207874679565429,1962.2052,1,0.0001201472349752,7.004468851127019e-06,89,1851,True,1000000.0,False,False,False,False,1.8211356860604033,0.03192657697472265,0.058294191378261286
ARERYGYSFYRPYWFDP,H3-23_A,K1-39,True,33,1,1,1,0.0001201472349752,4.002145149800293e-06,3.836209211505559e-06,7.004468851127019e-06,False,False,False,True,True,False,False,False,False,False,False,False,False,1,1,False,0.7588235294117648,True,False,True,8.47212371826172,2273.461,3,0.0001201472349752,7.004468851127019e-06,421,1859,True,1000000.0,False,False,False,False,1.8211356860604033,0.03192657697472265,0.058294191378261286
ARFPYVWLYWRYFDY,H4-34,K3-20,True,33,1,1,1,0.0001201472349752,4.002145149800293e-06,3.836209211505559e-06,7.004468851127019e-06,False,False,False,False,False,False,False,False,False,False,False,False,False,1,1,True,-2.42,False,False,False,8.472544860839843,2145.416,2,0.0001201472349752,7.004468851127019e-06,479,1860,True,1000000.0,False,False,False,False,1.8211356860604033,0.03192657697472265,0.058294191378261286
ARGPLWLHYWYPAFDP,H4-34,K3-20,True,33,1,1,1,0.0001201472349752,4.002145149800293e-06,3.836209211505559e-06,7.004468851127019e-06,False,False,False,True,True,False,False,False,False,False,False,False,False,0,1,True,-1.18125,False,False,False,6.787184524536133,1989.2356,1,0.0001201472349752,7.004468851127019e-06,554,1862,True,1000000.0,False,False,False,False,1.8211356860604033,0.03192657697472265,0.058294191378261286
ARGPRYVSYGRVYWFDP,H3-23_A,K3-15,True,33,1,1,1,0.0001201472349752,4.002145149800293e-06,3.836209211505559e-06,7.004468851127019e-06,False,False,False,True,True,False,False,False,False,False,False,False,False,2,2,False,0.8529411764705883,True,False,True,9.694419860839844,2089.3133000000003,3,0.0001201472349752,7.004468851127019e-06,564,1864,True,1000000.0,False,False,False,False,1.8211356860604033,0.03192657697472265,0.058294191378261286
ARGPYWQRGTPRYGFDI,H3-23_A,K3-15,True,33,1,1,1,0.0001201472349752,4.002145149800293e-06,3.836209211505559e-06,7.004468851127019e-06,False,False,False,False,False,False,False,False,False,False,False,False,False,2,2,False,1.5411764705882354,True,False,True,9.97897186279297,2040.2428,3,0.0001201472349752,7.004468851127019e-06,624,1866,True,1000000.0,False,False,False,False,1.8211356860604033,0.03192657697472265,0.058294191378261286
ARGRGFRAFDY,H3-23_A,K4-1,True,33,1,1,1,0.0001201472349752,4.002145149800293e-06,3.836209211505559e-06,7.004468851127019e-06,False,False,False,False,False,False,False,False,False,False,False,False,False,2,2,False,1.6272727272727274,True,False,True,10.73751983642578,1315.439,3,0.0001201472349752,7.004468851127019e-06,630,1867,True,1000000.0,False,False,False,False,1.8211356860604033,0.03192657697472265,0.058294191378261286
ARHGRYWYSRLKLAFDI,H3-23_A,K4-1,True,33,1,1,1,0.0001201472349752,4.002145149800293e-06,3.836209211505559e-06,7.004468851127019e-06,False,False,False,True,False,False,False,False,False,False,False,False,True,3,4,False,-0.152941176470588,True,False,True,10.267314147949218,2152.4587,3,0.0001201472349752,7.004468851127019e-06,726,1869,True,1000000.0,False,False,False,False,1.8211356860604033,0.03192657697472265,0.058294191378261286
ARIRWISLYSFDY,H3-23_A,K3-20,True,33,1,1,1,0.0001201472349752,4.002145149800293e-06,3.836209211505559e-06,7.004468851127019e-06,False,False,False,False,False,False,False,False,False,False,False,False,False,1,1,True,-1.1307692307692303,False,False,False,8.632579040527343,1689.9095,2,0.0001201472349752,7.004468851127019e-06,875,1877,True,1000000.0,False,False,False,False,1.8211356860604033,0.03192657697472265,0.058294191378261286
ARLWYRTYHGSGRGFDI,H3-23_A,K3-15,True,33,1,1,1,0.0001201472349752,4.002145149800293e-06,3.836209211505559e-06,7.004468851127019e-06,False,False,False,False,False,False,False,False,False,False,False,False,False,2,3,False,0.9058823529411766,True,False,True,9.979042053222656,2055.2574,3,0.0001201472349752,7.004468851127019e-06,1055,1882,True,1000000.0,False,False,False,False,1.8211356860604033,0.03192657697472265,0.058294191378261286
ARPNFSGSSFDY,H3-23_A,UNK,True,33,1,1,1,0.0001201472349752,4.002145149800293e-06,3.836209211505559e-06,7.004468851127019e-06,True,False,False,False,False,False,False,False,False,False,False,False,False,0,0,False,2.525,False,False,False,5.880318832397459,1347.3881,1,0.0001201472349752,7.004468851127019e-06,1101,1883,True,1000000.0,False,False,False,False,1.8211356860604033,0.03192657697472265,0.058294191378261286
ARPRGRGRYRYGFDY,H3-23_A,K3-15,True,33,1,1,1,0.0001201472349752,4.002145149800293e-06,3.836209211505559e-06,7.004468851127019e-06,False,False,False,False,False,False,False,False,False,False,False,False,True,4,4,False,2.4933333333333336,True,False,True,10.878181457519531,1890.0716,5,0.0001201472349752,7.004468851127019e-06,1109,1884,True,1000000.0,False,False,False,False,1.8211356860604033,0.03192657697472265,0.058294191378261286
ARPRYVRSAGFDY,H3-23_A,K1-39,True,33,1,1,1,0.0001201472349752,4.002145149800293e-06,3.836209211505559e-06,7.004468851127019e-06,False,False,False,False,False,False,False,False,False,False,False,False,False,2,2,False,1.8769230769230767,True,False,True,9.97897186279297,1557.7106,3,0.0001201472349752,7.004468851127019e-06,1116,1885,True,1000000.0,False,False,False,False,1.8211356860604033,0.03192657697472265,0.058294191378261286
ARQRGRYGPLHGFDI,H3-23_A,K4-1,True,33,1,1,1,0.0001201472349752,4.002145149800293e-06,3.836209211505559e-06,7.004468851127019e-06,False,False,False,False,False,False,False,False,False,False,False,False,False,2,3,False,1.5800000000000003,True,False,True,10.73751983642578,1742.9375,3,0.0001201472349752,7.004468851127019e-06,1149,1887,True,1000000.0,False,False,False,False,1.8211356860604033,0.03192657697472265,0.058294191378261286
ARQWGVYKLLLYGFDI,H3-23_A,K3-15,True,33,1,1,1,0.0001201472349752,4.002145149800293e-06,3.836209211505559e-06,7.004468851127019e-06,False,False,False,False,False,False,False,False,False,False,False,False,False,1,1,True,-1.4312499999999997,False,False,False,8.54006805419922,1942.2619,1,0.0001201472349752,7.004468851127019e-06,1165,1888,True,1000000.0,False,False,False,False,1.8211356860604033,0.03192657697472265,0.058294191378261286
ARSAYWGIVWVFDY,H3-23_A,K3-15,True,33,1,1,1,0.0001201472349752,4.002145149800293e-06,3.836209211505559e-06,7.004468851127019e-06,False,False,False,False,False,False,False,False,False,False,False,False,False,0,0,True,-1.2714285714285711,False,False,False,5.87944984436035,1732.9324,1,0.0001201472349752,7.004468851127019e-06,1177,1889,True,1000000.0,False,False,False,False,1.8211356860604033,0.03192657697472265,0.058294191378261286
ARVRGYHGRGSYLRFDP,H3-23_A,K3-20,True,33,1,1,1,0.0001201472349752,4.002145149800293e-06,3.836209211505559e-06,7.004468851127019e-06,False,False,False,False,True,False,False,False,False,False,False,False,True,3,4,False,1.8117647058823527,True,False,True,10.83466339111328,2007.2179,4,0.0001201472349752,7.004468851127019e-06,1401,1896,True,1000000.0,False,False,False,False,1.8211356860604033,0.03192657697472265,0.058294191378261286
ARDLWLNPYGLWYFDY,H3-23_A,K3-15,True,32,1,1,1,0.0001165064096729,4.002145149800293e-06,3.836209211505559e-06,7.004468851127019e-06,False,False,False,True,False,False,False,False,False,False,False,False,False,-1,-1,True,-1.3374999999999997,False,False,False,4.207874679565429,2092.3088,1,0.0001165064096729,7.004468851127019e-06,140,1909,True,1000000.0,False,False,False,False,1.8211356860604033,0.032924196877290195,0.060115728512326064
AREIRWRWLHGFDY,H3-23_A,K3-15,True,32,1,1,1,0.0001165064096729,4.002145149800293e-06,3.836209211505559e-06,7.004468851127019e-06,False,False,False,False,False,False,False,False,False,False,False,False,False,1,2,False,-0.5714285714285713,True,False,True,8.793946838378904,1905.1243,3,0.0001165064096729,7.004468851127019e-06,325,1912,True,1000000.0,False,False,False,False,1.8211356860604033,0.032924196877290195,0.060115728512326064
ARGRGHWYSRLYRWFDP,H3-23_A,K3-15,True,32,1,1,1,0.0001165064096729,4.002145149800293e-06,3.836209211505559e-06,7.004468851127019e-06,False,False,False,True,True,False,False,False,False,False,False,False,True,3,4,False,0.5176470588235296,True,False,True,10.83466339111328,2223.4554,4,0.0001165064096729,7.004468851127019e-06,631,1920,True,1000000.0,False,False,False,False,1.8211356860604033,0.032924196877290195,0.060115728512326064
ARHGKRVRSRSGYGFDY,H3-23_A,K4-1,True,32,1,1,1,0.0001165064096729,4.002145149800293e-06,3.836209211505559e-06,7.004468851127019e-06,False,False,False,False,False,False,False,False,False,False,False,False,True,4,5,False,2.947058823529412,True,False,True,10.93159637451172,2012.1947,4,0.0001165064096729,7.004468851127019e-06,718,1921,True,1000000.0,False,False,False,False,1.8211356860604033,0.032924196877290195,0.060115728512326064
ARHKWRGRGRFDY,H3-23_A,K1-39,True,32,1,1,1,0.0001165064096729,4.002145149800293e-06,3.836209211505559e-06,7.004468851127019e-06,False,False,False,False,False,False,False,False,False,False,False,False,True,4,5,False,2.076923076923077,True,False,True,11.553834533691408,1704.8945,4,0.0001165064096729,7.004468851127019e-06,740,1922,True,1000000.0,False,False,False,False,1.8211356860604033,0.032924196877290195,0.060115728512326064
ARHRGRGRFDY,H5-51,K3-15,True,32,1,1,1,0.0001165064096729,4.002145149800293e-06,3.836209211505559e-06,7.004468851127019e-06,False,False,False,False,False,False,False,False,False,False,False,False,True,3,4,False,2.8454545454545457,True,False,True,11.539094543457033,1390.5123,4,0.0001165064096729,7.004468851127019e-06,470,1923,True,1000000.0,False,False,False,False,1.8211356860604033,0.032924196877290195,0.060115728512326064
ARHRHTYRHSSYWFDP,H3-23_A,K4-1,True,32,1,1,1,0.0001165064096729,4.002145149800293e-06,3.836209211505559e-06,7.004468851127019e-06,False,False,False,True,True,False,False,False,False,False,False,False,False,2,5,False,1.76875,True,False,True,9.97918243408203,2116.2594,3,0.0001165064096729,7.004468851127019e-06,780,1924,True,1000000.0,False,False,False,False,1.8211356860604033,0.032924196877290195,0.060115728512326064
ARHVYRYRGFDY,H3-23_A,K4-1,True,32,1,1,1,0.0001165064096729,4.002145149800293e-06,3.836209211505559e-06,7.004468851127019e-06,False,False,False,False,False,False,False,False,False,False,False,False,False,2,3,False,1.1583333333333334,True,False,True,9.694560241699218,1602.7527,3,0.0001165064096729,7.004468851127019e-06,812,1925,True,1000000.0,False,False,False,False,1.8211356860604033,0.032924196877290195,0.060115728512326064
ARKRIRSYTFDY,H3-23_A,K3-20,True,32,1,1,1,0.0001165064096729,4.002145149800293e-06,3.836209211505559e-06,7.004468851127019e-06,False,False,False,False,False,False,False,False,False,False,False,False,True,3,3,False,1.7583333333333335,True,False,True,10.267314147949218,1575.769,3,0.0001165064096729,7.004468851127019e-06,912,1929,True,1000000.0,False,False,False,False,1.8211356860604033,0.032924196877290195,0.060115728512326064
ARLPRGWVRSGTFDY,H3-23_A,K4-1,True,32,1,1,1,0.0001165064096729,4.002145149800293e-06,3.836209211505559e-06,7.004468851127019e-06,False,False,False,False,False,False,False,False,False,False,False,False,False,2,2,False,1.06,True,False,True,10.73751983642578,1780.9822,3,0.0001165064096729,7.004468851127019e-06,987,1932,True,1000000.0,False,False,False,False,1.8211356860604033,0.032924196877290195,0.060115728512326064
ARLRYRLWYSGFDY,H3-23_A,K4-1,True,32,1,1,1,0.0001165064096729,4.002145149800293e-06,3.836209211505559e-06,7.004468851127019e-06,False,False,False,False,False,False,False,False,False,False,False,False,False,2,2,False,-0.4571428571428569,True,False,True,9.694419860839844,1866.0848,3,0.0001165064096729,7.004468851127019e-06,1021,1933,True,1000000.0,False,False,False,False,1.8211356860604033,0.032924196877290195,0.060115728512326064
ARLWGWNLWVLFDY,H3-23_A,K3-15,True,32,1,1,1,0.0001165064096729,4.002145149800293e-06,3.836209211505559e-06,7.004468851127019e-06,False,False,False,False,False,False,False,False,False,False,False,False,False,0,0,True,-3.1,False,True,False,5.880318832397459,1839.1007,1,0.0001165064096729,7.004468851127019e-06,1049,1934,True,1000000.0,False,False,False,False,1.8211356860604033,0.032924196877290195,0.060115728512326064
ARNRVRSVPRAFDY,H3-23_A,K3-20,True,32,1,1,1,0.0001165064096729,4.002145149800293e-06,3.836209211505559e-06,7.004468851127019e-06,False,False,False,False,False,False,False,False,False,False,False,False,True,3,3,False,2.007142857142857,True,False,True,11.539094543457033,1706.9054,4,0.0001165064096729,7.004468851127019e-06,1069,1936,True,1000000.0,False,False,False,False,1.8211356860604033,0.032924196877290195,0.060115728512326064
ARQKIRSRIARAFDI,H3-23_A,K3-20,True,32,1,1,1,0.0001165064096729,4.002145149800293e-06,3.836209211505559e-06,7.004468851127019e-06,False,False,False,False,False,False,False,False,False,False,False,False,True,4,4,False,1.2066666666666668,True,False,True,11.999964904785156,1801.1046,4,0.0001165064096729,7.004468851127019e-06,1140,1939,True,1000000.0,False,False,False,False,1.8211356860604033,0.032924196877290195,0.060115728512326064
ARSLKRYSRYGHGRFDI,H3-23_A,K1-39,True,32,1,1,1,0.0001165064096729,4.002145149800293e-06,3.836209211505559e-06,7.004468851127019e-06,False,False,False,False,False,False,False,False,False,False,False,False,True,4,5,False,1.8176470588235296,True,False,True,10.93159637451172,2082.3276,4,0.0001165064096729,7.004468851127019e-06,1197,1940,True,1000000.0,False,False,False,False,1.8211356860604033,0.032924196877290195,0.060115728512326064
ARVHRHWYTENRFDY,H3-23_A,K1-39,True,32,1,1,1,0.0001165064096729,4.002145149800293e-06,3.836209211505559e-06,7.004468851127019e-06,False,False,False,True,False,False,False,False,False,False,False,False,False,1,3,False,1.4800000000000002,True,False,True,8.643598937988283,2050.1979,3,0.0001165064096729,7.004468851127019e-06,1338,1945,True,1000000.0,False,False,False,False,1.8211356860604033,0.032924196877290195,0.060115728512326064
ARVTAWFGYLYAFDI,H1-69,K3-15,True,32,1,1,1,0.0001165064096729,4.002145149800293e-06,3.836209211505559e-06,7.004468851127019e-06,False,False,False,False,False,False,False,False,False,False,False,False,False,0,0,True,-1.4466666666666663,False,False,False,5.87944984436035,1793.0274,1,0.0001165064096729,7.004468851127019e-06,1450,1949,True,1000000.0,False,False,False,False,1.8211356860604033,0.032924196877290195,0.060115728512326064
ARWRFSENRLYFDY,H3-23_A,K1-39,True,32,1,1,1,0.0001165064096729,4.002145149800293e-06,3.836209211505559e-06,7.004468851127019e-06,False,False,False,False,False,False,False,False,False,False,False,False,False,1,1,False,0.3285714285714288,True,False,True,8.63159637451172,1923.0931,3,0.0001165064096729,7.004468851127019e-06,1500,1951,True,1000000.0,False,False,False,False,1.8211356860604033,0.032924196877290195,0.060115728512326064
ARWRHSRGSSYWYFDP,H3-23_A,K1-39,True,32,1,1,1,0.0001165064096729,4.002145149800293e-06,3.836209211505559e-06,7.004468851127019e-06,False,False,False,True,True,False,False,False,False,False,False,False,False,2,3,False,1.31875,True,False,True,9.979042053222656,2071.2154,3,0.0001165064096729,7.004468851127019e-06,1504,1952,True,1000000.0,False,False,False,False,1.8211356860604033,0.032924196877290195,0.060115728512326064
ARYRLYAFRVFDY,H4-34,K3-15,True,32,1,1,1,0.0001165064096729,4.002145149800293e-06,3.836209211505559e-06,7.004468851127019e-06,False,False,False,False,False,False,False,False,False,False,False,False,False,2,2,False,-0.7846153846153844,True,False,True,9.694419860839844,1739.9714,3,0.0001165064096729,7.004468851127019e-06,1593,1958,True,1000000.0,False,False,False,False,1.8211356860604033,0.032924196877290195,0.060115728512326064
ARYRSRGRLDY,H5-51,K4-1,True,32,1,1,1,0.0001165064096729,4.002145149800293e-06,3.836209211505559e-06,7.004468851127019e-06,False,False,False,False,False,False,False,False,False,False,False,False,True,3,3,False,2.5545454545454547,True,False,True,10.83466339111328,1412.556,4,0.0001165064096729,7.004468851127019e-06,1598,1959,True,1000000.0,False,False,False,False,1.8211356860604033,0.032924196877290195,0.060115728512326064
ARYWGRLSRWYFDY,H4-34,K3-15,True,32,1,1,1,0.0001165064096729,4.002145149800293e-06,3.836209211505559e-06,7.004468851127019e-06,False,False,False,True,False,False,False,False,False,False,False,False,False,2,2,False,-0.5142857142857141,True,False,True,9.694419860839844,1939.1371,3,0.0001165064096729,7.004468851127019e-06,1620,1961,True,1000000.0,False,False,False,False,1.8211356860604033,0.032924196877290195,0.060115728512326064
ARAFRTGTRWIFDY,H5-51,K3-20,True,31,1,1,1,0.0001128655843706,4.002145149800293e-06,3.836209211505559e-06,7.004468851127019e-06,False,False,False,False,False,False,False,False,False,False,False,False,False,2,2,False,0.3285714285714288,True,False,True,10.73751983642578,1759.963,3,0.0001128655843706,7.004468851127019e-06,10,1962,True,1000000.0,False,False,False,False,1.8211356860604033,0.033986173652136166,0.062054773759837374
ARARLWGVRYKYFDY,H4-34,UNK,True,31,1,1,1,0.0001128655843706,4.002145149800293e-06,3.836209211505559e-06,7.004468851127019e-06,False,False,False,False,False,False,False,False,False,False,False,False,True,3,3,False,0.0266666666666668,True,False,True,9.989149475097657,1964.2311,3,0.0001128655843706,7.004468851127019e-06,49,1964,True,1000000.0,False,False,False,False,1.8211356860604033,0.033986173652136166,0.062054773759837374
ARDNWSWASGFDY,H3-23_A,K4-1,True,31,1,1,1,0.0001128655843706,4.002145149800293e-06,3.836209211505559e-06,7.004468851127019e-06,True,False,False,False,False,False,False,False,False,False,False,False,False,-1,-1,False,1.7692307692307692,False,False,False,4.207874679565429,1574.6069,1,0.0001128655843706,7.004468851127019e-06,149,1966,True,1000000.0,False,False,False,False,1.8211356860604033,0.033986173652136166,0.062054773759837374
ARDRIRGILYAFDY,H3-23_A,K4-1,True,31,1,1,1,0.0001128655843706,4.002145149800293e-06,3.836209211505559e-06,7.004468851127019e-06,False,False,False,False,False,False,False,False,False,False,False,False,False,1,1,False,0.3071428571428573,True,False,False,8.631455993652345,1728.9472999999998,3,0.0001128655843706,7.004468851127019e-06,180,1969,True,1000000.0,False,False,False,False,1.8211356860604033,0.033986173652136166,0.062054773759837374
ARDRSLWGRNLFDY,H3-23_A,K3-15,True,31,1,1,1,0.0001128655843706,4.002145149800293e-06,3.836209211505559e-06,7.004468851127019e-06,False,False,False,False,False,False,False,False,False,False,False,False,False,1,1,False,1.0285714285714287,True,False,False,8.787910461425781,1768.9283999999998,3,0.0001128655843706,7.004468851127019e-06,199,1970,True,1000000.0,False,False,False,False,1.8211356860604033,0.033986173652136166,0.062054773759837374
ARDWVRDYAYRFDY,H3-23_A,K3-20,True,31,1,1,1,0.0001128655843706,4.002145149800293e-06,3.836209211505559e-06,7.004468851127019e-06,False,False,False,False,False,False,False,False,False,False,False,False,False,0,0,False,1.3000000000000005,True,False,False,6.08248634338379,1896.0247,3,0.0001128655843706,7.004468851127019e-06,245,1973,True,1000000.0,False,False,False,False,1.8211356860604033,0.033986173652136166,0.062054773759837374
ARDYGAWRVHYRFDP,H3-23_A,K3-20,True,31,1,1,1,0.0001128655843706,4.002145149800293e-06,3.836209211505559e-06,7.004468851127019e-06,False,False,False,False,True,False,False,False,False,False,False,False,False,1,2,False,1.3333333333333333,True,False,False,8.637562561035157,1909.0699,3,0.0001128655843706,7.004468851127019e-06,254,1974,True,1000000.0,False,False,False,False,1.8211356860604033,0.033986173652136166,0.062054773759837374
ARGFRLFGWAFDY,H5-51,K3-20,True,31,1,1,1,0.0001128655843706,4.002145149800293e-06,3.836209211505559e-06,7.004468851127019e-06,False,False,False,False,False,False,False,False,False,False,False,False,False,1,1,True,-1.1307692307692303,False,False,False,8.79022674560547,1605.7946,2,0.0001128655843706,7.004468851127019e-06,513,1982,True,1000000.0,False,False,False,False,1.8211356860604033,0.033986173652136166,0.062054773759837374
ARGPYAGFRYRYGFDY,H3-23_A,K1-39,True,31,1,1,1,0.0001128655843706,4.002145149800293e-06,3.836209211505559e-06,7.004468851127019e-06,False,False,False,False,False,False,False,False,False,False,False,False,False,2,2,False,1.2500000000000002,True,False,True,9.52378692626953,1959.1251,3,0.0001128655843706,7.004468851127019e-06,581,1987,True,1000000.0,False,False,False,False,1.8211356860604033,0.033986173652136166,0.062054773759837374
ARGPYAYRGYGRAFDY,H3-23_A,K3-20,True,31,1,1,1,0.0001128655843706,4.002145149800293e-06,3.836209211505559e-06,7.004468851127019e-06,False,False,False,False,False,False,False,False,False,False,False,False,False,2,2,False,1.9562500000000005,True,False,True,9.52378692626953,1883.0292,3,0.0001128655843706,7.004468851127019e-06,585,1988,True,1000000.0,False,False,False,False,1.8211356860604033,0.033986173652136166,0.062054773759837374
ARGRESFAYKHRFDP,H3-23_A,K3-20,True,31,1,1,1,0.0001128655843706,4.002145149800293e-06,3.836209211505559e-06,7.004468851127019e-06,False,False,False,False,True,False,False,False,False,False,False,False,False,2,3,False,2.426666666666667,True,False,True,9.979042053222656,1837.0058,3,0.0001128655843706,7.004468851127019e-06,628,1990,True,1000000.0,False,False,False,False,1.8211356860604033,0.033986173652136166,0.062054773759837374
ARGRSSPSYRFDY,H3-23_A,K3-20,True,31,1,1,1,0.0001128655843706,4.002145149800293e-06,3.836209211505559e-06,7.004468851127019e-06,False,False,False,False,False,False,False,False,False,False,False,False,False,2,2,False,3.0,True,False,True,9.97897186279297,1561.6563,3,0.0001128655843706,7.004468851127019e-06,646,1991,True,1000000.0,False,False,False,False,1.8211356860604033,0.033986173652136166,0.062054773759837374
ARHLRYSRKRFDY,H4-34,K3-20,True,31,1,1,1,0.0001128655843706,4.002145149800293e-06,3.836209211505559e-06,7.004468851127019e-06,False,False,False,False,False,False,False,False,False,False,False,False,True,4,5,False,1.6153846153846156,True,False,True,10.93159637451172,1767.9901,4,0.0001128655843706,7.004468851127019e-06,749,1996,True,1000000.0,False,False,False,False,1.8211356860604033,0.033986173652136166,0.062054773759837374
ARHPYRYVSRTSYGFDP,H3-23_A,K3-15,True,31,1,1,1,0.0001128655843706,4.002145149800293e-06,3.836209211505559e-06,7.004468851127019e-06,False,False,False,False,True,False,False,False,False,False,False,False,False,2,3,False,2.1352941176470592,True,False,True,9.694560241699218,2072.2416,3,0.0001128655843706,7.004468851127019e-06,766,1997,True,1000000.0,False,False,False,False,1.8211356860604033,0.033986173652136166,0.062054773759837374
ARHRSRNDYRYSTGFDY,H3-23_A,K3-20,True,31,1,1,1,0.0001128655843706,4.002145149800293e-06,3.836209211505559e-06,7.004468851127019e-06,False,False,False,False,False,False,False,False,False,False,False,False,False,2,3,False,3.3529411764705883,True,False,True,9.69147186279297,2164.2559,4,0.0001128655843706,7.004468851127019e-06,791,1998,True,1000000.0,False,False,False,False,1.8211356860604033,0.033986173652136166,0.062054773759837374
ARHRYGATRFDY,H4-34,K3-20,True,31,1,1,1,0.0001128655843706,4.002145149800293e-06,3.836209211505559e-06,7.004468851127019e-06,False,False,False,False,False,False,False,False,False,False,False,False,False,2,3,False,2.2333333333333334,True,False,True,9.979042053222656,1512.6303,3,0.0001128655843706,7.004468851127019e-06,795,1999,True,1000000.0,False,False,False,False,1.8211356860604033,0.033986173652136166,0.062054773759837374
ARHTFLRSGWRFDY,H4-34,K3-20,True,31,1,1,1,0.0001128655843706,4.002145149800293e-06,3.836209211505559e-06,7.004468851127019e-06,False,False,False,False,False,False,False,False,False,False,False,False,False,2,3,False,0.3357142857142859,True,False,True,10.73751983642578,1811.9978,3,0.0001128655843706,7.004468851127019e-06,809,2000,True,1000000.0,False,False,False,False,1.8211356860604033,0.033986173652136166,0.062054773759837374
ARIPVSTARGRGFDY,H3-23_A,K4-1,True,31,1,1,1,0.0001128655843706,4.002145149800293e-06,3.836209211505559e-06,7.004468851127019e-06,False,False,False,False,False,False,False,False,False,False,False,False,False,2,2,False,1.9466666666666668,True,False,True,10.73751983642578,1665.8502,3,0.0001128655843706,7.004468851127019e-06,870,2001,True,1000000.0,False,False,False,False,1.8211356860604033,0.033986173652136166,0.062054773759837374
ARKRYSSRVAFDY,H3-23_A,K3-20,True,31,1,1,1,0.0001128655843706,4.002145149800293e-06,3.836209211505559e-06,7.004468851127019e-06,False,False,False,False,False,False,False,False,False,False,False,False,True,3,3,False,2.2153846153846155,True,False,True,10.267314147949218,1618.7937,3,0.0001128655843706,7.004468851127019e-06,922,2002,True,1000000.0,False,False,False,False,1.8211356860604033,0.033986173652136166,0.062054773759837374
ARLRGDYVSIRFDY,H4-34,K1-39,True,31,1,1,1,0.0001128655843706,4.002145149800293e-06,3.836209211505559e-06,7.004468851127019e-06,False,False,False,False,False,False,False,False,False,False,False,False,False,1,1,False,0.9285714285714288,True,False,False,8.631455993652345,1730.9200999999998,3,0.0001128655843706,7.004468851127019e-06,994,2005,True,1000000.0,False,False,False,False,1.8211356860604033,0.033986173652136166,0.062054773759837374
ARLSPSWFRPRLFDP,H4-34,K3-15,True,31,1,1,1,0.0001128655843706,4.002145149800293e-06,3.836209211505559e-06,7.004468851127019e-06,False,False,False,False,True,False,False,False,False,False,False,False,False,2,2,False,-0.1866666666666664,True,False,True,11.698988342285158,1845.1106,3,0.0001128655843706,7.004468851127019e-06,1029,2006,True,1000000.0,False,False,False,False,1.8211356860604033,0.033986173652136166,0.062054773759837374
ARLSRYRTQVSKAFDY,H3-23_A,K4-1,True,31,1,1,1,0.0001128655843706,4.002145149800293e-06,3.836209211505559e-06,7.004468851127019e-06,False,False,False,False,False,False,False,False,False,False,False,False,True,3,3,False,1.9250000000000005,True,False,True,10.267314147949218,1961.1844,3,0.0001128655843706,7.004468851127019e-06,1031,2007,True,1000000.0,False,False,False,False,1.8211356860604033,0.033986173652136166,0.062054773759837374
ARQRAWYRWAFDY,H4-34,K3-15,True,31,1,1,1,0.0001128655843706,4.002145149800293e-06,3.836209211505559e-06,7.004468851127019e-06,False,False,False,False,False,False,False,False,False,False,False,False,False,2,2,False,0.1461538461538462,True,False,True,9.97897186279297,1788.9626999999998,3,0.0001128655843706,7.004468851127019e-06,1148,2008,True,1000000.0,False,False,False,False,1.8211356860604033,0.033986173652136166,0.062054773759837374
ARSRIGYWYVRKRAFDY,H4-34,K3-20,True,31,1,1,1,0.0001128655843706,4.002145149800293e-06,3.836209211505559e-06,7.004468851127019e-06,False,False,False,True,False,False,False,False,False,False,False,False,True,4,4,False,0.723529411764706,True,False,True,10.420399475097652,2207.4941,4,0.0001128655843706,7.004468851127019e-06,1219,2010,True,1000000.0,False,False,False,False,1.8211356860604033,0.033986173652136166,0.062054773759837374
ARSRSSRSRFDY,H3-23_A,K3-20,True,31,1,1,1,0.0001128655843706,4.002145149800293e-06,3.836209211505559e-06,7.004468851127019e-06,False,False,False,False,False,False,False,False,False,False,False,False,True,3,3,False,3.65,True,False,True,11.539094543457033,1487.5796,4,0.0001128655843706,7.004468851127019e-06,1226,2011,True,1000000.0,False,False,False,False,1.8211356860604033,0.033986173652136166,0.062054773759837374
ARTRPTRSVYGFDY,H3-23_A,K4-1,True,31,1,1,1,0.0001128655843706,4.002145149800293e-06,3.836209211505559e-06,7.004468851127019e-06,False,False,False,False,False,False,False,False,False,False,False,False,False,2,2,False,2.335714285714286,True,False,True,9.97897186279297,1688.8404999999998,3,0.0001128655843706,7.004468851127019e-06,1283,2012,True,1000000.0,False,False,False,False,1.8211356860604033,0.033986173652136166,0.062054773759837374
ARVHPAYRWRGYTFDY,H3-23_A,K4-1,True,31,1,1,1,0.0001128655843706,4.002145149800293e-06,3.836209211505559e-06,7.004468851127019e-06,False,False,False,False,False,False,False,False,False,False,False,False,False,2,3,False,0.8312500000000002,True,False,True,9.694560241699218,2058.2596,3,0.0001128655843706,7.004468851127019e-06,1336,2014,True,1000000.0,False,False,False,False,1.8211356860604033,0.033986173652136166,0.062054773759837374
ARVIGWGHLHYWPFDY,H3-23_A,K4-1,True,31,1,1,1,0.0001128655843706,4.002145149800293e-06,3.836209211505559e-06,7.004468851127019e-06,False,False,False,True,False,False,False,False,False,False,False,False,False,0,2,True,-1.24375,False,False,False,6.959295272827148,2017.2489,1,0.0001128655843706,7.004468851127019e-06,1345,2015,True,1000000.0,False,False,False,False,1.8211356860604033,0.033986173652136166,0.062054773759837374
ARARLTFSYRYAFDP,H3-23_A,K3-20,True,30,1,1,1,0.0001092247590683,4.002145149800293e-06,3.836209211505559e-06,7.004468851127019e-06,False,False,False,False,True,False,False,False,False,False,False,False,False,2,2,False,0.7533333333333336,True,False,True,9.97897186279297,1834.0415000000005,3,0.0001092247590683,7.004468851127019e-06,48,2022,True,1000000.0,False,False,False,False,1.8211356860604033,0.035118942397327345,0.06412307685640074
ARASRGIFGYWRNYFDP,H3-23_A,K3-20,True,30,1,1,1,0.0001092247590683,4.002145149800293e-06,3.836209211505559e-06,7.004468851127019e-06,False,False,False,False,True,False,False,False,False,False,False,False,False,2,2,False,0.8000000000000002,True,False,True,9.97897186279297,2076.2748,3,0.0001092247590683,7.004468851127019e-06,63,2023,True,1000000.0,False,False,False,False,1.8211356860604033,0.035118942397327345,0.06412307685640074
ARDRKGRTSYGFDY,H3-23_A,K4-1,True,30,1,1,1,0.0001092247590683,4.002145149800293e-06,3.836209211505559e-06,7.004468851127019e-06,False,False,False,False,False,False,False,False,False,False,False,False,False,2,2,False,3.607142857142857,True,False,False,9.694419860839844,1691.8013999999998,3,0.0001092247590683,7.004468851127019e-06,183,2030,True,1000000.0,False,False,False,False,1.8211356860604033,0.035118942397327345,0.06412307685640074
ARFDLYISPWLYPGFDY,H3-23_A,K1-39,True,30,1,1,1,0.0001092247590683,4.002145149800293e-06,3.836209211505559e-06,7.004468851127019e-06,False,False,False,False,False,False,False,False,False,False,False,False,False,-1,-1,True,-1.0470588235294116,False,False,False,4.207874679565429,2123.3626,1,0.0001092247590683,7.004468851127019e-06,465,2038,True,1000000.0,False,False,False,False,1.8211356860604033,0.035118942397327345,0.06412307685640074
ARGHRKYSRYTTFDP,H3-23_A,K3-20,True,30,1,1,1,0.0001092247590683,4.002145149800293e-06,3.836209211505559e-06,7.004468851127019e-06,False,False,False,False,True,False,False,False,False,False,False,False,True,3,4,False,2.9466666666666668,True,False,True,10.267314147949218,1855.0211,3,0.0001092247590683,7.004468851127019e-06,518,2041,True,1000000.0,False,False,False,False,1.8211356860604033,0.035118942397327345,0.06412307685640074
ARGRGWRSWAFDY,H5-51,K3-20,True,30,1,1,1,0.0001092247590683,4.002145149800293e-06,3.836209211505559e-06,7.004468851127019e-06,False,False,False,False,False,False,False,False,False,False,False,False,False,2,2,False,1.0461538461538462,True,False,True,10.73751983642578,1627.7623,3,0.0001092247590683,7.004468851127019e-06,634,2046,True,1000000.0,False,False,False,False,1.8211356860604033,0.035118942397327345,0.06412307685640074
ARGRPHIRYVYRSFDP,H3-23_A,K1-39,True,30,1,1,1,0.0001092247590683,4.002145149800293e-06,3.836209211505559e-06,7.004468851127019e-06,False,False,False,False,True,False,False,False,False,False,False,False,True,3,4,False,1.4187500000000002,True,False,True,10.83466339111328,1990.2305,4,0.0001092247590683,7.004468851127019e-06,638,2047,True,1000000.0,False,False,False,False,1.8211356860604033,0.035118942397327345,0.06412307685640074
ARGRYWLQWYRYDAFDY,H3-23_A,K3-20,True,30,1,1,1,0.0001092247590683,4.002145149800293e-06,3.836209211505559e-06,7.004468851127019e-06,False,False,False,False,False,False,False,False,False,False,False,False,False,1,1,False,0.1470588235294119,True,False,False,8.472053527832031,2329.5275,3,0.0001092247590683,7.004468851127019e-06,661,2048,True,1000000.0,False,False,False,False,1.8211356860604033,0.035118942397327345,0.06412307685640074
ARHRSYSWGYRYFDY,H3-23_A,K3-20,True,30,1,1,1,0.0001092247590683,4.002145149800293e-06,3.836209211505559e-06,7.004468851127019e-06,False,False,False,False,False,False,False,False,False,False,False,False,False,2,3,False,1.2466666666666668,True,False,True,9.523927307128908,2027.1594,3,0.0001092247590683,7.004468851127019e-06,793,2056,True,1000000.0,False,False,False,False,1.8211356860604033,0.035118942397327345,0.06412307685640074
ARIYGIWPLYFDY,H3-23_A,K3-15,True,30,1,1,1,0.0001092247590683,4.002145149800293e-06,3.836209211505559e-06,7.004468851127019e-06,False,False,False,False,False,False,False,False,False,False,False,False,False,0,0,True,-2.0,False,False,False,5.87858085632324,1676.9089,1,0.0001092247590683,7.004468851127019e-06,891,2061,True,1000000.0,False,False,False,False,1.8211356860604033,0.035118942397327345,0.06412307685640074
ARLGRHSYVYPWRGFDI,H4-34,K3-20,True,30,1,1,1,0.0001092247590683,4.002145149800293e-06,3.836209211505559e-06,7.004468851127019e-06,False,False,False,False,False,False,False,False,False,False,False,False,False,2,3,False,0.1705882352941178,True,False,True,9.979042053222656,2093.3484,3,0.0001092247590683,7.004468851127019e-06,947,2063,True,1000000.0,False,False,False,False,1.8211356860604033,0.035118942397327345,0.06412307685640074
ARLRDRSYWYSRFDY,H4-34,K3-20,True,30,1,1,1,0.0001092247590683,4.002145149800293e-06,3.836209211505559e-06,7.004468851127019e-06,False,False,False,True,False,False,False,False,False,False,False,False,False,2,2,False,1.186666666666667,True,False,True,9.691331481933592,2054.2263000000003,4,0.0001092247590683,7.004468851127019e-06,991,2065,True,1000000.0,False,False,False,False,1.8211356860604033,0.035118942397327345,0.06412307685640074
ARLRGLGYAGYRSFDY,H3-23_A,K4-1,True,30,1,1,1,0.0001092247590683,4.002145149800293e-06,3.836209211505559e-06,7.004468851127019e-06,False,False,False,False,False,False,False,False,False,False,False,False,False,2,2,False,1.0687500000000003,True,False,True,9.694419860839844,1865.0554,3,0.0001092247590683,7.004468851127019e-06,995,2066,True,1000000.0,False,False,False,False,1.8211356860604033,0.035118942397327345,0.06412307685640074
ARPKRARSRSFDY,H3-23_A,K3-15,True,30,1,1,1,0.0001092247590683,4.002145149800293e-06,3.836209211505559e-06,7.004468851127019e-06,False,False,False,False,False,False,False,False,False,False,False,False,True,4,4,False,3.130769230769231,True,False,True,11.553834533691408,1609.7904,4,0.0001092247590683,7.004468851127019e-06,1099,2069,True,1000000.0,False,False,False,False,1.8211356860604033,0.035118942397327345,0.06412307685640074
ARQRITYVRAHPFDY,H3-23_A,K4-1,True,30,1,1,1,0.0001092247590683,4.002145149800293e-06,3.836209211505559e-06,7.004468851127019e-06,False,False,False,False,False,False,False,False,False,False,False,False,False,2,3,False,1.1666666666666667,True,False,True,9.979042053222656,1893.112,3,0.0001092247590683,7.004468851127019e-06,1151,2071,True,1000000.0,False,False,False,False,1.8211356860604033,0.035118942397327345,0.06412307685640074
ARTGYVRPLLWLFDI,H3-23_A,K3-15,True,30,1,1,1,0.0001092247590683,4.002145149800293e-06,3.836209211505559e-06,7.004468851127019e-06,False,False,False,False,False,False,False,False,False,False,False,False,False,1,1,True,-1.793333333333333,False,False,False,8.79022674560547,1820.1407,2,0.0001092247590683,7.004468851127019e-06,1260,2076,True,1000000.0,False,False,False,False,1.8211356860604033,0.035118942397327345,0.06412307685640074
ARVKRSRWYGLVYFDI,H1-69,K1-39,True,30,1,1,1,0.0001092247590683,4.002145149800293e-06,3.836209211505559e-06,7.004468851127019e-06,False,False,False,False,False,False,False,False,False,False,False,False,True,3,3,False,-0.3124999999999999,True,False,True,10.267314147949218,2029.3459000000005,3,0.0001092247590683,7.004468851127019e-06,1360,2077,True,1000000.0,False,False,False,False,1.8211356860604033,0.035118942397327345,0.06412307685640074
ARVLISWYGLYGFDY,H3-23_A,K1-39,True,30,1,1,1,0.0001092247590683,4.002145149800293e-06,3.836209211505559e-06,7.004468851127019e-06,False,False,False,False,False,False,False,False,False,False,False,False,False,0,0,True,-1.3866666666666665,False,False,False,5.87858085632324,1823.0533,1,0.0001092247590683,7.004468851127019e-06,1370,2080,True,1000000.0,False,False,False,False,1.8211356860604033,0.035118942397327345,0.06412307685640074
ARVRAVSWLRVWAFDI,H3-23_A,K3-20,True,30,1,1,1,0.0001092247590683,4.002145149800293e-06,3.836209211505559e-06,7.004468851127019e-06,False,False,False,False,False,False,False,False,False,False,False,False,False,2,2,True,-1.38125,True,False,True,11.698988342285158,1945.2726,3,0.0001092247590683,7.004468851127019e-06,1394,2081,True,1000000.0,False,False,False,False,1.8211356860604033,0.035118942397327345,0.06412307685640074
ARVRSFSSWVRAFDY,H3-23_A,K4-1,True,30,1,1,1,0.0001092247590683,4.002145149800293e-06,3.836209211505559e-06,7.004468851127019e-06,False,False,False,False,False,False,False,False,False,False,False,False,False,2,2,False,0.5733333333333335,True,False,True,10.73751983642578,1847.0402,3,0.0001092247590683,7.004468851127019e-06,1413,2083,True,1000000.0,False,False,False,False,1.8211356860604033,0.035118942397327345,0.06412307685640074
ARVWGRIYSRGFDY,H3-23_A,K3-20,True,30,1,1,1,0.0001092247590683,4.002145149800293e-06,3.836209211505559e-06,7.004468851127019e-06,False,False,False,False,False,False,False,False,False,False,False,False,False,2,2,False,0.5642857142857144,True,False,True,9.97897186279297,1745.9362999999998,3,0.0001092247590683,7.004468851127019e-06,1459,2085,True,1000000.0,False,False,False,False,1.8211356860604033,0.035118942397327345,0.06412307685640074
ARWKYKGRSFDY,H3-23_A,K3-20,True,30,1,1,1,0.0001092247590683,4.002145149800293e-06,3.836209211505559e-06,7.004468851127019e-06,False,False,False,False,False,False,False,False,False,False,False,False,True,3,3,False,1.7583333333333335,False,False,False,9.99322052001953,1576.7553,2,0.0001092247590683,7.004468851127019e-06,1492,2087,True,1000000.0,False,False,False,False,1.8211356860604033,0.035118942397327345,0.06412307685640074
ARWRYSGFAYHRAFDY,H3-23_A,K3-20,True,30,1,1,1,0.0001092247590683,4.002145149800293e-06,3.836209211505559e-06,7.004468851127019e-06,False,False,False,False,False,False,False,False,False,False,False,False,False,2,3,False,0.5687500000000002,True,False,True,9.694560241699218,2066.2385,3,0.0001092247590683,7.004468851127019e-06,1514,2089,True,1000000.0,False,False,False,False,1.8211356860604033,0.035118942397327345,0.06412307685640074
ARYKYAGLLGFIFDI,H3-23_A,K3-15,True,30,1,1,1,0.0001092247590683,4.002145149800293e-06,3.836209211505559e-06,7.004468851127019e-06,False,False,False,False,False,False,False,False,False,False,False,False,False,1,1,True,-1.4066666666666665,False,False,False,8.54006805419922,1747.0434999999998,1,0.0001092247590683,7.004468851127019e-06,1564,2095,True,1000000.0,False,False,False,False,1.8211356860604033,0.035118942397327345,0.06412307685640074
ARYPGLYVWRLYAFDY,H3-23_A,K1-39,True,30,1,1,1,0.0001092247590683,4.002145149800293e-06,3.836209211505559e-06,7.004468851127019e-06,False,False,False,False,False,False,False,False,False,False,False,False,False,1,1,True,-1.1562499999999998,False,False,False,8.472544860839843,2053.3191,2,0.0001092247590683,7.004468851127019e-06,1580,2096,True,1000000.0,False,False,False,False,1.8211356860604033,0.035118942397327345,0.06412307685640074
ARARGRFRTVYGTFDY,H3-23_A,K3-20,True,29,1,1,1,0.0001055839337661,4.002145149800293e-06,3.836209211505559e-06,7.004468851127019e-06,False,False,False,False,False,False,False,False,False,False,False,False,True,3,3,False,1.68125,True,False,True,10.83466339111328,1936.1367,4,0.0001055839337661,7.004468851127019e-06,45,2100,True,1000000.0,False,False,False,False,1.8211356860604033,0.03632982572657161,0.06633400803726608
ARDRLWSSRYHWFDP,H1-69,K1-39,True,29,1,1,1,0.0001055839337661,4.002145149800293e-06,3.836209211505559e-06,7.004468851127019e-06,False,False,False,True,True,False,False,False,False,False,False,False,False,1,2,False,0.7733333333333334,True,False,False,8.793876647949219,1992.1586,3,0.0001055839337661,7.004468851127019e-06,188,2105,True,1000000.0,False,False,False,False,1.8211356860604033,0.03632982572657161,0.06633400803726608
ARDRPRWGYHAFDY,H3-23_A,K4-1,True,29,1,1,1,0.0001055839337661,4.002145149800293e-06,3.836209211505559e-06,7.004468851127019e-06,False,False,False,False,False,False,False,False,False,False,False,False,False,1,2,False,1.692857142857143,True,False,False,8.637562561035157,1809.9389,3,0.0001055839337661,7.004468851127019e-06,192,2106,True,1000000.0,False,False,False,False,1.8211356860604033,0.03632982572657161,0.06633400803726608
ARDVRHYGTRSGFDY,H3-23_A,K4-1,True,29,1,1,1,0.0001055839337661,4.002145149800293e-06,3.836209211505559e-06,7.004468851127019e-06,False,False,False,False,False,False,False,False,False,False,False,False,False,1,2,False,2.8800000000000003,True,False,False,8.637562561035157,1799.8994000000002,3,0.0001055839337661,7.004468851127019e-06,227,2107,True,1000000.0,False,False,False,False,1.8211356860604033,0.03632982572657161,0.06633400803726608
ARERYRYRYRGWFDP,H3-23_A,K3-15,True,29,1,1,1,0.0001055839337661,4.002145149800293e-06,3.836209211505559e-06,7.004468851127019e-06,False,False,False,False,True,False,False,False,False,False,False,False,True,3,3,False,1.586666666666667,True,False,True,10.247029113769532,2091.2929,5,0.0001055839337661,7.004468851127019e-06,424,2109,True,1000000.0,False,False,False,False,1.8211356860604033,0.03632982572657161,0.06633400803726608
ARGIVWSGRYRFDY,H3-23_A,K3-15,True,29,1,1,1,0.0001055839337661,4.002145149800293e-06,3.836209211505559e-06,7.004468851127019e-06,False,False,False,False,False,False,False,False,False,False,False,False,False,2,2,False,0.5642857142857144,True,False,True,9.97897186279297,1745.9362999999998,3,0.0001055839337661,7.004468851127019e-06,524,2114,True,1000000.0,False,False,False,False,1.8211356860604033,0.03632982572657161,0.06633400803726608
ARGPFLYWSWIFDY,H3-23_A,K3-15,True,29,1,1,1,0.0001055839337661,4.002145149800293e-06,3.836209211505559e-06,7.004468851127019e-06,False,False,False,False,False,False,False,False,False,False,False,False,False,0,0,True,-2.057142857142857,False,False,False,5.87944984436035,1821.0391,1,0.0001055839337661,7.004468851127019e-06,544,2115,True,1000000.0,False,False,False,False,1.8211356860604033,0.03632982572657161,0.06633400803726608
ARGPGRGVRYPSLGFDP,H3-23_A,K3-20,True,29,1,1,1,0.0001055839337661,4.002145149800293e-06,3.836209211505559e-06,7.004468851127019e-06,False,False,False,False,True,False,False,False,False,False,False,False,False,2,2,False,2.1352941176470592,True,False,True,10.73751983642578,1802.0014,3,0.0001055839337661,7.004468851127019e-06,547,2116,True,1000000.0,False,False,False,False,1.8211356860604033,0.03632982572657161,0.06633400803726608
ARGPYQFGWRRAAFDI,H3-23_A,K1-39,True,29,1,1,1,0.0001055839337661,4.002145149800293e-06,3.836209211505559e-06,7.004468851127019e-06,False,False,False,False,False,True,True,False,False,False,False,False,False,2,2,False,0.6312500000000002,True,False,True,10.73751983642578,1911.1288,3,0.0001055839337661,7.004468851127019e-06,592,2117,True,1000000.0,False,False,False,False,1.8211356860604033,0.03632982572657161,0.06633400803726608
ARGPYTYRYSRGFDI,H3-23_A,K1-39,True,29,1,1,1,0.0001055839337661,4.002145149800293e-06,3.836209211505559e-06,7.004468851127019e-06,False,False,False,False,False,False,False,False,False,False,False,False,False,2,2,False,1.8000000000000005,True,False,True,9.694419860839844,1821.9877,3,0.0001055839337661,7.004468851127019e-06,620,2118,True,1000000.0,False,False,False,False,1.8211356860604033,0.03632982572657161,0.06633400803726608
ARGRSFRSFDY,H3-23_A,K4-1,True,29,1,1,1,0.0001055839337661,4.002145149800293e-06,3.836209211505559e-06,7.004468851127019e-06,False,False,False,False,False,False,False,False,False,False,False,False,False,2,2,False,2.1,True,False,True,10.73751983642578,1361.4644,3,0.0001055839337661,7.004468851127019e-06,642,2121,True,1000000.0,False,False,False,False,1.8211356860604033,0.03632982572657161,0.06633400803726608
ARILRPRQVLWGFDY,H3-23_A,K4-1,True,29,1,1,1,0.0001055839337661,4.002145149800293e-06,3.836209211505559e-06,7.004468851127019e-06,False,False,False,False,False,False,False,False,False,False,False,False,False,2,2,False,-0.8466666666666665,True,False,True,10.73751983642578,1890.1941,3,0.0001055839337661,7.004468851127019e-06,865,2131,True,1000000.0,False,False,False,False,1.8211356860604033,0.03632982572657161,0.06633400803726608
ARKSRGASRGTFDY,H3-23_A,K4-1,True,29,1,1,1,0.0001055839337661,4.002145149800293e-06,3.836209211505559e-06,7.004468851127019e-06,False,False,False,False,False,False,False,False,False,False,False,False,True,3,3,False,3.642857142857143,True,False,True,10.903590393066406,1571.696,3,0.0001055839337661,7.004468851127019e-06,924,2132,True,1000000.0,False,False,False,False,1.8211356860604033,0.03632982572657161,0.06633400803726608
ARLHGRHYRFDY,H3-23_A,K3-20,True,29,1,1,1,0.0001055839337661,4.002145149800293e-06,3.836209211505559e-06,7.004468851127019e-06,False,False,False,False,False,False,False,False,False,False,False,False,False,2,4,False,1.0333333333333334,True,False,True,9.979112243652343,1590.7454,3,0.0001055839337661,7.004468851127019e-06,935,2133,True,1000000.0,False,False,False,False,1.8211356860604033,0.03632982572657161,0.06633400803726608
ARLLLRSSVRYTFDY,H3-23_A,K3-20,True,29,1,1,1,0.0001055839337661,4.002145149800293e-06,3.836209211505559e-06,7.004468851127019e-06,False,False,False,False,False,False,False,False,False,False,False,False,False,2,2,False,-0.093333333333333,True,False,True,9.97897186279297,1860.1202000000003,3,0.0001055839337661,7.004468851127019e-06,974,2136,True,1000000.0,False,False,False,False,1.8211356860604033,0.03632982572657161,0.06633400803726608
ARLRPGAAAGRYGFDY,H3-23_A,UNK,True,29,1,1,1,0.0001055839337661,4.002145149800293e-06,3.836209211505559e-06,7.004468851127019e-06,False,False,False,False,False,False,False,False,False,False,False,False,False,2,2,False,1.7500000000000002,True,False,True,9.97897186279297,1740.9183,3,0.0001055839337661,7.004468851127019e-06,1005,2137,True,1000000.0,False,False,False,False,1.8211356860604033,0.03632982572657161,0.06633400803726608
ARNRGSRKRYAFDY,H3-23_A,UNK,True,29,1,1,1,0.0001055839337661,4.002145149800293e-06,3.836209211505559e-06,7.004468851127019e-06,False,False,False,False,False,False,False,False,False,False,False,False,True,4,4,False,3.0642857142857145,True,False,True,10.93159637451172,1759.925,4,0.0001055839337661,7.004468851127019e-06,1066,2141,True,1000000.0,False,False,False,False,1.8211356860604033,0.03632982572657161,0.06633400803726608
ARPARYWGRPPFDY,H3-23_A,K1-39,True,29,1,1,1,0.0001055839337661,4.002145149800293e-06,3.836209211505559e-06,7.004468851127019e-06,False,False,False,False,False,False,False,False,False,False,False,False,False,2,2,False,1.1285714285714288,True,False,True,9.97897186279297,1751.9426,3,0.0001055839337661,7.004468851127019e-06,1080,2142,True,1000000.0,False,False,False,False,1.8211356860604033,0.03632982572657161,0.06633400803726608
ARPRSYTAFLRLFDI,H3-23_A,K3-15,True,29,1,1,1,0.0001055839337661,4.002145149800293e-06,3.836209211505559e-06,7.004468851127019e-06,False,False,False,False,False,False,False,False,False,False,False,False,False,2,2,False,-0.4066666666666664,True,False,True,10.73751983642578,1826.1056,3,0.0001055839337661,7.004468851127019e-06,1114,2144,True,1000000.0,False,False,False,False,1.8211356860604033,0.03632982572657161,0.06633400803726608
ARQSHRTPRYFDY,H3-23_A,K3-20,True,29,1,1,1,0.0001055839337661,4.002145149800293e-06,3.836209211505559e-06,7.004468851127019e-06,False,False,False,False,False,False,False,False,False,False,False,False,False,2,3,False,2.5846153846153848,True,False,True,9.979042053222656,1696.8228,3,0.0001055839337661,7.004468851127019e-06,1159,2148,True,1000000.0,False,False,False,False,1.8211356860604033,0.03632982572657161,0.06633400803726608
ARSFGRSHRTRFDY,H3-23_A,K3-20,True,29,1,1,1,0.0001055839337661,4.002145149800293e-06,3.836209211505559e-06,7.004468851127019e-06,False,False,False,False,False,False,False,False,False,False,False,False,True,3,4,False,2.4714285714285715,True,False,True,11.539094543457033,1755.8933,4,0.0001055839337661,7.004468851127019e-06,1179,2149,True,1000000.0,False,False,False,False,1.8211356860604033,0.03632982572657161,0.06633400803726608
ARSNRYVTSYGSGRFDY,H3-23_A,K4-1,True,29,1,1,1,0.0001055839337661,4.002145149800293e-06,3.836209211505559e-06,7.004468851127019e-06,False,False,False,False,False,False,False,False,False,False,False,False,False,2,2,False,2.894117647058824,True,False,True,9.694419860839844,1999.1031,3,0.0001055839337661,7.004468851127019e-06,1199,2150,True,1000000.0,False,False,False,False,1.8211356860604033,0.03632982572657161,0.06633400803726608
ARTIPYLIHFDY,H3-23_A,K3-15,True,29,1,1,1,0.0001055839337661,4.002145149800293e-06,3.836209211505559e-06,7.004468851127019e-06,False,False,False,False,False,False,False,False,False,False,False,False,False,0,1,True,-1.0416666666666663,False,False,False,6.787184524536133,1508.7177,1,0.0001055839337661,7.004468851127019e-06,1263,2155,True,1000000.0,False,False,False,False,1.8211356860604033,0.03632982572657161,0.06633400803726608
ARTREFYAWRKYFDY,H3-23_A,K3-15,True,29,1,1,1,0.0001055839337661,4.002145149800293e-06,3.836209211505559e-06,7.004468851127019e-06,False,False,False,False,False,False,False,False,False,False,False,False,False,2,2,False,0.7600000000000001,True,False,True,9.52378692626953,2072.2829,3,0.0001055839337661,7.004468851127019e-06,1279,2158,True,1000000.0,False,False,False,False,1.8211356860604033,0.03632982572657161,0.06633400803726608
ARVRQYGLTVY,H3-23_A,K3-15,True,29,1,1,1,0.0001055839337661,4.002145149800293e-06,3.836209211505559e-06,7.004468851127019e-06,False,False,False,False,False,False,False,False,False,False,False,False,False,2,2,False,0.6363636363636366,False,False,True,9.98676300048828,1325.515,2,0.0001055839337661,7.004468851127019e-06,1412,2163,True,1000000.0,False,False,False,False,1.8211356860604033,0.03632982572657161,0.06633400803726608
ARVRWRSRKAFDY,H3-23_A,K4-1,True,29,1,1,1,0.0001055839337661,4.002145149800293e-06,3.836209211505559e-06,7.004468851127019e-06,False,False,False,False,False,False,False,False,False,False,False,False,True,4,4,False,1.4153846153846157,True,False,True,11.553834533691408,1710.9388,4,0.0001055839337661,7.004468851127019e-06,1422,2164,True,1000000.0,False,False,False,False,1.8211356860604033,0.03632982572657161,0.06633400803726608
ARVRYQSGSRFDY,H3-23_A,K3-20,True,29,1,1,1,0.0001055839337661,4.002145149800293e-06,3.836209211505559e-06,7.004468851127019e-06,False,False,False,False,False,False,False,False,False,False,False,False,False,2,2,False,2.515384615384616,True,False,True,9.97897186279297,1604.724,3,0.0001055839337661,7.004468851127019e-06,1427,2165,True,1000000.0,False,False,False,False,1.8211356860604033,0.03632982572657161,0.06633400803726608
ARVSRSRATRGFDY,H3-23_A,K1-39,True,29,1,1,1,0.0001055839337661,4.002145149800293e-06,3.836209211505559e-06,7.004468851127019e-06,False,False,False,False,False,False,False,False,False,False,False,False,True,3,3,False,2.8642857142857143,True,False,True,11.539094543457033,1641.7891,4,0.0001055839337661,7.004468851127019e-06,1441,2168,True,1000000.0,False,False,False,False,1.8211356860604033,0.03632982572657161,0.06633400803726608
ARVTLFYRWRATTFDP,H3-23_A,K1-39,True,29,1,1,1,0.0001055839337661,4.002145149800293e-06,3.836209211505559e-06,7.004468851127019e-06,False,False,False,False,True,False,False,False,False,False,False,False,False,2,2,False,0.0812500000000002,True,False,True,10.73751983642578,2000.2618,3,0.0001055839337661,7.004468851127019e-06,1452,2169,True,1000000.0,False,False,False,False,1.8211356860604033,0.03632982572657161,0.06633400803726608
ARWVRGLVWYHGFDI,H3-23_A,K1-39,True,29,1,1,1,0.0001055839337661,4.002145149800293e-06,3.836209211505559e-06,7.004468851127019e-06,False,False,False,True,False,False,False,False,False,False,False,False,False,1,2,True,-1.4466666666666663,False,False,False,8.796192932128907,1875.1379,2,0.0001055839337661,7.004468851127019e-06,1524,2171,True,1000000.0,False,False,False,False,1.8211356860604033,0.03632982572657161,0.06633400803726608
ARYLGLLLYGFDY,H3-23_A,K1-39,True,29,1,1,1,0.0001055839337661,4.002145149800293e-06,3.836209211505559e-06,7.004468851127019e-06,False,False,False,False,False,False,False,False,False,False,False,False,False,0,0,True,-1.8461538461538456,False,False,False,5.87858085632324,1563.7927,1,0.0001055839337661,7.004468851127019e-06,1567,2173,True,1000000.0,False,False,False,False,1.8211356860604033,0.03632982572657161,0.06633400803726608
ARYPRYSYRAYAFDY,H3-23_A,K4-1,True,29,1,1,1,0.0001055839337661,4.002145149800293e-06,3.836209211505559e-06,7.004468851127019e-06,False,False,False,False,False,False,False,False,False,False,False,False,False,2,2,False,1.2533333333333334,True,False,True,9.402076721191406,1962.1258000000005,3,0.0001055839337661,7.004468851127019e-06,1582,2174,True,1000000.0,False,False,False,False,1.8211356860604033,0.03632982572657161,0.06633400803726608
ARAFPRVAYSYRFDI,H3-23_A,K4-1,True,28,1,1,1,0.0001019431084638,4.002145149800293e-06,3.836209211505559e-06,7.004468851127019e-06,False,False,False,False,False,False,False,False,False,False,False,False,False,2,2,False,0.2400000000000001,True,False,True,9.97897186279297,1832.0686,3,0.0001019431084638,7.004468851127019e-06,8,2177,True,1000000.0,False,False,False,False,1.8211356860604033,0.03762719223875026,0.06870284738413897
ARASRLGRLDY,H3-23_A,K3-20,True,28,1,1,1,0.0001019431084638,4.002145149800293e-06,3.836209211505559e-06,7.004468851127019e-06,False,False,False,False,False,False,False,False,False,False,False,False,False,2,2,False,1.7000000000000002,True,False,True,10.73751983642578,1277.4326,3,0.0001019431084638,7.004468851127019e-06,65,2182,True,1000000.0,False,False,False,False,1.8211356860604033,0.03762719223875026,0.06870284738413897
ARDARSVYRLAFDY,H3-23_A,K3-15,True,28,1,1,1,0.0001019431084638,4.002145149800293e-06,3.836209211505559e-06,7.004468851127019e-06,False,False,False,False,False,False,False,False,False,False,False,False,False,1,1,False,1.392857142857143,True,False,False,8.631455993652345,1702.867,3,0.0001019431084638,7.004468851127019e-06,87,2184,True,1000000.0,False,False,False,False,1.8211356860604033,0.03762719223875026,0.06870284738413897
ARDRITLSRYSFDY,H3-23_A,K3-20,True,28,1,1,1,0.0001019431084638,4.002145149800293e-06,3.836209211505559e-06,7.004468851127019e-06,False,False,False,False,False,False,False,False,False,False,False,False,False,1,1,False,1.6214285714285717,True,False,False,8.631455993652345,1762.919,3,0.0001019431084638,7.004468851127019e-06,181,2190,True,1000000.0,False,False,False,False,1.8211356860604033,0.03762719223875026,0.06870284738413897
ARDRWSLTRGRGFDY,H3-23_A,K4-1,True,28,1,1,1,0.0001019431084638,4.002145149800293e-06,3.836209211505559e-06,7.004468851127019e-06,False,False,False,False,False,False,False,False,False,False,False,False,False,2,2,False,2.1133333333333337,True,False,True,10.667610168457031,1856.0091,4,0.0001019431084638,7.004468851127019e-06,207,2191,True,1000000.0,False,False,False,False,1.8211356860604033,0.03762719223875026,0.06870284738413897
ARDRYRYRYHGFDY,H3-23_A,K3-20,True,28,1,1,1,0.0001019431084638,4.002145149800293e-06,3.836209211505559e-06,7.004468851127019e-06,False,False,False,False,False,False,False,False,False,False,False,False,False,2,3,False,2.1357142857142857,True,False,True,9.522032165527342,1938.068,4,0.0001019431084638,7.004468851127019e-06,213,2193,True,1000000.0,False,False,False,False,1.8211356860604033,0.03762719223875026,0.06870284738413897
ARESLAGTGRYRFDY,H3-23_A,K3-20,True,28,1,1,1,0.0001019431084638,4.002145149800293e-06,3.836209211505559e-06,7.004468851127019e-06,False,False,False,False,False,False,False,False,False,False,False,False,False,1,1,False,2.3666666666666667,True,False,True,8.63159637451172,1761.8912,3,0.0001019431084638,7.004468851127019e-06,428,2196,True,1000000.0,False,False,False,False,1.8211356860604033,0.03762719223875026,0.06870284738413897
ARGRLWYRGYRYTFDP,H1-69,K1-39,True,28,1,1,1,0.0001019431084638,4.002145149800293e-06,3.836209211505559e-06,7.004468851127019e-06,False,False,False,False,True,False,False,False,False,False,False,False,True,3,3,False,0.8437500000000002,True,False,True,10.256925964355467,2077.306,4,0.0001019431084638,7.004468851127019e-06,637,2200,True,1000000.0,False,False,False,False,1.8211356860604033,0.03762719223875026,0.06870284738413897
ARGRYALGFPWRFDY,H1-69,K3-20,True,28,1,1,1,0.0001019431084638,4.002145149800293e-06,3.836209211505559e-06,7.004468851127019e-06,False,False,False,False,False,False,False,False,False,False,False,False,False,2,2,False,-0.0733333333333331,True,False,True,9.97897186279297,1875.0949,3,0.0001019431084638,7.004468851127019e-06,656,2202,True,1000000.0,False,False,False,False,1.8211356860604033,0.03762719223875026,0.06870284738413897
ARHARWYWGSRPFDY,H3-23_A,UNK,True,28,1,1,1,0.0001019431084638,4.002145149800293e-06,3.836209211505559e-06,7.004468851127019e-06,False,False,False,True,False,False,False,False,False,False,False,False,False,2,3,False,0.6800000000000002,True,False,True,9.979042053222656,1968.1387,3,0.0001019431084638,7.004468851127019e-06,707,2205,True,1000000.0,False,False,False,False,1.8211356860604033,0.03762719223875026,0.06870284738413897
ARHGRAGRWKFDY,H1-69,K3-20,True,28,1,1,1,0.0001019431084638,4.002145149800293e-06,3.836209211505559e-06,7.004468851127019e-06,False,False,False,False,False,False,False,False,False,False,False,False,True,3,4,False,1.9153846153846157,True,False,True,10.903660583496094,1619.7867,3,0.0001019431084638,7.004468851127019e-06,722,2206,True,1000000.0,False,False,False,False,1.8211356860604033,0.03762719223875026,0.06870284738413897
ARHPTRYQWRGFDY,H3-23_A,K3-20,True,28,1,1,1,0.0001019431084638,4.002145149800293e-06,3.836209211505559e-06,7.004468851127019e-06,False,False,False,False,False,False,False,False,False,False,False,False,False,2,3,False,1.6285714285714286,True,False,True,9.979042053222656,1853.0067,3,0.0001019431084638,7.004468851127019e-06,765,2207,True,1000000.0,False,False,False,False,1.8211356860604033,0.03762719223875026,0.06870284738413897
ARHRSSYPRFDY,H3-23_A,K4-1,True,28,1,1,1,0.0001019431084638,4.002145149800293e-06,3.836209211505559e-06,7.004468851127019e-06,False,False,False,False,False,False,False,False,False,False,False,False,False,2,3,False,2.4083333333333337,True,False,True,9.979042053222656,1554.667,3,0.0001019431084638,7.004468851127019e-06,792,2208,True,1000000.0,False,False,False,False,1.8211356860604033,0.03762719223875026,0.06870284738413897
ARHYSRITRGFDY,H3-23_A,K4-1,True,28,1,1,1,0.0001019431084638,4.002145149800293e-06,3.836209211505559e-06,7.004468851127019e-06,False,False,False,False,False,False,False,False,False,False,False,False,False,2,3,False,1.784615384615385,True,False,True,9.979042053222656,1641.7873,3,0.0001019431084638,7.004468851127019e-06,829,2209,True,1000000.0,False,False,False,False,1.8211356860604033,0.03762719223875026,0.06870284738413897
ARIKYSYLWSLWGFDI,H3-23_A,K4-1,True,28,1,1,1,0.0001019431084638,4.002145149800293e-06,3.836209211505559e-06,7.004468851127019e-06,False,False,False,False,False,False,False,False,False,False,False,False,False,1,1,True,-1.6687499999999995,False,False,False,8.54006805419922,2018.3149,1,0.0001019431084638,7.004468851127019e-06,862,2212,True,1000000.0,False,False,False,False,1.8211356860604033,0.03762719223875026,0.06870284738413897
ARKRGRYRYFDY,H3-23_A,K4-1,True,28,1,1,1,0.0001019431084638,4.002145149800293e-06,3.836209211505559e-06,7.004468851127019e-06,False,False,False,False,False,False,False,False,False,False,False,False,True,4,4,False,2.1166666666666667,True,False,True,10.420399475097652,1650.8403999999998,4,0.0001019431084638,7.004468851127019e-06,910,2215,True,1000000.0,False,False,False,False,1.8211356860604033,0.03762719223875026,0.06870284738413897
ARLGRRSARNPGFDI,H3-23_A,UNK,True,28,1,1,1,0.0001019431084638,4.002145149800293e-06,3.836209211505559e-06,7.004468851127019e-06,False,False,False,False,False,True,True,False,False,False,False,False,True,3,3,False,2.106666666666667,True,False,True,11.999964904785156,1685.888,4,0.0001019431084638,7.004468851127019e-06,948,2217,True,1000000.0,False,False,False,False,1.8211356860604033,0.03762719223875026,0.06870284738413897
ARLISRSSVANRPGFDP,H3-23_A,K3-20,True,28,1,1,1,0.0001019431084638,4.002145149800293e-06,3.836209211505559e-06,7.004468851127019e-06,False,False,False,False,True,False,False,False,False,False,False,False,False,2,2,False,1.947058823529412,True,False,True,11.698988342285158,1843.0518,3,0.0001019431084638,7.004468851127019e-06,965,2218,True,1000000.0,False,False,False,False,1.8211356860604033,0.03762719223875026,0.06870284738413897
ARLLRYRWFLTGFDY,H3-23_A,K3-15,True,28,1,1,1,0.0001019431084638,4.002145149800293e-06,3.836209211505559e-06,7.004468851127019e-06,False,False,False,False,False,False,False,False,False,False,False,False,False,2,2,True,-1.613333333333333,True,False,True,9.97897186279297,1977.2696,3,0.0001019431084638,7.004468851127019e-06,980,2219,True,1000000.0,False,False,False,False,1.8211356860604033,0.03762719223875026,0.06870284738413897
ARLRGRGYSSGFDY,H5-51,UNK,True,28,1,1,1,0.0001019431084638,4.002145149800293e-06,3.836209211505559e-06,7.004468851127019e-06,False,False,False,False,False,False,False,False,False,False,False,False,False,2,2,False,2.3285714285714287,True,False,True,9.97897186279297,1604.724,3,0.0001019431084638,7.004468851127019e-06,997,2221,True,1000000.0,False,False,False,False,1.8211356860604033,0.03762719223875026,0.06870284738413897
ARLRRSYAYRLFDY,H3-23_A,K1-39,True,28,1,1,1,0.0001019431084638,4.002145149800293e-06,3.836209211505559e-06,7.004468851127019e-06,False,False,False,False,False,True,True,False,False,False,False,False,True,3,3,False,0.3000000000000002,True,False,True,10.256925964355467,1850.0872,4,0.0001019431084638,7.004468851127019e-06,1009,2222,True,1000000.0,False,False,False,False,1.8211356860604033,0.03762719223875026,0.06870284738413897
ARLRSLLWYDYFDY,H3-23_A,K3-20,True,28,1,1,1,0.0001019431084638,4.002145149800293e-06,3.836209211505559e-06,7.004468851127019e-06,False,False,False,False,False,False,False,False,False,False,False,False,False,0,0,True,-1.107142857142857,False,False,False,6.003152847290039,1881.0928,2,0.0001019431084638,7.004468851127019e-06,1011,2223,True,1000000.0,False,False,False,False,1.8211356860604033,0.03762719223875026,0.06870284738413897
ARLRYFRSRGLFDY,H3-23_A,K1-39,True,28,1,1,1,0.0001019431084638,4.002145149800293e-06,3.836209211505559e-06,7.004468851127019e-06,False,False,False,False,False,False,False,False,False,False,False,False,True,3,3,False,0.035714285714286,True,False,True,10.83466339111328,1820.0612,4,0.0001019431084638,7.004468851127019e-06,949,2224,True,1000000.0,False,False,False,False,1.8211356860604033,0.03762719223875026,0.06870284738413897
ARLYVRQGSSSSRFDY,H3-23_A,K4-1,True,28,1,1,1,0.0001019431084638,4.002145149800293e-06,3.836209211505559e-06,7.004468851127019e-06,False,False,False,False,False,False,False,False,False,False,False,False,False,2,2,False,2.28125,True,False,True,9.97897186279297,1892.0362,3,0.0001019431084638,7.004468851127019e-06,1058,2227,True,1000000.0,False,False,False,False,1.8211356860604033,0.03762719223875026,0.06870284738413897
ARPRARYSWPWYPFDY,H4-34,K3-20,True,28,1,1,1,0.0001019431084638,4.002145149800293e-06,3.836209211505559e-06,7.004468851127019e-06,False,False,False,False,False,False,False,False,False,False,False,False,False,2,2,False,0.2937500000000001,True,False,True,9.694419860839844,2131.3517,3,0.0001019431084638,7.004468851127019e-06,1108,2231,True,1000000.0,False,False,False,False,1.8211356860604033,0.03762719223875026,0.06870284738413897
ARQYRPRGYSWYFDY,H3-23_A,K3-20,True,28,1,1,1,0.0001019431084638,4.002145149800293e-06,3.836209211505559e-06,7.004468851127019e-06,False,False,False,True,False,False,False,False,False,False,False,False,False,2,2,False,1.2133333333333336,True,False,True,9.52378692626953,2028.1872000000003,3,0.0001019431084638,7.004468851127019e-06,1169,2234,True,1000000.0,False,False,False,False,1.8211356860604033,0.03762719223875026,0.06870284738413897
ARSGRWRGYLYSFDY,H1-69,K1-39,True,28,1,1,1,0.0001019431084638,4.002145149800293e-06,3.836209211505559e-06,7.004468851127019e-06,False,False,False,False,False,False,False,False,False,False,False,False,False,2,2,False,1.0000000000000002,True,False,True,9.694419860839844,1897.0558,3,0.0001019431084638,7.004468851127019e-06,1183,2236,True,1000000.0,False,False,False,False,1.8211356860604033,0.03762719223875026,0.06870284738413897
ARTREARTSHHTFDY,H5-51,K3-15,True,28,1,1,1,0.0001019431084638,4.002145149800293e-06,3.836209211505559e-06,7.004468851127019e-06,False,False,False,False,False,False,False,False,False,False,False,False,False,1,3,False,3.3200000000000003,True,False,True,8.799702453613282,1847.9442,3,0.0001019431084638,7.004468851127019e-06,1278,2241,True,1000000.0,False,False,False,False,1.8211356860604033,0.03762719223875026,0.06870284738413897
ARTRKRYGWYGHHPFDP,H3-23_A,K3-20,True,28,1,1,1,0.0001019431084638,4.002145149800293e-06,3.836209211505559e-06,7.004468851127019e-06,False,False,False,False,True,False,False,False,False,False,False,False,True,3,5,False,1.9058823529411768,True,False,True,10.267384338378903,2144.3556,3,0.0001019431084638,7.004468851127019e-06,1280,2242,True,1000000.0,False,False,False,False,1.8211356860604033,0.03762719223875026,0.06870284738413897
ARVHRADWYNWRFDY,H3-23_A,K3-15,True,28,1,1,1,0.0001019431084638,4.002145149800293e-06,3.836209211505559e-06,7.004468851127019e-06,False,False,False,False,False,False,False,False,False,False,False,False,False,1,2,False,0.6133333333333334,True,False,False,8.637562561035157,2055.2159,3,0.0001019431084638,7.004468851127019e-06,1337,2246,True,1000000.0,False,False,False,False,1.8211356860604033,0.03762719223875026,0.06870284738413897
ARVKARVYHYLYRGFDY,H3-23_A,K3-15,True,28,1,1,1,0.0001019431084638,4.002145149800293e-06,3.836209211505559e-06,7.004468851127019e-06,False,False,False,True,False,False,False,False,False,False,False,False,True,3,4,False,0.4058823529411766,True,False,True,9.81893768310547,2177.4647,3,0.0001019431084638,7.004468851127019e-06,1354,2247,True,1000000.0,False,False,False,False,1.8211356860604033,0.03762719223875026,0.06870284738413897
ARVRPRSQGRTFDY,H3-23_A,K4-1,True,28,1,1,1,0.0001019431084638,4.002145149800293e-06,3.836209211505559e-06,7.004468851127019e-06,False,False,False,False,False,False,False,False,False,False,False,False,True,3,3,False,2.8285714285714287,True,False,True,11.539094543457033,1708.8783,4,0.0001019431084638,7.004468851127019e-06,1410,2250,True,1000000.0,False,False,False,False,1.8211356860604033,0.03762719223875026,0.06870284738413897
ARVRPRSYWSHSYFDY,H3-23_A,K3-20,True,28,1,1,1,0.0001019431084638,4.002145149800293e-06,3.836209211505559e-06,7.004468851127019e-06,False,False,False,False,False,False,False,False,False,False,False,False,False,2,3,False,1.2375,True,False,True,9.694560241699218,2090.2584,3,0.0001019431084638,7.004468851127019e-06,1411,2251,True,1000000.0,False,False,False,False,1.8211356860604033,0.03762719223875026,0.06870284738413897
ARVRWSYARPFDY,H3-23_A,K3-20,True,28,1,1,1,0.0001019431084638,4.002145149800293e-06,3.836209211505559e-06,7.004468851127019e-06,False,False,False,False,False,False,False,False,False,False,False,False,False,2,2,False,0.6692307692307693,True,False,True,9.97897186279297,1686.8692,3,0.0001019431084638,7.004468851127019e-06,1423,2252,True,1000000.0,False,False,False,False,1.8211356860604033,0.03762719223875026,0.06870284738413897
ARVYSRSYARAFDY,H5-51,K3-15,True,28,1,1,1,0.0001019431084638,4.002145149800293e-06,3.836209211505559e-06,7.004468851127019e-06,False,False,False,False,False,False,False,False,False,False,False,False,False,2,2,False,1.6642857142857144,True,False,True,9.694419860839844,1724.8725,3,0.0001019431084638,7.004468851127019e-06,1476,2253,True,1000000.0,False,False,False,False,1.8211356860604033,0.03762719223875026,0.06870284738413897
ARYPRGKYRNRFDY,H4-34,K3-20,True,28,1,1,1,0.0001019431084638,4.002145149800293e-06,3.836209211505559e-06,7.004468851127019e-06,False,False,False,False,False,False,False,False,False,False,False,False,True,4,4,False,2.4642857142857144,True,False,True,10.420399475097652,1862.0582,4,0.0001019431084638,7.004468851127019e-06,1581,2258,True,1000000.0,False,False,False,False,1.8211356860604033,0.03762719223875026,0.06870284738413897
