cdr3_aa,vh_scaffold,vl_scaffold,cdr3_functional,count hCNTN4_19-991__Block162__Round3__M_P__100nM_Block162.csv,count hCNTN4_19-991__Block162__Round4__F_P__20nM_Block162.csv,count hCNTN4_19-991__Block162__Round6__F_P__4nM__Block162.csv,freq hCNTN4_19-991__Block162__Round3__M_P__100nM_Block162.csv,freq hCNTN4_19-991__Block162__Round4__F_P__20nM_Block162.csv,freq hCNTN4_19-991__Block162__Round6__F_P__4nM__Block162.csv,l_glyco,l_asp_isomer,l_asn_deamid,l_aromatic,l_frag,l_poly,l_RR,l_WW,l_VV,l_neg_patch,l_cys,l_neg_charge,l_pos_charge,l_charge_value,l_charge_value2,l_hydrophobic,l_hydrophobic_value,l_arg,l_trp,l_rmd,l_isoelectricpoint,l_molecular_weight,l_arg_value,max_freq,max_freq_20_4,greedy_cluster_85,rank,critical,rank_adjusted,cdr3_repeat,vh_repeat,ab_repeat,LEAD,ratio_4nM_20nM,ratio_20nM_100nM,ratio_4nM_100nM
ARATLDFLYEDPFDI,H1-69,K1-39,True,29,2669,21484,0.0001702007782283,0.0071935271731513,0.0807790645209806,False,False,False,False,True,False,False,False,False,True,False,False,False,-3,-3,False,0.4533333333333335,False,False,False,4.050025558471679,1785.9456999999998,1,0.0807790645209806,0.0807790645209806,66,2,False,2.0,True,True,True,True,11.229394187671017,42.26246567948112,474.58254619242393
ARELVLSSDVWPFDY,H1-69,K3-15,True,26,3067,16435,0.0001525938011702,0.0082662224953372,0.061795006767935,False,False,False,False,False,False,False,False,False,False,False,False,False,-2,-2,False,0.1533333333333334,False,False,False,4.050025558471679,1796.9716000000003,1,0.061795006767935,0.061795006767935,237,3,False,3.0,True,True,True,True,7.4755950552796815,54.16786758881471,404.93753297150596
ARAYGPYLYEDPFDI,H1-69,K1-39,True,74,7488,16433,0.0004343054341,0.0201817652576085,0.0617874868401263,False,False,False,False,True,False,False,False,False,True,False,False,False,-2,-2,False,0.9333333333333336,False,False,False,4.050025558471679,1789.9359,1,0.0617874868401263,0.0617874868401263,49,4,False,4.0,True,True,True,True,3.0615486522590474,46.46799002073158,142.2640827125197
ARPWEQILWEAPFDY,H1-69,K4-1,True,49,1937,13668,0.0002875806252824,0.00522063024893,0.0513911866446082,False,False,False,False,False,False,False,False,False,False,False,False,False,-2,-2,False,-0.2733333333333332,False,False,False,4.137435531616211,1921.1138,1,0.0513911866446082,0.0513911866446082,703,5,False,5.0,True,True,True,True,9.843847534819337,18.152991752786086,178.69562540206087
ARDLGIWDADIFDY,H3-23_A,K4-1,True,8,3025,12506,4.695193882162372e-05,0.0081530234914885,0.0470221085877575,False,False,False,False,False,False,False,False,False,True,False,False,False,-3,-3,False,0.5571428571428573,False,False,False,4.050025558471679,1669.7874,1,0.0470221085877575,0.0470221085877575,128,6,False,6.0,True,True,True,True,5.7674371921625305,173.60917577224097,1001.2812453583385
ARDVDLALGFDY,H3-23_A,UNK,True,33,6210,10841,0.0001936767476391,0.0167372812833532,0.0407617686870206,False,False,False,False,False,False,False,False,False,True,False,False,False,-2,-2,False,0.9083333333333335,False,False,False,4.050025558471679,1354.4634999999998,1,0.0407617686870206,0.0407617686870206,191,7,False,7.0,True,True,False,True,2.4353862280906813,86.41417901518011,210.45202722373517
ARHGFGAGLPFDY,H1-69,K4-1,True,16,2360,7459,9.390387764324744e-05,0.0063607059305497,0.0280455707625206,False,False,False,False,False,False,False,False,False,False,False,False,False,0,1,False,0.7846153846153848,False,False,False,6.788309097290039,1407.531,1,0.0280455707625206,0.0280455707625206,337,8,False,8.0,True,True,True,True,4.409184605748754,67.72913748394294,298.6307398471809
ARHRWEYLYEDPFDI,H1-69,K3-15,True,11,1159,4735,6.455891587973261e-05,0.0031237534633504,0.0178034290870807,False,False,False,False,True,False,False,False,False,True,False,False,False,-2,-1,False,0.6733333333333335,False,False,False,4.751401138305664,2010.1672,2,0.0178034290870807,0.0178034290870807,493,9,False,9.0,True,True,True,True,5.699352494502125,48.37859550203333,275.7275516324563
ARGPDYWASFDY,H4-34,K1-39,True,14,4187,4139,8.21658929378415e-05,0.011284862597971,0.0155624906000902,False,False,False,False,False,False,False,False,False,False,False,False,False,-1,-1,False,1.6416666666666668,False,False,False,4.207874679565429,1447.5055,1,0.0155624906000902,0.0155624906000902,334,11,False,11.0,True,True,True,True,1.3790577133221962,137.32570702343278,189.3802433258838
ARARFTWLYEDPFDI,H1-69,K3-15,True,34,1899,3269,0.0001995457399919,0.0051182121025906,0.0122913220033087,False,False,False,False,True,False,False,False,False,True,False,False,False,-1,-1,False,0.0133333333333335,False,False,False,4.558281326293945,1900.0963,2,0.0122913220033087,0.0122913220033087,48,12,False,12.0,True,True,True,True,2.4014827330543977,25.648032488558577,61.59342749954276
ARATGVYLYEDPFDI,H1-69,K1-39,True,6,1762,2495,3.5213954116217785e-05,0.0047489677328934,0.0093811099413445,False,False,False,False,True,False,False,False,False,True,False,False,False,-2,-2,False,1.0200000000000002,False,False,False,4.050025558471679,1729.8824,1,0.0093811099413445,0.0093811099413445,49,13,False,13.0,False,False,False,True,1.9753956470183087,134.82210762666432,266.32756533785215
ARDIDLGLGFDY,H3-23_A,K4-1,True,28,6216,2455,0.0001643317858756,0.0167534525696173,0.0092307113851707,False,False,False,False,False,False,False,False,False,True,False,False,False,-2,-2,False,0.8500000000000002,False,False,False,4.050025558471679,1354.4634999999998,1,0.0167534525696173,0.0167534525696173,87,14,False,14.0,False,False,False,True,0.5509733493487344,101.94274377849938,56.167768507505265
ARAGEAFLYEDPFDI,H1-69,K3-15,True,37,4824,2401,0.00021715271705,0.0130017141563439,0.0090276733343359,False,False,False,False,True,False,False,False,False,True,False,False,False,-3,-3,False,1.0933333333333335,False,False,False,4.050025558471679,1713.84,1,0.0130017141563439,0.0130017141563439,12,15,False,15.0,False,False,False,True,0.6943443212438135,59.87083940080912,41.57100931951109
ARIADVWDADVFDY,H3-23_A,K4-1,True,15,792,1122,8.803488529054446e-05,0.0021346097868624,0.0042186795006767,False,False,False,False,False,False,False,False,False,True,False,False,False,-3,-3,False,1.0,False,False,False,4.050025558471679,1655.7607999999998,1,0.0042186795006767,0.0042186795006767,539,17,False,17.0,True,True,True,True,1.976314248860957,24.24456321134699,47.91510019866836
ARGPDYWGSFDY,H4-34,K3-20,True,326,47561,1021,0.0019132915069811,0.1281870910012182,0.0038389231463377,False,False,False,False,False,False,False,False,False,False,False,False,False,-1,-1,False,1.9416666666666669,False,False,False,4.207874679565429,1433.4788999999998,1,0.1281870910012182,0.1281870910012182,334,19,False,19.0,False,False,False,True,0.029947811568819375,66.99785189814543,2.006439200685594
ARELVLSSDVWPFDY,H3-23_A,K3-15,True,4,169,912,2.347596941081186e-05,0.0004554912297724,0.003429087080764,False,False,False,False,False,False,False,False,False,False,False,False,False,-2,-2,False,0.1533333333333334,False,False,False,4.050025558471679,1796.9716000000003,1,0.003429087080764,0.003429087080764,237,20,False,20.0,True,False,False,False,7.528162069896957,19.39418474941523,146.00577139410757
ARGTWQYLYEDYFDI,H1-69,K4-1,True,27,497,797,0.0001584627935229,0.0013395215455437,0.0029966912317641,False,False,False,False,False,False,False,False,False,True,False,False,False,-2,-2,False,0.5933333333333335,False,False,False,4.050025558471679,1940.0706,1,0.0029966912317641,0.0029966912317641,404,21,False,21.0,True,True,True,True,2.237118820929132,8.452690936820858,18.90981514963365
ARPWEQILWEAPFDY,H3-23_A,K4-1,True,4,105,793,2.347596941081186e-05,0.0002829975096219,0.0029816513761467,False,False,False,False,False,False,False,False,False,False,False,False,False,-2,-2,False,-0.2733333333333332,False,False,False,4.137435531616211,1921.1138,1,0.0029816513761467,0.0029816513761467,703,22,False,22.0,True,False,False,False,10.535591017108368,12.04964141235835,126.95457973193496
ARINIGARVSGSPFDY,H3-23_A,K3-20,True,26,2632,751,0.0001525938011702,0.0070938042411893,0.0028237328921642,False,False,False,False,False,False,False,False,False,False,False,False,False,1,1,False,1.58125,False,False,False,8.79022674560547,1722.8981,2,0.0070938042411893,0.0070938042411893,551,23,False,23.0,False,False,False,True,0.3980556575288603,46.48510841009481,18.503686477736373
ARDVDLALGFDY,H3-23_A,K4-1,True,8,482,711,4.695193882162372e-05,0.0012990933298834,0.0026733343359903,False,False,False,False,False,False,False,False,False,True,False,False,False,-2,-2,False,0.9083333333333335,False,False,False,4.050025558471679,1354.4634999999998,1,0.0026733343359903,0.0026733343359903,191,24,False,24.0,True,True,False,False,2.057830408478934,27.66268519742694,56.92555297055491
ARATLDFLYEDPFDI,H3-23_A,K1-39,True,3,95,674,1.7606977058108893e-05,0.0002560453658483,0.0025342156715295,False,False,False,False,True,False,False,False,False,True,False,False,False,-3,-3,False,0.4533333333333335,False,False,False,4.050025558471679,1785.9456999999998,1,0.0025342156715295,0.0025342156715295,66,25,False,25.0,True,False,False,False,9.89713948439923,14.534012560937361,143.85076753920328
ARASGDLVPFDY,H5-51,K4-1,True,42,2267,640,0.0002464976788135,0.006110050993456,0.0024063768987817,False,False,False,False,False,False,False,False,False,False,False,False,False,-1,-1,False,1.5583333333333336,False,False,False,4.207874679565429,1310.4109999999998,1,0.006110050993456,0.006110050993456,58,26,False,26.0,False,False,False,True,0.3938384414425615,24.78645299353402,9.761873992583775
ARGSVAYLYEDPFDI,H1-69,K1-39,True,56,2606,622,0.0003286635717513,0.0070237286673782,0.0023386975485035,False,False,False,False,True,False,False,False,False,True,False,False,False,-2,-2,False,1.106666666666667,False,False,False,4.050025558471679,1715.8557999999998,1,0.0070237286673782,0.0070237286673782,347,27,False,27.0,False,False,False,True,0.3329704676179932,21.36992222998964,7.115563128614249
ARAYGPYLYEDPFDI,H3-23_A,K1-39,True,3,296,615,1.7606977058108893e-05,0.000797783455696,0.0023123778011731,False,False,False,False,True,False,False,False,False,True,False,False,False,-2,-2,False,0.9333333333333336,False,False,False,4.050025558471679,1789.9359,1,0.0023123778011731,0.0023123778011731,49,28,False,28.0,True,False,False,False,2.8984667455761057,45.28492334777659,131.25848966856313
ARATLDFLYEDPFDI,H1-69,K3-15,True,1,130,599,5.868992352702965e-06,0.0003503778690557,0.0022522183787035,False,False,False,False,True,False,False,False,False,True,False,False,False,-3,-3,False,0.4533333333333335,False,False,False,4.050025558471679,1785.9456999999998,1,0.0022522183787035,0.0022522183787035,66,29,False,29.0,True,True,False,False,6.427786397894592,59.59828624281301,383.09598713255764
ARATLDFLYEDPFDI,UNK,K1-39,True,3,75,520,1.7606977058108893e-05,0.0002021410783013,0.0019551812302601,False,False,False,False,True,False,False,False,False,True,False,False,False,-3,-3,False,0.4533333333333335,False,False,False,4.050025558471679,1785.9456999999998,1,0.0019551812302601,0.0019551812302601,66,31,False,31.0,True,False,False,False,9.671881281513434,11.474220442845883,110.98278801243896
ARVTTAYLYEDPFDI,H1-69,K3-15,True,152,9670,498,0.0008920868376108,0.0260627230289897,0.0018724620243645,False,False,False,False,True,False,False,False,False,True,False,False,False,-2,-2,False,0.9866666666666668,False,False,False,4.050025558471679,1773.935,1,0.0260627230289897,0.0260627230289897,901,32,False,32.0,False,False,False,True,0.07184442331054659,29.215127697112436,2.0989448066863448
ARADWSYLYEDVFDY,H1-69,K3-15,True,4,387,498,2.347596941081186e-05,0.001043047964035,0.0018724620243645,False,False,False,False,False,False,False,False,False,True,False,False,False,-3,-3,False,0.9933333333333336,False,False,False,4.050025558471679,1913.0022,1,0.0018724620243645,0.0018724620243645,8,33,False,33.0,True,True,True,True,1.7951658382636821,44.4115354912635,79.7268356954644
ARATWLYLIEDAFDY,H1-69,K3-15,True,4,1818,472,2.347596941081186e-05,0.0048998997380251,0.0017747029628515,False,False,False,False,False,False,False,False,False,True,False,False,False,-2,-2,False,-0.3933333333333331,False,False,False,4.050025558471679,1847.0303,1,0.0048998997380251,0.0048998997380251,62,35,False,35.0,False,False,False,True,0.36219094998406864,208.63093416827036,75.56439045835207
ARELVLSSDVWPFDY,UNK,K3-15,True,2,85,456,1.173798470540593e-05,0.0002290932220748,0.001714543540382,False,False,False,False,False,False,False,False,False,False,False,False,False,-2,-2,False,0.1533333333333334,False,False,False,4.050025558471679,1796.9716000000003,1,0.001714543540382,0.001714543540382,237,36,False,36.0,True,False,False,False,7.483716400209413,19.50064013697438,145.94363062058116
ARVRYSWLYEDPFDI,H1-69,K4-1,True,16,193,452,9.390387764324744e-05,0.0005201763748288,0.0016995036847646,False,False,False,False,True,False,False,False,False,True,False,False,False,-1,-1,False,0.2000000000000001,False,False,False,4.558281326293945,1930.1222,2,0.0016995036847646,0.0016995036847646,886,37,False,37.0,True,True,True,True,3.2671053433952943,5.538865904406637,18.09640627576405
ARAYGPYLYEDPFDI,UNK,K1-39,True,2,191,451,1.173798470540593e-05,0.0005147859460741,0.0016957437208602,False,False,False,False,True,False,False,False,False,True,False,False,False,-2,-2,False,0.9333333333333336,False,False,False,4.050025558471679,1789.9359,1,0.0016957437208602,0.0016957437208602,49,38,False,38.0,True,False,False,False,3.2940114113022054,43.81908548427179,144.3433715128936
ARAYGPYLYEDPFDI,H1-69,K3-15,True,1,374,447,5.868992352702965e-06,0.0010080101771294,0.0016807038652428,False,False,False,False,True,False,False,False,False,True,False,False,False,-2,-2,False,0.9333333333333336,False,False,False,4.050025558471679,1789.9359,1,0.0016807038652428,0.0016807038652428,49,39,False,39.0,True,True,False,False,1.667331570712247,171.45968503700308,285.8829820504985
ARDVDLALGFDY,H1-69,UNK,True,1,190,446,5.868992352702965e-06,0.0005120907316967,0.0016769439013385,False,False,False,False,False,False,False,False,False,True,False,False,False,-2,-2,False,0.9083333333333335,False,False,False,4.050025558471679,1354.4634999999998,1,0.0016769439013385,0.0016769439013385,191,40,False,40.0,True,False,False,False,3.2746368000342896,87.10518758563408,285.2434228065456
ARGPDYWATFDY,H4-34,K1-39,True,2,1122,437,1.173798470540593e-05,0.0030240305313884,0.0016431042261994,False,False,False,False,False,False,False,False,False,False,False,False,False,-1,-1,False,1.5333333333333334,False,False,False,4.207874679565429,1461.5321,1,0.0030240305313884,0.0030240305313884,334,41,False,41.0,False,False,False,True,0.5433472895434429,257.40844980815035,139.86264601138888
ARHGFGAGLPFDY,H3-23_A,K4-1,True,1,157,434,5.868992352702965e-06,0.0004231486572441,0.0016318243344863,False,False,False,False,False,False,False,False,False,False,False,False,False,0,1,False,0.7846153846153848,False,False,False,6.788309097290039,1407.531,1,0.0016318243344863,0.0016318243344863,337,42,False,42.0,True,False,False,False,3.856294339134786,71.97639184707398,277.5687118790079
ARDLGIWDADIFDY,UNK,K4-1,True,1,106,433,5.868992352702965e-06,0.0002856927239992,0.001628064370582,False,False,False,False,False,False,False,False,False,True,False,False,False,-3,-3,False,0.5571428571428573,False,False,False,4.050025558471679,1669.7874,1,0.001628064370582,0.001628064370582,128,43,False,43.0,True,False,False,False,5.698455890769032,48.59552570566757,276.92915263505495
ARHRWEYLYEDPFDI,H1-69,K1-39,True,1,52,431,5.868992352702965e-06,0.0001401511476222,0.0016205444427733,False,False,False,False,True,False,False,False,False,True,False,False,False,-2,-1,False,0.6733333333333335,False,False,False,4.751401138305664,2010.1672,2,0.0016205444427733,0.0016205444427733,493,44,False,44.0,True,True,False,False,11.562008946597862,23.839314497111598,275.650034147132
ARELVLSSDVWPFDY,H1-69,K4-1,True,1,59,408,5.868992352702965e-06,0.0001590176482637,0.0015340652729733,False,False,False,False,False,False,False,False,False,False,False,False,False,-2,-2,False,0.1533333333333334,False,False,False,4.050025558471679,1796.9716000000003,1,0.0015340652729733,0.0015340652729733,237,45,False,45.0,True,True,False,False,9.646531843503777,27.048452987115894,260.9401715360266
ARDLGIWDADIFDY,H1-69,K4-1,True,1,88,391,5.868992352702965e-06,0.0002371788652069,0.0014701458865994,False,False,False,False,False,False,False,False,False,True,False,False,False,-3,-3,False,0.5571428571428573,False,False,False,4.050025558471679,1669.7874,1,0.0014701458865994,0.0014701458865994,128,46,False,46.0,True,False,False,False,6.198207851439362,40.34345530282125,250.06766438869
ARATLDFLYEDPFDI,H1-69,K4-1,True,1,59,350,5.868992352702965e-06,0.0001590176482637,0.0013159873665212,False,False,False,False,True,False,False,False,False,True,False,False,False,-3,-3,False,0.4533333333333335,False,False,False,4.050025558471679,1785.9456999999998,1,0.0013159873665212,0.0013159873665212,66,48,False,48.0,True,True,False,False,8.275211140260508,27.048452987115894,223.84573538629505
ARPWEQILWEAPFDY,UNK,K4-1,True,4,57,335,2.347596941081186e-05,0.000153627219509,0.001259587907956,False,False,False,False,False,False,False,False,False,False,False,False,False,-2,-2,False,-0.2733333333333332,False,False,False,4.137435531616211,1921.1138,1,0.001259587907956,0.001259587907956,703,49,False,49.0,True,False,False,False,8.198455504346159,6.541233909564622,53.63150593971836
AREYWPYLYPAWFDP,H1-69,K3-15,True,11,2144,313,6.455891587973261e-05,0.0057785396250417,0.0011768687020604,False,False,False,False,True,False,False,False,False,False,False,False,False,-1,-1,False,-0.7733333333333332,False,False,False,4.370375442504883,1974.1746000000005,1,0.0057785396250417,0.0057785396250417,274,51,False,51.0,False,False,False,True,0.20366160687802476,89.49414042826623,18.226551987530037
AREIVLSSDVWPFDY,H1-69,K3-15,True,5,342,307,2.9344961763514826e-05,0.0009217633170542,0.0011543089186343,False,False,False,False,False,False,False,False,False,False,False,False,False,-2,-2,False,0.2333333333333334,False,False,False,4.050025558471679,1796.9716000000003,1,0.0011543089186343,0.0011543089186343,237,52,False,52.0,False,False,False,True,1.2522698338928235,31.40059675362467,39.32244667642478
ARARFTWLYEDPFDI,H1-69,K1-39,True,2,80,303,1.173798470540593e-05,0.0002156171501881,0.0011392690630169,False,False,False,False,True,False,False,False,False,True,False,False,False,-1,-1,False,0.0133333333333335,False,False,False,4.558281326293945,1900.0963,2,0.0011392690630169,0.0011392690630169,48,53,False,53.0,True,True,False,False,5.28351398246033,18.353543658333333,96.97570192551035
ARGRIPWLYEDPFDI,H1-69,K4-1,True,3,102,296,1.7606977058108893e-05,0.0002749118664898,0.0011129493156865,False,False,False,False,True,False,False,False,False,True,False,False,False,-1,-1,False,0.1266666666666668,False,False,False,4.558281326293945,1848.0648,2,0.0011129493156865,0.0011129493156865,305,54,False,54.0,True,True,True,True,4.048238613743705,15.604939802272218,63.17481779169498
ARDVDLALGFDY,UNK,UNK,True,2,158,293,1.173798470540593e-05,0.0004258438716215,0.0011016694239735,False,False,False,False,False,False,False,False,False,True,False,False,False,-2,-2,False,0.9083333333333335,False,False,False,4.050025558471679,1354.4634999999998,1,0.0011016694239735,0.0011016694239735,191,55,False,55.0,True,False,False,False,2.586965852344455,36.24824872520855,93.77518371015226
ARELVLSSDVWPFDY,H1-69,K1-39,True,2,23,266,1.173798470540593e-05,6.198993067908621e-05,0.0010001503985561,False,False,False,False,False,False,False,False,False,False,False,False,False,-2,-2,False,0.1533333333333334,False,False,False,4.050025558471679,1796.9716000000003,1,0.0010001503985561,0.0010001503985561,237,56,False,56.0,True,True,False,False,16.13147607749617,5.276643801771469,85.13378452866667
ARAYGPYLYEDPFDI,H1-69,K4-1,True,1,157,249,5.868992352702965e-06,0.0004231486572441,0.0009362310121822,False,False,False,False,True,False,False,False,False,True,False,False,False,-2,-2,False,0.9333333333333336,False,False,False,4.050025558471679,1789.9359,1,0.0009362310121822,0.0009362310121822,49,57,False,57.0,True,True,False,False,2.2124822360473013,71.97639184707398,159.25025174624562
ARAGEAFLYEDPFDI,H1-69,K1-39,True,3,222,231,1.7606977058108893e-05,0.000598337591772,0.000868551661904,False,False,False,False,True,False,False,False,False,True,False,False,False,-3,-3,False,1.0933333333333335,False,False,False,4.050025558471679,1713.84,1,0.000868551661904,0.000868551661904,12,58,False,58.0,False,False,False,False,1.4515837848227875,33.963692510832445,49.30196929014082
ARASGSYLYEDPFDI,H1-69,K3-20,True,12,930,227,7.042790823243557e-05,0.0025065493709369,0.0008535118062866,False,False,False,False,True,False,False,False,False,True,False,False,False,-2,-2,False,1.7866666666666666,False,False,False,4.050025558471679,1703.8021,1,0.0025065493709369,0.0025065493709369,49,59,False,59.0,False,False,False,True,0.34051130652755096,35.58523292125067,12.117222497154893
ARPWEQILWEAPFDY,H1-69,K1-39,True,4,58,225,2.347596941081186e-05,0.0001563224338863,0.0008459918784779,False,False,False,False,False,False,False,False,False,False,False,False,False,-2,-2,False,-0.2733333333333332,False,False,False,4.137435531616211,1921.1138,1,0.0008459918784779,0.0008459918784779,703,60,False,60.0,True,True,False,False,5.411493043683992,6.6559923992039405,36.02116070578054
ARPLSAYLYEDPFDI,H1-69,K4-1,True,8,418,205,4.695193882162372e-05,0.0011265996097329,0.000770792600391,False,False,False,False,True,False,False,False,False,True,False,False,False,-2,-2,False,0.5000000000000002,False,False,False,4.050025558471679,1769.9463,1,0.0011265996097329,0.0011265996097329,347,61,False,61.0,False,False,False,True,0.6841700920461187,23.98963156125392,16.41313411949864
ARDVDLSSFDY,H3-23_A,K3-15,True,70,1669,202,0.0004108294646892,0.0044983127957997,0.0007595127086779,False,False,False,False,False,False,False,False,False,True,False,False,False,-2,-2,False,2.3000000000000003,False,False,False,4.050025558471679,1287.3313,1,0.0044983127957997,0.0044983127957997,110,62,False,62.0,False,False,False,True,0.16884353194641644,10.949076664781153,1.8486848853541156
ARPWEQILWEAPFDY,H1-69,K3-15,True,5,45,202,2.9344961763514826e-05,0.0001212846469808,0.0007595127086779,False,False,False,False,False,False,False,False,False,False,False,False,False,-2,-2,False,-0.2733333333333332,False,False,False,4.137435531616211,1921.1138,1,0.0007595127086779,0.0007595127086779,703,63,False,63.0,True,True,False,False,6.261716634519947,4.131657467581656,25.87340139621287
ARGPDYWASFDY,H4-34,K4-1,True,1,103,198,5.868992352702965e-06,0.0002776070808672,0.0007444728530606,False,False,False,False,False,False,False,False,False,False,False,False,False,-1,-1,False,1.6416666666666668,False,False,False,4.207874679565429,1447.5055,1,0.0007444728530606,0.0007444728530606,334,64,False,64.0,True,True,False,False,2.68165363145189,47.22018063853503,126.63273030425293
ARVRWTFLYQSAFDY,H1-69,K4-1,True,11,735,193,6.455891587973261e-05,0.0019809825673534,0.0007256730335388,False,False,False,False,False,False,False,False,False,False,False,False,False,1,1,False,-0.3199999999999998,False,False,False,8.632579040527343,1923.1328,2,0.0019809825673534,0.0019809825673534,880,65,False,65.0,False,False,False,True,0.3663178981576377,30.68012743226507,11.238736529051433
ARHGFGAGLPFDY,UNK,K4-1,True,1,57,190,5.868992352702965e-06,0.000153627219509,0.0007143931418258,False,False,False,False,False,False,False,False,False,False,False,False,False,0,1,False,0.7846153846153848,False,False,False,6.788309097290039,1407.531,1,0.0007143931418258,0.0007143931418258,337,66,False,66.0,True,False,False,False,4.6498702860471335,26.131556275688524,121.51625635256114
ARGREWLWEDPFDY,H1-69,K4-1,True,2,360,189,1.173798470540593e-05,0.0009702771758465,0.0007106331779214,False,False,False,False,True,False,False,False,False,True,False,False,False,-2,-2,False,0.9714285714285716,False,False,False,4.316753768920899,1839.9583,2,0.0009702771758465,0.0009702771758465,358,67,False,67.0,False,False,False,True,0.7323946926346088,82.59094646250426,60.48979427036506
ARHGFGAGLPFDY,H1-69,K1-39,True,1,42,185,5.868992352702965e-06,0.0001131990038487,0.0006955933223041,False,False,False,False,False,False,False,False,False,False,False,False,False,0,1,False,0.7846153846153848,False,False,False,6.788309097290039,1407.531,1,0.0006955933223041,0.0006955933223041,337,69,False,69.0,True,True,False,False,6.144328619247784,19.254830939974752,118.31846013276227
ARDVDLALGFDY,H3-23_A,K3-20,True,8,415,179,4.695193882162372e-05,0.0011185139666009,0.000673033538878,False,False,False,False,False,False,False,False,False,True,False,False,False,-2,-2,False,0.9083333333333335,False,False,False,4.050025558471679,1354.4634999999998,1,0.0011185139666009,0.0011185139666009,191,70,False,70.0,True,True,True,False,0.6017157959728768,23.817457172059473,14.331468328733063
ARELYTSAWVNPFDY,H1-69,K3-15,True,39,2570,172,0.0002288907017554,0.0069267009497935,0.0006467137915476,False,False,False,False,False,False,False,False,False,False,False,False,False,-1,-1,False,0.7400000000000001,False,False,False,4.370375442504883,1831.9759,1,0.0069267009497935,0.0069267009497935,246,71,False,71.0,False,False,False,True,0.09336520554057187,30.260723958790102,2.8253027910708157
ARARFTWLYEDPFDI,H3-23_A,K3-15,True,1,62,163,5.868992352702965e-06,0.0001671032913957,0.0006128741164084,False,False,False,False,True,False,False,False,False,True,False,False,False,-1,-1,False,0.0133333333333335,False,False,False,4.558281326293945,1900.0963,2,0.0006128741164084,0.0006128741164084,48,72,False,72.0,True,False,False,False,3.667416943857584,28.423798054248444,104.24815676560982
ARDLGIWDADIFDY,H3-23_A,UNK,True,1,28,160,5.868992352702965e-06,7.546600256584409e-05,0.0006015942246954,False,False,False,False,False,False,False,False,False,True,False,False,False,-3,-3,False,0.5571428571428573,False,False,False,4.050025558471679,1669.7874,1,0.0006015942246954,0.0006015942246954,128,73,False,73.0,True,True,False,False,7.970668878105708,12.836553959990667,102.3294790337339
ARPWEQILWEAPFDY,H1-69,UNK,True,1,14,154,5.868992352702965e-06,3.773300128292205e-05,0.0005790344412693,False,False,False,False,False,False,False,False,False,False,False,False,False,-2,-2,False,-0.2733333333333332,False,False,False,4.137435531616211,1921.1138,1,0.0005790344412693,0.0005790344412693,703,74,False,74.0,True,True,False,False,15.341504956875315,6.418276979995334,98.49212356996506
ARHGFGAGLPFDY,H1-69,K3-15,True,1,74,135,5.868992352702965e-06,0.000199445863924,0.0005075951270867,False,False,False,False,False,False,False,False,False,False,False,False,False,0,1,False,0.7846153846153848,False,False,False,6.788309097290039,1407.531,1,0.0005075951270867,0.0005075951270867,337,75,False,75.0,True,True,False,False,2.5448994935546865,33.925178322829666,86.34049793470554
ARHRWEYLYEDPFDI,H3-23_A,K3-15,True,2,33,129,1.173798470540593e-05,8.894207445260196e-05,0.0004850353436607,False,False,False,False,True,False,False,False,False,True,False,False,False,-2,-1,False,0.6733333333333335,False,False,False,4.751401138305664,2010.1672,2,0.0004850353436607,0.0004850353436607,493,76,False,76.0,True,False,False,False,5.4527715811636375,7.570836759063412,41.28668497819095
ARSSGDLVPFDY,H5-51,K4-1,True,10,1789,121,5.868992352702965e-05,0.0048217385210819,0.0004549556324259,False,False,False,False,False,False,False,False,False,False,False,False,False,-1,-1,False,1.925,False,False,False,4.207874679565429,1326.4104,1,0.0048217385210819,0.0048217385210819,58,77,False,77.0,False,False,False,True,0.09435490682202095,82.14216018291107,7.750531944328783
ARDVDLALGFDY,H3-23_A,K1-39,True,52,61,121,0.0003051876023405,0.0001644080770184,0.0004549556324259,False,False,False,False,False,False,False,False,False,True,False,False,False,-2,-2,False,0.9083333333333335,False,False,False,4.050025558471679,1354.4634999999998,1,0.0004549556324259,0.0004549556324259,191,78,False,78.0,True,True,False,False,2.7670657671965477,0.5386938683580309,1.4906920268604187
ARATLDFLYEDPFDI,H1-69,UNK,True,1,30,121,5.868992352702965e-06,8.085643132054723e-05,0.0004549556324259,False,False,False,False,True,False,False,False,False,True,False,False,False,-3,-3,False,0.4533333333333335,False,False,False,4.050025558471679,1785.9456999999998,1,0.0004549556324259,0.0004549556324259,66,80,False,80.0,True,True,False,False,5.626013476747811,13.75345067141857,77.3866685192619
ARATGVYLYEDPFDI,H3-23_A,K1-39,True,1,64,109,5.868992352702965e-06,0.0001724937201505,0.0004098360655737,False,False,False,False,True,False,False,False,False,True,False,False,False,-2,-2,False,1.0200000000000002,False,False,False,4.050025558471679,1729.8824,1,0.0004098360655737,0.0004098360655737,49,84,False,84.0,False,False,False,False,2.375810012770395,29.34069476569282,69.71195759172421
ARHRWEYLYEDPFDI,UNK,K3-15,True,1,36,107,5.868992352702965e-06,9.702771758465668e-05,0.000402316137765,False,False,False,False,True,False,False,False,False,True,False,False,False,-2,-1,False,0.6733333333333335,False,False,False,4.751401138305664,2010.1672,2,0.000402316137765,0.000402316137765,493,85,False,85.0,True,False,False,False,4.145976922983739,16.504140805702285,68.43283910380126
ARELVLSSDVWPFDY,H1-69,UNK,True,2,23,105,1.173798470540593e-05,6.198993067908621e-05,0.0003947962099563,False,False,False,False,False,False,False,False,False,False,False,False,False,-2,-2,False,0.1533333333333334,False,False,False,4.050025558471679,1796.9716000000003,1,0.0003947962099563,0.0003947962099563,237,86,False,86.0,True,True,False,False,6.367687925326544,5.276643801771469,33.605441261311086
ARDLGIWDADIFDY,H3-23_A,K1-39,True,1,14,100,5.868992352702965e-06,3.773300128292205e-05,0.0003759963904346,False,False,False,False,False,False,False,False,False,True,False,False,False,-3,-3,False,0.5571428571428573,False,False,False,4.050025558471679,1669.7874,1,0.0003759963904346,0.0003759963904346,128,87,False,87.0,True,True,False,False,9.962016205762914,6.418276979995334,63.95592439607944
ARAGEAFLYEDPFDI,H3-23_A,K3-15,True,3,181,96,1.7606977058108893e-05,0.0004878338023006,0.0003609565348172,False,False,False,False,True,False,False,False,False,True,False,False,False,-3,-3,False,1.0933333333333335,False,False,False,4.050025558471679,1713.84,1,0.0004878338023006,0.0004878338023006,12,90,False,90.0,False,False,False,False,0.7399018561166132,27.69111866874207,20.48913009460132
ARAYGPYLYEDPFDI,H1-69,UNK,True,2,78,94,1.173798470540593e-05,0.0002102267214334,0.0003534366070085,False,False,False,False,True,False,False,False,False,True,False,False,False,-2,-2,False,0.9333333333333336,False,False,False,4.050025558471679,1789.9359,1,0.0003534366070085,0.0003534366070085,49,91,False,91.0,True,True,False,False,1.6811364094662393,17.89470506687521,30.084871224412073
ARHRWEYLYEDPFDI,H1-69,K4-1,True,1,30,94,5.868992352702965e-06,8.085643132054723e-05,0.0003534366070085,False,False,False,False,True,False,False,False,False,True,False,False,False,-2,-1,False,0.6733333333333335,False,False,False,4.751401138305664,2010.1672,2,0.0003534366070085,0.0003534366070085,493,92,False,92.0,True,True,False,False,4.370622039786932,13.75345067141857,60.11856893231059
ARHGFGAGLPFDY,H1-69,UNK,True,1,28,92,5.868992352702965e-06,7.546600256584409e-05,0.0003459166791998,False,False,False,False,False,False,False,False,False,False,False,False,False,0,1,False,0.7846153846153848,False,False,False,6.788309097290039,1407.531,1,0.0003459166791998,0.0003459166791998,337,93,False,93.0,True,True,False,False,4.583134604910054,12.836553959990667,58.839450444387644
ARARFTWLYEDPFDI,UNK,K3-15,True,2,63,91,1.173798470540593e-05,0.0001697985057731,0.0003421567152955,False,False,False,False,True,False,False,False,False,True,False,False,False,-1,-1,False,0.0133333333333335,False,False,False,4.558281326293945,1900.0963,2,0.0003421567152955,0.0003421567152955,48,94,False,94.0,True,False,False,False,2.014956281122299,14.453415630935053,29.124715759806346
ARATGVYLYEDPFDI,H1-69,K3-15,True,1,78,86,5.868992352702965e-06,0.0002102267214334,0.0003233568957738,False,False,False,False,True,False,False,False,False,True,False,False,False,-2,-2,False,1.0200000000000002,False,False,False,4.050025558471679,1729.8824,1,0.0003233568957738,0.0003233568957738,49,95,False,95.0,False,False,False,False,1.5380609703630432,35.758971745684406,55.002094980635796
ARVRYSWLYEDPFDI,H1-69,K1-39,True,1,21,82,5.868992352702965e-06,5.659950192438306e-05,0.0003083170401564,False,False,False,False,True,False,False,False,False,True,False,False,False,-1,-1,False,0.2000000000000001,False,False,False,4.558281326293945,1930.1222,2,0.0003083170401564,0.0003083170401564,886,96,False,96.0,True,True,False,False,5.446383198499765,9.627415469993,52.44385800478991
ARAEWLYLYADAFDI,H1-69,K4-1,True,1,216,81,5.868992352702965e-06,0.0005821663055079,0.000304557076252,False,False,False,False,False,False,False,False,False,False,False,False,False,-2,-2,False,-0.5999999999999998,False,False,False,4.050025558471679,1817.0043,1,0.0005821663055079,0.0005821663055079,10,97,False,97.0,False,False,False,True,0.5231354717988729,99.02484483420689,51.804298760819925
ARDVDLALGFDY,H3-23_A,K3-15,True,20,1519,76,0.000117379847054,0.004094030639197,0.0002857572567303,False,False,False,False,False,False,False,False,False,True,False,False,False,-2,-2,False,0.9083333333333335,False,False,False,4.050025558471679,1354.4634999999998,1,0.004094030639197,0.004094030639197,191,98,False,98.0,True,True,False,False,0.06979834396229834,34.875508759405086,2.4342587021077726
ARDIDLGLGFDY,H3-23_A,UNK,True,1,130,73,5.868992352702965e-06,0.0003503778690557,0.0002744773650172,False,False,False,False,False,False,False,False,False,True,False,False,False,-2,-2,False,0.8500000000000002,False,False,False,4.050025558471679,1354.4634999999998,1,0.0003503778690557,0.0003503778690557,87,99,False,99.0,False,False,False,False,0.78335293329909,59.59828624281301,46.68782480912813
ARGTWQYLYEDYFDI,H3-23_A,K4-1,True,2,25,73,1.173798470540593e-05,6.738035943378937e-05,0.0002744773650172,False,False,False,False,False,False,False,False,False,True,False,False,False,-2,-2,False,0.5933333333333335,False,False,False,4.050025558471679,1940.0706,1,0.0002744773650172,0.0002744773650172,404,100,False,100.0,True,False,False,False,4.072947040546244,5.735482393229858,23.363782972146453
ARARFTWLYEDPFDI,H1-69,K4-1,True,3,44,72,1.7606977058108893e-05,0.0001185894326034,0.0002707174011129,False,False,False,False,True,False,False,False,False,True,False,False,False,-1,-1,False,0.0133333333333335,False,False,False,4.558281326293945,1900.0963,2,0.0002707174011129,0.0002707174011129,48,101,False,101.0,True,True,False,False,2.2826196986809117,6.731542659801253,15.366847570950993
ARINIGARVSGSPFDY,H3-23_A,UNK,True,2,125,71,1.173798470540593e-05,0.0003369017971689,0.0002669574372086,False,False,False,False,False,False,False,False,False,False,False,False,False,1,1,False,1.58125,False,False,False,8.79022674560547,1722.8981,2,0.0003369017971689,0.0003369017971689,551,102,False,102.0,False,False,False,False,0.7923659529047878,28.6774119661453,22.723679329081644
ARGPDYWASFDY,UNK,K1-39,True,1,96,69,5.868992352702965e-06,0.0002587405802257,0.0002594375093999,False,False,False,False,False,False,False,False,False,False,False,False,False,-1,-1,False,1.6416666666666668,False,False,False,4.207874679565429,1447.5055,1,0.0002594375093999,0.0002594375093999,334,103,False,103.0,True,False,False,False,1.002654792787714,44.01104214853073,44.12958783329923
ARGPDYWGSFDY,H4-34,K4-1,True,9,1018,68,5.282093117432668e-05,0.0027437282361439,0.0002556775454955,False,False,False,False,False,False,False,False,False,False,False,False,False,-1,-1,False,1.9416666666666669,False,False,False,4.207874679565429,1433.4788999999998,1,0.0027437282361439,0.0027437282361439,334,104,False,104.0,False,False,False,False,0.09318583752903263,51.93412599695425,4.839542665864408
ARVTTAYLYEDPFDI,H1-69,K1-39,True,6,409,67,3.5213954116217785e-05,0.0011023426803367,0.0002519175815912,False,False,False,False,True,False,False,False,False,True,False,False,False,-2,-2,False,0.9866666666666668,False,False,False,4.050025558471679,1773.935,1,0.0011023426803367,0.0011023426803367,901,105,False,105.0,False,False,False,False,0.22852720919974076,31.295256537628756,7.151882516086185
ARELVLSSDVWPFDY,H4-34,K3-15,True,1,59,67,5.868992352702965e-06,0.0001590176482637,0.0002519175815912,False,False,False,False,False,False,False,False,False,False,False,False,False,-2,-2,False,0.1533333333333334,False,False,False,4.050025558471679,1796.9716000000003,1,0.0002519175815912,0.0002519175815912,237,106,False,106.0,True,False,False,False,1.5841118468498616,27.048452987115894,42.85046934537628
ARDLGIWDADIFDY,H3-23_A,K3-15,True,1,37,67,5.868992352702965e-06,9.972293196200826e-05,0.0002519175815912,False,False,False,False,False,False,False,False,False,True,False,False,False,-3,-3,False,0.5571428571428573,False,False,False,4.050025558471679,1669.7874,1,0.0002519175815912,0.0002519175815912,128,108,False,108.0,True,True,False,False,2.5259217455590712,16.96258916141624,42.85046934537628
ARATLDFLYEDPFDI,H4-34,K1-39,True,1,24,66,5.868992352702965e-06,6.468514505643779e-05,0.0002481576176868,False,False,False,False,True,False,False,False,False,True,False,False,False,-3,-3,False,0.4533333333333335,False,False,False,4.050025558471679,1785.9456999999998,1,0.0002481576176868,0.0002481576176868,66,109,False,109.0,True,False,False,False,3.8357996951752096,11.002760537134858,42.21091010140631
ARINIGARVSGSPFDY,H3-23_A,K4-1,True,1,151,65,5.868992352702965e-06,0.00040697737098,0.0002443976537825,False,False,False,False,False,False,False,False,False,False,False,False,False,1,1,False,1.58125,False,False,False,8.79022674560547,1722.8981,2,0.00040697737098,0.00040697737098,551,110,False,110.0,False,False,False,False,0.6005042691963778,69.22570171279189,41.57135085745334
ARDIDLGLGFDY,H1-69,K4-1,True,1,147,65,5.868992352702965e-06,0.0003961965134706,0.0002443976537825,False,False,False,False,False,False,False,False,False,True,False,False,False,-2,-2,False,0.8500000000000002,False,False,False,4.050025558471679,1354.4634999999998,1,0.0003961965134706,0.0003961965134706,87,111,False,111.0,False,False,False,False,0.6168441090018457,67.39190828993715,41.57135085745334
ARATGVYLYEDPFDI,UNK,K1-39,True,1,34,62,5.868992352702965e-06,9.163728882995352e-05,0.0002331177620694,False,False,False,False,True,False,False,False,False,True,False,False,False,-2,-2,False,1.0200000000000002,False,False,False,4.050025558471679,1729.8824,1,0.0002331177620694,0.0002331177620694,49,112,False,112.0,False,False,False,False,2.543640570774954,15.587244094274377,39.652673125560405
ARGPDYWGSFDY,H4-34,UNK,True,17,1596,59,9.97728699959504e-05,0.0043015621462531,0.0002218378703564,False,False,False,False,False,False,False,False,False,False,False,False,False,-1,-1,False,1.9416666666666669,False,False,False,4.207874679565429,1433.4788999999998,1,0.0043015621462531,0.0043015621462531,334,113,False,113.0,False,False,False,False,0.051571347129358895,43.1092245234846,2.2232059507348616
ARINIGARVSGSPFDY,H1-69,K3-20,True,1,103,59,5.868992352702965e-06,0.0002776070808672,0.0002218378703564,False,False,False,False,False,False,False,False,False,False,False,False,False,1,1,False,1.58125,False,False,False,8.79022674560547,1722.8981,2,0.0002776070808672,0.0002776070808672,551,114,False,114.0,False,False,False,False,0.7990786073516767,47.22018063853503,37.73399539368449
ARGPDYWGSFDY,H4-34,K1-39,True,13,1444,58,7.629690058513854e-05,0.0038918895608956,0.000218077906452,False,False,False,False,False,False,False,False,False,False,False,False,False,-1,-1,False,1.9416666666666669,False,False,False,4.207874679565429,1433.4788999999998,1,0.0038918895608956,0.0038918895608956,334,115,False,115.0,False,False,False,False,0.05603379610387894,51.00311414893951,2.85790544209933
ARGRIPWLYEDPFDI,H1-69,K1-39,True,1,7,58,5.868992352702965e-06,1.8866500641461025e-05,0.000218077906452,False,False,False,False,True,False,False,False,False,True,False,False,False,-1,-1,False,0.1266666666666668,False,False,False,4.558281326293945,1848.0648,2,0.000218077906452,0.000218077906452,305,116,False,116.0,True,True,False,False,11.552877866197605,3.209138489997667,37.09443614971451
ARDVDLALGFDY,H4-34,UNK,True,6,176,55,3.5213954116217785e-05,0.0004743577304138,0.000206798014739,False,False,False,False,False,False,False,False,False,True,False,False,False,-2,-2,False,0.9083333333333335,False,False,False,4.050025558471679,1354.4634999999998,1,0.0004743577304138,0.0004743577304138,191,117,False,117.0,True,False,False,False,0.4359445246383142,13.46690745873407,5.870948334099329
ARDIDLGLGFDY,UNK,K4-1,True,1,151,55,5.868992352702965e-06,0.00040697737098,0.000206798014739,False,False,False,False,False,False,False,False,False,True,False,False,False,-2,-2,False,0.8500000000000002,False,False,False,4.050025558471679,1354.4634999999998,1,0.00040697737098,0.00040697737098,87,118,False,118.0,False,False,False,False,0.5081189970122252,69.22570171279189,35.175758417838594
ARAGEAFLYEDPFDI,H1-69,K4-1,True,3,129,55,1.7606977058108893e-05,0.0003476826546783,0.000206798014739,False,False,False,False,True,False,False,False,False,True,False,False,False,-3,-3,False,1.0933333333333335,False,False,False,4.050025558471679,1713.84,1,0.0003476826546783,0.0003476826546783,12,119,False,119.0,False,False,False,False,0.5947724576762725,19.735659161698553,11.738564116697493
ARAGEAFLYEDPFDI,UNK,K3-15,True,1,124,55,5.868992352702965e-06,0.0003342065827915,0.000206798014739,False,False,False,False,True,False,False,False,False,True,False,False,False,-3,-3,False,1.0933333333333335,False,False,False,4.050025558471679,1713.84,1,0.0003342065827915,0.0003342065827915,12,120,False,120.0,False,False,False,False,0.618754500485125,56.84759610851389,35.175758417838594
ARAYGPYLYEDPFDI,H4-34,K1-39,True,3,84,53,1.7606977058108893e-05,0.0002263980076975,0.0001992780869303,False,False,False,False,True,False,False,False,False,True,False,False,False,-2,-2,False,0.9333333333333336,False,False,False,4.050025558471679,1789.9359,1,0.0002263980076975,0.0002263980076975,49,121,False,121.0,True,False,False,False,0.8801724327549058,12.851126895989886,11.311707239726157
ARPWEQILWEAPFDY,H4-34,K4-1,True,2,34,51,1.173798470540593e-05,9.163728882995352e-05,0.0001917581591216,False,False,False,False,False,False,False,False,False,False,False,False,False,-2,-2,False,-0.2733333333333332,False,False,False,4.137435531616211,1921.1138,1,0.0001917581591216,0.0001917581591216,703,122,False,122.0,True,False,False,False,2.092349501766459,7.800256054792604,16.322642898348423
ARGPDYWASFDY,H3-23_A,K1-39,True,1,107,50,5.868992352702965e-06,0.0002883879383766,0.0001879981952173,False,False,False,False,False,False,False,False,False,False,False,False,False,-1,-1,False,1.6416666666666668,False,False,False,4.207874679565429,1447.5055,1,0.0002883879383766,0.0002883879383766,334,123,False,123.0,True,False,False,False,0.6518708014195492,49.05397406138976,31.97796219803972
ARGSVAYLYEDPFDI,H3-23_A,K1-39,True,1,105,47,5.868992352702965e-06,0.0002829975096219,0.0001767183035042,False,False,False,False,True,False,False,False,False,True,False,False,False,-2,-2,False,1.106666666666667,False,False,False,4.050025558471679,1715.8557999999998,1,0.0002829975096219,0.0002829975096219,347,124,False,124.0,False,False,False,False,0.6244297324134503,48.1370773499624,30.05928446614679
ARATGVYLYEDPFDI,H1-69,K4-1,True,2,29,47,1.173798470540593e-05,7.816121694319567e-05,0.0001767183035042,False,False,False,False,True,False,False,False,False,True,False,False,False,-2,-2,False,1.0200000000000002,False,False,False,4.050025558471679,1729.8824,1,0.0001767183035042,0.0001767183035042,49,125,False,125.0,False,False,False,False,2.260656932494925,6.653159576146635,15.04243561220178
ARIADVWDADVFDY,UNK,K4-1,True,4,32,46,2.347596941081186e-05,8.624686007525039e-05,0.0001729583395999,False,False,False,False,False,False,False,False,False,True,False,False,False,-3,-3,False,1.0,False,False,False,4.050025558471679,1655.7607999999998,1,0.0001729583395999,0.0001729583395999,539,126,False,126.0,True,False,False,False,2.0051545981271675,3.6722716685284578,7.364326188736239
ARASGSYLYEDPFDI,H1-69,K1-39,True,2,89,44,1.173798470540593e-05,0.0002398740795842,0.0001654384117912,False,False,False,False,True,False,False,False,False,True,False,False,False,-2,-2,False,1.7866666666666666,False,False,False,4.050025558471679,1703.8021,1,0.0002398740795842,0.0002398740795842,49,127,False,127.0,False,False,False,False,0.6896598226858596,20.41831731989062,14.082280147596054
ARPLSAYLYEDPFDI,H1-69,K1-39,True,1,30,43,5.868992352702965e-06,8.085643132054723e-05,0.0001616784478869,False,False,False,False,True,False,False,False,False,True,False,False,False,-2,-2,False,0.5000000000000002,False,False,False,4.050025558471679,1769.9463,1,0.0001616784478869,0.0001616784478869,347,128,False,128.0,False,False,False,False,1.999327103307196,13.75345067141857,27.501047490317898
ARGPDYWASFDY,H4-34,K3-15,True,1,63,42,5.868992352702965e-06,0.0001697985057731,0.0001579184839825,False,False,False,False,False,False,False,False,False,False,False,False,False,-1,-1,False,1.6416666666666668,False,False,False,4.207874679565429,1447.5055,1,0.0001697985057731,0.0001697985057731,334,129,False,129.0,True,True,False,False,0.9299798220562191,28.88224640997063,26.86148824634792
ARHWYGTFDY,H3-23_A,K4-1,True,1,5,42,5.868992352702965e-06,1.3476071886757871e-05,0.0001579184839825,False,False,False,True,False,False,False,False,False,False,False,False,False,0,1,False,0.6300000000000001,False,False,False,6.787184524536133,1315.3909,1,0.0001579184839825,0.0001579184839825,529,130,False,130.0,False,False,False,True,11.709746567313049,2.2922417785697617,26.86148824634792
ARHRWEYLYEDPFDI,H1-69,UNK,True,1,13,40,5.868992352702965e-06,3.5037786905570466e-05,0.0001503985561738,False,False,False,False,True,False,False,False,False,True,False,False,False,-2,-1,False,0.6733333333333335,False,False,False,4.751401138305664,2010.1672,2,0.0001503985561738,0.0001503985561738,493,132,False,132.0,True,True,False,False,4.291242599112464,5.95982862428138,25.58236975842497
ARGPDYWASFDY,H1-69,K1-39,True,1,78,37,5.868992352702965e-06,0.0002102267214334,0.0001391186644608,False,False,False,False,False,False,False,False,False,False,False,False,False,-1,-1,False,1.6416666666666668,False,False,False,4.207874679565429,1447.5055,1,0.0002102267214334,0.0002102267214334,334,134,False,134.0,True,False,False,False,0.661723905853768,35.758971745684406,23.663692026549054
ARGPDYWASFDY,H4-34,UNK,True,1,29,34,5.868992352702965e-06,7.816121694319567e-05,0.0001278387727477,False,False,False,False,False,False,False,False,False,False,False,False,False,-1,-1,False,1.6416666666666668,False,False,False,4.207874679565429,1447.5055,1,0.0001278387727477,0.0001278387727477,334,135,False,135.0,True,True,False,False,1.6353688447833177,13.29500231570462,21.745014294656123
ARADWSYLYEDVFDY,H3-23_A,K3-15,True,2,19,34,1.173798470540593e-05,5.120907316967992e-05,0.0001278387727477,False,False,False,False,False,False,False,False,False,True,False,False,False,-3,-3,False,0.9933333333333336,False,False,False,4.050025558471679,1913.0022,1,0.0001278387727477,0.0001278387727477,8,136,False,136.0,True,False,False,False,2.4959212425455704,4.3589666188546925,10.881761932229445
ARIADVWDADVFDY,H1-69,K4-1,True,1,24,32,5.868992352702965e-06,6.468514505643779e-05,0.000120318844939,False,False,False,False,False,False,False,False,False,True,False,False,False,-3,-3,False,1.0,False,False,False,4.050025558471679,1655.7607999999998,1,0.000120318844939,0.000120318844939,539,138,False,138.0,True,False,False,False,1.859781670387137,11.002760537134858,20.465895806733172
ARGTWGYLYEEEFDY,H1-69,K4-1,True,1,43,31,5.868992352702965e-06,0.0001158942182261,0.0001165588810347,False,False,False,False,False,False,False,False,False,True,False,False,False,-3,-3,False,1.4800000000000002,False,False,False,4.050025558471679,1898.9757,1,0.0001165588810347,0.0001165588810347,403,139,False,139.0,False,False,False,False,1.0056483087381938,19.713279295696942,19.826336562780202
ARPWEQILWEAPFDY,H1-69,K3-20,True,4,25,31,2.347596941081186e-05,6.738035943378937e-05,0.0001165588810347,False,False,False,False,False,False,False,False,False,False,False,False,False,-2,-2,False,-0.2733333333333332,False,False,False,4.137435531616211,1921.1138,1,0.0001165588810347,0.0001165588810347,703,141,False,141.0,True,True,False,False,1.7296076473552335,2.8689622410378575,4.962915475017252
ARGPDYWASFDY,H4-34,K3-20,True,2,207,29,1.173798470540593e-05,0.0005579093761117,0.000109038953226,False,False,False,False,False,False,False,False,False,False,False,False,False,-1,-1,False,1.6416666666666668,False,False,False,4.207874679565429,1447.5055,1,0.0005579093761117,0.0005579093761117,334,142,False,142.0,True,True,False,False,0.19543854882030393,47.48979421593676,9.281502824550397
ARDIDLGLGFDY,H3-23_A,K1-39,True,6,41,29,3.5213954116217785e-05,0.0001105037894714,0.000109038953226,False,False,False,False,False,False,False,False,False,True,False,False,False,-2,-2,False,0.8500000000000002,False,False,False,4.050025558471679,1354.4634999999998,1,0.0001105037894714,0.0001105037894714,87,143,False,143.0,False,False,False,False,0.9866547310299076,3.13717730572792,3.0955909397973116
ARGRIPWLYEDPFDI,H1-69,K3-15,True,1,16,29,5.868992352702965e-06,4.312343003762519e-05,0.000109038953226,False,False,False,False,True,False,False,False,False,True,False,False,False,-1,-1,False,0.1266666666666668,False,False,False,4.558281326293945,1848.0648,2,0.000109038953226,0.000109038953226,305,144,False,144.0,True,True,False,False,2.5279453345325322,7.335173691423238,18.547218074857255
ARVRYSWLYEDPFDI,H3-23_A,K4-1,True,1,11,28,5.868992352702965e-06,2.964735815086732e-05,0.0001052789893217,False,False,False,False,True,False,False,False,False,True,False,False,False,-1,-1,False,0.2000000000000001,False,False,False,4.558281326293945,1930.1222,2,0.0001052789893217,0.0001052789893217,886,145,False,145.0,True,False,False,False,3.5498438123228837,5.042931912853477,17.907658830904285
ARHGFGAGLPFDY,H4-34,K4-1,True,1,35,27,5.868992352702965e-06,9.433250320730512e-05,0.0001015190254173,False,False,False,False,False,False,False,False,False,False,False,False,False,0,1,False,0.7846153846153848,False,False,False,6.788309097290039,1407.531,1,0.0001015190254173,0.0001015190254173,337,146,False,146.0,True,False,False,False,1.0760688127410127,16.045692449988334,17.268099586934305
ARGELWDWSLYGFDP,H1-69,K1-39,True,1,2,27,5.868992352702965e-06,5.390428754703149e-06,0.0001015190254173,False,False,False,False,True,False,False,False,False,False,False,False,False,-2,-2,False,0.3066666666666668,False,False,False,4.050025558471679,1811.9448,1,0.0001015190254173,0.0001015190254173,307,147,False,147.0,True,True,True,False,18.7983269530014,0.9168967114279047,17.268099586934305
ARASGDLVPFDY,UNK,K4-1,True,2,71,26,1.173798470540593e-05,0.0001913602207919,9.775906151300949e-05,False,False,False,False,False,False,False,False,False,False,False,False,False,-1,-1,False,1.5583333333333336,False,False,False,4.207874679565429,1310.4109999999998,1,0.0001913602207919,0.0001913602207919,58,149,False,149.0,False,False,False,False,0.510837376413516,16.288769996767535,8.321347359945477
ARVTTAYLYEDPFDI,H3-23_A,K3-15,True,5,341,25,2.9344961763514826e-05,0.0009190681026768,9.399909760866297e-05,False,False,False,False,True,False,False,False,False,True,False,False,False,-2,-2,False,0.9866666666666668,False,False,False,4.050025558471679,1773.935,1,0.0009190681026768,0.0009190681026768,901,150,False,150.0,False,False,False,False,0.1022754185252506,31.3087821432323,3.2021536381455653
ARATLDFLYEDPFDI,H1-69,K3-20,True,1,43,25,5.868992352702965e-06,0.0001158942182261,9.399909760866297e-05,False,False,False,False,True,False,False,False,False,True,False,False,False,-3,-3,False,0.4533333333333335,False,False,False,4.050025558471679,1785.9456999999998,1,0.0001158942182261,0.0001158942182261,66,151,False,151.0,True,True,False,False,0.8110067005956103,19.713279295696942,15.988981099022066
ARATWLYLIEDAFDY,H1-69,K4-1,True,1,50,23,5.868992352702965e-06,0.0001347607188675,8.647916979996993e-05,False,False,False,False,False,False,False,False,False,True,False,False,False,-2,-2,False,-0.3933333333333331,False,False,False,4.050025558471679,1847.0303,1,0.0001347607188675,0.0001347607188675,62,152,False,152.0,False,False,False,False,0.6416762522799335,22.922417785684228,14.7098626111003
ARVKSYSSFDY,H3-23_A,K3-20,True,51,1755,22,0.0002993186099878,0.004730101232252,8.27192058956234e-05,False,False,False,False,False,False,False,False,False,False,False,False,False,1,1,False,2.2545454545454544,False,False,False,8.54006805419922,1322.4217,1,0.004730101232252,0.004730101232252,841,153,False,153.0,False,False,False,True,0.017487792957511676,15.802369283860935,0.2763491465082301
ARINIGARVSGSPFDY,UNK,K3-20,True,4,107,22,2.347596941081186e-05,0.0002883879383766,8.27192058956234e-05,False,False,False,False,False,False,False,False,False,False,False,False,False,1,1,False,1.58125,False,False,False,8.79022674560547,1722.8981,2,0.0002883879383766,0.0002883879383766,551,154,False,154.0,False,False,False,False,0.2868231526246412,12.279158391641243,3.5220690467877085
ARVTTAYLYEDPFDI,UNK,K3-15,True,7,265,21,4.108294646892075e-05,0.0007142318099981,7.895924199127688e-05,False,False,False,False,True,False,False,False,False,True,False,False,False,-2,-2,False,0.9866666666666668,False,False,False,4.050025558471679,1773.935,1,0.0007142318099981,0.0007142318099981,901,155,False,155.0,False,False,False,False,0.11054973383802177,17.380885805749774,1.9214792020570979
ARPLSAYLYEDPFDI,H1-69,K3-15,True,2,42,21,1.173798470540593e-05,0.0001131990038487,7.895924199127688e-05,False,False,False,False,True,False,False,False,False,True,False,False,False,-2,-2,False,0.5000000000000002,False,False,False,4.050025558471679,1769.9463,1,0.0001131990038487,0.0001131990038487,347,156,False,156.0,False,False,False,False,0.6974643297524571,9.635610420620532,6.721088252263654
ARGSVAYLYEDPFDI,UNK,K1-39,True,6,79,20,3.5213954116217785e-05,0.0002129219358107,7.519927808693036e-05,False,False,False,False,True,False,False,False,False,True,False,False,False,-2,-2,False,1.106666666666667,False,False,False,4.050025558471679,1715.8557999999998,1,0.0002129219358107,0.0002129219358107,347,157,False,157.0,False,False,False,False,0.35316110662603356,6.044805052498823,2.134890303309451
ARDLGIWDADIFDY,H3-23_A,K3-20,True,1,42,20,5.868992352702965e-06,0.0001131990038487,7.519927808693036e-05,False,False,False,False,False,False,False,False,False,True,False,False,False,-3,-3,False,0.5571428571428573,False,False,False,4.050025558471679,1669.7874,1,0.0001131990038487,0.0001131990038487,128,158,False,158.0,True,True,False,False,0.6642517426213878,19.254830939974752,12.791184879217651
ARGPDYWGSFDY,UNK,K3-20,True,15,857,19,8.803488529054446e-05,0.0023097987213902,7.143931418258384e-05,False,False,False,False,False,False,False,False,False,False,False,False,False,-1,-1,False,1.9416666666666669,False,False,False,4.207874679565429,1433.4788999999998,1,0.0023097987213902,0.0023097987213902,334,159,False,159.0,False,False,False,False,0.030928671071770313,26.234331656722137,0.8113965274284484
AREYWPYLYPAWFDP,H3-23_A,K3-15,True,2,111,19,1.173798470540593e-05,0.000299168795886,7.143931418258384e-05,False,False,False,False,True,False,False,False,False,False,False,False,False,-1,-1,False,-0.7733333333333332,False,False,False,4.370375442504883,1974.1746000000005,1,0.000299168795886,0.000299168795886,274,160,False,160.0,False,False,False,False,0.23878468382433526,25.46554182593846,6.080984609190925
ARVRWTFLYQSAFDY,H3-23_A,K4-1,True,3,50,18,1.7606977058108893e-05,0.0001347607188675,6.767935027823732e-05,False,False,False,False,False,False,False,False,False,False,False,False,False,1,1,False,-0.3199999999999998,False,False,False,8.632579040527343,1923.1328,2,0.0001347607188675,0.0001347607188675,880,161,False,161.0,False,False,False,False,0.502181414827774,7.649480295228696,3.8417118927384473
ARAGEAFLYEDPFDI,H1-69,UNK,True,2,50,17,1.173798470540593e-05,0.0001347607188675,6.391938637389082e-05,False,False,False,False,True,False,False,False,False,True,False,False,False,-3,-3,False,1.0933333333333335,False,False,False,4.050025558471679,1713.84,1,0.0001347607188675,0.0001347607188675,12,163,False,163.0,False,False,False,False,0.4742824473373422,11.470964786453013,5.440880966118197
ARELYTSAWVNPFDY,H3-23_A,K3-15,True,6,135,16,3.5213954116217785e-05,0.0003638539409424,6.015942246954429e-05,False,False,False,False,False,False,False,False,False,False,False,False,False,-1,-1,False,0.7400000000000001,False,False,False,4.370375442504883,1831.9759,1,0.0003638539409424,0.0003638539409424,246,164,False,164.0,False,False,False,False,0.16533493897123372,10.32973015300615,1.7079122426475606
ARAYGPYLYEDPFDI,H1-69,K3-20,True,1,99,16,5.868992352702965e-06,0.0002668262233578,6.015942246954429e-05,False,False,False,False,True,False,False,False,False,True,False,False,False,-2,-2,False,0.9333333333333336,False,False,False,4.050025558471679,1789.9359,1,0.0002668262233578,0.0002668262233578,49,165,False,165.0,True,True,False,False,0.2254544818260176,45.38638721568028,10.23294790337412
ARASGSYLYEDPFDI,H1-69,K3-15,True,1,73,16,5.868992352702965e-06,0.0001967506495466,6.015942246954429e-05,False,False,False,False,True,False,False,False,False,True,False,False,False,-2,-2,False,1.7866666666666666,False,False,False,4.050025558471679,1703.8021,1,0.0001967506495466,0.0001967506495466,49,166,False,166.0,False,False,False,False,0.3057492573244244,33.466729967107476,10.23294790337412
ARGPDYWGSFDY,H1-69,K3-20,True,3,338,15,1.7606977058108893e-05,0.0009109824595448,5.639945856519778e-05,False,False,False,False,False,False,False,False,False,False,False,False,False,-1,-1,False,1.9416666666666669,False,False,False,4.207874679565429,1433.4788999999998,1,0.0009109824595448,0.0009109824595448,334,167,False,167.0,False,False,False,False,0.06190990712851692,51.71048679577437,3.20142657728204
ARGSVAYLYEDPFDI,H1-69,K3-15,True,1,128,15,5.868992352702965e-06,0.000344987440301,5.639945856519778e-05,False,False,False,False,True,False,False,False,False,True,False,False,False,-2,-2,False,1.106666666666667,False,False,False,4.050025558471679,1715.8557999999998,1,0.000344987440301,0.000344987440301,347,168,False,168.0,False,False,False,False,0.16347790440413393,58.68138953138564,9.59338865941324
ARATWLYLIEDAFDY,H3-23_A,K3-15,True,1,62,15,5.868992352702965e-06,0.0001671032913957,5.639945856519778e-05,False,False,False,False,False,False,False,False,False,True,False,False,False,-2,-2,False,-0.3933333333333331,False,False,False,4.050025558471679,1847.0303,1,0.0001671032913957,0.0001671032913957,62,169,False,169.0,False,False,False,False,0.3374923567967556,28.423798054248444,9.59338865941324
ARDVDLSSFDY,H3-23_A,K4-1,True,1,94,14,5.868992352702965e-06,0.000253350151471,5.2639494660851257e-05,False,False,False,False,False,False,False,False,False,True,False,False,False,-2,-2,False,2.3000000000000003,False,False,False,4.050025558471679,1287.3313,1,0.000253350151471,0.000253350151471,110,170,False,170.0,False,False,False,False,0.20776548464795366,43.09414543710335,8.953829415452356
ARGSVAYLYEDPFDI,H1-69,K4-1,True,1,70,14,5.868992352702965e-06,0.0001886650064146,5.2639494660851257e-05,False,False,False,False,True,False,False,False,False,True,False,False,False,-2,-2,False,1.106666666666667,False,False,False,4.050025558471679,1715.8557999999998,1,0.0001886650064146,0.0001886650064146,347,171,False,171.0,False,False,False,False,0.278995589618159,32.091384899974926,8.953829415452356
ARGPDYWGSFDY,H3-23_A,K3-20,True,8,569,13,4.695193882162372e-05,0.001533576980713,4.8879530756504736e-05,False,False,False,False,False,False,False,False,False,False,False,False,False,-1,-1,False,1.9416666666666669,False,False,False,4.207874679565429,1433.4788999999998,1,0.001533576980713,0.001533576980713,334,172,False,172.0,False,False,False,False,0.03187268239182594,32.65574248409994,1.0408328953828894
ARDIDLGLGFDY,H3-23_A,K3-15,True,98,2385,12,0.0005751612505648,0.0064280862899835,4.5119566852158216e-05,False,False,False,False,False,False,False,False,False,True,False,False,False,-2,-2,False,0.8500000000000002,False,False,False,4.050025558471679,1354.4634999999998,1,0.0064280862899835,0.0064280862899835,87,173,False,173.0,False,False,False,False,0.007019118074267993,11.175952003288277,0.07844544873870561
ARVTTAYLYEDPFDI,H1-69,K4-1,True,3,236,12,1.7606977058108893e-05,0.0006360705930549,4.5119566852158216e-05,False,False,False,False,True,False,False,False,False,True,False,False,False,-2,-2,False,0.9866666666666668,False,False,False,4.050025558471679,1773.935,1,0.0006360705930549,0.0006360705930549,901,174,False,174.0,False,False,False,False,0.07093372655100633,36.105546993496475,2.5611412618256315
ARDVDLSSFDY,UNK,K3-15,True,3,102,12,1.7606977058108893e-05,0.0002749118664898,4.5119566852158216e-05,False,False,False,False,False,False,False,False,False,True,False,False,False,-2,-2,False,2.3000000000000003,False,False,False,4.050025558471679,1287.3313,1,0.0002749118664898,0.0002749118664898,110,175,False,175.0,False,False,False,False,0.16411778163826854,15.604939802272218,2.5611412618256315
AREYWPYLYPAWFDP,UNK,K3-15,True,1,66,12,5.868992352702965e-06,0.0001778841489052,4.5119566852158216e-05,False,False,False,False,True,False,False,False,False,False,False,False,False,-1,-1,False,-0.7733333333333332,False,False,False,4.370375442504883,1974.1746000000005,1,0.0001778841489052,0.0001778841489052,274,176,False,176.0,False,False,False,False,0.2536315394847668,30.25759147712019,7.67471092753059
ARATWLYLIEDAFDY,UNK,K3-15,True,1,52,12,5.868992352702965e-06,0.0001401511476222,4.5119566852158216e-05,False,False,False,False,False,False,False,False,False,True,False,False,False,-2,-2,False,-0.3933333333333331,False,False,False,4.050025558471679,1847.0303,1,0.0001401511476222,0.0001401511476222,62,177,False,177.0,False,False,False,False,0.32191208203985744,23.839314497111598,7.67471092753059
ARDVDLSSFDY,H1-69,K3-15,True,1,60,11,5.868992352702965e-06,0.000161712862641,4.13596029478117e-05,False,False,False,False,False,False,False,False,False,True,False,False,False,-2,-2,False,2.3000000000000003,False,False,False,4.050025558471679,1287.3313,1,0.000161712862641,0.000161712862641,110,178,False,178.0,False,False,False,False,0.25574369803002867,27.506901342821074,7.035151683569708
ARAGEAFLYEDPFDI,H4-34,K3-15,True,1,46,11,5.868992352702965e-06,0.0001239798613581,4.13596029478117e-05,False,False,False,False,True,False,False,False,False,True,False,False,False,-3,-3,False,1.0933333333333335,False,False,False,4.050025558471679,1713.84,1,0.0001239798613581,0.0001239798613581,12,179,False,179.0,False,False,False,False,0.33357245902839916,21.08862436282949,7.035151683569708
ARAGEAFLYEDPFDI,H1-69,K3-20,True,1,70,10,5.868992352702965e-06,0.0001886650064146,3.759963904346518e-05,False,False,False,False,True,False,False,False,False,True,False,False,False,-3,-3,False,1.0933333333333335,False,False,False,4.050025558471679,1713.84,1,0.0001886650064146,0.0001886650064146,12,180,False,180.0,False,False,False,False,0.1992825640129707,32.091384899974926,6.3955924396088255
AREYWPYLYPAWFDP,H1-69,K4-1,True,1,38,10,5.868992352702965e-06,0.0001024181463393,3.759963904346518e-05,False,False,False,False,True,False,False,False,False,False,False,False,False,-1,-1,False,-0.7733333333333332,False,False,False,4.370375442504883,1974.1746000000005,1,0.0001024181463393,0.0001024181463393,274,181,False,181.0,False,False,False,False,0.36708307615871416,17.421037517120013,6.3955924396088255
ARSSGDLVPFDY,UNK,K4-1,True,1,48,8,5.868992352702965e-06,0.0001293702901128,3.0079711234772145e-05,False,False,False,False,False,False,False,False,False,False,False,False,False,-1,-1,False,1.925,False,False,False,4.207874679565429,1326.4104,1,0.0001293702901128,0.0001293702901128,58,182,False,182.0,False,False,False,False,0.2324906769690128,22.005521074256862,5.11647395168706
ARINIGARVSGSPFDY,H3-23_A,K3-15,True,3,42,8,1.7606977058108893e-05,0.0001131990038487,3.0079711234772145e-05,False,False,False,False,False,False,False,False,False,False,False,False,False,1,1,False,1.58125,False,False,False,8.79022674560547,1722.8981,2,0.0001131990038487,0.0001131990038487,551,183,False,183.0,False,False,False,False,0.2657006970485551,6.425563447992105,1.7074275078837544
ARGPDYWGSFDY,H4-34,K3-15,True,36,2646,7,0.0002112837246973,0.0071315372424722,2.6319747330425628e-05,False,False,False,False,False,False,False,False,False,False,False,False,False,-1,-1,False,1.9416666666666669,False,False,False,4.207874679565429,1433.4788999999998,1,0.0071315372424722,0.0071315372424722,334,184,False,184.0,False,False,False,False,0.0036906082839467677,33.75177020845679,0.1245647373963963
ARDIDLGLGFDY,H3-23_A,K3-20,True,9,112,7,5.282093117432668e-05,0.0003018640102633,2.6319747330425628e-05,False,False,False,False,False,False,False,False,False,True,False,False,False,-2,-2,False,0.8500000000000002,False,False,False,4.050025558471679,1354.4634999999998,1,0.0003018640102633,0.0003018640102633,87,185,False,185.0,False,False,False,False,0.08718785465323452,5.713774176480758,0.4981882156038123
ARASGDLVPFDY,H5-51,K3-15,True,2,43,7,1.173798470540593e-05,0.0001158942182261,2.6319747330425628e-05,False,False,False,False,False,False,False,False,False,False,False,False,False,-1,-1,False,1.5583333333333336,False,False,False,4.207874679565429,1310.4109999999998,1,0.0001158942182261,0.0001158942182261,58,186,False,186.0,False,False,False,False,0.2270818761667709,9.865029716353849,2.2403627507545516
ARGPDYWATFDY,H4-34,K3-20,True,1,62,6,5.868992352702965e-06,0.0001671032913957,2.2559783426079108e-05,False,False,False,False,False,False,False,False,False,False,False,False,False,-1,-1,False,1.5333333333333334,False,False,False,4.207874679565429,1461.5321,1,0.0001671032913957,0.0001671032913957,334,187,False,187.0,False,False,False,False,0.13499694271870222,28.423798054248444,3.837355463765295
ARINIGARVSGSPFDY,H4-34,K3-20,True,1,73,4,5.868992352702965e-06,0.0001967506495466,1.5039855617386073e-05,False,False,False,False,False,False,False,False,False,False,False,False,False,1,1,False,1.58125,False,False,False,8.79022674560547,1722.8981,2,0.0001967506495466,0.0001967506495466,551,188,False,188.0,False,False,False,False,0.0764373143311061,33.466729967107476,2.55823697584353
ARDIDLGLGFDY,H4-34,K4-1,True,3,63,4,1.7606977058108893e-05,0.0001697985057731,1.5039855617386073e-05,False,False,False,False,False,False,False,False,False,True,False,False,False,-2,-2,False,0.8500000000000002,False,False,False,4.050025558471679,1354.4634999999998,1,0.0001697985057731,0.0001697985057731,87,189,False,189.0,False,False,False,False,0.08856950686252722,9.638345171990997,0.8537137539418772
ARGPDYWGSFDY,UNK,UNK,True,1,39,4,5.868992352702965e-06,0.0001051133607167,1.5039855617386073e-05,False,False,False,False,False,False,False,False,False,False,False,False,False,-1,-1,False,1.9416666666666669,False,False,False,4.207874679565429,1433.4788999999998,1,0.0001051133607167,0.0001051133607167,334,190,False,190.0,False,False,False,False,0.1430686339824829,17.879485872842203,2.55823697584353
ARVTTAYLYEDPFDI,H4-34,K3-15,True,3,112,3,1.7606977058108893e-05,0.0003018640102633,1.1279891713039554e-05,False,False,False,False,True,False,False,False,False,True,False,False,False,-2,-2,False,0.9866666666666668,False,False,False,4.050025558471679,1773.935,1,0.0003018640102633,0.0003018640102633,901,191,False,191.0,False,False,False,False,0.037366223422814794,17.13483586131796,0.6402853154564079
ARVKSYSSFDY,UNK,K3-20,True,3,93,3,1.7606977058108893e-05,0.0002506549370936,1.1279891713039554e-05,False,False,False,False,False,False,False,False,False,False,False,False,False,1,1,False,2.2545454545454544,False,False,False,8.54006805419922,1322.4217,1,0.0002506549370936,0.0002506549370936,841,192,False,192.0,False,False,False,False,0.04499987849847371,14.228033349128212,0.6402853154564079
ARGPDYWGSFDY,H5-51,K3-20,True,7,68,3,4.108294646892075e-05,0.0001832745776599,1.1279891713039554e-05,False,False,False,False,False,False,False,False,False,False,False,False,False,-1,-1,False,1.9416666666666669,False,False,False,4.207874679565429,1433.4788999999998,1,0.0001832745776599,0.0001832745776599,334,193,False,193.0,False,False,False,False,0.061543048831802664,4.4600008860039635,0.27449702886529964
ARELYTSAWVNPFDY,UNK,K3-15,True,2,68,3,1.173798470540593e-05,0.0001832745776599,1.1279891713039554e-05,False,False,False,False,False,False,False,False,False,False,False,False,False,-1,-1,False,0.7400000000000001,False,False,False,4.370375442504883,1831.9759,1,0.0001832745776599,0.0001832745776599,246,194,False,194.0,False,False,False,False,0.061543048831802664,15.600512109584612,0.9601554646090934
ARELYTSAWVNPFDY,H4-34,K3-15,True,1,47,3,5.868992352702965e-06,0.0001266750757355,1.1279891713039554e-05,False,False,False,False,False,False,False,False,False,False,False,False,False,-1,-1,False,0.7400000000000001,False,False,False,4.370375442504883,1831.9759,1,0.0001266750757355,0.0001266750757355,246,195,False,195.0,False,False,False,False,0.08903883624453388,21.547072718551675,1.9186777318826476
ARELYTSAWVNPFDY,H1-69,K4-1,True,2,44,3,1.173798470540593e-05,0.0001185894326034,1.1279891713039554e-05,False,False,False,False,False,False,False,False,False,False,False,False,False,-1,-1,False,0.7400000000000001,False,False,False,4.370375442504883,1831.9759,1,0.0001185894326034,0.0001185894326034,246,196,False,196.0,False,False,False,False,0.09510915411172198,10.094449012078652,0.9601554646090934
ARDVDLALGFDY,UNK,K3-15,True,1,42,3,5.868992352702965e-06,0.0001131990038487,1.1279891713039554e-05,False,False,False,False,False,False,False,False,False,True,False,False,False,-2,-2,False,0.9083333333333335,False,False,False,4.050025558471679,1354.4634999999998,1,0.0001131990038487,0.0001131990038487,191,197,False,197.0,True,False,False,False,0.09963776139320815,19.254830939974752,1.9186777318826476
ARVKSYSSFDY,H3-23_A,K4-1,True,1,97,2,5.868992352702965e-06,0.0002614357946031,7.519927808693036e-06,False,False,False,False,False,False,False,False,False,False,False,False,False,1,1,False,2.2545454545454544,False,False,False,8.54006805419922,1322.4217,1,0.0002614357946031,0.0002614357946031,841,198,False,198.0,False,False,False,False,0.02876285625519054,44.469490504252924,1.279118487921765
ARVTTAYLYEDPFDI,H1-69,UNK,True,2,84,2,1.173798470540593e-05,0.0002263980076975,7.519927808693036e-06,False,False,False,False,True,False,False,False,False,True,False,False,False,-2,-2,False,0.9866666666666668,False,False,False,4.050025558471679,1773.935,1,0.0002263980076975,0.0002263980076975,901,199,False,199.0,False,False,False,False,0.03321405406623377,19.271220841249576,0.640103643072729
ARVKSYSSFDY,H3-23_A,UNK,True,1,81,2,5.868992352702965e-06,0.0002183123645654,7.519927808693036e-06,False,False,False,False,False,False,False,False,False,False,False,False,False,1,1,False,2.2545454545454544,False,False,False,8.54006805419922,1322.4217,1,0.0002183123645654,0.0002183123645654,841,200,False,200.0,False,False,False,False,0.03444414787125663,37.134316812816955,1.279118487921765
ARDVDLGLGFDY,H3-23_A,K4-1,True,2,70,2,1.173798470540593e-05,0.0001886650064146,7.519927808693036e-06,False,False,False,False,False,False,False,False,False,True,False,False,False,-2,-2,False,1.2083333333333337,False,False,False,4.050025558471679,1340.4369,1,0.0001886650064146,0.0001886650064146,87,201,False,201.0,False,False,False,False,0.03985651280259414,16.05935070104273,0.640103643072729
ARDVDLALGFDY,H1-69,K3-15,True,1,63,2,5.868992352702965e-06,0.0001697985057731,7.519927808693036e-06,False,False,False,False,False,False,False,False,False,True,False,False,False,-2,-2,False,0.9083333333333335,False,False,False,4.050025558471679,1354.4634999999998,1,0.0001697985057731,0.0001697985057731,191,202,False,202.0,True,False,False,False,0.04428475343126361,28.88224640997063,1.279118487921765
ARASGDLVPFDY,H5-51,K3-20,True,2,48,2,1.173798470540593e-05,0.0001293702901128,7.519927808693036e-06,False,False,False,False,False,False,False,False,False,False,False,False,False,-1,-1,False,1.5583333333333336,False,False,False,4.207874679565429,1310.4109999999998,1,0.0001293702901128,0.0001293702901128,58,203,False,203.0,False,False,False,False,0.0581226692422532,11.012126194994893,0.640103643072729
ARGPDYWGSFDY,H3-23_A,K3-15,True,2,48,2,1.173798470540593e-05,0.0001293702901128,7.519927808693036e-06,False,False,False,False,False,False,False,False,False,False,False,False,False,-1,-1,False,1.9416666666666669,False,False,False,4.207874679565429,1433.4788999999998,1,0.0001293702901128,0.0001293702901128,334,204,False,204.0,False,False,False,False,0.0581226692422532,11.012126194994893,0.640103643072729
ARGPDYWGSFDY,UNK,K3-15,True,2,45,2,1.173798470540593e-05,0.0001212846469808,7.519927808693036e-06,False,False,False,False,False,False,False,False,False,False,False,False,False,-1,-1,False,1.9416666666666669,False,False,False,4.207874679565429,1433.4788999999998,1,0.0001212846469808,0.0001212846469808,334,205,False,205.0,False,False,False,False,0.061997194401195485,10.323868307811969,0.640103643072729
ARVTTAYLYEDPFDI,H5-51,K3-15,True,1,42,2,5.868992352702965e-06,0.0001131990038487,7.519927808693036e-06,False,False,False,False,True,False,False,False,False,True,False,False,False,-2,-2,False,0.9866666666666668,False,False,False,4.050025558471679,1773.935,1,0.0001131990038487,0.0001131990038487,901,206,False,206.0,False,False,False,False,0.06642517426213877,19.254830939974752,1.279118487921765
ARHSPDWAYEWPFDP,H1-69,K3-15,True,50,6813,1,0.0002934496176351,0.0183624955528962,3.759963904346518e-06,False,False,False,False,True,False,False,False,False,False,False,False,False,-2,-1,False,1.3333333333333333,False,False,False,4.536607742309571,1873.9746,1,0.0183624955528962,0.0183624955528962,502,207,False,207.0,False,False,False,True,0.0002047631187103158,62.57247828806516,0.012812542777254672
ARGPSQYLYEDPFDI,H1-69,K1-39,True,44,3773,1,0.0002582356635189,0.0101690438457474,3.759963904346518e-06,False,False,False,False,True,False,False,False,False,True,False,False,False,-2,-2,False,1.7533333333333334,False,False,False,4.050025558471679,1770.8912999999998,1,0.0101690438457474,0.0101690438457474,347,208,False,208.0,False,False,False,True,0.0003697456972281545,39.37740408563789,0.014559640046274549
ARDADSRDATGFDY,H3-23_A,UNK,True,145,3481,1,0.0008510038911419,0.0093820412475608,3.759963904346518e-06,False,True,False,False,False,False,False,False,False,True,False,False,False,-2,-2,False,4.357142857142857,False,False,False,4.13912239074707,1559.5495,2,0.0093820412475608,0.0093820412475608,77,209,False,209.0,False,False,False,True,0.0004007613905673405,11.02454536314545,0.004418216839329562
ARGEDPWLYEDPFDI,H1-69,K3-15,True,18,3400,1,0.0001056418623486,0.0091637288829953,3.759963904346518e-06,False,False,False,False,True,False,False,False,False,True,False,False,False,-4,-4,False,1.5666666666666669,False,False,False,4.050025558471679,1822.9229,1,0.0091637288829953,0.0091637288829953,305,210,False,210.0,False,False,False,True,0.0004103089309237847,86.73513821043146,0.0355882406685881
ARGIGELTLFDY,H5-51,K4-1,True,20,3001,1,0.000117379847054,0.008088338346432,3.759963904346518e-06,False,False,False,False,False,False,False,False,False,False,False,False,False,-1,-1,False,0.2666666666666669,False,False,False,4.370375442504883,1354.5066,1,0.008088338346432,0.008088338346432,315,211,False,211.0,False,False,False,True,0.00046486176698919563,68.90151533046397,0.032029719764579925
ARGYTTFLYEDPFDI,H1-69,K4-1,True,33,2999,1,0.0001936767476391,0.0080829479176773,3.759963904346518e-06,False,False,False,False,True,False,False,False,False,True,False,False,False,-2,-2,False,0.8600000000000001,False,False,False,4.050025558471679,1807.9512,1,0.0080829479176773,0.0080829479176773,427,212,False,212.0,False,False,False,True,0.0004651717777873787,41.7320648738364,0.01941260282480723
ARDFPALFDY,H3-23_A,K3-15,True,69,2943,1,0.0004049604723365,0.0079320159125456,3.759963904346518e-06,False,False,False,False,False,False,False,False,False,False,False,False,False,-1,-1,False,0.1000000000000002,False,False,False,4.207874679565429,1214.3252,1,0.0079320159125456,0.0079320159125456,102,213,False,213.0,False,False,False,True,0.00047402314942007604,19.586652495381667,0.009284538407586099
ARGSYGAGFPFDY,H1-69,K4-1,True,11,2725,1,6.455891587973261e-05,0.007344459178283,3.759963904346518e-06,False,False,False,False,False,False,False,False,False,False,False,False,False,0,0,False,1.6846153846153848,False,False,False,5.87944984436035,1407.4846,1,0.007344459178283,0.007344459178283,395,214,False,214.0,False,False,False,True,0.0005119449497404696,113.74605068424783,0.05823179548731938
ARGVDYALWEAPFDY,H1-69,K1-39,True,20,2231,1,0.000117379847054,0.0060130232758713,3.759963904346518e-06,False,False,False,False,False,False,False,False,False,False,False,False,False,-2,-2,False,0.6800000000000002,False,False,False,4.050025558471679,1772.9087,1,0.0060130232758713,0.0060130232758713,408,215,False,215.0,False,False,False,True,0.0006253023610287093,51.22268600541983,0.032029719764579925
ARDIDLGTPFDY,H3-23_A,K3-20,True,29,2156,1,0.0001702007782283,0.0058108821975699,3.759963904346518e-06,False,False,False,False,False,False,False,False,False,True,False,False,False,-2,-2,False,1.7500000000000002,False,False,False,4.050025558471679,1382.4737,1,0.0058108821975699,0.0058108821975699,108,216,False,216.0,False,False,False,True,0.0006470544929260476,34.139331586721795,0.022090045903575866
ARLADIYDAEAFDY,H3-23_A,K4-1,True,9,2129,1,5.282093117432668e-05,0.0057381114093815,3.759963904346518e-06,False,False,False,False,False,False,False,False,False,True,False,False,False,-3,-3,False,1.442857142857143,False,False,False,4.050025558471679,1632.7242,1,0.0057381114093815,0.0057381114093815,599,217,False,217.0,False,False,False,True,0.0006552604303908928,108.61272519402326,0.0711697450862589
ARDEDLGNPFDY,H3-23_A,K3-15,True,8,2112,1,4.695193882162372e-05,0.0056922927649665,3.759963904346518e-06,False,False,False,False,False,False,False,False,False,True,False,False,False,-3,-3,False,3.216666666666667,False,False,False,4.050025558471679,1411.4288,1,0.0056922927649665,0.0056922927649665,88,218,False,218.0,False,False,False,True,0.0006605347711803671,121.21076999370972,0.08006406887560688
ARDYGPSGYPFDY,H3-23_A,K4-1,True,121,1992,1,0.000710148074677,0.0053688670396843,3.759963904346518e-06,False,False,False,False,False,False,False,False,False,False,False,False,False,-1,-1,False,2.576923076923077,False,False,False,4.207874679565429,1507.5574,1,0.0053688670396843,0.0053688670396843,162,219,False,219.0,False,False,False,True,0.0007003259483416314,7.560101379015105,0.005294545029367801
ARDEDLAYGFDY,H3-23_A,K4-1,True,23,1839,1,0.0001349868241121,0.0049564992399495,3.759963904346518e-06,False,False,False,False,False,False,False,False,False,True,False,False,False,-3,-3,False,2.475,False,False,False,4.050025558471679,1434.4621,1,0.0049564992399495,0.0049564992399495,86,220,False,220.0,False,False,False,True,0.0007585911217598834,36.715672924525045,0.027852239703241327
ARDVSYDAAYGFDY,H1-69,K1-39,True,120,1624,1,0.0007042790823243,0.0043770281488189,3.759963904346518e-06,False,False,False,False,False,False,False,False,False,False,False,False,False,-2,-2,False,2.435714285714286,False,False,False,4.050025558471679,1612.6499,1,0.0043770281488189,0.0043770281488189,120,221,False,221.0,False,False,False,True,0.0008590201356506584,6.214817549597389,0.005338665611481379
ARGRWPTLWEDAFDI,H1-69,K4-1,True,12,1616,1,7.042790823243557e-05,0.0043554664338001,3.759963904346518e-06,False,False,False,False,False,False,False,False,False,True,False,False,False,-1,-1,False,0.4666666666666668,False,False,False,4.558281326293945,1833.0105,2,0.0043554664338001,0.0043554664338001,380,222,False,222.0,False,False,False,True,0.0008632727008158774,61.83412516208814,0.053379834789232326
ARDYGPSGYPFDY,H3-23_A,K3-15,True,96,1584,1,0.0005634232658594,0.0042692195737248,3.759963904346518e-06,False,False,False,False,False,False,False,False,False,False,False,False,False,-1,-1,False,2.576923076923077,False,False,False,4.207874679565429,1507.5574,1,0.0042692195737248,0.0042692195737248,162,223,False,223.0,False,False,False,False,0.0008807125125075062,7.577152135689033,0.006673308326251338
ARDESVEGSPGFDY,H3-23_A,K3-15,True,42,1581,1,0.0002464976788135,0.0042611339305928,3.759963904346518e-06,False,False,False,False,False,False,False,False,False,True,False,False,False,-3,-3,False,3.8285714285714287,False,False,False,4.050025558471679,1528.5321,1,0.0042611339305928,0.0042611339305928,84,224,False,224.0,False,False,False,True,0.000882383689823742,17.286008902857102,0.015252928113412601
ARHRYAYLYEDPFDI,H1-69,K3-20,True,29,1524,1,0.0001702007782283,0.0041075067110838,3.759963904346518e-06,False,False,False,False,True,False,False,False,False,True,False,False,False,-1,0,False,0.8333333333333335,False,False,False,5.382542037963867,1929.0944,2,0.0041075067110838,0.0041075067110838,493,225,False,225.0,False,False,False,True,0.0009153861490570596,24.131883737553277,0.022090045903575866
ARAAWSYLYSSQFDI,H1-69,K3-20,True,42,1438,1,0.0002464976788135,0.0038757182746315,3.759963904346518e-06,False,False,False,False,False,False,False,False,False,False,False,False,False,0,0,False,0.3866666666666668,False,False,False,5.87944984436035,1777.9285,1,0.0038757182746315,0.0038757182746315,5,226,False,226.0,False,False,False,True,0.0009701309374440115,15.722505251301916,0.015252928113412601
ARDLPADFDY,H3-23_A,K4-1,True,15,1431,1,8.803488529054446e-05,0.0038568517739901,3.759963904346518e-06,False,False,False,False,False,False,False,False,False,True,False,False,False,-2,-2,False,2.0200000000000005,False,False,False,4.050025558471679,1182.2388,1,0.0038568517739901,0.0038568517739901,123,227,False,227.0,False,False,False,True,0.0009748764992572351,43.805517620502876,0.04270508039097096
ARGRWGIWESAFDY,H1-69,K4-1,True,17,1387,1,9.97728699959504e-05,0.0037382623413866,3.759963904346518e-06,False,False,False,False,False,False,False,False,False,False,False,False,False,0,0,False,0.6571428571428573,False,False,False,6.114178848266601,1713.8482,2,0.0037382623413866,0.0037382623413866,379,228,False,228.0,False,False,False,True,0.001005802563585261,37.46396893112329,0.03768145679212387
ARGSTAYLYEDPFDI,H1-69,K3-15,True,7,1354,1,4.108294646892075e-05,0.003649320266934,3.759963904346518e-06,False,False,False,False,True,False,False,False,False,True,False,False,False,-2,-2,False,1.7000000000000002,False,False,False,4.050025558471679,1717.8287,1,0.003649320266934,0.003649320266934,347,229,False,229.0,False,False,False,True,0.0010303161482573809,88.80648823014039,0.09149900962176656
ARAGWEYVYEDPFDI,H1-69,K3-20,True,10,1258,1,5.868992352702965e-05,0.0033905796867082,3.759963904346518e-06,False,False,False,False,True,False,False,False,False,True,False,False,False,-3,-3,False,1.14,False,False,False,4.050025558471679,1830.9448,1,0.0033905796867082,0.0033905796867082,16,230,False,230.0,False,False,False,True,0.0011089409960415852,57.761228345500896,0.06405398301098572
ARDYGPYGYPFDY,H3-23_A,K4-1,True,34,1257,1,0.0001995457399919,0.0033878844723309,3.759963904346518e-06,False,False,False,False,False,False,False,False,False,False,False,False,False,-1,-1,False,1.9307692307692308,False,False,False,4.207874679565429,1583.6533,1,0.0033878844723309,0.0033878844723309,215,231,False,231.0,False,False,False,True,0.0011098232058449067,16.977133669361827,0.01884167252968587
ARSLGQYLYEDPFDI,H1-69,K1-39,True,10,1210,1,5.868992352702965e-05,0.0032612093965954,3.759963904346518e-06,False,False,False,False,True,False,False,False,False,True,False,False,False,-2,-2,False,1.0000000000000002,False,False,False,4.050025558471679,1786.9337,1,0.0032612093965954,0.0032612093965954,347,232,False,232.0,False,False,False,True,0.0011529319089270075,55.557302303702414,0.06405398301098572
ARHRGPYLYEDPFDI,H1-69,UNK,True,18,1209,1,0.0001056418623486,0.003258514182218,3.759963904346518e-06,False,False,False,False,True,False,False,False,False,True,False,False,False,-1,0,False,1.34,False,False,False,5.382593154907226,1849.0098000000005,2,0.003258514182218,0.003258514182218,49,233,False,233.0,False,False,False,True,0.0011538855304081862,30.841994734238387,0.0355882406685881
ARGAGDLVAFDY,H5-51,K4-1,True,34,1133,1,0.0001995457399919,0.0030536778895393,3.759963904346518e-06,False,False,False,False,False,False,False,False,False,False,False,False,False,-1,-1,False,1.491666666666667,False,False,False,4.207874679565429,1254.3477,1,0.0030536778895393,0.0030536778895393,300,234,False,234.0,False,False,False,True,0.0012312862480892805,15.302380626401673,0.01884167252968587
ARGPGAGLPFDY,H1-69,K4-1,True,59,1100,1,0.0003462705488094,0.0029647358150867,3.759963904346518e-06,False,False,False,False,False,False,False,False,False,False,False,False,False,0,0,False,1.616666666666667,False,False,False,5.880318832397459,1220.3330999999998,1,0.0029647358150867,0.0029647358150867,337,235,False,235.0,False,False,False,True,0.001268224710939195,8.5616585317316,0.01085814354076261
ARDIDLSLGFDY,H3-23_A,K3-20,True,32,1034,1,0.0001878077552864,0.0027868516661815,3.759963904346518e-06,False,False,False,False,False,False,False,False,False,True,False,False,False,-2,-2,False,0.916666666666667,False,False,False,4.050025558471679,1384.4895,1,0.0027868516661815,0.0027868516661815,111,236,False,236.0,False,False,False,True,0.0013491749339314507,14.838062897364942,0.020019214363482384
ARGTGDVSLFDY,H5-51,K4-1,True,13,927,1,7.629690058513854e-05,0.0024984637278049,3.759963904346518e-06,False,False,False,False,False,False,False,False,False,False,False,False,False,-1,-1,False,2.1166666666666667,False,False,False,4.207874679565429,1300.3731,1,0.0024984637278049,0.0024984637278049,399,237,False,237.0,False,False,False,True,0.001504904319186071,32.742303889243516,0.04927423176035543
ARHSVNYLYEDVFDY,H1-69,K3-15,True,14,850,1,8.21658929378415e-05,0.0022909322207488,3.759963904346518e-06,False,False,False,False,False,False,False,False,False,True,False,False,False,-2,-1,False,1.2133333333333336,False,False,False,4.536607742309571,1890.9999000000005,1,0.0022909322207488,0.0022909322207488,506,238,False,238.0,False,False,False,True,0.001641230350679715,27.87839765223701,0.0457550720768022
ARDVDLGLGFDY,H3-23_A,K3-15,True,24,768,1,0.0001408558164648,0.002069924641806,3.759963904346518e-06,False,False,False,False,False,False,False,False,False,True,False,False,False,-2,-2,False,1.2083333333333337,False,False,False,4.050025558471679,1340.4369,1,0.002069924641806,0.002069924641806,87,239,False,239.0,False,False,False,True,0.00181646503633853,14.694300531905409,0.02669181209968048
ARSGIPGLPFDY,H1-69,K4-1,True,35,738,1,0.0002054147323446,0.0019890682104854,3.759963904346518e-06,False,False,False,False,False,False,False,False,False,False,False,False,False,0,0,False,0.8416666666666668,False,False,False,5.880318832397459,1292.4388,1,0.0019890682104854,0.0019890682104854,735,240,False,240.0,False,False,False,True,0.0018903047072387185,9.682710488573196,0.0183033652347137
ARDEGPTGWPFDY,H3-23_A,K4-1,True,14,732,1,8.21658929378415e-05,0.0019728969242213,3.759963904346518e-06,False,False,False,False,False,False,False,False,False,True,False,False,False,-2,-2,False,2.6000000000000005,False,False,False,4.050025558471679,1510.5615,1,0.0019728969242213,0.0019728969242213,94,241,False,241.0,False,False,False,True,0.0019057989295823286,24.008220095808575,0.0457550720768022
ARAGSDFLYQDPFDY,H1-69,K3-20,True,3,671,1,1.7606977058108893e-05,0.0018084888472029,3.759963904346518e-06,False,False,False,False,True,False,False,False,False,False,False,False,False,-2,-2,False,1.8200000000000005,False,False,False,4.050025558471679,1764.8436000000002,1,0.0018084888472029,0.0018084888472029,14,242,False,242.0,False,False,False,True,0.002079052419724699,102.65602556202872,0.2134284384854693
ARDVDLHLGFDY,H3-23_A,K3-20,True,36,670,1,0.0002112837246973,0.0018057936328255,3.759963904346518e-06,False,False,False,False,False,False,False,False,False,True,False,False,False,-2,-1,False,0.9083333333333335,False,False,False,4.413415908813476,1420.5249,1,0.0018057936328255,0.0018057936328255,195,243,False,243.0,False,False,False,True,0.002082155465853941,8.546366606071645,0.017794962485199472
ARGRGVYLYEDPFDI,H1-69,K4-1,True,10,667,1,5.868992352702965e-05,0.0017977079896935,3.759963904346518e-06,False,False,False,False,True,False,False,False,False,True,False,False,False,-1,-1,False,1.1933333333333336,False,False,False,4.558281326293945,1770.9375999999995,2,0.0017977079896935,0.0017977079896935,49,244,False,244.0,False,False,False,True,0.00209152043084776,30.625388955842617,0.06405398301098572
ARDRSYDVAYGFDY,H1-69,K1-39,True,21,665,1,0.0001232488394067,0.0017923175609387,3.759963904346518e-06,False,False,False,False,False,False,False,False,False,False,False,False,False,-1,-1,False,2.585714285714286,False,False,False,4.429057693481445,1697.7577,2,0.0017923175609387,0.0017923175609387,120,245,False,245.0,False,False,False,True,0.002097810682762309,14.5410874349128,0.03050461875549785
ARGVAGWLYEDPFDI,H1-69,K3-15,True,44,652,1,0.0002582356635189,0.0017572797740332,3.759963904346518e-06,False,False,False,False,True,False,False,False,False,True,False,False,False,-2,-2,False,0.5133333333333334,False,False,False,4.050025558471679,1708.8665,1,0.0017572797740332,0.0017572797740332,406,246,False,246.0,False,False,False,True,0.0021396379583527255,6.80468260372005,0.014559640046274549
ARGPSGYLYEDPFDI,H1-69,K3-15,True,4,645,1,2.347596941081186e-05,0.0017384132733917,3.759963904346518e-06,False,False,False,False,True,False,False,False,False,True,False,False,False,-2,-2,False,1.7333333333333336,False,False,False,4.050025558471679,1699.8134,1,0.0017384132733917,0.0017384132733917,347,247,False,247.0,False,False,False,True,0.002162858701845811,74.01922581877393,0.16009404758125945
AREQYTLSYPLPFDY,H1-69,K3-15,True,12,603,1,7.042790823243557e-05,0.0016252142695429,3.759963904346518e-06,False,False,False,False,False,False,False,False,False,False,False,False,False,-1,-1,False,0.8466666666666669,False,False,False,4.370375442504883,1863.0297,1,0.0016252142695429,0.0016252142695429,252,248,False,248.0,False,False,False,True,0.002313504649671532,23.073005861842358,0.053379834789232326
ARSGSRYLYEDPFDI,H1-69,K4-1,True,1,576,1,5.868992352702965e-06,0.0015524434813545,3.759963904346518e-06,False,False,False,False,True,False,False,False,False,True,False,False,False,-1,-1,False,1.9266666666666667,False,False,False,4.558281326293945,1788.9099,2,0.0015524434813545,0.0015524434813545,263,250,False,250.0,False,False,False,True,0.002421949481581881,264.0662528912354,0.6395592439608825
ARENPSSNEYFDY,H3-23_A,K4-1,True,16,555,1,9.390387764324744e-05,0.0014958439794301,3.759963904346518e-06,False,False,False,False,False,False,False,False,False,False,False,False,False,-2,-2,False,3.692307692307693,False,False,False,4.137435531616211,1591.5894999999998,1,0.0014958439794301,0.0014958439794301,247,251,False,251.0,False,False,False,True,0.0025135902006818965,15.927826823554161,0.04003629707027507
ARHSIKWLYEDPFDI,H1-69,K3-15,True,22,518,1,0.0001291178317594,0.0013961210474681,3.759963904346518e-06,False,False,False,False,True,False,False,False,False,True,False,False,False,-1,0,False,0.2800000000000001,False,False,False,5.382593154907226,1890.1015,1,0.0013961210474681,0.0013961210474681,501,252,False,252.0,False,False,False,True,0.002693131071875564,10.811929763286432,0.029118152555619038
ARDVDLDNFDY,H3-23_A,K3-15,True,5,463,1,2.9344961763514826e-05,0.0012478842567137,3.759963904346518e-06,False,False,False,False,False,False,False,False,False,True,False,False,False,-3,-3,False,2.663636363636364,False,False,False,4.050025558471679,1342.3667,1,0.0012478842567137,0.0012478842567137,192,253,False,253.0,False,False,False,True,0.003013046886078548,42.51016461090032,0.1280861455258226
ARAGWAYLYSAEFDY,H1-69,K4-1,True,14,445,1,8.21658929378415e-05,0.0011993703979214,3.759963904346518e-06,False,False,False,False,False,False,False,False,False,True,False,False,False,-1,-1,False,0.5666666666666668,False,False,False,4.370375442504883,1782.9035,1,0.0011993703979214,0.0011993703979214,15,254,False,254.0,False,False,False,True,0.0031349219237389297,14.595161123817824,0.0457550720768022
ARHIDISLWEAPFDY,H1-69,K1-39,True,3,426,1,1.7606977058108893e-05,0.0011481613247517,3.759963904346518e-06,False,False,False,False,False,False,False,False,False,False,False,False,False,-2,-1,False,0.0400000000000001,False,False,False,4.536607742309571,1833.0071000000005,1,0.0011481613247517,0.0011481613247517,455,255,False,255.0,False,False,False,True,0.003274741167359877,65.17357211538254,0.2134284384854693
ARGSSGYLYEDPFDI,H1-69,K1-39,True,37,395,1,0.00021715271705,0.0010646096790538,3.759963904346518e-06,False,False,False,False,True,False,False,False,False,True,False,False,False,-2,-2,False,2.026666666666667,False,False,False,4.050025558471679,1689.7755000000002,1,0.0010646096790538,0.0010646096790538,263,257,False,257.0,False,False,False,True,0.0035317437563132915,4.902359362213552,0.017314039699921496
ARSSVEYLYQDPFDY,H1-69,K4-1,True,6,392,1,3.5213954116217785e-05,0.0010565240359218,3.759963904346518e-06,False,False,False,False,True,False,False,False,False,False,False,False,False,-2,-2,False,1.8266666666666669,False,False,False,4.050025558471679,1852.9487,1,0.0010565240359218,0.0010565240359218,776,258,False,258.0,False,False,False,True,0.0035587721516856224,29.994475703548453,0.10674451516547254
ARDISYDAAYGFDY,H1-69,K1-39,True,16,363,1,9.390387764324744e-05,0.0009783628189786,3.759963904346518e-06,False,False,False,False,False,False,False,False,False,False,False,False,False,-2,-2,False,2.128571428571429,False,False,False,4.050025558471679,1626.6764999999998,1,0.0009783628189786,0.0009783628189786,120,259,False,259.0,False,False,False,True,0.003843078866675629,10.417659706216442,0.04003629707027507
ARGSATYLYEDPFDI,H1-69,K1-39,True,17,351,1,9.97728699959504e-05,0.0009460202464504,3.759963904346518e-06,False,False,False,False,True,False,False,False,False,True,False,False,False,-2,-2,False,1.7000000000000002,False,False,False,4.050025558471679,1717.8287,1,0.0009460202464504,0.0009460202464504,347,260,False,260.0,False,False,False,True,0.003974464789528958,9.48078810008966,0.03768145679212387
ARATYTYLYEDPFDI,H1-69,K3-20,True,5,339,1,2.9344961763514826e-05,0.0009136776739221,3.759963904346518e-06,False,False,False,False,True,False,False,False,False,True,False,False,False,-2,-2,False,1.106666666666667,False,False,False,4.050025558471679,1837.9772000000005,1,0.0009136776739221,0.0009136776739221,63,261,False,261.0,False,False,False,True,0.004115152268834359,31.12515292245097,0.1280861455258226
ARPYSGYLYEDPFDI,H1-69,K4-1,True,4,331,1,2.347596941081186e-05,0.0008921159589033,3.759963904346518e-06,False,False,False,False,True,False,False,False,False,True,False,False,False,-2,-2,False,1.2266666666666668,False,False,False,4.050025558471679,1805.9353,1,0.0008921159589033,0.0008921159589033,347,262,False,262.0,False,False,False,True,0.004214611027537727,37.985060071338204,0.16009404758125945
ARGYTTFLYEDPFDI,H1-69,K3-15,True,1,323,1,5.868992352702965e-06,0.0008705542438845,3.759963904346518e-06,False,False,False,False,True,False,False,False,False,True,False,False,False,-2,-2,False,0.8600000000000001,False,False,False,4.050025558471679,1807.9512,1,0.0008705542438845,0.0008705542438845,427,263,False,263.0,False,False,False,False,0.004318996479305624,148.07881889559667,0.6395592439608825
ARHSPDWAYEWPFDP,H3-23_A,K3-15,True,2,309,1,1.173798470540593e-05,0.0008328212426016,3.759963904346518e-06,False,False,False,False,True,False,False,False,False,False,False,False,False,-2,-1,False,1.3333333333333333,False,False,False,4.536607742309571,1873.9746,1,0.0008328212426016,0.0008328212426016,502,264,False,264.0,False,False,False,False,0.0045146768180803765,70.89056238031793,0.3200518215363645
ARDLPADFDY,H3-23_A,K3-20,True,113,308,1,0.0006631961358554,0.0008301260282242,3.759963904346518e-06,False,False,False,False,False,False,False,False,False,True,False,False,False,-2,-2,False,2.0200000000000005,False,False,False,4.050025558471679,1182.2388,1,0.0008301260282242,0.0008301260282242,123,265,False,265.0,False,False,False,False,0.004529334683123813,1.2516862907993267,0.005669374423831189
ARATTGWFYEDPFDI,H1-69,K3-20,True,8,297,1,4.695193882162372e-05,0.0008004786700734,3.759963904346518e-06,False,False,False,True,True,False,False,False,False,True,False,False,False,-2,-2,False,1.0733333333333337,False,False,False,4.050025558471679,1788.9082,1,0.0008004786700734,0.0008004786700734,68,266,False,266.0,False,False,False,True,0.004697085723901317,17.045264530365127,0.08006406887560688
ARDRSWSAYAGFDY,H1-69,K1-39,True,4,274,1,2.347596941081186e-05,0.0007384887393943,3.759963904346518e-06,False,False,False,False,False,False,False,False,False,False,False,False,False,0,0,False,2.171428571428572,False,False,False,6.004021835327148,1664.7312,2,0.0007384887393943,0.0007384887393943,175,267,False,267.0,False,False,False,True,0.005091361303379279,31.443826161773583,0.16009404758125945
AREFVLDAWVKPFDY,H1-69,K3-15,True,8,263,1,4.695193882162372e-05,0.0007088413812434,3.759963904346518e-06,False,False,False,False,False,False,False,False,False,False,False,False,False,-1,-1,False,-0.1933333333333332,False,False,False,4.558281326293945,1856.0834,1,0.0007088413812434,0.0007088413812434,232,268,False,268.0,False,False,False,True,0.005304304969754231,15.093954786147215,0.08006406887560688
ARDYWSVEDWTGFDI,H1-69,K4-1,True,61,260,1,0.0003580085335148,0.0007007557381114,3.759963904346518e-06,False,False,False,False,False,False,False,False,False,True,False,False,False,-3,-3,False,1.2466666666666668,False,False,False,4.050025558471679,1859.943,1,0.0007007557381114,0.0007007557381114,227,269,False,269.0,False,False,False,True,0.005365507615255015,1.9573169333772262,0.010502148778258951
ARDADSRDATGFDY,H3-23_A,K3-20,True,30,244,1,0.000176069770581,0.0006576323080737,3.759963904346518e-06,False,True,False,False,False,False,False,False,False,True,False,False,False,-2,-2,False,4.357142857142857,False,False,False,4.13912239074707,1559.5495,2,0.0006576323080737,0.0006576323080737,77,270,False,270.0,False,False,False,False,0.005717338830221899,3.734854412314087,0.0213537528583777
ARESSPYLYEDPFDI,H1-69,K4-1,True,7,225,1,4.108294646892075e-05,0.0006064232349041,3.759963904346518e-06,False,False,False,False,True,False,False,False,False,True,False,False,False,-3,-3,False,1.9266666666666667,False,False,False,4.050025558471679,1801.9021,1,0.0006064232349041,0.0006064232349041,263,271,False,271.0,False,False,False,True,0.006200128370176002,14.757355872807697,0.09149900962176656
ARVISSYLYEDPFDI,H1-69,K4-1,True,5,210,1,2.9344961763514826e-05,0.0005659950192438,3.759963904346518e-06,False,False,False,False,True,False,False,False,False,True,False,False,False,-2,-2,False,0.4866666666666667,False,False,False,4.050025558471679,1787.9615,1,0.0005659950192438,0.0005659950192438,263,272,False,272.0,False,False,False,True,0.006642986857907982,19.28106818205,0.1280861455258226
ARGSYGAGFPFDY,H3-23_A,K4-1,True,1,205,1,5.868992352702965e-06,0.000552518947357,3.759963904346518e-06,False,False,False,False,False,False,False,False,False,False,False,False,False,0,0,False,1.6846153846153848,False,False,False,5.87944984436035,1407.4846,1,0.000552518947357,0.000552518947357,395,273,False,273.0,False,False,False,False,0.0068050079952048734,93.98191292134786,0.6395592439608825
ARASYDYLYEDPFDI,H1-69,K3-20,True,1,203,1,5.868992352702965e-06,0.0005471285186023,3.759963904346518e-06,False,False,False,False,True,False,False,False,False,True,False,False,False,-3,-3,False,1.5133333333333334,False,False,False,4.050025558471679,1837.9341,1,0.0005471285186023,0.0005471285186023,63,274,False,274.0,False,False,False,True,0.006872051183586167,93.06501620992049,0.6395592439608825
ARGYTTFLYEDPFDI,H1-69,K1-39,True,1,192,1,5.868992352702965e-06,0.0005174811604515,3.759963904346518e-06,False,False,False,False,True,False,False,False,False,True,False,False,False,-2,-2,False,0.8600000000000001,False,False,False,4.050025558471679,1807.9512,1,0.0005174811604515,0.0005174811604515,427,275,False,275.0,False,False,False,False,0.007265754841234446,88.02208429707846,0.6395592439608825
ARGPSQYLYEDPFDI,H1-69,K3-15,True,1,183,1,5.868992352702965e-06,0.0004932242310553,3.759963904346518e-06,False,False,False,False,True,False,False,False,False,True,False,False,False,-2,-2,False,1.7533333333333334,False,False,False,4.050025558471679,1770.8912999999998,1,0.0004932242310553,0.0004932242310553,347,276,False,276.0,False,False,False,False,0.007623079801865904,83.8960490956468,0.6395592439608825
ARDADSRDATGFDY,H3-23_A,K4-1,True,8,182,1,4.695193882162372e-05,0.0004905290166779,3.759963904346518e-06,False,True,False,False,False,False,False,False,False,True,False,False,False,-2,-2,False,4.357142857142857,False,False,False,4.13912239074707,1559.5495,2,0.0004905290166779,0.0004905290166779,77,277,False,277.0,False,False,False,False,0.0076649640018653245,10.445246277865234,0.08006406887560688
ARGEDPWLYEDPFDI,H3-23_A,K3-15,True,2,173,1,1.173798470540593e-05,0.0004662720872818,3.759963904346518e-06,False,False,False,False,True,False,False,False,False,True,False,False,False,-4,-4,False,1.5666666666666669,False,False,False,4.050025558471679,1822.9229,1,0.0004662720872818,0.0004662720872818,305,278,False,278.0,False,False,False,False,0.008063710802757397,39.68953816114871,0.3200518215363645
ARGPSQYLYEDPFDI,H3-23_A,K1-39,True,2,165,1,1.173798470540593e-05,0.000444710372263,3.759963904346518e-06,False,False,False,False,True,False,False,False,False,True,False,False,False,-2,-2,False,1.7533333333333334,False,False,False,4.050025558471679,1770.8912999999998,1,0.000444710372263,0.000444710372263,347,279,False,279.0,False,False,False,False,0.008454669807937064,37.854183795316224,0.3200518215363645
ARGEDPWLYEDPFDI,H1-69,K1-39,True,1,162,1,5.868992352702965e-06,0.0004366247291309,3.759963904346518e-06,False,False,False,False,True,False,False,False,False,True,False,False,False,-4,-4,False,1.5666666666666669,False,False,False,4.050025558471679,1822.9229,1,0.0004366247291309,0.0004366247291309,305,280,False,280.0,False,False,False,False,0.008611234181556153,74.26863362565092,0.6395592439608825
ARHRYAYLYEDPFDI,H1-69,K3-15,True,2,161,1,1.173798470540593e-05,0.0004339295147536,3.759963904346518e-06,False,False,False,False,True,False,False,False,False,True,False,False,False,-1,0,False,0.8333333333333335,False,False,False,5.382542037963867,1929.0944,2,0.0004339295147536,0.0004339295147536,493,281,False,281.0,False,False,False,False,0.008664718875582246,36.93650661239998,0.3200518215363645
ARASWLYIIEDAFDY,H1-69,K3-20,True,4,160,1,2.347596941081186e-05,0.0004312343003762,3.759963904346518e-06,False,False,False,False,False,False,False,False,False,True,False,False,False,-2,-2,False,-0.2266666666666665,False,False,False,4.050025558471679,1833.0037,1,0.0004312343003762,0.0004312343003762,62,282,False,282.0,False,False,False,False,0.008718872112782659,18.361358342640077,0.16009404758125945
ARDLEWSVYYGFDY,H1-69,K1-39,True,30,158,1,0.000176069770581,0.0004258438716215,3.759963904346518e-06,False,False,False,False,False,False,False,False,False,True,False,False,False,-2,-2,False,0.6071428571428573,False,False,False,4.050025558471679,1783.8882,1,0.0004258438716215,0.0004258438716215,124,283,False,283.0,False,False,False,True,0.008829234990936947,2.4184712997771873,0.0213537528583777
ARDADSRDATGFDY,UNK,UNK,True,5,141,1,2.9344961763514826e-05,0.0003800252272065,3.759963904346518e-06,False,True,False,False,False,False,False,False,False,True,False,False,False,-2,-2,False,4.357142857142857,False,False,False,4.13912239074707,1559.5495,2,0.0003800252272065,0.0003800252272065,77,284,False,284.0,False,False,False,False,0.009893724673853627,12.945860065088961,0.1280861455258226
ARGYTTFLYEDPFDI,H3-23_A,K4-1,True,2,140,1,1.173798470540593e-05,0.0003773300128292,3.759963904346518e-06,False,False,False,False,True,False,False,False,False,True,False,False,False,-2,-2,False,0.8600000000000001,False,False,False,4.050025558471679,1807.9512,1,0.0003773300128292,0.0003773300128292,427,285,False,285.0,False,False,False,False,0.009964392262975928,32.11870140208546,0.3200518215363645
ARHSPDWAYEWPFDP,UNK,K3-15,True,2,140,1,1.173798470540593e-05,0.0003773300128292,3.759963904346518e-06,False,False,False,False,True,False,False,False,False,False,False,False,False,-2,-1,False,1.3333333333333333,False,False,False,4.536607742309571,1873.9746,1,0.0003773300128292,0.0003773300128292,502,286,False,286.0,False,False,False,False,0.009964392262975928,32.11870140208546,0.3200518215363645
ARARGHYLYEDPFDI,H1-69,K4-1,True,7,136,1,4.108294646892075e-05,0.0003665491553198,3.759963904346518e-06,False,False,False,False,True,False,False,False,False,True,False,False,False,-1,0,False,1.34,False,False,False,5.382593154907226,1822.9725,2,0.0003665491553198,0.0003665491553198,49,287,False,287.0,False,False,False,False,0.010257454628479226,8.920001772007927,0.09149900962176656
ARDFPALFDY,H3-23_A,K4-1,True,4,131,1,2.347596941081186e-05,0.000353073083433,3.759963904346518e-06,False,False,False,False,False,False,False,False,False,False,False,False,False,-1,-1,False,0.1000000000000002,False,False,False,4.207874679565429,1214.3252,1,0.000353073083433,0.000353073083433,102,288,False,288.0,False,False,False,False,0.010648949442121879,15.033362143035978,0.16009404758125945
ARDPFPYTFPLPQFDY,H4-34,K1-39,True,7,130,1,4.108294646892075e-05,0.0003503778690557,3.759963904346518e-06,False,False,False,False,True,False,False,False,False,False,False,False,False,-1,-1,False,0.3312500000000002,False,False,False,4.207874679565429,1974.173,1,0.0003503778690557,0.0003503778690557,154,289,False,289.0,False,False,False,False,0.01073086209999128,8.526472282066615,0.09149900962176656
ARDPEWSSYAGFDY,H1-69,K1-39,True,50,128,1,0.0002934496176351,0.000344987440301,3.759963904346518e-06,False,False,False,False,True,False,False,False,False,True,False,False,False,-2,-2,False,2.4285714285714284,False,False,False,4.050025558471679,1663.6968,1,0.000344987440301,0.000344987440301,153,290,False,290.0,False,False,False,True,0.010898526960275596,1.1755874388481342,0.012812542777254672
ARDIDLGTPFDY,H3-23_A,K4-1,True,26,127,1,0.0001525938011702,0.0003422922259236,3.759963904346518e-06,False,False,False,False,False,False,False,False,False,True,False,False,False,-2,-2,False,1.7500000000000002,False,False,False,4.050025558471679,1382.4737,1,0.0003422922259236,0.0003422922259236,108,291,False,291.0,False,False,False,False,0.010984339626192562,2.2430124498788815,0.02463873032987564
ARVTTAYLYEDPFDI,H1-69,K3-20,True,6,126,1,3.5213954116217785e-05,0.0003395970115462,3.759963904346518e-06,False,False,False,False,True,False,False,False,False,True,False,False,False,-2,-2,False,0.9866666666666668,False,False,False,4.050025558471679,1773.935,1,0.0003395970115462,0.0003395970115462,901,292,False,292.0,False,False,False,False,0.011071514357809465,9.641081476137938,0.10674451516547254
ARDADSRDATGFDY,H1-69,UNK,True,3,125,1,1.7606977058108893e-05,0.0003369017971689,3.759963904346518e-06,False,True,False,False,False,False,False,False,False,True,False,False,False,-2,-2,False,4.357142857142857,False,False,False,4.13912239074707,1559.5495,2,0.0003369017971689,0.0003369017971689,77,293,False,293.0,False,False,False,False,0.011160083843729521,19.123700738080256,0.2134284384854693
ARDEDLGNPFDY,H3-23_A,K4-1,True,1,125,1,5.868992352702965e-06,0.0003369017971689,3.759963904346518e-06,False,False,False,False,False,False,False,False,False,True,False,False,False,-3,-3,False,3.216666666666667,False,False,False,4.050025558471679,1411.4288,1,0.0003369017971689,0.0003369017971689,88,294,False,294.0,False,False,False,False,0.011160083843729521,57.30604446423608,0.6395592439608825
ARAGWEYVYEDPFDI,H1-69,K3-15,True,2,123,1,1.173798470540593e-05,0.0003315113684142,3.759963904346518e-06,False,False,False,False,True,False,False,False,False,True,False,False,False,-3,-3,False,1.14,False,False,False,4.050025558471679,1830.9448,1,0.0003315113684142,0.0003315113684142,16,295,False,295.0,False,False,False,False,0.011341543147978476,28.218573374687185,0.3200518215363645
ARHVNSWLYEDPFDI,H1-69,K3-20,True,22,118,1,0.0001291178317594,0.0003180352965274,3.759963904346518e-06,False,False,True,False,True,False,False,False,False,True,False,False,False,-2,-1,False,0.6533333333333334,False,False,False,4.536607742309571,1862.0052,1,0.0003180352965274,0.0003180352965274,501,296,False,296.0,False,False,False,False,0.011822101899949313,2.4629492510955004,0.029118152555619038
ARHRYAYLYEDPFDI,H1-69,K1-39,True,1,117,1,5.868992352702965e-06,0.0003153400821501,3.759963904346518e-06,False,False,False,False,True,False,False,False,False,True,False,False,False,-1,0,False,0.8333333333333335,False,False,False,5.382542037963867,1929.0944,2,0.0003153400821501,0.0003153400821501,493,297,False,297.0,False,False,False,False,0.011923142301757369,53.6384576185266,0.6395592439608825
ARHRGPYLYEDPFDI,H1-69,K3-15,True,1,113,1,5.868992352702965e-06,0.0003045592246407,3.759963904346518e-06,False,False,False,False,True,False,False,False,False,True,False,False,False,-1,0,False,1.34,False,False,False,5.382593154907226,1849.0098000000005,2,0.0003045592246407,0.0003045592246407,49,300,False,300.0,False,False,False,False,0.012345186578788922,51.80466419567187,0.6395592439608825
ARDADSRDATGFDY,H4-34,UNK,True,6,112,1,3.5213954116217785e-05,0.0003018640102633,3.759963904346518e-06,False,True,False,False,False,False,False,False,False,True,False,False,False,-2,-2,False,4.357142857142857,False,False,False,4.13912239074707,1559.5495,2,0.0003018640102633,0.0003018640102633,77,301,False,301.0,False,False,False,False,0.01245540780760493,8.569850201011818,0.10674451516547254
ARHSPDWAYEWPFDP,H1-69,K4-1,True,2,111,1,1.173798470540593e-05,0.000299168795886,3.759963904346518e-06,False,False,False,False,True,False,False,False,False,False,False,False,False,-2,-1,False,1.3333333333333333,False,False,False,4.536607742309571,1873.9746,1,0.000299168795886,0.000299168795886,502,302,False,302.0,False,False,False,False,0.012567614938122909,25.46554182593846,0.3200518215363645
ARDFPALFDY,H1-69,K3-15,True,5,106,1,2.9344961763514826e-05,0.0002856927239992,3.759963904346518e-06,False,False,False,False,False,False,False,False,False,False,False,False,False,-1,-1,False,0.1000000000000002,False,False,False,4.207874679565429,1214.3252,1,0.0002856927239992,0.0002856927239992,102,303,False,303.0,False,False,False,False,0.013160406214247529,9.73234870141396,0.1280861455258226
ARDLGANTGYGFDY,H3-23_A,K4-1,True,28,103,1,0.0001643317858756,0.0002776070808672,3.759963904346518e-06,False,False,False,False,False,False,False,False,False,False,False,False,False,-1,-1,False,2.5357142857142856,False,False,False,4.207874679565429,1519.5698,1,0.0002776070808672,0.0002776070808672,127,304,False,304.0,False,False,False,False,0.013543705209353175,1.6892056964583382,0.022878928108963453
ARHRGPYLYEDPFDI,H1-69,K1-39,True,2,103,1,1.173798470540593e-05,0.0002776070808672,3.759963904346518e-06,False,False,False,False,True,False,False,False,False,True,False,False,False,-1,0,False,1.34,False,False,False,5.382593154907226,1849.0098000000005,2,0.0002776070808672,0.0002776070808672,49,305,False,305.0,False,False,False,False,0.013543705209353175,23.630187460105976,0.3200518215363645
ARAAWSYLYSSQFDI,H3-23_A,K3-20,True,1,103,1,5.868992352702965e-06,0.0002776070808672,3.759963904346518e-06,False,False,False,False,False,False,False,False,False,False,False,False,False,0,0,False,0.3866666666666668,False,False,False,5.87944984436035,1777.9285,1,0.0002776070808672,0.0002776070808672,5,306,False,306.0,False,False,False,False,0.013543705209353175,47.22018063853503,0.6395592439608825
ARDIDLGTPFDY,H1-69,K3-20,True,1,102,1,5.868992352702965e-06,0.0002749118664898,3.759963904346518e-06,False,False,False,False,False,False,False,False,False,True,False,False,False,-2,-2,False,1.7500000000000002,False,False,False,4.050025558471679,1382.4737,1,0.0002749118664898,0.0002749118664898,108,307,False,307.0,False,False,False,False,0.013676481803189046,46.76173228281284,0.6395592439608825
ARDVSYDAAYGFDY,H3-23_A,K1-39,True,5,101,1,2.9344961763514826e-05,0.0002722166521125,3.759963904346518e-06,False,False,False,False,False,False,False,False,False,False,False,False,False,-2,-2,False,2.435714285714286,False,False,False,4.050025558471679,1612.6499,1,0.0002722166521125,0.0002722166521125,120,308,False,308.0,False,False,False,False,0.013811887539919056,9.273275649462336,0.1280861455258226
ARGRWPTLWEDAFDI,H3-23_A,K4-1,True,1,101,1,5.868992352702965e-06,0.0002722166521125,3.759963904346518e-06,False,False,False,False,False,False,False,False,False,True,False,False,False,-1,-1,False,0.4666666666666668,False,False,False,4.558281326293945,1833.0105,2,0.0002722166521125,0.0002722166521125,380,309,False,309.0,False,False,False,False,0.013811887539919056,46.30328392710766,0.6395592439608825
ARDIDLGLGFDY,H1-69,K3-15,True,1,100,1,5.868992352702965e-06,0.0002695214377351,3.759963904346518e-06,False,False,False,False,False,False,False,False,False,True,False,False,False,-2,-2,False,0.8500000000000002,False,False,False,4.050025558471679,1354.4634999999998,1,0.0002695214377351,0.0002695214377351,87,310,False,310.0,False,False,False,False,0.013950001290913876,45.84483557138547,0.6395592439608825
ARGRWGIWESAFDY,H3-23_A,K4-1,True,1,99,1,5.868992352702965e-06,0.0002668262233578,3.759963904346518e-06,False,False,False,False,False,False,False,False,False,False,False,False,False,0,0,False,0.6571428571428573,False,False,False,6.114178848266601,1713.8482,2,0.0002668262233578,0.0002668262233578,379,311,False,311.0,False,False,False,False,0.0140909051141261,45.38638721568028,0.6395592439608825
ARGVDYALWEAPFDY,H3-23_A,K1-39,True,2,96,1,1.173798470540593e-05,0.0002587405802257,3.759963904346518e-06,False,False,False,False,False,False,False,False,False,False,False,False,False,-2,-2,False,0.6800000000000002,False,False,False,4.050025558471679,1772.9087,1,0.0002587405802257,0.0002587405802257,408,312,False,312.0,False,False,False,False,0.01453122888098191,22.0242523899983,0.3200518215363645
ARHRGPYLYEDPFDI,H1-69,K3-20,True,2,95,1,1.173798470540593e-05,0.0002560453658483,3.759963904346518e-06,False,False,False,False,True,False,False,False,False,True,False,False,False,-1,0,False,1.34,False,False,False,5.382593154907226,1849.0098000000005,2,0.0002560453658483,0.0002560453658483,49,313,False,313.0,False,False,False,False,0.014684183211275131,21.79483309426498,0.3200518215363645
ARGPSQYLYEDPFDI,UNK,K1-39,True,1,95,1,5.868992352702965e-06,0.0002560453658483,3.759963904346518e-06,False,False,False,False,True,False,False,False,False,True,False,False,False,-2,-2,False,1.7533333333333334,False,False,False,4.050025558471679,1770.8912999999998,1,0.0002560453658483,0.0002560453658483,347,314,False,314.0,False,False,False,False,0.014684183211275131,43.55259379280854,0.6395592439608825
ARHSPDWAYEWPFDP,H4-34,K3-15,True,1,92,1,5.868992352702965e-06,0.0002479597227163,3.759963904346518e-06,False,False,False,False,True,False,False,False,False,False,False,False,False,-2,-1,False,1.3333333333333333,False,False,False,4.536607742309571,1873.9746,1,0.0002479597227163,0.0002479597227163,502,315,False,315.0,False,False,False,False,0.015162995962407314,42.177248725675994,0.6395592439608825
ARGEDPWLYEDPFDI,H1-69,K4-1,True,2,91,1,1.173798470540593e-05,0.0002452645083389,3.759963904346518e-06,False,False,False,False,True,False,False,False,False,True,False,False,False,-4,-4,False,1.5666666666666669,False,False,False,4.050025558471679,1822.9229,1,0.0002452645083389,0.0002452645083389,305,316,False,316.0,False,False,False,False,0.015329615498204616,20.87715591134874,0.3200518215363645
ARDIDLGTPFDY,H3-23_A,UNK,True,3,90,1,1.7606977058108893e-05,0.0002425692939616,3.759963904346518e-06,False,False,False,False,False,False,False,False,False,True,False,False,False,-2,-2,False,1.7500000000000002,False,False,False,4.050025558471679,1382.4737,1,0.0002425692939616,0.0002425692939616,108,317,False,317.0,False,False,False,False,0.015499937537709693,13.76906453141733,0.2134284384854693
ARGPSQYLYEDPFDI,H4-34,K1-39,True,2,85,1,1.173798470540593e-05,0.0002290932220748,3.759963904346518e-06,False,False,False,False,True,False,False,False,False,True,False,False,False,-2,-2,False,1.7533333333333334,False,False,False,4.050025558471679,1770.8912999999998,1,0.0002290932220748,0.0002290932220748,347,318,False,318.0,False,False,False,False,0.016411658772389183,19.50064013697438,0.3200518215363645
ARDYGPSGYPFDY,UNK,K4-1,True,8,83,1,4.695193882162372e-05,0.0002237027933201,3.759963904346518e-06,False,False,False,False,False,False,False,False,False,False,False,False,False,-1,-1,False,2.576923076923077,False,False,False,4.207874679565429,1507.5574,1,0.0002237027933201,0.0002237027933201,162,319,False,319.0,False,False,False,False,0.016807102752351602,4.763491434410191,0.08006406887560688
ARGIGELTLFDY,UNK,K4-1,True,1,83,1,5.868992352702965e-06,0.0002237027933201,3.759963904346518e-06,False,False,False,False,False,False,False,False,False,False,False,False,False,-1,-1,False,0.2666666666666669,False,False,False,4.370375442504883,1354.5066,1,0.0002237027933201,0.0002237027933201,315,320,False,320.0,False,False,False,False,0.016807102752351602,38.051213524244325,0.6395592439608825
ARAGWEYVYEDPFDI,H1-69,K1-39,True,1,82,1,5.868992352702965e-06,0.0002210075789428,3.759963904346518e-06,False,False,False,False,True,False,False,False,False,True,False,False,False,-3,-3,False,1.14,False,False,False,4.050025558471679,1830.9448,1,0.0002210075789428,0.0002210075789428,16,321,False,321.0,False,False,False,False,0.017012058146377615,37.592765168539145,0.6395592439608825
ARGVDYALWEAPFDY,H1-69,K4-1,True,1,81,1,5.868992352702965e-06,0.0002183123645654,3.759963904346518e-06,False,False,False,False,False,False,False,False,False,False,False,False,False,-2,-2,False,0.6800000000000002,False,False,False,4.050025558471679,1772.9087,1,0.0002183123645654,0.0002183123645654,408,322,False,322.0,False,False,False,False,0.017222073935628315,37.134316812816955,0.6395592439608825
ARGPSQYLYEDPFDI,H1-69,K4-1,True,1,80,1,5.868992352702965e-06,0.0002156171501881,3.759963904346518e-06,False,False,False,False,True,False,False,False,False,True,False,False,False,-2,-2,False,1.7533333333333334,False,False,False,4.050025558471679,1770.8912999999998,1,0.0002156171501881,0.0002156171501881,347,323,False,323.0,False,False,False,False,0.017437339876108154,36.675868457111775,0.6395592439608825
ARGPGAGLPFDY,H3-23_A,K4-1,True,3,79,1,1.7606977058108893e-05,0.0002129219358107,3.759963904346518e-06,False,False,False,False,False,False,False,False,False,False,False,False,False,0,0,False,1.616666666666667,False,False,False,5.880318832397459,1220.3330999999998,1,0.0002129219358107,0.0002129219358107,337,324,False,324.0,False,False,False,False,0.01765805533130168,12.086178866464179,0.2134284384854693
ARGVDYALWEAPFDY,UNK,K1-39,True,1,79,1,5.868992352702965e-06,0.0002129219358107,3.759963904346518e-06,False,False,False,False,False,False,False,False,False,False,False,False,False,-2,-2,False,0.6800000000000002,False,False,False,4.050025558471679,1772.9087,1,0.0002129219358107,0.0002129219358107,408,325,False,325.0,False,False,False,False,0.01765805533130168,36.217420101389585,0.6395592439608825
ARDADSRDATGFDY,H3-23_A,K3-15,True,9,78,1,5.282093117432668e-05,0.0002102267214334,3.759963904346518e-06,False,True,False,False,False,False,False,False,False,True,False,False,False,-2,-2,False,4.357142857142857,False,False,False,4.13912239074707,1559.5495,2,0.0002102267214334,0.0002102267214334,77,326,False,326.0,False,False,False,False,0.017884429887942394,3.9792355871925307,0.0711697450862589
ARDEDLGNPFDY,H1-69,K3-15,True,1,78,1,5.868992352702965e-06,0.0002102267214334,3.759963904346518e-06,False,False,False,False,False,False,False,False,False,True,False,False,False,-3,-3,False,3.216666666666667,False,False,False,4.050025558471679,1411.4288,1,0.0002102267214334,0.0002102267214334,88,327,False,327.0,False,False,False,False,0.017884429887942394,35.758971745684406,0.6395592439608825
ARHRYAYLYEDPFDI,H1-69,UNK,True,1,78,1,5.868992352702965e-06,0.0002102267214334,3.759963904346518e-06,False,False,False,False,True,False,False,False,False,True,False,False,False,-1,0,False,0.8333333333333335,False,False,False,5.382542037963867,1929.0944,2,0.0002102267214334,0.0002102267214334,493,328,False,328.0,False,False,False,False,0.017884429887942394,35.758971745684406,0.6395592439608825
ARDYGPSGYPFDY,H1-69,K3-15,True,2,73,1,1.173798470540593e-05,0.0001967506495466,3.759963904346518e-06,False,False,False,False,False,False,False,False,False,False,False,False,False,-1,-1,False,2.576923076923077,False,False,False,4.207874679565429,1507.5574,1,0.0001967506495466,0.0001967506495466,162,329,False,329.0,False,False,False,False,0.019109328582776523,16.747608588225656,0.3200518215363645
ARDEDLGNPFDY,UNK,K3-15,True,1,73,1,5.868992352702965e-06,0.0001967506495466,3.759963904346518e-06,False,False,False,False,False,False,False,False,False,True,False,False,False,-3,-3,False,3.216666666666667,False,False,False,4.050025558471679,1411.4288,1,0.0001967506495466,0.0001967506495466,88,330,False,330.0,False,False,False,False,0.019109328582776523,33.466729967107476,0.6395592439608825
ARDIDLSLGFDY,H3-23_A,K4-1,True,7,72,1,4.108294646892075e-05,0.0001940554351693,3.759963904346518e-06,False,False,False,False,False,False,False,False,False,True,False,False,False,-2,-2,False,0.916666666666667,False,False,False,4.050025558471679,1384.4895,1,0.0001940554351693,0.0001940554351693,111,331,False,331.0,False,False,False,False,0.01937472224802102,4.722353879298171,0.09149900962176656
ARGYTTFLYEDPFDI,H1-69,K3-20,True,3,72,1,1.7606977058108893e-05,0.0001940554351693,3.759963904346518e-06,False,False,False,False,True,False,False,False,False,True,False,False,False,-2,-2,False,0.8600000000000001,False,False,False,4.050025558471679,1807.9512,1,0.0001940554351693,0.0001940554351693,427,332,False,332.0,False,False,False,False,0.01937472224802102,11.015251625135,0.2134284384854693
ARLADIYDAEAFDY,UNK,K4-1,True,3,71,1,1.7606977058108893e-05,0.0001913602207919,3.759963904346518e-06,False,False,False,False,False,False,False,False,False,True,False,False,False,-3,-3,False,1.442857142857143,False,False,False,4.050025558471679,1632.7242,1,0.0001913602207919,0.0001913602207919,599,333,False,333.0,False,False,False,False,0.019647591400519845,10.862262019227588,0.2134284384854693
ARGEDPWLYEDPFDI,UNK,K3-15,True,2,71,1,1.173798470540593e-05,0.0001913602207919,3.759963904346518e-06,False,False,False,False,True,False,False,False,False,True,False,False,False,-4,-4,False,1.5666666666666669,False,False,False,4.050025558471679,1822.9229,1,0.0001913602207919,0.0001913602207919,305,334,False,334.0,False,False,False,False,0.019647591400519845,16.288769996767535,0.3200518215363645
ARHRYAYLYEDPFDI,H1-69,K4-1,True,2,68,1,1.173798470540593e-05,0.0001832745776599,3.759963904346518e-06,False,False,False,False,True,False,False,False,False,True,False,False,False,-1,0,False,0.8333333333333335,False,False,False,5.382542037963867,1929.0944,2,0.0001832745776599,0.0001832745776599,493,335,False,335.0,False,False,False,False,0.02051434961060089,15.600512109584612,0.3200518215363645
ARGRGVYLYEDPFDI,H1-69,K1-39,True,1,68,1,5.868992352702965e-06,0.0001832745776599,3.759963904346518e-06,False,False,False,False,True,False,False,False,False,True,False,False,False,-1,-1,False,1.1933333333333336,False,False,False,4.558281326293945,1770.9375999999995,2,0.0001832745776599,0.0001832745776599,49,336,False,336.0,False,False,False,False,0.02051434961060089,31.17448818854756,0.6395592439608825
ARHRYAYLYEDPFDI,H3-23_A,K3-20,True,1,68,1,5.868992352702965e-06,0.0001832745776599,3.759963904346518e-06,False,False,False,False,True,False,False,False,False,True,False,False,False,-1,0,False,0.8333333333333335,False,False,False,5.382542037963867,1929.0944,2,0.0001832745776599,0.0001832745776599,493,337,False,337.0,False,False,False,False,0.02051434961060089,31.17448818854756,0.6395592439608825
ARDESVEGSPGFDY,H1-69,K3-15,True,3,67,1,1.7606977058108893e-05,0.0001805793632825,3.759963904346518e-06,False,False,False,False,False,False,False,False,False,True,False,False,False,-3,-3,False,3.8285714285714287,False,False,False,4.050025558471679,1528.5321,1,0.0001805793632825,0.0001805793632825,84,338,False,338.0,False,False,False,False,0.020820516978426476,10.250303595609292,0.2134284384854693
ARGYTTFLYEDPFDI,UNK,K4-1,True,2,67,1,1.173798470540593e-05,0.0001805793632825,3.759963904346518e-06,False,False,False,False,True,False,False,False,False,True,False,False,False,-2,-2,False,0.8600000000000001,False,False,False,4.050025558471679,1807.9512,1,0.0001805793632825,0.0001805793632825,427,339,False,339.0,False,False,False,False,0.020820516978426476,15.371092813851295,0.3200518215363645
ARSLGQYLYEDPFDI,H1-69,K3-15,True,2,67,1,1.173798470540593e-05,0.0001805793632825,3.759963904346518e-06,False,False,False,False,True,False,False,False,False,True,False,False,False,-2,-2,False,1.0000000000000002,False,False,False,4.050025558471679,1786.9337,1,0.0001805793632825,0.0001805793632825,347,340,False,340.0,False,False,False,False,0.020820516978426476,15.371092813851295,0.3200518215363645
ARDESVEGSPGFDY,H3-23_A,K4-1,True,1,66,1,5.868992352702965e-06,0.0001778841489052,3.759963904346518e-06,False,False,False,False,False,False,False,False,False,True,False,False,False,-3,-3,False,3.8285714285714287,False,False,False,4.050025558471679,1528.5321,1,0.0001778841489052,0.0001778841489052,84,341,False,341.0,False,False,False,False,0.021135961623730565,30.25759147712019,0.6395592439608825
ARLADIYDAEAFDY,H1-69,K4-1,True,1,66,1,5.868992352702965e-06,0.0001778841489052,3.759963904346518e-06,False,False,False,False,False,False,False,False,False,True,False,False,False,-3,-3,False,1.442857142857143,False,False,False,4.050025558471679,1632.7242,1,0.0001778841489052,0.0001778841489052,599,342,False,342.0,False,False,False,False,0.021135961623730565,30.25759147712019,0.6395592439608825
ARDYGPYGYPFDY,UNK,K4-1,True,1,65,1,5.868992352702965e-06,0.0001751889345278,3.759963904346518e-06,False,False,False,False,False,False,False,False,False,False,False,False,False,-1,-1,False,1.9307692307692308,False,False,False,4.207874679565429,1583.6533,1,0.0001751889345278,0.0001751889345278,215,343,False,343.0,False,False,False,False,0.021461111704134818,29.799143121398004,0.6395592439608825
ARGPSQYLYEDPFDI,H1-69,K3-20,True,2,64,1,1.173798470540593e-05,0.0001724937201505,3.759963904346518e-06,False,False,False,False,True,False,False,False,False,True,False,False,False,-2,-2,False,1.7533333333333334,False,False,False,4.050025558471679,1770.8912999999998,1,0.0001724937201505,0.0001724937201505,347,344,False,344.0,False,False,False,False,0.02179642213551196,14.682834926668368,0.3200518215363645
ARGSYGAGFPFDY,UNK,K4-1,True,2,64,1,1.173798470540593e-05,0.0001724937201505,3.759963904346518e-06,False,False,False,False,False,False,False,False,False,False,False,False,False,0,0,False,1.6846153846153848,False,False,False,5.87944984436035,1407.4846,1,0.0001724937201505,0.0001724937201505,395,345,False,345.0,False,False,False,False,0.02179642213551196,14.682834926668368,0.3200518215363645
ARVKSYSSFDY,H1-69,K3-20,True,1,64,1,5.868992352702965e-06,0.0001724937201505,3.759963904346518e-06,False,False,False,False,False,False,False,False,False,False,False,False,False,1,1,False,2.2545454545454544,False,False,False,8.54006805419922,1322.4217,1,0.0001724937201505,0.0001724937201505,841,346,False,346.0,False,False,False,False,0.02179642213551196,29.34069476569282,0.6395592439608825
ARDEDLAYGFDY,H1-69,K4-1,True,2,63,1,1.173798470540593e-05,0.0001697985057731,3.759963904346518e-06,False,False,False,False,False,False,False,False,False,True,False,False,False,-3,-3,False,2.475,False,False,False,4.050025558471679,1434.4621,1,0.0001697985057731,0.0001697985057731,86,347,False,347.0,False,False,False,False,0.022142376715631806,14.453415630935053,0.3200518215363645
ARAAWSYLYSSQFDI,H4-34,K3-20,True,1,63,1,5.868992352702965e-06,0.0001697985057731,3.759963904346518e-06,False,False,False,False,False,False,False,False,False,False,False,False,False,0,0,False,0.3866666666666668,False,False,False,5.87944984436035,1777.9285,1,0.0001697985057731,0.0001697985057731,5,348,False,348.0,False,False,False,False,0.022142376715631806,28.88224640997063,0.6395592439608825
ARDYGPSGYPFDY,UNK,K3-15,True,4,62,1,2.347596941081186e-05,0.0001671032913957,3.759963904346518e-06,False,False,False,False,False,False,False,False,False,False,False,False,False,-1,-1,False,2.576923076923077,False,False,False,4.207874679565429,1507.5574,1,0.0001671032913957,0.0001671032913957,162,349,False,349.0,False,False,False,False,0.02249949045311704,7.115026357769731,0.16009404758125945
ARDIDLGTPFDY,H4-34,K3-20,True,3,62,1,1.7606977058108893e-05,0.0001671032913957,3.759963904346518e-06,False,False,False,False,False,False,False,False,False,True,False,False,False,-2,-2,False,1.7500000000000002,False,False,False,4.050025558471679,1382.4737,1,0.0001671032913957,0.0001671032913957,108,350,False,350.0,False,False,False,False,0.02249949045311704,9.485355566083584,0.2134284384854693
ARGRGVYLYEDPFDI,H1-69,K3-15,True,1,62,1,5.868992352702965e-06,0.0001671032913957,3.759963904346518e-06,False,False,False,False,True,False,False,False,False,True,False,False,False,-1,-1,False,1.1933333333333336,False,False,False,4.558281326293945,1770.9375999999995,2,0.0001671032913957,0.0001671032913957,49,351,False,351.0,False,False,False,False,0.02249949045311704,28.423798054248444,0.6395592439608825
ARAAWSYLYSSQFDI,H1-69,UNK,True,5,61,1,2.9344961763514826e-05,0.0001644080770184,3.759963904346518e-06,False,False,False,False,False,False,False,False,False,False,False,False,False,0,0,False,0.3866666666666668,False,False,False,5.87944984436035,1777.9285,1,0.0001644080770184,0.0001644080770184,5,352,False,352.0,False,False,False,False,0.022868312125592746,5.600691233832305,0.1280861455258226
ARDIDLGLGFDY,UNK,K3-15,True,3,61,1,1.7606977058108893e-05,0.0001644080770184,3.759963904346518e-06,False,False,False,False,False,False,False,False,False,True,False,False,False,-2,-2,False,0.8500000000000002,False,False,False,4.050025558471679,1354.4634999999998,1,0.0001644080770184,0.0001644080770184,87,353,False,353.0,False,False,False,False,0.022868312125592746,9.332365960181848,0.2134284384854693
ARGSTAYLYEDPFDI,H3-23_A,K3-15,True,1,61,1,5.868992352702965e-06,0.0001644080770184,3.759963904346518e-06,False,False,False,False,True,False,False,False,False,True,False,False,False,-2,-2,False,1.7000000000000002,False,False,False,4.050025558471679,1717.8287,1,0.0001644080770184,0.0001644080770184,347,354,False,354.0,False,False,False,False,0.022868312125592746,27.96534969854326,0.6395592439608825
ARVKSYSSFDY,H4-34,K3-20,True,1,61,1,5.868992352702965e-06,0.0001644080770184,3.759963904346518e-06,False,False,False,False,False,False,False,False,False,False,False,False,False,1,1,False,2.2545454545454544,False,False,False,8.54006805419922,1322.4217,1,0.0001644080770184,0.0001644080770184,841,355,False,355.0,False,False,False,False,0.022868312125592746,27.96534969854326,0.6395592439608825
ARGSYGAGFPFDY,H1-69,K3-15,True,1,60,1,5.868992352702965e-06,0.000161712862641,3.759963904346518e-06,False,False,False,False,False,False,False,False,False,False,False,False,False,0,0,False,1.6846153846153848,False,False,False,5.87944984436035,1407.4846,1,0.000161712862641,0.000161712862641,395,356,False,356.0,False,False,False,False,0.023249427093638964,27.506901342821074,0.6395592439608825
ARHRGPYLYEDPFDI,H3-23_A,UNK,True,1,57,1,5.868992352702965e-06,0.000153627219509,3.759963904346518e-06,False,False,False,False,True,False,False,False,False,True,False,False,False,-1,0,False,1.34,False,False,False,5.382593154907226,1849.0098000000005,2,0.000153627219509,0.000153627219509,49,357,False,357.0,False,False,False,False,0.024473001505512546,26.131556275688524,0.6395592439608825
ARDIDLSLGFDY,H3-23_A,UNK,True,2,56,1,1.173798470540593e-05,0.0001509320051316,3.759963904346518e-06,False,False,False,False,False,False,False,False,False,True,False,False,False,-2,-2,False,0.916666666666667,False,False,False,4.050025558471679,1384.4895,1,0.0001509320051316,0.0001509320051316,111,358,False,358.0,False,False,False,False,0.024909990436846014,12.847480560827377,0.3200518215363645
ARGRWPYLYGDAFDI,H1-69,K3-15,True,10,55,1,5.868992352702965e-05,0.0001482367907543,3.759963904346518e-06,False,False,False,False,False,False,False,False,False,False,False,False,False,0,0,False,0.3933333333333335,False,False,False,6.004021835327148,1799.9804,2,0.0001482367907543,0.0001482367907543,381,359,False,359.0,False,False,False,False,0.025362868802861135,2.525331922894945,0.06405398301098572
ARAGWEYVYEDPFDI,H3-23_A,K3-20,True,1,55,1,5.868992352702965e-06,0.0001482367907543,3.759963904346518e-06,False,False,False,False,True,False,False,False,False,True,False,False,False,-3,-3,False,1.14,False,False,False,4.050025558471679,1830.9448,1,0.0001482367907543,0.0001482367907543,16,360,False,360.0,False,False,False,False,0.025362868802861135,25.214659564261158,0.6395592439608825
ARDESVEGSPGFDY,UNK,K3-15,True,1,55,1,5.868992352702965e-06,0.0001482367907543,3.759963904346518e-06,False,False,False,False,False,False,False,False,False,True,False,False,False,-3,-3,False,3.8285714285714287,False,False,False,4.050025558471679,1528.5321,1,0.0001482367907543,0.0001482367907543,84,361,False,361.0,False,False,False,False,0.025362868802861135,25.214659564261158,0.6395592439608825
ARDIGLGSLWAFDY,H3-7_A,K1-39,True,1,55,1,5.868992352702965e-06,0.0001482367907543,3.759963904346518e-06,False,False,False,False,False,False,False,False,False,False,False,False,False,-1,-1,False,-0.0857142857142855,False,False,False,4.207874679565429,1583.7412,1,0.0001482367907543,0.0001482367907543,114,362,False,362.0,False,False,False,False,0.025362868802861135,25.214659564261158,0.6395592439608825
ARSGSRYLYEDPFDI,H1-69,K3-15,True,1,55,1,5.868992352702965e-06,0.0001482367907543,3.759963904346518e-06,False,False,False,False,True,False,False,False,False,True,False,False,False,-1,-1,False,1.9266666666666667,False,False,False,4.558281326293945,1788.9099,2,0.0001482367907543,0.0001482367907543,263,363,False,363.0,False,False,False,False,0.025362868802861135,25.214659564261158,0.6395592439608825
ARDVSYDAAYGFDY,UNK,K1-39,True,4,54,1,2.347596941081186e-05,0.0001455415763769,3.759963904346518e-06,False,False,False,False,False,False,False,False,False,False,False,False,False,-2,-2,False,2.435714285714286,False,False,False,4.050025558471679,1612.6499,1,0.0001455415763769,0.0001455415763769,120,364,False,364.0,False,False,False,False,0.0258325192893153,6.196958440638151,0.16009404758125945
ARGEDPWLYEDPFDI,H1-69,K3-20,True,2,54,1,1.173798470540593e-05,0.0001455415763769,3.759963904346518e-06,False,False,False,False,True,False,False,False,False,True,False,False,False,-4,-4,False,1.5666666666666669,False,False,False,4.050025558471679,1822.9229,1,0.0001455415763769,0.0001455415763769,305,365,False,365.0,False,False,False,False,0.0258325192893153,12.388641969369255,0.3200518215363645
ARGSYGAGFPFDY,H4-34,K4-1,True,1,53,1,5.868992352702965e-06,0.0001428463619996,3.759963904346518e-06,False,False,False,False,False,False,False,False,False,False,False,False,False,0,0,False,1.6846153846153848,False,False,False,5.87944984436035,1407.4846,1,0.0001428463619996,0.0001428463619996,395,366,False,366.0,False,False,False,False,0.026319891195024595,24.297762852833785,0.6395592439608825
ARDIDLGTPFDY,UNK,K3-20,True,3,52,1,1.7606977058108893e-05,0.0001401511476222,3.759963904346518e-06,False,False,False,False,False,False,False,False,False,True,False,False,False,-2,-2,False,1.7500000000000002,False,False,False,4.050025558471679,1382.4737,1,0.0001401511476222,0.0001401511476222,108,367,False,367.0,False,False,False,False,0.026826006836654787,7.955459507037845,0.2134284384854693
ARHSVNYLYEDVFDY,H3-23_A,K3-15,True,2,52,1,1.173798470540593e-05,0.0001401511476222,3.759963904346518e-06,False,False,False,False,False,False,False,False,False,True,False,False,False,-2,-1,False,1.2133333333333336,False,False,False,4.536607742309571,1890.9999000000005,1,0.0001401511476222,0.0001401511476222,506,368,False,368.0,False,False,False,False,0.026826006836654787,11.929803377911135,0.3200518215363645
ARGSWGAGQPFDY,H1-69,K4-1,True,12,51,1,7.042790823243557e-05,0.0001374559332449,3.759963904346518e-06,False,False,False,False,False,False,False,False,False,False,False,False,False,0,0,False,2.230769230769231,False,False,False,5.880318832397459,1411.4767,1,0.0001374559332449,0.0001374559332449,394,369,False,369.0,False,False,False,False,0.02735196870666146,1.9514482569714313,0.053379834789232326
ARDYGPSGYPFDY,H3-23_A,UNK,True,2,51,1,1.173798470540593e-05,0.0001374559332449,3.759963904346518e-06,False,False,False,False,False,False,False,False,False,False,False,False,False,-1,-1,False,2.576923076923077,False,False,False,4.207874679565429,1507.5574,1,0.0001374559332449,0.0001374559332449,162,370,False,370.0,False,False,False,False,0.02735196870666146,11.70038408218633,0.3200518215363645
ARDEDLAYGFDY,UNK,K4-1,True,1,51,1,5.868992352702965e-06,0.0001374559332449,3.759963904346518e-06,False,False,False,False,False,False,False,False,False,True,False,False,False,-3,-3,False,2.475,False,False,False,4.050025558471679,1434.4621,1,0.0001374559332449,0.0001374559332449,86,371,False,371.0,False,False,False,False,0.02735196870666146,23.38086614140642,0.6395592439608825
ARDFPALFDY,UNK,K3-15,True,3,50,1,1.7606977058108893e-05,0.0001347607188675,3.759963904346518e-06,False,False,False,False,False,False,False,False,False,False,False,False,False,-1,-1,False,0.1000000000000002,False,False,False,4.207874679565429,1214.3252,1,0.0001347607188675,0.0001347607188675,102,372,False,372.0,False,False,False,False,0.02789896749043189,7.649480295228696,0.2134284384854693
ARHSPDWAYEWPFDP,H1-69,K1-39,True,2,50,1,1.173798470540593e-05,0.0001347607188675,3.759963904346518e-06,False,False,False,False,True,False,False,False,False,False,False,False,False,-2,-1,False,1.3333333333333333,False,False,False,4.536607742309571,1873.9746,1,0.0001347607188675,0.0001347607188675,502,373,False,373.0,False,False,False,False,0.02789896749043189,11.470964786453013,0.3200518215363645
ARDLPADFDY,H1-69,K4-1,True,1,50,1,5.868992352702965e-06,0.0001347607188675,3.759963904346518e-06,False,False,False,False,False,False,False,False,False,True,False,False,False,-2,-2,False,2.0200000000000005,False,False,False,4.050025558471679,1182.2388,1,0.0001347607188675,0.0001347607188675,123,374,False,374.0,False,False,False,False,0.02789896749043189,22.922417785684228,0.6395592439608825
ARGEDPWLYEDPFDI,H4-34,K3-15,True,1,50,1,5.868992352702965e-06,0.0001347607188675,3.759963904346518e-06,False,False,False,False,True,False,False,False,False,True,False,False,False,-4,-4,False,1.5666666666666669,False,False,False,4.050025558471679,1822.9229,1,0.0001347607188675,0.0001347607188675,305,375,False,375.0,False,False,False,False,0.02789896749043189,22.922417785684228,0.6395592439608825
ARHRYAYLYEDPFDI,H4-34,K3-20,True,3,49,1,1.7606977058108893e-05,0.0001320655044902,3.759963904346518e-06,False,False,False,False,True,False,False,False,False,True,False,False,False,-1,0,False,0.8333333333333335,False,False,False,5.382542037963867,1929.0944,2,0.0001320655044902,0.0001320655044902,493,376,False,376.0,False,False,False,False,0.02846829106471827,7.4964906893269605,0.2134284384854693
ARAGWEYVYEDPFDI,H1-69,UNK,True,1,49,1,5.868992352702965e-06,0.0001320655044902,3.759963904346518e-06,False,False,False,False,True,False,False,False,False,True,False,False,False,-3,-3,False,1.14,False,False,False,4.050025558471679,1830.9448,1,0.0001320655044902,0.0001320655044902,16,377,False,377.0,False,False,False,False,0.02846829106471827,22.46396942997905,0.6395592439608825
ARDVSYDAAYGFDY,H1-69,K4-1,True,1,49,1,5.868992352702965e-06,0.0001320655044902,3.759963904346518e-06,False,False,False,False,False,False,False,False,False,False,False,False,False,-2,-2,False,2.435714285714286,False,False,False,4.050025558471679,1612.6499,1,0.0001320655044902,0.0001320655044902,120,378,False,378.0,False,False,False,False,0.02846829106471827,22.46396942997905,0.6395592439608825
ARGRWPTLWEDAFDI,H1-69,K3-15,True,1,49,1,5.868992352702965e-06,0.0001320655044902,3.759963904346518e-06,False,False,False,False,False,False,False,False,False,True,False,False,False,-1,-1,False,0.4666666666666668,False,False,False,4.558281326293945,1833.0105,2,0.0001320655044902,0.0001320655044902,380,379,False,379.0,False,False,False,False,0.02846829106471827,22.46396942997905,0.6395592439608825
ARGSTAYLYEDPFDI,H1-69,K1-39,True,1,49,1,5.868992352702965e-06,0.0001320655044902,3.759963904346518e-06,False,False,False,False,True,False,False,False,False,True,False,False,False,-2,-2,False,1.7000000000000002,False,False,False,4.050025558471679,1717.8287,1,0.0001320655044902,0.0001320655044902,347,380,False,380.0,False,False,False,False,0.02846829106471827,22.46396942997905,0.6395592439608825
ARGRWPTLWEDAFDI,UNK,K4-1,True,2,48,1,1.173798470540593e-05,0.0001293702901128,3.759963904346518e-06,False,False,False,False,False,False,False,False,False,True,False,False,False,-1,-1,False,0.4666666666666668,False,False,False,4.558281326293945,1833.0105,2,0.0001293702901128,0.0001293702901128,380,381,False,381.0,False,False,False,False,0.0290613346211266,11.012126194994893,0.3200518215363645
ARDYGPSGYPFDY,H1-69,K4-1,True,5,47,1,2.9344961763514826e-05,0.0001266750757355,3.759963904346518e-06,False,False,False,False,False,False,False,False,False,False,False,False,False,-1,-1,False,2.576923076923077,False,False,False,4.207874679565429,1507.5574,1,0.0001266750757355,0.0001266750757355,162,382,False,382.0,False,False,False,False,0.029679612081511292,4.315286688362987,0.1280861455258226
ARGIGELTLFDY,H5-51,K3-20,True,2,47,1,1.173798470540593e-05,0.0001266750757355,3.759963904346518e-06,False,False,False,False,False,False,False,False,False,False,False,False,False,-1,-1,False,0.2666666666666669,False,False,False,4.370375442504883,1354.5066,1,0.0001266750757355,0.0001266750757355,315,383,False,383.0,False,False,False,False,0.029679612081511292,10.782706899270089,0.3200518215363645
ARGIGELTLFDY,H5-51,K3-15,True,1,47,1,5.868992352702965e-06,0.0001266750757355,3.759963904346518e-06,False,False,False,False,False,False,False,False,False,False,False,False,False,-1,-1,False,0.2666666666666669,False,False,False,4.370375442504883,1354.5066,1,0.0001266750757355,0.0001266750757355,315,384,False,384.0,False,False,False,False,0.029679612081511292,21.547072718551675,0.6395592439608825
ARDVDLHLGFDY,H3-23_A,UNK,True,2,46,1,1.173798470540593e-05,0.0001239798613581,3.759963904346518e-06,False,False,False,False,False,False,False,False,False,True,False,False,False,-2,-1,False,0.9083333333333335,False,False,False,4.413415908813476,1420.5249,1,0.0001239798613581,0.0001239798613581,195,385,False,385.0,False,False,False,False,0.03032476900258174,10.553287603536774,0.3200518215363645
ARGIGELTLFDY,H3-23_A,K4-1,True,2,46,1,1.173798470540593e-05,0.0001239798613581,3.759963904346518e-06,False,False,False,False,False,False,False,False,False,False,False,False,False,-1,-1,False,0.2666666666666669,False,False,False,4.370375442504883,1354.5066,1,0.0001239798613581,0.0001239798613581,315,386,False,386.0,False,False,False,False,0.03032476900258174,10.553287603536774,0.3200518215363645
ARDRSYDVAYGFDY,H3-23_A,K1-39,True,4,45,1,2.347596941081186e-05,0.0001212846469808,3.759963904346518e-06,False,False,False,False,False,False,False,False,False,False,False,False,False,-1,-1,False,2.585714285714286,False,False,False,4.429057693481445,1697.7577,2,0.0001212846469808,0.0001212846469808,120,387,False,387.0,False,False,False,False,0.030998597200597743,5.164132033867255,0.16009404758125945
ARAAWSYLYSSQFDI,H1-69,K4-1,True,3,45,1,1.7606977058108893e-05,0.0001212846469808,3.759963904346518e-06,False,False,False,False,False,False,False,False,False,False,False,False,False,0,0,False,0.3866666666666668,False,False,False,5.87944984436035,1777.9285,1,0.0001212846469808,0.0001212846469808,5,388,False,388.0,False,False,False,False,0.030998597200597743,6.884532265708665,0.2134284384854693
ARSGIPGLPFDY,H3-23_A,K4-1,True,3,45,1,1.7606977058108893e-05,0.0001212846469808,3.759963904346518e-06,False,False,False,False,False,False,False,False,False,False,False,False,False,0,0,False,0.8416666666666668,False,False,False,5.880318832397459,1292.4388,1,0.0001212846469808,0.0001212846469808,735,389,False,389.0,False,False,False,False,0.030998597200597743,6.884532265708665,0.2134284384854693
ARGVDYALWEAPFDY,H4-34,K1-39,True,1,45,1,5.868992352702965e-06,0.0001212846469808,3.759963904346518e-06,False,False,False,False,False,False,False,False,False,False,False,False,False,-2,-2,False,0.6800000000000002,False,False,False,4.050025558471679,1772.9087,1,0.0001212846469808,0.0001212846469808,408,390,False,390.0,False,False,False,False,0.030998597200597743,20.63017600712431,0.6395592439608825
ARGAGDLVAFDY,UNK,K4-1,True,4,44,1,2.347596941081186e-05,0.0001185894326034,3.759963904346518e-06,False,False,False,False,False,False,False,False,False,False,False,False,False,-1,-1,False,1.491666666666667,False,False,False,4.207874679565429,1254.3477,1,0.0001185894326034,0.0001185894326034,300,391,False,391.0,False,False,False,False,0.03170305137057399,5.04937354422368,0.16009404758125945
ARHRYAYLYEDPFDI,UNK,K3-20,True,4,44,1,2.347596941081186e-05,0.0001185894326034,3.759963904346518e-06,False,False,False,False,True,False,False,False,False,True,False,False,False,-1,0,False,0.8333333333333335,False,False,False,5.382542037963867,1929.0944,2,0.0001185894326034,0.0001185894326034,493,392,False,392.0,False,False,False,False,0.03170305137057399,5.04937354422368,0.16009404758125945
ARHSPDWAYEWPFDP,H1-69,UNK,True,1,44,1,5.868992352702965e-06,0.0001185894326034,3.759963904346518e-06,False,False,False,False,True,False,False,False,False,False,False,False,False,-2,-1,False,1.3333333333333333,False,False,False,4.536607742309571,1873.9746,1,0.0001185894326034,0.0001185894326034,502,393,False,393.0,False,False,False,False,0.03170305137057399,20.171727651402122,0.6395592439608825
ARSLGQYLYEDPFDI,H3-23_A,K1-39,True,1,44,1,5.868992352702965e-06,0.0001185894326034,3.759963904346518e-06,False,False,False,False,True,False,False,False,False,True,False,False,False,-2,-2,False,1.0000000000000002,False,False,False,4.050025558471679,1786.9337,1,0.0001185894326034,0.0001185894326034,347,394,False,394.0,False,False,False,False,0.03170305137057399,20.171727651402122,0.6395592439608825
ARDFPALFDY,H4-34,K3-15,True,3,43,1,1.7606977058108893e-05,0.0001158942182261,3.759963904346518e-06,False,False,False,False,False,False,False,False,False,False,False,False,False,-1,-1,False,0.1000000000000002,False,False,False,4.207874679565429,1214.3252,1,0.0001158942182261,0.0001158942182261,102,395,False,395.0,False,False,False,False,0.03244026802382441,6.578553053899517,0.2134284384854693
ARAGSDFLYQDPFDY,H3-23_A,K3-20,True,1,43,1,5.868992352702965e-06,0.0001158942182261,3.759963904346518e-06,False,False,False,False,True,False,False,False,False,False,False,False,False,-2,-2,False,1.8200000000000005,False,False,False,4.050025558471679,1764.8436000000002,1,0.0001158942182261,0.0001158942182261,14,396,False,396.0,False,False,False,False,0.03244026802382441,19.713279295696942,0.6395592439608825
ARAGWEYVYEDPFDI,H1-69,K4-1,True,1,43,1,5.868992352702965e-06,0.0001158942182261,3.759963904346518e-06,False,False,False,False,True,False,False,False,False,True,False,False,False,-3,-3,False,1.14,False,False,False,4.050025558471679,1830.9448,1,0.0001158942182261,0.0001158942182261,16,397,False,397.0,False,False,False,False,0.03244026802382441,19.713279295696942,0.6395592439608825
ARGYTTFLYEDPFDI,H1-69,UNK,True,1,42,1,5.868992352702965e-06,0.0001131990038487,3.759963904346518e-06,False,False,False,False,True,False,False,False,False,True,False,False,False,-2,-2,False,0.8600000000000001,False,False,False,4.050025558471679,1807.9512,1,0.0001131990038487,0.0001131990038487,427,398,False,398.0,False,False,False,False,0.033212587131069386,19.254830939974752,0.6395592439608825
ARDIDLSLGFDY,H4-34,K3-20,True,2,41,1,1.173798470540593e-05,0.0001105037894714,3.759963904346518e-06,False,False,False,False,False,False,False,False,False,True,False,False,False,-2,-2,False,0.916666666666667,False,False,False,4.050025558471679,1384.4895,1,0.0001105037894714,0.0001105037894714,111,400,False,400.0,False,False,False,False,0.03402257693208108,9.406191124895727,0.3200518215363645
ARGPSGYLYEDPFDI,H3-23_A,K3-15,True,1,41,1,5.868992352702965e-06,0.0001105037894714,3.759963904346518e-06,False,False,False,False,True,False,False,False,False,True,False,False,False,-2,-2,False,1.7333333333333336,False,False,False,4.050025558471679,1699.8134,1,0.0001105037894714,0.0001105037894714,347,401,False,401.0,False,False,False,False,0.03402257693208108,18.796382584269573,0.6395592439608825
ARDEDLAYGFDY,H3-23_A,K3-15,True,2,40,1,1.173798470540593e-05,0.000107808575094,3.759963904346518e-06,False,False,False,False,False,False,False,False,False,True,False,False,False,-3,-3,False,2.475,False,False,False,4.050025558471679,1434.4621,1,0.000107808575094,0.000107808575094,86,402,False,402.0,False,False,False,False,0.03487306246691213,9.176771829162412,0.3200518215363645
ARDIDLGTPFDY,H3-23_A,K3-15,True,2,40,1,1.173798470540593e-05,0.000107808575094,3.759963904346518e-06,False,False,False,False,False,False,False,False,False,True,False,False,False,-2,-2,False,1.7500000000000002,False,False,False,4.050025558471679,1382.4737,1,0.000107808575094,0.000107808575094,108,403,False,403.0,False,False,False,False,0.03487306246691213,9.176771829162412,0.3200518215363645
ARDFPALFDY,H3-23_A,UNK,True,1,40,1,5.868992352702965e-06,0.000107808575094,3.759963904346518e-06,False,False,False,False,False,False,False,False,False,False,False,False,False,-1,-1,False,0.1000000000000002,False,False,False,4.207874679565429,1214.3252,1,0.000107808575094,0.000107808575094,102,404,False,404.0,False,False,False,False,0.03487306246691213,18.337934228547383,0.6395592439608825
ARGSTAYLYEDPFDI,UNK,K3-15,True,1,40,1,5.868992352702965e-06,0.000107808575094,3.759963904346518e-06,False,False,False,False,True,False,False,False,False,True,False,False,False,-2,-2,False,1.7000000000000002,False,False,False,4.050025558471679,1717.8287,1,0.000107808575094,0.000107808575094,347,405,False,405.0,False,False,False,False,0.03487306246691213,18.337934228547383,0.6395592439608825
ARHRGPYLYEDPFDI,H1-69,K4-1,True,1,40,1,5.868992352702965e-06,0.000107808575094,3.759963904346518e-06,False,False,False,False,True,False,False,False,False,True,False,False,False,-1,0,False,1.34,False,False,False,5.382593154907226,1849.0098000000005,2,0.000107808575094,0.000107808575094,49,406,False,406.0,False,False,False,False,0.03487306246691213,18.337934228547383,0.6395592439608825
ARHRGPYLYEDPFDI,UNK,UNK,True,1,40,1,5.868992352702965e-06,0.000107808575094,3.759963904346518e-06,False,False,False,False,True,False,False,False,False,True,False,False,False,-1,0,False,1.34,False,False,False,5.382593154907226,1849.0098000000005,2,0.000107808575094,0.000107808575094,49,407,False,407.0,False,False,False,False,0.03487306246691213,18.337934228547383,0.6395592439608825
ARAAWSYLYSSQFDI,H1-69,K3-15,True,3,39,1,1.7606977058108893e-05,0.0001051133607167,3.759963904346518e-06,False,False,False,False,False,False,False,False,False,False,False,False,False,0,0,False,0.3866666666666668,False,False,False,5.87944984436035,1777.9285,1,0.0001051133607167,0.0001051133607167,5,408,False,408.0,False,False,False,False,0.035767158495620725,5.966594630281222,0.2134284384854693
ARAAWSYLYSSQFDI,UNK,K3-20,True,1,39,1,5.868992352702965e-06,0.0001051133607167,3.759963904346518e-06,False,False,False,False,False,False,False,False,False,False,False,False,False,0,0,False,0.3866666666666668,False,False,False,5.87944984436035,1777.9285,1,0.0001051133607167,0.0001051133607167,5,409,False,409.0,False,False,False,False,0.035767158495620725,17.879485872842203,0.6395592439608825
ARGYTTFLYEDPFDI,H4-34,K4-1,True,1,39,1,5.868992352702965e-06,0.0001051133607167,3.759963904346518e-06,False,False,False,False,True,False,False,False,False,True,False,False,False,-2,-2,False,0.8600000000000001,False,False,False,4.050025558471679,1807.9512,1,0.0001051133607167,0.0001051133607167,427,410,False,410.0,False,False,False,False,0.035767158495620725,17.879485872842203,0.6395592439608825
ARSGSRYLYEDPFDI,H1-69,K1-39,True,1,39,1,5.868992352702965e-06,0.0001051133607167,3.759963904346518e-06,False,False,False,False,True,False,False,False,False,True,False,False,False,-1,-1,False,1.9266666666666667,False,False,False,4.558281326293945,1788.9099,2,0.0001051133607167,0.0001051133607167,263,411,False,411.0,False,False,False,False,0.035767158495620725,17.879485872842203,0.6395592439608825
ARSLGQYLYEDPFDI,UNK,K1-39,True,1,38,1,5.868992352702965e-06,0.0001024181463393,3.759963904346518e-06,False,False,False,False,True,False,False,False,False,True,False,False,False,-2,-2,False,1.0000000000000002,False,False,False,4.050025558471679,1786.9337,1,0.0001024181463393,0.0001024181463393,347,412,False,412.0,False,False,False,False,0.03670830761587142,17.421037517120013,0.6395592439608825
ARDVDLADLDY,H3-23_A,K3-20,True,33,27,1,0.0001936767476391,7.277078818849251e-05,3.759963904346518e-06,False,False,False,False,False,False,False,False,False,True,False,False,False,-3,-3,False,2.2181818181818183,False,False,False,4.050025558471679,1265.3257999999998,1,0.0001936767476391,7.277078818849251e-05,191,413,False,413.0,False,False,False,False,0.0516614892189504,0.37571382180513263,0.01941260282480723
ARDEGPTGWPFDY,H3-23_A,K3-20,True,48,18,1,0.0002817116329297,4.851385879232834e-05,3.759963904346518e-06,False,False,False,False,False,False,False,False,False,True,False,False,False,-2,-2,False,2.6000000000000005,False,False,False,4.050025558471679,1510.5615,1,0.0002817116329297,4.851385879232834e-05,94,414,False,414.0,False,False,False,False,0.07748691052041745,0.17220494673348125,0.013346379776539094
ARDVDLAYGFDY,H3-23_A,K4-1,True,40,5,1,0.0002347596941081,1.3476071886757871e-05,3.759963904346518e-06,False,False,False,False,False,False,False,False,False,True,False,False,False,-2,-2,False,1.5166666666666668,False,False,False,4.050025558471679,1404.4791,1,0.0002347596941081,1.3476071886757871e-05,86,415,False,415.0,False,False,False,False,0.27880348969802465,0.057401241407899935,0.016015542034208376
ARDVDLGTPFDY,H3-23_A,K3-20,True,30,4,1,0.000176069770581,1.0780857509406298e-05,3.759963904346518e-06,False,False,False,False,False,False,False,False,False,True,False,False,False,-2,-2,False,2.1083333333333334,False,False,False,4.050025558471679,1368.4471,1,0.000176069770581,1.0780857509406298e-05,194,416,False,416.0,False,False,False,False,0.34843976959838363,0.06122712151335353,0.0213537528583777
ARDISYDVAYGFDY,H1-69,K1-39,True,21,2,1,0.0001232488394067,5.390428754703149e-06,3.759963904346518e-06,False,False,False,False,False,False,False,False,False,False,False,False,False,-2,-2,False,1.7142857142857142,False,False,False,4.050025558471679,1654.7296,1,0.0001232488394067,5.390428754703149e-06,120,418,False,418.0,False,False,False,False,0.6962343315930285,0.0437325937892138,0.03050461875549785
ARDWPTLGVAGYPFDY,H3-23_A,K3-15,True,210,1,1,0.0012324883940676,2.6952143773515746e-06,3.759963904346518e-06,False,False,False,False,False,False,False,False,False,False,False,False,False,-1,-1,False,0.8312500000000002,False,False,False,4.207874679565429,1827.9872,1,0.0012324883940676,3.759963904346518e-06,212,419,False,419.0,False,False,False,True,1.3898949879260776,0.0021867893624239057,0.003050684627618502
ARDRPALFDY,H3-23_A,K3-20,True,119,1,1,0.0006984100899716,2.6952143773515746e-06,3.759963904346518e-06,False,False,False,False,False,False,False,False,False,False,False,False,False,0,0,False,1.4400000000000002,False,False,False,6.004890823364257,1223.3371,2,0.0006984100899716,3.759963904346518e-06,102,420,False,420.0,False,False,False,True,1.3898949879260776,0.0038590161080005164,0.005383527705366278
ARGPFYNWYGPWPFDI,H3-23_A,K3-20,True,104,1,1,0.0006103752046811,2.6952143773515746e-06,3.759963904346518e-06,False,False,False,False,False,False,False,False,False,False,False,False,False,0,0,False,-0.5749999999999998,False,False,False,5.87944984436035,1986.1885,1,0.0006103752046811,3.759963904346518e-06,336,421,False,421.0,False,False,False,True,1.3898949879260776,0.00441559585108179,0.006159985326497121
ARDKPADFDY,H3-23_A,K3-20,True,102,1,1,0.0005986372199757,2.6952143773515746e-06,3.759963904346518e-06,False,False,False,False,False,False,False,False,False,True,False,False,False,-1,-1,False,3.51,False,False,False,4.429057693481445,1197.2535,1,0.0005986372199757,3.759963904346518e-06,123,423,False,423.0,False,False,False,True,1.3898949879260776,0.004502174715621292,0.006280767334890722
ARHTAYDPYRHFDY,H3-23_A,K3-20,True,97,1,1,0.0005692922582121,2.6952143773515746e-06,3.759963904346518e-06,False,False,False,False,True,False,False,False,False,False,False,False,False,0,2,False,2.085714285714286,False,False,False,6.959704208374023,1811.9084,2,0.0005692922582121,3.759963904346518e-06,510,424,False,424.0,False,False,False,True,1.3898949879260776,0.004734241500843374,0.006604512541641281
ARAEPAGSHVY,H3-23_A,K3-20,True,94,1,1,0.000551685281154,2.6952143773515746e-06,3.759963904346518e-06,False,False,False,False,False,False,False,False,False,False,False,False,False,0,1,False,2.645454545454545,False,False,False,6.793267440795899,1157.236,1,0.000551685281154,3.759963904346518e-06,9,425,False,425.0,False,False,False,True,1.3898949879260776,0.004885331575999529,0.006815291036170677
ARDYGPAGYPFDY,H3-23_A,K3-20,True,85,1,1,0.0004988643499797,2.6952143773515746e-06,3.759963904346518e-06,False,False,False,False,False,False,False,False,False,False,False,False,False,-1,-1,False,2.2384615384615385,False,False,False,4.207874679565429,1491.558,1,0.0004988643499797,3.759963904346518e-06,215,426,False,426.0,False,False,False,True,1.3898949879260776,0.005402591609412765,0.007536895622113097
ARPWYIGRSYHVFDY,H3-23_A,K3-15,True,81,1,1,0.0004753883805689,2.6952143773515746e-06,3.759963904346518e-06,False,False,False,False,False,False,False,False,False,False,False,False,False,1,2,False,0.0200000000000001,False,False,False,8.545542907714843,1930.127,2,0.0004753883805689,3.759963904346518e-06,704,428,False,428.0,False,False,False,False,1.3898949879260776,0.0056693806447684235,0.007909080169450813
ARWYRVTSYGSGYFDY,H3-23_A,K3-20,True,81,1,1,0.0004753883805689,2.6952143773515746e-06,3.759963904346518e-06,False,False,False,False,False,False,False,False,False,False,False,False,False,1,1,False,1.225,False,False,False,8.472544860839843,1991.1206,2,0.0004753883805689,3.759963904346518e-06,947,429,False,429.0,False,False,False,False,1.3898949879260776,0.0056693806447684235,0.007909080169450813
ARDVDLSRGFDY,H3-23_A,K4-1,True,80,1,1,0.0004695193882162,2.6952143773515746e-06,3.759963904346518e-06,False,False,False,False,False,False,False,False,False,True,False,False,False,-1,-1,False,2.391666666666667,False,False,False,4.429057693481445,1413.491,2,0.0004695193882162,3.759963904346518e-06,197,430,False,430.0,False,False,False,False,1.3898949879260776,0.005740246393502707,0.008007941565981811
ARAPYLDWEPFDY,H3-23_A,K3-20,True,77,1,1,0.0004519124111581,2.6952143773515746e-06,3.759963904346518e-06,False,False,False,False,False,False,False,False,False,True,False,False,False,-2,-2,False,0.630769230769231,False,False,False,4.050025558471679,1642.7637,1,0.0004519124111581,3.759963904346518e-06,40,432,False,432.0,False,False,False,False,1.3898949879260776,0.0059638874081167975,0.008319932385542033
ARDIDLEYGFDY,H3-23_A,K3-20,True,75,1,1,0.0004401744264527,2.6952143773515746e-06,3.759963904346518e-06,False,False,False,False,False,False,False,False,False,True,False,False,False,-3,-3,False,1.6333333333333335,False,False,False,4.050025558471679,1476.5418,1,0.0004401744264527,3.759963904346518e-06,107,433,False,433.0,False,False,False,False,1.3898949879260776,0.006122920792703666,0.008541792208885755
ARGPHIYSAYHRGFDY,H3-23_A,UNK,True,75,1,1,0.0004401744264527,2.6952143773515746e-06,3.759963904346518e-06,False,False,False,False,False,False,False,False,False,False,False,False,False,1,3,False,1.49375,False,False,False,8.55157928466797,1910.0546,2,0.0004401744264527,3.759963904346518e-06,340,434,False,434.0,False,False,False,False,1.3898949879260776,0.006122920792703666,0.008541792208885755
ARGVASRWVLGFDY,H3-23_A,K3-20,True,72,1,1,0.0004225674493946,2.6952143773515746e-06,3.759963904346518e-06,False,False,False,False,False,False,False,False,False,False,False,False,False,1,1,False,0.2000000000000001,False,False,False,8.79022674560547,1596.7863,2,0.0004225674493946,3.759963904346518e-06,407,436,False,436.0,False,False,False,False,1.3898949879260776,0.006378036455122814,0.00889769179527488
ARDYGPSGQPFDY,H3-23_A,K3-15,True,69,1,1,0.0004049604723365,2.6952143773515746e-06,3.759963904346518e-06,False,False,False,False,False,False,False,False,False,False,False,False,False,-1,-1,False,3.1846153846153844,False,False,False,4.207874679565429,1472.5133999999998,1,0.0004049604723365,3.759963904346518e-06,217,437,False,437.0,False,False,False,False,1.3898949879260776,0.006655335540394792,0.009284538407586099
ARVTRYGWYSFDY,H3-23_A,K3-20,True,68,1,1,0.0003990914799838,2.6952143773515746e-06,3.759963904346518e-06,False,False,False,False,False,False,False,False,False,False,False,False,False,1,1,False,0.7153846153846154,False,False,False,8.539295959472657,1683.8188,2,0.0003990914799838,3.759963904346518e-06,900,439,False,439.0,False,False,False,False,1.3898949879260776,0.006753205669547947,0.00942107231599126
ARLRYSPYGYGYVFDI,H1-69,K3-15,True,67,1,1,0.000393222487631,2.6952143773515746e-06,3.759963904346518e-06,False,False,False,False,False,False,False,False,False,False,False,False,False,1,1,False,0.1750000000000001,False,False,False,8.472544860839843,1940.1599,2,0.000393222487631,3.759963904346518e-06,651,440,False,440.0,False,False,False,False,1.3898949879260776,0.006853997220801094,0.009561681759811206
ARTPIGFLGVWYTTFDY,H3-23_A,K3-15,True,67,1,1,0.000393222487631,2.6952143773515746e-06,3.759963904346518e-06,False,False,False,False,False,False,False,False,False,False,False,False,False,0,0,False,-0.452941176470588,False,False,False,5.87944984436035,2007.2459,1,0.000393222487631,3.759963904346518e-06,807,441,False,441.0,False,False,False,False,1.3898949879260776,0.006853997220801094,0.009561681759811206
ARDLRGAWAGFDY,H3-23_A,K3-20,True,66,1,1,0.0003873534952783,2.6952143773515746e-06,3.759963904346518e-06,False,False,False,False,False,False,False,False,False,False,False,False,False,0,0,False,1.2153846153846155,False,False,False,6.004890823364257,1497.6123,2,0.0003873534952783,3.759963904346518e-06,137,442,False,442.0,False,False,False,False,1.3898949879260776,0.006957842982636263,0.009706551985868428
ARYGPWGTWDVFDY,H3-23_A,K3-20,True,65,1,1,0.0003814845029256,2.6952143773515746e-06,3.759963904346518e-06,False,False,False,False,False,False,False,False,False,False,False,False,False,-1,-1,False,0.5928571428571429,False,False,False,4.207874679565429,1732.8464,1,0.0003814845029256,3.759963904346518e-06,961,443,False,443.0,False,False,False,False,1.3898949879260776,0.0070648839149255105,0.009855879640498505
ARWVYDPYWGTYFDI,H3-23_A,K1-39,True,63,1,1,0.0003697465182202,2.6952143773515746e-06,3.759963904346518e-06,False,False,False,False,True,False,False,False,False,False,False,False,False,-1,-1,False,-0.4866666666666666,False,False,False,4.207874679565429,1952.1259,1,0.0003697465182202,3.759963904346518e-06,945,446,False,446.0,False,False,False,False,1.3898949879260776,0.007289159878302677,0.010168756246529123
ARHSWGSVILFDY,H3-23_A,K1-39,True,62,1,1,0.0003638775258675,2.6952143773515746e-06,3.759963904346518e-06,False,False,False,False,False,False,False,False,False,False,False,False,False,0,1,False,-0.3769230769230768,False,False,False,6.788309097290039,1550.7146,1,0.0003638775258675,3.759963904346518e-06,507,447,False,447.0,False,False,False,False,1.3898949879260776,0.007406723742250415,0.01033276393683143
ARDVDLGDLDY,H3-23_A,K4-1,True,61,1,1,0.0003580085335148,2.6952143773515746e-06,3.759963904346518e-06,False,False,False,False,False,False,False,False,False,True,False,False,False,-3,-3,False,2.5454545454545454,False,False,False,4.050025558471679,1251.2992,1,0.0003580085335148,3.759963904346518e-06,191,449,False,449.0,False,False,False,False,1.3898949879260776,0.007528142051450971,0.010502148778258951
ARHYGVRTGQWPYWFDP,H4-34,K3-15,True,60,1,1,0.0003521395411621,2.6952143773515746e-06,3.759963904346518e-06,False,False,False,True,True,False,False,False,False,False,False,False,False,1,2,False,0.7470588235294119,False,False,False,8.638685607910158,2136.3284,2,0.0003521395411621,3.759963904346518e-06,535,451,False,451.0,False,False,False,False,1.3898949879260776,0.007653607522694243,0.01067717962073319
ARIVYGYGYTYFDY,H3-23_A,K3-20,True,59,1,1,0.0003462705488094,2.6952143773515746e-06,3.759963904346518e-06,False,False,False,False,False,False,False,False,False,False,False,False,False,0,0,False,0.1785714285714287,False,False,False,5.876893997192382,1750.9012,1,0.0003462705488094,3.759963904346518e-06,568,452,False,452.0,False,False,False,False,1.3898949879260776,0.0077833259379379025,0.01085814354076261
ARDRYLDVYTEGSFDI,H3-23_A,K4-1,True,57,1,1,0.000334532564104,2.6952143773515746e-06,3.759963904346518e-06,False,False,False,False,False,False,False,False,False,False,False,False,False,-2,-2,False,1.9875,False,False,False,4.226021194458009,1920.0397000000005,2,0.000334532564104,3.759963904346518e-06,187,455,False,455.0,False,False,False,False,1.3898949879260776,0.008056416930294427,0.011239119645109343
ARHGNAGSVWRFDY,H3-23_A,K3-20,True,56,1,1,0.0003286635717513,2.6952143773515746e-06,3.759963904346518e-06,False,False,False,False,False,False,False,False,False,False,False,False,False,1,2,False,1.7714285714285716,False,False,False,8.796192932128907,1635.7396,2,0.0003286635717513,3.759963904346518e-06,438,456,False,456.0,False,False,False,False,1.3898949879260776,0.008200277141208615,0.011439812103881597
ARDESAEGDPGFDY,H3-23_A,UNK,True,54,1,1,0.0003169255870459,2.6952143773515746e-06,3.759963904346518e-06,False,False,False,False,True,False,False,False,False,True,False,False,False,-4,-4,False,4.492857142857143,False,False,False,4.050025558471679,1528.4890999999998,1,0.0003169255870459,3.759963904346518e-06,97,457,False,457.0,False,False,False,False,1.3898949879260776,0.008503981526571966,0.011863495479925339
ARDRPATFDY,H3-23_A,K4-1,True,54,1,1,0.0003169255870459,2.6952143773515746e-06,3.759963904346518e-06,False,False,False,False,False,False,False,False,False,False,False,False,False,0,0,False,2.88,False,False,False,6.004890823364257,1211.2834,2,0.0003169255870459,3.759963904346518e-06,169,458,False,458.0,False,False,False,False,1.3898949879260776,0.008503981526571966,0.011863495479925339
ARHWYGYRNFDY,H3-23_A,K3-20,True,54,1,1,0.0003169255870459,2.6952143773515746e-06,3.759963904346518e-06,False,False,False,True,False,False,False,False,False,False,False,False,False,1,2,False,0.8666666666666668,False,False,False,8.545542907714843,1647.7485,2,0.0003169255870459,3.759963904346518e-06,530,459,False,459.0,False,False,False,False,1.3898949879260776,0.008503981526571966,0.011863495479925339
ARDRWYGVYANFDY,H3-23_A,K1-39,True,53,1,1,0.0003110565946932,2.6952143773515746e-06,3.759963904346518e-06,False,False,False,False,False,False,False,False,False,False,False,False,False,0,0,False,1.192857142857143,False,False,False,6.003152847290039,1795.9054999999998,2,0.0003110565946932,3.759963904346518e-06,183,460,False,460.0,False,False,False,False,1.3898949879260776,0.008664428850066082,0.01208732782141043
ARWTPGWISSYFDY,H3-23_A,K3-15,True,53,1,1,0.0003110565946932,2.6952143773515746e-06,3.759963904346518e-06,False,False,False,False,False,False,False,False,False,False,False,False,False,0,0,False,0.0928571428571429,False,False,False,5.87944984436035,1748.8889,1,0.0003110565946932,3.759963904346518e-06,942,461,False,461.0,False,False,False,False,1.3898949879260776,0.008664428850066082,0.01208732782141043
ARQRWYSGITWFDP,H3-23_A,K3-20,True,52,1,1,0.0003051876023405,2.6952143773515746e-06,3.759963904346518e-06,False,False,False,False,True,False,False,False,False,False,False,False,False,1,1,False,0.492857142857143,False,False,False,8.79022674560547,1782.9533,2,0.0003051876023405,3.759963904346518e-06,723,463,False,463.0,False,False,False,False,1.3898949879260776,0.008831047022265276,0.01231976881702903
ARPGRYSHFDY,H3-23_A,K3-20,True,51,1,1,0.0002993186099878,2.6952143773515746e-06,3.759963904346518e-06,False,False,False,False,False,False,False,False,False,False,False,False,False,1,2,False,2.172727272727273,False,False,False,8.638685607910158,1368.4553,2,0.0002993186099878,3.759963904346518e-06,74,464,False,464.0,False,False,False,False,1.3898949879260776,0.009004199022143009,0.012561324841283186
AREVDLFYRSEGFDP,H3-23_A,K3-20,True,50,1,1,0.0002934496176351,2.6952143773515746e-06,3.759963904346518e-06,False,False,False,False,True,False,False,False,False,True,False,False,False,-2,-2,False,1.8133333333333332,False,False,False,4.316753768920899,1800.9206,2,0.0002934496176351,3.759963904346518e-06,266,465,False,465.0,False,False,False,False,1.3898949879260776,0.00918427686600109,0.012812542777254672
ARGNRWYWPFDY,H3-23_A,K3-20,True,50,1,1,0.0002934496176351,2.6952143773515746e-06,3.759963904346518e-06,False,False,False,True,False,False,False,False,False,False,False,False,False,1,1,False,0.1916666666666668,False,False,False,8.632579040527343,1630.7611,2,0.0002934496176351,3.759963904346518e-06,332,466,False,466.0,False,False,False,False,1.3898949879260776,0.00918427686600109,0.012812542777254672
ARDEGPSGRPFDY,H3-23_A,K3-15,True,49,1,1,0.0002875806252824,2.6952143773515746e-06,3.759963904346518e-06,False,False,False,False,False,False,False,False,False,True,False,False,False,-1,-1,False,3.7923076923076926,False,False,False,4.558281326293945,1466.5106999999998,2,0.0002875806252824,3.759963904346518e-06,93,468,False,468.0,False,False,False,False,1.3898949879260776,0.009371704570359362,0.013074014149989823
ARDVSYSAWLFDY,H3-23_A,K3-20,True,49,1,1,0.0002875806252824,2.6952143773515746e-06,3.759963904346518e-06,False,False,False,False,False,False,False,False,False,False,False,False,False,-1,-1,False,0.4230769230769232,False,False,False,4.207874679565429,1592.7049,1,0.0002875806252824,3.759963904346518e-06,205,469,False,469.0,False,False,False,False,1.3898949879260776,0.009371704570359362,0.013074014149989823
ARERGQAGSGLGFDY,H3-23_A,K3-15,True,49,1,1,0.0002875806252824,2.6952143773515746e-06,3.759963904346518e-06,False,False,False,False,False,False,False,False,False,False,False,False,False,0,0,False,3.026666666666667,False,False,False,6.114178848266601,1583.6601999999998,2,0.0002875806252824,3.759963904346518e-06,255,470,False,470.0,False,False,False,False,1.3898949879260776,0.009371704570359362,0.013074014149989823
ARGPTYVYGYGWYFDI,H4-34,K3-15,True,49,1,1,0.0002875806252824,2.6952143773515746e-06,3.759963904346518e-06,False,False,False,True,False,False,False,False,False,False,False,False,False,0,0,False,0.1375000000000001,False,False,False,5.877711868286132,1928.1044,1,0.0002875806252824,3.759963904346518e-06,349,471,False,471.0,False,False,False,False,1.3898949879260776,0.009371704570359362,0.013074014149989823
ARHSGSIWYRAPYAFDY,H3-23_A,K3-20,True,49,1,1,0.0002875806252824,2.6952143773515746e-06,3.759963904346518e-06,False,False,False,False,False,False,False,False,False,False,False,False,False,1,2,False,0.8647058823529413,False,False,False,8.545542907714843,2060.2291,2,0.0002875806252824,3.759963904346518e-06,499,473,False,473.0,False,False,False,False,1.3898949879260776,0.009371704570359362,0.013074014149989823
ARARYASVLYGFDY,H4-34,K4-1,True,48,1,1,0.0002817116329297,2.6952143773515746e-06,3.759963904346518e-06,False,False,False,False,False,False,False,False,False,False,False,False,False,1,1,False,0.6500000000000001,False,False,False,8.539295959472657,1651.8184,2,0.0002817116329297,3.759963904346518e-06,54,474,False,474.0,False,False,False,False,1.3898949879260776,0.009566941485193402,0.013346379776539094
ARLYQYGWIGFDY,H3-23_A,K4-1,True,48,1,1,0.0002817116329297,2.6952143773515746e-06,3.759963904346518e-06,False,False,False,False,False,False,False,False,False,False,False,False,False,0,0,False,-0.6461538461538461,False,False,False,5.87858085632324,1651.8166,1,0.0002817116329297,3.759963904346518e-06,674,476,False,476.0,False,False,False,False,1.3898949879260776,0.009566941485193402,0.013346379776539094
ARTSPRYGYSGFDY,H3-23_A,K3-20,True,48,1,1,0.0002817116329297,2.6952143773515746e-06,3.759963904346518e-06,False,False,False,False,False,False,False,False,False,False,False,False,False,1,1,False,2.6642857142857146,False,False,False,8.539295959472657,1639.7216999999998,2,0.0002817116329297,3.759963904346518e-06,816,477,False,477.0,False,False,False,False,1.3898949879260776,0.009566941485193402,0.013346379776539094
ARVRYVSPWLGYAFDY,H3-23_A,K3-15,True,48,1,1,0.0002817116329297,2.6952143773515746e-06,3.759963904346518e-06,False,False,False,False,False,False,False,False,False,False,False,False,False,1,1,False,-0.2874999999999998,False,False,False,8.539295959472657,1963.1966,2,0.0002817116329297,3.759963904346518e-06,887,478,False,478.0,False,False,False,False,1.3898949879260776,0.009566941485193402,0.013346379776539094
ARDESTSGDPGFDY,H3-23_A,K3-15,True,47,1,1,0.000275842640577,2.6952143773515746e-06,3.759963904346518e-06,False,False,False,False,True,False,False,False,False,True,False,False,False,-3,-3,False,4.621428571428572,False,False,False,4.050025558471679,1516.4784,1,0.000275842640577,3.759963904346518e-06,97,480,False,480.0,False,False,False,False,1.3898949879260776,0.009770486052676546,0.013630335009597205
ARYKWSSSYVFDY,H3-23_A,K4-1,True,47,1,1,0.000275842640577,2.6952143773515746e-06,3.759963904346518e-06,False,False,False,False,False,False,False,False,False,False,False,False,False,1,1,False,0.9923076923076924,False,False,False,8.47317657470703,1671.8048,1,0.000275842640577,3.759963904346518e-06,974,481,False,481.0,False,False,False,False,1.3898949879260776,0.009770486052676546,0.013630335009597205
ARDEGPRGEPFDY,H3-23_A,K4-1,True,46,1,1,0.0002699736482243,2.6952143773515746e-06,3.759963904346518e-06,False,False,False,False,False,False,False,False,False,True,False,False,False,-2,-2,False,3.892307692307692,False,False,False,4.316753768920899,1508.5474,2,0.0002699736482243,3.759963904346518e-06,92,483,False,483.0,False,False,False,False,1.3898949879260776,0.00998288005617442,0.013926635665070998
ARDESISGIPGFDY,H3-23_A,K3-20,True,46,1,1,0.0002699736482243,2.6952143773515746e-06,3.759963904346518e-06,False,False,False,False,False,False,False,False,False,True,False,False,False,-2,-2,False,2.392857142857143,False,False,False,4.050025558471679,1526.6022999999998,1,0.0002699736482243,3.759963904346518e-06,98,484,False,484.0,False,False,False,False,1.3898949879260776,0.00998288005617442,0.013926635665070998
ARGPLVYWYLYNAFDY,H3-23_A,K1-39,True,46,1,1,0.0002699736482243,2.6952143773515746e-06,3.759963904346518e-06,False,False,False,True,False,False,False,False,False,False,False,False,False,0,0,False,-0.9812499999999998,False,False,False,5.877711868286132,2011.236,1,0.0002699736482243,3.759963904346518e-06,343,486,False,486.0,False,False,False,False,1.3898949879260776,0.00998288005617442,0.013926635665070998
ARHWSYPYSRFDY,H3-23_A,K3-20,True,46,1,1,0.0002699736482243,2.6952143773515746e-06,3.759963904346518e-06,False,False,False,False,False,False,False,False,False,False,False,False,False,1,2,False,0.9846153846153848,False,False,False,8.545542907714843,1747.8644,2,0.0002699736482243,3.759963904346518e-06,527,487,False,487.0,False,False,False,False,1.3898949879260776,0.00998288005617442,0.013926635665070998
ARTRIYLLTWGFDY,H3-23_A,K1-39,True,46,1,1,0.0002699736482243,2.6952143773515746e-06,3.759963904346518e-06,False,False,False,False,False,False,False,False,False,False,False,False,False,1,1,False,-0.914285714285714,False,False,False,8.632579040527343,1775.014,2,0.0002699736482243,3.759963904346518e-06,811,488,False,488.0,False,False,False,False,1.3898949879260776,0.00998288005617442,0.013926635665070998
ARVRYGYWYWTHFDI,H3-23_A,K1-39,True,46,1,1,0.0002699736482243,2.6952143773515746e-06,3.759963904346518e-06,False,False,False,True,False,False,False,False,False,False,False,False,False,1,2,False,-0.8733333333333332,False,False,False,8.545542907714843,2033.2483,2,0.0002699736482243,3.759963904346518e-06,882,489,False,489.0,False,False,False,False,1.3898949879260776,0.00998288005617442,0.013926635665070998
ARQRYLSALYWYPFDY,H3-23_A,K3-15,True,45,1,1,0.0002641046558716,2.6952143773515746e-06,3.759963904346518e-06,False,False,False,True,False,False,False,False,False,False,False,False,False,1,1,False,-0.4999999999999998,False,False,False,8.472544860839843,2112.3433,2,0.0002641046558716,3.759963904346518e-06,725,490,False,490.0,False,False,False,False,1.3898949879260776,0.010204713435750645,0.014236104739959732
ARYKSSWAEFDY,H3-23_A,K3-20,True,45,1,1,0.0002641046558716,2.6952143773515746e-06,3.759963904346518e-06,False,False,False,False,False,False,False,False,False,True,False,False,False,0,0,False,1.825,False,False,False,6.112389755249024,1522.6152,1,0.0002641046558716,3.759963904346518e-06,973,493,False,493.0,False,False,False,False,1.3898949879260776,0.010204713435750645,0.014236104739959732
ARDIDLSKSFDY,H3-23_A,K3-20,True,44,1,1,0.0002582356635189,2.6952143773515746e-06,3.759963904346518e-06,False,False,False,False,False,False,False,False,False,True,False,False,False,-1,-1,False,2.225,False,False,False,4.429057693481445,1429.5302,1,0.0002582356635189,3.759963904346518e-06,110,494,False,494.0,False,False,False,False,1.3898949879260776,0.010436629760306982,0.014559640046274549
ARGPGYNKYAWTFDI,H3-23_A,K3-15,True,44,1,1,0.0002582356635189,2.6952143773515746e-06,3.759963904346518e-06,False,False,False,False,False,False,False,False,False,False,False,False,False,1,1,False,1.2533333333333334,False,False,False,8.54006805419922,1758.9285,1,0.0002582356635189,3.759963904346518e-06,339,495,False,495.0,False,False,False,False,1.3898949879260776,0.010436629760306982,0.014559640046274549
ARGPSYGIYHFDY,H3-23_A,K3-20,True,44,1,1,0.0002582356635189,2.6952143773515746e-06,3.759963904346518e-06,False,False,False,True,False,False,False,False,False,False,False,False,False,0,1,False,1.1923076923076923,False,False,False,6.786059951782226,1545.6517,1,0.0002582356635189,3.759963904346518e-06,348,496,False,496.0,False,False,False,False,1.3898949879260776,0.010436629760306982,0.014559640046274549
ARLGYWTVLDY,H3-23_A,K3-20,True,44,1,1,0.0002582356635189,2.6952143773515746e-06,3.759963904346518e-06,False,False,False,False,False,False,False,False,False,False,False,False,False,0,0,False,-0.7909090909090907,False,False,False,5.87944984436035,1356.524,1,0.0002582356635189,3.759963904346518e-06,617,497,False,497.0,False,False,False,False,1.3898949879260776,0.010436629760306982,0.014559640046274549
ARDIDLAAGFDY,H3-23_A,K3-20,True,43,1,1,0.0002523666711662,2.6952143773515746e-06,3.759963904346518e-06,False,False,False,False,False,False,False,False,False,True,False,False,False,-2,-2,False,1.491666666666667,False,False,False,4.050025558471679,1326.4104,1,0.0002523666711662,3.759963904346518e-06,105,501,False,501.0,False,False,False,False,1.3898949879260776,0.010679332463247641,0.014898222910113723
ARDIGYAYWTVFDY,H3-23_A,K3-20,True,43,1,1,0.0002523666711662,2.6952143773515746e-06,3.759963904346518e-06,False,False,False,False,False,False,False,False,False,False,False,False,False,-1,-1,False,0.1928571428571429,False,False,False,4.207874679565429,1739.8787,1,0.0002523666711662,3.759963904346518e-06,116,502,False,502.0,False,False,False,False,1.3898949879260776,0.010679332463247641,0.014898222910113723
ARDVRSVYKYGFDY,H3-23_A,K3-20,True,43,1,1,0.0002523666711662,2.6952143773515746e-06,3.759963904346518e-06,False,False,False,False,False,False,False,False,False,False,False,False,False,1,1,False,1.8642857142857143,False,False,False,8.472615051269532,1738.8956999999998,2,0.0002523666711662,3.759963904346518e-06,203,503,False,503.0,False,False,False,False,1.3898949879260776,0.010679332463247641,0.014898222910113723
ARGLYVYGYWYFDY,H4-34,K3-15,True,43,1,1,0.0002523666711662,2.6952143773515746e-06,3.759963904346518e-06,False,False,False,True,False,False,False,False,False,False,False,False,False,0,0,False,-0.9928571428571428,False,False,False,5.876893997192382,1836.0072,1,0.0002523666711662,3.759963904346518e-06,330,504,False,504.0,False,False,False,False,1.3898949879260776,0.010679332463247641,0.014898222910113723
ARDRTLVPWGFDY,H3-23_A,K3-20,True,42,1,1,0.0002464976788135,2.6952143773515746e-06,3.759963904346518e-06,False,False,False,False,False,False,False,False,False,False,False,False,False,0,0,False,0.730769230769231,False,False,False,6.004890823364257,1595.7552999999998,2,0.0002464976788135,3.759963904346518e-06,177,507,False,507.0,False,False,False,False,1.3898949879260776,0.010933591968916674,0.015252928113412601
ARGYGYAYRHAHFDI,H3-23_A,K3-20,True,42,1,1,0.0002464976788135,2.6952143773515746e-06,3.759963904346518e-06,False,False,False,False,False,False,False,False,False,False,False,False,False,1,3,False,1.16,False,False,False,8.55157928466797,1796.94,2,0.0002464976788135,3.759963904346518e-06,424,508,False,508.0,False,False,False,False,1.3898949879260776,0.010933591968916674,0.015252928113412601
ARHGSYSPYGRYGFDP,H3-23_A,K3-20,True,42,1,1,0.0002464976788135,2.6952143773515746e-06,3.759963904346518e-06,False,False,False,False,True,False,False,False,False,False,False,False,False,1,2,False,2.625,False,False,False,8.545542907714843,1829.9236,2,0.0002464976788135,3.759963904346518e-06,445,509,False,509.0,False,False,False,False,1.3898949879260776,0.010933591968916674,0.015252928113412601
ARHSRVNYWSGFDY,H3-23_A,K3-20,True,42,1,1,0.0002464976788135,2.6952143773515746e-06,3.759963904346518e-06,False,False,False,False,False,False,False,False,False,False,False,False,False,1,2,False,1.542857142857143,False,False,False,8.638685607910158,1757.8609,2,0.0002464976788135,3.759963904346518e-06,503,510,False,510.0,False,False,False,False,1.3898949879260776,0.010933591968916674,0.015252928113412601
ARVFYRKSFGFDY,H3-23_A,K3-20,True,42,1,1,0.0002464976788135,2.6952143773515746e-06,3.759963904346518e-06,False,False,False,False,False,False,False,False,False,False,False,False,False,2,2,False,0.253846153846154,False,False,False,9.69757843017578,1655.8517,2,0.0002464976788135,3.759963904346518e-06,830,511,False,511.0,False,False,False,False,1.3898949879260776,0.010933591968916674,0.015252928113412601
ARDIDLGRPFDY,H3-23_A,K3-20,True,41,1,1,0.0002406286864608,2.6952143773515746e-06,3.759963904346518e-06,False,False,False,False,False,False,False,False,False,True,False,False,False,-1,-1,False,1.666666666666667,False,False,False,4.429057693481445,1437.5555,2,0.0002406286864608,3.759963904346518e-06,106,513,False,513.0,False,False,False,False,1.3898949879260776,0.011200253861885274,0.015624935290523272
ARDLGWLWASFDY,H3-23_A,K3-15,True,41,1,1,0.0002406286864608,2.6952143773515746e-06,3.759963904346518e-06,False,False,False,False,False,False,False,False,False,False,False,False,False,-1,-1,False,-0.6846153846153844,False,False,False,4.207874679565429,1599.7422,1,0.0002406286864608,3.759963904346518e-06,130,514,False,514.0,False,False,False,False,1.3898949879260776,0.011200253861885274,0.015624935290523272
ARGWGYTYRHYPFDY,H3-23_A,K3-20,True,41,1,1,0.0002406286864608,2.6952143773515746e-06,3.759963904346518e-06,False,False,False,False,False,False,False,False,False,False,False,False,False,1,2,False,0.9666666666666668,False,False,False,8.478932189941407,1952.0895,2,0.0002406286864608,3.759963904346518e-06,413,517,False,517.0,False,False,False,False,1.3898949879260776,0.011200253861885274,0.015624935290523272
ARHLWRPLTPYFDY,H3-23_A,K3-20,True,41,1,1,0.0002406286864608,2.6952143773515746e-06,3.759963904346518e-06,False,False,False,False,False,False,False,False,False,False,False,False,False,1,2,False,-0.6714285714285712,False,False,False,8.638685607910158,1835.0709,2,0.0002406286864608,3.759963904346518e-06,466,518,False,518.0,False,False,False,False,1.3898949879260776,0.011200253861885274,0.015624935290523272
ARDLYAYGIAWGFDP,H3-23_A,K3-20,True,40,1,1,0.0002347596941081,2.6952143773515746e-06,3.759963904346518e-06,False,False,False,False,True,False,False,False,False,False,False,False,False,-1,-1,False,0.2533333333333335,False,False,False,4.207874679565429,1714.8726,1,0.0002347596941081,3.759963904346518e-06,145,521,False,521.0,False,False,False,False,1.3898949879260776,0.011480248281579989,0.016015542034208376
ARERWSWGWYFDY,H3-23_A,K3-20,True,40,1,1,0.0002347596941081,2.6952143773515746e-06,3.759963904346518e-06,False,False,False,True,False,False,False,False,False,False,False,False,False,0,0,False,-0.1923076923076922,False,True,False,6.113258743286132,1821.9445,2,0.0002347596941081,3.759963904346518e-06,258,522,False,522.0,False,False,False,False,1.3898949879260776,0.011480248281579989,0.016015542034208376
ARGPLRSYLFYAFDP,H3-23_A,K3-20,True,40,1,1,0.0002347596941081,2.6952143773515746e-06,3.759963904346518e-06,False,False,False,False,True,False,False,False,False,False,False,False,False,1,1,False,-0.1066666666666664,False,False,False,8.632579040527343,1772.9980999999998,2,0.0002347596941081,3.759963904346518e-06,341,523,False,523.0,False,False,False,False,1.3898949879260776,0.011480248281579989,0.016015542034208376
ARGPVYGYTAYGFDY,H3-23_A,K4-1,True,40,1,1,0.0002347596941081,2.6952143773515746e-06,3.759963904346518e-06,False,False,False,False,False,False,False,False,False,False,False,False,False,0,0,False,1.4866666666666668,False,False,False,5.877711868286132,1699.8148,1,0.0002347596941081,3.759963904346518e-06,350,524,False,524.0,False,False,False,False,1.3898949879260776,0.011480248281579989,0.016015542034208376
ARIYGRISPNYPFDP,H4-34,K3-20,True,40,1,1,0.0002347596941081,2.6952143773515746e-06,3.759963904346518e-06,False,False,False,False,True,False,False,False,False,False,False,False,False,1,1,False,1.1333333333333333,False,False,False,8.632579040527343,1765.9642,2,0.0002347596941081,3.759963904346518e-06,573,525,False,525.0,False,False,False,False,1.3898949879260776,0.011480248281579989,0.016015542034208376
ARPWAANALDY,H3-23_A,K4-1,True,40,1,1,0.0002347596941081,2.6952143773515746e-06,3.759963904346518e-06,False,False,False,False,False,False,False,False,False,False,False,False,False,0,0,False,0.9636363636363636,False,False,False,5.880318832397459,1247.3585,1,0.0002347596941081,3.759963904346518e-06,702,526,False,526.0,False,False,False,False,1.3898949879260776,0.011480248281579989,0.016015542034208376
ARSFSSWIGWGFDY,H3-23_A,K3-15,True,40,1,1,0.0002347596941081,2.6952143773515746e-06,3.759963904346518e-06,False,False,False,False,False,False,False,False,False,False,False,False,False,0,0,False,-0.0785714285714284,False,False,False,5.880318832397459,1678.799,1,0.0002347596941081,3.759963904346518e-06,732,527,False,527.0,False,False,False,False,1.3898949879260776,0.011480248281579989,0.016015542034208376
ARSVIGYSFGWKLAFDI,H3-23_A,K1-39,True,40,1,1,0.0002347596941081,2.6952143773515746e-06,3.759963904346518e-06,False,False,False,False,False,False,False,False,False,False,False,False,False,1,1,False,-0.6294117647058822,False,False,False,8.63377227783203,1930.2082,1,0.0002347596941081,3.759963904346518e-06,780,528,False,528.0,False,False,False,False,1.3898949879260776,0.011480248281579989,0.016015542034208376
ARWLDYVWSARFDY,H3-23_A,K1-39,True,40,1,1,0.0002347596941081,2.6952143773515746e-06,3.759963904346518e-06,False,False,False,False,False,False,False,False,False,False,False,False,False,0,0,False,-0.4857142857142856,False,False,False,6.004021835327148,1848.0232,2,0.0002347596941081,3.759963904346518e-06,925,530,False,530.0,False,False,False,False,1.3898949879260776,0.011480248281579989,0.016015542034208376
ARDLPAYFDY,H3-23_A,K3-20,True,39,1,1,0.0002288907017554,2.6952143773515746e-06,3.759963904346518e-06,False,False,False,False,False,False,False,False,False,False,False,False,False,-1,-1,False,0.8300000000000003,False,False,False,4.207874679565429,1230.3246,1,0.0002288907017554,3.759963904346518e-06,133,531,False,531.0,False,False,False,False,1.3898949879260776,0.011774600762175215,0.01642617901785361
ARDRLYGYGFDY,H3-23_A,K3-20,True,39,1,1,0.0002288907017554,2.6952143773515746e-06,3.759963904346518e-06,False,False,False,False,False,False,False,False,False,False,False,False,False,0,0,False,1.4833333333333336,False,False,False,6.003152847290039,1495.5929999999998,2,0.0002288907017554,3.759963904346518e-06,168,532,False,532.0,False,False,False,False,1.3898949879260776,0.011774600762175215,0.01642617901785361
AREAGDPVDFDY,H3-23_A,K1-39,True,39,1,1,0.0002288907017554,2.6952143773515746e-06,3.759963904346518e-06,False,False,False,False,True,False,False,False,False,True,False,False,False,-3,-3,False,3.266666666666667,False,False,False,4.050025558471679,1354.3774999999998,1,0.0002288907017554,3.759963904346518e-06,230,533,False,533.0,False,False,False,False,1.3898949879260776,0.011774600762175215,0.01642617901785361
ARELYGNWYGFDY,H3-23_A,K3-15,True,39,1,1,0.0002288907017554,2.6952143773515746e-06,3.759963904346518e-06,False,False,False,False,False,False,False,False,False,False,False,False,False,-1,-1,False,0.6461538461538463,False,False,False,4.370375442504883,1653.7464,1,0.0002288907017554,3.759963904346518e-06,245,534,False,534.0,False,False,False,False,1.3898949879260776,0.011774600762175215,0.01642617901785361
ARLHRYIGHVYPFDY,H3-23_A,K3-15,True,39,1,1,0.0002288907017554,2.6952143773515746e-06,3.759963904346518e-06,False,False,False,False,False,False,False,False,False,False,False,False,False,1,3,False,-0.2199999999999998,False,False,False,8.55157928466797,1907.1367,2,0.0002288907017554,3.759963904346518e-06,618,535,False,535.0,False,False,False,False,1.3898949879260776,0.011774600762175215,0.01642617901785361
ARYLYSRYGASYFDY,H3-23_A,K1-39,True,39,1,1,0.0002288907017554,2.6952143773515746e-06,3.759963904346518e-06,False,False,False,False,False,False,False,False,False,False,False,False,False,1,1,False,0.8933333333333334,False,False,False,8.420463562011719,1895.0332000000003,2,0.0002288907017554,3.759963904346518e-06,977,537,False,537.0,False,False,False,False,1.3898949879260776,0.011774600762175215,0.01642617901785361
ARDVYVPYNWYAFDY,H3-23_A,K3-20,True,38,1,1,0.0002230217094027,2.6952143773515746e-06,3.759963904346518e-06,False,False,False,False,False,False,False,False,False,False,False,False,False,-1,-1,False,0.22,False,False,False,4.207874679565429,1942.0879,1,0.0002230217094027,3.759963904346518e-06,208,538,False,538.0,False,False,False,False,1.3898949879260776,0.012084444783970914,0.01685842750529087
ARHAGYSSVRYPYGFDY,H3-23_A,K4-1,True,38,1,1,0.0002230217094027,2.6952143773515746e-06,3.759963904346518e-06,False,False,False,False,False,False,False,False,False,False,False,False,False,1,2,False,1.8058823529411767,False,False,False,8.478932189941407,2009.1392,2,0.0002230217094027,3.759963904346518e-06,430,540,False,540.0,False,False,False,False,1.3898949879260776,0.012084444783970914,0.01685842750529087
ARHPGYLPQWYRFDY,H3-23_A,K1-39,True,38,1,1,0.0002230217094027,2.6952143773515746e-06,3.759963904346518e-06,False,False,False,False,False,False,False,False,False,False,False,False,False,1,2,False,0.2933333333333335,False,False,False,8.545542907714843,1969.1631,2,0.0002230217094027,3.759963904346518e-06,471,541,False,541.0,False,False,False,False,1.3898949879260776,0.012084444783970914,0.01685842750529087
ARIHYHYGRAAFDY,H3-23_A,K4-1,True,38,1,1,0.0002230217094027,2.6952143773515746e-06,3.759963904346518e-06,False,False,False,True,False,False,False,False,False,False,False,False,False,1,3,False,0.835714285714286,False,False,False,8.55157928466797,1739.8886999999995,2,0.0002230217094027,3.759963904346518e-06,548,542,False,542.0,False,False,False,False,1.3898949879260776,0.012084444783970914,0.01685842750529087
ARIRYSYAVWAHFDY,H3-23_A,K4-1,True,38,1,1,0.0002230217094027,2.6952143773515746e-06,3.759963904346518e-06,False,False,False,False,False,False,False,False,False,False,False,False,False,1,2,False,-0.2199999999999999,False,False,False,8.545542907714843,1918.1163,2,0.0002230217094027,3.759963904346518e-06,562,543,False,543.0,False,False,False,False,1.3898949879260776,0.012084444783970914,0.01685842750529087
ARVRGSWGFDY,H3-23_A,K4-1,True,38,1,1,0.0002230217094027,2.6952143773515746e-06,3.759963904346518e-06,False,False,False,False,False,False,False,False,False,False,False,False,False,1,1,False,1.2363636363636366,False,False,False,8.79022674560547,1313.4198,2,0.0002230217094027,3.759963904346518e-06,286,544,False,544.0,False,False,False,False,1.3898949879260776,0.012084444783970914,0.01685842750529087
ARWKLWYSPFDY,H3-23_A,K3-20,True,38,1,1,0.0002230217094027,2.6952143773515746e-06,3.759963904346518e-06,False,False,False,False,False,False,False,False,False,False,False,False,False,1,1,False,-0.9666666666666665,False,False,False,8.54006805419922,1631.8287,1,0.0002230217094027,3.759963904346518e-06,923,545,False,545.0,False,False,False,False,1.3898949879260776,0.012084444783970914,0.01685842750529087
ARWRVTSPYSGWHVFDY,H1-69,K1-39,True,38,1,1,0.0002230217094027,2.6952143773515746e-06,3.759963904346518e-06,False,False,False,False,False,False,False,False,False,False,False,False,False,1,2,False,0.4823529411764706,False,False,False,8.638685607910158,2127.3183,2,0.0002230217094027,3.759963904346518e-06,937,546,False,546.0,False,False,False,False,1.3898949879260776,0.012084444783970914,0.01685842750529087
ARYGAYASHFDY,H3-23_A,K4-1,True,38,1,1,0.0002230217094027,2.6952143773515746e-06,3.759963904346518e-06,False,False,False,False,False,False,False,False,False,False,False,False,False,0,1,False,1.6583333333333334,False,False,False,6.786059951782226,1420.4833999999998,1,0.0002230217094027,3.759963904346518e-06,959,547,False,547.0,False,False,False,False,1.3898949879260776,0.012084444783970914,0.01685842750529087
ARDNYVTLAGFDY,H3-23_A,K4-1,True,37,1,1,0.00021715271705,2.6952143773515746e-06,3.759963904346518e-06,False,False,False,False,False,False,False,False,False,False,False,False,False,-1,-1,False,1.5692307692307694,False,False,False,4.207874679565429,1504.5982,1,0.00021715271705,3.759963904346518e-06,151,548,False,548.0,False,False,False,False,1.3898949879260776,0.012411036360035148,0.017314039699921496
ARDVLSWAYAYGFDY,H3-23_A,K3-20,True,37,1,1,0.00021715271705,2.6952143773515746e-06,3.759963904346518e-06,False,False,False,False,False,False,False,False,False,False,False,False,False,-1,-1,False,0.3266666666666668,False,False,False,4.207874679565429,1796.9300000000003,1,0.00021715271705,3.759963904346518e-06,199,549,False,549.0,False,False,False,False,1.3898949879260776,0.012411036360035148,0.017314039699921496
ARDYGPEGWPFDY,H3-23_A,K4-1,True,37,1,1,0.00021715271705,2.6952143773515746e-06,3.759963904346518e-06,False,False,False,False,False,False,False,False,False,False,False,False,False,-2,-2,False,2.053846153846154,False,False,False,4.050025558471679,1572.6308,1,0.00021715271705,3.759963904346518e-06,216,550,False,550.0,False,False,False,False,1.3898949879260776,0.012411036360035148,0.017314039699921496
ARHDYWYGANFDY,H3-23_A,K4-1,True,37,1,1,0.00021715271705,2.6952143773515746e-06,3.759963904346518e-06,False,False,False,True,False,False,False,False,False,False,False,False,False,-1,0,False,1.4076923076923078,False,False,False,5.212322616577147,1677.7280999999998,1,0.00021715271705,3.759963904346518e-06,431,554,False,554.0,False,False,False,False,1.3898949879260776,0.012411036360035148,0.017314039699921496
ARLRNWFGYSVYSYFDP,H3-23_A,K3-15,True,37,1,1,0.00021715271705,2.6952143773515746e-06,3.759963904346518e-06,False,False,False,False,True,False,False,False,False,False,False,False,False,1,1,False,0.0764705882352942,False,False,False,8.539295959472657,2141.3414,2,0.00021715271705,3.759963904346518e-06,643,558,False,558.0,False,False,False,False,1.3898949879260776,0.012411036360035148,0.017314039699921496
ARQPPYTLGRFDY,H3-23_A,K3-20,True,37,1,1,0.00021715271705,2.6952143773515746e-06,3.759963904346518e-06,False,False,False,False,False,False,False,False,False,False,False,False,False,1,1,False,1.4923076923076926,False,False,False,8.632579040527343,1583.7446,2,0.00021715271705,3.759963904346518e-06,718,560,False,560.0,False,False,False,False,1.3898949879260776,0.012411036360035148,0.017314039699921496
ARDEPAAFDY,H3-23_A,K3-20,True,36,1,1,0.0002112837246973,2.6952143773515746e-06,3.759963904346518e-06,False,False,False,False,False,False,False,False,False,True,False,False,False,-2,-2,False,2.93,False,False,False,4.050025558471679,1154.1857,1,0.0002112837246973,3.759963904346518e-06,91,561,False,561.0,False,False,False,False,1.3898949879260776,0.012755771053838664,0.017794962485199472
ARDLLYDWFYSGFDY,H3-23_A,K3-15,True,36,1,1,0.0002112837246973,2.6952143773515746e-06,3.759963904346518e-06,False,False,False,True,False,False,False,False,False,False,False,False,False,-2,-2,False,-0.2666666666666664,False,False,False,4.050025558471679,1931.062,1,0.0002112837246973,3.759963904346518e-06,132,562,False,562.0,False,False,False,False,1.3898949879260776,0.012755771053838664,0.017794962485199472
ARDVRSGSGYWTFDY,H3-23_A,K3-20,True,36,1,1,0.0002112837246973,2.6952143773515746e-06,3.759963904346518e-06,False,False,False,False,False,False,False,False,False,False,False,False,False,0,0,False,2.2266666666666666,False,False,False,6.004021835327148,1779.8616000000002,2,0.0002112837246973,3.759963904346518e-06,202,564,False,564.0,False,False,False,False,1.3898949879260776,0.012755771053838664,0.017794962485199472
ARDYGPAGYPFDY,H3-23_A,K3-15,True,36,1,1,0.0002112837246973,2.6952143773515746e-06,3.759963904346518e-06,False,False,False,False,False,False,False,False,False,False,False,False,False,-1,-1,False,2.2384615384615385,False,False,False,4.207874679565429,1491.558,1,0.0002112837246973,3.759963904346518e-06,215,565,False,565.0,False,False,False,False,1.3898949879260776,0.012755771053838664,0.017794962485199472
ARGPGRYWSYWTFDP,H3-23_A,K1-39,True,36,1,1,0.0002112837246973,2.6952143773515746e-06,3.759963904346518e-06,False,False,False,False,True,False,False,False,False,False,False,False,False,1,1,False,0.9866666666666668,False,False,False,8.632579040527343,1859.0062000000005,2,0.0002112837246973,3.759963904346518e-06,338,566,False,566.0,False,False,False,False,1.3898949879260776,0.012755771053838664,0.017794962485199472
ARGPLWVNRYIGFDI,H3-23_A,K3-15,True,36,1,1,0.0002112837246973,2.6952143773515746e-06,3.759963904346518e-06,False,False,False,False,False,False,False,False,False,False,False,False,False,1,1,False,-0.5999999999999999,False,False,False,8.79022674560547,1777.0331,2,0.0002112837246973,3.759963904346518e-06,344,567,False,567.0,False,False,False,False,1.3898949879260776,0.012755771053838664,0.017794962485199472
ARGWRYLWGFDY,H3-23_A,K1-39,True,36,1,1,0.0002112837246973,2.6952143773515746e-06,3.759963904346518e-06,False,False,False,False,False,False,False,False,False,False,False,False,False,1,1,False,-0.8583333333333331,False,False,False,8.632579040527343,1589.7522,2,0.0002112837246973,3.759963904346518e-06,415,568,False,568.0,False,False,False,False,1.3898949879260776,0.012755771053838664,0.017794962485199472
ARHNARYSIYPFDY,H3-23_A,K3-20,True,36,1,1,0.0002112837246973,2.6952143773515746e-06,3.759963904346518e-06,False,False,False,False,False,False,False,False,False,False,False,False,False,1,2,False,1.242857142857143,False,False,False,8.545542907714843,1772.9153,2,0.0002112837246973,3.759963904346518e-06,467,570,False,570.0,False,False,False,False,1.3898949879260776,0.012755771053838664,0.017794962485199472
ARLLGKYHFDY,H3-23_A,K1-39,True,36,1,1,0.0002112837246973,2.6952143773515746e-06,3.759963904346518e-06,False,False,False,True,False,False,False,False,False,False,False,False,False,1,2,False,-0.1454545454545451,False,False,False,8.546315002441407,1382.5646,1,0.0002112837246973,3.759963904346518e-06,623,571,False,571.0,False,False,False,False,1.3898949879260776,0.012755771053838664,0.017794962485199472
ARQGYTYGRFDY,H3-23_A,K4-1,True,36,1,1,0.0002112837246973,2.6952143773515746e-06,3.759963904346518e-06,False,False,False,False,False,False,False,False,False,False,False,False,False,1,1,False,2.35,False,False,False,8.539295959472657,1496.5811,2,0.0002112837246973,3.759963904346518e-06,712,573,False,573.0,False,False,False,False,1.3898949879260776,0.012755771053838664,0.017794962485199472
ARSRISYWITLFDY,H3-23_A,K1-39,True,36,1,1,0.0002112837246973,2.6952143773515746e-06,3.759963904346518e-06,False,False,False,False,False,False,False,False,False,False,False,False,False,1,1,False,-0.6785714285714285,False,False,False,8.632579040527343,1791.0133999999998,2,0.0002112837246973,3.759963904346518e-06,761,574,False,574.0,False,False,False,False,1.3898949879260776,0.012755771053838664,0.017794962485199472
ARDEDLRYGFDY,H3-23_A,K4-1,True,35,1,1,0.0002054147323446,2.6952143773515746e-06,3.759963904346518e-06,False,False,False,False,False,False,False,False,False,True,False,False,False,-2,-2,False,2.65,False,False,False,4.226021194458009,1519.5699,2,0.0002054147323446,3.759963904346518e-06,86,577,False,577.0,False,False,False,False,1.3898949879260776,0.01312020391405623,0.0183033652347137
ARDLPAHFDY,H3-23_A,K4-1,True,35,1,1,0.0002054147323446,2.6952143773515746e-06,3.759963904346518e-06,False,False,False,False,False,False,False,False,False,False,False,False,False,-1,0,False,1.2300000000000002,False,False,False,5.212373733520507,1204.2907,1,0.0002054147323446,3.759963904346518e-06,133,578,False,578.0,False,False,False,False,1.3898949879260776,0.01312020391405623,0.0183033652347137
ARDRWFGWLYPFDY,H3-23_A,K4-1,True,35,1,1,0.0002054147323446,2.6952143773515746e-06,3.759963904346518e-06,False,False,False,False,False,False,False,False,False,False,False,False,False,0,0,False,-0.9357142857142856,False,False,False,6.004021835327148,1892.0773,2,0.0002054147323446,3.759963904346518e-06,181,580,False,580.0,False,False,False,False,1.3898949879260776,0.01312020391405623,0.0183033652347137
ARDYSIGHWYHFDY,H3-23_A,K3-15,True,35,1,1,0.0002054147323446,2.6952143773515746e-06,3.759963904346518e-06,False,False,False,True,False,False,False,False,False,False,False,False,False,-1,1,False,0.7000000000000001,False,False,False,5.982092666625976,1829.9218,1,0.0002054147323446,3.759963904346518e-06,223,581,False,581.0,False,False,False,False,1.3898949879260776,0.01312020391405623,0.0183033652347137
ARDYWYSPWYFDY,H3-23_A,K3-20,True,35,1,1,0.0002054147323446,2.6952143773515746e-06,3.759963904346518e-06,False,False,False,True,False,False,False,False,False,False,False,False,False,-1,-1,False,-0.146153846153846,False,False,False,4.207874679565429,1831.9326,1,0.0002054147323446,3.759963904346518e-06,229,582,False,582.0,False,False,False,False,1.3898949879260776,0.01312020391405623,0.0183033652347137
ARHSAWSYLGFDY,H3-23_A,K3-20,True,35,1,1,0.0002054147323446,2.6952143773515746e-06,3.759963904346518e-06,False,False,False,False,False,False,False,False,False,False,False,False,False,0,1,False,0.5384615384615385,False,False,False,6.787184524536133,1572.6771,1,0.0002054147323446,3.759963904346518e-06,498,584,False,584.0,False,False,False,False,1.3898949879260776,0.01312020391405623,0.0183033652347137
ARHYDWSWIRYFDY,H3-23_A,K3-20,True,35,1,1,0.0002054147323446,2.6952143773515746e-06,3.759963904346518e-06,False,False,False,False,False,False,False,False,False,False,False,False,False,0,1,False,-0.2714285714285713,False,False,False,6.789382553100586,1978.1268,2,0.0002054147323446,3.759963904346518e-06,532,585,False,585.0,False,False,False,False,1.3898949879260776,0.01312020391405623,0.0183033652347137
ARYTRFGYTYFDY,H3-23_A,K3-20,True,35,1,1,0.0002054147323446,2.6952143773515746e-06,3.759963904346518e-06,False,False,False,False,False,False,False,False,False,False,False,False,False,1,1,False,0.8153846153846156,False,False,False,8.472544860839843,1722.8515,2,0.0002054147323446,3.759963904346518e-06,995,589,False,589.0,False,False,False,False,1.3898949879260776,0.01312020391405623,0.0183033652347137
ARAWRIAYSFDY,H3-23_A,K3-20,True,34,1,1,0.0001995457399919,2.6952143773515746e-06,3.759963904346518e-06,False,False,False,False,False,False,False,False,False,False,False,False,False,1,1,False,0.0166666666666667,False,False,False,8.632579040527343,1518.6728,2,0.0001995457399919,3.759963904346518e-06,70,590,False,590.0,False,False,False,False,1.3898949879260776,0.013506072927097832,0.01884167252968587
AREKRGSGHFDY,H4-34,K3-20,True,34,1,1,0.0001995457399919,2.6952143773515746e-06,3.759963904346518e-06,False,False,False,False,False,False,False,False,False,False,False,False,False,1,2,False,3.575,False,False,False,8.638896179199222,1422.5045,2,0.0001995457399919,3.759963904346518e-06,238,591,False,591.0,False,False,False,False,1.3898949879260776,0.013506072927097832,0.01884167252968587
ARELRGLWLYGFDY,H3-23_A,K1-39,True,34,1,1,0.0001995457399919,2.6952143773515746e-06,3.759963904346518e-06,False,False,False,False,False,False,False,False,False,False,False,False,False,0,0,False,-0.7785714285714284,False,False,False,6.113258743286132,1758.9715,2,0.0001995457399919,3.759963904346518e-06,243,592,False,592.0,False,False,False,False,1.3898949879260776,0.013506072927097832,0.01884167252968587
ARLATKSWRFDY,H3-23_A,K3-20,True,34,1,1,0.0001995457399919,2.6952143773515746e-06,3.759963904346518e-06,False,False,False,False,False,False,False,False,False,False,False,False,False,2,2,False,0.8083333333333336,False,False,False,9.98676300048828,1513.6979,2,0.0001995457399919,3.759963904346518e-06,604,594,False,594.0,False,False,False,False,1.3898949879260776,0.013506072927097832,0.01884167252968587
ARTKPLWYTAFDY,H3-23_A,K3-20,True,34,1,1,0.0001995457399919,2.6952143773515746e-06,3.759963904346518e-06,False,False,False,False,False,False,False,False,False,False,False,False,False,1,1,False,0.3384615384615386,False,False,False,8.54006805419922,1631.8272,1,0.0001995457399919,3.759963904346518e-06,802,596,False,596.0,False,False,False,False,1.3898949879260776,0.013506072927097832,0.01884167252968587
ARWSRYWDAHFDY,H3-23_A,K1-39,True,34,1,1,0.0001995457399919,2.6952143773515746e-06,3.759963904346518e-06,False,False,False,False,False,False,False,False,False,False,False,False,False,0,1,False,0.6307692307692309,False,False,False,6.790507125854492,1772.8738999999998,2,0.0001995457399919,3.759963904346518e-06,941,598,False,598.0,False,False,False,False,1.3898949879260776,0.013506072927097832,0.01884167252968587
ARFPYSRGSFDY,H3-23_A,K3-20,True,33,1,1,0.0001936767476391,2.6952143773515746e-06,3.759963904346518e-06,False,False,False,False,False,False,False,False,False,False,False,False,False,1,1,False,1.5916666666666668,False,False,False,8.632579040527343,1465.5671,2,0.0001936767476391,3.759963904346518e-06,284,602,False,602.0,False,False,False,False,1.3898949879260776,0.013915326733523432,0.01941260282480723
ARGTGISWGAYRFDI,H3-23_A,K1-39,True,33,1,1,0.0001936767476391,2.6952143773515746e-06,3.759963904346518e-06,False,False,False,False,False,False,False,False,False,False,False,False,False,1,1,False,0.9533333333333336,False,False,False,8.79022674560547,1669.8371000000002,2,0.0001936767476391,3.759963904346518e-06,400,603,False,603.0,False,False,False,False,1.3898949879260776,0.013915326733523432,0.01941260282480723
ARHGQYRSWYVYNAFDP,H3-23_A,K3-20,True,33,1,1,0.0001936767476391,2.6952143773515746e-06,3.759963904346518e-06,False,False,False,False,True,False,False,False,False,False,False,False,False,1,2,False,1.3764705882352943,False,False,False,8.545542907714843,2130.2791,2,0.0001936767476391,3.759963904346518e-06,440,604,False,604.0,False,False,False,False,1.3898949879260776,0.013915326733523432,0.01941260282480723
ARHTYIGWTGWLFGFDY,H4-34,K1-39,True,33,1,1,0.0001936767476391,2.6952143773515746e-06,3.759963904346518e-06,False,False,False,False,False,False,False,False,False,False,False,False,False,0,1,False,-0.7941176470588234,False,False,False,6.787184524536133,2090.2963,1,0.0001936767476391,3.759963904346518e-06,518,606,False,606.0,False,False,False,False,1.3898949879260776,0.013915326733523432,0.01941260282480723
ARHWYHVIYPHAFDP,H4-34,K3-20,True,33,1,1,0.0001936767476391,2.6952143773515746e-06,3.759963904346518e-06,False,False,False,True,True,False,False,False,False,False,False,False,False,0,3,False,-0.3866666666666666,False,False,False,7.061631393432617,1909.1112,1,0.0001936767476391,3.759963904346518e-06,531,607,False,607.0,False,False,False,False,1.3898949879260776,0.013915326733523432,0.01941260282480723
ARVWQRWGASGFDY,H3-23_A,UNK,True,33,1,1,0.0001936767476391,2.6952143773515746e-06,3.759963904346518e-06,False,False,False,False,False,False,False,False,False,False,False,False,False,1,1,False,0.8357142857142857,False,False,False,8.79022674560547,1698.8367999999998,2,0.0001936767476391,3.759963904346518e-06,903,610,False,610.0,False,False,False,False,1.3898949879260776,0.013915326733523432,0.01941260282480723
ARYIRTFTLDY,H3-23_A,K1-39,True,33,1,1,0.0001936767476391,2.6952143773515746e-06,3.759963904346518e-06,False,False,False,False,False,False,False,False,False,False,False,False,False,1,1,False,0.0636363636363638,False,False,False,8.632579040527343,1418.5952,2,0.0001936767476391,3.759963904346518e-06,970,611,False,611.0,False,False,False,False,1.3898949879260776,0.013915326733523432,0.01941260282480723
ARYSSTTAWYGLFDP,H3-23_A,K3-20,True,33,1,1,0.0001936767476391,2.6952143773515746e-06,3.759963904346518e-06,False,False,False,False,True,False,False,False,False,False,False,False,False,0,0,False,1.16,False,False,False,5.87944984436035,1734.8608,1,0.0001936767476391,3.759963904346518e-06,988,612,False,612.0,False,False,False,False,1.3898949879260776,0.013915326733523432,0.01941260282480723
ARALYFQWGYAGYGFDP,H3-23_A,K1-39,True,32,1,1,0.0001878077552864,2.6952143773515746e-06,3.759963904346518e-06,False,False,False,False,True,False,False,False,False,False,False,False,False,0,0,False,0.1411764705882355,False,False,False,5.87858085632324,1982.1551,1,0.0001878077552864,3.759963904346518e-06,31,613,False,613.0,False,False,False,False,1.3898949879260776,0.014350157540972042,0.020019214363482384
ARARANLLFGYTHFDY,H3-23_A,K4-1,True,32,1,1,0.0001878077552864,2.6952143773515746e-06,3.759963904346518e-06,False,False,False,False,False,False,False,False,False,False,False,False,False,1,2,False,0.2562500000000002,False,False,False,8.638685607910158,1915.1141,2,0.0001878077552864,3.759963904346518e-06,42,614,False,614.0,False,False,False,False,1.3898949879260776,0.014350157540972042,0.020019214363482384
ARDIGISGLGWAFDY,H3-7_A,K1-39,True,32,1,1,0.0001878077552864,2.6952143773515746e-06,3.759963904346518e-06,False,False,False,False,False,False,False,False,False,False,False,False,False,-1,-1,False,0.3800000000000001,False,False,False,4.207874679565429,1640.7925,1,0.0001878077552864,3.759963904346518e-06,113,615,False,615.0,False,False,False,False,1.3898949879260776,0.014350157540972042,0.020019214363482384
ARDRYLDEYAGFDY,H3-23_A,K3-20,True,32,1,1,0.0001878077552864,2.6952143773515746e-06,3.759963904346518e-06,False,False,False,False,False,False,False,False,False,True,False,False,False,-2,-2,False,2.2857142857142856,False,False,False,4.226021194458009,1753.821,2,0.0001878077552864,3.759963904346518e-06,186,616,False,616.0,False,False,False,False,1.3898949879260776,0.014350157540972042,0.020019214363482384
ARGRKSVWSWILFDI,H5-51,K3-15,True,32,1,1,0.0001878077552864,2.6952143773515746e-06,3.759963904346518e-06,False,False,False,False,False,False,False,False,False,False,False,False,False,2,2,False,-0.8799999999999998,False,False,False,10.835224914550782,1834.1276000000005,2,0.0001878077552864,3.759963904346518e-06,366,618,False,618.0,False,False,False,False,1.3898949879260776,0.014350157540972042,0.020019214363482384
ARHRSLYWQPHFDY,H3-23_A,K4-1,True,32,1,1,0.0001878077552864,2.6952143773515746e-06,3.759963904346518e-06,False,False,False,False,False,False,False,False,False,False,False,False,False,1,3,False,0.5071428571428573,False,False,False,8.644651794433596,1876.04,2,0.0001878077552864,3.759963904346518e-06,486,620,False,620.0,False,False,False,False,1.3898949879260776,0.014350157540972042,0.020019214363482384
ARHTHLSVYGFDY,H3-23_A,K4-1,True,32,1,1,0.0001878077552864,2.6952143773515746e-06,3.759963904346518e-06,False,False,False,False,False,False,False,False,False,False,False,False,False,0,2,False,0.9230769230769232,False,False,False,6.959295272827148,1565.6862,1,0.0001878077552864,3.759963904346518e-06,511,621,False,621.0,False,False,False,False,1.3898949879260776,0.014350157540972042,0.020019214363482384
ARHVNYWPYRGYFDY,H3-23_A,K3-20,True,32,1,1,0.0001878077552864,2.6952143773515746e-06,3.759963904346518e-06,False,False,False,False,False,False,False,False,False,False,False,False,False,1,2,False,0.4600000000000001,False,False,False,8.478932189941407,2007.1679,2,0.0001878077552864,3.759963904346518e-06,522,622,False,622.0,False,False,False,False,1.3898949879260776,0.014350157540972042,0.020019214363482384
ARHWTLYTLVYPFDP,H3-23_A,K1-39,True,32,1,1,0.0001878077552864,2.6952143773515746e-06,3.759963904346518e-06,False,False,False,False,True,False,False,False,False,False,False,False,False,0,1,False,-0.8066666666666665,False,False,False,6.787184524536133,1879.1201,1,0.0001878077552864,3.759963904346518e-06,528,623,False,623.0,False,False,False,False,1.3898949879260776,0.014350157540972042,0.020019214363482384
ARLSLGVYIRPYKYFDY,H3-23_A,K3-20,True,32,1,1,0.0001878077552864,2.6952143773515746e-06,3.759963904346518e-06,False,False,False,False,False,False,False,False,False,False,False,False,False,2,2,False,-0.3764705882352939,False,False,False,9.40341033935547,2124.4385,2,0.0001878077552864,3.759963904346518e-06,655,624,False,624.0,False,False,False,False,1.3898949879260776,0.014350157540972042,0.020019214363482384
ARVSYIYAYSGFDY,H3-23_A,K4-1,True,32,1,1,0.0001878077552864,2.6952143773515746e-06,3.759963904346518e-06,False,False,False,False,False,False,False,False,False,False,False,False,False,0,0,False,0.6142857142857144,False,False,False,5.877711868286132,1674.8053,1,0.0001878077552864,3.759963904346518e-06,898,627,False,627.0,False,False,False,False,1.3898949879260776,0.014350157540972042,0.020019214363482384
ARAPGWLQWLYPAYFDP,H3-23_A,K3-20,True,31,1,1,0.0001819387629337,2.6952143773515746e-06,3.759963904346518e-06,False,False,False,False,True,False,False,False,False,False,False,False,False,0,0,False,-0.7588235294117646,False,False,False,5.87944984436035,2051.3034,1,0.0001819387629337,3.759963904346518e-06,36,630,False,630.0,False,False,False,False,1.3898949879260776,0.014813040407060527,0.020664959979511403
ARDFVWGAVWYSFDY,H3-23_A,K3-20,True,31,1,1,0.0001819387629337,2.6952143773515746e-06,3.759963904346518e-06,False,False,False,False,False,False,False,False,False,False,False,False,False,-1,-1,False,-0.5999999999999999,False,False,False,4.207874679565429,1882.036,1,0.0001819387629337,3.759963904346518e-06,104,632,False,632.0,False,False,False,False,1.3898949879260776,0.014813040407060527,0.020664959979511403
ARDYSWLGTIGFDY,H3-23_A,K1-39,True,31,1,1,0.0001819387629337,2.6952143773515746e-06,3.759963904346518e-06,False,False,False,False,False,False,False,False,False,False,False,False,False,-1,-1,False,0.6571428571428574,False,False,False,4.207874679565429,1663.7828,1,0.0001819387629337,3.759963904346518e-06,224,633,False,633.0,False,False,False,False,1.3898949879260776,0.014813040407060527,0.020664959979511403
ARDYWYLGWHFDY,H3-23_A,K1-39,True,31,1,1,0.0001819387629337,2.6952143773515746e-06,3.759963904346518e-06,False,False,False,True,False,False,False,False,False,False,False,False,False,-1,0,False,-0.769230769230769,False,False,False,5.212322616577147,1791.9151,1,0.0001819387629337,3.759963904346518e-06,228,634,False,634.0,False,False,False,False,1.3898949879260776,0.014813040407060527,0.020664959979511403
ARGWYFQGYAYFDY,H3-23_A,K4-1,True,31,1,1,0.0001819387629337,2.6952143773515746e-06,3.759963904346518e-06,False,False,False,True,False,False,False,False,False,False,False,False,False,0,0,False,-0.0142857142857141,False,False,False,5.877711868286132,1806.9263,1,0.0001819387629337,3.759963904346518e-06,420,636,False,636.0,False,False,False,False,1.3898949879260776,0.014813040407060527,0.020664959979511403
ARHPGRSYAHYPIAFDY,H3-23_A,K3-20,True,31,1,1,0.0001819387629337,2.6952143773515746e-06,3.759963904346518e-06,False,False,False,False,False,False,False,False,False,False,False,False,False,1,3,False,1.3176470588235296,False,False,False,8.55157928466797,2021.1964,2,0.0001819387629337,3.759963904346518e-06,470,637,False,637.0,False,False,False,False,1.3898949879260776,0.014813040407060527,0.020664959979511403
ARHSYWTFYSFDY,H4-34,K3-15,True,31,1,1,0.0001819387629337,2.6952143773515746e-06,3.759963904346518e-06,False,False,False,False,False,False,False,False,False,False,False,False,False,0,1,False,0.1923076923076924,False,False,False,6.786059951782226,1742.8411999999998,1,0.0001819387629337,3.759963904346518e-06,509,638,False,638.0,False,False,False,False,1.3898949879260776,0.014813040407060527,0.020664959979511403
ARLSPRSKLLGHHFDY,H3-23_A,K3-20,True,31,1,1,0.0001819387629337,2.6952143773515746e-06,3.759963904346518e-06,False,False,False,True,False,False,False,False,False,False,False,False,False,2,4,False,0.7812500000000002,False,False,False,9.986973571777344,1897.1438,2,0.0001819387629337,3.759963904346518e-06,657,639,False,639.0,False,False,False,False,1.3898949879260776,0.014813040407060527,0.020664959979511403
ARSGFRYSYFGSFDP,H3-23_A,K3-20,True,31,1,1,0.0001819387629337,2.6952143773515746e-06,3.759963904346518e-06,False,False,False,False,True,False,False,False,False,False,False,False,False,1,1,False,1.4733333333333334,False,False,False,8.632579040527343,1756.8694999999998,2,0.0001819387629337,3.759963904346518e-06,734,640,False,640.0,False,False,False,False,1.3898949879260776,0.014813040407060527,0.020664959979511403
ARWYVSDVWYRYSGFDP,H3-23_A,K3-15,True,31,1,1,0.0001819387629337,2.6952143773515746e-06,3.759963904346518e-06,False,False,False,False,True,False,False,False,False,False,False,False,False,0,0,False,0.5294117647058825,False,False,False,6.003152847290039,2167.3357,2,0.0001819387629337,3.759963904346518e-06,948,644,False,644.0,False,False,False,False,1.3898949879260776,0.014813040407060527,0.020664959979511403
ARDIDLQYSFDY,H3-23_A,K4-1,True,30,1,1,0.000176069770581,2.6952143773515746e-06,3.759963904346518e-06,False,False,False,False,False,False,False,False,False,True,False,False,False,-2,-2,False,1.55,False,False,False,4.050025558471679,1505.583,1,0.000176069770581,3.759963904346518e-06,109,645,False,645.0,False,False,False,False,1.3898949879260776,0.015306780378338382,0.0213537528583777
ARDLSSWGWAVYEYFDP,H3-23_A,K3-15,True,30,1,1,0.000176069770581,2.6952143773515746e-06,3.759963904346518e-06,False,False,False,False,True,False,False,False,False,False,False,False,False,-2,-2,False,0.6529411764705884,False,False,False,4.050025558471679,2062.1953,1,0.000176069770581,3.759963904346518e-06,141,646,False,646.0,False,False,False,False,1.3898949879260776,0.015306780378338382,0.0213537528583777
ARDPLAAWLWGFDY,H3-23_A,K3-20,True,30,1,1,0.000176069770581,2.6952143773515746e-06,3.759963904346518e-06,False,False,False,False,True,False,False,False,False,False,False,False,False,-1,-1,False,-0.7999999999999998,False,False,False,4.207874679565429,1680.858,1,0.000176069770581,3.759963904346518e-06,155,647,False,647.0,False,False,False,False,1.3898949879260776,0.015306780378338382,0.0213537528583777
ARDRVTWSGYGFDY,H3-23_A,K3-20,True,30,1,1,0.000176069770581,2.6952143773515746e-06,3.759963904346518e-06,False,False,False,False,False,False,False,False,False,False,False,False,False,0,0,False,1.9214285714285717,False,False,False,6.004021835327148,1692.7842999999998,2,0.000176069770581,3.759963904346518e-06,180,648,False,648.0,False,False,False,False,1.3898949879260776,0.015306780378338382,0.0213537528583777
ARGLGWSGYRFDY,H3-23_A,K3-20,True,30,1,1,0.000176069770581,2.6952143773515746e-06,3.759963904346518e-06,False,False,False,False,False,False,False,False,False,False,False,False,False,1,1,False,0.9153846153846156,False,False,False,8.632579040527343,1547.6708999999998,2,0.000176069770581,3.759963904346518e-06,325,650,False,650.0,False,False,False,False,1.3898949879260776,0.015306780378338382,0.0213537528583777
ARGLRKWYLWGFDY,H3-23_A,K1-39,True,30,1,1,0.000176069770581,2.6952143773515746e-06,3.759963904346518e-06,False,False,False,False,False,False,False,False,False,False,False,False,False,2,2,False,-0.9857142857142857,False,False,False,9.69757843017578,1831.0821,2,0.000176069770581,3.759963904346518e-06,328,651,False,651.0,False,False,False,False,1.3898949879260776,0.015306780378338382,0.0213537528583777
ARGQYETARFKGFDP,H5-51,K3-20,True,30,1,1,0.000176069770581,2.6952143773515746e-06,3.759963904346518e-06,False,False,False,False,True,False,False,False,False,False,False,False,False,1,1,False,2.7,False,False,False,8.632789611816406,1742.8879000000002,2,0.000176069770581,3.759963904346518e-06,354,652,False,652.0,False,False,False,False,1.3898949879260776,0.015306780378338382,0.0213537528583777
ARGWYDWYGYRYAFDY,H3-23_A,K1-39,True,30,1,1,0.000176069770581,2.6952143773515746e-06,3.759963904346518e-06,False,False,False,False,False,False,False,False,False,False,False,False,False,0,0,False,0.3312500000000001,False,False,False,6.00141487121582,2152.2795,2,0.000176069770581,3.759963904346518e-06,419,654,False,654.0,False,False,False,False,1.3898949879260776,0.015306780378338382,0.0213537528583777
ARHGPGSYPSWFARFDP,H3-23_A,K1-39,True,30,1,1,0.000176069770581,2.6952143773515746e-06,3.759963904346518e-06,False,False,False,False,True,False,False,False,False,False,False,False,False,1,2,False,1.4764705882352942,False,False,False,8.796192932128907,1948.1027,2,0.000176069770581,3.759963904346518e-06,439,655,False,655.0,False,False,False,False,1.3898949879260776,0.015306780378338382,0.0213537528583777
ARHPATWYQWYAFDY,H3-23_A,K1-39,True,30,1,1,0.000176069770581,2.6952143773515746e-06,3.759963904346518e-06,False,False,False,False,False,False,False,False,False,False,False,False,False,0,1,False,0.0666666666666667,False,False,False,6.786059951782226,1975.1229000000003,1,0.000176069770581,3.759963904346518e-06,469,656,False,656.0,False,False,False,False,1.3898949879260776,0.015306780378338382,0.0213537528583777
ARHRGYGPYLFDY,H3-23_A,K3-20,True,30,1,1,0.000176069770581,2.6952143773515746e-06,3.759963904346518e-06,False,False,False,False,False,False,False,False,False,False,False,False,False,1,2,False,0.9230769230769234,False,False,False,8.545542907714843,1614.7601,2,0.000176069770581,3.759963904346518e-06,480,657,False,657.0,False,False,False,False,1.3898949879260776,0.015306780378338382,0.0213537528583777
ARHTRLYHGFDY,H3-23_A,K3-20,True,30,1,1,0.000176069770581,2.6952143773515746e-06,3.759963904346518e-06,False,False,False,False,False,False,False,False,False,False,False,False,False,1,3,False,1.116666666666667,False,False,False,8.644651794433596,1535.6636,2,0.000176069770581,3.759963904346518e-06,516,659,False,659.0,False,False,False,False,1.3898949879260776,0.015306780378338382,0.0213537528583777
ARHYGRWIGAGFDY,H3-23_A,K4-1,True,30,1,1,0.000176069770581,2.6952143773515746e-06,3.759963904346518e-06,False,False,False,False,False,False,False,False,False,False,False,False,False,1,2,False,0.7714285714285716,False,False,False,8.638685607910158,1668.8108,2,0.000176069770581,3.759963904346518e-06,534,660,False,660.0,False,False,False,False,1.3898949879260776,0.015306780378338382,0.0213537528583777
ARHYGWYLRFDY,H3-23_A,K1-39,True,30,1,1,0.000176069770581,2.6952143773515746e-06,3.759963904346518e-06,False,False,False,False,False,False,False,False,False,False,False,False,False,1,2,False,-0.4833333333333331,False,False,False,8.545542907714843,1646.8035,2,0.000176069770581,3.759963904346518e-06,536,661,False,661.0,False,False,False,False,1.3898949879260776,0.015306780378338382,0.0213537528583777
ARLGSRTWSYGFDY,H3-23_A,K3-20,True,30,1,1,0.000176069770581,2.6952143773515746e-06,3.759963904346518e-06,False,False,False,False,False,False,False,False,False,False,False,False,False,1,1,False,1.2785714285714287,False,False,False,8.632579040527343,1678.8008,2,0.000176069770581,3.759963904346518e-06,613,663,False,663.0,False,False,False,False,1.3898949879260776,0.015306780378338382,0.0213537528583777
ARLHYSYAGYPPAFDY,H3-23_A,K3-20,True,30,1,1,0.000176069770581,2.6952143773515746e-06,3.759963904346518e-06,False,False,False,False,False,False,False,False,False,False,False,False,False,0,1,False,0.8125000000000002,False,False,False,6.78493537902832,1891.0446,1,0.000176069770581,3.759963904346518e-06,619,664,False,664.0,False,False,False,False,1.3898949879260776,0.015306780378338382,0.0213537528583777
ARLTSYRFVLGWYAFDY,H3-23_A,K1-39,True,30,1,1,0.000176069770581,2.6952143773515746e-06,3.759963904346518e-06,False,False,False,False,False,False,False,False,False,False,False,False,False,1,1,False,-0.952941176470588,False,False,False,8.539295959472657,2128.3857000000003,2,0.000176069770581,3.759963904346518e-06,664,666,False,666.0,False,False,False,False,1.3898949879260776,0.015306780378338382,0.0213537528583777
ARPNYLQPYAFDY,H3-23_A,K3-20,True,30,1,1,0.000176069770581,2.6952143773515746e-06,3.759963904346518e-06,False,False,False,False,False,False,False,False,False,False,False,False,False,0,0,False,0.8846153846153848,False,False,False,5.87858085632324,1617.7574,1,0.000176069770581,3.759963904346518e-06,687,668,False,668.0,False,False,False,False,1.3898949879260776,0.015306780378338382,0.0213537528583777
ARWYGASYPFDY,H3-23_A,K3-20,True,30,1,1,0.000176069770581,2.6952143773515746e-06,3.759963904346518e-06,False,False,False,False,False,False,False,False,False,False,False,False,False,0,0,False,0.6500000000000001,False,False,False,5.87858085632324,1495.5913,1,0.000176069770581,3.759963904346518e-06,946,670,False,670.0,False,False,False,False,1.3898949879260776,0.015306780378338382,0.0213537528583777
ARYDRGYWHISYFDP,H3-23_A,K4-1,True,30,1,1,0.000176069770581,2.6952143773515746e-06,3.759963904346518e-06,False,False,False,True,True,False,False,False,False,False,False,False,False,0,1,False,0.9333333333333336,False,False,False,6.789382553100586,1946.0834,2,0.000176069770581,3.759963904346518e-06,952,671,False,671.0,False,False,False,False,1.3898949879260776,0.015306780378338382,0.0213537528583777
ARYGATRGQYGFDY,H3-23_A,UNK,True,30,1,1,0.000176069770581,2.6952143773515746e-06,3.759963904346518e-06,False,False,False,False,False,False,False,False,False,False,False,False,False,1,1,False,2.571428571428572,False,False,False,8.539295959472657,1624.7103,2,0.000176069770581,3.759963904346518e-06,957,672,False,672.0,False,False,False,False,1.3898949879260776,0.015306780378338382,0.0213537528583777
ARYTGQWPLDY,H3-23_A,K3-20,True,30,1,1,0.000176069770581,2.6952143773515746e-06,3.759963904346518e-06,False,False,False,False,False,False,False,False,False,False,False,False,False,0,0,False,1.1181818181818182,False,False,False,5.87944984436035,1369.4798,1,0.000176069770581,3.759963904346518e-06,994,673,False,673.0,False,False,False,False,1.3898949879260776,0.015306780378338382,0.0213537528583777
ARDEDEKGSPGFDY,H3-23_A,UNK,True,29,1,1,0.0001702007782283,2.6952143773515746e-06,3.759963904346518e-06,False,False,False,False,False,False,False,False,False,True,False,False,False,-3,-3,False,4.75,False,False,False,4.105078506469726,1585.5835,1,0.0001702007782283,3.759963904346518e-06,84,674,False,674.0,False,False,False,False,1.3898949879260776,0.01583456938159664,0.022090045903575866
ARDEGVTGWPFDY,H3-23_A,K4-1,True,29,1,1,0.0001702007782283,2.6952143773515746e-06,3.759963904346518e-06,False,False,False,False,False,False,False,False,False,True,False,False,False,-2,-2,False,2.1538461538461537,False,False,False,4.050025558471679,1512.5773,1,0.0001702007782283,3.759963904346518e-06,94,675,False,675.0,False,False,False,False,1.3898949879260776,0.01583456938159664,0.022090045903575866
ARDIGPSGRPFDY,H3-23_A,K4-1,True,29,1,1,0.0001702007782283,2.6952143773515746e-06,3.759963904346518e-06,False,False,False,False,False,False,False,False,False,False,False,False,False,0,0,False,2.576923076923077,False,False,False,6.004890823364257,1450.5543,2,0.0001702007782283,3.759963904346518e-06,93,676,False,676.0,False,False,False,False,1.3898949879260776,0.01583456938159664,0.022090045903575866
ARDISSYLFDY,H3-23_A,K1-39,True,29,1,1,0.0001702007782283,2.6952143773515746e-06,3.759963904346518e-06,False,False,False,False,False,False,False,False,False,False,False,False,False,-1,-1,False,0.8272727272727274,False,False,False,4.207874679565429,1349.4437,1,0.0001702007782283,3.759963904346518e-06,119,677,False,677.0,False,False,False,False,1.3898949879260776,0.01583456938159664,0.022090045903575866
ARDLGTYRPWGFDY,H3-23_A,K3-20,True,29,1,1,0.0001702007782283,2.6952143773515746e-06,3.759963904346518e-06,False,False,False,False,False,False,False,False,False,False,False,False,False,0,0,False,1.2142857142857146,False,False,False,6.004021835327148,1716.8488,2,0.0001702007782283,3.759963904346518e-06,129,678,False,678.0,False,False,False,False,1.3898949879260776,0.01583456938159664,0.022090045903575866
ARDPYRGWYGYQYGFDI,H3-23_A,K3-15,True,29,1,1,0.0001702007782283,2.6952143773515746e-06,3.759963904346518e-06,False,False,False,False,True,False,False,False,False,False,False,False,False,0,0,False,1.2294117647058824,False,False,False,6.0022838592529295,2127.2718,2,0.0001702007782283,3.759963904346518e-06,160,679,False,679.0,False,False,False,False,1.3898949879260776,0.01583456938159664,0.022090045903575866
AREPISGAGAFD,H3-23_A,K3-20,True,29,1,1,0.0001702007782283,2.6952143773515746e-06,3.759963904346518e-06,False,False,False,False,False,False,False,False,False,False,False,False,False,-1,-1,False,2.591666666666667,False,False,False,4.669767379760741,1190.2626,1,0.0001702007782283,3.759963904346518e-06,249,681,False,681.0,False,False,False,False,1.3898949879260776,0.01583456938159664,0.022090045903575866
ARGAPYVAYWRPFDY,H3-23_A,K3-20,True,29,1,1,0.0001702007782283,2.6952143773515746e-06,3.759963904346518e-06,False,False,False,False,False,False,False,False,False,False,False,False,False,1,1,False,0.4000000000000001,False,False,False,8.539295959472657,1832.0238,2,0.0001702007782283,3.759963904346518e-06,303,682,False,682.0,False,False,False,False,1.3898949879260776,0.01583456938159664,0.022090045903575866
ARGKQWPFYHFDY,H3-23_A,K3-15,True,29,1,1,0.0001702007782283,2.6952143773515746e-06,3.759963904346518e-06,False,False,False,True,False,False,False,False,False,False,False,False,False,1,2,False,0.4384615384615387,False,False,False,8.546315002441407,1714.8774999999998,1,0.0001702007782283,3.759963904346518e-06,319,683,False,683.0,False,False,False,False,1.3898949879260776,0.01583456938159664,0.022090045903575866
ARGKRYPPWYFDY,H3-23_A,K4-1,True,29,1,1,0.0001702007782283,2.6952143773515746e-06,3.759963904346518e-06,False,False,False,True,False,False,False,False,False,False,False,False,False,2,2,False,0.8615384615384618,False,False,False,9.525611877441406,1718.9093,2,0.0001702007782283,3.759963904346518e-06,320,684,False,684.0,False,False,False,False,1.3898949879260776,0.01583456938159664,0.022090045903575866
ARGSRWYTYGFDY,H3-23_A,K3-20,True,29,1,1,0.0001702007782283,2.6952143773515746e-06,3.759963904346518e-06,False,False,False,False,False,False,False,False,False,False,False,False,False,1,1,False,1.438461538461539,False,False,False,8.539295959472657,1641.7391,2,0.0001702007782283,3.759963904346518e-06,393,685,False,685.0,False,False,False,False,1.3898949879260776,0.01583456938159664,0.022090045903575866
ARGYAFSSGSWHGFDI,H3-23_A,K3-20,True,29,1,1,0.0001702007782283,2.6952143773515746e-06,3.759963904346518e-06,False,False,False,False,False,False,False,False,False,False,False,False,False,0,1,False,1.1750000000000005,False,False,False,6.788309097290039,1757.8576,1,0.0001702007782283,3.759963904346518e-06,421,686,False,686.0,False,False,False,False,1.3898949879260776,0.01583456938159664,0.022090045903575866
ARSPIYGFGSYGFDI,H3-23_A,K3-20,True,29,1,1,0.0001702007782283,2.6952143773515746e-06,3.759963904346518e-06,False,False,False,False,False,False,False,False,False,False,False,False,False,0,0,False,0.6866666666666669,False,False,False,5.87944984436035,1649.7992,1,0.0001702007782283,3.759963904346518e-06,753,689,False,689.0,False,False,False,False,1.3898949879260776,0.01583456938159664,0.022090045903575866
ARYFGIGSYFDY,H3-23_A,K3-20,True,29,1,1,0.0001702007782283,2.6952143773515746e-06,3.759963904346518e-06,False,False,False,False,False,False,False,False,False,False,False,False,False,0,0,False,0.1750000000000001,False,False,False,5.87858085632324,1458.571,1,0.0001702007782283,3.759963904346518e-06,954,692,False,692.0,False,False,False,False,1.3898949879260776,0.01583456938159664,0.022090045903575866
ARYFYKGTRAYGFDI,H3-23_A,K3-15,True,29,1,1,0.0001702007782283,2.6952143773515746e-06,3.759963904346518e-06,False,False,False,True,False,False,False,False,False,False,False,False,False,2,2,False,0.8533333333333335,False,False,False,9.525611877441406,1828.0335,2,0.0001702007782283,3.759963904346518e-06,956,693,False,693.0,False,False,False,False,1.3898949879260776,0.01583456938159664,0.022090045903575866
ARDLFYSASYRYFDY,H3-23_A,K3-20,True,28,1,1,0.0001643317858756,2.6952143773515746e-06,3.759963904346518e-06,False,False,False,False,False,False,False,False,False,False,False,False,False,0,0,False,0.6933333333333335,False,False,False,6.0022838592529295,1937.0699,2,0.0001643317858756,3.759963904346518e-06,126,696,False,696.0,False,False,False,False,1.3898949879260776,0.01640005530542148,0.022878928108963453
AREPIRASFDY,H3-23_A,K4-1,True,28,1,1,0.0001643317858756,2.6952143773515746e-06,3.759963904346518e-06,False,False,False,False,False,False,False,False,False,False,False,False,False,0,0,False,1.8090909090909093,False,False,False,6.114178848266601,1324.441,2,0.0001643317858756,3.759963904346518e-06,248,698,False,698.0,False,False,False,False,1.3898949879260776,0.01640005530542148,0.022878928108963453
ARGAFYWIGYRYWFDP,H4-34,K1-39,True,28,1,1,0.0001643317858756,2.6952143773515746e-06,3.759963904346518e-06,False,False,False,True,True,False,False,False,False,False,False,False,False,1,1,False,-0.9999999999999998,False,False,False,8.539295959472657,2068.2923,2,0.0001643317858756,3.759963904346518e-06,299,699,False,699.0,False,False,False,False,1.3898949879260776,0.01640005530542148,0.022878928108963453
ARGRPAVWYWTHFDI,H4-34,K3-15,True,28,1,1,0.0001643317858756,2.6952143773515746e-06,3.759963904346518e-06,False,False,False,True,False,False,False,False,False,False,False,False,False,1,2,False,-0.3399999999999998,False,False,False,8.796192932128907,1875.0950000000005,2,0.0001643317858756,3.759963904346518e-06,367,700,False,700.0,False,False,False,False,1.3898949879260776,0.01640005530542148,0.022878928108963453
ARHNPYSYAWSFDY,H3-23_A,K3-15,True,28,1,1,0.0001643317858756,2.6952143773515746e-06,3.759963904346518e-06,False,False,False,False,False,False,False,False,False,False,False,False,False,0,1,False,1.2642857142857145,False,False,False,6.786059951782226,1776.8592,1,0.0001643317858756,3.759963904346518e-06,468,701,False,701.0,False,False,False,False,1.3898949879260776,0.01640005530542148,0.022878928108963453
ARHRSSWGWSFDY,H4-34,K3-20,True,28,1,1,0.0001643317858756,2.6952143773515746e-06,3.759963904346518e-06,False,False,False,False,False,False,False,False,False,False,False,False,False,1,2,False,1.284615384615385,False,False,False,8.796192932128907,1654.7413,2,0.0001643317858756,3.759963904346518e-06,487,703,False,703.0,False,False,False,False,1.3898949879260776,0.01640005530542148,0.022878928108963453
ARIVHWTTWYTSYGFDY,H4-34,K3-20,True,28,1,1,0.0001643317858756,2.6952143773515746e-06,3.759963904346518e-06,False,False,False,False,False,False,False,False,False,False,False,False,False,0,1,False,-0.0235294117647057,False,False,False,6.786059951782226,2166.3477000000003,1,0.0001643317858756,3.759963904346518e-06,567,704,False,704.0,False,False,False,False,1.3898949879260776,0.01640005530542148,0.022878928108963453
ARLRKLSPGFDY,H3-23_A,K3-20,True,28,1,1,0.0001643317858756,2.6952143773515746e-06,3.759963904346518e-06,False,False,False,False,False,False,False,False,False,False,False,False,False,2,2,False,0.916666666666667,False,False,False,9.98676300048828,1422.6303,2,0.0001643317858756,3.759963904346518e-06,640,708,False,708.0,False,False,False,False,1.3898949879260776,0.01640005530542148,0.022878928108963453
ARLSPWAWSPGFDY,H3-23_A,K3-15,True,28,1,1,0.0001643317858756,2.6952143773515746e-06,3.759963904346518e-06,False,False,False,False,False,False,False,False,False,False,False,False,False,0,0,False,0.0714285714285715,False,False,False,5.880318832397459,1652.8049,1,0.0001643317858756,3.759963904346518e-06,658,709,False,709.0,False,False,False,False,1.3898949879260776,0.01640005530542148,0.022878928108963453
ARQGRFVAGWPSFDY,H3-23_A,K1-39,True,28,1,1,0.0001643317858756,2.6952143773515746e-06,3.759963904346518e-06,False,False,False,False,False,False,False,False,False,False,False,False,False,1,1,False,0.9733333333333334,False,False,False,8.79022674560547,1756.9159,2,0.0001643317858756,3.759963904346518e-06,710,710,False,710.0,False,False,False,False,1.3898949879260776,0.01640005530542148,0.022878928108963453
ARSRSPTTTSGAFDY,H5-51,K1-39,True,28,1,1,0.0001643317858756,2.6952143773515746e-06,3.759963904346518e-06,False,False,False,False,False,False,False,False,False,False,False,False,False,1,1,False,3.626666666666667,False,False,False,8.79022674560547,1616.687,2,0.0001643317858756,3.759963904346518e-06,766,711,False,711.0,False,False,False,False,1.3898949879260776,0.01640005530542148,0.022878928108963453
ARVRSYWAYAGWLFDP,H3-23_A,K4-1,True,28,1,1,0.0001643317858756,2.6952143773515746e-06,3.759963904346518e-06,False,False,False,False,True,False,False,False,False,False,False,False,False,1,1,False,-0.4312499999999998,False,False,False,8.632579040527343,1958.1802,2,0.0001643317858756,3.759963904346518e-06,874,713,False,713.0,False,False,False,False,1.3898949879260776,0.01640005530542148,0.022878928108963453
ARYGAWSYRYTYFDY,H3-23_A,K3-15,True,28,1,1,0.0001643317858756,2.6952143773515746e-06,3.759963904346518e-06,False,False,False,False,False,False,False,False,False,False,False,False,False,1,1,False,0.7533333333333335,False,False,False,8.420463562011719,1982.1121000000005,2,0.0001643317858756,3.759963904346518e-06,958,715,False,715.0,False,False,False,False,1.3898949879260776,0.01640005530542148,0.022878928108963453
ARALRTSSSYFDY,H5-51,K3-20,True,27,1,1,0.0001584627935229,2.6952143773515746e-06,3.759963904346518e-06,False,False,False,False,False,False,False,False,False,False,False,False,False,1,1,False,1.9307692307692308,False,False,False,8.632579040527343,1536.6435,2,0.0001584627935229,3.759963904346518e-06,29,716,False,716.0,False,False,False,False,1.3898949879260776,0.01700742643223554,0.023726242345839553
ARDESIYGDAGFDY,H3-23_A,K3-20,True,27,1,1,0.0001584627935229,2.6952143773515746e-06,3.759963904346518e-06,False,False,False,False,False,False,False,False,False,True,False,False,False,-3,-3,False,3.0785714285714287,False,False,False,4.050025558471679,1578.5907,1,0.0001584627935229,3.759963904346518e-06,99,720,False,720.0,False,False,False,False,1.3898949879260776,0.01700742643223554,0.023726242345839553
ARDVDLRYSFDY,H3-23_A,K3-20,True,27,1,1,0.0001584627935229,2.6952143773515746e-06,3.759963904346518e-06,False,False,False,False,False,False,False,False,False,True,False,False,False,-1,-1,False,1.7583333333333335,False,False,False,4.429057693481445,1519.6129,2,0.0001584627935229,3.759963904346518e-06,196,724,False,724.0,False,False,False,False,1.3898949879260776,0.01700742643223554,0.023726242345839553
ARDVDLSYGFDY,H3-23_A,K4-1,True,27,1,1,0.0001584627935229,2.6952143773515746e-06,3.759963904346518e-06,False,False,False,False,False,False,False,False,False,True,False,False,False,-2,-2,False,1.8833333333333333,False,False,False,4.050025558471679,1420.4785,1,0.0001584627935229,3.759963904346518e-06,193,725,False,725.0,False,False,False,False,1.3898949879260776,0.01700742643223554,0.023726242345839553
ARGWGWSLSLFDY,H3-23_A,UNK,True,27,1,1,0.0001584627935229,2.6952143773515746e-06,3.759963904346518e-06,False,False,False,False,False,False,False,False,False,False,False,False,False,0,0,False,-0.6769230769230767,False,False,False,5.880318832397459,1557.7054999999998,1,0.0001584627935229,3.759963904346518e-06,412,728,False,728.0,False,False,False,False,1.3898949879260776,0.01700742643223554,0.023726242345839553
ARLRSWYFYGFDY,H3-23_A,K3-20,True,27,1,1,0.0001584627935229,2.6952143773515746e-06,3.759963904346518e-06,False,False,False,True,False,False,False,False,False,False,False,False,False,1,1,False,-0.8153846153846153,False,False,False,8.539295959472657,1743.9153,2,0.0001584627935229,3.759963904346518e-06,645,733,False,733.0,False,False,False,False,1.3898949879260776,0.01700742643223554,0.023726242345839553
ARPHPIGWYSRYAFDY,H3-23_A,K3-15,True,27,1,1,0.0001584627935229,2.6952143773515746e-06,3.759963904346518e-06,False,False,False,False,False,False,False,False,False,False,False,False,False,1,2,False,0.5125000000000002,False,False,False,8.545542907714843,1999.1891,2,0.0001584627935229,3.759963904346518e-06,685,735,False,735.0,False,False,False,False,1.3898949879260776,0.01700742643223554,0.023726242345839553
ARPTPLYASWYGFDP,H3-23_A,K1-39,True,27,1,1,0.0001584627935229,2.6952143773515746e-06,3.759963904346518e-06,False,False,False,False,True,False,False,False,False,False,False,False,False,0,0,False,0.6600000000000001,False,False,False,5.87944984436035,1740.91,1,0.0001584627935229,3.759963904346518e-06,700,737,False,737.0,False,False,False,False,1.3898949879260776,0.01700742643223554,0.023726242345839553
ARSVWPYVWRATTFDP,H3-23_A,K3-20,True,27,1,1,0.0001584627935229,2.6952143773515746e-06,3.759963904346518e-06,False,False,False,False,True,False,False,False,False,False,False,False,False,1,1,False,0.325,False,False,False,8.79022674560547,1952.1742,2,0.0001584627935229,3.759963904346518e-06,783,738,False,738.0,False,False,False,False,1.3898949879260776,0.01700742643223554,0.023726242345839553
ARVAPRAWSYVAFDY,H3-23_A,K3-20,True,27,1,1,0.0001584627935229,2.6952143773515746e-06,3.759963904346518e-06,False,False,False,False,False,False,False,False,False,False,False,False,False,1,1,False,0.3333333333333334,False,False,False,8.632579040527343,1771.9703,2,0.0001584627935229,3.759963904346518e-06,825,739,False,739.0,False,False,False,False,1.3898949879260776,0.01700742643223554,0.023726242345839553
ARVHRSYIATGFDY,H3-23_A,K4-1,True,27,1,1,0.0001584627935229,2.6952143773515746e-06,3.759963904346518e-06,False,False,False,False,False,False,False,False,False,False,False,False,False,1,2,False,1.242857142857143,False,False,False,8.638685607910158,1655.8104999999998,2,0.0001584627935229,3.759963904346518e-06,835,741,False,741.0,False,False,False,False,1.3898949879260776,0.01700742643223554,0.023726242345839553
ARVQWYTGTGFDY,H3-23_A,K4-1,True,27,1,1,0.0001584627935229,2.6952143773515746e-06,3.759963904346518e-06,False,False,False,False,False,False,False,False,False,False,False,False,False,0,0,False,1.3384615384615386,False,False,False,5.87944984436035,1563.667,1,0.0001584627935229,3.759963904346518e-06,857,742,False,742.0,False,False,False,False,1.3898949879260776,0.01700742643223554,0.023726242345839553
ARWATSVYTSWNRFDY,H4-34,K1-39,True,27,1,1,0.0001584627935229,2.6952143773515746e-06,3.759963904346518e-06,False,False,False,False,False,False,False,False,False,False,False,False,False,1,1,False,1.01875,False,False,False,8.632579040527343,2023.1659,2,0.0001584627935229,3.759963904346518e-06,915,743,False,743.0,False,False,False,False,1.3898949879260776,0.01700742643223554,0.023726242345839553
ARDAVYAWFGATGFDY,H3-23_A,K3-15,True,26,1,1,0.0001525938011702,2.6952143773515746e-06,3.759963904346518e-06,False,False,False,False,False,False,False,False,False,False,False,False,False,-1,-1,False,0.8312500000000002,False,False,False,4.207874679565429,1809.9288,1,0.0001525938011702,3.759963904346518e-06,81,744,False,744.0,False,False,False,False,1.3898949879260776,0.0176615153533796,0.02463873032987564
ARDESIEGSPGFDY,H3-23_A,K3-15,True,26,1,1,0.0001525938011702,2.6952143773515746e-06,3.759963904346518e-06,False,False,False,False,False,False,False,False,False,True,False,False,False,-3,-3,False,3.521428571428572,False,False,False,4.050025558471679,1542.5586999999998,1,0.0001525938011702,3.759963904346518e-06,84,745,False,745.0,False,False,False,False,1.3898949879260776,0.0176615153533796,0.02463873032987564
ARDIDLYRVYDFDY,H3-23_A,K4-1,True,26,1,1,0.0001525938011702,2.6952143773515746e-06,3.759963904346518e-06,False,False,False,False,False,False,False,False,False,True,False,False,False,-2,-2,False,1.0500000000000005,False,False,False,4.13912239074707,1823.9538,2,0.0001525938011702,3.759963904346518e-06,112,746,False,746.0,False,False,False,False,1.3898949879260776,0.0176615153533796,0.02463873032987564
ARDLQYDWLTLGFDY,H3-23_A,K3-15,True,26,1,1,0.0001525938011702,2.6952143773515746e-06,3.759963904346518e-06,False,False,False,False,False,False,False,False,False,False,False,False,False,-2,-2,False,0.1733333333333336,False,False,False,4.050025558471679,1876.0284,1,0.0001525938011702,3.759963904346518e-06,136,747,False,747.0,False,False,False,False,1.3898949879260776,0.0176615153533796,0.02463873032987564
ARDPLGIWAGFDY,H3-23_A,K3-20,True,26,1,1,0.0001525938011702,2.6952143773515746e-06,3.759963904346518e-06,False,False,False,False,True,False,False,False,False,False,False,False,False,-1,-1,False,0.2769230769230771,False,False,False,4.207874679565429,1480.6215,1,0.0001525938011702,3.759963904346518e-06,156,748,False,748.0,False,False,False,False,1.3898949879260776,0.0176615153533796,0.02463873032987564
ARDRPYSVWSFDY,H3-23_A,K1-39,True,26,1,1,0.0001525938011702,2.6952143773515746e-06,3.759963904346518e-06,False,False,False,False,False,False,False,False,False,False,False,False,False,0,0,False,1.453846153846154,False,False,False,6.004021835327148,1661.7703,2,0.0001525938011702,3.759963904346518e-06,172,749,False,749.0,False,False,False,False,1.3898949879260776,0.0176615153533796,0.02463873032987564
ARDYGYSFYTFDY,H3-23_A,K4-1,True,26,1,1,0.0001525938011702,2.6952143773515746e-06,3.759963904346518e-06,False,False,False,False,False,False,False,False,False,False,False,False,False,-1,-1,False,1.3615384615384618,False,False,False,4.207874679565429,1667.7266,1,0.0001525938011702,3.759963904346518e-06,218,750,False,750.0,False,False,False,False,1.3898949879260776,0.0176615153533796,0.02463873032987564
AREQWLYARYLGFDY,H3-23_A,K3-20,True,26,1,1,0.0001525938011702,2.6952143773515746e-06,3.759963904346518e-06,False,False,False,False,False,False,False,False,False,False,False,False,False,0,0,False,-0.0799999999999998,False,False,False,6.112389755249024,1951.1429000000005,2,0.0001525938011702,3.759963904346518e-06,251,752,False,752.0,False,False,False,False,1.3898949879260776,0.0176615153533796,0.02463873032987564
ARFGYGIGYGRFDY,H3-23_A,K3-20,True,26,1,1,0.0001525938011702,2.6952143773515746e-06,3.759963904346518e-06,False,False,False,False,False,False,False,False,False,False,False,False,False,1,1,False,0.8000000000000002,False,False,False,8.539295959472657,1641.782,2,0.0001525938011702,3.759963904346518e-06,281,755,False,755.0,False,False,False,False,1.3898949879260776,0.0176615153533796,0.02463873032987564
ARGKGYRWSFDY,H3-23_A,K3-20,True,26,1,1,0.0001525938011702,2.6952143773515746e-06,3.759963904346518e-06,False,False,False,False,False,False,False,False,False,False,False,False,False,2,2,False,1.7583333333333335,False,False,False,9.69757843017578,1505.6343,2,0.0001525938011702,3.759963904346518e-06,318,756,False,756.0,False,False,False,False,1.3898949879260776,0.0176615153533796,0.02463873032987564
ARHHYASRWYLFDY,H3-23_A,K4-1,True,26,1,1,0.0001525938011702,2.6952143773515746e-06,3.759963904346518e-06,False,False,False,True,False,False,False,False,False,False,False,False,False,1,3,False,-0.0571428571428569,False,False,False,8.55157928466797,1885.0467,2,0.0001525938011702,3.759963904346518e-06,454,761,False,761.0,False,False,False,False,1.3898949879260776,0.0176615153533796,0.02463873032987564
ARHTNLWLGAGFDY,H3-23_A,K3-20,True,26,1,1,0.0001525938011702,2.6952143773515746e-06,3.759963904346518e-06,False,False,False,False,False,False,False,False,False,False,False,False,False,0,1,False,0.3285714285714288,False,False,False,6.788309097290039,1620.7647,1,0.0001525938011702,3.759963904346518e-06,514,762,False,762.0,False,False,False,False,1.3898949879260776,0.0176615153533796,0.02463873032987564
ARIYAVSSRPLHFDP,H3-23_A,K3-20,True,26,1,1,0.0001525938011702,2.6952143773515746e-06,3.759963904346518e-06,False,False,False,False,True,False,False,False,False,False,False,False,False,1,2,False,0.6600000000000001,False,False,False,8.796192932128907,1728.9474,2,0.0001525938011702,3.759963904346518e-06,572,764,False,764.0,False,False,False,False,1.3898949879260776,0.0176615153533796,0.02463873032987564
ARPTYRQGYGFDY,H3-23_A,K3-20,True,26,1,1,0.0001525938011702,2.6952143773515746e-06,3.759963904346518e-06,False,False,False,False,False,False,False,False,False,False,False,False,False,1,1,False,2.330769230769231,False,False,False,8.539295959472657,1593.6962999999998,2,0.0001525938011702,3.759963904346518e-06,701,771,False,771.0,False,False,False,False,1.3898949879260776,0.0176615153533796,0.02463873032987564
ARSGYGSYGFDY,H5-51,K3-20,True,26,1,1,0.0001525938011702,2.6952143773515746e-06,3.759963904346518e-06,False,False,False,False,False,False,False,False,False,False,False,False,False,0,0,False,2.625,False,False,False,5.87858085632324,1342.3682,1,0.0001525938011702,3.759963904346518e-06,740,772,False,772.0,False,False,False,False,1.3898949879260776,0.0176615153533796,0.02463873032987564
ARTAGATPGPFDY,H5-51,K3-15,True,26,1,1,0.0001525938011702,2.6952143773515746e-06,3.759963904346518e-06,False,False,False,False,False,False,False,False,False,False,False,False,False,0,0,False,2.723076923076924,False,False,False,5.880318832397459,1323.4099,1,0.0001525938011702,3.759963904346518e-06,794,773,False,773.0,False,False,False,False,1.3898949879260776,0.0176615153533796,0.02463873032987564
ARTFGVYLSYALFDY,H4-34,K3-15,True,26,1,1,0.0001525938011702,2.6952143773515746e-06,3.759963904346518e-06,False,False,False,False,False,False,False,False,False,False,False,False,False,0,0,False,-0.6933333333333331,False,False,False,5.87858085632324,1785.9901,1,0.0001525938011702,3.759963904346518e-06,795,774,False,774.0,False,False,False,False,1.3898949879260776,0.0176615153533796,0.02463873032987564
ARTGYDRASGFDY,H5-51,K3-15,True,26,1,1,0.0001525938011702,2.6952143773515746e-06,3.759963904346518e-06,False,False,False,False,False,False,False,False,False,False,False,False,False,0,0,False,3.284615384615385,False,False,False,6.004021835327148,1478.5213,2,0.0001525938011702,3.759963904346518e-06,799,775,False,775.0,False,False,False,False,1.3898949879260776,0.0176615153533796,0.02463873032987564
ARYGYGIWLRSFSGFDY,H4-34,K1-39,True,26,1,1,0.0001525938011702,2.6952143773515746e-06,3.759963904346518e-06,False,False,False,False,False,False,False,False,False,False,False,False,False,1,1,False,-0.041176470588235,False,False,False,8.539295959472657,2058.2528,2,0.0001525938011702,3.759963904346518e-06,965,780,False,780.0,False,False,False,False,1.3898949879260776,0.0176615153533796,0.02463873032987564
ARYHYEHWTNPFDY,H3-23_A,K1-39,True,26,1,1,0.0001525938011702,2.6952143773515746e-06,3.759963904346518e-06,False,False,False,True,False,False,False,False,False,False,False,False,False,-1,1,False,1.2642857142857145,False,False,False,5.995127487182617,1898.9839,1,0.0001525938011702,3.759963904346518e-06,967,781,False,781.0,False,False,False,False,1.3898949879260776,0.0176615153533796,0.02463873032987564
ARYRFDYGASTPFDY,H4-34,K3-15,True,26,1,1,0.0001525938011702,2.6952143773515746e-06,3.759963904346518e-06,False,False,False,False,False,False,False,False,False,False,False,False,False,0,0,False,1.866666666666667,False,False,False,6.003152847290039,1828.9322,2,0.0001525938011702,3.759963904346518e-06,979,782,False,782.0,False,False,False,False,1.3898949879260776,0.0176615153533796,0.02463873032987564
ARYTASRGLFDY,H3-23_A,K4-1,True,26,1,1,0.0001525938011702,2.6952143773515746e-06,3.759963904346518e-06,False,False,False,False,False,False,False,False,False,False,False,False,False,1,1,False,1.4833333333333336,False,False,False,8.632579040527343,1419.5402,2,0.0001525938011702,3.759963904346518e-06,992,783,False,783.0,False,False,False,False,1.3898949879260776,0.0176615153533796,0.02463873032987564
ARAPRSWVAVSFDY,H3-23_A,K3-20,True,25,1,1,0.0001467248088175,2.6952143773515746e-06,3.759963904346518e-06,False,False,False,False,False,False,False,False,False,False,False,False,False,1,1,False,0.8071428571428572,False,False,False,8.79022674560547,1624.7965,2,0.0001467248088175,3.759963904346518e-06,39,784,False,784.0,False,False,False,False,1.3898949879260776,0.018367927822114258,0.02562421237773879
ARAYSYALYGFDY,H3-23_A,K3-20,True,25,1,1,0.0001467248088175,2.6952143773515746e-06,3.759963904346518e-06,False,False,False,False,False,False,False,False,False,False,False,False,False,0,0,False,0.5153846153846156,False,False,False,5.877711868286132,1559.6749,1,0.0001467248088175,3.759963904346518e-06,75,785,False,785.0,False,False,False,False,1.3898949879260776,0.018367927822114258,0.02562421237773879
ARDFIWYPSWGFDY,H3-23_A,K3-20,True,25,1,1,0.0001467248088175,2.6952143773515746e-06,3.759963904346518e-06,False,False,False,False,False,False,False,False,False,False,False,False,False,-1,-1,False,-0.6857142857142856,False,False,False,4.207874679565429,1822.9689,1,0.0001467248088175,3.759963904346518e-06,101,786,False,786.0,False,False,False,False,1.3898949879260776,0.018367927822114258,0.02562421237773879
ARDYTWYWLDY,H3-23_A,K3-15,True,25,1,1,0.0001467248088175,2.6952143773515746e-06,3.759963904346518e-06,False,False,False,True,False,False,False,False,False,False,False,False,False,-1,-1,False,-0.3090909090909089,False,False,False,4.207874679565429,1551.6546,1,0.0001467248088175,3.759963904346518e-06,225,788,False,788.0,False,False,False,False,1.3898949879260776,0.018367927822114258,0.02562421237773879
AREYTLWSSWFRAFDI,H3-23_A,K1-39,True,25,1,1,0.0001467248088175,2.6952143773515746e-06,3.759963904346518e-06,False,False,False,False,False,False,False,False,False,False,False,False,False,0,0,False,-0.5562499999999998,False,False,False,6.114178848266601,2048.2582,2,0.0001467248088175,3.759963904346518e-06,273,789,False,789.0,False,False,False,False,1.3898949879260776,0.018367927822114258,0.02562421237773879
ARGLGSYHFDY,H3-23_A,K3-20,True,25,1,1,0.0001467248088175,2.6952143773515746e-06,3.759963904346518e-06,False,False,False,True,False,False,False,False,False,False,False,False,False,0,1,False,1.281818181818182,False,False,False,6.787184524536133,1285.3633,1,0.0001467248088175,3.759963904346518e-06,324,792,False,792.0,False,False,False,False,1.3898949879260776,0.018367927822114258,0.02562421237773879
ARHGVWYRIGHGFDY,H3-23_A,K3-20,True,25,1,1,0.0001467248088175,2.6952143773515746e-06,3.759963904346518e-06,False,False,False,False,False,False,False,False,False,False,False,False,False,1,3,False,0.4733333333333334,False,False,False,8.644651794433596,1834.0032,2,0.0001467248088175,3.759963904346518e-06,448,793,False,793.0,False,False,False,False,1.3898949879260776,0.018367927822114258,0.02562421237773879
ARHRWYSLYSYPFDY,H3-23_A,K3-20,True,25,1,1,0.0001467248088175,2.6952143773515746e-06,3.759963904346518e-06,False,False,False,False,False,False,False,False,False,False,False,False,False,1,2,False,0.1133333333333335,False,False,False,8.478932189941407,2024.1952,2,0.0001467248088175,3.759963904346518e-06,494,796,False,796.0,False,False,False,False,1.3898949879260776,0.018367927822114258,0.02562421237773879
ARKPAPFYHYGWGYFDP,H4-34,K3-20,True,25,1,1,0.0001467248088175,2.6952143773515746e-06,3.759963904346518e-06,False,False,False,True,True,False,False,False,False,False,False,False,False,1,2,False,0.5764705882352943,False,False,False,8.479563903808593,2072.2811,1,0.0001467248088175,3.759963904346518e-06,588,799,False,799.0,False,False,False,False,1.3898949879260776,0.018367927822114258,0.02562421237773879
ARLSRLLYGFDY,H3-23_A,K3-20,True,25,1,1,0.0001467248088175,2.6952143773515746e-06,3.759963904346518e-06,False,False,False,False,False,False,False,False,False,False,False,False,False,1,1,False,-0.6583333333333331,False,False,False,8.632579040527343,1473.6736,2,0.0001467248088175,3.759963904346518e-06,660,802,False,802.0,False,False,False,False,1.3898949879260776,0.018367927822114258,0.02562421237773879
ARLTSWYKYSYAGFDP,H3-23_A,K1-39,True,25,1,1,0.0001467248088175,2.6952143773515746e-06,3.759963904346518e-06,False,False,False,False,True,False,False,False,False,False,False,False,False,1,1,False,1.0000000000000002,False,False,False,8.47317657470703,1925.1024,1,0.0001467248088175,3.759963904346518e-06,663,803,False,803.0,False,False,False,False,1.3898949879260776,0.018367927822114258,0.02562421237773879
ARLVTRGSWYHYGFDY,H3-23_A,K3-15,True,25,1,1,0.0001467248088175,2.6952143773515746e-06,3.759963904346518e-06,False,False,False,True,False,False,False,False,False,False,False,False,False,1,2,False,0.4937500000000001,False,False,False,8.545542907714843,1991.167,2,0.0001467248088175,3.759963904346518e-06,668,804,False,804.0,False,False,False,False,1.3898949879260776,0.018367927822114258,0.02562421237773879
ARPWYLGTAKWYFDY,H3-23_A,K3-15,True,25,1,1,0.0001467248088175,2.6952143773515746e-06,3.759963904346518e-06,False,False,False,True,False,False,False,False,False,False,False,False,False,1,1,False,-0.4666666666666665,False,False,False,8.47317657470703,1937.1577,1,0.0001467248088175,3.759963904346518e-06,705,805,False,805.0,False,False,False,False,1.3898949879260776,0.018367927822114258,0.02562421237773879
ARSSAWSPRFDY,H3-23_A,K3-20,True,25,1,1,0.0001467248088175,2.6952143773515746e-06,3.759963904346518e-06,False,False,False,False,False,False,False,False,False,False,False,False,False,1,1,False,1.925,False,False,False,8.79022674560547,1442.5339,2,0.0001467248088175,3.759963904346518e-06,770,807,False,807.0,False,False,False,False,1.3898949879260776,0.018367927822114258,0.02562421237773879
ARSYAGKYNAFDY,H5-51,K4-1,True,25,1,1,0.0001467248088175,2.6952143773515746e-06,3.759963904346518e-06,False,False,False,False,False,False,False,False,False,False,False,False,False,1,1,False,2.3461538461538463,False,False,False,8.47317657470703,1525.619,1,0.0001467248088175,3.759963904346518e-06,789,808,False,808.0,False,False,False,False,1.3898949879260776,0.018367927822114258,0.02562421237773879
ARVIGRYTIWEYFDY,H4-34,K4-1,True,25,1,1,0.0001467248088175,2.6952143773515746e-06,3.759963904346518e-06,False,False,False,False,False,False,False,False,False,False,False,False,False,0,0,False,-0.3599999999999999,False,False,False,6.112389755249024,1952.1707,2,0.0001467248088175,3.759963904346518e-06,838,811,False,811.0,False,False,False,False,1.3898949879260776,0.018367927822114258,0.02562421237773879
ARVWRNWQGYVFDY,H1-69,K3-15,True,25,1,1,0.0001467248088175,2.6952143773515746e-06,3.759963904346518e-06,False,False,False,False,False,False,False,False,False,False,False,False,False,1,1,False,-0.0857142857142856,False,False,False,8.632579040527343,1860.0371,2,0.0001467248088175,3.759963904346518e-06,904,813,False,813.0,False,False,False,False,1.3898949879260776,0.018367927822114258,0.02562421237773879
ARVYSSYAYSAYWFDP,H4-34,K3-15,True,25,1,1,0.0001467248088175,2.6952143773515746e-06,3.759963904346518e-06,False,False,False,True,True,False,False,False,False,False,False,False,False,0,0,False,0.7250000000000001,False,False,False,5.877711868286132,1946.0767,1,0.0001467248088175,3.759963904346518e-06,913,814,False,814.0,False,False,False,False,1.3898949879260776,0.018367927822114258,0.02562421237773879
ARAFGKGSYSYFDY,H5-51,UNK,True,24,1,1,0.0001408558164648,2.6952143773515746e-06,3.759963904346518e-06,False,False,False,False,False,False,False,False,False,False,False,False,False,1,1,False,1.742857142857143,False,False,False,8.47317657470703,1631.7409,1,0.0001408558164648,3.759963904346518e-06,11,816,False,816.0,False,False,False,False,1.3898949879260776,0.01913320381758525,0.02669181209968048
ARAISWGAYTWLFDP,H3-23_A,K3-15,True,24,1,1,0.0001408558164648,2.6952143773515746e-06,3.759963904346518e-06,False,False,False,False,True,False,False,False,False,False,False,False,False,0,0,False,-0.5533333333333331,False,False,False,5.880318832397459,1753.9517999999998,1,0.0001408558164648,3.759963904346518e-06,21,817,False,817.0,False,False,False,False,1.3898949879260776,0.01913320381758525,0.02669181209968048
ARANVFSRSGFDY,H3-23_A,K4-1,True,24,1,1,0.0001408558164648,2.6952143773515746e-06,3.759963904346518e-06,False,False,False,False,False,False,False,False,False,False,False,False,False,1,1,False,1.8692307692307693,False,False,False,8.79022674560547,1489.5902,2,0.0001408558164648,3.759963904346518e-06,34,819,False,819.0,False,False,False,False,1.3898949879260776,0.01913320381758525,0.02669181209968048
ARDEGTSGYPFDY,H3-23_A,K3-15,True,24,1,1,0.0001408558164648,2.6952143773515746e-06,3.759963904346518e-06,False,False,False,False,False,False,False,False,False,True,False,False,False,-2,-2,False,3.5615384615384618,False,False,False,4.050025558471679,1477.4869,1,0.0001408558164648,3.759963904346518e-06,95,822,False,822.0,False,False,False,False,1.3898949879260776,0.01913320381758525,0.02669181209968048
ARDIDLGQPFDY,H3-23_A,K3-20,True,24,1,1,0.0001408558164648,2.6952143773515746e-06,3.759963904346518e-06,False,False,False,False,False,False,False,False,False,True,False,False,False,-2,-2,False,1.8166666666666669,False,False,False,4.050025558471679,1409.499,1,0.0001408558164648,3.759963904346518e-06,108,823,False,823.0,False,False,False,False,1.3898949879260776,0.01913320381758525,0.02669181209968048
ARDIYHVYSYVAFDY,H3-23_A,K3-20,True,24,1,1,0.0001408558164648,2.6952143773515746e-06,3.759963904346518e-06,False,False,False,False,False,False,False,False,False,False,False,False,False,-1,0,False,0.32,False,False,False,5.212322616577147,1882.0344,1,0.0001408558164648,3.759963904346518e-06,122,824,False,824.0,False,False,False,False,1.3898949879260776,0.01913320381758525,0.02669181209968048
ARDRYHYGYNYFDY,H3-23_A,K4-1,True,24,1,1,0.0001408558164648,2.6952143773515746e-06,3.759963904346518e-06,False,False,False,True,False,False,False,False,False,False,False,False,False,0,1,False,1.9,False,False,False,6.787133407592773,1902.9724,2,0.0001408558164648,3.759963904346518e-06,185,825,False,825.0,False,False,False,False,1.3898949879260776,0.01913320381758525,0.02669181209968048
ARDVDLSQGFDY,H3-23_A,K4-1,True,24,1,1,0.0001408558164648,2.6952143773515746e-06,3.759963904346518e-06,False,False,False,False,False,False,False,False,False,True,False,False,False,-2,-2,False,2.5416666666666665,False,False,False,4.050025558471679,1385.4344999999998,1,0.0001408558164648,3.759963904346518e-06,197,826,False,826.0,False,False,False,False,1.3898949879260776,0.01913320381758525,0.02669181209968048
ARDVLWSSWSFDY,H3-23_A,K1-39,True,24,1,1,0.0001408558164648,2.6952143773515746e-06,3.759963904346518e-06,False,False,False,False,False,False,False,False,False,False,False,False,False,-1,-1,False,0.1384615384615385,False,False,False,4.207874679565429,1631.741,1,0.0001408558164648,3.759963904346518e-06,200,827,False,827.0,False,False,False,False,1.3898949879260776,0.01913320381758525,0.02669181209968048
AREYRNWGSTKYIFDY,H4-34,K3-20,True,24,1,1,0.0001408558164648,2.6952143773515746e-06,3.759963904346518e-06,False,False,False,False,False,False,False,False,False,False,False,False,False,1,1,False,1.59375,False,False,False,8.472755432128906,2069.2343,2,0.0001408558164648,3.759963904346518e-06,271,828,False,828.0,False,False,False,False,1.3898949879260776,0.01913320381758525,0.02669181209968048
ARGHYIGYGYTVFDI,H3-23_A,K1-39,True,24,1,1,0.0001408558164648,2.6952143773515746e-06,3.759963904346518e-06,False,False,False,False,False,False,False,False,False,False,False,False,False,0,1,False,0.4066666666666668,False,False,False,6.786059951782226,1731.9029999999998,1,0.0001408558164648,3.759963904346518e-06,314,829,False,829.0,False,False,False,False,1.3898949879260776,0.01913320381758525,0.02669181209968048
ARGLAYWAQSYGFDP,H3-23_A,K3-20,True,24,1,1,0.0001408558164648,2.6952143773515746e-06,3.759963904346518e-06,False,False,False,False,True,False,False,False,False,False,False,False,False,0,0,False,0.9533333333333336,False,False,False,5.87944984436035,1701.8341,1,0.0001408558164648,3.759963904346518e-06,322,830,False,830.0,False,False,False,False,1.3898949879260776,0.01913320381758525,0.02669181209968048
ARGPLRWKSVNYFDY,H3-23_A,K3-20,True,24,1,1,0.0001408558164648,2.6952143773515746e-06,3.759963904346518e-06,False,False,False,False,False,False,False,False,False,False,False,False,False,2,2,False,0.7733333333333334,False,False,False,9.69757843017578,1872.0894000000003,2,0.0001408558164648,3.759963904346518e-06,342,831,False,831.0,False,False,False,False,1.3898949879260776,0.01913320381758525,0.02669181209968048
ARGRYGFGYLWAFDP,H3-23_A,K3-15,True,24,1,1,0.0001408558164648,2.6952143773515746e-06,3.759963904346518e-06,False,False,False,False,True,False,False,False,False,False,False,False,False,1,1,False,0.0266666666666668,False,False,False,8.632579040527343,1775.9605,2,0.0001408558164648,3.759963904346518e-06,385,833,False,833.0,False,False,False,False,1.3898949879260776,0.01913320381758525,0.02669181209968048
ARGWSYGPYIYRFDP,H4-34,K1-39,True,24,1,1,0.0001408558164648,2.6952143773515746e-06,3.759963904346518e-06,False,False,False,False,True,False,False,False,False,False,False,False,False,1,1,False,0.6466666666666668,False,False,False,8.539295959472657,1848.0232,2,0.0001408558164648,3.759963904346518e-06,416,834,False,834.0,False,False,False,False,1.3898949879260776,0.01913320381758525,0.02669181209968048
ARIGVYPYRYGFDY,H3-23_A,K4-1,True,24,1,1,0.0001408558164648,2.6952143773515746e-06,3.759963904346518e-06,False,False,False,False,False,False,False,False,False,False,False,False,False,1,1,False,0.3928571428571429,False,False,False,8.472544860839843,1739.925,2,0.0001408558164648,3.759963904346518e-06,545,839,False,839.0,False,False,False,False,1.3898949879260776,0.01913320381758525,0.02669181209968048
ARIHRDWYGLGYHGFDY,H3-23_A,K4-1,True,24,1,1,0.0001408558164648,2.6952143773515746e-06,3.759963904346518e-06,False,False,False,False,False,False,False,False,False,False,False,False,False,0,2,False,0.5705882352941178,False,False,False,6.959704208374023,2126.2904,2,0.0001408558164648,3.759963904346518e-06,546,840,False,840.0,False,False,False,False,1.3898949879260776,0.01913320381758525,0.02669181209968048
ARLRGYWGTSFDY,H3-23_A,K3-20,True,24,1,1,0.0001408558164648,2.6952143773515746e-06,3.759963904346518e-06,False,False,False,False,False,False,False,False,False,False,False,False,False,1,1,False,0.8769230769230771,False,False,False,8.632579040527343,1591.7234999999998,2,0.0001408558164648,3.759963904346518e-06,639,844,False,844.0,False,False,False,False,1.3898949879260776,0.01913320381758525,0.02669181209968048
ARLYKWNWREYWSFDY,H3-23_A,K1-39,True,24,1,1,0.0001408558164648,2.6952143773515746e-06,3.759963904346518e-06,False,False,False,False,False,False,False,False,False,False,False,False,False,1,1,False,-0.4124999999999998,False,True,False,8.472755432128906,2283.4989,2,0.0001408558164648,3.759963904346518e-06,673,847,False,847.0,False,False,False,False,1.3898949879260776,0.01913320381758525,0.02669181209968048
ARPQRIAGFDY,H3-23_A,K3-20,True,24,1,1,0.0001408558164648,2.6952143773515746e-06,3.759963904346518e-06,False,False,False,False,False,False,False,False,False,False,False,False,False,1,1,False,1.5727272727272728,False,False,False,8.79022674560547,1293.4302,2,0.0001408558164648,3.759963904346518e-06,690,849,False,849.0,False,False,False,False,1.3898949879260776,0.01913320381758525,0.02669181209968048
ARPSRWSGSFDY,H3-23_A,K3-20,True,24,1,1,0.0001408558164648,2.6952143773515746e-06,3.759963904346518e-06,False,False,False,False,False,False,False,False,False,False,False,False,False,1,1,False,2.225,False,False,False,8.79022674560547,1428.5073,2,0.0001408558164648,3.759963904346518e-06,698,850,False,850.0,False,False,False,False,1.3898949879260776,0.01913320381758525,0.02669181209968048
ARQIVPWYDYALFDY,H3-23_A,K1-39,True,24,1,1,0.0001408558164648,2.6952143773515746e-06,3.759963904346518e-06,False,False,False,False,False,False,False,False,False,False,False,False,False,-1,-1,False,-0.6199999999999998,False,False,False,4.207874679565429,1920.1255,1,0.0001408558164648,3.759963904346518e-06,715,851,False,851.0,False,False,False,False,1.3898949879260776,0.01913320381758525,0.02669181209968048
ARSFTWIPTRYFDY,H3-23_A,K4-1,True,24,1,1,0.0001408558164648,2.6952143773515746e-06,3.759963904346518e-06,False,False,False,False,False,False,False,False,False,False,False,False,False,1,1,False,-0.0499999999999998,False,False,False,8.632579040527343,1823.0138,2,0.0001408558164648,3.759963904346518e-06,733,852,False,852.0,False,False,False,False,1.3898949879260776,0.01913320381758525,0.02669181209968048
ARSWSWYLGKYQFDI,H4-34,K3-15,True,24,1,1,0.0001408558164648,2.6952143773515746e-06,3.759963904346518e-06,False,False,False,False,False,False,False,False,False,False,False,False,False,1,1,False,-0.2333333333333332,False,False,False,8.54006805419922,1920.1289,1,0.0001408558164648,3.759963904346518e-06,787,856,False,856.0,False,False,False,False,1.3898949879260776,0.01913320381758525,0.02669181209968048
ARVKSYWYGRVFDY,H3-23_A,K3-20,True,24,1,1,0.0001408558164648,2.6952143773515746e-06,3.759963904346518e-06,False,False,False,True,False,False,False,False,False,False,False,False,False,2,2,False,0.4357142857142858,False,False,False,9.525611877441406,1810.0182,2,0.0001408558164648,3.759963904346518e-06,842,857,False,857.0,False,False,False,False,1.3898949879260776,0.01913320381758525,0.02669181209968048
ARVLAGSLLGWAFDY,H5-51,K3-20,True,24,1,1,0.0001408558164648,2.6952143773515746e-06,3.759963904346518e-06,False,False,False,False,False,False,False,False,False,False,False,False,False,0,0,False,-0.9333333333333332,False,False,False,5.880318832397459,1638.8627,1,0.0001408558164648,3.759963904346518e-06,843,858,False,858.0,False,False,False,False,1.3898949879260776,0.01913320381758525,0.02669181209968048
ARVRHTTWYVYFDY,H3-23_A,K4-1,True,24,1,1,0.0001408558164648,2.6952143773515746e-06,3.759963904346518e-06,False,False,False,False,False,False,False,False,False,False,False,False,False,1,2,False,0.0500000000000001,False,False,False,8.545542907714843,1877.0644,2,0.0001408558164648,3.759963904346518e-06,863,859,False,859.0,False,False,False,False,1.3898949879260776,0.01913320381758525,0.02669181209968048
ARVSYAYSIYGFDY,H3-23_A,K3-20,True,24,1,1,0.0001408558164648,2.6952143773515746e-06,3.759963904346518e-06,False,False,False,False,False,False,False,False,False,False,False,False,False,0,0,False,0.6142857142857144,False,False,False,5.877711868286132,1674.8053,1,0.0001408558164648,3.759963904346518e-06,898,862,False,862.0,False,False,False,False,1.3898949879260776,0.01913320381758525,0.02669181209968048
ARVYDILYKGVYAPFDY,H5-51,K3-15,True,24,1,1,0.0001408558164648,2.6952143773515746e-06,3.759963904346518e-06,False,False,False,False,False,False,False,False,False,False,False,False,False,0,0,False,0.0294117647058824,False,False,False,6.00141487121582,2053.3142000000003,1,0.0001408558164648,3.759963904346518e-06,907,863,False,863.0,False,False,False,False,1.3898949879260776,0.01913320381758525,0.02669181209968048
ARWGRTGAFSGFDY,H3-23_A,K3-20,True,24,1,1,0.0001408558164648,2.6952143773515746e-06,3.759963904346518e-06,False,False,False,False,False,False,False,False,False,False,False,False,False,1,1,False,1.5071428571428571,False,False,False,8.79022674560547,1590.6957,2,0.0001408558164648,3.759963904346518e-06,917,864,False,864.0,False,False,False,False,1.3898949879260776,0.01913320381758525,0.02669181209968048
ARWKRAYLYASYFDY,H3-23_A,K3-20,True,24,1,1,0.0001408558164648,2.6952143773515746e-06,3.759963904346518e-06,False,False,False,False,False,False,False,False,False,False,False,False,False,2,2,False,0.0600000000000001,False,False,False,9.40341033935547,1973.1915,2,0.0001408558164648,3.759963904346518e-06,924,865,False,865.0,False,False,False,False,1.3898949879260776,0.01913320381758525,0.02669181209968048
ARYAGKYFTAFDY,H3-23_A,K3-20,True,24,1,1,0.0001408558164648,2.6952143773515746e-06,3.759963904346518e-06,False,False,False,False,False,False,False,False,False,False,False,False,False,1,1,False,1.0000000000000002,False,False,False,8.47317657470703,1572.7168,1,0.0001408558164648,3.759963904346518e-06,950,866,False,866.0,False,False,False,False,1.3898949879260776,0.01913320381758525,0.02669181209968048
ARYEPSTYGSRYFDI,H3-23_A,K4-1,True,24,1,1,0.0001408558164648,2.6952143773515746e-06,3.759963904346518e-06,False,False,False,False,False,False,False,False,False,False,False,False,False,0,0,False,2.0933333333333333,False,False,False,6.112389755249024,1824.942,2,0.0001408558164648,3.759963904346518e-06,953,867,False,867.0,False,False,False,False,1.3898949879260776,0.01913320381758525,0.02669181209968048
ARYGQVSARFDY,H3-23_A,K1-39,True,24,1,1,0.0001408558164648,2.6952143773515746e-06,3.759963904346518e-06,False,False,False,False,False,False,False,False,False,False,False,False,False,1,1,False,2.0083333333333333,False,False,False,8.632579040527343,1432.5389,2,0.0001408558164648,3.759963904346518e-06,962,868,False,868.0,False,False,False,False,1.3898949879260776,0.01913320381758525,0.02669181209968048
ARYIGAYPVFDY,H3-23_A,K3-20,True,24,1,1,0.0001408558164648,2.6952143773515746e-06,3.759963904346518e-06,False,False,False,False,False,False,False,False,False,False,False,False,False,0,0,False,-0.0333333333333332,False,False,False,5.87858085632324,1434.5927,1,0.0001408558164648,3.759963904346518e-06,968,869,False,869.0,False,False,False,False,1.3898949879260776,0.01913320381758525,0.02669181209968048
ARYSYGWTPGFDY,H3-23_A,K1-39,True,24,1,1,0.0001408558164648,2.6952143773515746e-06,3.759963904346518e-06,False,False,False,False,False,False,False,False,False,False,False,False,False,0,0,False,1.276923076923077,False,False,False,5.87858085632324,1582.6686,1,0.0001408558164648,3.759963904346518e-06,990,870,False,870.0,False,False,False,False,1.3898949879260776,0.01913320381758525,0.02669181209968048
ARYWRYHSLVSAYKFDP,H4-34,K1-39,True,24,1,1,0.0001408558164648,2.6952143773515746e-06,3.759963904346518e-06,False,False,False,False,True,False,False,False,False,False,False,False,False,2,3,False,0.4529411764705884,False,False,False,9.52582244873047,2159.4032,2,0.0001408558164648,3.759963904346518e-06,1000,871,False,871.0,False,False,False,False,1.3898949879260776,0.01913320381758525,0.02669181209968048
ARANYDWVSGWSTFDY,H3-23_A,K3-15,True,23,1,1,0.0001349868241121,2.6952143773515746e-06,3.759963904346518e-06,False,False,False,False,False,False,False,False,False,False,False,False,False,-1,-1,False,1.4125,False,False,False,4.207874679565429,1938.015,1,0.0001349868241121,3.759963904346518e-06,35,873,False,873.0,False,False,False,False,1.3898949879260776,0.019965020622362904,0.027852239703241327
ARARAWYNWAGTWAFDP,H3-23_A,K3-20,True,23,1,1,0.0001349868241121,2.6952143773515746e-06,3.759963904346518e-06,False,False,False,False,True,False,False,False,False,False,False,False,False,1,1,False,0.4588235294117648,False,True,False,8.79022674560547,2039.2133,2,0.0001349868241121,3.759963904346518e-06,44,875,False,875.0,False,False,False,False,1.3898949879260776,0.019965020622362904,0.027852239703241327
ARDAWLRYTLAGFDY,H3-23_A,K3-15,True,23,1,1,0.0001349868241121,2.6952143773515746e-06,3.759963904346518e-06,False,False,False,False,False,False,False,False,False,False,False,False,False,0,0,False,0.2800000000000002,False,False,False,6.004021835327148,1817.9957,2,0.0001349868241121,3.759963904346518e-06,82,876,False,876.0,False,False,False,False,1.3898949879260776,0.019965020622362904,0.027852239703241327
ARDEDLSRFDY,H3-23_A,K3-15,True,23,1,1,0.0001349868241121,2.6952143773515746e-06,3.759963904346518e-06,False,False,False,False,False,False,False,False,False,True,False,False,False,-2,-2,False,3.136363636363636,False,False,False,4.226021194458009,1386.4226999999998,2,0.0001349868241121,3.759963904346518e-06,85,877,False,877.0,False,False,False,False,1.3898949879260776,0.019965020622362904,0.027852239703241327
ARDEGPAGYAFDY,H3-23_A,K4-1,True,23,1,1,0.0001349868241121,2.6952143773515746e-06,3.759963904346518e-06,False,False,False,False,False,False,False,False,False,True,False,False,False,-2,-2,False,2.984615384615385,False,False,False,4.050025558471679,1431.4615,1,0.0001349868241121,3.759963904346518e-06,91,878,False,878.0,False,False,False,False,1.3898949879260776,0.019965020622362904,0.027852239703241327
ARDIDLARPFDY,H3-23_A,K4-1,True,23,1,1,0.0001349868241121,2.6952143773515746e-06,3.759963904346518e-06,False,False,False,False,False,False,False,False,False,True,False,False,False,-1,-1,False,1.366666666666667,False,False,False,4.429057693481445,1451.5821,2,0.0001349868241121,3.759963904346518e-06,106,879,False,879.0,False,False,False,False,1.3898949879260776,0.019965020622362904,0.027852239703241327
ARDLVRYWYSIFDY,H3-23_A,K1-39,True,23,1,1,0.0001349868241121,2.6952143773515746e-06,3.759963904346518e-06,False,False,False,True,False,False,False,False,False,False,False,False,False,0,0,False,-0.6285714285714283,False,False,False,6.003152847290039,1867.0662,2,0.0001349868241121,3.759963904346518e-06,144,880,False,880.0,False,False,False,False,1.3898949879260776,0.019965020622362904,0.027852239703241327
ARDLYPSATGFDY,H3-23_A,K3-20,True,23,1,1,0.0001349868241121,2.6952143773515746e-06,3.759963904346518e-06,False,False,False,False,False,False,False,False,False,False,False,False,False,-1,-1,False,1.9769230769230768,False,False,False,4.207874679565429,1475.5571,1,0.0001349868241121,3.759963904346518e-06,146,881,False,881.0,False,False,False,False,1.3898949879260776,0.019965020622362904,0.027852239703241327
ARDNPYIRAVLGFDY,H3-23_A,K3-20,True,23,1,1,0.0001349868241121,2.6952143773515746e-06,3.759963904346518e-06,False,False,False,False,False,False,False,False,False,False,False,False,False,0,0,False,0.9000000000000001,False,False,False,6.004021835327148,1769.9528,2,0.0001349868241121,3.759963904346518e-06,149,882,False,882.0,False,False,False,False,1.3898949879260776,0.019965020622362904,0.027852239703241327
ARDPDLSTPFDY,H3-23_A,UNK,True,23,1,1,0.0001349868241121,2.6952143773515746e-06,3.759963904346518e-06,False,False,False,False,True,False,False,False,False,True,False,False,False,-2,-2,False,2.6583333333333337,False,False,False,4.050025558471679,1396.4573,1,0.0001349868241121,3.759963904346518e-06,152,883,False,883.0,False,False,False,False,1.3898949879260776,0.019965020622362904,0.027852239703241327
ARDRVTGYAYQFDY,H3-23_A,K3-15,True,23,1,1,0.0001349868241121,2.6952143773515746e-06,3.759963904346518e-06,False,False,False,False,False,False,False,False,False,False,False,False,False,0,0,False,2.2071428571428573,False,False,False,6.003152847290039,1724.8261,2,0.0001349868241121,3.759963904346518e-06,179,885,False,885.0,False,False,False,False,1.3898949879260776,0.019965020622362904,0.027852239703241327
ARDYSYAYGFDY,H3-23_A,K3-15,True,23,1,1,0.0001349868241121,2.6952143773515746e-06,3.759963904346518e-06,False,False,False,False,False,False,False,False,False,False,False,False,False,-1,-1,False,1.9833333333333332,False,False,False,4.207874679565429,1490.5268,1,0.0001349868241121,3.759963904346518e-06,75,887,False,887.0,False,False,False,False,1.3898949879260776,0.019965020622362904,0.027852239703241327
ARDYVHRHYSGFDY,H3-23_A,K3-15,True,23,1,1,0.0001349868241121,2.6952143773515746e-06,3.759963904346518e-06,False,False,False,False,False,False,False,False,False,False,False,False,False,0,2,False,2.021428571428572,False,False,False,6.959704208374023,1785.871,2,0.0001349868241121,3.759963904346518e-06,226,888,False,888.0,False,False,False,False,1.3898949879260776,0.019965020622362904,0.027852239703241327
ARETSWYTLFDY,H3-23_A,K3-20,True,23,1,1,0.0001349868241121,2.6952143773515746e-06,3.759963904346518e-06,False,False,False,False,False,False,False,False,False,False,False,False,False,-1,-1,False,0.7333333333333335,False,False,False,4.370375442504883,1551.6531,1,0.0001349868241121,3.759963904346518e-06,265,890,False,890.0,False,False,False,False,1.3898949879260776,0.019965020622362904,0.027852239703241327
ARFYFTFARYAFDY,H3-23_A,K3-15,True,23,1,1,0.0001349868241121,2.6952143773515746e-06,3.759963904346518e-06,False,False,False,True,False,False,False,False,False,False,False,False,False,1,1,False,-0.8999999999999997,False,False,False,8.539295959472657,1838.0265,2,0.0001349868241121,3.759963904346518e-06,298,893,False,893.0,False,False,False,False,1.3898949879260776,0.019965020622362904,0.027852239703241327
ARGRSWSLYPFDY,H3-23_A,K4-1,True,23,1,1,0.0001349868241121,2.6952143773515746e-06,3.759963904346518e-06,False,False,False,False,False,False,False,False,False,False,False,False,False,1,1,False,0.7000000000000001,False,False,False,8.632579040527343,1617.7608,2,0.0001349868241121,3.759963904346518e-06,372,894,False,894.0,False,False,False,False,1.3898949879260776,0.019965020622362904,0.027852239703241327
ARGTGSYRLDY,H3-23_A,K3-20,True,23,1,1,0.0001349868241121,2.6952143773515746e-06,3.759963904346518e-06,False,False,False,False,False,False,False,False,False,False,False,False,False,1,1,False,2.7818181818181817,False,False,False,8.632579040527343,1258.3398,2,0.0001349868241121,3.759963904346518e-06,401,896,False,896.0,False,False,False,False,1.3898949879260776,0.019965020622362904,0.027852239703241327
ARHGYSFLRSWGNLFDI,H3-23_A,K4-1,True,23,1,1,0.0001349868241121,2.6952143773515746e-06,3.759963904346518e-06,False,False,False,False,False,False,False,False,False,False,False,False,False,1,2,False,-0.1588235294117644,False,False,False,8.796192932128907,2039.2546,2,0.0001349868241121,3.759963904346518e-06,449,898,False,898.0,False,False,False,False,1.3898949879260776,0.019965020622362904,0.027852239703241327
ARHTLYAYRFDY,H3-23_A,K3-20,True,23,1,1,0.0001349868241121,2.6952143773515746e-06,3.759963904346518e-06,False,False,False,False,False,False,False,False,False,False,False,False,False,1,2,False,0.4833333333333335,False,False,False,8.545542907714843,1575.7241,2,0.0001349868241121,3.759963904346518e-06,513,900,False,900.0,False,False,False,False,1.3898949879260776,0.019965020622362904,0.027852239703241327
ARHYSSARYPDYFYY,H4-34,K3-20,True,23,1,1,0.0001349868241121,2.6952143773515746e-06,3.759963904346518e-06,False,False,False,True,False,False,False,False,False,False,False,False,False,1,2,False,1.4066666666666667,False,False,False,8.426921081542972,1959.0788,2,0.0001349868241121,3.759963904346518e-06,537,901,False,901.0,False,False,False,False,1.3898949879260776,0.019965020622362904,0.027852239703241327
ARIWRFVTSFDY,H4-34,K4-1,True,23,1,1,0.0001349868241121,2.6952143773515746e-06,3.759963904346518e-06,False,False,False,False,False,False,False,False,False,False,False,False,False,1,1,False,-0.8166666666666664,False,False,False,8.79022674560547,1560.7524999999998,2,0.0001349868241121,3.759963904346518e-06,569,902,False,902.0,False,False,False,False,1.3898949879260776,0.019965020622362904,0.027852239703241327
ARIYLRYSVYSYGFDP,H3-23_A,K1-39,True,23,1,1,0.0001349868241121,2.6952143773515746e-06,3.759963904346518e-06,False,False,False,False,True,False,False,False,False,False,False,False,False,1,1,False,0.2250000000000001,False,False,False,8.472544860839843,1970.1859,2,0.0001349868241121,3.759963904346518e-06,574,903,False,903.0,False,False,False,False,1.3898949879260776,0.019965020622362904,0.027852239703241327
ARIYPSWYSGYNFGFDP,H3-23_A,K3-15,True,23,1,1,0.0001349868241121,2.6952143773515746e-06,3.759963904346518e-06,False,False,False,False,True,False,False,False,False,False,False,False,False,0,0,False,0.5764705882352943,False,False,False,5.87858085632324,2040.1912,1,0.0001349868241121,3.759963904346518e-06,575,904,False,904.0,False,False,False,False,1.3898949879260776,0.019965020622362904,0.027852239703241327
ARKFQSGRFVHFDY,H3-23_A,K1-39,True,23,1,1,0.0001349868241121,2.6952143773515746e-06,3.759963904346518e-06,False,False,False,False,False,False,False,False,False,False,False,False,False,2,3,False,0.9500000000000002,False,False,False,9.98683319091797,1757.947,2,0.0001349868241121,3.759963904346518e-06,577,905,False,905.0,False,False,False,False,1.3898949879260776,0.019965020622362904,0.027852239703241327
ARKGPYGVYWYFDY,H3-23_A,K1-39,True,23,1,1,0.0001349868241121,2.6952143773515746e-06,3.759963904346518e-06,False,False,False,True,False,False,False,False,False,False,False,False,False,1,1,False,0.3571428571428572,False,False,False,8.420884704589842,1784.9639,1,0.0001349868241121,3.759963904346518e-06,579,906,False,906.0,False,False,False,False,1.3898949879260776,0.019965020622362904,0.027852239703241327
ARKRYWAESTYSFDI,H3-23_A,K3-20,True,23,1,1,0.0001349868241121,2.6952143773515746e-06,3.759963904346518e-06,False,False,False,False,False,False,False,False,False,False,False,False,False,1,1,False,1.5533333333333337,False,False,False,8.53950653076172,1893.0624000000005,2,0.0001349868241121,3.759963904346518e-06,593,907,False,907.0,False,False,False,False,1.3898949879260776,0.019965020622362904,0.027852239703241327
ARKSGAYWVAWRYAFDI,H3-23_A,K4-1,True,23,1,1,0.0001349868241121,2.6952143773515746e-06,3.759963904346518e-06,False,False,False,False,False,False,False,False,False,False,False,False,False,2,2,False,1.0449157878825004e-16,False,False,False,9.69757843017578,2060.3152,2,0.0001349868241121,3.759963904346518e-06,595,908,False,908.0,False,False,False,False,1.3898949879260776,0.019965020622362904,0.027852239703241327
ARKYRAGTPFDY,H3-23_A,UNK,True,23,1,1,0.0001349868241121,2.6952143773515746e-06,3.759963904346518e-06,False,False,False,False,False,False,False,False,False,False,False,False,False,2,2,False,2.3583333333333334,False,False,False,9.69757843017578,1444.5928,2,0.0001349868241121,3.759963904346518e-06,598,909,False,909.0,False,False,False,False,1.3898949879260776,0.019965020622362904,0.027852239703241327
ARLGYSIWTYPHAFDP,H4-34,K3-20,True,23,1,1,0.0001349868241121,2.6952143773515746e-06,3.759963904346518e-06,False,False,False,False,True,False,False,False,False,False,False,False,False,0,1,False,0.1187500000000001,False,False,False,6.787184524536133,1894.0917,1,0.0001349868241121,3.759963904346518e-06,616,911,False,911.0,False,False,False,False,1.3898949879260776,0.019965020622362904,0.027852239703241327
ARLLWVYGTTFDY,H4-34,K1-39,True,23,1,1,0.0001349868241121,2.6952143773515746e-06,3.759963904346518e-06,False,False,False,False,False,False,False,False,False,False,False,False,False,0,0,False,-0.9769230769230768,False,False,False,5.87944984436035,1604.8017,1,0.0001349868241121,3.759963904346518e-06,627,912,False,912.0,False,False,False,False,1.3898949879260776,0.019965020622362904,0.027852239703241327
ARLRGSGSYFGFDY,H3-23_A,K4-1,True,23,1,1,0.0001349868241121,2.6952143773515746e-06,3.759963904346518e-06,False,False,False,False,False,False,False,False,False,False,False,False,False,1,1,False,1.3714285714285717,False,False,False,8.632579040527343,1595.7121,2,0.0001349868241121,3.759963904346518e-06,636,913,False,913.0,False,False,False,False,1.3898949879260776,0.019965020622362904,0.027852239703241327
ARLSPDRVYLHFDY,H3-23_A,K3-15,True,23,1,1,0.0001349868241121,2.6952143773515746e-06,3.759963904346518e-06,False,False,False,False,False,False,False,False,False,False,False,False,False,0,1,False,0.4357142857142859,False,False,False,6.790507125854492,1751.9376,2,0.0001349868241121,3.759963904346518e-06,656,914,False,914.0,False,False,False,False,1.3898949879260776,0.019965020622362904,0.027852239703241327
ARLWKSTSVYRYNWFDP,H3-23_A,K3-20,True,23,1,1,0.0001349868241121,2.6952143773515746e-06,3.759963904346518e-06,False,False,False,False,True,False,False,False,False,False,False,False,False,2,2,False,0.4470588235294119,False,False,False,9.69757843017578,2189.4292,2,0.0001349868241121,3.759963904346518e-06,669,915,False,915.0,False,False,False,False,1.3898949879260776,0.019965020622362904,0.027852239703241327
ARPGYSRYPFDY,H3-23_A,K1-39,True,23,1,1,0.0001349868241121,2.6952143773515746e-06,3.759963904346518e-06,False,False,False,False,False,False,False,False,False,False,False,False,False,1,1,False,1.8333333333333333,False,False,False,8.539295959472657,1491.6044,2,0.0001349868241121,3.759963904346518e-06,684,916,False,916.0,False,False,False,False,1.3898949879260776,0.019965020622362904,0.027852239703241327
ARPPNWRLYPFDY,H3-23_A,K3-20,True,23,1,1,0.0001349868241121,2.6952143773515746e-06,3.759963904346518e-06,False,False,False,False,False,False,False,False,False,False,False,False,False,1,1,False,0.1230769230769232,False,False,False,8.632579040527343,1694.8879,2,0.0001349868241121,3.759963904346518e-06,688,917,False,917.0,False,False,False,False,1.3898949879260776,0.019965020622362904,0.027852239703241327
ARQHAGPRWHPFDY,H5-51,UNK,True,23,1,1,0.0001349868241121,2.6952143773515746e-06,3.759963904346518e-06,False,False,False,False,False,False,False,False,False,False,False,False,False,1,3,False,1.542857142857143,False,False,False,8.801948547363281,1737.8763,2,0.0001349868241121,3.759963904346518e-06,714,918,False,918.0,False,False,False,False,1.3898949879260776,0.019965020622362904,0.027852239703241327
ARSGNQGTHGFDY,H5-51,K3-15,True,23,1,1,0.0001349868241121,2.6952143773515746e-06,3.759963904346518e-06,False,False,False,False,False,False,False,False,False,False,False,False,False,0,1,False,3.776923076923077,False,False,False,6.788309097290039,1409.4195,1,0.0001349868241121,3.759963904346518e-06,736,919,False,919.0,False,False,False,False,1.3898949879260776,0.019965020622362904,0.027852239703241327
ARSVYSYDAFDY,H5-51,K4-1,True,23,1,1,0.0001349868241121,2.6952143773515746e-06,3.759963904346518e-06,False,False,False,False,False,False,False,False,False,False,False,False,False,-1,-1,False,1.9,False,False,False,4.207874679565429,1456.5105999999998,1,0.0001349868241121,3.759963904346518e-06,785,921,False,921.0,False,False,False,False,1.3898949879260776,0.019965020622362904,0.027852239703241327
ARTSRWGFYLSYAFDY,H3-23_A,K3-20,True,23,1,1,0.0001349868241121,2.6952143773515746e-06,3.759963904346518e-06,False,False,False,False,False,False,False,False,False,False,False,False,False,1,1,False,0.2000000000000002,False,False,False,8.539295959472657,2003.1744,2,0.0001349868241121,3.759963904346518e-06,817,924,False,924.0,False,False,False,False,1.3898949879260776,0.019965020622362904,0.027852239703241327
ARVAAIVARYAFDY,H1-69,K1-39,True,23,1,1,0.0001349868241121,2.6952143773515746e-06,3.759963904346518e-06,False,False,False,False,False,False,False,False,False,False,False,False,False,1,1,False,0.0357142857142858,False,False,False,8.632579040527343,1585.8033999999998,2,0.0001349868241121,3.759963904346518e-06,822,925,False,925.0,False,False,False,False,1.3898949879260776,0.019965020622362904,0.027852239703241327
ARVLYRKYHFDY,H4-34,K1-39,True,23,1,1,0.0001349868241121,2.6952143773515746e-06,3.759963904346518e-06,False,False,False,True,False,False,False,False,False,False,False,False,False,2,3,False,0.0416666666666668,False,False,False,9.52582244873047,1630.8456,2,0.0001349868241121,3.759963904346518e-06,848,926,False,926.0,False,False,False,False,1.3898949879260776,0.019965020622362904,0.027852239703241327
ARVRGLYAGPYGFDY,H3-23_A,K4-1,True,23,1,1,0.0001349868241121,2.6952143773515746e-06,3.759963904346518e-06,False,False,False,False,False,False,False,False,False,False,False,False,False,1,1,False,0.9333333333333336,False,False,False,8.539295959472657,1704.881,2,0.0001349868241121,3.759963904346518e-06,860,928,False,928.0,False,False,False,False,1.3898949879260776,0.019965020622362904,0.027852239703241327
ARVRKLGYIGQFDY,H3-23_A,K4-1,True,23,1,1,0.0001349868241121,2.6952143773515746e-06,3.759963904346518e-06,False,False,False,False,False,False,False,False,False,False,False,False,False,2,2,False,0.6928571428571431,False,False,False,9.69757843017578,1685.9225,2,0.0001349868241121,3.759963904346518e-06,864,929,False,929.0,False,False,False,False,1.3898949879260776,0.019965020622362904,0.027852239703241327
ARVRSVWTVYLYGFDY,H4-34,K1-39,True,23,1,1,0.0001349868241121,2.6952143773515746e-06,3.759963904346518e-06,False,False,False,False,False,False,False,False,False,False,False,False,False,1,1,False,-0.4562499999999999,False,False,False,8.539295959472657,1995.2384,2,0.0001349868241121,3.759963904346518e-06,873,930,False,930.0,False,False,False,False,1.3898949879260776,0.019965020622362904,0.027852239703241327
ARWGRHSGAYNNYFDI,H3-23_A,K3-20,True,23,1,1,0.0001349868241121,2.6952143773515746e-06,3.759963904346518e-06,False,False,True,False,False,False,False,False,False,False,False,False,False,1,2,False,1.6,False,False,False,8.638685607910158,1927.042,2,0.0001349868241121,3.759963904346518e-06,916,931,False,931.0,False,False,False,False,1.3898949879260776,0.019965020622362904,0.027852239703241327
ARYIGRSGTVTAFDI,H3-23_A,K1-39,True,23,1,1,0.0001349868241121,2.6952143773515746e-06,3.759963904346518e-06,False,False,False,False,False,False,False,False,False,False,False,False,False,1,1,False,1.34,False,False,False,8.79022674560547,1626.8108000000002,2,0.0001349868241121,3.759963904346518e-06,969,933,False,933.0,False,False,False,False,1.3898949879260776,0.019965020622362904,0.027852239703241327
ARYSGSWPLDY,H3-23_A,K3-20,True,23,1,1,0.0001349868241121,2.6952143773515746e-06,3.759963904346518e-06,False,False,False,False,False,False,False,False,False,False,False,False,False,0,0,False,1.281818181818182,False,False,False,5.87944984436035,1314.4013,1,0.0001349868241121,3.759963904346518e-06,985,934,False,934.0,False,False,False,False,1.3898949879260776,0.019965020622362904,0.027852239703241327
ARAAQLYKGRGFDY,H3-23_A,K3-20,True,22,1,1,0.0001291178317594,2.6952143773515746e-06,3.759963904346518e-06,False,False,False,False,False,False,False,False,False,False,False,False,False,2,2,False,1.8285714285714287,False,False,False,9.69757843017578,1615.7896999999998,2,0.0001291178317594,3.759963904346518e-06,2,935,False,935.0,False,False,False,False,1.3898949879260776,0.020872451280475973,0.029118152555619038
ARALEAESSEAFDY,H1-69,K3-15,True,22,1,1,0.0001291178317594,2.6952143773515746e-06,3.759963904346518e-06,False,False,False,False,False,False,False,False,False,True,False,False,False,-3,-3,False,2.7642857142857147,False,False,False,4.050025558471679,1558.6011999999998,1,0.0001291178317594,3.759963904346518e-06,25,936,False,936.0,False,False,False,False,1.3898949879260776,0.020872451280475973,0.029118152555619038
ARARLSYWYGFDY,H3-23_A,K4-1,True,22,1,1,0.0001291178317594,2.6952143773515746e-06,3.759963904346518e-06,False,False,False,True,False,False,False,False,False,False,False,False,False,1,1,False,0.053846153846154,False,False,False,8.539295959472657,1667.8194,2,0.0001291178317594,3.759963904346518e-06,51,937,False,937.0,False,False,False,False,1.3898949879260776,0.020872451280475973,0.029118152555619038
ARDIPRYAYVTFDY,H3-23_A,K3-20,True,22,1,1,0.0001291178317594,2.6952143773515746e-06,3.759963904346518e-06,False,False,False,False,False,False,False,False,False,False,False,False,False,0,0,False,0.95,False,False,False,6.003152847290039,1749.9183999999998,2,0.0001291178317594,3.759963904346518e-06,117,939,False,939.0,False,False,False,False,1.3898949879260776,0.020872451280475973,0.029118152555619038
ARDVDLEYGFDY,H3-23_A,K4-1,True,22,1,1,0.0001291178317594,2.6952143773515746e-06,3.759963904346518e-06,False,False,False,False,False,False,False,False,False,True,False,False,False,-3,-3,False,1.991666666666667,False,False,False,4.050025558471679,1462.5152,1,0.0001291178317594,3.759963904346518e-06,193,941,False,941.0,False,False,False,False,1.3898949879260776,0.020872451280475973,0.029118152555619038
ARDVDLSDFDY,H3-23_A,K4-1,True,22,1,1,0.0001291178317594,2.6952143773515746e-06,3.759963904346518e-06,False,False,False,False,False,False,False,False,False,True,False,False,False,-3,-3,False,2.618181818181818,False,False,False,4.050025558471679,1315.3414,1,0.0001291178317594,3.759963904346518e-06,192,942,False,942.0,False,False,False,False,1.3898949879260776,0.020872451280475973,0.029118152555619038
ARDWERNIHGWGFDY,H4-34,K1-39,True,22,1,1,0.0001291178317594,2.6952143773515746e-06,3.759963904346518e-06,False,False,False,False,False,False,False,False,False,True,False,False,False,-1,0,False,1.3133333333333337,False,False,False,5.382593154907226,1922.0223,2,0.0001291178317594,3.759963904346518e-06,209,943,False,943.0,False,False,False,False,1.3898949879260776,0.020872451280475973,0.029118152555619038
ARDYGYTSIWYGLFDY,H3-23_A,K1-39,True,22,1,1,0.0001291178317594,2.6952143773515746e-06,3.759963904346518e-06,False,False,False,False,False,False,False,False,False,False,False,False,False,-1,-1,False,0.3375000000000001,False,False,False,4.207874679565429,1990.1292,1,0.0001291178317594,3.759963904346518e-06,219,944,False,944.0,False,False,False,False,1.3898949879260776,0.020872451280475973,0.029118152555619038
AREIQKYRYNAWYFDP,H3-23_A,K3-20,True,22,1,1,0.0001291178317594,2.6952143773515746e-06,3.759963904346518e-06,False,False,False,True,True,False,False,False,False,False,False,False,False,1,1,False,1.14375,False,False,False,8.472755432128906,2120.3241000000003,2,0.0001291178317594,3.759963904346518e-06,235,946,False,946.0,False,False,False,False,1.3898949879260776,0.020872451280475973,0.029118152555619038
AREITSGYWVYFDY,H3-23_A,K3-15,True,22,1,1,0.0001291178317594,2.6952143773515746e-06,3.759963904346518e-06,False,False,False,False,False,False,False,False,False,False,False,False,False,-1,-1,False,0.3500000000000001,False,False,False,4.370375442504883,1769.9046999999998,1,0.0001291178317594,3.759963904346518e-06,236,947,False,947.0,False,False,False,False,1.3898949879260776,0.020872451280475973,0.029118152555619038
ARFGRSSWYSSYGFDY,H3-23_A,K1-39,True,22,1,1,0.0001291178317594,2.6952143773515746e-06,3.759963904346518e-06,False,False,False,False,False,False,False,False,False,False,False,False,False,1,1,False,1.4875000000000005,False,False,False,8.539295959472657,1949.0409,2,0.0001291178317594,3.759963904346518e-06,278,949,False,949.0,False,False,False,False,1.3898949879260776,0.020872451280475973,0.029118152555619038
ARFSYTLASYGFDY,H3-23_A,K3-15,True,22,1,1,0.0001291178317594,2.6952143773515746e-06,3.759963904346518e-06,False,False,False,False,False,False,False,False,False,False,False,False,False,0,0,False,0.6428571428571431,False,False,False,5.87858085632324,1660.7787999999998,1,0.0001291178317594,3.759963904346518e-06,295,950,False,950.0,False,False,False,False,1.3898949879260776,0.020872451280475973,0.029118152555619038
ARGHYHGWRFDY,H3-23_A,K3-15,True,22,1,1,0.0001291178317594,2.6952143773515746e-06,3.759963904346518e-06,False,False,False,True,False,False,False,False,False,False,False,False,False,1,3,False,1.0916666666666668,False,False,False,8.644651794433596,1564.6633,2,0.0001291178317594,3.759963904346518e-06,313,951,False,951.0,False,False,False,False,1.3898949879260776,0.020872451280475973,0.029118152555619038
ARGRYSSWYALVFDY,H3-23_A,K1-39,True,22,1,1,0.0001291178317594,2.6952143773515746e-06,3.759963904346518e-06,False,False,False,False,False,False,False,False,False,False,False,False,False,1,1,False,0.2333333333333334,False,False,False,8.539295959472657,1854.0277,2,0.0001291178317594,3.759963904346518e-06,389,955,False,955.0,False,False,False,False,1.3898949879260776,0.020872451280475973,0.029118152555619038
ARGRYTWSQFDY,H5-51,K3-20,True,22,1,1,0.0001291178317594,2.6952143773515746e-06,3.759963904346518e-06,False,False,False,False,False,False,False,False,False,False,False,False,False,1,1,False,1.741666666666667,False,False,False,8.632579040527343,1549.6438,2,0.0001291178317594,3.759963904346518e-06,390,956,False,956.0,False,False,False,False,1.3898949879260776,0.020872451280475973,0.029118152555619038
ARGYWDYGLWYAFDY,H3-23_A,K4-1,True,22,1,1,0.0001291178317594,2.6952143773515746e-06,3.759963904346518e-06,False,False,False,False,False,False,False,False,False,False,False,False,False,-1,-1,False,-0.4133333333333331,False,False,False,4.207874679565429,1946.0782,1,0.0001291178317594,3.759963904346518e-06,429,957,False,957.0,False,False,False,False,1.3898949879260776,0.020872451280475973,0.029118152555619038
ARHGFLRGYPGFDY,H3-23_A,K3-15,True,22,1,1,0.0001291178317594,2.6952143773515746e-06,3.759963904346518e-06,False,False,False,False,False,False,False,False,False,False,False,False,False,1,2,False,0.7428571428571431,False,False,False,8.638685607910158,1655.812,2,0.0001291178317594,3.759963904346518e-06,434,958,False,958.0,False,False,False,False,1.3898949879260776,0.020872451280475973,0.029118152555619038
ARHGRWSYIWGFDY,H3-23_A,K3-15,True,22,1,1,0.0001291178317594,2.6952143773515746e-06,3.759963904346518e-06,False,False,False,False,False,False,False,False,False,False,False,False,False,1,2,False,-0.0357142857142855,False,False,False,8.638685607910158,1813.9688,2,0.0001291178317594,3.759963904346518e-06,443,959,False,959.0,False,False,False,False,1.3898949879260776,0.020872451280475973,0.029118152555619038
ARHHPPRSYQFDY,H3-23_A,K3-20,True,22,1,1,0.0001291178317594,2.6952143773515746e-06,3.759963904346518e-06,False,False,False,False,False,False,False,False,False,False,False,False,False,1,3,False,2.184615384615385,False,False,False,8.644651794433596,1673.7877,2,0.0001291178317594,3.759963904346518e-06,452,960,False,960.0,False,False,False,False,1.3898949879260776,0.020872451280475973,0.029118152555619038
ARHPTYGSYSHGYGFDY,H3-23_A,K4-1,True,22,1,1,0.0001291178317594,2.6952143773515746e-06,3.759963904346518e-06,False,False,False,False,False,False,False,False,False,False,False,False,False,0,2,False,2.4176470588235297,False,False,False,6.956892776489258,1978.0391,1,0.0001291178317594,3.759963904346518e-06,475,962,False,962.0,False,False,False,False,1.3898949879260776,0.020872451280475973,0.029118152555619038
ARHQWSRLHFDY,H4-34,K3-20,True,22,1,1,0.0001291178317594,2.6952143773515746e-06,3.759963904346518e-06,False,False,False,False,False,False,False,False,False,False,False,False,False,1,3,False,0.5750000000000002,False,False,False,8.801948547363281,1615.7515999999998,2,0.0001291178317594,3.759963904346518e-06,478,963,False,963.0,False,False,False,False,1.3898949879260776,0.020872451280475973,0.029118152555619038
ARHRHHYGIWDFDY,H3-23_A,K3-20,True,22,1,1,0.0001291178317594,2.6952143773515746e-06,3.759963904346518e-06,False,False,False,True,False,False,False,False,False,True,False,False,False,0,3,False,0.8214285714285715,False,False,False,7.062704849243164,1872.9963,2,0.0001291178317594,3.759963904346518e-06,481,964,False,964.0,False,False,False,False,1.3898949879260776,0.020872451280475973,0.029118152555619038
ARHRSVAGYAYGFDY,H3-23_A,K1-39,True,22,1,1,0.0001291178317594,2.6952143773515746e-06,3.759963904346518e-06,False,False,False,False,False,False,False,False,False,False,False,False,False,1,2,False,1.74,False,False,False,8.545542907714843,1732.8514,2,0.0001291178317594,3.759963904346518e-06,488,965,False,965.0,False,False,False,False,1.3898949879260776,0.020872451280475973,0.029118152555619038
ARHRVYQWTWPFDY,H3-23_A,K1-39,True,22,1,1,0.0001291178317594,2.6952143773515746e-06,3.759963904346518e-06,False,False,False,False,False,False,False,False,False,False,False,False,False,1,2,False,-0.057142857142857,False,False,False,8.638685607910158,1925.1106,2,0.0001291178317594,3.759963904346518e-06,492,966,False,966.0,False,False,False,False,1.3898949879260776,0.020872451280475973,0.029118152555619038
ARHTYRGTSFDY,H3-23_A,K3-20,True,22,1,1,0.0001291178317594,2.6952143773515746e-06,3.759963904346518e-06,False,False,False,False,False,False,False,False,False,False,False,False,False,1,2,False,2.6833333333333336,False,False,False,8.638685607910158,1473.5479,2,0.0001291178317594,3.759963904346518e-06,517,968,False,968.0,False,False,False,False,1.3898949879260776,0.020872451280475973,0.029118152555619038
ARLGYGWSRHGFDY,H3-23_A,K4-1,True,22,1,1,0.0001291178317594,2.6952143773515746e-06,3.759963904346518e-06,False,False,False,False,False,False,False,False,False,False,False,False,False,1,2,False,1.0000000000000002,False,False,False,8.638685607910158,1684.8102,2,0.0001291178317594,3.759963904346518e-06,615,971,False,971.0,False,False,False,False,1.3898949879260776,0.020872451280475973,0.029118152555619038
ARLSERYGPSYGFDI,H3-23_A,K4-1,True,22,1,1,0.0001291178317594,2.6952143773515746e-06,3.759963904346518e-06,False,False,False,False,False,False,False,False,False,False,False,False,False,0,0,False,1.64,False,False,False,6.113258743286132,1730.8737999999998,2,0.0001291178317594,3.759963904346518e-06,653,973,False,973.0,False,False,False,False,1.3898949879260776,0.020872451280475973,0.029118152555619038
ARLWSWYSSSHFDY,H3-23_A,K3-20,True,22,1,1,0.0001291178317594,2.6952143773515746e-06,3.759963904346518e-06,False,False,False,False,False,False,False,False,False,False,False,False,False,0,1,False,0.1571428571428572,False,False,False,6.787184524536133,1804.9124,1,0.0001291178317594,3.759963904346518e-06,672,974,False,974.0,False,False,False,False,1.3898949879260776,0.020872451280475973,0.029118152555619038
ARNRYGYASFDY,H3-23_A,K3-20,True,22,1,1,0.0001291178317594,2.6952143773515746e-06,3.759963904346518e-06,False,False,False,False,False,False,False,False,False,False,False,False,False,1,1,False,2.2416666666666667,False,False,False,8.539295959472657,1482.5545,2,0.0001291178317594,3.759963904346518e-06,680,975,False,975.0,False,False,False,False,1.3898949879260776,0.020872451280475973,0.029118152555619038
ARPQSSSLDAFDY,H5-51,K3-20,True,22,1,1,0.0001291178317594,2.6952143773515746e-06,3.759963904346518e-06,False,False,False,False,False,False,False,False,False,False,False,False,False,-1,-1,False,2.746153846153846,False,False,False,4.207874679565429,1456.5124999999998,1,0.0001291178317594,3.759963904346518e-06,691,976,False,976.0,False,False,False,False,1.3898949879260776,0.020872451280475973,0.029118152555619038
ARPRYSSSWYGWLFDY,H3-23_A,K3-15,True,22,1,1,0.0001291178317594,2.6952143773515746e-06,3.759963904346518e-06,False,False,False,False,False,False,False,False,False,False,False,False,False,1,1,False,0.2312500000000001,False,False,False,8.539295959472657,2054.2212,2,0.0001291178317594,3.759963904346518e-06,695,978,False,978.0,False,False,False,False,1.3898949879260776,0.020872451280475973,0.029118152555619038
ARPTIWYYGAVFDY,H4-34,K1-39,True,22,1,1,0.0001291178317594,2.6952143773515746e-06,3.759963904346518e-06,False,False,False,True,False,False,False,False,False,False,False,False,False,0,0,False,-0.3714285714285713,False,False,False,5.87858085632324,1721.9064999999998,1,0.0001291178317594,3.759963904346518e-06,699,979,False,979.0,False,False,False,False,1.3898949879260776,0.020872451280475973,0.029118152555619038
ARQDYLYWYLQNAFDY,H3-23_A,K1-39,True,22,1,1,0.0001291178317594,2.6952143773515746e-06,3.759963904346518e-06,False,False,False,True,False,False,False,False,False,False,False,False,False,-1,-1,False,0.1375000000000001,False,False,False,4.207874679565429,2129.2843000000003,1,0.0001291178317594,3.759963904346518e-06,707,980,False,980.0,False,False,False,False,1.3898949879260776,0.020872451280475973,0.029118152555619038
ARSPITSWGYVLGFDY,H3-23_A,K3-20,True,22,1,1,0.0001291178317594,2.6952143773515746e-06,3.759963904346518e-06,False,False,False,False,False,False,False,False,False,False,False,False,False,0,0,False,0.2562500000000001,False,False,False,5.87944984436035,1832.0189,1,0.0001291178317594,3.759963904346518e-06,752,983,False,983.0,False,False,False,False,1.3898949879260776,0.020872451280475973,0.029118152555619038
ARTSKYLSIRQLDWFDP,H4-34,K3-15,True,22,1,1,0.0001291178317594,2.6952143773515746e-06,3.759963904346518e-06,False,False,False,False,True,False,False,False,False,False,False,False,False,1,1,False,0.8823529411764708,False,False,False,8.632649230957028,2096.3443,2,0.0001291178317594,3.759963904346518e-06,815,986,False,986.0,False,False,False,False,1.3898949879260776,0.020872451280475973,0.029118152555619038
ARVHNAWALDY,H3-23_A,K3-20,True,22,1,1,0.0001291178317594,2.6952143773515746e-06,3.759963904346518e-06,False,False,False,False,False,False,False,False,False,False,False,False,False,0,1,False,0.4363636363636364,False,False,False,6.788309097290039,1315.4357,1,0.0001291178317594,3.759963904346518e-06,833,988,False,988.0,False,False,False,False,1.3898949879260776,0.020872451280475973,0.029118152555619038
ARVIWSKYGHFDY,H3-23_A,K3-15,True,22,1,1,0.0001291178317594,2.6952143773515746e-06,3.759963904346518e-06,False,False,False,False,False,False,False,False,False,False,False,False,False,1,2,False,0.1230769230769231,False,False,False,8.546315002441407,1641.8252,1,0.0001291178317594,3.759963904346518e-06,840,990,False,990.0,False,False,False,False,1.3898949879260776,0.020872451280475973,0.029118152555619038
ARVLWGTYSGFDY,H3-23_A,K3-20,True,22,1,1,0.0001291178317594,2.6952143773515746e-06,3.759963904346518e-06,False,False,False,False,False,False,False,False,False,False,False,False,False,0,0,False,0.2692307692307694,False,False,False,5.87944984436035,1534.6688,1,0.0001291178317594,3.759963904346518e-06,846,991,False,991.0,False,False,False,False,1.3898949879260776,0.020872451280475973,0.029118152555619038
ARVPRYTLANFDY,H3-23_A,K4-1,True,22,1,1,0.0001291178317594,2.6952143773515746e-06,3.759963904346518e-06,False,False,False,False,False,False,False,False,False,False,False,False,False,1,1,False,0.8461538461538463,False,False,False,8.632579040527343,1585.7604,2,0.0001291178317594,3.759963904346518e-06,854,993,False,993.0,False,False,False,False,1.3898949879260776,0.020872451280475973,0.029118152555619038
ARVRGLYWYSFDY,H3-23_A,K3-20,True,22,1,1,0.0001291178317594,2.6952143773515746e-06,3.759963904346518e-06,False,False,False,True,False,False,False,False,False,False,False,False,False,1,1,False,-0.3923076923076921,False,False,False,8.539295959472657,1695.8725,2,0.0001291178317594,3.759963904346518e-06,861,994,False,994.0,False,False,False,False,1.3898949879260776,0.020872451280475973,0.029118152555619038
ARVSGRLYAGFDY,H3-23_A,K3-20,True,22,1,1,0.0001291178317594,2.6952143773515746e-06,3.759963904346518e-06,False,False,False,False,False,False,False,False,False,False,False,False,False,1,1,False,1.123076923076923,False,False,False,8.632579040527343,1474.6186,2,0.0001291178317594,3.759963904346518e-06,891,998,False,998.0,False,False,False,False,1.3898949879260776,0.020872451280475973,0.029118152555619038
ARVSWSRSAWSFDY,H3-23_A,K3-15,True,22,1,1,0.0001291178317594,2.6952143773515746e-06,3.759963904346518e-06,False,False,False,False,False,False,False,False,False,False,False,False,False,1,1,False,0.9857142857142858,False,False,False,8.79022674560547,1717.8369,2,0.0001291178317594,3.759963904346518e-06,897,999,False,999.0,False,False,False,False,1.3898949879260776,0.020872451280475973,0.029118152555619038
ARWHGLYSWSGYFDI,H3-23_A,K3-20,True,22,1,1,0.0001291178317594,2.6952143773515746e-06,3.759963904346518e-06,False,False,False,False,False,False,False,False,False,False,False,False,False,0,1,False,-0.4933333333333332,False,False,False,6.787184524536133,1858.018,1,0.0001291178317594,3.759963904346518e-06,919,1000,False,1000.0,False,False,False,False,1.3898949879260776,0.020872451280475973,0.029118152555619038
ARWYVSGYSGTYAFDP,H3-23_A,K3-20,True,22,1,1,0.0001291178317594,2.6952143773515746e-06,3.759963904346518e-06,False,False,False,False,True,False,False,False,False,False,False,False,False,0,0,False,1.34375,False,False,False,5.87858085632324,1839.9548,1,0.0001291178317594,3.759963904346518e-06,949,1001,False,1001.0,False,False,False,False,1.3898949879260776,0.020872451280475973,0.029118152555619038
ARYRPSYSSGFDY,H3-23_A,K1-39,True,22,1,1,0.0001291178317594,2.6952143773515746e-06,3.759963904346518e-06,False,False,False,False,False,False,False,False,False,False,False,False,False,1,1,False,2.5307692307692307,False,False,False,8.539295959472657,1568.6437999999998,2,0.0001291178317594,3.759963904346518e-06,982,1002,False,1002.0,False,False,False,False,1.3898949879260776,0.020872451280475973,0.029118152555619038
ARYSSPRVYWNYFDP,H3-23_A,K3-20,True,22,1,1,0.0001291178317594,2.6952143773515746e-06,3.759963904346518e-06,False,False,False,False,True,False,False,False,False,False,False,False,False,1,1,False,1.0733333333333337,False,False,False,8.539295959472657,1921.0739,2,0.0001291178317594,3.759963904346518e-06,987,1003,False,1003.0,False,False,False,False,1.3898949879260776,0.020872451280475973,0.029118152555619038
ARALPRYPGHYLFDY,H3-23_A,K3-20,True,21,1,1,0.0001232488394067,2.6952143773515746e-06,3.759963904346518e-06,False,False,False,False,False,False,False,False,False,False,False,False,False,1,2,False,0.0866666666666668,False,False,False,8.545542907714843,1839.0595,2,0.0001232488394067,3.759963904346518e-06,26,1005,False,1005.0,False,False,False,False,1.3898949879260776,0.0218662968946069,0.03050461875549785
ARDEGPTGYPFDY,H3-23_A,K1-39,True,21,1,1,0.0001232488394067,2.6952143773515746e-06,3.759963904346518e-06,False,False,False,False,False,False,False,False,False,True,False,False,False,-2,-2,False,3.223076923076923,False,False,False,4.050025558471679,1487.5248,1,0.0001232488394067,3.759963904346518e-06,94,1007,False,1007.0,False,False,False,False,1.3898949879260776,0.0218662968946069,0.03050461875549785
ARDNGYLFRVYGFDI,H3-23_A,K3-15,True,21,1,1,0.0001232488394067,2.6952143773515746e-06,3.759963904346518e-06,False,False,True,False,False,False,False,False,False,False,False,False,False,0,0,False,0.3866666666666668,False,False,False,6.004021835327148,1805.9848,2,0.0001232488394067,3.759963904346518e-06,148,1008,False,1008.0,False,False,False,False,1.3898949879260776,0.0218662968946069,0.03050461875549785
ARDRGPTGYPFDY,H3-23_A,K3-15,True,21,1,1,0.0001232488394067,2.6952143773515746e-06,3.759963904346518e-06,False,False,False,False,False,False,False,False,False,False,False,False,False,0,0,False,2.9461538461538463,False,False,False,6.004021835327148,1514.5965,2,0.0001232488394067,3.759963904346518e-06,162,1009,False,1009.0,False,False,False,False,1.3898949879260776,0.0218662968946069,0.03050461875549785
ARDVAWLLYTHFDY,H3-23_A,K3-20,True,21,1,1,0.0001232488394067,2.6952143773515746e-06,3.759963904346518e-06,False,False,False,False,False,False,False,False,False,False,False,False,False,-1,0,False,-0.6714285714285712,False,False,False,5.212373733520507,1769.9511,1,0.0001232488394067,3.759963904346518e-06,190,1011,False,1011.0,False,False,False,False,1.3898949879260776,0.0218662968946069,0.03050461875549785
ARDVYLSWYRGSGFDY,H3-23_A,K4-1,True,21,1,1,0.0001232488394067,2.6952143773515746e-06,3.759963904346518e-06,False,False,False,False,False,False,False,False,False,False,False,False,False,0,0,False,1.06875,False,False,False,6.003152847290039,1955.0885000000003,2,0.0001232488394067,3.759963904346518e-06,207,1013,False,1013.0,False,False,False,False,1.3898949879260776,0.0218662968946069,0.03050461875549785
ARDWGPAGWAFDY,H3-23_A,K4-1,True,21,1,1,0.0001232488394067,2.6952143773515746e-06,3.759963904346518e-06,False,False,False,False,False,False,False,False,False,False,False,False,False,-1,-1,False,0.9923076923076924,False,False,False,4.207874679565429,1511.5940999999998,1,0.0001232488394067,3.759963904346518e-06,210,1014,False,1014.0,False,False,False,False,1.3898949879260776,0.0218662968946069,0.03050461875549785
ARDWSTYTTIYGFDY,H3-23_A,K4-1,True,21,1,1,0.0001232488394067,2.6952143773515746e-06,3.759963904346518e-06,False,False,False,False,False,False,False,False,False,False,False,False,False,-1,-1,False,1.4133333333333336,False,False,False,4.207874679565429,1858.9549,1,0.0001232488394067,3.759963904346518e-06,213,1015,False,1015.0,False,False,False,False,1.3898949879260776,0.0218662968946069,0.03050461875549785
ARDYGPSGNPFDY,H3-23_A,K3-15,True,21,1,1,0.0001232488394067,2.6952143773515746e-06,3.759963904346518e-06,False,False,False,False,False,False,False,False,False,False,False,False,False,-1,-1,False,3.261538461538461,False,False,False,4.207874679565429,1458.4868,1,0.0001232488394067,3.759963904346518e-06,217,1016,False,1016.0,False,False,False,False,1.3898949879260776,0.0218662968946069,0.03050461875549785
ARERTYFGWYSSWFDP,H3-23_A,K1-39,True,21,1,1,0.0001232488394067,2.6952143773515746e-06,3.759963904346518e-06,False,False,False,False,True,False,False,False,False,False,False,False,False,0,0,False,0.7562500000000001,False,False,False,6.113258743286132,2068.2048,2,0.0001232488394067,3.759963904346518e-06,257,1018,False,1018.0,False,False,False,False,1.3898949879260776,0.0218662968946069,0.03050461875549785
ARFDWYGRGYGFDY,H3-23_A,K1-39,True,21,1,1,0.0001232488394067,2.6952143773515746e-06,3.759963904346518e-06,False,False,False,False,False,False,False,False,False,False,False,False,False,0,0,False,0.9642857142857144,False,False,False,6.003152847290039,1772.8703999999998,2,0.0001232488394067,3.759963904346518e-06,275,1020,False,1020.0,False,False,False,False,1.3898949879260776,0.0218662968946069,0.03050461875549785
ARFTRLFAWAAGFDY,H3-23_A,K3-15,True,21,1,1,0.0001232488394067,2.6952143773515746e-06,3.759963904346518e-06,False,False,False,False,False,False,False,False,False,False,False,False,False,1,1,False,-0.7333333333333331,False,False,False,8.79022674560547,1792.0030000000002,2,0.0001232488394067,3.759963904346518e-06,296,1024,False,1024.0,False,False,False,False,1.3898949879260776,0.0218662968946069,0.03050461875549785
ARGAKGIGTSVAFDP,H5-51,K3-15,True,21,1,1,0.0001232488394067,2.6952143773515746e-06,3.759963904346518e-06,False,False,False,False,True,False,False,False,False,False,False,False,False,1,1,False,2.4133333333333336,False,False,False,8.792683410644528,1446.6071000000002,1,0.0001232488394067,3.759963904346518e-06,302,1025,False,1025.0,False,False,False,False,1.3898949879260776,0.0218662968946069,0.03050461875549785
ARGKWYSSSYGFDY,H3-23_A,K3-15,True,21,1,1,0.0001232488394067,2.6952143773515746e-06,3.759963904346518e-06,False,False,False,False,False,False,False,False,False,False,False,False,False,1,1,False,2.0,False,False,False,8.47317657470703,1686.7764,1,0.0001232488394067,3.759963904346518e-06,321,1028,False,1028.0,False,False,False,False,1.3898949879260776,0.0218662968946069,0.03050461875549785
ARGPRTSILGWAFDY,H3-23_A,K3-20,True,21,1,1,0.0001232488394067,2.6952143773515746e-06,3.759963904346518e-06,False,False,False,False,False,False,False,False,False,False,False,False,False,1,1,False,0.6333333333333335,False,False,False,8.79022674560547,1709.9009999999998,2,0.0001232488394067,3.759963904346518e-06,346,1030,False,1030.0,False,False,False,False,1.3898949879260776,0.0218662968946069,0.03050461875549785
ARGQARVKYWYGFDP,H3-23_A,K1-39,True,21,1,1,0.0001232488394067,2.6952143773515746e-06,3.759963904346518e-06,False,False,False,True,True,False,False,False,False,False,False,False,False,2,2,False,1.4066666666666667,False,False,False,9.69757843017578,1814.0103,2,0.0001232488394067,3.759963904346518e-06,351,1031,False,1031.0,False,False,False,False,1.3898949879260776,0.0218662968946069,0.03050461875549785
ARGRTWVYAYHFDY,H3-23_A,K1-39,True,21,1,1,0.0001232488394067,2.6952143773515746e-06,3.759963904346518e-06,False,False,False,True,False,False,False,False,False,False,False,False,False,1,2,False,0.5000000000000001,False,False,False,8.545542907714843,1804.9587,2,0.0001232488394067,3.759963904346518e-06,375,1033,False,1033.0,False,False,False,False,1.3898949879260776,0.0218662968946069,0.03050461875549785
ARGRYAFSYGFDY,H3-23_A,K3-20,True,21,1,1,0.0001232488394067,2.6952143773515746e-06,3.759963904346518e-06,False,False,False,False,False,False,False,False,False,False,False,False,False,1,1,False,1.2615384615384615,False,False,False,8.539295959472657,1572.677,2,0.0001232488394067,3.759963904346518e-06,356,1034,False,1034.0,False,False,False,False,1.3898949879260776,0.0218662968946069,0.03050461875549785
ARGSGLWYARFDY,H3-23_A,K3-20,True,21,1,1,0.0001232488394067,2.6952143773515746e-06,3.759963904346518e-06,False,False,False,False,False,False,False,False,False,False,False,False,False,1,1,False,0.6384615384615386,False,False,False,8.632579040527343,1561.6975,2,0.0001232488394067,3.759963904346518e-06,391,1036,False,1036.0,False,False,False,False,1.3898949879260776,0.0218662968946069,0.03050461875549785
ARGSYSYAPWVRFDY,H3-23_A,K4-1,True,21,1,1,0.0001232488394067,2.6952143773515746e-06,3.759963904346518e-06,False,False,False,False,False,False,False,False,False,False,False,False,False,1,1,False,0.9866666666666668,False,False,False,8.539295959472657,1837.9853000000005,2,0.0001232488394067,3.759963904346518e-06,398,1037,False,1037.0,False,False,False,False,1.3898949879260776,0.0218662968946069,0.03050461875549785
ARHKYRTTAGFDY,H3-23_A,K3-20,True,21,1,1,0.0001232488394067,2.6952143773515746e-06,3.759963904346518e-06,False,False,False,False,False,False,False,False,False,False,False,False,False,2,3,False,2.576923076923077,False,False,False,9.69764862060547,1585.7207999999998,2,0.0001232488394067,3.759963904346518e-06,459,1039,False,1039.0,False,False,False,False,1.3898949879260776,0.0218662968946069,0.03050461875549785
ARHLPYDWRYFDY,H3-23_A,K4-1,True,21,1,1,0.0001232488394067,2.6952143773515746e-06,3.759963904346518e-06,False,False,False,False,False,False,False,False,False,False,False,False,False,0,1,False,0.0461538461538463,False,False,False,6.789382553100586,1801.9548,2,0.0001232488394067,3.759963904346518e-06,462,1040,False,1040.0,False,False,False,False,1.3898949879260776,0.0218662968946069,0.03050461875549785
ARHPRSWYLYSGFDY,H3-23_A,K3-15,True,21,1,1,0.0001232488394067,2.6952143773515746e-06,3.759963904346518e-06,False,False,False,False,False,False,False,False,False,False,False,False,False,1,2,False,0.6200000000000002,False,False,False,8.545542907714843,1918.0733,2,0.0001232488394067,3.759963904346518e-06,474,1041,False,1041.0,False,False,False,False,1.3898949879260776,0.0218662968946069,0.03050461875549785
ARHRIAGISKGFDY,H3-23_A,K4-1,True,21,1,1,0.0001232488394067,2.6952143773515746e-06,3.759963904346518e-06,False,False,False,False,False,False,False,False,False,False,False,False,False,2,3,False,1.5142857142857145,False,False,False,9.98683319091797,1590.7836,2,0.0001232488394067,3.759963904346518e-06,482,1042,False,1042.0,False,False,False,False,1.3898949879260776,0.0218662968946069,0.03050461875549785
ARHSSYWLIYGFDY,H3-23_A,K3-15,True,21,1,1,0.0001232488394067,2.6952143773515746e-06,3.759963904346518e-06,False,False,False,False,False,False,False,False,False,False,False,False,False,0,1,False,-0.357142857142857,False,False,False,6.786059951782226,1777.9299999999998,1,0.0001232488394067,3.759963904346518e-06,505,1044,False,1044.0,False,False,False,False,1.3898949879260776,0.0218662968946069,0.03050461875549785
ARIAYRGAYAYSFDI,H3-23_A,K3-15,True,21,1,1,0.0001232488394067,2.6952143773515746e-06,3.759963904346518e-06,False,False,False,False,False,False,False,False,False,False,False,False,False,1,1,False,0.5400000000000001,False,False,False,8.539295959472657,1736.9229,2,0.0001232488394067,3.759963904346518e-06,542,1045,False,1045.0,False,False,False,False,1.3898949879260776,0.0218662968946069,0.03050461875549785
ARLPLSYVRSFDY,H3-23_A,K3-20,True,21,1,1,0.0001232488394067,2.6952143773515746e-06,3.759963904346518e-06,False,False,False,False,False,False,False,False,False,False,False,False,False,1,1,False,0.0384615384615386,False,False,False,8.632579040527343,1586.7882,2,0.0001232488394067,3.759963904346518e-06,631,1053,False,1053.0,False,False,False,False,1.3898949879260776,0.0218662968946069,0.03050461875549785
ARLRKLSWFIGSFDY,H3-23_A,K4-1,True,21,1,1,0.0001232488394067,2.6952143773515746e-06,3.759963904346518e-06,False,False,False,False,False,False,False,False,False,False,False,False,False,2,2,False,-0.7866666666666665,False,False,False,9.98676300048828,1859.1337,2,0.0001232488394067,3.759963904346518e-06,641,1054,False,1054.0,False,False,False,False,1.3898949879260776,0.0218662968946069,0.03050461875549785
ARLSGWVWGFDY,H3-23_A,K3-20,True,21,1,1,0.0001232488394067,2.6952143773515746e-06,3.759963904346518e-06,False,False,False,False,False,False,False,False,False,False,False,False,False,0,0,False,-0.8166666666666664,False,False,False,5.880318832397459,1456.6016,1,0.0001232488394067,3.759963904346518e-06,654,1055,False,1055.0,False,False,False,False,1.3898949879260776,0.0218662968946069,0.03050461875549785
ARLYWRGAPLFDY,H3-23_A,K3-20,True,21,1,1,0.0001232488394067,2.6952143773515746e-06,3.759963904346518e-06,False,False,False,False,False,False,False,False,False,False,False,False,False,1,1,False,-0.8461538461538459,False,False,False,8.632579040527343,1627.8417,2,0.0001232488394067,3.759963904346518e-06,675,1056,False,1056.0,False,False,False,False,1.3898949879260776,0.0218662968946069,0.03050461875549785
ARNRYASYPHFDY,H3-23_A,K4-1,True,21,1,1,0.0001232488394067,2.6952143773515746e-06,3.759963904346518e-06,False,False,False,False,False,False,False,False,False,False,False,False,False,1,2,False,1.953846153846154,False,False,False,8.545542907714843,1659.7577,2,0.0001232488394067,3.759963904346518e-06,678,1057,False,1057.0,False,False,False,False,1.3898949879260776,0.0218662968946069,0.03050461875549785
ARNRYGSYHPTFDY,H3-23_A,K3-20,True,21,1,1,0.0001232488394067,2.6952143773515746e-06,3.759963904346518e-06,False,False,False,False,False,False,False,False,False,False,False,False,False,1,2,False,2.442857142857143,False,False,False,8.545542907714843,1746.8349999999998,2,0.0001232488394067,3.759963904346518e-06,679,1058,False,1058.0,False,False,False,False,1.3898949879260776,0.0218662968946069,0.03050461875549785
ARQFYRGFYFGYFDY,H3-23_A,K1-39,True,21,1,1,0.0001232488394067,2.6952143773515746e-06,3.759963904346518e-06,False,False,False,True,False,False,False,False,False,False,False,False,False,1,1,False,-0.433333333333333,False,False,False,8.472544860839843,2000.1718,2,0.0001232488394067,3.759963904346518e-06,709,1059,False,1059.0,False,False,False,False,1.3898949879260776,0.0218662968946069,0.03050461875549785
ARQNVRTYGWYPYGFDY,H3-23_A,K3-15,True,21,1,1,0.0001232488394067,2.6952143773515746e-06,3.759963904346518e-06,False,False,False,False,False,False,False,False,False,False,False,False,False,1,1,False,1.2764705882352942,False,False,False,8.472544860839843,2156.313,2,0.0001232488394067,3.759963904346518e-06,717,1061,False,1061.0,False,False,False,False,1.3898949879260776,0.0218662968946069,0.03050461875549785
ARQPSTTLQSGLGFDY,H5-51,K3-15,True,21,1,1,0.0001232488394067,2.6952143773515746e-06,3.759963904346518e-06,False,False,False,False,False,False,False,False,False,False,False,False,False,0,0,False,2.23125,False,False,False,5.880318832397459,1740.8671000000002,1,0.0001232488394067,3.759963904346518e-06,719,1062,False,1062.0,False,False,False,False,1.3898949879260776,0.0218662968946069,0.03050461875549785
ARSGPRYSWLFDY,H5-51,UNK,True,21,1,1,0.0001232488394067,2.6952143773515746e-06,3.759963904346518e-06,False,False,False,False,False,False,False,False,False,False,False,False,False,1,1,False,0.7000000000000001,False,False,False,8.632579040527343,1617.7608,2,0.0001232488394067,3.759963904346518e-06,737,1063,False,1063.0,False,False,False,False,1.3898949879260776,0.0218662968946069,0.03050461875549785
ARSLGRSQGFDY,H5-51,K3-15,True,21,1,1,0.0001232488394067,2.6952143773515746e-06,3.759963904346518e-06,False,False,False,False,False,False,False,False,False,False,False,False,False,1,1,False,2.5500000000000003,False,False,False,8.79022674560547,1356.443,2,0.0001232488394067,3.759963904346518e-06,748,1064,False,1064.0,False,False,False,False,1.3898949879260776,0.0218662968946069,0.03050461875549785
ARSLGSRAKFDY,H5-51,UNK,True,21,1,1,0.0001232488394067,2.6952143773515746e-06,3.759963904346518e-06,False,False,False,False,False,False,False,False,False,False,False,False,False,2,2,False,2.225,False,False,False,9.98676300048828,1370.5127,2,0.0001232488394067,3.759963904346518e-06,749,1065,False,1065.0,False,False,False,False,1.3898949879260776,0.0218662968946069,0.03050461875549785
ARSRLTGHHFDY,H5-51,UNK,True,21,1,1,0.0001232488394067,2.6952143773515746e-06,3.759963904346518e-06,False,False,False,True,False,False,False,False,False,False,False,False,False,1,3,False,1.816666666666667,False,False,False,8.801948547363281,1459.5676999999998,2,0.0001232488394067,3.759963904346518e-06,763,1066,False,1066.0,False,False,False,False,1.3898949879260776,0.0218662968946069,0.03050461875549785
ARSSQTNVLDY,H5-51,K3-20,True,21,1,1,0.0001232488394067,2.6952143773515746e-06,3.759963904346518e-06,False,False,False,False,False,False,False,False,False,False,False,False,False,0,0,False,2.972727272727273,False,False,False,5.880318832397459,1253.3184,1,0.0001232488394067,3.759963904346518e-06,774,1068,False,1068.0,False,False,False,False,1.3898949879260776,0.0218662968946069,0.03050461875549785
ARSVYLDWEFDY,H3-23_A,K3-20,True,21,1,1,0.0001232488394067,2.6952143773515746e-06,3.759963904346518e-06,False,False,False,False,False,False,False,False,False,True,False,False,False,-2,-2,False,0.3916666666666668,False,False,False,4.050025558471679,1563.6636999999998,1,0.0001232488394067,3.759963904346518e-06,784,1069,False,1069.0,False,False,False,False,1.3898949879260776,0.0218662968946069,0.03050461875549785
ARTYRGWISAYHFDY,H3-23_A,K1-39,True,21,1,1,0.0001232488394067,2.6952143773515746e-06,3.759963904346518e-06,False,False,False,True,False,False,False,False,False,False,False,False,False,1,2,False,0.6133333333333335,False,False,False,8.545542907714843,1906.0626,2,0.0001232488394067,3.759963904346518e-06,821,1072,False,1072.0,False,False,False,False,1.3898949879260776,0.0218662968946069,0.03050461875549785
ARVPAWYAVAGTYGFDY,H4-34,K1-39,True,21,1,1,0.0001232488394067,2.6952143773515746e-06,3.759963904346518e-06,False,False,False,False,False,False,False,False,False,False,False,False,False,0,0,False,0.5294117647058825,False,False,False,5.87858085632324,1907.087,1,0.0001232488394067,3.759963904346518e-06,850,1073,False,1073.0,False,False,False,False,1.3898949879260776,0.0218662968946069,0.03050461875549785
ARVPSHGRYSGWHVFDY,H3-23_A,K3-20,True,21,1,1,0.0001232488394067,2.6952143773515746e-06,3.759963904346518e-06,False,False,False,False,False,False,False,False,False,False,False,False,False,1,3,False,1.223529411764706,False,False,False,8.644651794433596,2034.1951,2,0.0001232488394067,3.759963904346518e-06,855,1074,False,1074.0,False,False,False,False,1.3898949879260776,0.0218662968946069,0.03050461875549785
ARVRSHKFDY,H3-23_A,K1-39,True,21,1,1,0.0001232488394067,2.6952143773515746e-06,3.759963904346518e-06,False,False,False,False,False,False,False,False,False,False,False,False,False,2,3,False,2.0,False,False,False,9.98683319091797,1278.4189,2,0.0001232488394067,3.759963904346518e-06,871,1075,False,1075.0,False,False,False,False,1.3898949879260776,0.0218662968946069,0.03050461875549785
ARVSPYGWTFVYFDP,H3-23_A,K3-15,True,21,1,1,0.0001232488394067,2.6952143773515746e-06,3.759963904346518e-06,False,False,False,False,True,False,False,False,False,False,False,False,False,0,0,False,-0.1133333333333332,False,False,False,5.87944984436035,1804.9951,1,0.0001232488394067,3.759963904346518e-06,892,1076,False,1076.0,False,False,False,False,1.3898949879260776,0.0218662968946069,0.03050461875549785
ARVSRSWQAYGFDY,H3-23_A,K4-1,True,21,1,1,0.0001232488394067,2.6952143773515746e-06,3.759963904346518e-06,False,False,False,False,False,False,False,False,False,False,False,False,False,1,1,False,1.4714285714285715,False,False,False,8.632579040527343,1705.8261,2,0.0001232488394067,3.759963904346518e-06,895,1077,False,1077.0,False,False,False,False,1.3898949879260776,0.0218662968946069,0.03050461875549785
ARWRGSYGYKLWPFDP,H3-23_A,K3-20,True,21,1,1,0.0001232488394067,2.6952143773515746e-06,3.759963904346518e-06,False,False,False,False,True,False,False,False,False,False,False,False,False,2,2,False,0.3812500000000002,False,False,False,9.69757843017578,1999.2322,2,0.0001232488394067,3.759963904346518e-06,931,1078,False,1078.0,False,False,False,False,1.3898949879260776,0.0218662968946069,0.03050461875549785
ARYFRTWPDAFDY,H3-23_A,K4-1,True,21,1,1,0.0001232488394067,2.6952143773515746e-06,3.759963904346518e-06,False,False,False,False,False,False,False,False,False,False,False,False,False,0,0,False,0.5923076923076925,False,False,False,6.004021835327148,1707.8402999999998,2,0.0001232488394067,3.759963904346518e-06,955,1079,False,1079.0,False,False,False,False,1.3898949879260776,0.0218662968946069,0.03050461875549785
ARYGVSFGYRGFDY,H3-23_A,K4-1,True,21,1,1,0.0001232488394067,2.6952143773515746e-06,3.759963904346518e-06,False,False,False,False,False,False,False,False,False,False,False,False,False,1,1,False,1.1642857142857146,False,False,False,8.539295959472657,1657.7813999999998,2,0.0001232488394067,3.759963904346518e-06,963,1080,False,1080.0,False,False,False,False,1.3898949879260776,0.0218662968946069,0.03050461875549785
ARYPQPARYGFDY,H3-23_A,K3-20,True,21,1,1,0.0001232488394067,2.6952143773515746e-06,3.759963904346518e-06,False,False,False,False,False,False,False,False,False,False,False,False,False,1,1,False,1.815384615384616,False,False,False,8.539295959472657,1603.7342,2,0.0001232488394067,3.759963904346518e-06,978,1081,False,1081.0,False,False,False,False,1.3898949879260776,0.0218662968946069,0.03050461875549785
ARYSRAGAHFDY,H3-23_A,K3-20,True,21,1,1,0.0001232488394067,2.6952143773515746e-06,3.759963904346518e-06,False,False,False,False,False,False,False,False,False,False,False,False,False,1,2,False,2.1666666666666665,False,False,False,8.638685607910158,1413.4959,2,0.0001232488394067,3.759963904346518e-06,986,1082,False,1082.0,False,False,False,False,1.3898949879260776,0.0218662968946069,0.03050461875549785
ARDAGWYALYPAVAFDY,H3-23_A,K3-15,True,20,1,1,0.000117379847054,2.6952143773515746e-06,3.759963904346518e-06,False,False,False,False,False,False,False,False,False,False,False,False,False,-1,-1,False,0.2764705882352943,False,False,False,4.207874679565429,1949.1237,1,0.000117379847054,3.759963904346518e-06,78,1086,False,1086.0,False,False,False,False,1.3898949879260776,0.02295951860395355,0.032029719764579925
ARDEDLGLGFDY,H3-23_A,K3-20,True,20,1,1,0.000117379847054,2.6952143773515746e-06,3.759963904346518e-06,False,False,False,False,False,False,False,False,False,True,False,False,False,-3,-3,False,2.166666666666667,False,False,False,4.050025558471679,1370.4199,1,0.000117379847054,3.759963904346518e-06,87,1087,False,1087.0,False,False,False,False,1.3898949879260776,0.02295951860395355,0.032029719764579925
ARDEDVYGQPGFDY,H3-23_A,K1-39,True,20,1,1,0.000117379847054,2.6952143773515746e-06,3.759963904346518e-06,False,False,False,False,False,False,False,False,False,True,False,False,False,-3,-3,False,3.35,False,False,False,4.050025558471679,1631.6533,1,0.000117379847054,3.759963904346518e-06,89,1088,False,1088.0,False,False,False,False,1.3898949879260776,0.02295951860395355,0.032029719764579925
ARDEGPAGDPFDY,H3-23_A,K3-15,True,20,1,1,0.000117379847054,2.6952143773515746e-06,3.759963904346518e-06,False,False,False,False,True,False,False,False,False,True,False,False,False,-3,-3,False,3.9,False,False,False,4.050025558471679,1409.4129999999998,1,0.000117379847054,3.759963904346518e-06,90,1089,False,1089.0,False,False,False,False,1.3898949879260776,0.02295951860395355,0.032029719764579925
ARDIDLEHGFDY,H3-23_A,K4-1,True,20,1,1,0.000117379847054,2.6952143773515746e-06,3.759963904346518e-06,False,False,False,False,False,False,False,False,False,True,False,False,False,-3,-2,False,1.9666666666666668,False,False,False,4.2192737579345705,1450.5078999999998,1,0.000117379847054,3.759963904346518e-06,107,1090,False,1090.0,False,False,False,False,1.3898949879260776,0.02295951860395355,0.032029719764579925
ARDIPSTWYQIFDY,H3-23_A,K3-20,True,20,1,1,0.000117379847054,2.6952143773515746e-06,3.759963904346518e-06,False,False,False,False,False,False,False,False,False,False,False,False,False,-1,-1,False,0.5071428571428572,False,False,False,4.207874679565429,1774.9245999999998,1,0.000117379847054,3.759963904346518e-06,118,1091,False,1091.0,False,False,False,False,1.3898949879260776,0.02295951860395355,0.032029719764579925
ARDIWTGLLGYGFDI,H3-23_A,K1-39,True,20,1,1,0.000117379847054,2.6952143773515746e-06,3.759963904346518e-06,False,False,False,False,False,False,False,False,False,False,False,False,False,-1,-1,False,-0.4599999999999998,False,False,False,4.207874679565429,1696.8988,1,0.000117379847054,3.759963904346518e-06,121,1092,False,1092.0,False,False,False,False,1.3898949879260776,0.02295951860395355,0.032029719764579925
ARDLRSSSYSLYWYFDI,H3-23_A,K3-20,True,20,1,1,0.000117379847054,2.6952143773515746e-06,3.759963904346518e-06,False,False,False,True,False,False,False,False,False,False,False,False,False,0,0,False,0.3058823529411766,False,False,False,6.003152847290039,2142.3247,2,0.000117379847054,3.759963904346518e-06,139,1093,False,1093.0,False,False,False,False,1.3898949879260776,0.02295951860395355,0.032029719764579925
ARDLSLGWSKYWYAFDY,H3-23_A,K1-39,True,20,1,1,0.000117379847054,2.6952143773515746e-06,3.759963904346518e-06,False,False,False,True,False,False,False,False,False,False,False,False,False,0,0,False,-0.0294117647058821,False,False,False,6.0022838592529295,2141.3382,1,0.000117379847054,3.759963904346518e-06,140,1094,False,1094.0,False,False,False,False,1.3898949879260776,0.02295951860395355,0.032029719764579925
ARDLSYGWLYGFDY,H3-23_A,K3-20,True,20,1,1,0.000117379847054,2.6952143773515746e-06,3.759963904346518e-06,False,False,False,False,False,False,False,False,False,False,False,False,False,-1,-1,False,0.0642857142857145,False,False,False,4.207874679565429,1725.8520999999998,1,0.000117379847054,3.759963904346518e-06,142,1095,False,1095.0,False,False,False,False,1.3898949879260776,0.02295951860395355,0.032029719764579925
ARDRGPSGYPFDY,H3-23_A,K3-15,True,20,1,1,0.000117379847054,2.6952143773515746e-06,3.759963904346518e-06,False,False,False,False,False,False,False,False,False,False,False,False,False,0,0,False,3.0461538461538464,False,False,False,6.004021835327148,1500.5699,2,0.000117379847054,3.759963904346518e-06,162,1097,False,1097.0,False,False,False,False,1.3898949879260776,0.02295951860395355,0.032029719764579925
ARDRWGIALYAGFDI,H3-23_A,K4-1,True,20,1,1,0.000117379847054,2.6952143773515746e-06,3.759963904346518e-06,False,False,False,False,False,False,False,False,False,False,False,False,False,0,0,False,-0.0133333333333331,False,False,False,6.004890823364257,1723.9274999999998,2,0.000117379847054,3.759963904346518e-06,182,1098,False,1098.0,False,False,False,False,1.3898949879260776,0.02295951860395355,0.032029719764579925
ARDVDLQYSFDY,H3-23_A,K4-1,True,20,1,1,0.000117379847054,2.6952143773515746e-06,3.759963904346518e-06,False,False,False,False,False,False,False,False,False,True,False,False,False,-2,-2,False,1.9083333333333332,False,False,False,4.050025558471679,1491.5564,1,0.000117379847054,3.759963904346518e-06,109,1099,False,1099.0,False,False,False,False,1.3898949879260776,0.02295951860395355,0.032029719764579925
ARDVWFGSGFDY,H3-23_A,K3-20,True,20,1,1,0.000117379847054,2.6952143773515746e-06,3.759963904346518e-06,False,False,False,False,False,False,False,False,False,False,False,False,False,-1,-1,False,0.8500000000000002,False,False,False,4.207874679565429,1419.4952999999998,1,0.000117379847054,3.759963904346518e-06,206,1100,False,1100.0,False,False,False,False,1.3898949879260776,0.02295951860395355,0.032029719764579925
AREHGWSSSPRGYFDP,H5-51,K3-15,True,20,1,1,0.000117379847054,2.6952143773515746e-06,3.759963904346518e-06,False,False,False,False,True,False,False,False,False,False,False,False,False,0,1,False,2.775,False,False,False,6.796487808227539,1848.9271,2,0.000117379847054,3.759963904346518e-06,233,1101,False,1101.0,False,False,False,False,1.3898949879260776,0.02295951860395355,0.032029719764579925
AREWRHVWGYPVFDY,H4-34,K4-1,True,20,1,1,0.000117379847054,2.6952143773515746e-06,3.759963904346518e-06,False,False,False,False,False,False,False,False,False,False,False,False,False,0,1,False,-0.1466666666666665,False,False,False,6.795363235473633,1981.1738,2,0.000117379847054,3.759963904346518e-06,269,1103,False,1103.0,False,False,False,False,1.3898949879260776,0.02295951860395355,0.032029719764579925
ARFRASWAYGNAFDY,H3-23_A,K3-20,True,20,1,1,0.000117379847054,2.6952143773515746e-06,3.759963904346518e-06,False,False,False,False,False,False,False,False,False,False,False,False,False,1,1,False,0.9200000000000002,False,False,False,8.632579040527343,1794.9208,2,0.000117379847054,3.759963904346518e-06,285,1104,False,1104.0,False,False,False,False,1.3898949879260776,0.02295951860395355,0.032029719764579925
ARFSRPWLGWHPFDP,H4-34,K3-20,True,20,1,1,0.000117379847054,2.6952143773515746e-06,3.759963904346518e-06,False,False,False,False,True,False,False,False,False,False,False,False,False,1,2,False,-0.433333333333333,False,False,False,9.648936462402345,1869.0905,2,0.000117379847054,3.759963904346518e-06,294,1105,False,1105.0,False,False,False,False,1.3898949879260776,0.02295951860395355,0.032029719764579925
ARGKAYTVVAFDY,H5-51,K4-1,True,20,1,1,0.000117379847054,2.6952143773515746e-06,3.759963904346518e-06,False,False,False,False,False,True,False,False,True,False,False,False,False,1,1,False,1.284615384615385,False,False,False,8.54006805419922,1460.6318,1,0.000117379847054,3.759963904346518e-06,317,1107,False,1107.0,False,False,False,False,1.3898949879260776,0.02295951860395355,0.032029719764579925
ARGRAWLAGYPYGFDY,H3-23_A,K3-15,True,20,1,1,0.000117379847054,2.6952143773515746e-06,3.759963904346518e-06,False,False,False,False,False,False,False,False,False,False,False,False,False,1,1,False,0.6125000000000002,False,False,False,8.539295959472657,1863.0378,2,0.000117379847054,3.759963904346518e-06,357,1109,False,1109.0,False,False,False,False,1.3898949879260776,0.02295951860395355,0.032029719764579925
ARGRSYIYGVPFDY,H3-23_A,K4-1,True,20,1,1,0.000117379847054,2.6952143773515746e-06,3.759963904346518e-06,False,False,False,False,False,False,False,False,False,False,False,False,False,1,1,False,0.992857142857143,False,False,False,8.539295959472657,1663.8291,2,0.000117379847054,3.759963904346518e-06,374,1111,False,1111.0,False,False,False,False,1.3898949879260776,0.02295951860395355,0.032029719764579925
ARGRVYVWGYAGFGFDY,H3-23_A,K1-39,True,20,1,1,0.000117379847054,2.6952143773515746e-06,3.759963904346518e-06,False,False,False,False,False,False,False,False,False,False,False,False,False,1,1,False,0.2294117647058825,False,False,False,8.539295959472657,1984.1742,2,0.000117379847054,3.759963904346518e-06,377,1112,False,1112.0,False,False,False,False,1.3898949879260776,0.02295951860395355,0.032029719764579925
ARGSYRLWKLAFDY,H3-23_A,K3-20,True,20,1,1,0.000117379847054,2.6952143773515746e-06,3.759963904346518e-06,False,False,False,False,False,False,False,False,False,False,False,False,False,2,2,False,-0.064285714285714,False,False,False,9.69757843017578,1745.9761,2,0.000117379847054,3.759963904346518e-06,397,1116,False,1116.0,False,False,False,False,1.3898949879260776,0.02295951860395355,0.032029719764579925
ARHGFYSFYRGFDY,H3-23_A,K3-20,True,20,1,1,0.000117379847054,2.6952143773515746e-06,3.759963904346518e-06,False,False,False,False,False,False,False,False,False,False,False,False,False,1,2,False,0.5142857142857145,False,False,False,8.545542907714843,1785.9122,2,0.000117379847054,3.759963904346518e-06,435,1117,False,1117.0,False,False,False,False,1.3898949879260776,0.02295951860395355,0.032029719764579925
ARHGRYWYWEFDY,H3-23_A,K1-39,True,20,1,1,0.000117379847054,2.6952143773515746e-06,3.759963904346518e-06,False,False,False,True,False,False,False,False,False,True,False,False,False,0,1,False,0.0923076923076924,False,False,False,6.794238662719727,1848.9698,2,0.000117379847054,3.759963904346518e-06,444,1118,False,1118.0,False,False,False,False,1.3898949879260776,0.02295951860395355,0.032029719764579925
ARHHGRLWASFDY,H3-23_A,UNK,True,20,1,1,0.000117379847054,2.6952143773515746e-06,3.759963904346518e-06,False,False,False,False,False,False,False,False,False,False,False,False,False,1,3,False,0.6692307692307694,False,False,False,8.801948547363281,1615.7515999999998,2,0.000117379847054,3.759963904346518e-06,450,1119,False,1119.0,False,False,False,False,1.3898949879260776,0.02295951860395355,0.032029719764579925
ARHRGWQQSYGFDY,H3-23_A,K3-20,True,20,1,1,0.000117379847054,2.6952143773515746e-06,3.759963904346518e-06,False,False,False,False,False,False,False,False,False,False,False,False,False,1,2,False,2.107142857142857,False,False,False,8.638685607910158,1770.8596999999995,2,0.000117379847054,3.759963904346518e-06,479,1121,False,1121.0,False,False,False,False,1.3898949879260776,0.02295951860395355,0.032029719764579925
ARHSYILLYADLFDY,H3-23_A,K3-20,True,20,1,1,0.000117379847054,2.6952143773515746e-06,3.759963904346518e-06,False,False,False,False,False,False,False,False,False,False,False,False,False,-1,0,False,-0.8999999999999998,False,False,False,5.212322616577147,1860.072,1,0.000117379847054,3.759963904346518e-06,508,1122,False,1122.0,False,False,False,False,1.3898949879260776,0.02295951860395355,0.032029719764579925
ARHWPSYNLYRYWFDP,H3-23_A,K3-15,True,20,1,1,0.000117379847054,2.6952143773515746e-06,3.759963904346518e-06,False,False,False,True,True,False,False,False,False,False,False,False,False,1,2,False,-0.2374999999999998,False,False,False,8.545542907714843,2171.3724,2,0.000117379847054,3.759963904346518e-06,525,1123,False,1123.0,False,False,False,False,1.3898949879260776,0.02295951860395355,0.032029719764579925
ARHYGRAIWSFDY,H3-23_A,K4-1,True,20,1,1,0.000117379847054,2.6952143773515746e-06,3.759963904346518e-06,False,False,False,False,False,False,False,False,False,False,False,False,False,1,2,False,0.453846153846154,False,False,False,8.638685607910158,1641.7855,2,0.000117379847054,3.759963904346518e-06,533,1124,False,1124.0,False,False,False,False,1.3898949879260776,0.02295951860395355,0.032029719764579925
ARHYTTAWLYAFDY,H4-34,K4-1,True,20,1,1,0.000117379847054,2.6952143773515746e-06,3.759963904346518e-06,False,False,False,False,False,False,False,False,False,False,False,False,False,0,1,False,-0.0785714285714283,False,False,False,6.786059951782226,1777.9300999999998,1,0.000117379847054,3.759963904346518e-06,538,1125,False,1125.0,False,False,False,False,1.3898949879260776,0.02295951860395355,0.032029719764579925
ARKLTRWPYGSYEYFDY,H3-23_A,K3-15,True,20,1,1,0.000117379847054,2.6952143773515746e-06,3.759963904346518e-06,False,False,False,False,False,False,False,False,False,False,False,False,False,1,1,False,1.0294117647058825,False,False,False,8.420603942871093,2215.4201000000003,2,0.000117379847054,3.759963904346518e-06,587,1128,False,1128.0,False,False,False,False,1.3898949879260776,0.02295951860395355,0.032029719764579925
ARLKYGRYGFDY,H3-23_A,K3-20,True,20,1,1,0.000117379847054,2.6952143773515746e-06,3.759963904346518e-06,False,False,False,False,False,False,False,False,False,False,False,False,False,2,2,False,1.1250000000000002,False,False,False,9.525611877441406,1508.6779,2,0.000117379847054,3.759963904346518e-06,621,1130,False,1130.0,False,False,False,False,1.3898949879260776,0.02295951860395355,0.032029719764579925
ARLRWVAWYGSGFDI,H3-23_A,K3-15,True,20,1,1,0.000117379847054,2.6952143773515746e-06,3.759963904346518e-06,False,False,False,False,False,False,False,False,False,False,False,False,False,1,1,False,-0.7666666666666665,False,False,False,8.79022674560547,1797.0228000000002,2,0.000117379847054,3.759963904346518e-06,647,1131,False,1131.0,False,False,False,False,1.3898949879260776,0.02295951860395355,0.032029719764579925
ARPGSWGDRPDAFDY,H1-69,K3-15,True,20,1,1,0.000117379847054,2.6952143773515746e-06,3.759963904346518e-06,False,False,False,False,False,False,False,False,False,False,False,False,False,-1,-1,False,2.9066666666666667,False,False,False,4.429057693481445,1709.7719000000002,2,0.000117379847054,3.759963904346518e-06,682,1133,False,1133.0,False,False,False,False,1.3898949879260776,0.02295951860395355,0.032029719764579925
ARPPSSWYNAFDY,H4-34,K1-39,True,20,1,1,0.000117379847054,2.6952143773515746e-06,3.759963904346518e-06,False,False,False,False,False,False,False,False,False,False,False,False,False,0,0,False,1.507692307692308,False,False,False,5.87944984436035,1573.6618999999998,1,0.000117379847054,3.759963904346518e-06,689,1134,False,1134.0,False,False,False,False,1.3898949879260776,0.02295951860395355,0.032029719764579925
ARQFYAGWTQFDY,H3-23_A,K3-20,True,20,1,1,0.000117379847054,2.6952143773515746e-06,3.759963904346518e-06,False,False,False,False,False,False,False,False,False,False,False,False,False,0,0,False,0.7000000000000001,False,False,False,5.87944984436035,1652.7616999999998,1,0.000117379847054,3.759963904346518e-06,708,1135,False,1135.0,False,False,False,False,1.3898949879260776,0.02295951860395355,0.032029719764579925
ARQRYHGTYPYTFDP,H4-34,K1-39,True,20,1,1,0.000117379847054,2.6952143773515746e-06,3.759963904346518e-06,False,False,False,False,True,False,False,False,False,False,False,False,False,1,2,False,2.2666666666666666,False,False,False,8.545542907714843,1872.0034,2,0.000117379847054,3.759963904346518e-06,724,1137,False,1137.0,False,False,False,False,1.3898949879260776,0.02295951860395355,0.032029719764579925
ARQWVALGYGYAFDI,H3-23_A,K3-20,True,20,1,1,0.000117379847054,2.6952143773515746e-06,3.759963904346518e-06,False,False,False,False,False,False,False,False,False,False,False,False,False,0,0,False,-0.3999999999999998,False,False,False,5.87944984436035,1729.9301999999998,1,0.000117379847054,3.759963904346518e-06,729,1138,False,1138.0,False,False,False,False,1.3898949879260776,0.02295951860395355,0.032029719764579925
ARSGRPFHKFDY,H3-23_A,K3-20,True,20,1,1,0.000117379847054,2.6952143773515746e-06,3.759963904346518e-06,False,False,False,False,False,False,False,False,False,False,False,False,False,2,3,False,1.8583333333333336,False,False,False,9.98683319091797,1480.6282,2,0.000117379847054,3.759963904346518e-06,738,1139,False,1139.0,False,False,False,False,1.3898949879260776,0.02295951860395355,0.032029719764579925
ARSKATSASAPFDY,H5-51,UNK,True,20,1,1,0.000117379847054,2.6952143773515746e-06,3.759963904346518e-06,False,False,False,False,False,False,False,False,False,False,False,False,False,1,1,False,3.142857142857143,False,False,False,8.63377227783203,1471.5703,1,0.000117379847054,3.759963904346518e-06,744,1140,False,1140.0,False,False,False,False,1.3898949879260776,0.02295951860395355,0.032029719764579925
ARSKRPWYLYSFDY,H3-23_A,K4-1,True,20,1,1,0.000117379847054,2.6952143773515746e-06,3.759963904346518e-06,False,False,False,False,False,False,False,False,False,False,False,False,False,2,2,False,0.5142857142857145,False,False,False,9.525611877441406,1852.055,2,0.000117379847054,3.759963904346518e-06,746,1141,False,1141.0,False,False,False,False,1.3898949879260776,0.02295951860395355,0.032029719764579925
ARSPRLKGAVFDY,H5-51,K3-15,True,20,1,1,0.000117379847054,2.6952143773515746e-06,3.759963904346518e-06,False,False,False,False,False,False,False,False,False,False,False,False,False,2,2,False,1.4307692307692308,False,False,False,9.98676300048828,1479.6816,2,0.000117379847054,3.759963904346518e-06,755,1142,False,1142.0,False,False,False,False,1.3898949879260776,0.02295951860395355,0.032029719764579925
ARSTRSSYTLPFDY,H5-51,K3-20,True,20,1,1,0.000117379847054,2.6952143773515746e-06,3.759963904346518e-06,False,False,False,False,False,False,False,False,False,False,False,False,False,1,1,False,2.1642857142857146,False,False,False,8.632579040527343,1663.7847,2,0.000117379847054,3.759963904346518e-06,779,1145,False,1145.0,False,False,False,False,1.3898949879260776,0.02295951860395355,0.032029719764579925
ARSYRWGYWIFDY,H3-23_A,UNK,True,20,1,1,0.000117379847054,2.6952143773515746e-06,3.759963904346518e-06,False,False,False,False,False,False,False,False,False,False,False,False,False,1,1,False,-0.7846153846153846,False,False,False,8.539295959472657,1782.9514,2,0.000117379847054,3.759963904346518e-06,790,1147,False,1147.0,False,False,False,False,1.3898949879260776,0.02295951860395355,0.032029719764579925
ARTGSSGWAFDY,H5-51,K3-20,True,20,1,1,0.000117379847054,2.6952143773515746e-06,3.759963904346518e-06,False,False,False,False,False,False,False,False,False,False,False,False,False,0,0,False,2.2416666666666667,False,False,False,5.880318832397459,1317.3622,1,0.000117379847054,3.759963904346518e-06,797,1148,False,1148.0,False,False,False,False,1.3898949879260776,0.02295951860395355,0.032029719764579925
ARTLYRYWSGFDY,H3-23_A,K4-1,True,20,1,1,0.000117379847054,2.6952143773515746e-06,3.759963904346518e-06,False,False,False,False,False,False,False,False,False,False,False,False,False,1,1,False,0.2923076923076925,False,False,False,8.539295959472657,1697.8454,2,0.000117379847054,3.759963904346518e-06,805,1149,False,1149.0,False,False,False,False,1.3898949879260776,0.02295951860395355,0.032029719764579925
ARTPRVSWYWYGFDI,H3-23_A,K1-39,True,20,1,1,0.000117379847054,2.6952143773515746e-06,3.759963904346518e-06,False,False,False,True,False,False,False,False,False,False,False,False,False,1,1,False,-0.3133333333333332,False,False,False,8.632579040527343,1917.1283000000003,2,0.000117379847054,3.759963904346518e-06,808,1150,False,1150.0,False,False,False,False,1.3898949879260776,0.02295951860395355,0.032029719764579925
ARTTSYDAGFDY,H5-51,K3-15,True,20,1,1,0.000117379847054,2.6952143773515746e-06,3.759963904346518e-06,False,False,False,False,False,False,False,False,False,False,False,False,False,-1,-1,False,3.1666666666666665,False,False,False,4.207874679565429,1366.3882,1,0.000117379847054,3.759963904346518e-06,818,1151,False,1151.0,False,False,False,False,1.3898949879260776,0.02295951860395355,0.032029719764579925
ARVRYGSTWYGFDY,H3-23_A,K3-15,True,20,1,1,0.000117379847054,2.6952143773515746e-06,3.759963904346518e-06,False,False,False,False,False,False,False,False,False,False,False,False,False,1,1,False,1.0714285714285716,False,False,False,8.539295959472657,1740.8701,2,0.000117379847054,3.759963904346518e-06,881,1154,False,1154.0,False,False,False,False,1.3898949879260776,0.02295951860395355,0.032029719764579925
ARVYTTSWHSFDY,H3-23_A,K3-20,True,20,1,1,0.000117379847054,2.6952143773515746e-06,3.759963904346518e-06,False,False,False,False,False,False,False,False,False,False,False,False,False,0,1,False,1.1615384615384616,False,False,False,6.787184524536133,1632.7291,1,0.000117379847054,3.759963904346518e-06,914,1157,False,1157.0,False,False,False,False,1.3898949879260776,0.02295951860395355,0.032029719764579925
ARWSRYSSYGFDY,H3-23_A,K1-39,True,20,1,1,0.000117379847054,2.6952143773515746e-06,3.759963904346518e-06,False,False,False,False,False,False,False,False,False,False,False,False,False,1,1,False,1.6,False,False,False,8.539295959472657,1657.7385,2,0.000117379847054,3.759963904346518e-06,940,1159,False,1159.0,False,False,False,False,1.3898949879260776,0.02295951860395355,0.032029719764579925
ARYKRGWYDVFDY,H3-23_A,UNK,True,20,1,1,0.000117379847054,2.6952143773515746e-06,3.759963904346518e-06,False,False,False,False,False,False,False,False,False,False,False,False,False,1,1,False,1.0230769230769232,False,False,False,8.472615051269532,1738.8973,2,0.000117379847054,3.759963904346518e-06,972,1160,False,1160.0,False,False,False,False,1.3898949879260776,0.02295951860395355,0.032029719764579925
ARYSFPNYGRHFDY,H3-23_A,K4-1,True,20,1,1,0.000117379847054,2.6952143773515746e-06,3.759963904346518e-06,False,False,False,False,False,False,False,False,False,False,False,False,False,1,2,False,1.4142857142857146,False,False,False,8.545542907714843,1792.9048999999998,2,0.000117379847054,3.759963904346518e-06,984,1161,False,1161.0,False,False,False,False,1.3898949879260776,0.02295951860395355,0.032029719764579925
ARYWGYRTWYFDY,H3-23_A,K1-39,True,20,1,1,0.000117379847054,2.6952143773515746e-06,3.759963904346518e-06,False,False,False,True,False,False,False,False,False,False,False,False,False,1,1,False,-0.4153846153846153,False,False,False,8.472544860839843,1846.9936,2,0.000117379847054,3.759963904346518e-06,998,1162,False,1162.0,False,False,False,False,1.3898949879260776,0.02295951860395355,0.032029719764579925
ARAAAYRISPYIYAFDP,H3-23_A,K3-15,True,19,1,1,0.0001115108547013,2.6952143773515746e-06,3.759963904346518e-06,False,False,False,False,True,False,False,False,False,False,False,False,False,1,1,False,0.5117647058823531,False,False,False,8.539295959472657,1945.1799,2,0.0001115108547013,3.759963904346518e-06,1,1163,False,1163.0,False,False,False,False,1.3898949879260776,0.024167805963920364,0.0337153433267463
ARAAWNYLYEGHFDY,H1-69,K3-15,True,19,1,1,0.0001115108547013,2.6952143773515746e-06,3.759963904346518e-06,False,False,False,False,False,False,False,False,False,False,False,False,False,-1,0,False,0.6000000000000001,False,False,False,5.322172927856446,1875.9902,1,0.0001115108547013,3.759963904346518e-06,4,1164,False,1164.0,False,False,False,False,1.3898949879260776,0.024167805963920364,0.0337153433267463
ARASYTSNWGYPRPFDP,H5-51,UNK,True,19,1,1,0.0001115108547013,2.6952143773515746e-06,3.759963904346518e-06,False,False,False,False,True,False,False,False,False,False,False,False,False,1,1,False,2.164705882352941,False,False,False,8.632579040527343,1985.118,2,0.0001115108547013,3.759963904346518e-06,64,1169,False,1169.0,False,False,False,False,1.3898949879260776,0.024167805963920364,0.0337153433267463
ARATGSYGFHGAFDY,H5-51,K4-1,True,19,1,1,0.0001115108547013,2.6952143773515746e-06,3.759963904346518e-06,False,False,False,False,False,False,False,False,False,False,False,False,False,0,1,False,1.9466666666666668,False,False,False,6.787184524536133,1619.6905000000002,1,0.0001115108547013,3.759963904346518e-06,65,1170,False,1170.0,False,False,False,False,1.3898949879260776,0.024167805963920364,0.0337153433267463
ARDAATYWFSGFDY,H3-23_A,K3-15,True,19,1,1,0.0001115108547013,2.6952143773515746e-06,3.759963904346518e-06,False,False,False,True,False,False,False,False,False,False,False,False,False,-1,-1,False,1.1214285714285717,False,False,False,4.207874679565429,1669.7459,1,0.0001115108547013,3.759963904346518e-06,76,1171,False,1171.0,False,False,False,False,1.3898949879260776,0.024167805963920364,0.0337153433267463
ARDAYHNRFDY,H3-23_A,K3-15,True,19,1,1,0.0001115108547013,2.6952143773515746e-06,3.759963904346518e-06,False,False,False,False,False,False,False,False,False,False,False,False,False,0,1,False,2.6090909090909093,False,False,False,6.790507125854492,1427.4794,2,0.0001115108547013,3.759963904346518e-06,83,1172,False,1172.0,False,False,False,False,1.3898949879260776,0.024167805963920364,0.0337153433267463
ARDEDLALSFDY,H3-23_A,K1-39,True,19,1,1,0.0001115108547013,2.6952143773515746e-06,3.759963904346518e-06,False,False,False,False,False,False,False,False,False,True,False,False,False,-3,-3,False,1.9333333333333336,False,False,False,4.050025558471679,1414.4725,1,0.0001115108547013,3.759963904346518e-06,85,1173,False,1173.0,False,False,False,False,1.3898949879260776,0.024167805963920364,0.0337153433267463
ARDESVSGTPGFDY,H3-23_A,K3-20,True,19,1,1,0.0001115108547013,2.6952143773515746e-06,3.759963904346518e-06,False,False,False,False,False,False,False,False,False,True,False,False,False,-2,-2,False,3.642857142857143,False,False,False,4.050025558471679,1500.522,1,0.0001115108547013,3.759963904346518e-06,98,1174,False,1174.0,False,False,False,False,1.3898949879260776,0.024167805963920364,0.0337153433267463
ARDFHSYARWEYFDY,H3-23_A,K3-15,True,19,1,1,0.0001115108547013,2.6952143773515746e-06,3.759963904346518e-06,False,False,False,False,False,False,False,False,False,False,False,False,False,-1,0,False,0.9933333333333336,False,False,False,5.382542037963867,2026.125,2,0.0001115108547013,3.759963904346518e-06,100,1175,False,1175.0,False,False,False,False,1.3898949879260776,0.024167805963920364,0.0337153433267463
ARDFSSSTYVYHYWFDP,H3-23_A,K3-15,True,19,1,1,0.0001115108547013,2.6952143773515746e-06,3.759963904346518e-06,False,False,False,True,True,False,False,False,False,False,False,False,False,-1,0,False,1.023529411764706,False,False,False,5.212322616577147,2141.2521,1,0.0001115108547013,3.759963904346518e-06,103,1176,False,1176.0,False,False,False,False,1.3898949879260776,0.024167805963920364,0.0337153433267463
ARDIDLAVPFDY,H3-23_A,K3-20,True,19,1,1,0.0001115108547013,2.6952143773515746e-06,3.759963904346518e-06,False,False,False,False,False,False,False,False,False,True,False,False,False,-2,-2,False,0.7083333333333335,False,False,False,4.050025558471679,1394.5274,1,0.0001115108547013,3.759963904346518e-06,106,1177,False,1177.0,False,False,False,False,1.3898949879260776,0.024167805963920364,0.0337153433267463
ARDLPSSRYWGFDY,H3-23_A,K3-20,True,19,1,1,0.0001115108547013,2.6952143773515746e-06,3.759963904346518e-06,False,False,False,False,False,False,False,False,False,False,False,False,False,0,0,False,1.3642857142857143,False,False,False,6.004021835327148,1732.8482,2,0.0001115108547013,3.759963904346518e-06,134,1178,False,1178.0,False,False,False,False,1.3898949879260776,0.024167805963920364,0.0337153433267463
ARDLTSYSLWKRYFDY,H3-23_A,K4-1,True,19,1,1,0.0001115108547013,2.6952143773515746e-06,3.759963904346518e-06,False,False,False,False,False,False,False,False,False,False,False,False,False,1,1,False,0.6937500000000002,False,False,False,8.472615051269532,2084.2887,2,0.0001115108547013,3.759963904346518e-06,143,1179,False,1179.0,False,False,False,False,1.3898949879260776,0.024167805963920364,0.0337153433267463
ARDRLLYDYNWGFDY,H3-23_A,K3-20,True,19,1,1,0.0001115108547013,2.6952143773515746e-06,3.759963904346518e-06,False,False,False,False,False,False,False,False,False,False,False,False,False,-1,-1,False,0.6600000000000001,False,False,False,4.429057693481445,1967.0992,2,0.0001115108547013,3.759963904346518e-06,166,1180,False,1180.0,False,False,False,False,1.3898949879260776,0.024167805963920364,0.0337153433267463
ARDRPAYKGYVAFDY,H3-23_A,K3-15,True,19,1,1,0.0001115108547013,2.6952143773515746e-06,3.759963904346518e-06,False,False,False,False,False,False,False,False,False,False,False,False,False,1,1,False,1.9733333333333332,False,False,False,8.472615051269532,1791.9584,2,0.0001115108547013,3.759963904346518e-06,170,1181,False,1181.0,False,False,False,False,1.3898949879260776,0.024167805963920364,0.0337153433267463
ARDRSYDVWAGFDY,H1-69,K1-39,True,19,1,1,0.0001115108547013,2.6952143773515746e-06,3.759963904346518e-06,False,False,False,False,False,False,False,False,False,False,False,False,False,-1,-1,False,2.007142857142857,False,False,False,4.429057693481445,1720.7944,2,0.0001115108547013,3.759963904346518e-06,176,1182,False,1182.0,False,False,False,False,1.3898949879260776,0.024167805963920364,0.0337153433267463
ARELLSGAYALYFDY,H3-23_A,K3-20,True,19,1,1,0.0001115108547013,2.6952143773515746e-06,3.759963904346518e-06,False,False,False,False,False,False,False,False,False,False,False,False,False,-1,-1,False,-0.1333333333333331,False,False,False,4.370375442504883,1751.9308999999998,1,0.0001115108547013,3.759963904346518e-06,241,1183,False,1183.0,False,False,False,False,1.3898949879260776,0.024167805963920364,0.0337153433267463
AREYSSIFGYWVRSFDI,H3-23_A,K3-15,True,19,1,1,0.0001115108547013,2.6952143773515746e-06,3.759963904346518e-06,False,False,False,False,False,False,False,False,False,False,False,False,False,0,0,False,0.0941176470588236,False,False,False,6.113258743286132,2096.2993,2,0.0001115108547013,3.759963904346518e-06,272,1185,False,1185.0,False,False,False,False,1.3898949879260776,0.024167805963920364,0.0337153433267463
ARFGWSYWNRYGFDP,H4-34,K3-15,True,19,1,1,0.0001115108547013,2.6952143773515746e-06,3.759963904346518e-06,False,False,False,False,True,False,False,False,False,False,False,False,False,1,1,False,0.3533333333333335,False,False,False,8.632579040527343,1922.0635,2,0.0001115108547013,3.759963904346518e-06,280,1187,False,1187.0,False,False,False,False,1.3898949879260776,0.024167805963920364,0.0337153433267463
ARFLEGSYRSGKSYFDY,H3-23_A,K3-20,True,19,1,1,0.0001115108547013,2.6952143773515746e-06,3.759963904346518e-06,False,False,False,False,False,False,False,False,False,False,False,False,False,1,1,False,1.8588235294117648,False,False,False,8.472755432128906,2046.1976,2,0.0001115108547013,3.759963904346518e-06,282,1188,False,1188.0,False,False,False,False,1.3898949879260776,0.024167805963920364,0.0337153433267463
ARGEGYEAVYGFDY,H5-51,K3-20,True,19,1,1,0.0001115108547013,2.6952143773515746e-06,3.759963904346518e-06,False,False,False,False,False,False,False,False,False,False,False,False,False,-2,-2,False,2.321428571428572,False,False,False,4.137435531616211,1596.6505,1,0.0001115108547013,3.759963904346518e-06,306,1189,False,1189.0,False,False,False,False,1.3898949879260776,0.024167805963920364,0.0337153433267463
ARGPRPYWGFDY,H3-23_A,K3-20,True,19,1,1,0.0001115108547013,2.6952143773515746e-06,3.759963904346518e-06,False,False,False,False,False,False,False,False,False,False,False,False,False,1,1,False,1.0916666666666668,False,False,False,8.632579040527343,1484.6151,2,0.0001115108547013,3.759963904346518e-06,345,1192,False,1192.0,False,False,False,False,1.3898949879260776,0.024167805963920364,0.0337153433267463
ARGRASSYGFDY,H3-23_A,K3-20,True,19,1,1,0.0001115108547013,2.6952143773515746e-06,3.759963904346518e-06,False,False,False,False,False,False,False,False,False,False,False,False,False,1,1,False,2.833333333333333,False,False,False,8.632579040527343,1349.4073,2,0.0001115108547013,3.759963904346518e-06,356,1194,False,1194.0,False,False,False,False,1.3898949879260776,0.024167805963920364,0.0337153433267463
ARGRSWYGYPPFDY,H3-23_A,K4-1,True,19,1,1,0.0001115108547013,2.6952143773515746e-06,3.759963904346518e-06,False,False,False,False,False,False,False,False,False,False,False,False,False,1,1,False,1.2642857142857145,False,False,False,8.539295959472657,1734.8656,2,0.0001115108547013,3.759963904346518e-06,373,1195,False,1195.0,False,False,False,False,1.3898949879260776,0.024167805963920364,0.0337153433267463
ARGRYLVSGYGFDY,H3-23_A,K1-39,True,19,1,1,0.0001115108547013,2.6952143773515746e-06,3.759963904346518e-06,False,False,False,False,False,False,False,False,False,False,False,False,False,1,1,False,1.1642857142857146,False,False,False,8.539295959472657,1623.7651999999998,2,0.0001115108547013,3.759963904346518e-06,387,1196,False,1196.0,False,False,False,False,1.3898949879260776,0.024167805963920364,0.0337153433267463
ARGWQSYGYLASLFDP,H3-23_A,K3-20,True,19,1,1,0.0001115108547013,2.6952143773515746e-06,3.759963904346518e-06,False,False,False,False,True,False,False,False,False,False,False,False,False,0,0,False,0.5937500000000002,False,False,False,5.87944984436035,1830.9911,1,0.0001115108547013,3.759963904346518e-06,414,1197,False,1197.0,False,False,False,False,1.3898949879260776,0.024167805963920364,0.0337153433267463
ARHGISAYSRFGFDY,H3-23_A,K3-20,True,19,1,1,0.0001115108547013,2.6952143773515746e-06,3.759963904346518e-06,False,False,False,False,False,False,False,False,False,False,False,False,False,1,2,False,1.2600000000000002,False,False,False,8.638685607910158,1746.8780000000002,2,0.0001115108547013,3.759963904346518e-06,436,1198,False,1198.0,False,False,False,False,1.3898949879260776,0.024167805963920364,0.0337153433267463
ARHGLGKGLWTVYPFDY,H5-51,K3-20,True,19,1,1,0.0001115108547013,2.6952143773515746e-06,3.759963904346518e-06,False,False,False,False,False,False,False,False,False,False,False,False,False,1,2,False,0.2000000000000002,False,False,False,8.546315002441407,1980.2272,1,0.0001115108547013,3.759963904346518e-06,437,1199,False,1199.0,False,False,False,False,1.3898949879260776,0.024167805963920364,0.0337153433267463
ARHGTYFSASPRFDP,H3-23_A,K3-15,True,19,1,1,0.0001115108547013,2.6952143773515746e-06,3.759963904346518e-06,False,False,False,False,True,False,False,False,False,False,False,False,False,1,2,False,2.1666666666666665,False,False,False,8.796192932128907,1708.8302,2,0.0001115108547013,3.759963904346518e-06,446,1201,False,1201.0,False,False,False,False,1.3898949879260776,0.024167805963920364,0.0337153433267463
ARHKPTRFYVSFDY,H3-23_A,K3-15,True,19,1,1,0.0001115108547013,2.6952143773515746e-06,3.759963904346518e-06,False,False,False,False,False,False,False,False,False,False,False,False,False,2,3,False,1.1571428571428573,False,False,False,9.69764862060547,1786.985,2,0.0001115108547013,3.759963904346518e-06,458,1204,False,1204.0,False,False,False,False,1.3898949879260776,0.024167805963920364,0.0337153433267463
ARHLGYLVYNERFDY,H3-23_A,K3-15,True,19,1,1,0.0001115108547013,2.6952143773515746e-06,3.759963904346518e-06,False,False,False,False,False,False,False,False,False,False,False,False,False,0,1,False,0.4066666666666669,False,False,False,6.794238662719727,1916.0988,2,0.0001115108547013,3.759963904346518e-06,460,1205,False,1205.0,False,False,False,False,1.3898949879260776,0.024167805963920364,0.0337153433267463
ARHLPRYGSSHGFDY,H3-23_A,K4-1,True,19,1,1,0.0001115108547013,2.6952143773515746e-06,3.759963904346518e-06,False,False,False,False,False,False,False,False,False,False,False,False,False,1,3,False,1.9333333333333336,False,False,False,8.644651794433596,1762.8808,2,0.0001115108547013,3.759963904346518e-06,461,1206,False,1206.0,False,False,False,False,1.3898949879260776,0.024167805963920364,0.0337153433267463
ARHSGYIVYRGYGFDY,H3-23_A,K1-39,True,19,1,1,0.0001115108547013,2.6952143773515746e-06,3.759963904346518e-06,False,False,False,False,False,False,False,False,False,False,False,False,False,1,2,False,1.1062500000000002,False,False,False,8.478932189941407,1924.0777000000005,2,0.0001115108547013,3.759963904346518e-06,500,1207,False,1207.0,False,False,False,False,1.3898949879260776,0.024167805963920364,0.0337153433267463
ARHTVYRGTGFDY,H3-23_A,K3-20,True,19,1,1,0.0001115108547013,2.6952143773515746e-06,3.759963904346518e-06,False,False,False,False,False,False,False,False,False,False,False,False,False,1,2,False,2.130769230769231,False,False,False,8.638685607910158,1542.6528999999998,2,0.0001115108547013,3.759963904346518e-06,517,1209,False,1209.0,False,False,False,False,1.3898949879260776,0.024167805963920364,0.0337153433267463
ARHVIWGLTGRTFDP,H3-23_A,K4-1,True,19,1,1,0.0001115108547013,2.6952143773515746e-06,3.759963904346518e-06,False,False,False,False,True,False,False,False,False,False,False,False,False,1,2,False,0.4266666666666668,False,False,False,9.648936462402345,1725.9468000000002,2,0.0001115108547013,3.759963904346518e-06,521,1210,False,1210.0,False,False,False,False,1.3898949879260776,0.024167805963920364,0.0337153433267463
ARHVYSYGYLGFDY,H3-23_A,K3-15,True,19,1,1,0.0001115108547013,2.6952143773515746e-06,3.759963904346518e-06,False,False,False,False,False,False,False,False,False,False,False,False,False,0,1,False,0.4714285714285716,False,False,False,6.78493537902832,1710.8407,1,0.0001115108547013,3.759963904346518e-06,524,1211,False,1211.0,False,False,False,False,1.3898949879260776,0.024167805963920364,0.0337153433267463
ARHWPYGYWGFDY,H3-23_A,K3-20,True,19,1,1,0.0001115108547013,2.6952143773515746e-06,3.759963904346518e-06,False,False,False,False,False,False,False,False,False,False,False,False,False,0,1,False,-0.2307692307692306,False,False,False,6.786059951782226,1717.8366,1,0.0001115108547013,3.759963904346518e-06,526,1212,False,1212.0,False,False,False,False,1.3898949879260776,0.024167805963920364,0.0337153433267463
ARKGYSFINKLYFDY,H3-23_A,K3-15,True,19,1,1,0.0001115108547013,2.6952143773515746e-06,3.759963904346518e-06,False,False,False,False,False,False,False,False,False,False,False,False,False,2,2,False,0.3733333333333336,False,False,False,9.404743957519532,1885.1245,1,0.0001115108547013,3.759963904346518e-06,582,1214,False,1214.0,False,False,False,False,1.3898949879260776,0.024167805963920364,0.0337153433267463
ARKIFGYRLFDY,H4-34,K3-15,True,19,1,1,0.0001115108547013,2.6952143773515746e-06,3.759963904346518e-06,False,False,False,False,False,False,False,False,False,False,False,False,False,2,2,False,-0.6249999999999997,False,False,False,9.69757843017578,1548.7848,2,0.0001115108547013,3.759963904346518e-06,585,1215,False,1215.0,False,False,False,False,1.3898949879260776,0.024167805963920364,0.0337153433267463
ARKSGLLLGVWRYPFDY,H4-34,K3-20,True,19,1,1,0.0001115108547013,2.6952143773515746e-06,3.759963904346518e-06,False,False,False,False,False,False,False,False,False,False,False,False,False,2,2,False,-0.4764705882352938,False,False,False,9.69757843017578,2041.3533,2,0.0001115108547013,3.759963904346518e-06,596,1216,False,1216.0,False,False,False,False,1.3898949879260776,0.024167805963920364,0.0337153433267463
ARLAWVHYASSTGRFDY,H3-23_A,K3-15,True,19,1,1,0.0001115108547013,2.6952143773515746e-06,3.759963904346518e-06,False,False,False,False,False,False,False,False,False,False,False,False,False,1,2,False,0.8705882352941178,False,False,False,8.638685607910158,2000.1756,2,0.0001115108547013,3.759963904346518e-06,605,1218,False,1218.0,False,False,False,False,1.3898949879260776,0.024167805963920364,0.0337153433267463
ARLGLSSSGRLFDY,H3-23_A,K4-1,True,19,1,1,0.0001115108547013,2.6952143773515746e-06,3.759963904346518e-06,False,False,False,False,False,False,False,False,False,False,False,False,False,1,1,False,0.9071428571428574,False,False,False,8.79022674560547,1541.7062999999998,2,0.0001115108547013,3.759963904346518e-06,607,1219,False,1219.0,False,False,False,False,1.3898949879260776,0.024167805963920364,0.0337153433267463
ARLISSSAYWRAPYFDP,H3-23_A,UNK,True,19,1,1,0.0001115108547013,2.6952143773515746e-06,3.759963904346518e-06,False,False,False,False,True,False,False,False,False,False,False,False,False,1,1,False,0.4823529411764707,False,False,False,8.632579040527343,2000.2154,2,0.0001115108547013,3.759963904346518e-06,620,1220,False,1220.0,False,False,False,False,1.3898949879260776,0.024167805963920364,0.0337153433267463
ARLPVFQYWYRGFDP,H3-23_A,K3-15,True,19,1,1,0.0001115108547013,2.6952143773515746e-06,3.759963904346518e-06,False,False,False,True,True,False,False,False,False,False,False,False,False,1,1,False,-0.5799999999999998,False,False,False,8.632579040527343,1915.1554,2,0.0001115108547013,3.759963904346518e-06,632,1222,False,1222.0,False,False,False,False,1.3898949879260776,0.024167805963920364,0.0337153433267463
ARLQGYRAKFDY,H3-23_A,K3-20,True,19,1,1,0.0001115108547013,2.6952143773515746e-06,3.759963904346518e-06,False,False,False,False,False,False,False,False,False,False,False,False,False,2,2,False,1.4833333333333336,False,False,False,9.69757843017578,1487.6605,2,0.0001115108547013,3.759963904346518e-06,634,1223,False,1223.0,False,False,False,False,1.3898949879260776,0.024167805963920364,0.0337153433267463
ARLSRGTWYDLFDY,H3-23_A,K3-20,True,19,1,1,0.0001115108547013,2.6952143773515746e-06,3.759963904346518e-06,False,False,False,False,False,False,False,False,False,False,False,False,False,0,0,False,0.4642857142857145,False,False,False,6.004021835327148,1762.9172,2,0.0001115108547013,3.759963904346518e-06,659,1226,False,1226.0,False,False,False,False,1.3898949879260776,0.024167805963920364,0.0337153433267463
ARPLYNTGSTFDY,H5-51,K3-15,True,19,1,1,0.0001115108547013,2.6952143773515746e-06,3.759963904346518e-06,False,False,False,False,False,False,False,False,False,False,False,False,False,0,0,False,1.984615384615385,False,False,False,5.87944984436035,1504.5983,1,0.0001115108547013,3.759963904346518e-06,686,1227,False,1227.0,False,False,False,False,1.3898949879260776,0.024167805963920364,0.0337153433267463
ARPRKSYGVLYFDY,H3-23_A,K3-15,True,19,1,1,0.0001115108547013,2.6952143773515746e-06,3.759963904346518e-06,False,False,False,False,False,False,False,False,False,False,False,False,False,2,2,False,0.9071428571428574,False,False,False,9.525611877441406,1734.9500999999998,2,0.0001115108547013,3.759963904346518e-06,692,1228,False,1228.0,False,False,False,False,1.3898949879260776,0.024167805963920364,0.0337153433267463
ARQGYVYGSYTYNFDI,H3-23_A,K3-20,True,19,1,1,0.0001115108547013,2.6952143773515746e-06,3.759963904346518e-06,False,False,False,False,False,False,False,False,False,False,False,False,False,0,0,False,1.49375,False,False,False,5.877711868286132,1917.0371,1,0.0001115108547013,3.759963904346518e-06,713,1230,False,1230.0,False,False,False,False,1.3898949879260776,0.024167805963920364,0.0337153433267463
ARQSLLSWAYFDY,H5-51,K3-20,True,19,1,1,0.0001115108547013,2.6952143773515746e-06,3.759963904346518e-06,False,False,False,False,False,False,False,False,False,False,False,False,False,0,0,False,-0.3076923076923075,False,False,False,5.87944984436035,1619.7732999999998,1,0.0001115108547013,3.759963904346518e-06,727,1231,False,1231.0,False,False,False,False,1.3898949879260776,0.024167805963920364,0.0337153433267463
ARQVYWTRSFDY,H3-23_A,K3-20,True,19,1,1,0.0001115108547013,2.6952143773515746e-06,3.759963904346518e-06,False,False,False,False,False,False,False,False,False,False,False,False,False,1,1,False,0.9583333333333336,False,False,False,8.632579040527343,1591.7234999999998,2,0.0001115108547013,3.759963904346518e-06,728,1232,False,1232.0,False,False,False,False,1.3898949879260776,0.024167805963920364,0.0337153433267463
ARSSLWHAWSFDY,H5-51,K4-1,True,19,1,1,0.0001115108547013,2.6952143773515746e-06,3.759963904346518e-06,False,False,False,False,False,False,False,False,False,False,False,False,False,0,1,False,-0.0230769230769229,False,False,False,6.788309097290039,1625.7397999999998,1,0.0001115108547013,3.759963904346518e-06,773,1234,False,1234.0,False,False,False,False,1.3898949879260776,0.024167805963920364,0.0337153433267463
ARSSYSHQGFDY,H5-51,K3-15,True,19,1,1,0.0001115108547013,2.6952143773515746e-06,3.759963904346518e-06,False,False,False,False,False,False,False,False,False,False,False,False,False,0,1,False,3.0500000000000003,False,False,False,6.787184524536133,1417.4381999999998,1,0.0001115108547013,3.759963904346518e-06,778,1236,False,1236.0,False,False,False,False,1.3898949879260776,0.024167805963920364,0.0337153433267463
ARSYWGSFGLFYRGFDI,H3-23_A,K3-15,True,19,1,1,0.0001115108547013,2.6952143773515746e-06,3.759963904346518e-06,False,False,False,False,False,False,False,False,False,False,False,False,False,1,1,False,-0.4705882352941174,False,False,False,8.632579040527343,2042.2534,2,0.0001115108547013,3.759963904346518e-06,792,1238,False,1238.0,False,False,False,False,1.3898949879260776,0.024167805963920364,0.0337153433267463
ARTGRYHAWYGYHGFDY,H4-34,K3-15,True,19,1,1,0.0001115108547013,2.6952143773515746e-06,3.759963904346518e-06,False,False,False,False,False,False,False,False,False,False,False,False,False,1,3,False,1.3117647058823532,False,False,False,8.485108947753908,2120.2428,2,0.0001115108547013,3.759963904346518e-06,796,1239,False,1239.0,False,False,False,False,1.3898949879260776,0.024167805963920364,0.0337153433267463
ARTKVYSYWYGFDY,H4-34,K3-15,True,19,1,1,0.0001115108547013,2.6952143773515746e-06,3.759963904346518e-06,False,False,False,True,False,False,False,False,False,False,False,False,False,1,1,False,0.6357142857142859,False,False,False,8.420884704589842,1818.9786,1,0.0001115108547013,3.759963904346518e-06,804,1240,False,1240.0,False,False,False,False,1.3898949879260776,0.024167805963920364,0.0337153433267463
ARVLWSKQWYNFDY,H3-23_A,K1-39,True,19,1,1,0.0001115108547013,2.6952143773515746e-06,3.759963904346518e-06,False,False,False,False,False,False,False,False,False,False,False,False,False,1,1,False,-0.3142857142857141,False,False,False,8.54006805419922,1876.0763,1,0.0001115108547013,3.759963904346518e-06,847,1241,False,1241.0,False,False,False,False,1.3898949879260776,0.024167805963920364,0.0337153433267463
ARVSRVFGAYWGFDI,H1-69,K3-15,True,19,1,1,0.0001115108547013,2.6952143773515746e-06,3.759963904346518e-06,False,False,False,False,False,False,False,False,False,False,False,False,False,1,1,False,-0.3466666666666665,False,False,False,8.79022674560547,1743.9600999999998,2,0.0001115108547013,3.759963904346518e-06,896,1245,False,1245.0,False,False,False,False,1.3898949879260776,0.024167805963920364,0.0337153433267463
ARWGYRYLYFDY,H3-23_A,K3-15,True,19,1,1,0.0001115108547013,2.6952143773515746e-06,3.759963904346518e-06,False,False,False,False,False,False,False,False,False,False,False,False,False,1,1,False,-0.8166666666666664,False,False,False,8.472544860839843,1672.8374,2,0.0001115108547013,3.759963904346518e-06,918,1246,False,1246.0,False,False,False,False,1.3898949879260776,0.024167805963920364,0.0337153433267463
ARWIYSPYGYNRVFDY,H3-23_A,K4-1,True,19,1,1,0.0001115108547013,2.6952143773515746e-06,3.759963904346518e-06,False,False,False,False,False,False,False,False,False,False,False,False,False,1,1,False,0.2062500000000001,False,False,False,8.472544860839843,2070.2635,2,0.0001115108547013,3.759963904346518e-06,922,1247,False,1247.0,False,False,False,False,1.3898949879260776,0.024167805963920364,0.0337153433267463
ARWRFYKYSFDY,H3-23_A,K4-1,True,19,1,1,0.0001115108547013,2.6952143773515746e-06,3.759963904346518e-06,False,False,False,False,False,False,False,False,False,False,False,False,False,2,2,False,-0.1166666666666664,False,False,False,9.525611877441406,1701.8787,2,0.0001115108547013,3.759963904346518e-06,929,1248,False,1248.0,False,False,False,False,1.3898949879260776,0.024167805963920364,0.0337153433267463
ARYGLVYARWPYFDP,H3-23_A,K3-20,True,19,1,1,0.0001115108547013,2.6952143773515746e-06,3.759963904346518e-06,False,False,False,False,True,False,False,False,False,False,False,False,False,1,1,False,-0.3533333333333331,False,False,False,8.539295959472657,1874.1035,2,0.0001115108547013,3.759963904346518e-06,960,1251,False,1251.0,False,False,False,False,1.3898949879260776,0.024167805963920364,0.0337153433267463
ARYGWSTSYTFDY,H3-23_A,K3-15,True,19,1,1,0.0001115108547013,2.6952143773515746e-06,3.759963904346518e-06,False,False,False,False,False,False,False,False,False,False,False,False,False,0,0,False,1.5769230769230769,False,False,False,5.87858085632324,1616.6833,1,0.0001115108547013,3.759963904346518e-06,964,1252,False,1252.0,False,False,False,False,1.3898949879260776,0.024167805963920364,0.0337153433267463
ARYLIWSRYGTFDY,H4-34,K1-39,True,19,1,1,0.0001115108547013,2.6952143773515746e-06,3.759963904346518e-06,False,False,False,False,False,False,False,False,False,False,False,False,False,1,1,False,-0.2999999999999998,False,False,False,8.539295959472657,1811.003,2,0.0001115108547013,3.759963904346518e-06,976,1253,False,1253.0,False,False,False,False,1.3898949879260776,0.024167805963920364,0.0337153433267463
ARYTGISSGRHPFDY,H3-23_A,K3-20,True,19,1,1,0.0001115108547013,2.6952143773515746e-06,3.759963904346518e-06,False,False,False,False,False,False,False,False,False,False,False,False,False,1,2,False,2.22,False,False,False,8.638685607910158,1726.8454000000002,2,0.0001115108547013,3.759963904346518e-06,993,1254,False,1254.0,False,False,False,False,1.3898949879260776,0.024167805963920364,0.0337153433267463
ARYVNTWPLDY,H3-23_A,K3-15,True,19,1,1,0.0001115108547013,2.6952143773515746e-06,3.759963904346518e-06,False,False,False,False,False,False,False,False,False,False,False,False,False,0,0,False,0.3545454545454546,False,False,False,5.87944984436035,1397.5329,1,0.0001115108547013,3.759963904346518e-06,996,1255,False,1255.0,False,False,False,False,1.3898949879260776,0.024167805963920364,0.0337153433267463
ARAAYHVLWSGFDY,H3-23_A,K3-20,True,18,1,1,0.0001056418623486,2.6952143773515746e-06,3.759963904346518e-06,False,False,False,False,False,False,False,False,False,False,False,False,False,0,1,False,-0.0785714285714284,False,False,False,6.787184524536133,1655.8086999999998,1,0.0001056418623486,3.759963904346518e-06,6,1256,False,1256.0,False,False,False,False,1.3898949879260776,0.025510334767774107,0.0355882406685881
ARAGPLWQYGFDY,H3-23_A,K4-1,True,18,1,1,0.0001056418623486,2.6952143773515746e-06,3.759963904346518e-06,False,False,False,False,False,False,False,False,False,False,False,False,False,0,0,False,0.4384615384615387,False,False,False,5.87944984436035,1543.6789,1,0.0001056418623486,3.759963904346518e-06,13,1257,False,1257.0,False,False,False,False,1.3898949879260776,0.025510334767774107,0.0355882406685881
ARAHSTSWAAFDY,H5-51,K4-1,True,18,1,1,0.0001056418623486,2.6952143773515746e-06,3.759963904346518e-06,False,False,False,False,False,False,False,False,False,False,False,False,False,0,1,False,1.676923076923077,False,False,False,6.788309097290039,1482.5547,1,0.0001056418623486,3.759963904346518e-06,17,1258,False,1258.0,False,False,False,False,1.3898949879260776,0.025510334767774107,0.0355882406685881
ARASWGVYWYNFDY,H3-23_A,K1-39,True,18,1,1,0.0001056418623486,2.6952143773515746e-06,3.759963904346518e-06,False,False,False,True,False,False,False,False,False,False,False,False,False,0,0,False,-0.0714285714285713,False,False,False,5.87858085632324,1797.9196,1,0.0001056418623486,3.759963904346518e-06,60,1261,False,1261.0,False,False,False,False,1.3898949879260776,0.025510334767774107,0.0355882406685881
ARASWGYVYEDYFDI,H1-69,K1-39,True,18,1,1,0.0001056418623486,2.6952143773515746e-06,3.759963904346518e-06,False,False,False,False,False,False,False,False,False,True,False,False,False,-2,-2,False,0.7866666666666667,False,False,False,4.050025558471679,1854.9661,1,0.0001056418623486,3.759963904346518e-06,61,1262,False,1262.0,False,False,False,False,1.3898949879260776,0.025510334767774107,0.0355882406685881
ARATRVYGIGFDY,H5-51,K3-20,True,18,1,1,0.0001056418623486,2.6952143773515746e-06,3.759963904346518e-06,False,False,False,False,False,False,False,False,False,False,False,False,False,1,1,False,1.1153846153846154,False,False,False,8.632579040527343,1488.6452,2,0.0001056418623486,3.759963904346518e-06,67,1263,False,1263.0,False,False,False,False,1.3898949879260776,0.025510334767774107,0.0355882406685881
ARAYAVFYGYGKLFDY,H4-34,K3-15,True,18,1,1,0.0001056418623486,2.6952143773515746e-06,3.759963904346518e-06,False,False,False,False,False,False,False,False,False,False,False,False,False,1,1,False,-0.0812499999999998,False,False,False,8.420884704589842,1904.126,1,0.0001056418623486,3.759963904346518e-06,71,1264,False,1264.0,False,False,False,False,1.3898949879260776,0.025510334767774107,0.0355882406685881
ARAYDPYWPLYPWGFDI,H3-23_A,K3-15,True,18,1,1,0.0001056418623486,2.6952143773515746e-06,3.759963904346518e-06,False,False,False,False,True,False,False,False,False,False,False,False,False,-1,-1,False,-0.688235294117647,False,False,False,4.207874679565429,2130.3569,1,0.0001056418623486,3.759963904346518e-06,72,1265,False,1265.0,False,False,False,False,1.3898949879260776,0.025510334767774107,0.0355882406685881
ARAYPRYSHFDY,H5-51,K3-15,True,18,1,1,0.0001056418623486,2.6952143773515746e-06,3.759963904346518e-06,False,False,False,False,False,False,False,False,False,False,False,False,False,1,2,False,1.5333333333333334,False,False,False,8.545542907714843,1545.6551,2,0.0001056418623486,3.759963904346518e-06,74,1266,False,1266.0,False,False,False,False,1.3898949879260776,0.025510334767774107,0.0355882406685881
ARDEGVAGYPFDY,H3-23_A,K4-1,True,18,1,1,0.0001056418623486,2.6952143773515746e-06,3.759963904346518e-06,False,False,False,False,False,False,False,False,False,True,False,False,False,-2,-2,False,2.5384615384615383,False,False,False,4.050025558471679,1459.5146,1,0.0001056418623486,3.759963904346518e-06,96,1269,False,1269.0,False,False,False,False,1.3898949879260776,0.025510334767774107,0.0355882406685881
ARDIGSWYFTSFDY,H3-23_A,K3-20,True,18,1,1,0.0001056418623486,2.6952143773515746e-06,3.759963904346518e-06,False,False,False,True,False,False,False,False,False,False,False,False,False,-1,-1,False,0.7142857142857144,False,False,False,4.207874679565429,1727.8249999999998,1,0.0001056418623486,3.759963904346518e-06,115,1270,False,1270.0,False,False,False,False,1.3898949879260776,0.025510334767774107,0.0355882406685881
ARDNARYGYFYIFDI,H3-23_A,K1-39,True,18,1,1,0.0001056418623486,2.6952143773515746e-06,3.759963904346518e-06,False,False,False,True,False,False,False,False,False,False,False,False,False,0,0,False,0.3466666666666668,False,False,False,6.003152847290039,1884.0536,2,0.0001056418623486,3.759963904346518e-06,147,1272,False,1272.0,False,False,False,False,1.3898949879260776,0.025510334767774107,0.0355882406685881
ARDRLYGYNFDY,H3-23_A,K3-15,True,18,1,1,0.0001056418623486,2.6952143773515746e-06,3.759963904346518e-06,False,False,False,False,False,False,False,False,False,False,False,False,False,0,0,False,1.5916666666666668,False,False,False,6.003152847290039,1552.6443,2,0.0001056418623486,3.759963904346518e-06,168,1274,False,1274.0,False,False,False,False,1.3898949879260776,0.025510334767774107,0.0355882406685881
ARDRPKPWSGFDY,H3-23_A,K3-20,True,18,1,1,0.0001056418623486,2.6952143773515746e-06,3.759963904346518e-06,False,False,False,False,False,False,False,False,False,False,False,False,False,1,1,False,2.423076923076923,False,False,False,8.632649230957028,1594.7276,2,0.0001056418623486,3.759963904346518e-06,171,1275,False,1275.0,False,False,False,False,1.3898949879260776,0.025510334767774107,0.0355882406685881
ARDVDLRLGFDY,H3-23_A,K3-20,True,18,1,1,0.0001056418623486,2.6952143773515746e-06,3.759963904346518e-06,False,False,False,False,False,False,False,False,False,True,False,False,False,-1,-1,False,1.0833333333333337,False,False,False,4.429057693481445,1439.5712999999998,2,0.0001056418623486,3.759963904346518e-06,195,1277,False,1277.0,False,False,False,False,1.3898949879260776,0.025510334767774107,0.0355882406685881
ARDVDLSAGFDY,H3-23_A,K4-1,True,18,1,1,0.0001056418623486,2.6952143773515746e-06,3.759963904346518e-06,False,False,False,False,False,False,False,False,False,True,False,False,False,-2,-2,False,2.216666666666667,False,False,False,4.050025558471679,1328.3832,1,0.0001056418623486,3.759963904346518e-06,197,1278,False,1278.0,False,False,False,False,1.3898949879260776,0.025510334767774107,0.0355882406685881
ARDVDLSELDY,H3-23_A,K3-20,True,18,1,1,0.0001056418623486,2.6952143773515746e-06,3.759963904346518e-06,False,False,False,False,False,False,False,False,False,True,False,False,False,-3,-3,False,2.4181818181818184,False,False,False,4.050025558471679,1295.3518,1,0.0001056418623486,3.759963904346518e-06,198,1279,False,1279.0,False,False,False,False,1.3898949879260776,0.025510334767774107,0.0355882406685881
ARDWGTYLFDY,H3-23_A,K4-1,True,18,1,1,0.0001056418623486,2.6952143773515746e-06,3.759963904346518e-06,False,False,False,False,False,False,False,False,False,False,False,False,False,-1,-1,False,0.4545454545454547,False,False,False,4.207874679565429,1406.4966,1,0.0001056418623486,3.759963904346518e-06,211,1281,False,1281.0,False,False,False,False,1.3898949879260776,0.025510334767774107,0.0355882406685881
ARDYRGYLGWYQGFDY,H3-23_A,K4-1,True,18,1,1,0.0001056418623486,2.6952143773515746e-06,3.759963904346518e-06,False,False,False,False,False,False,False,False,False,False,False,False,False,0,0,False,1.1,False,False,False,6.0022838592529295,2030.1566000000005,2,0.0001056418623486,3.759963904346518e-06,221,1284,False,1284.0,False,False,False,False,1.3898949879260776,0.025510334767774107,0.0355882406685881
AREAWRSITYGYGLFDP,H4-34,K1-39,True,18,1,1,0.0001056418623486,2.6952143773515746e-06,3.759963904346518e-06,False,False,False,False,True,False,False,False,False,False,False,False,False,0,0,False,0.9058823529411766,False,False,False,6.113258743286132,2002.1882,2,0.0001056418623486,3.759963904346518e-06,231,1285,False,1285.0,False,False,False,False,1.3898949879260776,0.025510334767774107,0.0355882406685881
AREPLRPFDY,H3-23_A,K4-1,True,18,1,1,0.0001056418623486,2.6952143773515746e-06,3.759963904346518e-06,False,False,False,False,False,False,False,False,False,False,False,False,False,0,0,False,1.2200000000000002,False,False,False,6.114178848266601,1263.401,2,0.0001056418623486,3.759963904346518e-06,250,1287,False,1287.0,False,False,False,False,1.3898949879260776,0.025510334767774107,0.0355882406685881
AREVRYVWSSYKVAFDI,H3-23_A,K3-15,True,18,1,1,0.0001056418623486,2.6952143773515746e-06,3.759963904346518e-06,False,False,False,False,False,False,False,False,False,False,False,False,False,1,1,False,0.411764705882353,False,False,False,8.53950653076172,2089.3515,2,0.0001056418623486,3.759963904346518e-06,267,1290,False,1290.0,False,False,False,False,1.3898949879260776,0.025510334767774107,0.0355882406685881
AREYIADWTGWYFDY,H3-23_A,K3-15,True,18,1,1,0.0001056418623486,2.6952143773515746e-06,3.759963904346518e-06,False,False,False,True,False,False,False,False,False,False,False,False,False,-2,-2,False,0.2800000000000001,False,False,False,4.050025558471679,1956.0716,1,0.0001056418623486,3.759963904346518e-06,270,1291,False,1291.0,False,False,False,False,1.3898949879260776,0.025510334767774107,0.0355882406685881
ARFVISVSGFDY,H3-23_A,K3-20,True,18,1,1,0.0001056418623486,2.6952143773515746e-06,3.759963904346518e-06,False,False,False,False,False,False,False,False,False,False,False,False,False,0,0,False,-0.0583333333333332,False,False,False,5.880318832397459,1360.5126,1,0.0001056418623486,3.759963904346518e-06,297,1293,False,1293.0,False,False,False,False,1.3898949879260776,0.025510334767774107,0.0355882406685881
ARGAGPSYWSYNLFDP,H5-51,K3-15,True,18,1,1,0.0001056418623486,2.6952143773515746e-06,3.759963904346518e-06,False,False,False,False,True,False,False,False,False,False,False,False,False,0,0,False,1.3625000000000005,False,False,False,5.87944984436035,1800.9221000000002,1,0.0001056418623486,3.759963904346518e-06,301,1294,False,1294.0,False,False,False,False,1.3898949879260776,0.025510334767774107,0.0355882406685881
ARGLGFRVSYSLYGFDI,H3-23_A,K3-20,True,18,1,1,0.0001056418623486,2.6952143773515746e-06,3.759963904346518e-06,False,False,False,False,False,False,False,False,False,False,False,False,False,1,1,False,-0.0999999999999997,False,False,False,8.632579040527343,1921.1583,2,0.0001056418623486,3.759963904346518e-06,323,1297,False,1297.0,False,False,False,False,1.3898949879260776,0.025510334767774107,0.0355882406685881
ARGLWPYWYTNFDY,H1-69,K3-15,True,18,1,1,0.0001056418623486,2.6952143773515746e-06,3.759963904346518e-06,False,False,False,True,False,False,False,False,False,False,False,False,False,0,0,False,-0.5571428571428569,False,False,False,5.87858085632324,1852.0101,1,0.0001056418623486,3.759963904346518e-06,329,1298,False,1298.0,False,False,False,False,1.3898949879260776,0.025510334767774107,0.0355882406685881
ARGPEQSVSGFDY,H5-51,K3-20,True,18,1,1,0.0001056418623486,2.6952143773515746e-06,3.759963904346518e-06,False,False,False,False,False,False,False,False,False,False,False,False,False,-1,-1,False,3.2153846153846155,False,False,False,4.370375442504883,1412.4598999999998,1,0.0001056418623486,3.759963904346518e-06,335,1299,False,1299.0,False,False,False,False,1.3898949879260776,0.025510334767774107,0.0355882406685881
ARGRGYWYVSNVFDP,H3-23_A,K3-20,True,18,1,1,0.0001056418623486,2.6952143773515746e-06,3.759963904346518e-06,False,False,False,True,True,False,False,False,False,False,False,False,False,1,1,False,1.14,False,False,False,8.632579040527343,1786.9418,2,0.0001056418623486,3.759963904346518e-06,365,1301,False,1301.0,False,False,False,False,1.3898949879260776,0.025510334767774107,0.0355882406685881
ARGTYWGKWAYNYFDP,H5-51,UNK,True,18,1,1,0.0001056418623486,2.6952143773515746e-06,3.759963904346518e-06,False,False,False,False,True,False,False,False,False,False,False,False,False,1,1,False,0.93125,False,False,False,8.47317657470703,1995.154,1,0.0001056418623486,3.759963904346518e-06,405,1303,False,1303.0,False,False,False,False,1.3898949879260776,0.025510334767774107,0.0355882406685881
ARGVSYRSAYFDY,H5-51,K3-20,True,18,1,1,0.0001056418623486,2.6952143773515746e-06,3.759963904346518e-06,False,False,False,False,False,False,False,False,False,False,False,False,False,1,1,False,1.7461538461538464,False,False,False,8.539295959472657,1554.6602,2,0.0001056418623486,3.759963904346518e-06,411,1304,False,1304.0,False,False,False,False,1.3898949879260776,0.025510334767774107,0.0355882406685881
ARGYASGWSWYGFDI,H3-23_A,K1-39,True,18,1,1,0.0001056418623486,2.6952143773515746e-06,3.759963904346518e-06,False,False,False,False,False,False,False,False,False,False,False,False,False,0,0,False,0.5000000000000001,False,False,False,5.87944984436035,1735.8503,1,0.0001056418623486,3.759963904346518e-06,422,1305,False,1305.0,False,False,False,False,1.3898949879260776,0.025510334767774107,0.0355882406685881
ARHIPRSLSGHFDY,H3-23_A,K3-20,True,18,1,1,0.0001056418623486,2.6952143773515746e-06,3.759963904346518e-06,False,False,False,False,False,False,False,False,False,False,False,False,False,1,3,False,1.2285714285714289,False,False,False,8.801948547363281,1655.8139,2,0.0001056418623486,3.759963904346518e-06,456,1306,False,1306.0,False,False,False,False,1.3898949879260776,0.025510334767774107,0.0355882406685881
ARHPWVYIFRGFDY,H3-23_A,K1-39,True,18,1,1,0.0001056418623486,2.6952143773515746e-06,3.759963904346518e-06,False,False,False,False,False,False,False,False,False,False,False,False,False,1,2,False,-0.9642857142857142,False,False,False,8.638685607910158,1827.0503,2,0.0001056418623486,3.759963904346518e-06,476,1309,False,1309.0,False,False,False,False,1.3898949879260776,0.025510334767774107,0.0355882406685881
ARHVHRLAPWAFDY,H3-23_A,K3-20,True,18,1,1,0.0001056418623486,2.6952143773515746e-06,3.759963904346518e-06,False,False,False,False,False,False,False,False,False,False,False,False,False,1,3,False,-0.2142857142857141,False,False,False,8.801948547363281,1738.9471,2,0.0001056418623486,3.759963904346518e-06,520,1310,False,1310.0,False,False,False,False,1.3898949879260776,0.025510334767774107,0.0355882406685881
ARHVYAAYRFDY,H4-34,K4-1,True,18,1,1,0.0001056418623486,2.6952143773515746e-06,3.759963904346518e-06,False,False,False,False,False,False,False,False,False,False,False,False,False,1,2,False,0.6833333333333335,False,False,False,8.545542907714843,1531.6715,2,0.0001056418623486,3.759963904346518e-06,523,1311,False,1311.0,False,False,False,False,1.3898949879260776,0.025510334767774107,0.0355882406685881
ARIAYATRSHVYFDP,H3-23_A,K3-20,True,18,1,1,0.0001056418623486,2.6952143773515746e-06,3.759963904346518e-06,False,False,False,False,True,False,False,False,False,False,False,False,False,1,2,False,1.06,False,False,False,8.638685607910158,1766.9523,2,0.0001056418623486,3.759963904346518e-06,541,1313,False,1313.0,False,False,False,False,1.3898949879260776,0.025510334767774107,0.0355882406685881
ARIDIRYAAHFDY,H3-23_A,K3-20,True,18,1,1,0.0001056418623486,2.6952143773515746e-06,3.759963904346518e-06,False,False,False,False,False,False,False,False,False,False,False,False,False,0,1,False,0.6000000000000001,False,False,False,6.790507125854492,1610.7699,2,0.0001056418623486,3.759963904346518e-06,543,1314,False,1314.0,False,False,False,False,1.3898949879260776,0.025510334767774107,0.0355882406685881
ARIRSWYWGPGFDY,H3-23_A,K3-15,True,18,1,1,0.0001056418623486,2.6952143773515746e-06,3.759963904346518e-06,False,False,False,True,False,False,False,False,False,False,False,False,False,1,1,False,-0.0357142857142855,False,False,False,8.632579040527343,1773.9446999999998,2,0.0001056418623486,3.759963904346518e-06,558,1316,False,1316.0,False,False,False,False,1.3898949879260776,0.025510334767774107,0.0355882406685881
ARIYRIWSGYELFDY,H3-23_A,K3-20,True,18,1,1,0.0001056418623486,2.6952143773515746e-06,3.759963904346518e-06,False,False,False,False,False,False,False,False,False,False,False,False,False,0,0,False,-0.6399999999999999,False,False,False,6.112389755249024,1952.1707,2,0.0001056418623486,3.759963904346518e-06,576,1317,False,1317.0,False,False,False,False,1.3898949879260776,0.025510334767774107,0.0355882406685881
ARKHYLSRSVSFDY,H3-23_A,K3-20,True,18,1,1,0.0001056418623486,2.6952143773515746e-06,3.759963904346518e-06,False,False,False,False,False,False,False,False,False,False,False,False,False,2,3,False,1.5642857142857145,False,False,False,9.69764862060547,1728.9043,2,0.0001056418623486,3.759963904346518e-06,584,1318,False,1318.0,False,False,False,False,1.3898949879260776,0.025510334767774107,0.0355882406685881
ARKPRLLPYAFDY,H3-23_A,K4-1,True,18,1,1,0.0001056418623486,2.6952143773515746e-06,3.759963904346518e-06,False,False,False,False,False,False,False,False,False,False,False,False,False,2,2,False,0.0846153846153848,False,False,False,9.69757843017578,1609.868,2,0.0001056418623486,3.759963904346518e-06,589,1319,False,1319.0,False,False,False,False,1.3898949879260776,0.025510334767774107,0.0355882406685881
ARLGRSGVLFYSFDP,H3-23_A,K3-20,True,18,1,1,0.0001056418623486,2.6952143773515746e-06,3.759963904346518e-06,False,False,False,False,True,False,False,False,False,False,False,False,False,1,1,False,0.3066666666666668,False,False,False,8.79022674560547,1684.8914,2,0.0001056418623486,3.759963904346518e-06,609,1321,False,1321.0,False,False,False,False,1.3898949879260776,0.025510334767774107,0.0355882406685881
ARLPGVYGASSRGFDY,H3-23_A,K4-1,True,18,1,1,0.0001056418623486,2.6952143773515746e-06,3.759963904346518e-06,False,False,False,False,False,False,False,False,False,False,False,False,False,1,1,False,1.80625,False,False,False,8.632579040527343,1715.8624,2,0.0001056418623486,3.759963904346518e-06,629,1324,False,1324.0,False,False,False,False,1.3898949879260776,0.025510334767774107,0.0355882406685881
ARLPWYWSGAFDY,H3-23_A,K4-1,True,18,1,1,0.0001056418623486,2.6952143773515746e-06,3.759963904346518e-06,False,False,False,True,False,False,False,False,False,False,False,False,False,0,0,False,-0.7307692307692306,False,False,False,5.87944984436035,1631.7856,1,0.0001056418623486,3.759963904346518e-06,633,1325,False,1325.0,False,False,False,False,1.3898949879260776,0.025510334767774107,0.0355882406685881
ARNNRAWASLWLSFDI,H3-23_A,K1-39,True,18,1,1,0.0001056418623486,2.6952143773515746e-06,3.759963904346518e-06,False,False,True,False,False,False,False,False,False,False,False,False,False,1,1,False,-0.2437499999999998,False,False,False,9.643601989746092,1920.134,2,0.0001056418623486,3.759963904346518e-06,676,1328,False,1328.0,False,False,False,False,1.3898949879260776,0.025510334767774107,0.0355882406685881
ARNPRVPSWHFDY,H3-23_A,K3-20,True,18,1,1,0.0001056418623486,2.6952143773515746e-06,3.759963904346518e-06,False,False,False,True,False,False,False,False,False,False,False,False,False,1,2,False,1.1923076923076923,False,False,False,8.796192932128907,1644.7895,2,0.0001056418623486,3.759963904346518e-06,677,1329,False,1329.0,False,False,False,False,1.3898949879260776,0.025510334767774107,0.0355882406685881
ARPSGNGYFDY,H5-51,K3-15,True,18,1,1,0.0001056418623486,2.6952143773515746e-06,3.759963904346518e-06,False,False,True,False,False,False,False,False,False,False,False,False,False,0,0,False,2.7545454545454544,False,False,False,5.87944984436035,1246.2842,1,0.0001056418623486,3.759963904346518e-06,696,1330,False,1330.0,False,False,False,False,1.3898949879260776,0.025510334767774107,0.0355882406685881
ARSKTGSSLFDY,H5-51,K3-20,True,18,1,1,0.0001056418623486,2.6952143773515746e-06,3.759963904346518e-06,False,False,False,False,False,False,False,False,False,False,False,False,False,1,1,False,2.6750000000000003,False,False,False,8.63377227783203,1331.4303,1,0.0001056418623486,3.759963904346518e-06,747,1334,False,1334.0,False,False,False,False,1.3898949879260776,0.025510334767774107,0.0355882406685881
ARSPLWSRGQGFDY,H5-51,K4-1,True,18,1,1,0.0001056418623486,2.6952143773515746e-06,3.759963904346518e-06,False,False,False,False,False,False,False,False,False,False,False,False,False,1,1,False,1.6214285714285717,False,False,False,8.79022674560547,1639.7680999999998,2,0.0001056418623486,3.759963904346518e-06,754,1337,False,1337.0,False,False,False,False,1.3898949879260776,0.025510334767774107,0.0355882406685881
ARSVQWSYSRSYGFDI,H3-23_A,K1-39,True,18,1,1,0.0001056418623486,2.6952143773515746e-06,3.759963904346518e-06,False,False,False,False,False,False,False,False,False,False,False,False,False,1,1,False,1.46875,False,False,False,8.632579040527343,1922.0604,2,0.0001056418623486,3.759963904346518e-06,781,1340,False,1340.0,False,False,False,False,1.3898949879260776,0.025510334767774107,0.0355882406685881
ARTGYAGWYWAFDY,H3-23_A,K3-20,True,18,1,1,0.0001056418623486,2.6952143773515746e-06,3.759963904346518e-06,False,False,False,True,False,False,False,False,False,False,False,False,False,0,0,False,0.1571428571428572,False,False,False,5.87858085632324,1726.8418,1,0.0001056418623486,3.759963904346518e-06,798,1341,False,1341.0,False,False,False,False,1.3898949879260776,0.025510334767774107,0.0355882406685881
ARTHYVLWYSPFDY,H3-23_A,K3-15,True,18,1,1,0.0001056418623486,2.6952143773515746e-06,3.759963904346518e-06,False,False,False,False,False,False,False,False,False,False,False,False,False,0,1,False,-0.3999999999999998,False,False,False,6.786059951782226,1817.9939,1,0.0001056418623486,3.759963904346518e-06,801,1342,False,1342.0,False,False,False,False,1.3898949879260776,0.025510334767774107,0.0355882406685881
ARTSIRYGSYPFDY,H3-23_A,K3-15,True,18,1,1,0.0001056418623486,2.6952143773515746e-06,3.759963904346518e-06,False,False,False,False,False,False,False,False,False,False,False,False,False,1,1,False,1.6857142857142855,False,False,False,8.539295959472657,1695.828,2,0.0001056418623486,3.759963904346518e-06,814,1345,False,1345.0,False,False,False,False,1.3898949879260776,0.025510334767774107,0.0355882406685881
ARVARYWSSWGFDY,H3-23_A,K3-15,True,18,1,1,0.0001056418623486,2.6952143773515746e-06,3.759963904346518e-06,False,False,False,False,False,False,False,False,False,False,False,False,False,1,1,False,0.3285714285714287,False,False,False,8.632579040527343,1763.9068,2,0.0001056418623486,3.759963904346518e-06,826,1346,False,1346.0,False,False,False,False,1.3898949879260776,0.025510334767774107,0.0355882406685881
ARVHRGLAVYWTFDY,H1-69,K1-39,True,18,1,1,0.0001056418623486,2.6952143773515746e-06,3.759963904346518e-06,False,False,False,False,False,False,False,False,False,False,False,False,False,1,2,False,-0.2666666666666665,False,False,False,8.638685607910158,1854.0741000000005,2,0.0001056418623486,3.759963904346518e-06,834,1347,False,1347.0,False,False,False,False,1.3898949879260776,0.025510334767774107,0.0355882406685881
ARVQRTAVTGFDY,H3-23_A,UNK,True,18,1,1,0.0001056418623486,2.6952143773515746e-06,3.759963904346518e-06,False,False,False,False,False,False,False,False,False,False,False,False,False,1,1,False,2.015384615384616,False,False,False,8.79022674560547,1483.6272,2,0.0001056418623486,3.759963904346518e-06,856,1348,False,1348.0,False,False,False,False,1.3898949879260776,0.025510334767774107,0.0355882406685881
ARVRPWYAQLYAFDP,H3-23_A,K3-15,True,18,1,1,0.0001056418623486,2.6952143773515746e-06,3.759963904346518e-06,False,False,False,False,True,False,False,False,False,False,False,False,False,1,1,False,-0.0666666666666665,False,False,False,8.632579040527343,1853.0861,2,0.0001056418623486,3.759963904346518e-06,868,1350,False,1350.0,False,False,False,False,1.3898949879260776,0.025510334767774107,0.0355882406685881
ARVRVPAWYTSHFDY,H3-23_A,K3-15,True,18,1,1,0.0001056418623486,2.6952143773515746e-06,3.759963904346518e-06,False,False,False,False,False,False,False,False,False,False,False,False,False,1,2,False,0.5400000000000001,False,False,False,8.638685607910158,1868.0577000000003,2,0.0001056418623486,3.759963904346518e-06,878,1352,False,1352.0,False,False,False,False,1.3898949879260776,0.025510334767774107,0.0355882406685881
ARVRYVTYWDYWAFDY,H3-23_A,K1-39,True,18,1,1,0.0001056418623486,2.6952143773515746e-06,3.759963904346518e-06,False,False,False,False,False,False,False,False,False,False,False,False,False,0,0,False,-0.3999999999999999,False,False,False,6.0022838592529295,2174.3696,2,0.0001056418623486,3.759963904346518e-06,888,1354,False,1354.0,False,False,False,False,1.3898949879260776,0.025510334767774107,0.0355882406685881
ARVSRHYLYGYLFDY,H3-23_A,UNK,True,18,1,1,0.0001056418623486,2.6952143773515746e-06,3.759963904346518e-06,False,False,False,False,False,False,False,False,False,False,False,False,False,1,2,False,-0.2733333333333331,False,False,False,8.478932189941407,1923.1327,2,0.0001056418623486,3.759963904346518e-06,894,1355,False,1355.0,False,False,False,False,1.3898949879260776,0.025510334767774107,0.0355882406685881
ARVSYTRSGWTFDY,H3-23_A,K4-1,True,18,1,1,0.0001056418623486,2.6952143773515746e-06,3.759963904346518e-06,False,False,False,False,False,False,False,False,False,False,False,False,False,1,1,False,1.635714285714286,False,False,False,8.632579040527343,1708.8267999999998,2,0.0001056418623486,3.759963904346518e-06,899,1356,False,1356.0,False,False,False,False,1.3898949879260776,0.025510334767774107,0.0355882406685881
ARVYGWAYPYFDY,H5-51,UNK,True,18,1,1,0.0001056418623486,2.6952143773515746e-06,3.759963904346518e-06,False,False,False,False,False,False,False,False,False,False,False,False,False,0,0,False,-0.3307692307692307,False,False,False,5.877711868286132,1670.8182,1,0.0001056418623486,3.759963904346518e-06,909,1358,False,1358.0,False,False,False,False,1.3898949879260776,0.025510334767774107,0.0355882406685881
ARWHVSHSGAVFDY,H3-23_A,K3-20,True,18,1,1,0.0001056418623486,2.6952143773515746e-06,3.759963904346518e-06,False,False,False,False,False,False,False,False,False,False,False,False,False,0,2,False,0.9142857142857144,False,False,False,6.960470962524414,1631.7476,1,0.0001056418623486,3.759963904346518e-06,921,1360,False,1360.0,False,False,False,False,1.3898949879260776,0.025510334767774107,0.0355882406685881
ARWQFGYGPKYGFDP,H3-23_A,K3-15,True,18,1,1,0.0001056418623486,2.6952143773515746e-06,3.759963904346518e-06,False,False,False,False,True,False,False,False,False,False,False,False,False,1,1,False,1.14,False,False,False,8.54006805419922,1788.956,1,0.0001056418623486,3.759963904346518e-06,928,1361,False,1361.0,False,False,False,False,1.3898949879260776,0.025510334767774107,0.0355882406685881
ARYGYIYWDVFDY,H3-23_A,K3-15,True,18,1,1,0.0001056418623486,2.6952143773515746e-06,3.759963904346518e-06,False,False,False,False,False,False,False,False,False,False,False,False,False,-1,-1,False,-0.4999999999999999,False,False,False,4.207874679565429,1730.8701,1,0.0001056418623486,3.759963904346518e-06,966,1364,False,1364.0,False,False,False,False,1.3898949879260776,0.025510334767774107,0.0355882406685881
ARYIYGWSGAAFDY,H3-23_A,K3-20,True,18,1,1,0.0001056418623486,2.6952143773515746e-06,3.759963904346518e-06,False,False,False,False,False,False,False,False,False,False,False,False,False,0,0,False,0.3928571428571429,False,False,False,5.87858085632324,1639.7629,1,0.0001056418623486,3.759963904346518e-06,971,1365,False,1365.0,False,False,False,False,1.3898949879260776,0.025510334767774107,0.0355882406685881
ARYLGWVNVAYFDY,H3-23_A,K3-15,True,18,1,1,0.0001056418623486,2.6952143773515746e-06,3.759963904346518e-06,False,False,False,False,False,False,False,False,False,False,False,False,False,0,0,False,-0.7428571428571428,False,False,False,5.87858085632324,1736.9209999999998,1,0.0001056418623486,3.759963904346518e-06,975,1366,False,1366.0,False,False,False,False,1.3898949879260776,0.025510334767774107,0.0355882406685881
ARYRGWASFAFDY,H3-23_A,K4-1,True,18,1,1,0.0001056418623486,2.6952143773515746e-06,3.759963904346518e-06,False,False,False,False,False,False,False,False,False,False,False,False,False,1,1,False,0.3615384615384617,False,False,False,8.632579040527343,1609.7403,2,0.0001056418623486,3.759963904346518e-06,981,1368,False,1368.0,False,False,False,False,1.3898949879260776,0.025510334767774107,0.0355882406685881
ARGRSRLWGVPFDY,H3-23_A,K4-1,True,166,58633,60492,0.0009742527305486,0.1580285045872548,0.2274477365017295,False,False,False,False,False,False,False,False,False,False,False,False,False,2,2,False,0.7642857142857145,True,False,True,10.73751983642578,1679.8783,3,0.2274477365017295,0.2274477365017295,370,1,True,1000000.0,False,False,False,True,1.4392828857234192,162.20317131321457,233.45626325422032
ARATWVLLWEDAFDI,H1-69,K3-20,True,11,1908,4539,6.455891587973261e-05,0.0051424690319868,0.0170664761618288,False,False,False,False,False,False,False,False,False,True,False,False,False,-2,-2,True,-1.0533333333333332,False,False,False,4.050025558471679,1806.0248,1,0.0170664761618288,0.0170664761618288,69,10,True,1000000.0,False,False,False,True,3.318725473778968,79.6431063139618,264.314119716942
ARGRSRLWGVPFDY,UNK,K4-1,True,6,1930,1976,3.5213954116217785e-05,0.0052017637482885,0.0074296886749887,False,False,False,False,False,False,False,False,False,False,False,False,False,2,2,False,0.7642857142857145,True,False,True,10.73751983642578,1679.8783,3,0.0074296886749887,0.0074296886749887,370,16,True,1000000.0,False,False,False,False,1.4282990830643556,147.6768829281863,210.92716196697316
ARGRSRLWGVPFDY,H1-69,K4-1,True,3,1127,1025,1.7606977058108893e-05,0.0030375066032752,0.0038539630019551,False,False,False,False,False,False,False,False,False,False,False,False,False,2,2,False,0.7642857142857145,True,False,True,10.73751983642578,1679.8783,3,0.0038539630019551,0.0038539630019551,370,18,True,1000000.0,False,False,False,False,1.268787468618136,172.41928585455415,218.76414944760143
ARGRSRLWGVPFDY,H3-23_A,UNK,True,6,495,564,3.5213954116217785e-05,0.001334131116789,0.0021206196420514,False,False,False,False,False,False,False,False,False,False,False,False,False,2,2,False,0.7642857142857145,True,False,True,10.73751983642578,1679.8783,3,0.0021206196420514,0.0021206196420514,370,30,True,1000000.0,False,False,False,False,1.589501751625263,37.8756772276949,60.20390655332548
ARGRSRLWGVPFDY,H3-23_A,K1-39,True,3,253,495,1.7606977058108893e-05,0.0006818892374699,0.0018611821326515,False,False,False,False,False,False,False,False,False,False,False,False,False,2,2,False,0.7642857142857145,True,False,True,10.73751983642578,1679.8783,3,0.0018611821326515,0.0018611821326515,370,34,True,1000000.0,False,False,False,False,2.7294093179472947,38.70637029387707,105.64707705030581
ARGRSRLWGVPFDY,H3-23_A,K3-15,True,4,668,366,2.347596941081186e-05,0.0018004032040708,0.0013761467889908,False,False,False,False,False,False,False,False,False,False,False,False,False,2,2,False,0.7642857142857145,True,False,True,10.73751983642578,1679.8783,3,0.0018004032040708,0.0018004032040708,370,47,True,1000000.0,False,False,False,False,0.7643505312443176,76.65867108052934,58.59442141473987
ARATWVLLWEDAFDI,H3-23_A,K3-20,True,2,121,331,1.173798470540593e-05,0.0003261209396595,0.0012445480523386,False,False,False,False,False,False,False,False,False,True,False,False,False,-2,-2,True,-1.0533333333333332,False,False,False,4.050025558471679,1806.0248,1,0.0012445480523386,0.0012445480523386,69,50,True,1000000.0,False,False,False,False,3.8160993055058863,27.759734783229064,105.93715292852835
ARATWVLLWEDAFDI,H1-69,UNK,True,2,78,185,1.173798470540593e-05,0.0002102267214334,0.0006955933223041,False,False,False,False,False,False,False,False,False,True,False,False,False,-2,-2,True,-1.0533333333333332,False,False,False,4.050025558471679,1806.0248,1,0.0006955933223041,0.0006955933223041,69,68,True,1000000.0,False,False,False,False,3.308619529269315,17.89470506687521,59.20958698422693
ARATWVLLWEDAFDI,UNK,K3-20,True,1,45,121,5.868992352702965e-06,0.0001212846469808,0.0004549556324259,False,False,False,False,False,False,False,False,False,True,False,False,False,-2,-2,True,-1.0533333333333332,False,False,False,4.050025558471679,1806.0248,1,0.0004549556324259,0.0004549556324259,69,79,True,1000000.0,False,False,False,False,3.7508302612720903,20.63017600712431,77.3866685192619
ARGRSRLWGVPFDY,H3-23_A,K3-20,True,8,584,118,4.695193882162372e-05,0.0015740051963733,0.0004436757407128,False,False,False,False,False,False,False,False,False,False,False,False,False,2,2,False,0.7642857142857145,True,False,True,10.73751983642578,1679.8783,3,0.0015740051963733,0.0015740051963733,370,81,True,1000000.0,False,False,False,False,0.2818751316601495,33.51661443007856,9.447560127319713
ARATWVLLWEDAFDI,H1-69,K1-39,True,1,31,118,5.868992352702965e-06,8.355164569789881e-05,0.0004436757407128,False,False,False,False,False,False,False,False,False,True,False,False,False,-2,-2,True,-1.0533333333333332,False,False,False,4.050025558471679,1806.0248,1,0.0004436757407128,0.0004436757407128,69,82,True,1000000.0,False,False,False,False,5.309562024625808,14.211899027132523,75.46799078736898
ARATWVLLWEDAFDI,H1-69,K4-1,True,2,68,115,1.173798470540593e-05,0.0001832745776599,0.0004323958489998,False,False,False,False,False,False,False,False,False,True,False,False,False,-2,-2,True,-1.0533333333333332,False,False,False,4.050025558471679,1806.0248,1,0.0004323958489998,0.0004323958489998,69,83,True,1000000.0,False,False,False,False,2.359150205218832,15.600512109584612,36.8059594766777
ARGRSRLWGVPFDY,H4-34,K4-1,True,4,493,97,2.347596941081186e-05,0.0013287406880343,0.0003647164987216,False,False,False,False,False,False,False,False,False,False,False,False,False,2,2,False,0.7642857142857145,True,False,True,10.73751983642578,1679.8783,3,0.0013287406880343,0.0013287406880343,370,88,True,1000000.0,False,False,False,False,0.2744807600146171,56.57593539326543,15.529122615381645
ARGRSRLWGVPFDI,H3-23_A,K1-39,True,1,37,97,5.868992352702965e-06,9.972293196200826e-05,0.0003647164987216,False,False,False,False,False,False,False,False,False,False,False,False,False,2,2,False,0.3285714285714287,True,False,True,11.698988342285158,1629.8627,3,0.0003647164987216,0.0003647164987216,370,89,True,1000000.0,False,False,False,False,3.656931482376686,16.96258916141624,62.03724666420352
ARATWVLLWEDAFDI,H1-69,K3-15,True,1,48,67,5.868992352702965e-06,0.0001293702901128,0.0002519175815912,False,False,False,False,False,False,False,False,False,True,False,False,False,-2,-2,True,-1.0533333333333332,False,False,False,4.050025558471679,1806.0248,1,0.0002519175815912,0.0002519175815912,69,107,True,1000000.0,False,False,False,False,1.9471094196153529,22.005521074256862,42.85046934537628
ARGRSRLWGVPFDY,UNK,UNK,True,2,48,41,1.173798470540593e-05,0.0001293702901128,0.0001541585200782,False,False,False,False,False,False,False,False,False,False,False,False,False,2,2,False,0.7642857142857145,True,False,True,10.73751983642578,1679.8783,3,0.0001541585200782,0.0001541585200782,370,131,True,1000000.0,False,False,False,False,1.1915147194661346,11.012126194994893,13.122124682990329
ARGRSRLWGVTFDY,H3-23_A,K4-1,True,2,33,38,1.173798470540593e-05,8.894207445260196e-05,0.0001428786283651,False,False,False,False,False,False,False,False,False,False,False,False,False,2,2,False,0.985714285714286,True,False,True,10.73751983642578,1683.867,3,0.0001428786283651,0.0001428786283651,370,133,True,1000000.0,False,False,False,False,1.6062427913497708,7.570836759063412,12.16196921837609
ARGRSRLWGVHFDY,H3-23_A,K4-1,True,1,28,32,5.868992352702965e-06,7.546600256584409e-05,0.000120318844939,False,False,False,False,False,False,False,False,False,False,False,False,False,2,3,False,0.7642857142857145,True,False,True,10.73751983642578,1719.9024,3,0.000120318844939,0.000120318844939,370,137,True,1000000.0,False,False,False,False,1.5941337756200817,12.836553959990667,20.465895806733172
ARGRSRLWGVPFDI,H3-23_A,K3-15,True,1,37,31,5.868992352702965e-06,9.972293196200826e-05,0.0001165588810347,False,False,False,False,False,False,False,False,False,False,False,False,False,2,2,False,0.3285714285714287,True,False,True,11.698988342285158,1629.8627,3,0.0001165588810347,0.0001165588810347,370,140,True,1000000.0,False,False,False,False,1.1687100613777335,16.96258916141624,19.826336562780202
ARATWVLLWEDAFDI,H4-34,K3-20,True,1,76,26,5.868992352702965e-06,0.0002048362926787,9.775906151300949e-05,False,False,False,False,False,False,False,False,False,True,False,False,False,-2,-2,True,-1.0533333333333332,False,False,False,4.050025558471679,1806.0248,1,0.0002048362926787,0.0002048362926787,69,148,True,1000000.0,False,False,False,False,0.47723129491215105,34.842075034257036,16.628540342982948
ARGRSRLWGVPFDY,H5-51,K4-1,True,6,136,17,3.5213954116217785e-05,0.0003665491553198,6.391938637389082e-05,False,False,False,False,False,False,False,False,False,False,False,False,False,2,2,False,0.7642857142857145,True,False,True,10.73751983642578,1679.8783,3,0.0003665491553198,0.0003665491553198,370,162,True,1000000.0,False,False,False,False,0.17437672868414686,10.406246672659437,1.8146567578130333
ARDPNWSSYRGFDY,H1-69,K1-39,True,15,598,1,8.803488529054446e-05,0.0016117381976562,3.759963904346518e-06,True,False,False,False,True,False,False,False,False,False,False,False,False,0,0,False,2.521428571428572,False,False,False,6.004021835327148,1733.7931999999998,2,0.0016117381976562,0.0016117381976562,153,249,True,1000000.0,False,False,False,True,0.0023328482140164623,18.30586969745637,0.04270508039097096
ARGLNLILWEAPFDY,H1-69,K4-1,True,16,409,1,9.390387764324744e-05,0.0011023426803367,3.759963904346518e-06,False,False,False,False,False,False,False,False,False,False,False,False,False,-1,-1,True,-1.0466666666666664,False,False,False,4.370375442504883,1778.0146,1,0.0011023426803367,0.0011023426803367,326,256,True,1000000.0,False,False,False,True,0.0034108538686530737,11.737803911411174,0.04003629707027507
ARGVWPLLWEDAFDI,H1-69,K1-39,True,21,116,1,0.0001232488394067,0.0003126448677727,3.759963904346518e-06,False,False,False,False,False,False,False,False,False,True,False,False,False,-2,-2,True,-1.0199999999999998,False,False,False,4.050025558471679,1788.0095,1,0.0003126448677727,0.0003126448677727,380,298,True,1000000.0,False,False,False,False,0.01202592472374366,2.5364904397737296,0.03050461875549785
AREIKWFYPLAFDY,H3-7_A,K1-39,True,2,115,1,1.173798470540593e-05,0.0003099496533954,3.759963904346518e-06,False,False,False,True,False,False,False,False,False,False,False,False,False,0,0,True,-1.1,False,False,False,6.112389755249024,1819.0648,1,0.0003099496533954,0.0003099496533954,234,299,True,1000000.0,False,False,False,False,0.01213049460843899,26.383219008854702,0.3200518215363645
ARGWTSRWRFDY,H3-23_A,K4-1,True,9,41,1,5.282093117432668e-05,0.0001105037894714,3.759963904346518e-06,False,False,False,False,False,False,False,False,False,False,False,False,False,2,2,False,0.9166666666666669,True,False,True,10.73751983642578,1600.737,3,0.0001105037894714,0.0001105037894714,417,399,True,1000000.0,False,False,False,False,0.03402257693208108,2.091649475319102,0.0711697450862589
ARDPSRLYLWGRKPFDY,H3-23_A,K4-1,True,22,2,1,0.0001291178317594,5.390428754703149e-06,3.759963904346518e-06,False,False,False,False,True,False,False,False,False,False,False,False,False,2,2,False,0.9058823529411768,True,False,False,9.694419860839844,2140.4017,3,0.0001291178317594,5.390428754703149e-06,159,417,True,1000000.0,False,False,False,False,0.6962343315930285,0.041744902560951945,0.029118152555619038
ARVRFTYGRLWGFDY,H3-23_A,K1-39,True,104,1,1,0.0006103752046811,2.6952143773515746e-06,3.759963904346518e-06,False,False,False,False,False,False,False,False,False,False,False,False,False,2,2,False,-0.2533333333333331,True,False,True,9.97897186279297,1907.1367,3,0.0006103752046811,3.759963904346518e-06,859,422,True,1000000.0,False,False,False,True,1.3898949879260776,0.00441559585108179,0.006159985326497121
ARDLPWLYPYVYFDY,H3-23_A,K3-20,True,81,1,1,0.0004753883805689,2.6952143773515746e-06,3.759963904346518e-06,False,False,False,False,False,False,False,False,False,False,False,False,False,-1,-1,True,-1.2266666666666666,False,False,False,4.207874679565429,1981.2068,1,0.0004753883805689,3.759963904346518e-06,135,427,True,1000000.0,False,False,False,False,1.3898949879260776,0.0056693806447684235,0.007909080169450813
ARARAGWYGVP,H4-34,K3-20,True,79,1,1,0.0004636503958635,2.6952143773515746e-06,3.759963904346518e-06,False,False,False,False,False,False,False,False,False,False,False,False,False,2,2,False,1.1454545454545455,False,False,True,10.835224914550782,1203.3523,2,0.0004636503958635,3.759963904346518e-06,41,431,True,1000000.0,False,False,False,False,1.3898949879260776,0.005812906173131588,0.00810930572869855
ARAKLVYLYGRWYFDI,H3-23_A,UNK,True,74,1,1,0.0004343054341,2.6952143773515746e-06,3.759963904346518e-06,False,False,False,True,False,False,False,False,False,False,False,False,False,2,2,True,-1.3124999999999998,False,False,False,9.525611877441406,2034.3606,2,0.0004343054341,3.759963904346518e-06,22,435,True,1000000.0,False,False,False,False,1.3898949879260776,0.006205661060460975,0.008657219175593001
ARQRLRGQTFDY,H3-23_A,K3-20,True,69,1,1,0.0004049604723365,2.6952143773515746e-06,3.759963904346518e-06,False,False,False,False,False,False,False,False,False,False,False,False,False,2,2,False,2.2750000000000004,True,False,True,10.73751983642578,1510.6559,3,0.0004049604723365,3.759963904346518e-06,721,438,True,1000000.0,False,False,False,False,1.3898949879260776,0.006655335540394792,0.009284538407586099
ARTPTWLWYWALFDY,H3-23_A,K3-15,True,64,1,1,0.0003756155105729,2.6952143773515746e-06,3.759963904346518e-06,False,False,False,True,False,False,False,False,False,False,False,False,False,0,0,True,-2.033333333333333,False,True,False,5.87944984436035,1989.2323,1,0.0003756155105729,3.759963904346518e-06,809,444,True,1000000.0,False,False,False,False,1.3898949879260776,0.007175269787296561,0.01000987366010328
ARDLRGYSWTRYFDY,H3-23_A,K3-20,True,63,1,1,0.0003697465182202,2.6952143773515746e-06,3.759963904346518e-06,False,False,False,False,False,False,False,False,False,False,False,False,False,1,1,False,1.2000000000000002,True,False,False,8.538594055175782,1969.1185,3,0.0003697465182202,3.759963904346518e-06,138,445,True,1000000.0,False,False,False,False,1.3898949879260776,0.007289159878302677,0.010168756246529123
ARPARYRWVFDY,H3-23_A,K3-20,True,62,1,1,0.0003638775258675,2.6952143773515746e-06,3.759963904346518e-06,False,False,False,False,False,False,False,False,False,False,False,False,False,2,2,False,0.1833333333333334,True,False,True,9.97897186279297,1599.7919,3,0.0003638775258675,3.759963904346518e-06,681,448,True,1000000.0,False,False,False,False,1.3898949879260776,0.007406723742250415,0.01033276393683143
ARVWRWLTPFDY,H4-34,K3-20,True,61,1,1,0.0003580085335148,2.6952143773515746e-06,3.759963904346518e-06,False,False,False,False,False,False,False,False,False,False,False,False,False,1,1,True,-1.35,False,False,False,8.79022674560547,1609.8265,2,0.0003580085335148,3.759963904346518e-06,905,450,True,1000000.0,False,False,False,False,1.3898949879260776,0.007528142051450971,0.010502148778258951
ARANRGRLARFDY,H3-23_A,K3-20,True,58,1,1,0.0003404015564567,2.6952143773515746e-06,3.759963904346518e-06,False,False,False,False,False,False,False,False,False,False,False,False,True,3,3,False,1.961538461538462,True,False,True,11.539094543457033,1565.7377,4,0.0003404015564567,3.759963904346518e-06,33,453,True,1000000.0,False,False,False,False,1.3898949879260776,0.007917517270581861,0.011045347412653958
ARLRYRSHYGYVAFDI,H3-23_A,K4-1,True,58,1,1,0.0003404015564567,2.6952143773515746e-06,3.759963904346518e-06,False,False,False,False,False,False,False,False,False,False,False,False,False,2,3,False,0.3312500000000001,True,False,True,9.694560241699218,1987.2231,3,0.0003404015564567,3.759963904346518e-06,650,454,True,1000000.0,False,False,False,False,1.3898949879260776,0.007917517270581861,0.011045347412653958
ARISYVSFLWYAYAFDI,H3-23_A,K3-15,True,52,1,1,0.0003051876023405,2.6952143773515746e-06,3.759963904346518e-06,False,False,False,False,False,False,False,False,False,False,False,False,False,0,0,True,-1.7352941176470589,False,False,False,5.87858085632324,2085.3576,1,0.0003051876023405,3.759963904346518e-06,566,462,True,1000000.0,False,False,False,False,1.3898949879260776,0.008831047022265276,0.01231976881702903
ARLVRLGSRSKSHWFDP,H3-23_A,K3-20,True,50,1,1,0.0002934496176351,2.6952143773515746e-06,3.759963904346518e-06,False,False,False,True,True,False,False,False,False,False,False,False,True,3,4,False,1.0882352941176472,True,False,True,11.711412048339843,2012.2776,3,0.0002934496176351,3.759963904346518e-06,665,467,True,1000000.0,False,False,False,False,1.3898949879260776,0.00918427686600109,0.012812542777254672
ARHRSWGRTFDY,H3-23_A,K3-20,True,49,1,1,0.0002875806252824,2.6952143773515746e-06,3.759963904346518e-06,False,False,False,False,False,False,False,False,False,False,False,False,False,2,3,False,1.925,True,False,True,10.73751983642578,1551.6663999999998,3,0.0002875806252824,3.759963904346518e-06,489,472,True,1000000.0,False,False,False,False,1.3898949879260776,0.009371704570359362,0.013074014149989823
ARIKYRWAVYKHWFDP,H3-23_A,K3-15,True,48,1,1,0.0002817116329297,2.6952143773515746e-06,3.759963904346518e-06,False,False,False,True,True,False,False,False,False,False,False,False,True,3,4,False,-0.4062499999999999,False,False,False,9.99329071044922,2136.4576,2,0.0002817116329297,3.759963904346518e-06,549,475,True,1000000.0,False,False,False,False,1.3898949879260776,0.009566941485193402,0.013346379776539094
ARWRTRNYLRSWFDP,H3-23_A,K1-39,True,48,1,1,0.0002817116329297,2.6952143773515746e-06,3.759963904346518e-06,False,False,False,False,True,False,False,False,False,False,False,False,True,3,3,False,0.6266666666666668,True,False,True,11.539094543457033,2024.2468,4,0.0002817116329297,3.759963904346518e-06,935,479,True,1000000.0,False,False,False,False,1.3898949879260776,0.009566941485193402,0.013346379776539094
ARADRGRAIRY,H3-23_A,K1-39,True,46,1,1,0.0002699736482243,2.6952143773515746e-06,3.759963904346518e-06,False,False,False,False,False,False,False,False,False,False,False,False,True,3,3,False,2.6272727272727274,True,False,True,11.539094543457033,1304.4613,4,0.0002699736482243,3.759963904346518e-06,7,482,True,1000000.0,False,False,False,False,1.3898949879260776,0.00998288005617442,0.013926635665070998
ARGFGVLREWFRYAFDP,H3-23_A,K3-15,True,46,1,1,0.0002699736482243,2.6952143773515746e-06,3.759963904346518e-06,False,False,False,False,True,False,False,False,False,False,False,False,False,1,1,False,-0.252941176470588,True,False,True,8.788050842285156,2087.3405,3,0.0002699736482243,3.759963904346518e-06,308,485,True,1000000.0,False,False,False,False,1.3898949879260776,0.00998288005617442,0.013926635665070998
ARVALHRGYRHYSFDY,H3-23_A,K3-20,True,45,1,1,0.0002641046558716,2.6952143773515746e-06,3.759963904346518e-06,False,False,False,False,False,False,False,False,False,False,False,False,False,2,4,False,0.9625,True,False,True,9.694700622558592,2011.2048,3,0.0002641046558716,3.759963904346518e-06,823,491,True,1000000.0,False,False,False,False,1.3898949879260776,0.010204713435750645,0.014236104739959732
ARVRWRGDWPFDY,H3-23_A,K3-20,True,45,1,1,0.0002641046558716,2.6952143773515746e-06,3.759963904346518e-06,False,False,False,False,False,False,False,False,False,False,False,False,False,1,1,False,0.5923076923076924,True,False,False,8.787910461425781,1723.8893999999998,3,0.0002641046558716,3.759963904346518e-06,879,492,True,1000000.0,False,False,False,False,1.3898949879260776,0.010204713435750645,0.014236104739959732
ARSRWLRGPWYTFDP,H4-34,K1-39,True,44,1,1,0.0002582356635189,2.6952143773515746e-06,3.759963904346518e-06,False,False,False,False,True,False,False,False,False,False,False,False,False,2,2,False,0.4000000000000002,True,False,True,10.73751983642578,1908.125,3,0.0002582356635189,3.759963904346518e-06,768,498,True,1000000.0,False,False,False,False,1.3898949879260776,0.010436629760306982,0.014559640046274549
ARVRFLGRLDY,H3-23_A,K4-1,True,44,1,1,0.0002582356635189,2.6952143773515746e-06,3.759963904346518e-06,False,False,False,False,False,False,False,False,False,False,False,False,False,2,2,False,-0.2545454545454543,True,False,True,10.73751983642578,1365.5822,3,0.0002582356635189,3.759963904346518e-06,858,499,True,1000000.0,False,False,False,False,1.3898949879260776,0.010436629760306982,0.014559640046274549
ARVWSSLLWGFDY,H3-23_A,K3-20,True,44,1,1,0.0002582356635189,2.6952143773515746e-06,3.759963904346518e-06,False,False,False,False,False,False,False,False,False,False,False,False,False,0,0,True,-1.3999999999999997,False,False,False,5.880318832397459,1599.7852,1,0.0002582356635189,3.759963904346518e-06,906,500,True,1000000.0,False,False,False,False,1.3898949879260776,0.010436629760306982,0.014559640046274549
ARHTRGAPYARFDY,H3-23_A,K1-39,True,43,1,1,0.0002523666711662,2.6952143773515746e-06,3.759963904346518e-06,False,False,False,False,False,False,False,False,False,False,False,False,False,2,3,False,2.2142857142857144,True,False,True,9.979042053222656,1680.8233999999998,3,0.0002523666711662,3.759963904346518e-06,515,505,True,1000000.0,False,False,False,False,1.3898949879260776,0.010679332463247641,0.014898222910113723
ARVRTYASVY,H4-34,K3-20,True,43,1,1,0.0002523666711662,2.6952143773515746e-06,3.759963904346518e-06,False,False,False,False,False,False,False,False,False,False,False,False,False,2,2,False,1.31,False,False,True,9.98676300048828,1185.3321,2,0.0002523666711662,3.759963904346518e-06,876,506,True,1000000.0,False,False,False,False,1.3898949879260776,0.010679332463247641,0.014898222910113723
ARWRGRYGFDY,H3-23_A,K3-20,True,42,1,1,0.0002464976788135,2.6952143773515746e-06,3.759963904346518e-06,False,False,False,False,False,False,False,False,False,False,False,False,False,2,2,False,1.1909090909090911,True,False,True,9.97897186279297,1446.5703999999998,3,0.0002464976788135,3.759963904346518e-06,930,512,True,1000000.0,False,False,False,False,1.3898949879260776,0.010933591968916674,0.015252928113412601
ARDRITLLWARHFDY,H4-34,K1-39,True,41,1,1,0.0002406286864608,2.6952143773515746e-06,3.759963904346518e-06,False,False,False,False,False,False,False,False,False,False,False,False,False,1,2,False,-0.2266666666666664,True,False,False,8.793876647949219,1933.1759,3,0.0002406286864608,3.759963904346518e-06,165,515,True,1000000.0,False,False,False,False,1.3898949879260776,0.011200253861885274,0.015624935290523272
ARGSYLRWRVIYFDP,H3-23_A,K1-39,True,41,1,1,0.0002406286864608,2.6952143773515746e-06,3.759963904346518e-06,False,False,False,False,True,False,False,False,False,False,False,False,False,2,2,False,-0.3266666666666665,True,False,True,9.97897186279297,1899.1578,3,0.0002406286864608,3.759963904346518e-06,396,516,True,1000000.0,False,False,False,False,1.3898949879260776,0.011200253861885274,0.015624935290523272
ARLRYRIGRFVDPFDI,H3-23_A,K1-39,True,41,1,1,0.0002406286864608,2.6952143773515746e-06,3.759963904346518e-06,False,False,False,False,True,False,False,False,False,False,False,False,False,2,2,False,-0.1562499999999998,True,False,True,10.667610168457031,1994.3019,4,0.0002406286864608,3.759963904346518e-06,648,519,True,1000000.0,False,False,False,False,1.3898949879260776,0.011200253861885274,0.015624935290523272
ARVRPFRTAGYHWFDP,H3-23_A,K3-15,True,41,1,1,0.0002406286864608,2.6952143773515746e-06,3.759963904346518e-06,False,False,False,True,True,False,False,False,False,False,False,False,False,2,3,False,0.6250000000000002,True,False,True,10.73751983642578,1976.2022,3,0.0002406286864608,3.759963904346518e-06,866,520,True,1000000.0,False,False,False,False,1.3898949879260776,0.011200253861885274,0.015624935290523272
ARVHWLYNWAFDY,H3-23_A,K3-20,True,40,1,1,0.0002347596941081,2.6952143773515746e-06,3.759963904346518e-06,False,False,False,False,False,False,False,False,False,False,False,False,False,0,1,True,-1.4153846153846152,False,False,False,6.787184524536133,1740.9146999999998,1,0.0002347596941081,3.759963904346518e-06,836,529,True,1000000.0,False,False,False,False,1.3898949879260776,0.011480248281579989,0.016015542034208376
ARQQRQLYRFDY,H3-23_A,K1-39,True,39,1,1,0.0002288907017554,2.6952143773515746e-06,3.759963904346518e-06,False,False,False,False,False,False,False,False,False,False,False,False,False,2,2,False,1.7083333333333337,True,False,True,9.97897186279297,1643.8031,3,0.0002288907017554,3.759963904346518e-06,720,536,True,1000000.0,False,False,False,False,1.3898949879260776,0.011774600762175215,0.01642617901785361
ARGRWAGWLRYFDY,H4-34,UNK,True,38,1,1,0.0002230217094027,2.6952143773515746e-06,3.759963904346518e-06,False,False,False,False,False,False,False,False,False,False,False,False,False,2,2,False,-0.2857142857142855,True,False,True,9.97897186279297,1817.0158,3,0.0002230217094027,3.759963904346518e-06,378,539,True,1000000.0,False,False,False,False,1.3898949879260776,0.012084444783970914,0.01685842750529087
ARFRPYRYLFDY,H3-23_A,K3-20,True,37,1,1,0.00021715271705,2.6952143773515746e-06,3.759963904346518e-06,False,False,False,False,False,False,False,False,False,False,False,False,False,2,2,False,-0.5416666666666664,True,False,True,9.694419860839844,1666.8777,3,0.00021715271705,3.759963904346518e-06,288,551,True,1000000.0,False,False,False,False,1.3898949879260776,0.012411036360035148,0.017314039699921496
ARGRGRYLYAYWAFDI,H3-23_A,K3-15,True,37,1,1,0.00021715271705,2.6952143773515746e-06,3.759963904346518e-06,False,False,False,False,False,False,False,False,False,False,False,False,False,2,2,False,-0.1124999999999998,True,False,True,9.694419860839844,1978.2146,3,0.00021715271705,3.759963904346518e-06,362,552,True,1000000.0,False,False,False,False,1.3898949879260776,0.012411036360035148,0.017314039699921496
ARGYLRFLLYGFDY,H3-23_A,K3-15,True,37,1,1,0.00021715271705,2.6952143773515746e-06,3.759963904346518e-06,False,False,False,False,False,False,False,False,False,False,False,False,False,1,1,True,-1.414285714285714,False,False,False,8.539295959472657,1753.9945999999998,2,0.00021715271705,3.759963904346518e-06,425,553,True,1000000.0,False,False,False,False,1.3898949879260776,0.012411036360035148,0.017314039699921496
ARHGRARSYRVFDY,H3-23_A,K3-20,True,37,1,1,0.00021715271705,2.6952143773515746e-06,3.759963904346518e-06,False,False,False,False,False,False,False,False,False,False,False,False,True,3,4,False,2.042857142857143,True,False,True,10.83466339111328,1753.9203999999995,4,0.00021715271705,3.759963904346518e-06,442,555,True,1000000.0,False,False,False,False,1.3898949879260776,0.012411036360035148,0.017314039699921496
ARHLSAWRFRYGFDY,H3-23_A,K1-39,True,37,1,1,0.00021715271705,2.6952143773515746e-06,3.759963904346518e-06,False,False,False,False,False,False,False,False,False,False,False,False,False,2,3,False,-0.0199999999999997,True,False,True,9.979042053222656,1945.145,3,0.00021715271705,3.759963904346518e-06,465,556,True,1000000.0,False,False,False,False,1.3898949879260776,0.012411036360035148,0.017314039699921496
ARLGRYRGSGFDY,H3-23_A,K4-1,True,37,1,1,0.00021715271705,2.6952143773515746e-06,3.759963904346518e-06,False,False,False,False,False,False,False,False,False,False,False,False,False,2,2,False,2.007692307692308,True,False,True,9.97897186279297,1517.6467,3,0.00021715271705,3.759963904346518e-06,611,557,True,1000000.0,False,False,False,False,1.3898949879260776,0.012411036360035148,0.017314039699921496
ARLRYRLGTIFDY,H3-23_A,K3-20,True,37,1,1,0.00021715271705,2.6952143773515746e-06,3.759963904346518e-06,False,False,False,False,False,False,False,False,False,False,False,False,False,2,2,False,-0.292307692307692,True,False,True,9.97897186279297,1643.8859,3,0.00021715271705,3.759963904346518e-06,649,559,True,1000000.0,False,False,False,False,1.3898949879260776,0.012411036360035148,0.017314039699921496
ARDPRVYGNYRFDY,H3-23_A,K3-20,True,36,1,1,0.0002112837246973,2.6952143773515746e-06,3.759963904346518e-06,False,False,False,False,True,False,False,False,False,False,False,False,False,1,1,False,2.2071428571428573,True,False,False,8.538594055175782,1791.9186,3,0.0002112837246973,3.759963904346518e-06,158,563,True,1000000.0,False,False,False,False,1.3898949879260776,0.012755771053838664,0.017794962485199472
ARHFLAYTVWYGFDI,H3-23_A,K3-15,True,36,1,1,0.0002112837246973,2.6952143773515746e-06,3.759963904346518e-06,False,False,False,False,False,False,False,False,False,False,False,False,False,0,1,True,-1.4466666666666663,False,False,False,6.787184524536133,1859.0888,1,0.0002112837246973,3.759963904346518e-06,432,569,True,1000000.0,False,False,False,False,1.3898949879260776,0.012755771053838664,0.017794962485199472
ARLSYSWPIWPFDI,H3-23_A,K4-1,True,36,1,1,0.0002112837246973,2.6952143773515746e-06,3.759963904346518e-06,False,False,False,False,False,False,False,False,False,False,False,False,False,0,0,True,-1.6285714285714283,False,False,False,5.880318832397459,1750.9909,1,0.0002112837246973,3.759963904346518e-06,662,572,True,1000000.0,False,False,False,False,1.3898949879260776,0.012755771053838664,0.017794962485199472
ARVSFGWGRGRHFDY,H3-23_A,K3-20,True,36,1,1,0.0002112837246973,2.6952143773515746e-06,3.759963904346518e-06,False,False,False,False,False,False,False,False,False,False,False,False,False,2,3,False,1.0933333333333335,True,False,True,10.73751983642578,1810.9699,3,0.0002112837246973,3.759963904346518e-06,890,575,True,1000000.0,False,False,False,False,1.3898949879260776,0.012755771053838664,0.017794962485199472
ARAIRGWRGSWAFDY,H3-23_A,K3-20,True,35,1,1,0.0002054147323446,2.6952143773515746e-06,3.759963904346518e-06,False,False,False,False,False,False,False,False,False,False,False,False,False,2,2,False,0.5133333333333334,True,False,True,10.73751983642578,1811.9978,3,0.0002054147323446,3.759963904346518e-06,19,576,True,1000000.0,False,False,False,False,1.3898949879260776,0.01312020391405623,0.0183033652347137
ARDRHRWGYSHFDY,H3-23_A,K3-15,True,35,1,1,0.0002054147323446,2.6952143773515746e-06,3.759963904346518e-06,False,False,False,False,False,False,False,False,False,False,False,False,False,1,3,False,2.007142857142857,True,False,False,8.643528747558594,1865.9624,3,0.0002054147323446,3.759963904346518e-06,164,579,True,1000000.0,False,False,False,False,1.3898949879260776,0.01312020391405623,0.0183033652347137
ARGRGPWRPYRYGFDY,H3-23_A,K4-1,True,35,1,1,0.0002054147323446,2.6952143773515746e-06,3.759963904346518e-06,False,False,False,False,False,False,False,False,False,False,False,False,True,3,3,False,1.5812500000000005,True,False,True,10.256925964355467,2017.211,4,0.0002054147323446,3.759963904346518e-06,361,583,True,1000000.0,False,False,False,False,1.3898949879260776,0.01312020391405623,0.0183033652347137
ARISDRYIRYHGFDI,H3-23_A,K4-1,True,35,1,1,0.0002054147323446,2.6952143773515746e-06,3.759963904346518e-06,False,False,False,False,False,False,False,False,False,False,False,False,False,1,2,False,0.8000000000000002,True,False,False,8.637562561035157,1882.086,3,0.0002054147323446,3.759963904346518e-06,563,586,True,1000000.0,False,False,False,False,1.3898949879260776,0.01312020391405623,0.0183033652347137
ARTYPWYGVLFAFDY,H3-23_A,K3-15,True,35,1,1,0.0002054147323446,2.6952143773515746e-06,3.759963904346518e-06,False,False,False,False,False,False,False,False,False,False,False,False,False,0,0,True,-1.0399999999999998,False,False,False,5.87858085632324,1869.0803,1,0.0002054147323446,3.759963904346518e-06,820,587,True,1000000.0,False,False,False,False,1.3898949879260776,0.01312020391405623,0.0183033652347137
ARVYRGRARYIGTFDY,H3-23_A,K4-1,True,35,1,1,0.0002054147323446,2.6952143773515746e-06,3.759963904346518e-06,False,False,False,False,False,False,False,False,False,False,False,False,True,3,3,False,1.3125000000000002,True,False,True,10.256925964355467,1964.1898,4,0.0002054147323446,3.759963904346518e-06,910,588,True,1000000.0,False,False,False,False,1.3898949879260776,0.01312020391405623,0.0183033652347137
ARFRGSRWGFDY,H3-23_A,K3-20,True,34,1,1,0.0001995457399919,2.6952143773515746e-06,3.759963904346518e-06,False,False,False,False,False,False,False,False,False,False,False,False,False,2,2,False,1.025,True,False,True,10.73751983642578,1517.6482999999998,3,0.0001995457399919,3.759963904346518e-06,286,593,True,1000000.0,False,False,False,False,1.3898949879260776,0.013506072927097832,0.01884167252968587
ARSHRGRSARSGFDI,H3-23_A,K3-20,True,34,1,1,0.0001995457399919,2.6952143773515746e-06,3.759963904346518e-06,False,False,False,False,False,False,False,False,False,False,False,False,True,3,4,False,3.12,True,False,True,11.999964904785156,1672.8065,4,0.0001995457399919,3.759963904346518e-06,741,595,True,1000000.0,False,False,False,False,1.3898949879260776,0.013506072927097832,0.01884167252968587
ARVNRIGRYFAEFDP,H3-23_A,K3-20,True,34,1,1,0.0001995457399919,2.6952143773515746e-06,3.759963904346518e-06,False,False,False,False,True,False,False,False,False,True,False,False,False,1,1,False,1.16,True,False,True,8.788050842285156,1811.0081,3,0.0001995457399919,3.759963904346518e-06,849,597,True,1000000.0,False,False,False,False,1.3898949879260776,0.013506072927097832,0.01884167252968587
ARYRRSTWSFDY,H3-23_A,K3-20,True,34,1,1,0.0001995457399919,2.6952143773515746e-06,3.759963904346518e-06,False,False,False,False,False,True,True,False,False,False,False,False,False,2,2,False,1.6583333333333334,True,False,True,9.97897186279297,1607.7263,3,0.0001995457399919,3.759963904346518e-06,983,599,True,1000000.0,False,False,False,False,1.3898949879260776,0.013506072927097832,0.01884167252968587
ARALRFGRYVYGFDP,H3-23_A,K1-39,True,33,1,1,0.0001936767476391,2.6952143773515746e-06,3.759963904346518e-06,False,False,False,False,True,False,False,False,False,False,False,False,False,2,2,False,0.3466666666666668,True,False,True,9.97897186279297,1788.016,3,0.0001936767476391,3.759963904346518e-06,27,600,True,1000000.0,False,False,False,False,1.3898949879260776,0.013915326733523432,0.01941260282480723
ARARRYIGPGFDY,H3-23_A,K4-1,True,33,1,1,0.0001936767476391,2.6952143773515746e-06,3.759963904346518e-06,False,False,False,False,False,True,True,False,False,False,False,False,False,2,2,False,1.484615384615385,True,False,True,9.97897186279297,1541.7112,3,0.0001936767476391,3.759963904346518e-06,52,601,True,1000000.0,False,False,False,False,1.3898949879260776,0.013915326733523432,0.01941260282480723
ARHSRYSRWRRAGFDY,H4-34,K3-20,True,33,1,1,0.0001936767476391,2.6952143773515746e-06,3.759963904346518e-06,False,False,False,False,False,True,True,False,False,False,False,False,True,4,5,False,2.0625,True,False,True,11.43549346923828,2084.2623,5,0.0001936767476391,3.759963904346518e-06,504,605,True,1000000.0,False,False,False,False,1.3898949879260776,0.013915326733523432,0.01941260282480723
ARSRAGYLRFDY,H3-23_A,K4-1,True,33,1,1,0.0001936767476391,2.6952143773515746e-06,3.759963904346518e-06,False,False,False,False,False,False,False,False,False,False,False,False,False,2,2,False,1.4000000000000004,True,False,True,9.97897186279297,1474.6219999999998,3,0.0001936767476391,3.759963904346518e-06,760,608,True,1000000.0,False,False,False,False,1.3898949879260776,0.013915326733523432,0.01941260282480723
ARVALYSVPYWVYHFDI,H3-23_A,K3-15,True,33,1,1,0.0001936767476391,2.6952143773515746e-06,3.759963904346518e-06,False,False,False,True,False,False,False,False,False,False,False,False,False,0,1,True,-1.4176470588235293,False,False,False,6.786059951782226,2099.3875,1,0.0001936767476391,3.759963904346518e-06,824,609,True,1000000.0,False,False,False,False,1.3898949879260776,0.013915326733523432,0.01941260282480723
AREVWYGLLYPFDY,H3-23_A,UNK,True,32,1,1,0.0001878077552864,2.6952143773515746e-06,3.759963904346518e-06,False,False,False,False,False,False,False,False,False,False,False,False,False,-1,-1,True,-1.0785714285714283,False,False,False,4.370375442504883,1791.9962999999998,1,0.0001878077552864,3.759963904346518e-06,268,617,True,1000000.0,False,False,False,False,1.3898949879260776,0.014350157540972042,0.020019214363482384
ARHFPSRARFDY,H3-23_A,K4-1,True,32,1,1,0.0001878077552864,2.6952143773515746e-06,3.759963904346518e-06,False,False,False,False,False,False,False,False,False,False,False,False,False,2,3,False,1.4333333333333336,True,False,True,10.73751983642578,1522.6681999999998,3,0.0001878077552864,3.759963904346518e-06,433,619,True,1000000.0,False,False,False,False,1.3898949879260776,0.014350157540972042,0.020019214363482384
ARSSLAHRWRFDY,H3-23_A,K4-1,True,32,1,1,0.0001878077552864,2.6952143773515746e-06,3.759963904346518e-06,False,False,False,False,False,False,False,False,False,False,False,False,False,2,3,False,0.8923076923076925,True,False,True,10.73751983642578,1664.8239999999998,3,0.0001878077552864,3.759963904346518e-06,772,625,True,1000000.0,False,False,False,False,1.3898949879260776,0.014350157540972042,0.020019214363482384
ARVIAVWGYPYWFDP,H3-23_A,K3-20,True,32,1,1,0.0001878077552864,2.6952143773515746e-06,3.759963904346518e-06,False,False,False,True,True,False,False,False,False,False,False,False,False,0,0,True,-1.34,False,False,False,5.87944984436035,1840.0855,1,0.0001878077552864,3.759963904346518e-06,837,626,True,1000000.0,False,False,False,False,1.3898949879260776,0.014350157540972042,0.020019214363482384
ARWRSVRSVWRSAFDY,H3-23_A,K4-1,True,32,1,1,0.0001878077552864,2.6952143773515746e-06,3.759963904346518e-06,False,False,False,False,False,False,False,False,False,False,False,False,True,3,3,False,0.7500000000000001,True,False,True,11.539094543457033,2042.262,4,0.0001878077552864,3.759963904346518e-06,933,628,True,1000000.0,False,False,False,False,1.3898949879260776,0.014350157540972042,0.020019214363482384
ARWRSYRESNPFDY,H3-23_A,K3-20,True,32,1,1,0.0001878077552864,2.6952143773515746e-06,3.759963904346518e-06,False,False,False,False,False,False,False,False,False,False,False,False,False,1,1,False,2.257142857142857,True,False,True,8.63159637451172,1846.9542,3,0.0001878077552864,3.759963904346518e-06,934,629,True,1000000.0,False,False,False,False,1.3898949879260776,0.014350157540972042,0.020019214363482384
ARAPRISGRGFDY,H3-23_A,K4-1,True,31,1,1,0.0001819387629337,2.6952143773515746e-06,3.759963904346518e-06,False,False,False,False,False,False,False,False,False,False,False,False,False,2,2,False,2.130769230769231,True,False,True,10.73751983642578,1465.6153,3,0.0001819387629337,3.759963904346518e-06,38,631,True,1000000.0,False,False,False,False,1.3898949879260776,0.014813040407060527,0.020664959979511403
ARGRGYRGSYWLFDY,H5-51,K3-20,True,31,1,1,0.0001819387629337,2.6952143773515746e-06,3.759963904346518e-06,False,False,False,False,False,False,False,False,False,False,False,False,False,2,2,False,0.9466666666666668,True,False,True,9.694419860839844,1867.0298000000005,3,0.0001819387629337,3.759963904346518e-06,364,635,True,1000000.0,False,False,False,False,1.3898949879260776,0.014813040407060527,0.020664959979511403
ARSPRSPWRGFDY,H3-23_A,K3-20,True,31,1,1,0.0001819387629337,2.6952143773515746e-06,3.759963904346518e-06,False,False,False,False,False,False,False,False,False,False,False,False,False,2,2,False,2.0384615384615383,True,False,True,10.73751983642578,1594.7308999999998,3,0.0001819387629337,3.759963904346518e-06,756,641,True,1000000.0,False,False,False,False,1.3898949879260776,0.014813040407060527,0.020664959979511403
ARTRSSRGRHGFDY,H5-51,K3-15,True,31,1,1,0.0001819387629337,2.6952143773515746e-06,3.759963904346518e-06,False,False,False,False,False,False,False,False,False,False,False,False,True,3,4,False,3.5357142857142856,True,False,True,11.539094543457033,1665.7707999999998,4,0.0001819387629337,3.759963904346518e-06,812,642,True,1000000.0,False,False,False,False,1.3898949879260776,0.014813040407060527,0.020664959979511403
ARVYFKWARLVAYFDI,H3-23_A,K3-20,True,31,1,1,0.0001819387629337,2.6952143773515746e-06,3.759963904346518e-06,False,False,False,False,False,False,False,False,False,False,False,False,False,2,2,True,-1.65,False,False,False,9.69757843017578,2018.3612,2,0.0001819387629337,3.759963904346518e-06,908,643,True,1000000.0,False,False,False,False,1.3898949879260776,0.014813040407060527,0.020664959979511403
ARFGRGFRSAGIAFDY,H3-23_A,K4-1,True,30,1,1,0.000176069770581,2.6952143773515746e-06,3.759963904346518e-06,False,False,False,False,False,False,False,False,False,False,False,False,False,2,2,False,0.9375000000000002,True,False,True,10.73751983642578,1790.9769,3,0.000176069770581,3.759963904346518e-06,277,649,True,1000000.0,False,False,False,False,1.3898949879260776,0.015306780378338382,0.0213537528583777
ARGTLYRGRYLFDY,H3-23_A,K3-20,True,30,1,1,0.000176069770581,2.6952143773515746e-06,3.759963904346518e-06,False,False,False,False,False,False,False,False,False,False,False,False,False,2,2,False,0.5714285714285717,True,False,True,9.694419860839844,1750.9527999999998,3,0.000176069770581,3.759963904346518e-06,402,653,True,1000000.0,False,False,False,False,1.3898949879260776,0.015306780378338382,0.0213537528583777
ARHRYFRSSLFDY,H3-23_A,K1-39,True,30,1,1,0.000176069770581,2.6952143773515746e-06,3.759963904346518e-06,False,False,False,False,False,False,False,False,False,False,False,False,False,2,3,False,0.6461538461538463,True,False,True,9.979042053222656,1717.8832,3,0.000176069770581,3.759963904346518e-06,495,658,True,1000000.0,False,False,False,False,1.3898949879260776,0.015306780378338382,0.0213537528583777
ARIPWQRGRYRNFDY,H4-34,K3-20,True,30,1,1,0.000176069770581,2.6952143773515746e-06,3.759963904346518e-06,False,False,False,False,False,False,False,False,False,False,False,False,True,3,3,False,1.2466666666666668,True,False,True,10.83466339111328,1998.2094,4,0.000176069770581,3.759963904346518e-06,554,662,True,1000000.0,False,False,False,False,1.3898949879260776,0.015306780378338382,0.0213537528583777
ARLRGVYLVRSKWFDP,H3-23_A,K1-39,True,30,1,1,0.000176069770581,2.6952143773515746e-06,3.759963904346518e-06,False,False,False,False,True,False,False,False,False,False,False,False,True,3,3,False,-0.1374999999999998,True,False,True,10.903590393066406,1963.2879000000005,3,0.000176069770581,3.759963904346518e-06,637,665,True,1000000.0,False,False,False,False,1.3898949879260776,0.015306780378338382,0.0213537528583777
ARLVRWPRYHFDY,H4-34,K3-20,True,30,1,1,0.000176069770581,2.6952143773515746e-06,3.759963904346518e-06,False,False,False,True,False,False,False,False,False,False,False,False,False,2,3,False,-0.5384615384615383,True,False,True,9.979042053222656,1779.0109,3,0.000176069770581,3.759963904346518e-06,667,667,True,1000000.0,False,False,False,False,1.3898949879260776,0.015306780378338382,0.0213537528583777
ARSIDYWRGTLRFDP,H3-23_A,K3-20,True,30,1,1,0.000176069770581,2.6952143773515746e-06,3.759963904346518e-06,False,False,False,False,True,False,False,False,False,False,False,False,False,1,1,False,1.06,True,False,False,8.787910461425781,1853.0449,3,0.000176069770581,3.759963904346518e-06,743,669,True,1000000.0,False,False,False,False,1.3898949879260776,0.015306780378338382,0.0213537528583777
ARDRRISLWPFDY,H3-23_A,K3-20,True,29,1,1,0.0001702007782283,2.6952143773515746e-06,3.759963904346518e-06,False,False,False,False,False,True,True,False,False,False,False,False,False,1,1,False,0.3846153846153847,True,False,False,8.787910461425781,1694.8897,3,0.0001702007782283,3.759963904346518e-06,173,680,True,1000000.0,False,False,False,False,1.3898949879260776,0.01583456938159664,0.022090045903575866
ARHRSELYRGFDY,H3-23_A,K3-20,True,29,1,1,0.0001702007782283,2.6952143773515746e-06,3.759963904346518e-06,False,False,False,False,False,False,False,False,False,False,False,False,False,1,2,False,1.8923076923076925,True,False,True,8.637702941894531,1669.7974,3,0.0001702007782283,3.759963904346518e-06,485,687,True,1000000.0,False,False,False,False,1.3898949879260776,0.01583456938159664,0.022090045903575866
ARQGRGSAWARFDY,H3-23_A,K4-1,True,29,1,1,0.0001702007782283,2.6952143773515746e-06,3.759963904346518e-06,False,False,False,False,False,False,False,False,False,False,False,False,False,2,2,False,2.2642857142857147,True,False,True,10.73751983642578,1640.7595,3,0.0001702007782283,3.759963904346518e-06,711,688,True,1000000.0,False,False,False,False,1.3898949879260776,0.01583456938159664,0.022090045903575866
ARTGYRYPYRVAFDY,H3-23_A,K3-20,True,29,1,1,0.0001702007782283,2.6952143773515746e-06,3.759963904346518e-06,False,False,False,False,False,False,False,False,False,False,False,False,False,2,2,False,1.2866666666666666,True,False,True,9.52378692626953,1898.0836,3,0.0001702007782283,3.759963904346518e-06,800,690,True,1000000.0,False,False,False,False,1.3898949879260776,0.01583456938159664,0.022090045903575866
ARWPVRLLRSRYFDI,H3-23_A,K3-15,True,29,1,1,0.0001702007782283,2.6952143773515746e-06,3.759963904346518e-06,False,False,False,False,False,False,False,False,False,False,False,False,True,3,3,False,-0.9133333333333332,True,False,True,11.539094543457033,1948.2766,4,0.0001702007782283,3.759963904346518e-06,927,691,True,1000000.0,False,False,False,False,1.3898949879260776,0.01583456938159664,0.022090045903575866
ARYWIRDRGFDY,H3-23_A,K3-15,True,29,1,1,0.0001702007782283,2.6952143773515746e-06,3.759963904346518e-06,False,False,False,False,False,False,False,False,False,False,False,False,False,1,1,False,0.7833333333333335,True,False,False,8.631455993652345,1617.7641,3,0.0001702007782283,3.759963904346518e-06,999,694,True,1000000.0,False,False,False,False,1.3898949879260776,0.01583456938159664,0.022090045903575866
ARARGRWSTFDY,H3-23_A,UNK,True,28,1,1,0.0001643317858756,2.6952143773515746e-06,3.759963904346518e-06,False,False,False,False,False,False,False,False,False,False,False,False,False,2,2,False,1.925,True,False,True,10.73751983642578,1485.605,3,0.0001643317858756,3.759963904346518e-06,50,695,True,1000000.0,False,False,False,False,1.3898949879260776,0.01640005530542148,0.022878928108963453
ARDLLLYRFPYGFDI,H3-23_A,K3-20,True,28,1,1,0.0001643317858756,2.6952143773515746e-06,3.759963904346518e-06,False,False,False,False,False,False,False,False,False,False,False,False,False,0,0,True,-1.2999999999999998,False,False,False,6.004021835327148,1859.1303000000005,2,0.0001643317858756,3.759963904346518e-06,131,697,True,1000000.0,False,False,False,False,1.3898949879260776,0.01640005530542148,0.022878928108963453
ARHPRLYSRSFDY,H3-23_A,K4-1,True,28,1,1,0.0001643317858756,2.6952143773515746e-06,3.759963904346518e-06,False,False,False,False,False,False,False,False,False,False,False,False,False,2,3,False,1.5153846153846156,True,False,True,9.979042053222656,1667.8246,3,0.0001643317858756,3.759963904346518e-06,473,702,True,1000000.0,False,False,False,False,1.3898949879260776,0.01640005530542148,0.022878928108963453
ARIWRYRNDRFDY,H1-69,K1-39,True,28,1,1,0.0001643317858756,2.6952143773515746e-06,3.759963904346518e-06,False,False,False,False,False,False,False,False,False,False,False,False,False,2,2,False,1.1461538461538463,True,False,True,9.971391296386717,1831.0011,4,0.0001643317858756,3.759963904346518e-06,570,705,True,1000000.0,False,False,False,False,1.3898949879260776,0.01640005530542148,0.022878928108963453
ARLGRGFYRSFDY,H3-23_A,K3-20,True,28,1,1,0.0001643317858756,2.6952143773515746e-06,3.759963904346518e-06,False,False,False,False,False,False,False,False,False,False,False,False,False,2,2,False,0.8615384615384618,True,False,True,9.97897186279297,1607.7692,3,0.0001643317858756,3.759963904346518e-06,608,706,True,1000000.0,False,False,False,False,1.3898949879260776,0.01640005530542148,0.022878928108963453
ARLGSWGRYRFDY,H4-34,K3-20,True,28,1,1,0.0001643317858756,2.6952143773515746e-06,3.759963904346518e-06,False,False,False,False,False,False,False,False,False,False,False,False,False,2,2,False,0.8000000000000002,True,False,True,9.97897186279297,1646.8053,3,0.0001643317858756,3.759963904346518e-06,614,707,True,1000000.0,False,False,False,False,1.3898949879260776,0.01640005530542148,0.022878928108963453
ARVRGRWYASYGFDY,H4-34,K3-15,True,28,1,1,0.0001643317858756,2.6952143773515746e-06,3.759963904346518e-06,False,False,False,False,False,False,False,False,False,False,False,False,False,2,2,False,1.0733333333333337,True,False,True,9.694419860839844,1867.0298000000005,3,0.0001643317858756,3.759963904346518e-06,862,712,True,1000000.0,False,False,False,False,1.3898949879260776,0.01640005530542148,0.022878928108963453
ARWSRPAGRYFDY,H3-23_A,K3-20,True,28,1,1,0.0001643317858756,2.6952143773515746e-06,3.759963904346518e-06,False,False,False,False,False,False,False,False,False,False,False,False,False,2,2,False,1.3923076923076925,True,False,True,9.97897186279297,1644.7895,3,0.0001643317858756,3.759963904346518e-06,939,714,True,1000000.0,False,False,False,False,1.3898949879260776,0.01640005530542148,0.022878928108963453
ARALRWDPRYWYFDP,H3-23_A,K3-20,True,27,1,1,0.0001584627935229,2.6952143773515746e-06,3.759963904346518e-06,False,False,False,True,True,False,False,False,False,False,False,False,False,1,1,False,-0.0799999999999998,True,False,False,8.631455993652345,2012.231,3,0.0001584627935229,3.759963904346518e-06,30,717,True,1000000.0,False,False,False,False,1.3898949879260776,0.01700742643223554,0.023726242345839553
ARARFLRVYTRYAFDY,H4-34,K3-15,True,27,1,1,0.0001584627935229,2.6952143773515746e-06,3.759963904346518e-06,False,False,False,False,False,False,False,False,False,False,False,False,True,3,3,False,0.0812500000000002,True,False,True,10.256925964355467,2068.3389,4,0.0001584627935229,3.759963904346518e-06,47,718,True,1000000.0,False,False,False,False,1.3898949879260776,0.01700742643223554,0.023726242345839553
ARARYRAGKPFDY,H3-23_A,K3-20,True,27,1,1,0.0001584627935229,2.6952143773515746e-06,3.759963904346518e-06,False,False,False,False,False,False,False,False,False,False,False,False,True,3,3,False,2.261538461538461,True,False,True,10.267314147949218,1570.7524999999998,3,0.0001584627935229,3.759963904346518e-06,57,719,True,1000000.0,False,False,False,False,1.3898949879260776,0.01700742643223554,0.023726242345839553
ARDRFLYGFVPWAFDI,H3-23_A,K3-20,True,27,1,1,0.0001584627935229,2.6952143773515746e-06,3.759963904346518e-06,False,False,False,False,False,False,False,False,False,False,False,False,False,0,0,True,-1.2499999999999998,False,False,False,6.004890823364257,1973.2345,2,0.0001584627935229,3.759963904346518e-06,161,721,True,1000000.0,False,False,False,False,1.3898949879260776,0.01700742643223554,0.023726242345839553
ARDRSWGRLFDY,H3-23_A,K3-20,True,27,1,1,0.0001584627935229,2.6952143773515746e-06,3.759963904346518e-06,False,False,False,False,False,False,False,False,False,False,False,False,False,1,1,False,1.3833333333333335,True,False,False,8.787910461425781,1541.6681999999998,3,0.0001584627935229,3.759963904346518e-06,174,722,True,1000000.0,False,False,False,False,1.3898949879260776,0.01700742643223554,0.023726242345839553
ARDRYVLYRTIFDY,H3-23_A,K3-20,True,27,1,1,0.0001584627935229,2.6952143773515746e-06,3.759963904346518e-06,False,False,False,False,False,False,False,False,False,False,False,False,False,1,1,False,0.292857142857143,True,False,False,8.538594055175782,1851.0686,3,0.0001584627935229,3.759963904346518e-06,189,723,True,1000000.0,False,False,False,False,1.3898949879260776,0.01700742643223554,0.023726242345839553
ARGRFGYRTFDY,H3-23_A,K3-20,True,27,1,1,0.0001584627935229,2.6952143773515746e-06,3.759963904346518e-06,False,False,False,False,False,False,False,False,False,False,False,False,False,2,2,False,1.5916666666666668,True,False,True,9.97897186279297,1508.6382,3,0.0001584627935229,3.759963904346518e-06,359,726,True,1000000.0,False,False,False,False,1.3898949879260776,0.01700742643223554,0.023726242345839553
ARGVPRARGFDY,H3-23_A,K3-20,True,27,1,1,0.0001584627935229,2.6952143773515746e-06,3.759963904346518e-06,False,False,False,False,False,False,False,False,False,False,False,False,False,2,2,False,2.125,True,False,True,10.73751983642578,1364.5114,3,0.0001584627935229,3.759963904346518e-06,410,727,True,1000000.0,False,False,False,False,1.3898949879260776,0.01700742643223554,0.023726242345839553
ARIPTRWYVRDYFDP,H3-23_A,K3-15,True,27,1,1,0.0001584627935229,2.6952143773515746e-06,3.759963904346518e-06,False,False,False,False,True,False,False,False,False,False,False,False,False,1,1,False,0.6266666666666668,True,False,False,8.631455993652345,1955.1781,3,0.0001584627935229,3.759963904346518e-06,553,729,True,1000000.0,False,False,False,False,1.3898949879260776,0.01700742643223554,0.023726242345839553
ARIRTYSRAGFDY,H3-23_A,K3-20,True,27,1,1,0.0001584627935229,2.6952143773515746e-06,3.759963904346518e-06,False,False,False,False,False,False,False,False,False,False,False,False,False,2,2,False,1.784615384615385,True,False,True,9.97897186279297,1575.7259,3,0.0001584627935229,3.759963904346518e-06,559,730,True,1000000.0,False,False,False,False,1.3898949879260776,0.01700742643223554,0.023726242345839553
ARLARARVYFHFDY,H3-23_A,K3-15,True,27,1,1,0.0001584627935229,2.6952143773515746e-06,3.759963904346518e-06,False,False,False,True,False,False,False,False,False,False,False,False,False,2,3,False,-0.2928571428571426,True,False,True,9.979042053222656,1785.0153999999998,3,0.0001584627935229,3.759963904346518e-06,600,731,True,1000000.0,False,False,False,False,1.3898949879260776,0.01700742643223554,0.023726242345839553
ARLLRGLWAWYGFDY,H3-23_A,K1-39,True,27,1,1,0.0001584627935229,2.6952143773515746e-06,3.759963904346518e-06,False,False,False,False,False,False,False,False,False,False,False,False,False,1,1,True,-1.773333333333333,False,False,False,8.632579040527343,1887.1453,2,0.0001584627935229,3.759963904346518e-06,625,732,True,1000000.0,False,False,False,False,1.3898949879260776,0.01700742643223554,0.023726242345839553
ARLWLRSWYWSGFDY,H3-23_A,K3-15,True,27,1,1,0.0001584627935229,2.6952143773515746e-06,3.759963904346518e-06,False,False,False,True,False,False,False,False,False,False,False,False,False,1,1,True,-1.4799999999999998,False,True,False,8.632579040527343,2006.223,2,0.0001584627935229,3.759963904346518e-06,670,734,True,1000000.0,False,False,False,False,1.3898949879260776,0.01700742643223554,0.023726242345839553
ARPRVRESDARTAFDP,H5-51,K3-15,True,27,1,1,0.0001584627935229,2.6952143773515746e-06,3.759963904346518e-06,False,False,False,False,True,False,False,False,False,True,False,False,False,1,1,False,3.36875,True,False,True,9.492271423339844,1843.997,4,0.0001584627935229,3.759963904346518e-06,694,736,True,1000000.0,False,False,False,False,1.3898949879260776,0.01700742643223554,0.023726242345839553
ARVDRSLWLFRSFDY,H3-23_A,K3-15,True,27,1,1,0.0001584627935229,2.6952143773515746e-06,3.759963904346518e-06,False,False,False,False,False,False,False,False,False,False,False,False,False,1,1,False,-0.3133333333333331,True,False,False,8.787910461425781,1931.1566000000005,3,0.0001584627935229,3.759963904346518e-06,827,740,True,1000000.0,False,False,False,False,1.3898949879260776,0.01700742643223554,0.023726242345839553
ARELRVYGRWIFDY,H3-23_A,K1-39,True,26,1,1,0.0001525938011702,2.6952143773515746e-06,3.759963904346518e-06,False,False,False,False,False,False,False,False,False,False,False,False,False,1,1,False,-0.407142857142857,True,False,True,8.63159637451172,1844.0793,3,0.0001525938011702,3.759963904346518e-06,244,751,True,1000000.0,False,False,False,False,1.3898949879260776,0.0176615153533796,0.02463873032987564
ARERWVRLPRHYGFDY,H3-23_A,K3-15,True,26,1,1,0.0001525938011702,2.6952143773515746e-06,3.759963904346518e-06,False,False,False,False,False,False,False,False,False,False,False,False,False,2,3,False,0.6687500000000002,True,False,True,9.971461486816406,2121.3619,4,0.0001525938011702,3.759963904346518e-06,260,753,True,1000000.0,False,False,False,False,1.3898949879260776,0.0176615153533796,0.02463873032987564
ARETLIWPAYWYFDY,H3-23_A,K3-20,True,26,1,1,0.0001525938011702,2.6952143773515746e-06,3.759963904346518e-06,False,False,False,True,False,False,False,False,False,False,False,False,False,-1,-1,True,-1.2399999999999998,False,False,False,4.370375442504883,1994.2057,1,0.0001525938011702,3.759963904346518e-06,264,754,True,1000000.0,False,False,False,False,1.3898949879260776,0.0176615153533796,0.02463873032987564
ARGSRVRHGFDY,H3-23_A,K3-20,True,26,1,1,0.0001525938011702,2.6952143773515746e-06,3.759963904346518e-06,False,False,False,False,False,False,False,False,False,False,False,False,False,2,3,False,2.4916666666666667,True,False,True,10.73751983642578,1420.5349,3,0.0001525938011702,3.759963904346518e-06,392,757,True,1000000.0,False,False,False,False,1.3898949879260776,0.0176615153533796,0.02463873032987564
ARGWVLAGVVYVFDI,H3-23_A,K3-15,True,26,1,1,0.0001525938011702,2.6952143773515746e-06,3.759963904346518e-06,False,False,False,False,False,True,False,False,True,False,False,False,False,0,0,True,-1.5533333333333332,False,False,False,5.880318832397459,1664.9429,1,0.0001525938011702,3.759963904346518e-06,418,758,True,1000000.0,False,False,False,False,1.3898949879260776,0.0176615153533796,0.02463873032987564
ARGYASLWAWLFDY,H3-23_A,K4-1,True,26,1,1,0.0001525938011702,2.6952143773515746e-06,3.759963904346518e-06,False,False,False,False,False,False,False,False,False,False,False,False,False,0,0,True,-1.3357142857142854,False,False,False,5.87944984436035,1718.9059,1,0.0001525938011702,3.759963904346518e-06,423,759,True,1000000.0,False,False,False,False,1.3898949879260776,0.0176615153533796,0.02463873032987564
ARGYVYRWVQYRSGFDY,H3-23_A,K4-1,True,26,1,1,0.0001525938011702,2.6952143773515746e-06,3.759963904346518e-06,False,False,False,False,False,False,False,False,False,False,False,False,False,2,2,False,0.8470588235294119,True,False,True,9.52378692626953,2186.3853,3,0.0001525938011702,3.759963904346518e-06,428,760,True,1000000.0,False,False,False,False,1.3898949879260776,0.0176615153533796,0.02463873032987564
ARIRWFLAWDYFDY,H3-23_A,K1-39,True,26,1,1,0.0001525938011702,2.6952143773515746e-06,3.759963904346518e-06,False,False,False,False,False,False,False,False,False,False,False,False,False,0,0,True,-1.914285714285714,False,False,False,6.004021835327148,1922.1463,2,0.0001525938011702,3.759963904346518e-06,560,763,True,1000000.0,False,False,False,False,1.3898949879260776,0.0176615153533796,0.02463873032987564
ARKGVSPWRAQYRHFDI,H3-23_A,K1-39,True,26,1,1,0.0001525938011702,2.6952143773515746e-06,3.759963904346518e-06,False,False,False,False,False,False,False,False,False,False,False,False,True,3,4,False,1.3,True,False,True,10.903660583496094,2087.3457,3,0.0001525938011702,3.759963904346518e-06,581,765,True,1000000.0,False,False,False,False,1.3898949879260776,0.0176615153533796,0.02463873032987564
ARKHRGRNPYFDI,H5-51,UNK,True,26,1,1,0.0001525938011702,2.6952143773515746e-06,3.759963904346518e-06,False,False,False,False,False,False,False,False,False,False,False,False,True,3,4,False,2.169230769230769,True,False,True,10.903660583496094,1629.823,3,0.0001525938011702,3.759963904346518e-06,583,766,True,1000000.0,False,False,False,False,1.3898949879260776,0.0176615153533796,0.02463873032987564
ARKWRWGVIWRGVFDY,H4-34,K1-39,True,26,1,1,0.0001525938011702,2.6952143773515746e-06,3.759963904346518e-06,False,False,False,False,False,False,False,False,False,False,False,False,True,3,3,False,-0.91875,True,True,True,10.903590393066406,2095.4089,3,0.0001525938011702,3.759963904346518e-06,597,767,True,1000000.0,False,False,False,False,1.3898949879260776,0.0176615153533796,0.02463873032987564
ARLLFGYVFTSYFDY,H4-34,K3-20,True,26,1,1,0.0001525938011702,2.6952143773515746e-06,3.759963904346518e-06,False,False,False,False,False,False,False,False,False,False,False,False,False,0,0,True,-1.4466666666666663,False,False,False,5.87858085632324,1862.086,1,0.0001525938011702,3.759963904346518e-06,622,768,True,1000000.0,False,False,False,False,1.3898949879260776,0.0176615153533796,0.02463873032987564
ARLRASATRWGFDY,H3-23_A,K4-1,True,26,1,1,0.0001525938011702,2.6952143773515746e-06,3.759963904346518e-06,False,False,False,False,False,False,False,False,False,False,False,False,False,2,2,False,1.142857142857143,True,False,True,10.73751983642578,1669.8404999999998,3,0.0001525938011702,3.759963904346518e-06,635,769,True,1000000.0,False,False,False,False,1.3898949879260776,0.0176615153533796,0.02463873032987564
ARLRYSRARYGWPFDI,H4-34,K4-1,True,26,1,1,0.0001525938011702,2.6952143773515746e-06,3.759963904346518e-06,False,False,False,False,False,False,False,False,False,False,False,False,True,3,3,False,0.3187500000000002,True,False,True,10.83466339111328,2027.2904,4,0.0001525938011702,3.759963904346518e-06,652,770,True,1000000.0,False,False,False,False,1.3898949879260776,0.0176615153533796,0.02463873032987564
ARVFRPAVWYELFDY,H3-23_A,K3-20,True,26,1,1,0.0001525938011702,2.6952143773515746e-06,3.759963904346518e-06,False,False,False,False,False,False,False,False,False,False,False,False,False,0,0,True,-1.0866666666666664,False,False,False,6.113258743286132,1932.1826,2,0.0001525938011702,3.759963904346518e-06,828,776,True,1000000.0,False,False,False,False,1.3898949879260776,0.0176615153533796,0.02463873032987564
ARVHGRYSAYRFPFDI,H3-23_A,K3-20,True,26,1,1,0.0001525938011702,2.6952143773515746e-06,3.759963904346518e-06,False,False,False,False,False,False,False,False,False,False,False,False,False,2,3,False,0.5812500000000002,True,False,True,9.979042053222656,1955.1813,3,0.0001525938011702,3.759963904346518e-06,831,777,True,1000000.0,False,False,False,False,1.3898949879260776,0.0176615153533796,0.02463873032987564
ARVLRVSGRAGFDY,H3-23_A,K3-20,True,26,1,1,0.0001525938011702,2.6952143773515746e-06,3.759963904346518e-06,False,False,False,False,False,False,False,False,False,False,False,False,False,2,2,False,1.2142857142857146,True,False,True,10.73751983642578,1566.7621,3,0.0001525938011702,3.759963904346518e-06,844,778,True,1000000.0,False,False,False,False,1.3898949879260776,0.0176615153533796,0.02463873032987564
ARWVRNYRTLYAFDI,H3-23_A,K1-39,True,26,1,1,0.0001525938011702,2.6952143773515746e-06,3.759963904346518e-06,False,False,False,False,False,False,False,False,False,False,False,False,False,2,2,False,-0.3266666666666665,True,False,True,9.97897186279297,1944.1984,3,0.0001525938011702,3.759963904346518e-06,944,779,True,1000000.0,False,False,False,False,1.3898949879260776,0.0176615153533796,0.02463873032987564
ARDRLSYSYWRIFDY,H3-23_A,K1-39,True,25,1,1,0.0001467248088175,2.6952143773515746e-06,3.759963904346518e-06,False,False,False,False,False,False,False,False,False,False,False,False,False,1,1,False,0.3733333333333334,True,False,False,8.538594055175782,2011.1982000000005,3,0.0001467248088175,3.759963904346518e-06,167,787,True,1000000.0,False,False,False,False,1.3898949879260776,0.018367927822114258,0.02562421237773879
ARFRPYNRTPFDY,H3-23_A,K4-1,True,25,1,1,0.0001467248088175,2.6952143773515746e-06,3.759963904346518e-06,True,False,False,False,False,False,False,False,False,False,False,False,False,2,2,False,1.453846153846154,True,False,True,9.97897186279297,1702.8686,3,0.0001467248088175,3.759963904346518e-06,287,790,True,1000000.0,False,False,False,False,1.3898949879260776,0.018367927822114258,0.02562421237773879
ARFRYTFLEWYAFDY,H4-34,K1-39,True,25,1,1,0.0001467248088175,2.6952143773515746e-06,3.759963904346518e-06,False,False,False,False,False,False,False,False,False,False,False,False,False,0,0,True,-1.1266666666666665,False,False,False,6.112389755249024,2048.2563,2,0.0001467248088175,3.759963904346518e-06,290,791,True,1000000.0,False,False,False,False,1.3898949879260776,0.018367927822114258,0.02562421237773879
ARHRPASYTFRVRFDP,H3-23_A,K3-15,True,25,1,1,0.0001467248088175,2.6952143773515746e-06,3.759963904346518e-06,False,False,False,False,True,False,False,False,False,False,False,False,True,3,4,False,1.5625000000000002,True,False,True,11.539094543457033,1976.204,4,0.0001467248088175,3.759963904346518e-06,483,794,True,1000000.0,False,False,False,False,1.3898949879260776,0.018367927822114258,0.02562421237773879
ARHRVISTYRSKWFDP,H3-23_A,K3-15,True,25,1,1,0.0001467248088175,2.6952143773515746e-06,3.759963904346518e-06,False,False,False,False,True,False,False,False,False,False,False,False,True,3,4,False,1.25,True,False,True,10.903660583496094,2019.2685,3,0.0001467248088175,3.759963904346518e-06,490,795,True,1000000.0,False,False,False,False,1.3898949879260776,0.018367927822114258,0.02562421237773879
ARIRYPHYRWHFDY,H4-34,K4-1,True,25,1,1,0.0001467248088175,2.6952143773515746e-06,3.759963904346518e-06,False,False,False,True,False,False,False,False,False,False,False,False,False,2,4,False,-0.1357142857142856,True,False,True,9.694700622558592,1980.1924,3,0.0001467248088175,3.759963904346518e-06,561,797,True,1000000.0,False,False,False,False,1.3898949879260776,0.018367927822114258,0.02562421237773879
ARISRPWATWRYFDY,H4-34,K1-39,True,25,1,1,0.0001467248088175,2.6952143773515746e-06,3.759963904346518e-06,False,False,False,False,False,False,False,False,False,False,False,False,False,2,2,False,-0.0266666666666665,True,False,True,9.97897186279297,1988.2096,3,0.0001467248088175,3.759963904346518e-06,564,798,True,1000000.0,False,False,False,False,1.3898949879260776,0.018367927822114258,0.02562421237773879
ARKRYYGRAFDY,H3-23_A,K3-20,True,25,1,1,0.0001467248088175,2.6952143773515746e-06,3.759963904346518e-06,False,False,False,False,False,False,False,False,False,False,False,False,True,3,3,False,1.9416666666666669,True,False,True,9.989149475097657,1565.7326,3,0.0001467248088175,3.759963904346518e-06,594,800,True,1000000.0,False,False,False,False,1.3898949879260776,0.018367927822114258,0.02562421237773879
ARLFLGRYSYWRALFDI,H4-34,K1-39,True,25,1,1,0.0001467248088175,2.6952143773515746e-06,3.759963904346518e-06,False,False,False,False,False,False,False,False,False,False,False,False,False,2,2,True,-1.6941176470588233,True,False,True,9.97897186279297,2147.4785,3,0.0001467248088175,3.759963904346518e-06,606,801,True,1000000.0,False,False,False,False,1.3898949879260776,0.018367927822114258,0.02562421237773879
ARSPRSWYRAFDY,H3-23_A,K3-20,True,25,1,1,0.0001467248088175,2.6952143773515746e-06,3.759963904346518e-06,False,False,False,False,False,False,False,False,False,False,False,False,False,2,2,False,1.453846153846154,True,False,True,9.97897186279297,1674.8155,3,0.0001467248088175,3.759963904346518e-06,757,806,True,1000000.0,False,False,False,False,1.3898949879260776,0.018367927822114258,0.02562421237773879
ARTRTLWYGYRYAFDY,H4-34,K4-1,True,25,1,1,0.0001467248088175,2.6952143773515746e-06,3.759963904346518e-06,False,False,False,False,False,False,False,False,False,False,False,False,False,2,2,False,0.4312500000000002,True,False,True,9.52378692626953,2102.3088,3,0.0001467248088175,3.759963904346518e-06,813,809,True,1000000.0,False,False,False,False,1.3898949879260776,0.018367927822114258,0.02562421237773879
ARVFYLLWHGFDY,H3-23_A,K3-15,True,25,1,1,0.0001467248088175,2.6952143773515746e-06,3.759963904346518e-06,False,False,False,False,False,False,False,False,False,False,False,False,False,0,1,True,-2.323076923076923,False,False,False,6.787184524536133,1686.907,1,0.0001467248088175,3.759963904346518e-06,829,810,True,1000000.0,False,False,False,False,1.3898949879260776,0.018367927822114258,0.02562421237773879
ARVLTRAYTWRADWFDP,H4-34,K3-15,True,25,1,1,0.0001467248088175,2.6952143773515746e-06,3.759963904346518e-06,False,False,False,False,True,False,False,False,False,False,False,False,False,1,1,False,0.4352941176470589,True,False,False,8.787910461425781,2124.3593,3,0.0001467248088175,3.759963904346518e-06,845,812,True,1000000.0,False,False,False,False,1.3898949879260776,0.018367927822114258,0.02562421237773879
ARWRLGRRGATYGFDY,H3-23_A,K3-15,True,25,1,1,0.0001467248088175,2.6952143773515746e-06,3.759963904346518e-06,False,False,False,False,False,True,True,False,False,False,False,False,True,3,3,False,1.31875,True,False,True,10.83466339111328,1945.1468,4,0.0001467248088175,3.759963904346518e-06,932,815,True,1000000.0,False,False,False,False,1.3898949879260776,0.018367927822114258,0.02562421237773879
ARALRKRYIEKAFDY,H4-34,K3-20,True,24,1,1,0.0001408558164648,2.6952143773515746e-06,3.759963904346518e-06,False,False,False,False,False,False,False,False,False,False,False,False,True,3,3,False,1.1933333333333336,True,False,True,9.989149475097657,1900.1875,3,0.0001408558164648,3.759963904346518e-06,28,818,True,1000000.0,False,False,False,False,1.3898949879260776,0.01913320381758525,0.02669181209968048
ARAPRAQVYSGRGFDY,H3-23_A,K4-1,True,24,1,1,0.0001408558164648,2.6952143773515746e-06,3.759963904346518e-06,False,False,False,False,False,False,False,False,False,False,False,False,False,2,2,False,2.3875,True,False,True,9.97897186279297,1813.969,3,0.0001408558164648,3.759963904346518e-06,37,820,True,1000000.0,False,False,False,False,1.3898949879260776,0.01913320381758525,0.02669181209968048
ARARYGVIAVLYGRFDY,H4-34,K1-39,True,24,1,1,0.0001408558164648,2.6952143773515746e-06,3.759963904346518e-06,False,False,False,False,False,False,False,False,False,False,False,False,False,2,2,False,0.0470588235294119,True,False,True,9.694419860839844,1990.2667,3,0.0001408558164648,3.759963904346518e-06,55,821,True,1000000.0,False,False,False,False,1.3898949879260776,0.01913320381758525,0.02669181209968048
ARGRPRWAYHGFDY,H3-23_A,K3-20,True,24,1,1,0.0001408558164648,2.6952143773515746e-06,3.759963904346518e-06,False,False,False,False,False,False,False,False,False,False,False,False,False,2,3,False,1.385714285714286,True,False,True,9.979042053222656,1751.9027999999998,3,0.0001408558164648,3.759963904346518e-06,369,832,True,1000000.0,False,False,False,False,1.3898949879260776,0.01913320381758525,0.02669181209968048
ARGYRVWRQPVSYTFDY,H4-34,K3-15,True,24,1,1,0.0001408558164648,2.6952143773515746e-06,3.759963904346518e-06,False,False,False,False,False,False,False,False,False,False,False,False,False,2,2,False,1.0529411764705885,True,False,True,9.694419860839844,2164.3799,3,0.0001408558164648,3.759963904346518e-06,426,835,True,1000000.0,False,False,False,False,1.3898949879260776,0.01913320381758525,0.02669181209968048
ARHQPRVRLAYPGFDY,H3-23_A,K3-20,True,24,1,1,0.0001408558164648,2.6952143773515746e-06,3.759963904346518e-06,False,False,False,False,False,False,False,False,False,False,False,False,False,2,3,False,1.18125,True,False,True,9.979042053222656,1946.1746,3,0.0001408558164648,3.759963904346518e-06,477,836,True,1000000.0,False,False,False,False,1.3898949879260776,0.01913320381758525,0.02669181209968048
ARHRVRYSGLWLHAFDY,H4-34,K4-1,True,24,1,1,0.0001408558164648,2.6952143773515746e-06,3.759963904346518e-06,False,False,False,False,False,False,False,False,False,False,False,False,False,2,4,False,-0.1117647058823527,True,False,True,9.979112243652343,2147.3991,3,0.0001408558164648,3.759963904346518e-06,491,837,True,1000000.0,False,False,False,False,1.3898949879260776,0.01913320381758525,0.02669181209968048
ARHVFRSYWLFDY,H3-23_A,K3-15,True,24,1,1,0.0001408558164648,2.6952143773515746e-06,3.759963904346518e-06,False,False,False,False,False,False,False,False,False,False,False,False,False,1,2,True,-1.2307692307692304,False,False,False,8.638685607910158,1759.9611,2,0.0001408558164648,3.759963904346518e-06,519,838,True,1000000.0,False,False,False,False,1.3898949879260776,0.01913320381758525,0.02669181209968048
ARILGAYWIWGFDY,H3-23_A,K1-39,True,24,1,1,0.0001408558164648,2.6952143773515746e-06,3.759963904346518e-06,False,False,False,False,False,False,False,False,False,False,False,False,False,0,0,True,-2.0285714285714285,False,False,False,5.87944984436035,1730.9596,1,0.0001408558164648,3.759963904346518e-06,550,841,True,1000000.0,False,False,False,False,1.3898949879260776,0.01913320381758525,0.02669181209968048
ARIRGYRWRYPGFDP,H4-34,K3-15,True,24,1,1,0.0001408558164648,2.6952143773515746e-06,3.759963904346518e-06,False,False,False,False,True,False,False,False,False,False,False,False,True,3,3,False,0.9000000000000001,True,False,True,10.83466339111328,1910.1441,4,0.0001408558164648,3.759963904346518e-06,556,842,True,1000000.0,False,False,False,False,1.3898949879260776,0.01913320381758525,0.02669181209968048
ARIWTGWLLSLTGFDY,H3-23_A,K3-15,True,24,1,1,0.0001408558164648,2.6952143773515746e-06,3.759963904346518e-06,False,False,False,False,False,False,False,False,False,False,False,False,False,0,0,True,-1.3812499999999996,False,False,False,5.880318832397459,1899.1512,1,0.0001408558164648,3.759963904346518e-06,571,843,True,1000000.0,False,False,False,False,1.3898949879260776,0.01913320381758525,0.02669181209968048
ARLRVYRGTRLFDY,H5-51,K3-15,True,24,1,1,0.0001408558164648,2.6952143773515746e-06,3.759963904346518e-06,False,False,False,False,False,False,False,False,False,False,False,False,True,3,3,False,0.3357142857142859,True,False,True,10.83466339111328,1786.0449999999998,4,0.0001408558164648,3.759963904346518e-06,646,845,True,1000000.0,False,False,False,False,1.3898949879260776,0.01913320381758525,0.02669181209968048
ARLSRVLWFGFDY,H3-23_A,K4-1,True,24,1,1,0.0001408558164648,2.6952143773515746e-06,3.759963904346518e-06,False,False,False,False,False,False,False,False,False,False,False,False,False,1,1,True,-1.515384615384615,False,False,False,8.79022674560547,1629.8574999999998,2,0.0001408558164648,3.759963904346518e-06,661,846,True,1000000.0,False,False,False,False,1.3898949879260776,0.01913320381758525,0.02669181209968048
ARPGWRPRYGFDY,H3-23_A,K3-15,True,24,1,1,0.0001408558164648,2.6952143773515746e-06,3.759963904346518e-06,False,False,False,False,False,False,False,False,False,False,False,False,False,2,2,False,1.330769230769231,True,False,True,9.97897186279297,1640.8008,3,0.0001408558164648,3.759963904346518e-06,683,848,True,1000000.0,False,False,False,False,1.3898949879260776,0.01913320381758525,0.02669181209968048
ARSRSIISRVYGFDI,H3-23_A,K4-1,True,24,1,1,0.0001408558164648,2.6952143773515746e-06,3.759963904346518e-06,False,False,False,False,False,False,False,False,False,False,False,False,False,2,2,False,0.7400000000000001,True,False,True,10.73751983642578,1739.9717,3,0.0001408558164648,3.759963904346518e-06,765,853,True,1000000.0,False,False,False,False,1.3898949879260776,0.01913320381758525,0.02669181209968048
ARSRSWYRYLFDY,H4-34,K3-20,True,24,1,1,0.0001408558164648,2.6952143773515746e-06,3.759963904346518e-06,False,False,False,False,False,False,False,False,False,False,False,False,False,2,2,False,0.2769230769230771,True,False,True,9.694419860839844,1782.9532,3,0.0001408558164648,3.759963904346518e-06,767,854,True,1000000.0,False,False,False,False,1.3898949879260776,0.01913320381758525,0.02669181209968048
ARSSVRTRAAFDY,H5-51,K3-20,True,24,1,1,0.0001408558164648,2.6952143773515746e-06,3.759963904346518e-06,False,False,False,False,False,False,False,False,False,False,False,False,False,2,2,False,2.484615384615385,True,False,True,10.73751983642578,1499.63,3,0.0001408558164648,3.759963904346518e-06,777,855,True,1000000.0,False,False,False,False,1.3898949879260776,0.01913320381758525,0.02669181209968048
ARVRYSNRWYAFDY,H3-23_A,K4-1,True,24,1,1,0.0001408558164648,2.6952143773515746e-06,3.759963904346518e-06,False,False,False,False,False,False,False,False,False,False,False,False,False,2,2,False,0.8357142857142857,True,False,True,9.694419860839844,1867.0298,3,0.0001408558164648,3.759963904346518e-06,884,860,True,1000000.0,False,False,False,False,1.3898949879260776,0.01913320381758525,0.02669181209968048
ARVRYSTRNFDY,H3-23_A,K4-1,True,24,1,1,0.0001408558164648,2.6952143773515746e-06,3.759963904346518e-06,False,False,False,False,False,False,False,False,False,False,False,False,False,2,2,False,2.225,True,False,True,9.97897186279297,1547.6726999999998,3,0.0001408558164648,3.759963904346518e-06,885,861,True,1000000.0,False,False,False,False,1.3898949879260776,0.01913320381758525,0.02669181209968048
ARAIRWRFYEREWFDP,H4-34,K3-15,True,23,1,1,0.0001349868241121,2.6952143773515746e-06,3.759963904346518e-06,False,False,False,False,True,False,False,False,False,True,False,False,False,1,1,False,0.0250000000000001,True,False,True,8.785874938964845,2198.4427,4,0.0001349868241121,3.759963904346518e-06,20,872,True,1000000.0,False,False,False,False,1.3898949879260776,0.019965020622362904,0.027852239703241327
ARARAVSLRYRNFDY,H3-23_A,K4-1,True,23,1,1,0.0001349868241121,2.6952143773515746e-06,3.759963904346518e-06,False,False,False,False,False,False,False,False,False,False,False,False,True,3,3,False,1.38,True,False,True,10.83466339111328,1858.0679,4,0.0001349868241121,3.759963904346518e-06,43,874,True,1000000.0,False,False,False,False,1.3898949879260776,0.019965020622362904,0.027852239703241327
ARDRVRFYRAYAFDY,H3-23_A,K3-20,True,23,1,1,0.0001349868241121,2.6952143773515746e-06,3.759963904346518e-06,False,False,False,False,False,False,False,False,False,False,False,False,False,2,2,False,1.0200000000000002,True,False,True,9.691331481933592,1969.1648,4,0.0001349868241121,3.759963904346518e-06,178,884,True,1000000.0,False,False,False,False,1.3898949879260776,0.019965020622362904,0.027852239703241327
ARDRVYRSYRYAFDY,H4-34,K3-20,True,23,1,1,0.0001349868241121,2.6952143773515746e-06,3.759963904346518e-06,False,False,False,False,False,False,False,False,False,False,False,False,False,2,2,False,1.8,True,False,True,9.521891784667968,2001.1636000000003,4,0.0001349868241121,3.759963904346518e-06,178,886,True,1000000.0,False,False,False,False,1.3898949879260776,0.019965020622362904,0.027852239703241327
ARELDVYRYGRWVFDI,H3-23_A,K1-39,True,23,1,1,0.0001349868241121,2.6952143773515746e-06,3.759963904346518e-06,False,False,False,False,False,False,False,False,False,True,False,False,False,0,0,False,0.0375000000000001,True,False,False,6.165244674682618,2058.2977,3,0.0001349868241121,3.759963904346518e-06,239,889,True,1000000.0,False,False,False,False,1.3898949879260776,0.019965020622362904,0.027852239703241327
ARFGRVRYNFDY,H3-23_A,K3-20,True,23,1,1,0.0001349868241121,2.6952143773515746e-06,3.759963904346518e-06,False,False,False,False,False,False,False,False,False,False,False,False,False,2,2,False,0.9583333333333336,True,False,True,9.97897186279297,1563.7166,3,0.0001349868241121,3.759963904346518e-06,279,891,True,1000000.0,False,False,False,False,1.3898949879260776,0.019965020622362904,0.027852239703241327
ARFSRAVSRYGFDY,H3-23_A,K4-1,True,23,1,1,0.0001349868241121,2.6952143773515746e-06,3.759963904346518e-06,False,False,False,False,False,False,False,False,False,False,False,False,False,2,2,False,1.4,True,False,True,9.97897186279297,1694.8465,3,0.0001349868241121,3.759963904346518e-06,293,892,True,1000000.0,False,False,False,False,1.3898949879260776,0.019965020622362904,0.027852239703241327
ARGRWRGYWAFDY,H1-69,K3-15,True,23,1,1,0.0001349868241121,2.6952143773515746e-06,3.759963904346518e-06,False,False,False,False,False,False,False,False,False,False,False,False,False,2,2,False,0.4000000000000001,True,False,True,9.97897186279297,1703.8582,3,0.0001349868241121,3.759963904346518e-06,382,895,True,1000000.0,False,False,False,False,1.3898949879260776,0.019965020622362904,0.027852239703241327
ARGVFGLRAVWGVRFDI,H3-23_A,K4-1,True,23,1,1,0.0001349868241121,2.6952143773515746e-06,3.759963904346518e-06,False,False,False,False,False,False,False,False,False,False,False,False,False,2,2,False,-0.7529411764705881,True,False,True,11.698988342285158,1919.2352,3,0.0001349868241121,3.759963904346518e-06,409,897,True,1000000.0,False,False,False,False,1.3898949879260776,0.019965020622362904,0.027852239703241327
ARHRPYSRYRFTYAFDY,H4-34,K4-1,True,23,1,1,0.0001349868241121,2.6952143773515746e-06,3.759963904346518e-06,False,False,False,False,False,False,False,False,False,False,False,False,True,3,4,False,1.2294117647058824,True,False,True,9.985148620605468,2269.4774,4,0.0001349868241121,3.759963904346518e-06,484,899,True,1000000.0,False,False,False,False,1.3898949879260776,0.019965020622362904,0.027852239703241327
ARLGRSRWGFDY,H3-23_A,K3-20,True,23,1,1,0.0001349868241121,2.6952143773515746e-06,3.759963904346518e-06,False,False,False,False,False,False,False,False,False,False,False,False,False,2,2,False,1.025,True,False,True,10.73751983642578,1483.6321,3,0.0001349868241121,3.759963904346518e-06,610,910,True,1000000.0,False,False,False,False,1.3898949879260776,0.019965020622362904,0.027852239703241327
ARSGRQDAWRGYRYFDP,H5-51,K3-15,True,23,1,1,0.0001349868241121,2.6952143773515746e-06,3.759963904346518e-06,False,False,False,False,True,False,False,False,False,False,False,False,False,2,2,False,2.588235294117647,True,False,True,9.971391296386717,2101.2431,4,0.0001349868241121,3.759963904346518e-06,739,920,True,1000000.0,False,False,False,False,1.3898949879260776,0.019965020622362904,0.027852239703241327
ARSWYGLWRYWYFDP,H3-23_A,K3-15,True,23,1,1,0.0001349868241121,2.6952143773515746e-06,3.759963904346518e-06,False,False,False,True,True,False,False,False,False,False,False,False,False,1,1,True,-1.2866666666666664,False,True,False,8.539295959472657,2066.2765,2,0.0001349868241121,3.759963904346518e-06,788,922,True,1000000.0,False,False,False,False,1.3898949879260776,0.019965020622362904,0.027852239703241327
ARSYWVRDRWLYWFDP,H4-34,K4-1,True,23,1,1,0.0001349868241121,2.6952143773515746e-06,3.759963904346518e-06,False,False,False,True,True,False,False,False,False,False,False,False,False,1,1,False,-0.7874999999999999,True,True,False,8.631455993652345,2216.4561,3,0.0001349868241121,3.759963904346518e-06,793,923,True,1000000.0,False,False,False,False,1.3898949879260776,0.019965020622362904,0.027852239703241327
ARVPRTALRFDY,H3-23_A,K3-20,True,23,1,1,0.0001349868241121,2.6952143773515746e-06,3.759963904346518e-06,False,False,False,False,False,False,False,False,False,False,False,False,False,2,2,False,0.8416666666666668,True,False,True,10.73751983642578,1464.6703,3,0.0001349868241121,3.759963904346518e-06,853,927,True,1000000.0,False,False,False,False,1.3898949879260776,0.019965020622362904,0.027852239703241327
ARWLYHYAYFDY,H3-23_A,K3-15,True,23,1,1,0.0001349868241121,2.6952143773515746e-06,3.759963904346518e-06,False,False,False,True,False,False,False,False,False,False,False,False,False,0,1,True,-1.2916666666666663,False,False,False,6.78493537902832,1667.8176,1,0.0001349868241121,3.759963904346518e-06,926,932,True,1000000.0,False,False,False,False,1.3898949879260776,0.019965020622362904,0.027852239703241327
ARAYLPYRLRWGFDY,H4-34,K3-20,True,22,1,1,0.0001291178317594,2.6952143773515746e-06,3.759963904346518e-06,False,False,False,False,False,False,False,False,False,False,False,False,False,2,2,False,-0.5799999999999997,True,False,True,9.694419860839844,1947.2006,3,0.0001291178317594,3.759963904346518e-06,73,938,True,1000000.0,False,False,False,False,1.3898949879260776,0.020872451280475973,0.029118152555619038
ARDRYRYRTSFDY,H3-23_A,K3-20,True,22,1,1,0.0001291178317594,2.6952143773515746e-06,3.759963904346518e-06,False,False,False,False,False,False,False,False,False,False,False,False,False,2,2,False,2.746153846153846,True,False,True,9.691331481933592,1768.8854,4,0.0001291178317594,3.759963904346518e-06,188,940,True,1000000.0,False,False,False,False,1.3898949879260776,0.020872451280475973,0.029118152555619038
ARDYRLSYFRHFDY,H3-23_A,K3-20,True,22,1,1,0.0001291178317594,2.6952143773515746e-06,3.759963904346518e-06,False,False,False,False,False,False,False,False,False,False,False,False,False,1,2,False,0.7142857142857145,True,False,False,8.544841003417972,1909.0665,3,0.0001291178317594,3.759963904346518e-06,222,945,True,1000000.0,False,False,False,False,1.3898949879260776,0.020872451280475973,0.029118152555619038
ARERWVQGRTEFDY,H3-23_A,K3-20,True,22,1,1,0.0001291178317594,2.6952143773515746e-06,3.759963904346518e-06,False,False,False,False,False,False,False,False,False,True,False,False,False,0,0,False,2.314285714285714,True,False,True,6.22622718811035,1812.938,3,0.0001291178317594,3.759963904346518e-06,259,948,True,1000000.0,False,False,False,False,1.3898949879260776,0.020872451280475973,0.029118152555619038
ARGLRAWGYGTRFDY,H3-23_A,K4-1,True,22,1,1,0.0001291178317594,2.6952143773515746e-06,3.759963904346518e-06,False,False,False,False,False,False,False,False,False,False,False,False,False,2,2,False,1.1266666666666667,True,False,True,9.97897186279297,1788.9611,3,0.0001291178317594,3.759963904346518e-06,327,952,True,1000000.0,False,False,False,False,1.3898949879260776,0.020872451280475973,0.029118152555619038
ARGRARLHYWTNPFDY,H3-23_A,K3-15,True,22,1,1,0.0001291178317594,2.6952143773515746e-06,3.759963904346518e-06,False,False,False,True,False,False,False,False,False,False,False,False,False,2,3,False,1.0437500000000002,True,False,True,9.979042053222656,2023.2156,3,0.0001291178317594,3.759963904346518e-06,355,953,True,1000000.0,False,False,False,False,1.3898949879260776,0.020872451280475973,0.029118152555619038
ARGRGPRRYSYGFDY,H5-51,K3-15,True,22,1,1,0.0001291178317594,2.6952143773515746e-06,3.759963904346518e-06,False,False,False,False,False,True,True,False,False,False,False,False,True,3,3,False,2.646666666666667,True,False,True,10.256925964355467,1820.9632,4,0.0001291178317594,3.759963904346518e-06,360,954,True,1000000.0,False,False,False,False,1.3898949879260776,0.020872451280475973,0.029118152555619038
ARHPPRGLLGY,H3-23_A,K4-1,True,22,1,1,0.0001291178317594,2.6952143773515746e-06,3.759963904346518e-06,False,False,False,False,False,False,False,False,False,False,False,False,False,2,3,False,0.7181818181818184,False,False,True,10.835224914550782,1236.4253,2,0.0001291178317594,3.759963904346518e-06,472,961,True,1000000.0,False,False,False,False,1.3898949879260776,0.020872451280475973,0.029118152555619038
ARHRYIYARTYFDY,H3-23_A,K4-1,True,22,1,1,0.0001291178317594,2.6952143773515746e-06,3.759963904346518e-06,False,False,False,False,False,False,False,False,False,False,False,False,False,2,3,False,0.6642857142857145,True,False,True,9.523927307128908,1895.083,3,0.0001291178317594,3.759963904346518e-06,496,967,True,1000000.0,False,False,False,False,1.3898949879260776,0.020872451280475973,0.029118152555619038
ARKGRTDRYGFDY,H3-23_A,K3-20,True,22,1,1,0.0001291178317594,2.6952143773515746e-06,3.759963904346518e-06,False,False,False,False,False,False,False,False,False,False,False,False,False,2,2,False,3.3846153846153846,True,False,False,9.694419860839844,1604.7241,3,0.0001291178317594,3.759963904346518e-06,580,969,True,1000000.0,False,False,False,False,1.3898949879260776,0.020872451280475973,0.029118152555619038
ARLGRYSREAFDY,H3-23_A,K3-15,True,22,1,1,0.0001291178317594,2.6952143773515746e-06,3.759963904346518e-06,False,False,False,False,False,False,False,False,False,False,False,False,False,1,1,False,1.8923076923076925,True,False,True,8.63159637451172,1603.736,3,0.0001291178317594,3.759963904346518e-06,612,970,True,1000000.0,False,False,False,False,1.3898949879260776,0.020872451280475973,0.029118152555619038
ARLPGRYRHGFDY,H3-23_A,K4-1,True,22,1,1,0.0001291178317594,2.6952143773515746e-06,3.759963904346518e-06,False,False,False,False,False,False,False,False,False,False,False,False,False,2,3,False,1.3923076923076925,True,False,True,9.979042053222656,1607.7725999999998,3,0.0001291178317594,3.759963904346518e-06,628,972,True,1000000.0,False,False,False,False,1.3898949879260776,0.020872451280475973,0.029118152555619038
ARPRNRYGFDY,H3-23_A,K1-39,True,22,1,1,0.0001291178317594,2.6952143773515746e-06,3.759963904346518e-06,False,False,False,False,False,False,False,False,False,False,False,False,False,2,2,False,2.409090909090909,True,False,True,9.97897186279297,1414.527,3,0.0001291178317594,3.759963904346518e-06,693,977,True,1000000.0,False,False,False,False,1.3898949879260776,0.020872451280475973,0.029118152555619038
ARQRYQYAGRPFDY,H5-51,K3-15,True,22,1,1,0.0001291178317594,2.6952143773515746e-06,3.759963904346518e-06,False,False,False,False,False,False,False,False,False,False,False,False,False,2,2,False,2.2642857142857147,True,False,True,9.694419860839844,1790.9338999999998,3,0.0001291178317594,3.759963904346518e-06,726,981,True,1000000.0,False,False,False,False,1.3898949879260776,0.020872451280475973,0.029118152555619038
ARSKRKWSAGAFDY,H5-51,K3-20,True,22,1,1,0.0001291178317594,2.6952143773515746e-06,3.759963904346518e-06,False,False,False,False,False,False,False,False,False,False,False,False,True,3,3,False,2.407142857142857,False,False,False,10.27826385498047,1642.8151999999998,2,0.0001291178317594,3.759963904346518e-06,745,982,True,1000000.0,False,False,False,False,1.3898949879260776,0.020872451280475973,0.029118152555619038
ARSRNLRFYTYGFDY,H3-23_A,K3-15,True,22,1,1,0.0001291178317594,2.6952143773515746e-06,3.759963904346518e-06,False,False,False,False,False,False,False,False,False,False,False,False,False,2,2,False,1.0533333333333337,True,False,True,9.694419860839844,1929.0976,3,0.0001291178317594,3.759963904346518e-06,764,984,True,1000000.0,False,False,False,False,1.3898949879260776,0.020872451280475973,0.029118152555619038
ARTKRYARGWYSWPFDP,H4-34,K3-20,True,22,1,1,0.0001291178317594,2.6952143773515746e-06,3.759963904346518e-06,False,False,False,False,True,False,False,False,False,False,False,False,True,3,3,False,1.241176470588235,True,False,True,10.267314147949218,2157.3908,3,0.0001291178317594,3.759963904346518e-06,803,985,True,1000000.0,False,False,False,False,1.3898949879260776,0.020872451280475973,0.029118152555619038
ARVHLSYPSRYRFDY,H3-23_A,K4-1,True,22,1,1,0.0001291178317594,2.6952143773515746e-06,3.759963904346518e-06,False,False,False,False,False,False,False,False,False,False,False,False,False,2,3,False,0.94,True,False,True,9.694560241699218,1930.1288,3,0.0001291178317594,3.759963904346518e-06,832,987,True,1000000.0,False,False,False,False,1.3898949879260776,0.020872451280475973,0.029118152555619038
ARVIPILLWRSAFDY,H3-23_A,K3-15,True,22,1,1,0.0001291178317594,2.6952143773515746e-06,3.759963904346518e-06,False,False,False,False,False,False,False,False,False,False,False,False,False,1,1,True,-1.8666666666666665,False,False,False,8.79022674560547,1820.1407,2,0.0001291178317594,3.759963904346518e-06,839,989,True,1000000.0,False,False,False,False,1.3898949879260776,0.020872451280475973,0.029118152555619038
ARVPGHWLLWGAFDY,H3-23_A,K3-20,True,22,1,1,0.0001291178317594,2.6952143773515746e-06,3.759963904346518e-06,False,False,False,False,False,False,False,False,False,False,False,False,False,0,1,True,-1.2799999999999998,False,False,False,6.788309097290039,1788.0142999999998,1,0.0001291178317594,3.759963904346518e-06,851,992,True,1000000.0,False,False,False,False,1.3898949879260776,0.020872451280475973,0.029118152555619038
ARVRPVSRSGFDY,H3-23_A,K3-20,True,22,1,1,0.0001291178317594,2.6952143773515746e-06,3.759963904346518e-06,False,False,False,False,False,False,False,False,False,False,False,False,False,2,2,False,2.076923076923077,True,False,True,10.73751983642578,1509.6678,3,0.0001291178317594,3.759963904346518e-06,867,995,True,1000000.0,False,False,False,False,1.3898949879260776,0.020872451280475973,0.029118152555619038
ARVRSSGRLDY,H3-23_A,K4-1,True,22,1,1,0.0001291178317594,2.6952143773515746e-06,3.759963904346518e-06,False,False,False,False,False,False,False,False,False,False,False,False,False,2,2,False,2.6,True,False,True,10.73751983642578,1279.4054,3,0.0001291178317594,3.759963904346518e-06,872,996,True,1000000.0,False,False,False,False,1.3898949879260776,0.020872451280475973,0.029118152555619038
ARVRYWRPLSGIAQFDP,H4-34,K3-20,True,22,1,1,0.0001291178317594,2.6952143773515746e-06,3.759963904346518e-06,False,False,False,False,True,False,False,False,False,False,False,False,False,2,2,False,0.423529411764706,True,False,True,10.73751983642578,2032.3069,3,0.0001291178317594,3.759963904346518e-06,889,997,True,1000000.0,False,False,False,False,1.3898949879260776,0.020872451280475973,0.029118152555619038
ARAARSIVYNRFDY,H3-23_A,K3-15,True,21,1,1,0.0001232488394067,2.6952143773515746e-06,3.759963904346518e-06,False,False,False,False,False,False,False,False,False,False,False,False,False,2,2,False,1.2642857142857145,True,False,True,9.97897186279297,1701.8821999999998,3,0.0001232488394067,3.759963904346518e-06,3,1004,True,1000000.0,False,False,False,False,1.3898949879260776,0.0218662968946069,0.03050461875549785
ARARWNYGRFDY,H3-23_A,K4-1,True,21,1,1,0.0001232488394067,2.6952143773515746e-06,3.759963904346518e-06,False,False,False,False,False,False,False,False,False,False,False,False,False,2,2,False,1.375,True,False,True,9.97897186279297,1574.6996,3,0.0001232488394067,3.759963904346518e-06,53,1006,True,1000000.0,False,False,False,False,1.3898949879260776,0.0218662968946069,0.03050461875549785
ARDRGWYSKRAFDY,H3-23_A,K3-20,True,21,1,1,0.0001232488394067,2.6952143773515746e-06,3.759963904346518e-06,False,False,False,False,False,False,False,False,False,False,False,False,False,2,2,False,2.2642857142857147,True,False,False,9.694419860839844,1790.934,3,0.0001232488394067,3.759963904346518e-06,163,1010,True,1000000.0,False,False,False,False,1.3898949879260776,0.0218662968946069,0.03050461875549785
ARDVRWYGRPFDY,H3-23_A,K1-39,True,21,1,1,0.0001232488394067,2.6952143773515746e-06,3.759963904346518e-06,False,False,False,False,False,False,False,False,False,False,False,False,False,1,1,False,1.2153846153846155,True,False,False,8.631455993652345,1700.8527,3,0.0001232488394067,3.759963904346518e-06,204,1012,True,1000000.0,False,False,False,False,1.3898949879260776,0.0218662968946069,0.03050461875549785
ARELLRNYWAGRGFDP,H3-23_A,K1-39,True,21,1,1,0.0001232488394067,2.6952143773515746e-06,3.759963904346518e-06,False,False,False,False,True,False,False,False,False,False,False,False,False,1,1,False,0.9750000000000002,True,False,True,8.788050842285156,1921.1221,3,0.0001232488394067,3.759963904346518e-06,240,1017,True,1000000.0,False,False,False,False,1.3898949879260776,0.0218662968946069,0.03050461875549785
ARESRYRYWRPFDY,H3-23_A,K3-20,True,21,1,1,0.0001232488394067,2.6952143773515746e-06,3.759963904346518e-06,False,False,False,False,False,False,False,False,False,False,False,False,False,2,2,False,1.4571428571428573,True,False,True,9.691331481933592,1965.1332,4,0.0001232488394067,3.759963904346518e-06,262,1019,True,1000000.0,False,False,False,False,1.3898949879260776,0.0218662968946069,0.03050461875549785
ARFLFRGRLFDY,H3-23_A,K3-20,True,21,1,1,0.0001232488394067,2.6952143773515746e-06,3.759963904346518e-06,False,False,False,False,False,False,False,False,False,False,False,False,False,2,2,True,-1.458333333333333,True,False,True,10.73751983642578,1560.7987999999998,3,0.0001232488394067,3.759963904346518e-06,283,1021,True,1000000.0,False,False,False,False,1.3898949879260776,0.0218662968946069,0.03050461875549785
ARFRYRVSGRSGFDP,H3-23_A,K3-20,True,21,1,1,0.0001232488394067,2.6952143773515746e-06,3.759963904346518e-06,False,False,False,False,True,False,False,False,False,False,False,False,True,3,3,False,2.0933333333333333,True,False,True,11.539094543457033,1770.9476,4,0.0001232488394067,3.759963904346518e-06,289,1022,True,1000000.0,False,False,False,False,1.3898949879260776,0.0218662968946069,0.03050461875549785
ARFRYVRGWSTFDY,H4-34,K3-15,True,21,1,1,0.0001232488394067,2.6952143773515746e-06,3.759963904346518e-06,False,False,False,False,False,False,False,False,False,False,False,False,False,2,2,False,0.442857142857143,True,False,True,9.97897186279297,1824.0051,3,0.0001232488394067,3.759963904346518e-06,291,1023,True,1000000.0,False,False,False,False,1.3898949879260776,0.0218662968946069,0.03050461875549785
ARGFRLWSPVRYFDY,H3-23_A,K3-15,True,21,1,1,0.0001232488394067,2.6952143773515746e-06,3.759963904346518e-06,False,False,False,False,False,False,False,False,False,False,False,False,False,2,2,False,-0.4066666666666664,True,False,True,9.97897186279297,1933.174,3,0.0001232488394067,3.759963904346518e-06,310,1026,True,1000000.0,False,False,False,False,1.3898949879260776,0.0218662968946069,0.03050461875549785
ARGIRHNQGKYRYGFDI,H3-23_A,K1-39,True,21,1,1,0.0001232488394067,2.6952143773515746e-06,3.759963904346518e-06,False,False,False,False,False,False,False,False,False,False,False,False,True,3,4,False,1.9764705882352944,True,False,True,10.267314147949218,2051.2704,3,0.0001232488394067,3.759963904346518e-06,316,1027,True,1000000.0,False,False,False,False,1.3898949879260776,0.0218662968946069,0.03050461875549785
ARGLYWFGYRLYFDY,H4-34,K1-39,True,21,1,1,0.0001232488394067,2.6952143773515746e-06,3.759963904346518e-06,False,False,False,True,False,False,False,False,False,False,False,False,False,1,1,True,-1.4999999999999998,False,False,False,8.472544860839843,1990.2201,2,0.0001232488394067,3.759963904346518e-06,331,1029,True,1000000.0,False,False,False,False,1.3898949879260776,0.0218662968946069,0.03050461875549785
ARGRPLARQVWYFDI,H3-23_A,K3-15,True,21,1,1,0.0001232488394067,2.6952143773515746e-06,3.759963904346518e-06,False,False,False,True,False,False,False,False,False,False,False,False,False,2,2,False,-0.0933333333333331,True,False,True,10.73751983642578,1848.1144,3,0.0001232488394067,3.759963904346518e-06,368,1032,True,1000000.0,False,False,False,False,1.3898949879260776,0.0218662968946069,0.03050461875549785
ARGRYRTRSAGFDY,H3-23_A,K3-20,True,21,1,1,0.0001232488394067,2.6952143773515746e-06,3.759963904346518e-06,False,False,False,False,False,False,False,False,False,False,False,False,True,3,3,False,2.935714285714286,True,False,True,10.83466339111328,1675.8052999999998,4,0.0001232488394067,3.759963904346518e-06,388,1035,True,1000000.0,False,False,False,False,1.3898949879260776,0.0218662968946069,0.03050461875549785
ARHGVRAWYPRWFDP,H3-23_A,K4-1,True,21,1,1,0.0001232488394067,2.6952143773515746e-06,3.759963904346518e-06,False,False,False,False,True,False,False,False,False,False,False,False,False,2,3,False,0.2666666666666668,True,False,True,10.73751983642578,1914.1344,3,0.0001232488394067,3.759963904346518e-06,447,1038,True,1000000.0,False,False,False,False,1.3898949879260776,0.0218662968946069,0.03050461875549785
ARHRYRLLSQAYGFDY,H3-23_A,K1-39,True,21,1,1,0.0001232488394067,2.6952143773515746e-06,3.759963904346518e-06,False,False,False,False,False,False,False,False,False,False,False,False,False,2,3,False,0.8625000000000003,True,False,True,9.694560241699218,2016.2213,3,0.0001232488394067,3.759963904346518e-06,497,1043,True,1000000.0,False,False,False,False,1.3898949879260776,0.0218662968946069,0.03050461875549785
ARIHRGRSYHSGFDY,H3-23_A,K4-1,True,21,1,1,0.0001232488394067,2.6952143773515746e-06,3.759963904346518e-06,False,False,False,False,False,False,False,False,False,False,False,False,False,2,4,False,2.1533333333333338,True,False,True,9.979112243652343,1821.9513,3,0.0001232488394067,3.759963904346518e-06,547,1046,True,1000000.0,False,False,False,False,1.3898949879260776,0.0218662968946069,0.03050461875549785
ARISYFHLFDY,H3-23_A,K3-20,True,21,1,1,0.0001232488394067,2.6952143773515746e-06,3.759963904346518e-06,False,False,False,True,False,False,False,False,False,False,False,False,False,0,1,True,-1.318181818181818,False,False,False,6.787184524536133,1431.5921,1,0.0001232488394067,3.759963904346518e-06,565,1047,True,1000000.0,False,False,False,False,1.3898949879260776,0.0218662968946069,0.03050461875549785
ARKFRWGRWPFDY,H3-23_A,K1-39,True,21,1,1,0.0001232488394067,2.6952143773515746e-06,3.759963904346518e-06,False,False,False,False,False,False,False,False,False,False,False,False,True,3,3,False,-0.1615384615384613,True,False,True,10.903590393066406,1785.0170999999998,3,0.0001232488394067,3.759963904346518e-06,578,1048,True,1000000.0,False,False,False,False,1.3898949879260776,0.0218662968946069,0.03050461875549785
ARKLTRQAGSLRYGFDI,H3-23_A,K1-39,True,21,1,1,0.0001232488394067,2.6952143773515746e-06,3.759963904346518e-06,False,False,False,False,False,False,False,False,False,False,False,False,True,3,3,False,1.4176470588235297,True,False,True,10.903590393066406,1952.2207,3,0.0001232488394067,3.759963904346518e-06,586,1049,True,1000000.0,False,False,False,False,1.3898949879260776,0.0218662968946069,0.03050461875549785
ARKRGRDRGRFSAFDY,H5-51,K3-15,True,21,1,1,0.0001232488394067,2.6952143773515746e-06,3.759963904346518e-06,False,False,False,False,False,False,False,False,False,False,False,False,True,4,4,False,3.03125,True,False,True,11.43549346923828,1958.1474,5,0.0001232488394067,3.759963904346518e-06,591,1050,True,1000000.0,False,False,False,False,1.3898949879260776,0.0218662968946069,0.03050461875549785
ARKRPSTSPRFPFDY,H3-23_A,K4-1,True,21,1,1,0.0001232488394067,2.6952143773515746e-06,3.759963904346518e-06,False,False,False,False,False,False,False,False,False,False,False,False,True,3,3,False,2.306666666666666,True,False,True,10.903590393066406,1825.0349,3,0.0001232488394067,3.759963904346518e-06,592,1051,True,1000000.0,False,False,False,False,1.3898949879260776,0.0218662968946069,0.03050461875549785
ARLARTYGRSWYAFDI,H3-23_A,K3-20,True,21,1,1,0.0001232488394067,2.6952143773515746e-06,3.759963904346518e-06,False,False,False,False,False,False,False,False,False,False,False,False,False,2,2,False,0.3812500000000002,True,False,True,9.97897186279297,1946.1713,3,0.0001232488394067,3.759963904346518e-06,602,1052,True,1000000.0,False,False,False,False,1.3898949879260776,0.0218662968946069,0.03050461875549785
ARQLRGWGRSSYGFDY,H3-23_A,K4-1,True,21,1,1,0.0001232488394067,2.6952143773515746e-06,3.759963904346518e-06,False,False,False,False,False,False,False,False,False,False,False,False,False,2,2,False,1.7875,True,False,True,9.97897186279297,1919.0631,3,0.0001232488394067,3.759963904346518e-06,716,1060,True,1000000.0,False,False,False,False,1.3898949879260776,0.0218662968946069,0.03050461875549785
ARSRYRYPASYGSFDY,H3-23_A,K4-1,True,21,1,1,0.0001232488394067,2.6952143773515746e-06,3.759963904346518e-06,False,False,False,False,False,False,False,False,False,False,False,False,False,2,2,False,2.3312500000000003,True,False,True,9.52378692626953,1959.0806,3,0.0001232488394067,3.759963904346518e-06,769,1067,True,1000000.0,False,False,False,False,1.3898949879260776,0.0218662968946069,0.03050461875549785
ARSWGWYVLFDY,H3-23_A,K3-20,True,21,1,1,0.0001232488394067,2.6952143773515746e-06,3.759963904346518e-06,False,False,False,False,False,False,False,False,False,False,False,False,False,0,0,True,-1.45,False,False,False,5.87944984436035,1562.7234999999998,1,0.0001232488394067,3.759963904346518e-06,786,1070,True,1000000.0,False,False,False,False,1.3898949879260776,0.0218662968946069,0.03050461875549785
ARTVATRIRTGFDY,H5-51,UNK,True,21,1,1,0.0001232488394067,2.6952143773515746e-06,3.759963904346518e-06,False,False,False,False,False,False,False,False,False,False,False,False,False,2,2,False,1.8071428571428567,True,False,True,10.73751983642578,1626.8141999999998,3,0.0001232488394067,3.759963904346518e-06,819,1071,True,1000000.0,False,False,False,False,1.3898949879260776,0.0218662968946069,0.03050461875549785
ARYSYDYRRYAFDY,H3-23_A,K4-1,True,21,1,1,0.0001232488394067,2.6952143773515746e-06,3.759963904346518e-06,False,False,False,False,False,True,True,False,False,False,False,False,False,1,1,False,1.7571428571428571,True,False,False,8.420042419433592,1909.0201,3,0.0001232488394067,3.759963904346518e-06,989,1083,True,1000000.0,False,False,False,False,1.3898949879260776,0.0218662968946069,0.03050461875549785
ARAKRSRWYIYGFDY,H1-69,K3-15,True,20,1,1,0.000117379847054,2.6952143773515746e-06,3.759963904346518e-06,False,False,False,False,False,False,False,False,False,False,False,False,True,3,3,False,0.7866666666666668,True,False,True,9.989149475097657,1952.1774,3,0.000117379847054,3.759963904346518e-06,23,1084,True,1000000.0,False,False,False,False,1.3898949879260776,0.02295951860395355,0.032029719764579925
ARASVPWYRIRWFDP,H3-23_A,K4-1,True,20,1,1,0.000117379847054,2.6952143773515746e-06,3.759963904346518e-06,False,False,False,False,True,False,False,False,False,False,False,False,False,2,2,False,-0.3533333333333333,True,False,True,10.73751983642578,1920.1787,3,0.000117379847054,3.759963904346518e-06,59,1085,True,1000000.0,False,False,False,False,1.3898949879260776,0.02295951860395355,0.032029719764579925
ARDPRSYRHSSRAFDY,H3-23_A,K4-1,True,20,1,1,0.000117379847054,2.6952143773515746e-06,3.759963904346518e-06,False,False,False,False,True,False,False,False,False,False,False,False,False,2,3,False,3.23125,True,False,True,9.971461486816406,1984.0953,4,0.000117379847054,3.759963904346518e-06,157,1096,True,1000000.0,False,False,False,False,1.3898949879260776,0.02295951860395355,0.032029719764579925
ARERYWASVSRYGFDI,H3-23_A,K3-20,True,20,1,1,0.000117379847054,2.6952143773515746e-06,3.759963904346518e-06,False,False,False,False,False,False,False,False,False,False,False,False,False,1,1,False,1.1625,True,False,True,8.63159637451172,1976.1542,3,0.000117379847054,3.759963904346518e-06,261,1102,True,1000000.0,False,False,False,False,1.3898949879260776,0.02295951860395355,0.032029719764579925
ARGFRGRGIWGFDY,H3-23_A,K3-20,True,20,1,1,0.000117379847054,2.6952143773515746e-06,3.759963904346518e-06,False,False,False,False,False,False,False,False,False,False,False,False,False,2,2,False,0.6571428571428574,True,False,True,10.73751983642578,1657.8312,3,0.000117379847054,3.759963904346518e-06,309,1106,True,1000000.0,False,False,False,False,1.3898949879260776,0.02295951860395355,0.032029719764579925
ARGQRLWRGFDY,H5-51,K3-15,True,20,1,1,0.000117379847054,2.6952143773515746e-06,3.759963904346518e-06,False,False,False,False,False,False,False,False,False,False,False,False,False,2,2,False,0.9833333333333336,True,False,True,10.73751983642578,1524.684,3,0.000117379847054,3.759963904346518e-06,352,1108,True,1000000.0,False,False,False,False,1.3898949879260776,0.02295951860395355,0.032029719764579925
ARGRSRSSGYFDY,H5-51,K3-15,True,20,1,1,0.000117379847054,2.6952143773515746e-06,3.759963904346518e-06,False,False,False,False,False,False,False,False,False,False,False,False,False,2,2,False,3.276923076923077,True,False,True,9.97897186279297,1521.5924,3,0.000117379847054,3.759963904346518e-06,371,1110,True,1000000.0,False,False,False,False,1.3898949879260776,0.02295951860395355,0.032029719764579925
ARGRWSAVRFAFDY,H3-23_A,K1-39,True,20,1,1,0.000117379847054,2.6952143773515746e-06,3.759963904346518e-06,False,False,False,False,False,False,False,False,False,False,False,False,False,2,2,False,0.5071428571428573,True,False,True,10.73751983642578,1701.8837999999998,3,0.000117379847054,3.759963904346518e-06,383,1113,True,1000000.0,False,False,False,False,1.3898949879260776,0.02295951860395355,0.032029719764579925
ARGRWYRPALFDY,H3-23_A,K3-20,True,20,1,1,0.000117379847054,2.6952143773515746e-06,3.759963904346518e-06,False,False,False,False,False,False,False,False,False,False,False,False,False,2,2,False,0.1846153846153848,True,False,True,9.97897186279297,1670.8698,3,0.000117379847054,3.759963904346518e-06,384,1114,True,1000000.0,False,False,False,False,1.3898949879260776,0.02295951860395355,0.032029719764579925
ARGRYGSYWSYRSFDY,H4-34,K4-1,True,20,1,1,0.000117379847054,2.6952143773515746e-06,3.759963904346518e-06,False,False,False,False,False,False,False,False,False,False,False,False,False,2,2,False,1.8,True,False,True,9.52378692626953,2034.1487,3,0.000117379847054,3.759963904346518e-06,386,1115,True,1000000.0,False,False,False,False,1.3898949879260776,0.02295951860395355,0.032029719764579925
ARHKAPYRGRKYAFDY,H3-23_A,K4-1,True,20,1,1,0.000117379847054,2.6952143773515746e-06,3.759963904346518e-06,False,False,False,False,False,False,False,False,False,False,False,False,True,4,5,False,2.2062500000000003,True,False,True,10.161607360839842,1999.2373,3,0.000117379847054,3.759963904346518e-06,457,1120,True,1000000.0,False,False,False,False,1.3898949879260776,0.02295951860395355,0.032029719764579925
ARIQPRASRSYRYPFDP,H4-34,K4-1,True,20,1,1,0.000117379847054,2.6952143773515746e-06,3.759963904346518e-06,False,False,False,False,True,False,False,False,False,False,False,False,True,3,3,False,2.0764705882352943,True,False,True,10.83466339111328,2080.3085,4,0.000117379847054,3.759963904346518e-06,555,1126,True,1000000.0,False,False,False,False,1.3898949879260776,0.02295951860395355,0.032029719764579925
ARIRLRSSIYGYGLFDP,H4-34,K4-1,True,20,1,1,0.000117379847054,2.6952143773515746e-06,3.759963904346518e-06,False,False,False,False,True,False,False,False,False,False,False,False,False,2,2,False,0.2235294117647061,True,False,True,9.97897186279297,1984.2607,3,0.000117379847054,3.759963904346518e-06,557,1127,True,1000000.0,False,False,False,False,1.3898949879260776,0.02295951860395355,0.032029719764579925
ARKPRTRAGYLFDY,H3-23_A,UNK,True,20,1,1,0.000117379847054,2.6952143773515746e-06,3.759963904346518e-06,False,False,False,False,False,False,False,False,False,False,False,False,True,3,3,False,1.6642857142857146,True,False,True,10.267314147949218,1713.9361,3,0.000117379847054,3.759963904346518e-06,590,1129,True,1000000.0,False,False,False,False,1.3898949879260776,0.02295951860395355,0.032029719764579925
ARLVRSFSKWRYFDY,H1-69,K3-15,True,20,1,1,0.000117379847054,2.6952143773515746e-06,3.759963904346518e-06,False,False,False,False,False,False,False,False,False,False,False,False,True,3,3,False,-0.1133333333333331,True,False,True,10.267314147949218,1994.2571000000005,3,0.000117379847054,3.759963904346518e-06,666,1132,True,1000000.0,False,False,False,False,1.3898949879260776,0.02295951860395355,0.032029719764579925
ARQRNVRGYWSFDY,H3-23_A,K3-20,True,20,1,1,0.000117379847054,2.6952143773515746e-06,3.759963904346518e-06,False,False,False,False,False,False,False,False,False,False,False,False,False,2,2,False,1.6571428571428573,True,False,True,9.97897186279297,1817.9592,3,0.000117379847054,3.759963904346518e-06,722,1136,True,1000000.0,False,False,False,False,1.3898949879260776,0.02295951860395355,0.032029719764579925
ARSQRLRGRYGFDY,H3-23_A,UNK,True,20,1,1,0.000117379847054,2.6952143773515746e-06,3.759963904346518e-06,False,False,False,False,False,False,False,False,False,False,False,False,True,3,3,False,2.185714285714286,True,False,True,10.83466339111328,1744.9102999999998,4,0.000117379847054,3.759963904346518e-06,759,1143,True,1000000.0,False,False,False,False,1.3898949879260776,0.02295951860395355,0.032029719764579925
ARSRLRNALFDY,H5-51,UNK,True,20,1,1,0.000117379847054,2.6952143773515746e-06,3.759963904346518e-06,False,False,False,False,False,False,False,False,False,False,False,False,False,2,2,False,0.9000000000000002,True,False,True,10.73751983642578,1481.6577,3,0.000117379847054,3.759963904346518e-06,762,1144,True,1000000.0,False,False,False,False,1.3898949879260776,0.02295951860395355,0.032029719764579925
ARSVRWGYRYPGYLFDI,H4-34,K3-20,True,20,1,1,0.000117379847054,2.6952143773515746e-06,3.759963904346518e-06,False,False,False,False,False,False,False,False,False,False,False,False,False,2,2,False,-0.064705882352941,True,False,True,9.694419860839844,2119.3823,3,0.000117379847054,3.759963904346518e-06,782,1146,True,1000000.0,False,False,False,False,1.3898949879260776,0.02295951860395355,0.032029719764579925
ARVPRFGAAGNRFDI,H5-51,K3-20,True,20,1,1,0.000117379847054,2.6952143773515746e-06,3.759963904346518e-06,False,False,False,False,False,False,False,False,False,False,False,False,False,2,2,False,1.2866666666666668,True,False,True,11.698988342285158,1646.8501,3,0.000117379847054,3.759963904346518e-06,852,1152,True,1000000.0,False,False,False,False,1.3898949879260776,0.02295951860395355,0.032029719764579925
ARVRRYWLVSAGFDY,H3-23_A,K3-15,True,20,1,1,0.000117379847054,2.6952143773515746e-06,3.759963904346518e-06,False,False,False,False,False,True,True,False,False,False,False,False,False,2,2,False,-0.0399999999999998,True,False,True,9.97897186279297,1859.0939000000003,3,0.000117379847054,3.759963904346518e-06,870,1153,True,1000000.0,False,False,False,False,1.3898949879260776,0.02295951860395355,0.032029719764579925
ARVYRLGAYWRIFDY,H4-34,K1-39,True,20,1,1,0.000117379847054,2.6952143773515746e-06,3.759963904346518e-06,False,False,False,False,False,False,False,False,False,False,False,False,False,2,2,False,-0.8866666666666665,True,False,True,9.694419860839844,1949.2164,3,0.000117379847054,3.759963904346518e-06,911,1155,True,1000000.0,False,False,False,False,1.3898949879260776,0.02295951860395355,0.032029719764579925
ARVYRSGEWYVRYFDP,H3-23_A,K3-20,True,20,1,1,0.000117379847054,2.6952143773515746e-06,3.759963904346518e-06,False,False,False,False,True,False,False,False,False,False,False,False,False,1,1,False,0.90625,True,False,True,8.53866424560547,2064.2608,3,0.000117379847054,3.759963904346518e-06,912,1156,True,1000000.0,False,False,False,False,1.3898949879260776,0.02295951860395355,0.032029719764579925
ARWHVYWGYVFDY,H4-34,K3-20,True,20,1,1,0.000117379847054,2.6952143773515746e-06,3.759963904346518e-06,False,False,False,False,False,False,False,False,False,False,False,False,False,0,1,True,-1.4,False,False,False,6.786059951782226,1761.9321,1,0.000117379847054,3.759963904346518e-06,269,1158,True,1000000.0,False,False,False,False,1.3898949879260776,0.02295951860395355,0.032029719764579925
ARAIRGRSWFRTRFDY,H4-34,K3-15,True,19,1,1,0.0001115108547013,2.6952143773515746e-06,3.759963904346518e-06,False,False,False,False,False,False,False,False,False,False,False,False,True,4,4,False,0.8937500000000002,True,False,True,11.82919158935547,2058.3078,5,0.0001115108547013,3.759963904346518e-06,18,1165,True,1000000.0,False,False,False,False,1.3898949879260776,0.024167805963920364,0.0337153433267463
ARALDVYGRWRFDY,H4-34,K4-1,True,19,1,1,0.0001115108547013,2.6952143773515746e-06,3.759963904346518e-06,False,False,False,False,False,False,False,False,False,False,False,False,False,1,1,False,0.4714285714285716,True,False,False,8.631455993652345,1787.973,3,0.0001115108547013,3.759963904346518e-06,24,1166,True,1000000.0,False,False,False,False,1.3898949879260776,0.024167805963920364,0.0337153433267463
ARARFGLFRGWRYFDY,H4-34,K3-15,True,19,1,1,0.0001115108547013,2.6952143773515746e-06,3.759963904346518e-06,False,False,False,False,False,False,False,False,False,False,False,False,True,3,3,False,-0.5124999999999997,True,False,True,10.83466339111328,2081.3392,4,0.0001115108547013,3.759963904346518e-06,45,1167,True,1000000.0,False,False,False,False,1.3898949879260776,0.024167805963920364,0.0337153433267463
ARARYGWPRLFDY,H3-23_A,K1-39,True,19,1,1,0.0001115108547013,2.6952143773515746e-06,3.759963904346518e-06,False,False,False,False,False,False,False,False,False,False,False,False,False,2,2,False,0.1846153846153848,True,False,True,9.97897186279297,1670.8698,3,0.0001115108547013,3.759963904346518e-06,56,1168,True,1000000.0,False,False,False,False,1.3898949879260776,0.024167805963920364,0.0337153433267463
ARERGLGLWYRGFDP,H3-23_A,K3-20,True,19,1,1,0.0001115108547013,2.6952143773515746e-06,3.759963904346518e-06,False,False,False,False,True,False,False,False,False,False,False,False,False,1,1,False,0.8133333333333336,True,False,True,8.788050842285156,1792.9928999999995,3,0.0001115108547013,3.759963904346518e-06,254,1184,True,1000000.0,False,False,False,False,1.3898949879260776,0.024167805963920364,0.0337153433267463
ARFGFLRWLRGYWFDP,H4-34,K1-39,True,19,1,1,0.0001115108547013,2.6952143773515746e-06,3.759963904346518e-06,False,False,False,True,True,False,False,False,False,False,False,False,False,2,2,True,-1.85625,True,False,True,10.73751983642578,2087.3851,3,0.0001115108547013,3.759963904346518e-06,276,1186,True,1000000.0,False,False,False,False,1.3898949879260776,0.024167805963920364,0.0337153433267463
ARGHGVWRYRYAFDP,H3-23_A,K4-1,True,19,1,1,0.0001115108547013,2.6952143773515746e-06,3.759963904346518e-06,False,False,False,False,True,False,False,False,False,False,False,False,False,2,3,False,1.0466666666666669,True,False,True,9.979042053222656,1851.0338,3,0.0001115108547013,3.759963904346518e-06,311,1190,True,1000000.0,False,False,False,False,1.3898949879260776,0.024167805963920364,0.0337153433267463
ARGPARNWFRGFDY,H5-51,K3-20,True,19,1,1,0.0001115108547013,2.6952143773515746e-06,3.759963904346518e-06,False,False,False,False,False,False,False,False,False,False,False,False,False,2,2,False,1.2142857142857146,True,False,True,10.73751983642578,1712.8666999999998,3,0.0001115108547013,3.759963904346518e-06,333,1191,True,1000000.0,False,False,False,False,1.3898949879260776,0.024167805963920364,0.0337153433267463
ARGQRYRAYNYGWGFDI,H5-51,K3-15,True,19,1,1,0.0001115108547013,2.6952143773515746e-06,3.759963904346518e-06,False,False,False,False,False,False,False,False,False,False,False,False,False,2,2,False,1.4117647058823533,True,False,True,9.694419860839844,2093.2622,3,0.0001115108547013,3.759963904346518e-06,353,1193,True,1000000.0,False,False,False,False,1.3898949879260776,0.024167805963920364,0.0337153433267463
ARHGRAPKRFDY,H3-23_A,K3-20,True,19,1,1,0.0001115108547013,2.6952143773515746e-06,3.759963904346518e-06,False,False,False,False,False,False,False,False,False,False,False,False,True,3,4,False,2.6083333333333334,True,False,True,10.903660583496094,1473.6407,3,0.0001115108547013,3.759963904346518e-06,441,1200,True,1000000.0,False,False,False,False,1.3898949879260776,0.024167805963920364,0.0337153433267463
ARHHGTRSRFDY,H3-23_A,K3-15,True,19,1,1,0.0001115108547013,2.6952143773515746e-06,3.759963904346518e-06,False,False,False,False,False,False,False,False,False,False,False,False,False,2,4,False,2.9333333333333336,True,False,True,10.73751983642578,1502.5957999999998,3,0.0001115108547013,3.759963904346518e-06,451,1202,True,1000000.0,False,False,False,False,1.3898949879260776,0.024167805963920364,0.0337153433267463
ARHHWRFLRDY,H4-34,K3-20,True,19,1,1,0.0001115108547013,2.6952143773515746e-06,3.759963904346518e-06,False,False,False,True,False,False,False,False,False,False,False,False,False,2,4,False,-0.127272727272727,True,False,True,10.73751983642578,1556.7308,3,0.0001115108547013,3.759963904346518e-06,453,1203,True,1000000.0,False,False,False,False,1.3898949879260776,0.024167805963920364,0.0337153433267463
ARHTIRVYRSYAFDY,H4-34,K3-20,True,19,1,1,0.0001115108547013,2.6952143773515746e-06,3.759963904346518e-06,False,False,False,False,False,False,False,False,False,False,False,False,False,2,3,False,0.9333333333333336,True,False,True,9.694560241699218,1918.1181,3,0.0001115108547013,3.759963904346518e-06,512,1208,True,1000000.0,False,False,False,False,1.3898949879260776,0.024167805963920364,0.0337153433267463
ARIPRGLGSY,H4-34,K3-20,True,19,1,1,0.0001115108547013,2.6952143773515746e-06,3.759963904346518e-06,False,False,False,False,False,False,False,False,False,False,False,False,False,2,2,False,1.14,False,False,True,10.835224914550782,1089.2481,2,0.0001115108547013,3.759963904346518e-06,552,1213,True,1000000.0,False,False,False,False,1.3898949879260776,0.024167805963920364,0.0337153433267463
ARLASWVYFGFDY,H3-23_A,K3-15,True,19,1,1,0.0001115108547013,2.6952143773515746e-06,3.759963904346518e-06,False,False,False,False,False,False,False,False,False,False,False,False,False,0,0,True,-1.1153846153846152,False,False,False,5.87944984436035,1594.7652999999998,1,0.0001115108547013,3.759963904346518e-06,603,1217,True,1000000.0,False,False,False,False,1.3898949879260776,0.024167805963920364,0.0337153433267463
ARLPGWTLYRTRAFDP,H3-23_A,K3-15,True,19,1,1,0.0001115108547013,2.6952143773515746e-06,3.759963904346518e-06,False,False,False,False,True,False,False,False,False,False,False,False,False,2,2,False,0.4750000000000002,True,False,True,10.73751983642578,1920.1772,3,0.0001115108547013,3.759963904346518e-06,630,1221,True,1000000.0,False,False,False,False,1.3898949879260776,0.024167805963920364,0.0337153433267463
ARLRGWTTRGFDY,H3-23_A,K3-20,True,19,1,1,0.0001115108547013,2.6952143773515746e-06,3.759963904346518e-06,False,False,False,False,False,False,False,False,False,False,False,False,False,2,2,False,1.2461538461538464,True,False,True,10.73751983642578,1598.7625999999998,3,0.0001115108547013,3.759963904346518e-06,638,1224,True,1000000.0,False,False,False,False,1.3898949879260776,0.024167805963920364,0.0337153433267463
ARLRNWSYSRLGYAFDY,H3-23_A,K3-20,True,19,1,1,0.0001115108547013,2.6952143773515746e-06,3.759963904346518e-06,True,False,False,False,False,False,False,False,False,False,False,False,False,2,2,False,0.5411764705882355,True,False,True,9.694419860839844,2138.3426,3,0.0001115108547013,3.759963904346518e-06,644,1225,True,1000000.0,False,False,False,False,1.3898949879260776,0.024167805963920364,0.0337153433267463
ARPWYSGVRGRGFDY,H3-23_A,K4-1,True,19,1,1,0.0001115108547013,2.6952143773515746e-06,3.759963904346518e-06,False,False,False,False,False,False,False,False,False,False,False,False,False,2,2,False,1.5800000000000003,True,False,True,9.97897186279297,1786.9452,3,0.0001115108547013,3.759963904346518e-06,706,1229,True,1000000.0,False,False,False,False,1.3898949879260776,0.024167805963920364,0.0337153433267463
ARSHRVSSRSPGFDY,H3-23_A,K4-1,True,19,1,1,0.0001115108547013,2.6952143773515746e-06,3.759963904346518e-06,False,False,False,False,False,False,False,False,False,False,False,False,False,2,3,False,3.0533333333333337,True,False,True,10.73751983642578,1721.8307,3,0.0001115108547013,3.759963904346518e-06,742,1233,True,1000000.0,False,False,False,False,1.3898949879260776,0.024167805963920364,0.0337153433267463
ARSSRALGSRAFDY,H5-51,K3-20,True,19,1,1,0.0001115108547013,2.6952143773515746e-06,3.759963904346518e-06,False,False,False,False,False,False,False,False,False,False,False,False,False,2,2,False,2.4142857142857146,True,False,True,10.73751983642578,1556.6813,3,0.0001115108547013,3.759963904346518e-06,775,1235,True,1000000.0,False,False,False,False,1.3898949879260776,0.024167805963920364,0.0337153433267463
ARSYVEYRTWVKRAFDI,H3-23_A,K3-20,True,19,1,1,0.0001115108547013,2.6952143773515746e-06,3.759963904346518e-06,False,False,False,False,False,False,False,False,False,False,False,False,False,2,2,False,0.8,True,False,True,9.694419860839844,2160.4328,3,0.0001115108547013,3.759963904346518e-06,791,1237,True,1000000.0,False,False,False,False,1.3898949879260776,0.024167805963920364,0.0337153433267463
ARVRQPY,H3-23_A,K3-20,True,19,1,1,0.0001115108547013,2.6952143773515746e-06,3.759963904346518e-06,False,False,False,False,False,False,False,False,False,False,False,False,False,2,2,False,1.8571428571428568,False,False,True,10.835224914550782,889.0132,2,0.0001115108547013,3.759963904346518e-06,869,1242,True,1000000.0,False,False,False,False,1.3898949879260776,0.024167805963920364,0.0337153433267463
ARVRVIGYSWYIFDY,H4-34,K4-1,True,19,1,1,0.0001115108547013,2.6952143773515746e-06,3.759963904346518e-06,False,False,False,False,False,False,False,False,False,False,False,False,False,1,1,True,-1.0399999999999998,False,False,False,8.539295959472657,1908.1611000000005,2,0.0001115108547013,3.759963904346518e-06,877,1243,True,1000000.0,False,False,False,False,1.3898949879260776,0.024167805963920364,0.0337153433267463
ARVSRDRNRVWGFDI,H3-23_A,K3-20,True,19,1,1,0.0001115108547013,2.6952143773515746e-06,3.759963904346518e-06,False,False,False,False,False,False,False,False,False,False,False,False,False,2,2,False,1.5666666666666669,True,False,True,11.522950744628908,1847.0453,4,0.0001115108547013,3.759963904346518e-06,893,1244,True,1000000.0,False,False,False,False,1.3898949879260776,0.024167805963920364,0.0337153433267463
ARWRVSGRSFDY,H3-23_A,K3-20,True,19,1,1,0.0001115108547013,2.6952143773515746e-06,3.759963904346518e-06,False,False,False,False,False,False,False,False,False,False,False,False,False,2,2,False,1.55,True,False,True,10.73751983642578,1499.6315,3,0.0001115108547013,3.759963904346518e-06,936,1249,True,1000000.0,False,False,False,False,1.3898949879260776,0.024167805963920364,0.0337153433267463
ARYAGRGFRFGFDY,H3-23_A,K1-39,True,19,1,1,0.0001115108547013,2.6952143773515746e-06,3.759963904346518e-06,False,False,False,False,False,False,False,False,False,False,False,False,False,2,2,False,0.8928571428571431,True,False,True,9.97897186279297,1682.8373,3,0.0001115108547013,3.759963904346518e-06,951,1250,True,1000000.0,False,False,False,False,1.3898949879260776,0.024167805963920364,0.0337153433267463
ARANRAGWRFDY,H3-23_A,K3-20,True,18,1,1,0.0001056418623486,2.6952143773515746e-06,3.759963904346518e-06,False,False,False,False,False,False,False,False,False,False,False,False,False,2,2,False,1.7083333333333333,True,False,True,10.73751983642578,1482.6043,3,0.0001056418623486,3.759963904346518e-06,32,1259,True,1000000.0,False,False,False,False,1.3898949879260776,0.025510334767774107,0.0355882406685881
ARARFGYGLGYRFDI,H3-23_A,K3-15,True,18,1,1,0.0001056418623486,2.6952143773515746e-06,3.759963904346518e-06,False,False,False,False,False,False,False,False,False,False,False,False,False,2,2,False,0.3000000000000002,True,False,True,9.97897186279297,1761.9787,3,0.0001056418623486,3.759963904346518e-06,46,1260,True,1000000.0,False,False,False,False,1.3898949879260776,0.025510334767774107,0.0355882406685881
ARDARDYGRSVPPFDP,H5-51,K3-20,True,18,1,1,0.0001056418623486,2.6952143773515746e-06,3.759963904346518e-06,False,False,False,False,True,False,False,False,False,False,False,False,False,0,0,False,3.15625,True,False,False,6.084224319458008,1818.9426,3,0.0001056418623486,3.759963904346518e-06,79,1267,True,1000000.0,False,False,False,False,1.3898949879260776,0.025510334767774107,0.0355882406685881
ARDARWGWQGWRGFDY,H3-23_A,K4-1,True,18,1,1,0.0001056418623486,2.6952143773515746e-06,3.759963904346518e-06,False,False,False,False,False,False,False,False,False,False,False,False,False,1,1,False,1.175,True,True,False,8.787910461425781,2027.1628,3,0.0001056418623486,3.759963904346518e-06,80,1268,True,1000000.0,False,False,False,False,1.3898949879260776,0.025510334767774107,0.0355882406685881
ARDLFHWVRVRSWGFDI,H3-23_A,K3-20,True,18,1,1,0.0001056418623486,2.6952143773515746e-06,3.759963904346518e-06,False,False,False,True,False,False,False,False,False,False,False,False,False,1,2,False,-0.8235294117647056,True,False,False,9.56035614013672,2160.4376,3,0.0001056418623486,3.759963904346518e-06,125,1271,True,1000000.0,False,False,False,False,1.3898949879260776,0.025510334767774107,0.0355882406685881
ARDNYSPTWHFDY,H3-23_A,K3-20,True,18,1,1,0.0001056418623486,2.6952143773515746e-06,3.759963904346518e-06,True,False,False,True,False,False,False,False,False,False,False,False,False,-1,0,False,2.015384615384616,False,False,False,5.212373733520507,1671.7221,1,0.0001056418623486,3.759963904346518e-06,150,1273,True,1000000.0,False,False,False,False,1.3898949879260776,0.025510334767774107,0.0355882406685881
ARDRYARYWGFDY,H3-23_A,K3-20,True,18,1,1,0.0001056418623486,2.6952143773515746e-06,3.759963904346518e-06,False,False,False,False,False,False,False,False,False,False,False,False,False,1,1,False,1.353846153846154,True,False,False,8.538594055175782,1738.8575999999998,3,0.0001056418623486,3.759963904346518e-06,184,1276,True,1000000.0,False,False,False,False,1.3898949879260776,0.025510334767774107,0.0355882406685881
ARDVRARWAFDY,H3-23_A,K3-15,True,18,1,1,0.0001056418623486,2.6952143773515746e-06,3.759963904346518e-06,False,False,False,False,False,False,False,False,False,False,False,False,False,1,1,False,1.175,True,False,False,8.787910461425781,1525.6688,3,0.0001056418623486,3.759963904346518e-06,201,1280,True,1000000.0,False,False,False,False,1.3898949879260776,0.025510334767774107,0.0355882406685881
ARDWYDWTRYRGFDY,H3-7_A,K1-39,True,18,1,1,0.0001056418623486,2.6952143773515746e-06,3.759963904346518e-06,False,False,False,False,False,False,False,False,False,False,False,False,False,0,0,False,1.38,True,False,False,6.08248634338379,2070.1809000000003,3,0.0001056418623486,3.759963904346518e-06,214,1282,True,1000000.0,False,False,False,False,1.3898949879260776,0.025510334767774107,0.0355882406685881
ARDYLWRLYPRYAFDY,H3-23_A,K1-39,True,18,1,1,0.0001056418623486,2.6952143773515746e-06,3.759963904346518e-06,False,False,False,False,False,False,False,False,False,False,False,False,False,1,1,False,-0.3937499999999998,True,False,False,8.472053527832031,2168.4099,3,0.0001056418623486,3.759963904346518e-06,220,1283,True,1000000.0,False,False,False,False,1.3898949879260776,0.025510334767774107,0.0355882406685881
ARELLWYVPYVAYFDY,H3-23_A,K1-39,True,18,1,1,0.0001056418623486,2.6952143773515746e-06,3.759963904346518e-06,False,False,False,False,False,False,False,False,False,False,False,False,False,-1,-1,True,-1.5187499999999998,False,False,False,4.370324325561524,2068.3271,1,0.0001056418623486,3.759963904346518e-06,242,1286,True,1000000.0,False,False,False,False,1.3898949879260776,0.025510334767774107,0.0355882406685881
ARERDLGDRTEFDY,H3-23_A,K3-20,True,18,1,1,0.0001056418623486,2.6952143773515746e-06,3.759963904346518e-06,False,False,False,False,False,False,False,False,False,True,False,False,False,-2,-2,False,3.635714285714286,True,False,False,4.437594223022461,1742.8003,3,0.0001056418623486,3.759963904346518e-06,253,1288,True,1000000.0,False,False,False,False,1.3898949879260776,0.025510334767774107,0.0355882406685881
ARERTYASRWYFDY,H3-23_A,K3-15,True,18,1,1,0.0001056418623486,2.6952143773515746e-06,3.759963904346518e-06,False,False,False,True,False,False,False,False,False,False,False,False,False,1,1,False,1.5285714285714287,True,False,True,8.53866424560547,1884.0141,3,0.0001056418623486,3.759963904346518e-06,256,1289,True,1000000.0,False,False,False,False,1.3898949879260776,0.025510334767774107,0.0355882406685881
ARFSGRVYRVYGFDI,H3-23_A,K3-15,True,18,1,1,0.0001056418623486,2.6952143773515746e-06,3.759963904346518e-06,False,False,False,False,False,False,False,False,False,False,False,False,False,2,2,False,0.3333333333333334,True,False,True,9.97897186279297,1806.0312,3,0.0001056418623486,3.759963904346518e-06,292,1292,True,1000000.0,False,False,False,False,1.3898949879260776,0.025510334767774107,0.0355882406685881
ARGARAFREPRGFDY,H5-51,K3-15,True,18,1,1,0.0001056418623486,2.6952143773515746e-06,3.759963904346518e-06,False,False,False,False,False,False,False,False,False,False,False,False,False,2,2,False,2.273333333333333,True,False,True,10.667610168457031,1768.9317999999998,4,0.0001056418623486,3.759963904346518e-06,304,1295,True,1000000.0,False,False,False,False,1.3898949879260776,0.025510334767774107,0.0355882406685881
ARGHWTLWYWPFDY,H3-23_A,K1-39,True,18,1,1,0.0001056418623486,2.6952143773515746e-06,3.759963904346518e-06,False,False,False,True,False,False,False,False,False,False,False,False,False,0,1,True,-1.4857142857142855,False,True,False,6.787184524536133,1898.0835,1,0.0001056418623486,3.759963904346518e-06,312,1296,True,1000000.0,False,False,False,False,1.3898949879260776,0.025510334767774107,0.0355882406685881
ARGRGWYSGRGLFDY,H3-23_A,K4-1,True,18,1,1,0.0001056418623486,2.6952143773515746e-06,3.759963904346518e-06,False,False,False,False,False,False,False,False,False,False,False,False,False,2,2,False,1.4533333333333336,True,False,True,9.97897186279297,1760.9079000000002,3,0.0001056418623486,3.759963904346518e-06,363,1300,True,1000000.0,False,False,False,False,1.3898949879260776,0.025510334767774107,0.0355882406685881
ARGRVFHYVRGYGFDY,H3-23_A,K3-20,True,18,1,1,0.0001056418623486,2.6952143773515746e-06,3.759963904346518e-06,False,False,False,True,False,False,False,False,False,False,False,False,False,2,3,False,0.7750000000000001,True,False,True,9.694560241699218,1963.1601,3,0.0001056418623486,3.759963904346518e-06,376,1302,True,1000000.0,False,False,False,False,1.3898949879260776,0.025510334767774107,0.0355882406685881
ARHLRLGWGWYFDY,H3-23_A,K4-1,True,18,1,1,0.0001056418623486,2.6952143773515746e-06,3.759963904346518e-06,False,False,False,True,False,False,False,False,False,False,False,False,False,1,2,True,-1.2428571428571429,False,False,False,8.638685607910158,1840.0491,2,0.0001056418623486,3.759963904346518e-06,463,1307,True,1000000.0,False,False,False,False,1.3898949879260776,0.025510334767774107,0.0355882406685881
ARHLRQDRWSFYGFDP,H3-23_A,K3-20,True,18,1,1,0.0001056418623486,2.6952143773515746e-06,3.759963904346518e-06,False,False,False,False,True,False,False,False,False,False,False,False,False,1,2,False,1.1,True,False,False,8.793876647949219,2051.2257,3,0.0001056418623486,3.759963904346518e-06,464,1308,True,1000000.0,False,False,False,False,1.3898949879260776,0.025510334767774107,0.0355882406685881
ARIARSAYRRYFDY,H3-23_A,K4-1,True,18,1,1,0.0001056418623486,2.6952143773515746e-06,3.759963904346518e-06,False,False,False,False,False,True,True,False,False,False,False,False,True,3,3,False,1.192857142857143,True,False,True,10.256925964355467,1808.0075,4,0.0001056418623486,3.759963904346518e-06,540,1312,True,1000000.0,False,False,False,False,1.3898949879260776,0.025510334767774107,0.0355882406685881
ARIGRSGRYRSFDY,H3-23_A,K3-20,True,18,1,1,0.0001056418623486,2.6952143773515746e-06,3.759963904346518e-06,False,False,False,False,False,False,False,False,False,False,False,False,True,3,3,False,2.3071428571428574,True,False,True,10.83466339111328,1703.8583999999998,4,0.0001056418623486,3.759963904346518e-06,544,1315,True,1000000.0,False,False,False,False,1.3898949879260776,0.025510334767774107,0.0355882406685881
ARLARQYRNWASWYFDP,H4-34,K3-20,True,18,1,1,0.0001056418623486,2.6952143773515746e-06,3.759963904346518e-06,False,False,False,True,True,False,False,False,False,False,False,False,False,2,2,False,0.4882352941176472,True,False,True,9.97897186279297,2200.4154,3,0.0001056418623486,3.759963904346518e-06,601,1320,True,1000000.0,False,False,False,False,1.3898949879260776,0.025510334767774107,0.0355882406685881
ARLLGQYFGWYWYAFDY,H3-23_A,K3-15,True,18,1,1,0.0001056418623486,2.6952143773515746e-06,3.759963904346518e-06,False,False,False,True,False,False,False,False,False,False,False,False,False,0,0,True,-1.6823529411764702,False,False,False,5.877711868286132,2219.4514,1,0.0001056418623486,3.759963904346518e-06,624,1322,True,1000000.0,False,False,False,False,1.3898949879260776,0.025510334767774107,0.0355882406685881
ARLLWGAWSYNWFDP,H1-69,K1-39,True,18,1,1,0.0001056418623486,2.6952143773515746e-06,3.759963904346518e-06,False,False,False,False,True,False,False,False,False,False,False,False,False,0,0,True,-1.3199999999999998,False,True,False,5.880318832397459,1882.0825,1,0.0001056418623486,3.759963904346518e-06,626,1323,True,1000000.0,False,False,False,False,1.3898949879260776,0.025510334767774107,0.0355882406685881
ARLRLRYRAYGPAFDY,H3-23_A,K1-39,True,18,1,1,0.0001056418623486,2.6952143773515746e-06,3.759963904346518e-06,False,False,False,False,False,False,False,False,False,False,False,False,True,3,3,False,0.4750000000000002,True,False,True,10.256925964355467,1988.2543,4,0.0001056418623486,3.759963904346518e-06,642,1326,True,1000000.0,False,False,False,False,1.3898949879260776,0.025510334767774107,0.0355882406685881
ARLWRSYWLDY,H3-23_A,K1-39,True,18,1,1,0.0001056418623486,2.6952143773515746e-06,3.759963904346518e-06,False,False,False,False,False,False,False,False,False,False,False,False,False,1,1,True,-1.3818181818181816,False,False,False,8.632579040527343,1528.7107,2,0.0001056418623486,3.759963904346518e-06,671,1327,True,1000000.0,False,False,False,False,1.3898949879260776,0.025510334767774107,0.0355882406685881
ARPSIWRPRFDY,H3-23_A,K3-15,True,18,1,1,0.0001056418623486,2.6952143773515746e-06,3.759963904346518e-06,False,False,False,False,False,False,False,False,False,False,False,False,False,2,2,False,0.5250000000000001,True,False,True,10.73751983642578,1563.7599,3,0.0001056418623486,3.759963904346518e-06,697,1331,True,1000000.0,False,False,False,False,1.3898949879260776,0.025510334767774107,0.0355882406685881
ARQYRVQRSRTRAFDP,H3-23_A,K3-20,True,18,1,1,0.0001056418623486,2.6952143773515746e-06,3.759963904346518e-06,False,False,False,False,True,False,False,False,False,False,False,False,True,4,4,False,2.8875,True,False,True,11.82919158935547,2007.2198,5,0.0001056418623486,3.759963904346518e-06,730,1332,True,1000000.0,False,False,False,False,1.3898949879260776,0.025510334767774107,0.0355882406685881
ARSAREGVTRGTGFDY,H5-51,K3-20,True,18,1,1,0.0001056418623486,2.6952143773515746e-06,3.759963904346518e-06,False,False,False,False,False,False,False,False,False,False,False,False,False,1,1,False,3.3625000000000003,True,False,True,8.788050842285156,1742.8466,3,0.0001056418623486,3.759963904346518e-06,731,1333,True,1000000.0,False,False,False,False,1.3898949879260776,0.025510334767774107,0.0355882406685881
ARSLRPRYSYRLRWFDP,H3-23_A,K4-1,True,18,1,1,0.0001056418623486,2.6952143773515746e-06,3.759963904346518e-06,False,False,False,False,True,False,False,False,False,False,False,False,True,4,4,False,0.5235294117647061,True,False,True,11.43549346923828,2239.5394,5,0.0001056418623486,3.759963904346518e-06,750,1335,True,1000000.0,False,False,False,False,1.3898949879260776,0.025510334767774107,0.0355882406685881
ARSLRVLYALFGFDY,H4-34,K1-39,True,18,1,1,0.0001056418623486,2.6952143773515746e-06,3.759963904346518e-06,False,False,False,False,False,False,False,False,False,False,False,False,False,1,1,True,-1.2466666666666664,False,False,False,8.632579040527343,1791.0563000000002,2,0.0001056418623486,3.759963904346518e-06,751,1336,True,1000000.0,False,False,False,False,1.3898949879260776,0.025510334767774107,0.0355882406685881
ARSPRWYRYHFDY,H3-23_A,K4-1,True,18,1,1,0.0001056418623486,2.6952143773515746e-06,3.759963904346518e-06,False,False,False,True,False,False,False,False,False,False,False,False,False,2,3,False,0.8076923076923078,True,False,True,9.694560241699218,1816.9728,3,0.0001056418623486,3.759963904346518e-06,758,1338,True,1000000.0,False,False,False,False,1.3898949879260776,0.025510334767774107,0.0355882406685881
ARSSHVSRQTRWQFDP,H3-23_A,K4-1,True,18,1,1,0.0001056418623486,2.6952143773515746e-06,3.759963904346518e-06,False,False,False,False,True,False,False,False,False,False,False,False,False,2,3,False,2.66875,True,False,True,11.698988342285158,1958.1011,3,0.0001056418623486,3.759963904346518e-06,771,1339,True,1000000.0,False,False,False,False,1.3898949879260776,0.025510334767774107,0.0355882406685881
ARTNRYGTSIGRAFDI,H5-51,K3-15,True,18,1,1,0.0001056418623486,2.6952143773515746e-06,3.759963904346518e-06,False,False,False,False,False,False,False,False,False,False,False,False,False,2,2,False,2.1875,True,False,True,10.73751983642578,1797.9681,3,0.0001056418623486,3.759963904346518e-06,806,1343,True,1000000.0,False,False,False,False,1.3898949879260776,0.025510334767774107,0.0355882406685881
ARTRARIVYRYWGFDY,H4-34,K3-15,True,18,1,1,0.0001056418623486,2.6952143773515746e-06,3.759963904346518e-06,False,False,False,False,False,False,False,False,False,False,False,False,True,3,3,False,0.3312500000000001,True,False,True,10.256925964355467,2093.3484,4,0.0001056418623486,3.759963904346518e-06,810,1344,True,1000000.0,False,False,False,False,1.3898949879260776,0.025510334767774107,0.0355882406685881
ARVRLLRSTYSYRAFDY,H3-23_A,K4-1,True,18,1,1,0.0001056418623486,2.6952143773515746e-06,3.759963904346518e-06,False,False,False,False,False,False,False,False,False,False,False,False,True,3,3,False,0.7176470588235295,True,False,True,10.256925964355467,2137.3994,4,0.0001056418623486,3.759963904346518e-06,865,1349,True,1000000.0,False,False,False,False,1.3898949879260776,0.025510334767774107,0.0355882406685881
ARVRTRYLRWIFDY,H4-34,K3-15,True,18,1,1,0.0001056418623486,2.6952143773515746e-06,3.759963904346518e-06,False,False,False,False,False,False,False,False,False,False,False,False,True,3,3,False,-0.6999999999999998,True,False,True,10.83466339111328,1915.2036,4,0.0001056418623486,3.759963904346518e-06,875,1351,True,1000000.0,False,False,False,False,1.3898949879260776,0.025510334767774107,0.0355882406685881
ARVRYRVSNLFDY,H3-23_A,UNK,True,18,1,1,0.0001056418623486,2.6952143773515746e-06,3.759963904346518e-06,False,False,False,False,False,False,False,False,False,False,False,False,False,2,2,False,0.6615384615384616,True,False,True,9.97897186279297,1658.8574,3,0.0001056418623486,3.759963904346518e-06,883,1353,True,1000000.0,False,False,False,False,1.3898949879260776,0.025510334767774107,0.0355882406685881
ARVTWYLVSLFDY,H3-23_A,K3-15,True,18,1,1,0.0001056418623486,2.6952143773515746e-06,3.759963904346518e-06,False,False,False,False,False,False,False,False,False,False,False,False,False,0,0,True,-1.6,False,False,False,5.87944984436035,1632.8547999999998,1,0.0001056418623486,3.759963904346518e-06,902,1357,True,1000000.0,False,False,False,False,1.3898949879260776,0.025510334767774107,0.0355882406685881
ARWHPRASRAFDY,H3-23_A,K3-20,True,18,1,1,0.0001056418623486,2.6952143773515746e-06,3.759963904346518e-06,False,False,False,False,False,False,False,False,False,False,False,False,False,2,3,False,1.4230769230769231,True,False,True,10.73751983642578,1632.7822,3,0.0001056418623486,3.759963904346518e-06,920,1359,True,1000000.0,False,False,False,False,1.3898949879260776,0.025510334767774107,0.0355882406685881
ARWSGWLLWGYAFDY,H3-23_A,K3-15,True,18,1,1,0.0001056418623486,2.6952143773515746e-06,3.759963904346518e-06,False,False,False,False,False,False,False,False,False,False,False,False,False,0,0,True,-1.6733333333333331,False,True,False,5.87944984436035,1891.0892,1,0.0001056418623486,3.759963904346518e-06,938,1362,True,1000000.0,False,False,False,False,1.3898949879260776,0.025510334767774107,0.0355882406685881
ARWVRAGWLFDY,H3-23_A,K3-15,True,18,1,1,0.0001056418623486,2.6952143773515746e-06,3.759963904346518e-06,False,False,False,False,False,False,False,False,False,False,False,False,False,1,1,True,-1.3083333333333331,False,False,False,8.79022674560547,1539.7366,2,0.0001056418623486,3.759963904346518e-06,943,1363,True,1000000.0,False,False,False,False,1.3898949879260776,0.025510334767774107,0.0355882406685881
ARYRGRWFAQTAFDY,H3-23_A,K3-15,True,18,1,1,0.0001056418623486,2.6952143773515746e-06,3.759963904346518e-06,False,False,False,False,False,False,False,False,False,False,False,False,False,2,2,False,0.9066666666666668,True,False,True,9.97897186279297,1908.0818,3,0.0001056418623486,3.759963904346518e-06,980,1367,True,1000000.0,False,False,False,False,1.3898949879260776,0.025510334767774107,0.0355882406685881
ARYSYQYRGRWNFDY,H4-34,K1-39,True,18,1,1,0.0001056418623486,2.6952143773515746e-06,3.759963904346518e-06,False,False,False,False,False,False,False,False,False,False,False,False,False,2,2,False,1.54,True,False,True,9.52378692626953,2045.1746000000005,3,0.0001056418623486,3.759963904346518e-06,991,1369,True,1000000.0,False,False,False,False,1.3898949879260776,0.025510334767774107,0.0355882406685881
ARYVRSFSRHTGFDY,H4-34,K3-20,True,18,1,1,0.0001056418623486,2.6952143773515746e-06,3.759963904346518e-06,False,False,False,False,False,False,False,False,False,False,False,False,False,2,3,False,1.6533333333333335,True,False,True,9.979042053222656,1862.0118,3,0.0001056418623486,3.759963904346518e-06,997,1370,True,1000000.0,False,False,False,False,1.3898949879260776,0.025510334767774107,0.0355882406685881
