cdr3_aa,vh_scaffold,vl_scaffold,cdr3_functional,count hCNTN3_20-993__Block163__Round4__F_P__100nM_Block163.csv,count hCNTN3_20-993__Block163__Round5__F_P__20nM_Block163.csv,count hCNTN3_20-993__Block163__Round7__F_N__2uM_ovalbumi_Block163.csv,count hCNTN3_20-993__Block163__Round7__F_P__4nM_Block163.csv,freq hCNTN3_20-993__Block163__Round4__F_P__100nM_Block163.csv,freq hCNTN3_20-993__Block163__Round5__F_P__20nM_Block163.csv,freq hCNTN3_20-993__Block163__Round7__F_N__2uM_ovalbumi_Block163.csv,freq hCNTN3_20-993__Block163__Round7__F_P__4nM_Block163.csv,l_glyco,l_asp_isomer,l_asn_deamid,l_aromatic,l_frag,l_poly,l_RR,l_WW,l_VV,l_neg_patch,l_cys,l_neg_charge,l_pos_charge,l_charge_value,l_charge_value2,l_hydrophobic,l_hydrophobic_value,l_arg,l_trp,l_rmd,l_isoelectricpoint,l_molecular_weight,l_arg_value,max_freq,max_freq_20_4,greedy_cluster_85,rank,critical,rank_adjusted,cdr3_repeat,vh_repeat,ab_repeat,LEAD,ratio_4nM_20nM,ratio_2uM_20nM,ratio_2uM_4nM,ratio_2uM_100nM,ratio_20nM_100nM,ratio_4nM_100nM
ARVYPSAGIYSTGFDP,H5-51,K3-15,True,12632,11467,104776,91212,0.0428395078475792,0.0718416188954672,0.4089649411783074,0.2786196700379691,False,False,False,False,True,False,False,False,False,False,False,False,False,0,0,False,1.71875,False,False,False,5.87944984436035,1700.8445000000002,1,0.4089649411783074,0.2786196700379691,84,1,False,1.0,True,True,False,True,3.878248229078621,5.692590040982643,1.4678250334742162,9.546441270263209,1.676994105094179,6.503800323553676
ARQKLYIWGVFDY,H1-69,K3-15,True,22627,23492,76882,73738,0.0767360310376168,0.1471791498292766,0.3000882130227402,0.2252429201120441,False,False,False,False,False,False,False,False,False,False,False,False,False,1,1,False,-0.7846153846153844,False,False,False,8.54006805419922,1658.8954,1,0.3000882130227402,0.2252429201120441,63,2,False,2.0,True,False,False,True,1.5303995509508217,2.038931417809651,1.3322869351480435,3.910655396929246,1.9179924822695489,2.935295033029235
ARVKLYAWGVFDY,H1-69,K3-15,True,26827,25327,26313,52072,0.0909796926082179,0.1586755630736459,0.1027057197948461,0.1590611263673324,False,False,False,False,False,False,False,False,False,False,False,False,False,1,1,False,-0.7538461538461536,False,False,False,8.54006805419922,1587.8175,1,0.1590611263673324,0.1590611263673324,78,4,False,4.0,True,True,True,True,1.0024298213406015,0.6472686236789417,0.6456996482010521,1.1288860795371412,1.7440765195391315,1.7483144240676487
ARPGARHWYSPFDY,H1-69,K3-15,True,6303,3474,2509,8795,0.0213756663998806,0.0217648717225824,0.0097932068166027,0.0268655439852644,False,False,False,True,False,False,False,False,False,False,False,False,False,1,2,False,1.292857142857143,False,False,False,8.638685607910158,1722.8583,2,0.0268655439852644,0.0268655439852644,59,5,False,5.0,True,True,True,True,1.2343528592388238,0.44995451578501555,0.3645265168168211,0.45814722460232427,1.0182073921508268,1.2568277832562278
ARQALYTWGLFDY,H1-69,K3-15,True,7133,9271,5089,8132,0.0241904852340708,0.0580835134542492,0.0198635430409292,0.0248403187820546,False,False,False,False,False,False,False,False,False,False,False,False,False,0,0,False,-0.469230769230769,False,False,False,5.87944984436035,1603.7739,1,0.0580835134542492,0.0580835134542492,61,6,False,6.0,True,True,True,True,0.42766549452910924,0.34198240498573,0.7996489585628681,0.821130069836381,2.4010882328875267,1.026862763316584
ARVYPSAGIYSTGFDP,UNK,K3-15,True,504,457,4187,3682,0.0017092393884721,0.0028631394292516,0.0163428285935097,0.011247178277856,False,False,False,False,True,False,False,False,False,False,False,False,False,0,0,False,1.71875,False,False,False,5.87944984436035,1700.8445000000002,1,0.0163428285935097,0.011247178277856,84,7,False,7.0,True,False,False,False,3.9282540278716453,5.707990098784875,1.4530590392699514,9.561406722583984,1.6750858292311364,6.580185638041893
ARQKLYIWGVFDY,UNK,K3-15,True,503,534,1687,1591,0.0017058480404791,0.0033455502302415,0.0065847508567592,0.0048599295600404,False,False,False,False,False,False,False,False,False,False,False,False,False,1,1,False,-0.7846153846153844,False,False,False,8.54006805419922,1658.8954,1,0.0065847508567592,0.0048599295600404,63,9,False,9.0,True,False,False,False,1.4526504458386587,1.9682057424157864,1.3549038574266676,3.8600813787000914,1.9612125691900384,2.848964828676753
ARVKLYAWGVFDY,UNK,K3-15,True,615,580,601,1201,0.0020856790156951,0.0036337436957679,0.0023458418879148,0.0036686206169758,False,False,False,False,False,False,False,False,False,False,False,False,False,1,1,False,-0.7538461538461536,False,False,False,8.54006805419922,1587.8175,1,0.0036686206169758,0.0036686206169758,78,10,False,10.0,True,False,False,False,1.0095952901949596,0.6455698664020394,0.6394325656717579,1.1247323403738587,1.7422269899412006,1.7589490040791889
ARVKLYAWGVFDY,H5-51,K3-15,True,267,312,767,1170,0.000905489914131,0.0019547035053096,0.002993778249635,0.0035739268291937,False,False,False,False,False,False,False,False,False,False,False,False,False,1,1,False,-0.7538461538461536,False,False,False,8.54006805419922,1587.8175,1,0.0035739268291937,0.0035739268291937,78,11,False,11.0,True,False,False,False,1.8283635016005269,1.5315688163523618,0.8376696043366869,3.3062159398525193,2.1587009284098175,3.9469101801335507
ARVYPSAGIYSTGFDP,H1-69,K3-15,True,203,244,967,964,0.000688443642579,0.0015286783823575,0.003774424468575,0.0029446713361904,False,False,False,False,True,False,False,False,False,False,False,False,False,0,0,False,1.71875,False,False,False,5.87944984436035,1700.8445000000002,1,0.003774424468575,0.0029446713361904,84,13,False,13.0,True,False,False,False,1.926273117644298,2.469060740001301,1.2817768843735253,5.4824671337865505,2.2204521667297072,4.277225297493432
ARQKLYIWGVFDY,H5-51,K3-15,True,162,180,970,918,0.000549398374866,0.0011277135607555,0.0037861341618591,0.0028041579736751,False,False,False,False,False,False,False,False,False,False,False,False,False,1,1,False,-0.7846153846153844,False,False,False,8.54006805419922,1658.8954,1,0.0037861341618591,0.0028041579736751,63,14,False,14.0,True,False,False,False,2.4865650335411105,3.3573246969520096,1.3501809440099446,6.891293134696997,2.052596233230969,5.103959280487907
ARVYPSAGIYSTGFDP,H5-51,UNK,True,149,277,621,871,0.000505310850957,0.001735425868496,0.0024239065098088,0.0026605899728442,False,False,False,False,True,False,False,False,False,False,False,False,False,0,0,False,1.71875,False,False,False,5.87944984436035,1700.8445000000002,1,0.0026605899728442,0.0026605899728442,84,15,False,15.0,True,True,False,False,1.53309610636893,1.3967133870002681,0.9110375609068458,4.796767252367073,3.4343048880911407,5.265149791079176
ARDYLGSEFDY,H4-34,K1-39,True,1,4,1,737,3.391347993000258e-06,2.5060301350123736e-05,3.903231094700193e-06,0.0022512684385605,False,False,False,False,False,False,False,False,False,True,False,False,False,-2,-2,False,2.190909090909091,False,False,False,4.050025558471679,1335.3741,1,0.0022512684385605,0.0022512684385605,24,17,False,17.0,False,False,False,True,89.7982200979562,0.15569143107571493,0.0017337842480275231,1.1475541763832386,7.367755784381994,661.8753632952161
ARQKLYIWGVFDY,H1-69,UNK,True,216,322,537,704,0.000732531166488,0.0020173542586849,0.002096035097854,0.0021504653741473,False,False,False,False,False,False,False,False,False,False,False,False,False,1,1,False,-0.7846153846153844,False,False,False,8.54006805419922,1658.8954,1,0.0021504653741473,0.0021504653741473,63,18,False,18.0,True,False,False,False,1.0659777305409222,1.0389968439415025,0.9746845386151487,2.8613205560896433,2.7539124775152786,2.935623924669259
ARQKLYIWGVFDY,H3-7_A,K3-15,True,387,691,199,600,0.001312451673291,0.0043291670582338,0.0007767429878453,0.0018327829893301,False,False,False,False,False,False,False,False,False,False,False,False,False,1,1,False,-0.7846153846153844,False,False,False,8.54006805419922,1658.8954,1,0.0043291670582338,0.0043291670582338,63,19,False,19.0,True,True,True,False,0.42335597844035316,0.1794204712343626,0.42380290211018623,0.5918214631727993,3.2985093175166065,1.3964468651754176
ARDAVSGEFDY,H4-34,K1-39,True,1,2,1,588,3.391347993000258e-06,1.2530150675061868e-05,3.903231094700193e-06,0.0017961273295435,False,False,False,False,False,False,False,False,False,True,False,False,False,-2,-2,False,3.0545454545454547,False,False,False,4.050025558471679,1229.2522,1,0.0017961273295435,0.0017961273295435,8,20,False,20.0,False,False,False,False,143.23012347175316,0.3112587077970605,0.002173125089322777,1.1475541763832386,3.683877892190997,528.0633834702617
ARVKLYAWGVFDY,H3-7_A,K3-15,True,564,885,123,568,0.0019127202680521,0.0055445916737148,0.0004800974246481,0.0017350345632325,False,False,False,False,False,False,False,False,False,False,False,False,False,1,1,False,-0.7538461538461536,False,False,False,8.54006805419922,1587.8175,1,0.0055445916737148,0.0055445916737148,78,21,False,21.0,True,False,False,False,0.3129232116813277,0.08658826240378814,0.2767061058960051,0.2510011122148577,2.898783883083181,0.9070983986672816
ARVKLYAWGVFDY,H1-69,UNK,True,291,431,209,508,0.000986882265963,0.0027002474704758,0.0008157752987923,0.0015517562642995,False,False,False,False,False,False,False,False,False,False,False,False,False,1,1,False,-0.7538461538461536,False,False,False,8.54006805419922,1587.8175,1,0.0027002474704758,0.0027002474704758,78,22,False,22.0,True,True,False,False,0.5746697421509483,0.3021101904954848,0.5257075872573878,0.8266102865810527,2.7361116948676507,1.5723664252098595
ARAGHVYVEFDIFDY,H3-23_A,K1-39,True,1,1,1,402,3.391347993000258e-06,6.265075337530934e-06,3.903231094700193e-06,0.0012279646028511,False,False,False,False,False,False,False,False,False,True,False,False,False,-2,-1,False,0.4266666666666668,False,False,False,4.536607742309571,1801.9498,1,0.0012279646028511,0.0012279646028511,2,23,False,23.0,False,False,False,True,195.6892207344031,0.6220213917361516,0.0031785926888371367,1.1475541763832386,1.8419389460954985,361.0229254337302
ARDVIRGEFDY,H4-34,K4-1,True,1,1,1,348,3.391347993000258e-06,6.265075337530934e-06,3.903231094700193e-06,0.0010630141338114,False,False,False,False,False,False,False,False,False,True,False,False,False,-1,-1,False,1.9272727272727277,False,False,False,4.558281326293945,1340.4403,2,0.0010630141338114,0.0010630141338114,22,24,False,24.0,False,False,False,False,169.4026089939609,0.6220213917361516,0.003671817948954203,1.1475541763832386,1.8419389460954985,312.52730858442317
ARDYVSLGEFDY,H3-23_A,K1-39,True,1,4,276,320,3.391347993000258e-06,2.5060301350123736e-05,0.0010772917821372,0.000977484260976,False,False,False,False,False,False,False,False,False,True,False,False,False,-2,-2,False,1.7000000000000002,False,False,False,4.050025558471679,1434.5051,1,0.0010772917821372,0.000977484260976,8,25,False,25.0,False,False,False,True,38.98972921484948,42.9708349768952,1.1020952502182009,316.7249526817582,7.367755784381994,287.38143318107876
ARPGARHWYSPFDY,UNK,K3-15,True,180,110,83,261,0.00061044263874,0.0006891582871284,0.0003239681808601,0.0007972606003586,False,False,False,True,False,False,False,False,False,False,False,False,False,1,2,False,1.292857142857143,False,False,False,8.638685607910158,1722.8583,2,0.0007972606003586,0.0007972606003586,59,27,False,27.0,True,False,False,False,1.1568445838977803,0.4700857350967181,0.4063465788333147,0.530701581581798,1.1289299830873885,1.3060154871378382
ARDLSWGEFDY,H4-34,K3-15,True,1,4,1,256,3.391347993000258e-06,2.5060301350123736e-05,3.903231094700193e-06,0.0007819874087808,False,False,False,False,False,False,False,False,False,True,False,False,False,-2,-2,False,1.4545454545454546,False,False,False,4.050025558471679,1358.4108,1,0.0007819874087808,0.0007819874087808,13,28,False,28.0,False,False,False,False,31.191783371879588,0.15569143107571493,0.004991360650140337,1.1475541763832386,7.367755784381994,229.90514654486302
ARVYPSAGIYSTGFDP,H3-7_A,K3-15,True,97,119,96,253,0.000328960755321,0.0007455439651661,0.0003747101850912,0.0007728234938342,False,False,False,False,True,False,False,False,False,False,False,False,False,0,0,False,1.71875,False,False,False,5.87944984436035,1700.8445000000002,1,0.0007728234938342,0.0007728234938342,84,29,False,29.0,True,False,False,False,1.0365761969517857,0.5025929746181677,0.4848524139814112,1.1390379814326317,2.266292529372771,2.34921640095364
ARDYIAGAEFDY,H3-23_A,K1-39,True,1,1,1,186,3.391347993000258e-06,6.265075337530934e-06,3.903231094700193e-06,0.0005681627266923,False,False,False,False,False,False,False,False,False,True,False,False,False,-2,-2,False,1.9166666666666667,False,False,False,4.050025558471679,1390.4525999999998,1,0.0005681627266923,0.0005681627266923,12,30,False,30.0,False,False,False,True,90.54277377263426,0.6220213917361516,0.0068697966504366005,1.1475541763832386,1.8419389460954985,167.04045803650203
ARPGARHWYSPFDY,H5-51,K3-15,True,56,41,91,175,0.000189915487608,0.0002568680888387,0.0003551940296177,0.0005345617052212,False,False,False,True,False,False,False,False,False,False,False,False,False,1,2,False,1.292857142857143,False,False,False,8.638685607910158,1722.8583,2,0.0005345617052212,0.0005345617052212,59,31,False,31.0,True,False,False,False,2.0809937805044334,1.382733853336689,0.6644459969513808,1.8701756888512449,1.3524677075931344,2.81458645679256
ARQALYTWGLFDY,UNK,K3-15,True,154,204,110,174,0.000522267590922,0.0012780753688563,0.000429355420417,0.0005315070669057,False,False,False,False,False,False,False,False,False,False,False,False,False,0,0,False,-0.469230769230769,False,False,False,5.87944984436035,1603.7739,1,0.0012780753688563,0.0012780753688563,61,32,False,32.0,True,False,False,False,0.4158619446377994,0.3359364177693471,0.8077923497669639,0.8220827925223436,2.447118909697152,1.0176715910162004
ARPGARHWYSPFDY,H3-7_A,K3-15,True,153,148,10,152,0.000518876242929,0.0009272311499545,3.903231094700193e-05,0.0004643050239636,False,False,False,True,False,False,False,False,False,False,False,False,False,1,2,False,1.292857142857143,False,False,False,8.638685607910158,1722.8583,2,0.0009272311499545,0.0009272311499545,59,33,False,33.0,True,False,False,False,0.5007381563969454,0.04209510217370881,0.08406428595354232,0.07522325264719491,1.7869642192101332,0.8948108189238148
ARQALYTWGLFDY,H5-51,K3-15,True,57,51,112,149,0.000193306835601,0.000319518842214,0.0004371618826064,0.0004551411090169,False,False,False,False,False,False,False,False,False,False,False,False,False,0,0,False,-0.469230769230769,False,False,False,5.87944984436035,1603.7739,1,0.0004551411090169,0.0004551411090169,61,34,False,34.0,True,False,False,False,1.4244132262466485,1.3681452966102412,0.960476364763,2.2613751215579003,1.6528247072773168,2.3543790565468248
ARAGYPWGYFDY,H3-23_A,K4-1,True,2,5,2,147,6.782695986000516e-06,3.132537668765467e-05,7.806462189400385e-06,0.0004490318323858,False,False,False,False,False,False,False,False,False,False,False,False,False,0,0,False,0.5833333333333335,False,False,False,5.87858085632324,1465.5653,1,0.0004490318323858,0.0004490318323858,3,35,False,35.0,False,False,False,True,14.329868661279152,0.24912616392691808,0.017384710346303248,1.1492435706660806,4.611626481181413,66.10509778609809
ARDVDAERYGYGFDY,H1-69,K1-39,True,1,2,242,145,3.391347993000258e-06,1.2530150675061868e-05,0.0009445819249174,0.0004429225557547,False,False,False,False,False,False,False,False,False,True,False,False,False,-2,-2,False,2.8800000000000003,False,False,False,4.226021194458009,1796.8457000000003,2,0.0009445819249174,0.0004429225557547,21,36,False,36.0,False,False,False,True,35.32035357721209,75.32460728688493,2.132563778943623,277.70811068473006,3.683877892190997,130.21971191016164
ARQKLYTWGLFDY,H1-69,K3-15,True,79,178,79,101,0.000267916491447,0.0011151834100805,0.0003083552564813,0.0003085184698705,False,False,False,False,False,False,False,False,False,False,False,False,False,1,1,False,-0.192307692307692,False,False,False,8.54006805419922,1660.8683,1,0.0011151834100805,0.0011151834100805,61,38,False,38.0,False,False,False,True,0.27665019097290905,0.27650383663856254,0.9994385821533012,1.1508949892037736,4.162273779116391,1.1515041614745654
ARVYPSAGIYSTGFDH,H5-51,K3-15,True,11,12,92,95,3.7304827923002834e-05,7.518090405037121e-05,0.0003590972607124,0.0002901906399772,False,False,False,False,False,False,False,False,False,False,False,False,False,0,1,False,1.71875,False,False,False,6.787184524536133,1740.8686,1,0.0003590972607124,0.0002901906399772,84,39,False,39.0,False,False,False,True,3.8593849035622463,4.77580719699602,1.2374102990972486,9.62344678242596,2.0147728995428578,7.776818389086316
ARDYITEFDY,H4-34,K3-20,True,1,2,1,94,3.391347993000258e-06,1.2530150675061868e-05,3.903231094700193e-06,0.0002871360016617,False,False,False,False,False,False,False,False,False,True,False,False,False,-2,-2,False,1.83,False,False,False,4.050025558471679,1292.3494,1,0.0002871360016617,0.0002871360016617,23,40,False,40.0,False,False,False,True,22.897332663850417,0.3112587077970605,0.01359319326096266,1.1475541763832386,3.683877892190997,84.41829599694188
ARQALYTWGLFDY,H3-7_A,K3-15,True,134,276,25,91,0.000454440631062,0.0017291607931585,9.758077736750482e-05,0.000277972086715,False,False,False,False,False,False,False,False,False,False,False,False,False,0,0,False,-0.469230769230769,False,False,False,5.87944984436035,1603.7739,1,0.0017291607931585,0.0017291607931585,61,41,False,41.0,True,False,False,False,0.16075455808923117,0.056432122120952534,0.3510326097650642,0.2147225038272464,3.804947501376873,0.6116661914747715
ARPGARHWYSPFDY,H1-69,UNK,True,64,66,23,83,0.000217046271552,0.000413494972277,8.977431517810444e-05,0.0002535349801906,False,False,False,True,False,False,False,False,False,False,False,False,False,1,2,False,1.292857142857143,False,False,False,8.638685607910158,1722.8583,2,0.000413494972277,0.000413494972277,59,43,False,43.0,True,True,False,False,0.613136472808267,0.2171057694512223,0.35407648422231613,0.4135992686882456,1.9050127845669704,1.168061067195936
ARQALYTWGVFDY,H1-69,K3-15,True,58,134,23,77,0.000196698183594,0.0008395200952291,8.977431517810444e-05,0.0002352071502973,False,False,False,False,False,False,False,False,False,False,False,False,False,0,0,False,-0.0461538461538459,False,False,False,5.87944984436035,1589.7473,1,0.0008395200952291,0.0008395200952291,60,44,False,44.0,False,False,False,True,0.28016523961909207,0.10693400473464368,0.3816656866416213,0.45638322482503335,4.267845291896168,1.1957161415447806
ARQALYTWGLFDY,H1-69,UNK,True,92,135,48,76,0.000312004015356,0.0008457851705666,0.0001873550925456,0.0002321525119818,False,False,False,False,False,False,False,False,False,False,False,False,False,0,0,False,-0.469230769230769,False,False,False,5.87944984436035,1603.7739,1,0.0008457851705666,0.0008457851705666,61,45,False,45.0,True,True,False,False,0.2744784080834613,0.2215135520578705,0.806999764717774,0.6004701177664492,2.710728137008784,0.7440451407829226
ARVYPSAGIYSTGFDP,UNK,UNK,True,14,17,83,66,4.747887190200361e-05,0.000106506280738,0.0003239681808601,0.0002016061288263,False,False,False,False,True,False,False,False,False,False,False,False,False,0,0,False,1.71875,False,False,False,5.87944984436035,1700.8445000000002,1,0.0003239681808601,0.0002016061288263,84,46,False,46.0,True,False,False,False,1.892725951652351,3.041489794944778,1.6068564690040794,6.821980979641494,2.2427629141787717,4.245334133064425
ARVYPSAGIYSTGFDP,H5-51,K1-39,True,13,2,14,59,4.408752390900335e-05,1.2530150675061868e-05,5.46452353258027e-05,0.0001802236606174,False,False,False,False,True,False,False,False,False,False,False,False,False,0,0,False,1.71875,False,False,False,5.87944984436035,1700.8445000000002,1,0.0001802236606174,0.0001802236606174,84,47,False,47.0,True,True,False,False,14.371730076242553,4.357621909158847,0.30319106397002943,1.2391905595099826,0.2841463548138946,4.086933792230541
ARVKLYAWGVFDY,H1-69,K1-39,True,56,10,11,59,0.000189915487608,6.265075337530934e-05,4.293554204170212e-05,0.0001802236606174,False,False,False,False,False,False,False,False,False,False,False,False,False,1,1,False,-0.7538461538461536,False,False,False,8.54006805419922,1587.8175,1,0.000189915487608,0.0001802236606174,78,48,False,48.0,True,True,False,False,2.8761808773338946,0.6852062850974326,0.238221550262166,0.22606519315785395,0.329870172583779,0.9489177197184601
ARVKLYAWGVFDY,H4-34,K3-15,True,426,42,1,52,0.0014447142450181,0.0002631331641762,3.903231094700193e-06,0.0001588411924086,False,False,False,False,False,False,False,False,False,False,False,False,False,1,1,False,-0.7538461538461536,False,False,False,8.54006805419922,1587.8175,1,0.0014447142450181,0.0002631331641762,78,49,False,49.0,True,True,True,False,0.6036303200422122,0.014833108459874712,0.02457161973742211,0.002701713567942021,0.18213383286365725,0.10994568199179768
ARDYLGSEFDY,H4-34,K3-15,True,1,1,1,52,3.391347993000258e-06,6.265075337530934e-06,3.903231094700193e-06,0.0001588411924086,False,False,False,False,False,False,False,False,False,True,False,False,False,-2,-2,False,2.190909090909091,False,False,False,4.050025558471679,1335.3741,1,0.0001588411924086,0.0001588411924086,24,50,False,50.0,False,False,False,False,25.313033527833237,0.6220213917361516,0.02457161973742211,1.1475541763832386,1.8419389460954985,46.6994828919253
ARQKLYAWGVFDY,H1-69,K3-15,True,11,35,32,51,3.7304827923002834e-05,0.0002192776368135,0.0001249033950304,0.000155786554093,False,False,False,False,False,False,False,False,False,False,False,False,False,1,1,False,-0.0076923076923075,False,False,False,8.54006805419922,1616.8157,1,0.0002192776368135,0.0002192776368135,60,51,False,51.0,False,False,False,True,0.7104210540856597,0.5695870357553627,0.8017083289007866,3.3472858373655514,5.876420956997785,4.174923556245718
ARQKLYIWGVFDY,H1-69,K1-39,True,28,8,30,50,9.495774380400722e-05,5.012060270024747e-05,0.000117096932841,0.0001527319157775,False,False,False,False,False,False,False,False,False,False,False,False,False,1,1,False,-0.7846153846153844,False,False,False,8.54006805419922,1658.8954,1,0.0001527319157775,0.0001527319157775,63,52,False,52.0,True,False,False,False,3.04668022227361,2.335837323584022,0.766632605365352,1.2330179506281904,0.5277644881580582,1.6082504401989952
ARVYPSAGIYSTGFDH,UNK,K3-15,True,7,6,58,49,2.3739435951001804e-05,3.75904520251856e-05,0.0002263874034926,0.0001496772774619,False,False,False,False,False,False,False,False,False,False,False,False,False,0,1,False,1.71875,False,False,False,6.787184524536133,1740.8686,1,0.0002263874034926,0.0001496772774619,84,53,False,53.0,False,False,False,False,3.9807307997691863,6.020869199683046,1.5124024388126276,9.532327587049513,1.5827934651896416,6.302350833539955
ARVKLYAWGVFDY,H3-23_A,K3-15,True,194,19,13,48,0.000657921510642,0.000119036431413,5.0742004231102505e-05,0.0001466226391464,False,False,False,False,False,False,False,False,False,False,False,False,False,1,1,False,-0.7538461538461536,False,False,False,8.54006805419922,1587.8175,1,0.000657921510642,0.0001466226391464,78,54,False,54.0,True,False,False,False,1.2316424558559986,0.4262370877382001,0.34604849593166637,0.07712353552057294,0.18092526271746123,0.2228539548186828
ARQKLYIWGVFDY,UNK,UNK,True,13,18,38,45,4.408752390900335e-05,0.0001127713560755,0.0001483227815986,0.0001374587241997,False,False,False,False,False,False,False,False,False,False,False,False,False,1,1,False,-0.7846153846153844,False,False,False,8.54006805419922,1658.8954,1,0.0001483227815986,0.0001374587241997,63,56,False,56.0,True,False,False,False,1.218807159116619,1.3151356461728236,1.078956558752465,3.3635172329555005,2.557317193323763,3.1171528923789564
ARVKLYAWGVFDY,UNK,UNK,True,20,20,12,43,6.782695986000516e-05,0.0001253015067506,4.683877313640231e-05,0.0001313494475686,False,False,False,False,False,False,False,False,False,False,False,False,False,1,1,False,-0.7538461538461536,False,False,False,8.54006805419922,1587.8175,1,0.0001313494475686,0.0001313494475686,78,58,False,58.0,True,False,False,False,1.0481834507825123,0.3737787083641307,0.3565695045416634,0.6904609704365186,1.847097909593593,1.936251975909081
ARVYPSAGIYSTGFDT,H5-51,K3-15,True,4,3,30,39,1.3565391972001032e-05,1.87952260125928e-05,0.000117096932841,0.0001191308943064,False,False,False,False,False,False,False,False,False,False,False,False,False,0,0,False,1.9125,False,False,False,5.87944984436035,1704.8332,1,0.0001191308943064,0.0001191308943064,84,61,False,61.0,False,False,False,False,6.334988700833734,6.226829327261836,0.982844165495825,8.625676008656695,1.3845070589016928,8.775503097966162
ARVNLYAWGVFDY,H1-69,K3-15,True,15,18,25,39,5.087021989500386e-05,0.0001127713560755,9.758077736750482e-05,0.0001191308943064,False,False,False,False,False,False,False,False,False,False,False,False,False,0,0,False,-0.6538461538461537,False,False,False,5.87944984436035,1573.7478,1,0.0001191308943064,0.0001191308943064,79,62,False,62.0,False,False,False,False,1.056299537901011,0.8652208198505846,0.8190368045798947,1.9178529017538049,2.216408582907353,2.3413989670688897
DRVYPSAGIYSTGFDP,H5-51,K3-15,True,6,4,54,38,2.0348087958001545e-05,2.5060301350123736e-05,0.0002107744791138,0.0001160762559909,False,False,False,False,True,False,False,False,False,False,False,False,False,-1,-1,False,2.2125,False,False,False,4.20782356262207,1744.854,1,0.0002107744791138,0.0001160762559909,84,63,False,63.0,False,False,False,False,4.630030344263377,8.40733727808819,1.8156712637051764,10.353353396872283,1.230975197760359,5.701726813950491
ARQKLYIWGVFDY,H4-34,K3-15,True,210,14,2,36,0.00071218307853,8.771105472543308e-05,7.806462189400385e-06,0.0001099669793598,False,False,False,False,False,False,False,False,False,False,False,False,False,1,1,False,-0.7846153846153844,False,False,False,8.54006805419922,1658.8954,1,0.00071218307853,0.0001099669793598,63,64,False,64.0,True,False,False,False,1.2535984628091474,0.08899188699719371,0.07098269324038091,0.010961159866244824,0.12315628636334519,0.15440613321710034
ARVYPSAGIYSTGFDP,H4-34,K3-15,True,97,6,1,36,0.000328960755321,3.75904520251856e-05,3.903231094700193e-06,0.0001099669793598,False,False,False,False,True,False,False,False,False,False,False,False,False,0,0,False,1.71875,False,False,False,5.87944984436035,1700.8445000000002,1,0.000328960755321,0.0001099669793598,84,65,False,65.0,True,False,False,False,2.9246185467701755,0.10380808964971282,0.035491346620190455,0.011864978973257164,0.11426685022048826,0.3342758515190733
ARQKLYIWGVFDY,H3-23_A,K3-15,True,109,6,18,34,0.000369656931237,3.75904520251856e-05,7.025815970460347e-05,0.0001038577027287,False,False,False,False,False,False,False,False,False,False,False,False,False,1,1,False,-0.7846153846153844,False,False,False,8.54006805419922,1658.8954,1,0.000369656931237,0.0001038577027287,63,66,False,66.0,True,False,False,False,2.7621397386162765,1.8685456136948309,0.6764196940806146,0.19005800564714218,0.10168735380088866,0.28094940053514006
ARVYTSAGIYSTGFDP,H5-51,K3-15,True,6,8,42,31,2.0348087958001545e-05,5.012060270024747e-05,0.0001639357059774,9.469378778205768e-05,False,False,False,False,True,False,False,False,False,False,False,False,False,0,0,False,1.9125,False,False,False,5.87944984436035,1704.8332,1,0.0001639357059774,9.469378778205768e-05,84,67,False,67.0,False,False,False,False,1.8889417378097915,3.270172253017631,1.7310364222671442,8.05260819756733,2.461950395520718,4.651408716644198
DRQKLYIWGVFDY,H1-69,K3-15,True,12,15,32,31,4.069617591600309e-05,9.3976130062964e-05,0.0001249033950304,9.469378778205768e-05,False,False,False,False,False,False,False,False,False,False,False,False,False,0,0,False,-0.1769230769230767,False,False,False,5.959038925170898,1702.9049,1,0.0001249033950304,9.469378778205768e-05,86,68,False,68.0,False,False,False,False,1.007529384587062,1.3289556123517763,1.3188848931559194,3.068413876266277,2.308645505214813,2.3262756977579433
ASVYPSAGIYSTGFDP,H5-51,K3-15,True,3,3,29,29,1.0174043979000772e-05,1.87952260125928e-05,0.0001131937017463,8.858451115095718e-05,False,False,False,False,True,False,False,False,False,False,False,False,False,-1,-1,False,1.8625,False,False,False,4.050025558471679,1631.7361,0,0.0001131937017463,8.858451115095718e-05,84,71,False,71.0,False,False,False,False,4.7106326236992375,6.019268349686441,1.2776604360221369,11.11480881069469,1.8455562496929565,8.698362981701187
ARVYPSAGLYSTGFDP,H5-51,K3-15,True,7,4,27,29,2.3739435951001804e-05,2.5060301350123736e-05,0.0001053872395569,8.858451115095718e-05,False,False,False,False,True,False,False,False,False,False,False,False,False,0,0,False,1.6437500000000005,False,False,False,5.87944984436035,1700.8445000000002,1,0.0001053872395569,8.858451115095718e-05,84,72,False,72.0,False,False,False,False,3.533444210096021,4.203668639044095,1.1895459231930239,4.437462842247188,1.0551956434597611,3.7299627382190725
ARSSDYPRVWSFDEFDY,H3-7_A,UNK,True,26,32,5,28,8.81750478180067e-05,0.0002004824108009,1.9516155473500963e-05,8.552987283540692e-05,False,False,False,False,False,False,False,False,False,True,False,False,False,-2,-2,False,2.0,False,False,False,4.226021194458009,2140.2228,2,0.0002004824108009,0.0002004824108009,70,74,False,74.0,False,False,False,False,0.42659905426716027,0.09734111827744732,0.22815272955868574,0.22130912162998131,2.2734286113293125,0.9698908709775899
TRVYPSAGIYSTGFDP,H5-51,K3-15,True,9,2,36,22,3.052213193700232e-05,1.2530150675061868e-05,0.0001405163194092,6.720204294210544e-05,False,False,False,False,True,False,False,False,False,False,False,False,False,0,0,False,1.9125,False,False,False,5.498117446899414,1730.8705,1,0.0001405163194092,6.720204294210544e-05,84,76,False,76.0,False,False,False,False,5.358950197922872,11.205313480693624,2.0906419929868343,4.602243947429897,0.4103922615333782,2.201026874925243
ARHWYGTFDY,H3-23_A,K4-1,True,20,5,27,22,6.782695986000516e-05,3.132537668765467e-05,0.0001053872395569,6.720204294210544e-05,False,False,False,True,False,False,False,False,False,False,False,False,False,0,1,False,0.6300000000000001,False,False,False,6.787184524536133,1315.3909,1,0.0001053872395569,6.720204294210544e-05,55,77,False,77.0,False,False,False,True,2.1446061942054553,3.3632032130132283,1.567981494740126,1.5535371834820901,0.4617744773984671,0.9906405458144057
ARQKLYIRGVFDY,H1-69,K3-15,True,5,7,27,21,1.695673996500129e-05,4.385552736271654e-05,0.0001053872395569,6.41474046265552e-05,False,False,False,False,False,False,False,False,False,False,False,False,False,2,2,False,0.3076923076923078,False,False,False,9.69757843017578,1628.8711999999998,2,0.0001053872395569,6.41474046265552e-05,63,78,False,78.0,False,False,False,False,1.4623648336911872,2.402507068602435,1.6426356422977793,6.211401823467034,2.584793982413887,3.780773723112242
ASSRDYPRVWSFDEFDY,H3-7_A,UNK,True,17,22,7,21,5.765291588100438e-05,0.0001378316574256,2.732261766290135e-05,6.41474046265552e-05,False,False,False,False,False,False,False,False,False,True,False,False,False,-2,-2,False,2.0,False,False,False,4.226021194458009,2140.2228,2,0.0001378316574256,0.0001378316574256,70,80,False,80.0,False,False,False,False,0.46537023585325604,0.1982174197060038,0.4258684998550008,0.47383343775547965,2.3902998195588165,1.1124550960782573
ARVYPSAGIYSNGFDP,H5-51,K3-15,True,2,5,27,20,6.782695986000516e-06,3.132537668765467e-05,0.0001053872395569,6.109276631100494e-05,False,False,True,False,True,False,False,False,False,False,False,False,False,0,0,False,1.83125,False,False,False,5.87944984436035,1713.8432,1,0.0001053872395569,6.109276631100494e-05,84,81,False,81.0,False,False,False,False,1.9496419947322323,3.3632032130132283,1.724753982831039,15.514788203991323,4.611626481181413,8.993890855253168
ARQALYAWGVFDY,H1-69,K3-15,True,11,28,13,20,3.7304827923002834e-05,0.0001754221094508,5.0742004231102505e-05,6.109276631100494e-05,False,False,False,False,False,False,False,False,False,False,False,False,False,0,0,False,-0.2846153846153844,False,False,False,5.87944984436035,1559.7213,1,0.0001754221094508,0.0001754221094508,60,82,False,82.0,False,False,False,False,0.3482416446012036,0.28924011909765657,0.8304371028446154,1.3598348714298223,4.7011367655982275,1.6372249240185863
ARQKLYIWGVFDY,H1-69,K4-1,True,54,1,11,19,0.000183132791622,6.265075337530934e-06,4.293554204170212e-05,5.80381279954547e-05,False,False,False,False,False,False,False,False,False,False,False,False,False,1,1,False,-0.7846153846153844,False,False,False,8.54006805419922,1658.8954,1,0.000183132791622,5.80381279954547e-05,63,84,False,84.0,True,False,False,False,9.24899301978597,6.842235309097667,0.7396542063348549,0.23443752091711864,0.034208691928546225,0.31690096826329517
ARVKLYAWGVFDY,H3-7_A,UNK,True,8,38,1,19,2.7130783944002063e-05,0.0002380728628261,3.903231094700193e-06,5.80381279954547e-05,False,False,False,False,False,False,False,False,False,False,False,False,False,1,1,False,-0.7538461538461536,False,False,False,8.54006805419922,1587.8175,1,0.0002380728628261,0.0002380728628261,78,86,False,86.0,True,False,False,False,0.24377280794815875,0.016394422716393423,0.06724129148498681,0.14381423553400274,8.771775469614338,2.138410154813555
ARDRNAYSSYFYSGFDP,H1-69,K1-39,True,25,5,32,18,8.478369982500645e-05,3.132537668765467e-05,0.0001249033950304,5.498348967990445e-05,False,False,False,True,True,False,False,False,False,False,False,False,False,0,0,False,2.51764705882353,False,False,False,6.003152847290039,2016.0855,2,0.0001249033950304,5.498348967990445e-05,18,87,False,87.0,True,True,True,True,1.7546777952590091,3.986018622830493,2.2712396641386774,1.4730268320425954,0.36943047363545434,0.6484383839056085
ARVYPSAGIYSTGFDP,H3-23_A,K3-15,True,35,4,16,18,0.000118697179755,2.5060301350123736e-05,6.245169751520308e-05,5.498348967990445e-05,False,False,False,False,True,False,False,False,False,False,False,False,False,0,0,False,1.71875,False,False,False,5.87944984436035,1700.8445000000002,1,0.000118697179755,5.498348967990445e-05,84,88,False,88.0,True,False,False,False,2.193172268335461,2.491062897211439,1.1356198320693947,0.5260987384596052,0.21111024119893798,0.4631858813711605
ARDIWYFGYGIFDY,H3-23_A,K1-39,True,33,25,22,17,0.000111914483769,0.0001566268834382,8.587108408340424e-05,5.192885136435421e-05,False,False,False,True,False,False,False,False,False,False,False,False,False,-1,-1,False,-0.8857142857142856,False,False,False,4.207874679565429,1785.9486,1,0.0001566268834382,0.0001566268834382,10,90,False,90.0,True,True,True,False,0.3315237779538839,0.5482175219432535,1.6533111885939362,0.7672234098540303,1.3993978633080937,0.46396328681336363
ARVKLYAWGVFDY,H1-69,K4-1,True,80,4,2,16,0.00027130783944,2.5060301350123736e-05,7.806462189400385e-06,4.8874213048803954e-05,False,False,False,False,False,False,False,False,False,False,False,False,False,1,1,False,-0.7538461538461536,False,False,False,8.54006805419922,1587.8175,1,0.00027130783944,4.8874213048803954e-05,78,92,False,92.0,True,True,False,False,1.949486460742632,0.31138286215142985,0.15969290907080247,0.02877238815373483,0.09236510729205347,0.18013637860923676
TRQKLYIWGVFDY,H1-69,K3-15,True,7,9,28,15,2.3739435951001804e-05,5.6385678037778406e-05,0.0001092904706516,4.581957473325371e-05,False,False,False,False,False,False,False,False,False,False,False,False,False,1,1,False,-0.546153846153846,False,False,False,8.164759826660159,1688.9214,1,0.0001092904706516,5.6385678037778406e-05,86,93,False,93.0,False,False,False,False,0.8124660670372654,1.9379228063964116,2.384714920173575,4.601813317885972,2.3741901977844626,1.9292910714926235
ARVYPSAGIYSTGFEP,H5-51,K3-15,True,2,3,28,12,6.782695986000516e-06,1.87952260125928e-05,0.0001092904706516,3.665565978660297e-05,False,False,False,False,False,False,False,False,False,False,False,False,False,0,0,False,1.58125,False,False,False,6.0452220916748045,1714.8711,1,0.0001092904706516,3.665565978660297e-05,84,96,False,96.0,False,False,False,False,1.9492272925652019,5.811707372111047,2.980731051552847,16.089409989324334,2.7669758887088474,5.396334513151902
ARVYPSAGIYSTGFDP,H5-51,K3-20,True,116,5,9,11,0.000393396367188,3.132537668765467e-05,3.5129079852301734e-05,3.360102147105272e-05,False,False,False,False,True,False,False,False,False,False,False,False,False,0,0,False,1.71875,False,False,False,5.87944984436035,1700.8445000000002,1,0.000393396367188,3.360102147105272e-05,84,97,False,97.0,True,True,True,False,1.0723030971027276,1.1210677376711313,1.0451654937817476,0.08929463979802427,0.07962600328907483,0.08541046681889505
ARQALYTWGLFDY,H4-34,K3-15,True,104,3,1,11,0.000352700191272,1.87952260125928e-05,3.903231094700193e-06,3.360102147105272e-05,False,False,False,False,False,False,False,False,False,False,False,False,False,0,0,False,-0.469230769230769,False,False,False,5.87944984436035,1603.7739,1,0.000352700191272,3.360102147105272e-05,61,99,False,99.0,True,False,False,False,1.7867916848514347,0.20756097757540476,0.11612949930908306,0.011066397261229497,0.053288015140164915,0.09526524127322586
ARVYPSAGIYSTGFDP,H5-51,K4-1,True,53,3,2,10,0.000179741443629,1.87952260125928e-05,7.806462189400385e-06,3.054638315550247e-05,False,False,False,False,True,False,False,False,False,False,False,False,False,0,0,False,1.71875,False,False,False,5.87944984436035,1700.8445000000002,1,0.000179741443629,3.054638315550247e-05,84,100,False,100.0,True,True,False,False,1.624356077137668,0.4151219551508095,0.2554772974822653,0.043429204415807755,0.10456230911494328,0.16993678903936385
ARQKLYIWGVFDY,H3-7_A,UNK,True,8,29,2,7,2.7130783944002063e-05,0.0001816871847883,7.806462189400385e-06,2.138246820885173e-05,False,False,False,False,False,False,False,False,False,False,False,False,False,1,1,False,-0.7846153846153844,False,False,False,8.54006805419922,1658.8954,1,0.0001816871847883,0.0001816871847883,63,101,False,101.0,True,True,False,False,0.11768189052441835,0.04296413397101278,0.3649163861405316,0.2876284710680055,6.694249700493698,0.7878353201944676
ARPGARHWYSPFDY,H3-23_A,K3-15,True,53,5,1,7,0.000179741443629,3.132537668765467e-05,3.903231094700193e-06,2.138246820885173e-05,False,False,False,True,False,False,False,False,False,False,False,False,False,1,2,False,1.292857142857143,False,False,False,8.638685607910158,1722.8583,2,0.000179741443629,3.132537668765467e-05,59,102,False,102.0,True,False,False,False,0.6823746981562814,0.12456308196345904,0.1824581930702658,0.021714602207903878,0.17427051519157216,0.11895575232755469
ARQKLYIWGVFDY,H1-69,K3-20,True,217,5,7,6,0.000735922514481,3.132537668765467e-05,2.732261766290135e-05,1.8327829893301485e-05,False,False,False,False,False,False,False,False,False,False,False,False,False,1,1,False,-0.7846153846153844,False,False,False,8.54006805419922,1658.8954,1,0.000735922514481,3.132537668765467e-05,63,103,False,103.0,True,False,False,False,0.5848925984196698,0.8719415737442133,1.4899591621188426,0.03712652604046176,0.04256555604116254,0.024904226315135402
ARAGYPYGYFDY,H3-23_A,K4-1,True,5,23,4,6,1.695673996500129e-05,0.0001440967327632,1.561292437880077e-05,1.8327829893301485e-05,False,False,False,False,False,False,False,False,False,False,False,False,False,0,0,False,1.2583333333333335,False,False,False,5.877711868286132,1442.5286,1,0.0001440967327632,0.0001440967327632,3,105,False,105.0,False,False,False,True,0.12718232897152879,0.10834278232132528,0.8514052354964815,0.920207677550717,8.492894513644952,1.0802210637463547
ARVKLYAWGVFDY,H1-69,K3-20,True,251,5,2,6,0.000851228346243,3.132537668765467e-05,7.806462189400385e-06,1.8327829893301485e-05,False,False,False,False,False,False,False,False,False,False,False,False,False,1,1,False,-0.7538461538461536,False,False,False,8.54006805419922,1587.8175,1,0.000851228346243,3.132537668765467e-05,78,106,False,106.0,True,True,False,False,0.5848925984196698,0.24912616392691808,0.42570261774824075,0.009170712555249363,0.036799771563289424,0.021530785089972325
ARPGARHWYSPFDY,H4-34,K3-15,True,95,6,1,5,0.000322178059335,3.75904520251856e-05,3.903231094700193e-06,1.5273191577751236e-05,False,False,False,True,False,False,False,False,False,False,False,False,False,1,2,False,1.292857142857143,False,False,False,8.638685607910158,1722.8583,2,0.000322178059335,3.75904520251856e-05,59,107,False,107.0,True,False,False,False,0.40619702038477945,0.10380808964971282,0.25539371634799024,0.012114760251377745,0.11667239345484354,0.0474045860336205
ARPGARHWYSPFDY,H1-69,K3-20,True,67,5,1,4,0.000227220315531,3.132537668765467e-05,3.903231094700193e-06,1.2218553262200988e-05,False,False,False,True,False,False,False,False,False,False,False,False,False,1,2,False,1.292857142857143,False,False,False,8.638685607910158,1722.8583,2,0.000227220315531,3.132537668765467e-05,59,110,False,110.0,True,True,False,False,0.38992839894644643,0.12456308196345904,0.31918993285700087,0.017177422324037097,0.13785738322130303,0.05377166877424886
ARQALYTWGLFDY,H1-69,K3-20,True,69,4,2,3,0.000234003011517,2.5060301350123736e-05,7.806462189400385e-06,9.163914946650744e-06,False,False,False,False,False,False,False,False,False,False,False,False,False,0,0,False,-0.469230769230769,False,False,False,5.87944984436035,1603.7739,1,0.000234003011517,2.5060301350123736e-05,61,111,False,111.0,True,True,False,False,0.36552871138924364,0.31138286215142985,0.8509411995639228,0.0333590946024524,0.10708935023599411,0.039159852211828945
ARQALYTWGLFDY,H3-7_A,UNK,True,4,23,1,3,1.3565391972001032e-05,0.0001440967327632,3.903231094700193e-06,9.163914946650744e-06,False,False,False,False,False,False,False,False,False,False,False,False,False,0,0,False,-0.469230769230769,False,False,False,5.87944984436035,1603.7739,1,0.0001440967327632,0.0001440967327632,61,112,False,112.0,True,False,False,False,0.0635911644857644,0.02708569558033132,0.4254705997819614,0.28752253362190405,10.614554118245467,0.675038699843889
ARQALYTWGLFDY,H1-69,K4-1,True,33,2,2,2,0.000111914483769,1.2530150675061868e-05,7.806462189400385e-06,6.109276631100494e-06,False,False,False,False,False,False,False,False,False,False,False,False,False,0,0,False,-0.469230769230769,False,False,False,5.87944984436035,1603.7739,1,0.000111914483769,1.2530150675061868e-05,61,113,False,113.0,True,True,False,False,0.4871772907202611,0.622517415594121,1.275716503765326,0.06974758271400275,0.11195182906469993,0.054583916095689834
ARDYRLILEDWHFDY,H3-23_A,K1-39,True,1,1,43,1,3.391347993000258e-06,6.265075337530934e-06,0.0001678389370721,3.054638315550247e-06,False,False,False,True,False,False,False,False,False,True,False,False,False,-2,-1,False,0.0666666666666668,False,False,False,4.658879470825195,2012.183,2,0.0001678389370721,6.265075337530934e-06,25,114,False,114.0,False,False,False,False,0.4867891063045247,26.7469198446532,54.7663116461314,49.34482958447683,1.8419389460954985,0.8980669786909439
ARSRGDAYPLFDY,H3-7_A,K3-20,True,30,5,4,1,0.00010174043979,3.132537668765467e-05,1.561292437880077e-05,3.054638315550247e-06,False,False,False,False,False,False,False,False,False,False,False,False,False,0,0,False,1.9,False,False,False,6.004021835327148,1530.6389,2,0.00010174043979,3.132537668765467e-05,71,115,False,115.0,True,True,True,True,0.09748209973661161,0.49825232785383616,5.094540618245032,0.1534433110168749,0.307864779280623,0.030020885628156822
ARQKIYSWGVFDY,H1-69,K3-15,True,8330,2145,1,1,0.0282499287816921,0.0134385865990038,3.903231094700193e-06,3.054638315550247e-06,False,False,False,False,False,False,False,False,False,False,False,False,False,1,1,False,0.4230769230769232,False,False,False,8.54006805419922,1632.8151,1,0.0282499287816921,0.0134385865990038,62,116,False,116.0,False,False,False,True,0.0002273033715274024,0.0002904493088950626,1.273635154561258,0.00013816777179105798,0.4757032113539632,0.00010812902424871314
ARGDEFEDWLSFDY,H4-34,K3-20,True,58166,567,1,1,0.1972611473608529,0.00355229771638,3.903231094700193e-06,3.054638315550247e-06,False,False,False,False,False,False,False,False,False,True,False,False,False,-4,-4,False,1.7571428571428571,False,False,False,4.050025558471679,1749.7859999999998,1,0.1972611473608529,0.00355229771638,32,117,False,117.0,False,False,False,True,0.0008599025082948316,0.0010987874380088342,1.273635154561258,1.978712457597494e-05,0.018008095277884467,1.5485249891149882e-05
ARGDEFEDWLSFDY,H4-34,UNK,True,3961,214,1,1,0.013433129400274,0.0013407261222316,3.903231094700193e-06,3.054638315550247e-06,False,False,False,False,False,False,False,False,False,True,False,False,False,-4,-4,False,1.7571428571428571,False,False,False,4.050025558471679,1749.7859999999998,1,0.013433129400274,0.0013407261222316,32,118,False,118.0,False,False,False,False,0.0022783292438380252,0.0029112597400623662,1.273635154561258,0.0002905673036208183,0.09980735569559063,0.00022739571328262556
AREGSFTRGWAFDY,H1-69,K3-15,True,6854,152,1,1,0.0232442991440237,0.0009522914513047,3.903231094700193e-06,3.054638315550247e-06,False,False,False,False,False,False,False,False,False,False,False,False,False,0,0,False,1.6571428571428573,False,False,False,6.114178848266601,1662.7584,2,0.0232442991440237,0.0009522914513047,26,119,False,119.0,False,False,False,True,0.0032076379925340256,0.004098734795954131,1.273635154561258,0.0001679220092331178,0.04096879995031136,0.00013141445919616067
ARGDEFEDWLSFDY,H4-34,K3-15,True,1109,87,1,1,0.0037610049242372,0.0005450615543651,3.903231094700193e-06,3.054638315550247e-06,False,False,False,False,False,False,False,False,False,True,False,False,False,-4,-4,False,1.7571428571428571,False,False,False,4.050025558471679,1749.7859999999998,1,0.0037610049242372,0.0005450615543651,32,120,False,120.0,False,False,False,False,0.005604105169473195,0.0071609517382477976,1.273635154561258,0.001037813242788936,0.1449240604849895,0.0008121845770579551
ARQKIYSWGVFDY,H3-7_A,K3-15,True,132,57,1,1,0.000447657935076,0.0003571092942392,3.903231094700193e-06,3.054638315550247e-06,False,False,False,False,False,False,False,False,False,False,False,False,False,1,1,False,0.4230769230769232,False,False,False,8.54006805419922,1632.8151,1,0.000447657935076,0.0003571092942392,62,121,False,121.0,False,False,False,False,0.008553551613775977,0.010929768168968748,1.273635154561258,0.00871903209694379,0.797710236223584,0.006823446747490783
ARQKIYSWGVFDY,UNK,K3-15,True,193,35,1,1,0.000654530162649,0.0002192776368135,3.903231094700193e-06,3.054638315550247e-06,False,False,False,False,False,False,False,False,False,False,False,False,False,1,1,False,0.4230769230769232,False,False,False,8.54006805419922,1632.8151,1,0.000654530162649,0.0002192776368135,62,122,False,122.0,False,False,False,False,0.013929824589920497,0.017799594867355963,1.273635154561258,0.0059633179404963675,0.3350102091918362,0.004666846268360021
ARDPDRSVSYGYPFDY,H3-7_A,K3-20,True,754,32,1,1,0.0025570763867221,0.0002004824108009,3.903231094700193e-06,3.054638315550247e-06,False,False,False,False,True,False,False,False,False,True,False,False,False,-1,-1,False,2.8000000000000003,False,False,False,4.429057693481445,1907.9875,2,0.0025570763867221,0.0002004824108009,15,123,False,123.0,False,False,False,True,0.015235680509541437,0.019468223655489465,1.273635154561258,0.0015264369303157178,0.07840267416929006,0.0011945776769262588
ARQKIYSWGVFDY,H1-69,UNK,True,90,29,1,1,0.00030522131937,0.0001816871847883,3.903231094700193e-06,3.054638315550247e-06,False,False,False,False,False,False,False,False,False,False,False,False,False,1,1,False,0.4230769230769232,False,False,False,8.54006805419922,1632.8151,1,0.00030522131937,0.0001816871847883,62,124,False,124.0,False,False,False,False,0.016811698646345477,0.02148206698550639,1.273635154561258,0.012787780437330266,0.5952442402152697,0.010007617572977263
ARQKIYSWGVFDY,H5-51,K3-15,True,35,19,1,1,0.000118697179755,0.000119036431413,3.903231094700193e-06,3.054638315550247e-06,False,False,False,False,False,False,False,False,False,False,False,False,False,1,1,False,0.4230769230769232,False,False,False,8.54006805419922,1632.8151,1,0.000119036431413,0.000119036431413,62,125,False,125.0,False,False,False,False,0.02565921783033538,0.032787468287553856,1.273635154561258,0.032881171153725325,1.0027736456942162,0.02573254896506447
ARDLIAGEFDY,H4-34,K3-15,True,1,19,1,1,3.391347993000258e-06,0.000119036431413,3.903231094700193e-06,3.054638315550247e-06,False,False,False,False,False,False,False,False,False,True,False,False,False,-2,-2,False,1.2363636363636366,False,False,False,4.050025558471679,1269.3591,1,0.000119036431413,0.000119036431413,12,126,False,126.0,True,True,True,True,0.02565921783033538,0.032787468287553856,1.273635154561258,1.1475541763832386,34.996839975788674,0.8980669786909439
ARGDEFEDWLSFDY,H3-7_A,K3-20,True,392,17,1,1,0.0013294084132561,0.000106506280738,3.903231094700193e-06,3.054638315550247e-06,False,False,False,False,False,False,False,False,False,True,False,False,False,-4,-4,False,1.7571428571428571,False,False,False,4.050025558471679,1749.7859999999998,1,0.0013294084132561,0.000106506280738,32,127,False,127.0,False,False,False,False,0.02867766593412885,0.036644455360782265,1.273635154561258,0.0029360441045345083,0.08011494325337178,0.0022977252948292058
ARGDEFEDWLSFDY,H1-69,K3-20,True,389,17,1,1,0.0013192343692771,0.000106506280738,3.903231094700193e-06,3.054638315550247e-06,False,False,False,False,False,False,False,False,False,True,False,False,False,-4,-4,False,1.7571428571428571,False,False,False,4.050025558471679,1749.7859999999998,1,0.0013192343692771,0.000106506280738,32,128,False,128.0,False,False,False,False,0.02867766593412885,0.036644455360782265,1.273635154561258,0.0029586869465579205,0.08073279160278829,0.002315445406997706
ARGDEFEDWLSFDY,UNK,K3-20,True,1521,16,1,1,0.0051582402973533,0.0001002412054004,3.903231094700193e-06,3.054638315550247e-06,False,False,False,False,False,False,False,False,False,True,False,False,False,-4,-4,False,1.7571428571428571,False,False,False,4.050025558471679,1749.7859999999998,1,0.0051582402973533,0.0001002412054004,32,129,False,129.0,False,False,False,False,0.030469841268742085,0.03893450536690125,1.273635154561258,0.0007566967226663937,0.01943317978420586,0.0005921849734817217
ARDPDRSVSYGYPFDY,H3-7_A,UNK,True,73,13,1,1,0.000247568403489,8.144597938790213e-05,3.903231094700193e-06,3.054638315550247e-06,False,False,False,False,True,False,False,False,False,True,False,False,False,-1,-1,False,2.8000000000000003,False,False,False,4.429057693481445,1907.9875,2,0.000247568403489,8.144597938790213e-05,15,130,False,130.0,False,False,False,False,0.03750047987273876,0.047918288184991144,1.273635154561258,0.015765636419388312,0.32897045235014133,0.012338064518159662
AREGSFTRGWAFDY,H3-7_A,K3-15,True,154,7,1,1,0.000522267590922,4.385552736271654e-05,3.903231094700193e-06,3.054638315550247e-06,False,False,False,False,False,False,False,False,False,False,False,False,False,0,0,False,1.6571428571428573,False,False,False,6.114178848266601,1662.7584,2,0.000522267590922,4.385552736271654e-05,26,131,False,131.0,False,False,False,False,0.0696364206519613,0.08898174328157604,1.273635154561258,0.007473479932021674,0.0839697665092167,0.005848687304691279
AREGSFTRGWAFDY,UNK,K3-15,True,193,6,1,1,0.000654530162649,3.75904520251856e-05,3.903231094700193e-06,3.054638315550247e-06,False,False,False,False,False,False,False,False,False,False,False,False,False,0,0,False,1.6571428571428573,False,False,False,6.114178848266601,1662.7584,2,0.000654530162649,3.75904520251856e-05,26,132,False,132.0,False,False,False,False,0.08123940407695589,0.10380808964971282,1.273635154561258,0.0059633179404963675,0.05743032157576499,0.004666846268360021
ARGDEFEDWLSFDY,H1-69,UNK,True,40,5,1,1,0.00013565391972,3.132537668765467e-05,3.903231094700193e-06,3.054638315550247e-06,False,False,False,False,False,False,False,False,False,True,False,False,False,-4,-4,False,1.7571428571428571,False,False,False,4.050025558471679,1749.7859999999998,1,0.00013565391972,3.132537668765467e-05,32,133,False,133.0,False,False,False,False,0.09748209973661161,0.12456308196345904,1.273635154561258,0.028771327724837703,0.23090425775923223,0.02251621744274224
ARGDEFEDWLSFDY,UNK,UNK,True,139,4,1,1,0.000471397371027,2.5060301350123736e-05,3.903231094700193e-06,3.054638315550247e-06,False,False,False,False,False,False,False,False,False,True,False,False,False,-4,-4,False,1.7571428571428571,False,False,False,4.050025558471679,1749.7859999999998,1,0.000471397371027,2.5060301350123736e-05,32,134,False,134.0,False,False,False,False,0.1218429037964145,0.15569143107571493,1.273635154561258,0.008279953464021321,0.05316060564672078,0.006479827222250396
ARGDEFEDWLSFDY,H4-34,K1-39,True,137,4,1,1,0.000464614675041,2.5060301350123736e-05,3.903231094700193e-06,3.054638315550247e-06,False,False,False,False,False,False,False,False,False,True,False,False,False,-4,-4,False,1.7571428571428571,False,False,False,4.050025558471679,1749.7859999999998,1,0.000464614675041,2.5060301350123736e-05,32,135,False,135.0,False,False,False,False,0.1218429037964145,0.15569143107571493,1.273635154561258,0.008400826095505493,0.053936656179339446,0.006574421204127172
ARGDEFEDWLSFDY,H3-7_A,UNK,True,45,4,1,1,0.000152610659685,2.5060301350123736e-05,3.903231094700193e-06,3.054638315550247e-06,False,False,False,False,False,False,False,False,False,True,False,False,False,-4,-4,False,1.7571428571428571,False,False,False,4.050025558471679,1749.7859999999998,1,0.000152610659685,2.5060301350123736e-05,32,136,False,136.0,False,False,False,False,0.1218429037964145,0.15569143107571493,1.273635154561258,0.02557472299462098,0.16419992812143988,0.020014579427548272
ARGDEFEDWLSFDY,H5-51,K3-20,True,170,3,1,1,0.00057652915881,1.87952260125928e-05,3.903231094700193e-06,3.054638315550247e-06,False,False,False,False,False,False,False,False,False,True,False,False,False,-4,-4,False,1.7571428571428571,False,False,False,4.050025558471679,1749.7859999999998,1,0.00057652915881,1.87952260125928e-05,32,137,False,137.0,False,False,False,False,0.1624356077137668,0.20756097757540476,1.273635154561258,0.006770105785627152,0.032600085745063526,0.005298232164932463
ARWQPLGYSRYAGVFDP,H3-23_A,K4-1,True,2957,2,1,1,0.0100282160153017,1.2530150675061868e-05,3.903231094700193e-06,3.054638315550247e-06,False,False,False,False,True,False,False,False,False,False,False,False,False,1,1,False,0.8705882352941178,False,False,False,8.632579040527343,1983.1881,2,0.0100282160153017,1.2530150675061868e-05,85,138,False,138.0,False,False,False,True,0.24358864536013056,0.3112587077970605,1.273635154561258,0.000389224483846335,0.0012494882600314924,0.0003046040556813625
ARVAVLSYSWYTDVFDI,H1-69,K3-20,True,1000,2,1,1,0.0033913479930002,1.2530150675061868e-05,3.903231094700193e-06,3.054638315550247e-06,False,False,False,False,False,False,False,False,False,False,False,False,False,-1,-1,False,-0.276470588235294,False,False,False,4.207874679565429,2005.2284,1,0.0033913479930002,1.2530150675061868e-05,74,139,False,139.0,False,False,False,True,0.24358864536013056,0.3112587077970605,1.273635154561258,0.0011509345526943791,0.0036947295746790035,0.000900712434916943
AREGSFTRGWAFDY,H1-69,UNK,True,79,2,1,1,0.000267916491447,1.2530150675061868e-05,3.903231094700193e-06,3.054638315550247e-06,False,False,False,False,False,False,False,False,False,False,False,False,False,0,0,False,1.6571428571428573,False,False,False,6.114178848266601,1662.7584,2,0.000267916491447,1.2530150675061868e-05,26,140,False,140.0,False,False,False,False,0.24358864536013056,0.3112587077970605,1.273635154561258,0.014568291002580131,0.04676712111366757,0.011401031301731139
ARGDEFEDWLSFDY,UNK,K3-15,True,40,2,1,1,0.00013565391972,1.2530150675061868e-05,3.903231094700193e-06,3.054638315550247e-06,False,False,False,False,False,False,False,False,False,True,False,False,False,-4,-4,False,1.7571428571428571,False,False,False,4.050025558471679,1749.7859999999998,1,0.00013565391972,1.2530150675061868e-05,32,142,False,142.0,False,False,False,False,0.24358864536013056,0.3112587077970605,1.273635154561258,0.028771327724837703,0.09236170310369289,0.02251621744274224
ARVTEGYSGYAGWPFDY,H4-34,K3-20,True,6720,1,1,1,0.0227898585129617,6.265075337530934e-06,3.903231094700193e-06,3.054638315550247e-06,False,False,False,False,False,False,False,False,False,False,False,False,False,-1,-1,False,1.6764705882352942,False,False,False,4.370375442504883,1939.0428,1,0.0227898585129617,6.265075337530934e-06,83,143,False,143.0,False,False,False,True,0.4867891063045247,0.6220213917361516,1.273635154561258,0.00017127045259081842,0.0002749061642882091,0.0001340349249410073
ARVDAYAYPSFQPYFDP,H3-23_A,K4-1,True,4004,1,1,1,0.013578957363973,6.265075337530934e-06,3.903231094700193e-06,3.054638315550247e-06,False,False,False,False,True,False,False,False,False,False,False,False,False,-1,-1,False,1.2647058823529411,False,False,False,4.207874679565429,2007.1598,1,0.013578957363973,6.265075337530934e-06,75,145,False,145.0,False,False,False,True,0.4867891063045247,0.6220213917361516,1.273635154561258,0.0002874468278829537,0.0004613808377029539,0.00022495365322510843
ARVRPGYASSDFYFDY,H4-34,K1-39,True,2077,1,1,1,0.0070438297814615,6.265075337530934e-06,3.903231094700193e-06,3.054638315550247e-06,False,False,False,True,False,False,False,False,False,False,False,False,False,0,0,False,1.6,False,False,False,6.003152847290039,1914.0366,2,0.0070438297814615,6.265075337530934e-06,81,146,False,146.0,False,False,False,True,0.4867891063045247,0.6220213917361516,1.273635154561258,0.0005541339973366523,0.0008894403524083304,0.0004336609591248328
ARVDEDRVNVAFAFDI,H4-34,K4-1,True,1744,1,1,1,0.0059145108997924,6.265075337530934e-06,3.903231094700193e-06,3.054638315550247e-06,False,False,False,False,False,False,False,False,False,True,False,False,False,-2,-2,False,1.375,False,False,False,4.226021194458009,1836.9974,2,0.0059145108997924,6.265075337530934e-06,31,147,False,147.0,False,False,False,True,0.4867891063045247,0.6220213917361516,1.273635154561258,0.0006599403672471926,0.0010592701325564406,0.0005164642018016143
ARGPRTANWYFDY,H3-23_A,K4-1,True,1493,1,1,1,0.0050632825535493,6.265075337530934e-06,3.903231094700193e-06,3.054638315550247e-06,False,False,False,True,False,False,False,False,False,False,False,False,False,1,1,False,1.507692307692308,False,False,False,8.632579040527343,1616.733,2,0.0050632825535493,6.265075337530934e-06,41,148,False,148.0,False,False,False,True,0.4867891063045247,0.6220213917361516,1.273635154561258,0.0007708879258742575,0.0012373520335377819,0.0006032908988063482
ARDIWPNAGNAFDY,H1-69,K1-39,True,907,1,1,1,0.0030759526296512,6.265075337530934e-06,3.903231094700193e-06,3.054638315550247e-06,False,False,False,False,False,False,False,False,False,False,False,False,False,-1,-1,False,1.6571428571428573,False,False,False,4.207874679565429,1609.6956999999998,1,0.0030759526296512,6.265075337530934e-06,9,150,False,150.0,False,False,False,True,0.4867891063045247,0.6220213917361516,1.273635154561258,0.0012689462014506988,0.0020367852577719272,0.0009930674339488413
ARGLPYGSNQGFDY,H5-51,K3-15,True,859,1,1,1,0.0029131679259872,6.265075337530934e-06,3.903231094700193e-06,3.054638315550247e-06,False,False,False,False,False,False,False,False,False,False,False,False,False,0,0,False,2.342857142857143,False,False,False,5.87944984436035,1544.6222999999998,1,0.0029131679259872,6.265075337530934e-06,40,151,False,151.0,False,False,False,True,0.4867891063045247,0.6220213917361516,1.273635154561258,0.0013398533127280544,0.0021505982458685092,0.0010485587880853895
ARSSVWGWGYAFDY,H1-69,K3-15,True,787,1,1,1,0.0026689908704912,6.265075337530934e-06,3.903231094700193e-06,3.054638315550247e-06,False,False,False,False,False,False,False,False,False,False,False,False,False,0,0,False,0.4357142857142858,False,False,False,5.87944984436035,1664.7723999999998,1,0.0026689908704912,6.265075337530934e-06,72,153,False,153.0,False,False,False,True,0.4867891063045247,0.6220213917361516,1.273635154561258,0.0014624315555138228,0.0023473485553333357,0.0011444875681093634
ARDLWPFSGHSFDY,H1-69,K1-39,True,740,1,1,1,0.0025095975148201,6.265075337530934e-06,3.903231094700193e-06,3.054638315550247e-06,False,False,False,False,False,False,False,False,False,False,False,False,False,-1,0,False,0.6928571428571431,False,False,False,5.212373733520507,1697.8023999999998,1,0.0025095975148201,6.265075337530934e-06,14,154,False,154.0,False,False,False,True,0.4867891063045247,0.6220213917361516,1.273635154561258,0.0015553153517632794,0.002496436315453113,0.001217177705083983
ARDPVDPNYWGDFDP,H4-34,K1-39,True,587,1,1,1,0.0019907212718911,6.265075337530934e-06,3.903231094700193e-06,3.054638315550247e-06,False,False,False,False,True,False,False,False,False,True,False,False,False,-3,-3,False,2.7,False,False,False,4.050025558471679,1763.8159,1,0.0019907212718911,6.265075337530934e-06,17,156,False,156.0,False,False,False,True,0.4867891063045247,0.6220213917361516,1.273635154561258,0.0019607021549384257,0.003147122580527612,0.00153443026624507
ARSGWGYTYPLTFDY,H1-69,K3-20,True,544,1,1,1,0.0018448933081921,6.265075337530934e-06,3.903231094700193e-06,3.054638315550247e-06,False,False,False,False,False,False,False,False,False,False,False,False,False,0,0,False,0.8400000000000002,False,False,False,5.87858085632324,1796.9301,1,0.0018448933081921,6.265075337530934e-06,69,157,False,157.0,False,False,False,True,0.4867891063045247,0.6220213917361516,1.273635154561258,0.0021156832866894995,0.0033958827596609117,0.001655717295311058
ARVTEGYSGYAGWPFDY,H4-34,UNK,True,509,1,1,1,0.0017261961284371,6.265075337530934e-06,3.903231094700193e-06,3.054638315550247e-06,False,False,False,False,False,False,False,False,False,False,False,False,False,-1,-1,False,1.6764705882352942,False,False,False,4.370375442504883,1939.0428,1,0.0017261961284371,6.265075337530934e-06,83,158,False,158.0,False,False,False,False,0.4867891063045247,0.6220213917361516,1.273635154561258,0.0022611616483103106,0.0036293900446311748,0.0017695675303365445
ARGRLYGAYKGFDY,H5-51,K3-15,True,503,1,1,1,0.0017058480404791,6.265075337530934e-06,3.903231094700193e-06,3.054638315550247e-06,False,False,False,False,False,False,False,False,False,False,False,False,False,2,2,False,1.5214285714285718,False,False,False,9.525611877441406,1636.8070999999998,2,0.0017058480404791,6.265075337530934e-06,43,159,False,159.0,False,False,False,True,0.4867891063045247,0.6220213917361516,1.273635154561258,0.0022881335973326056,0.003672682713839044,0.0017906755679929465
ARGIPYGAHAGFDY,H5-51,K3-15,True,397,1,1,1,0.0013463651532211,6.265075337530934e-06,3.903231094700193e-06,3.054638315550247e-06,False,False,False,False,False,False,False,False,False,False,False,False,False,0,1,False,1.4857142857142858,False,False,False,6.787184524536133,1494.6083,1,0.0013463651532211,6.265075337530934e-06,35,160,False,160.0,False,False,False,True,0.4867891063045247,0.6220213917361516,1.273635154561258,0.0028990664937346843,0.004653290966148787,0.0022687869040380446
ARGLPGTGYRGFDY,H5-51,K3-15,True,361,1,1,1,0.001224276625473,6.265075337530934e-06,3.903231094700193e-06,3.054638315550247e-06,False,False,False,False,False,False,False,False,False,False,False,False,False,1,1,False,2.028571428571429,False,False,False,8.632579040527343,1529.6541,2,0.001224276625473,6.265075337530934e-06,39,161,False,161.0,False,False,False,True,0.4867891063045247,0.6220213917361516,1.273635154561258,0.003188167716193248,0.005117327272206733,0.002495035273598693
ARGVPYGAYSGFDY,H5-51,K3-15,True,349,1,1,1,0.001183580449557,6.265075337530934e-06,3.903231094700193e-06,3.054638315550247e-06,False,False,False,False,False,False,False,False,False,False,False,False,False,0,0,False,1.8214285714285716,False,False,False,5.87858085632324,1522.6149999999998,1,0.001183580449557,6.265075337530934e-06,37,162,False,162.0,False,False,False,True,0.4867891063045247,0.6220213917361516,1.273635154561258,0.003297788602604147,0.005293279731917284,0.0025808237272390566
ARDPLYGTSPPEFDI,H3-23_A,K3-20,True,343,1,1,1,0.001163232361599,6.265075337530934e-06,3.903231094700193e-06,3.054638315550247e-06,False,False,False,False,True,False,False,False,False,True,False,False,False,-2,-2,False,1.966666666666667,False,False,False,4.050025558471679,1677.808,1,0.001163232361599,6.265075337530934e-06,16,163,False,163.0,False,False,False,True,0.4867891063045247,0.6220213917361516,1.273635154561258,0.0033554753708718,0.005385872750472157,0.0026259689436957255
ARGQVYGSYRGFDY,H5-51,K3-15,True,304,1,1,1,0.001030969789872,6.265075337530934e-06,3.903231094700193e-06,3.054638315550247e-06,False,False,False,False,False,False,False,False,False,False,False,False,False,1,1,False,2.25,False,False,False,8.539295959472657,1638.7368,2,0.001030969789872,6.265075337530934e-06,38,166,False,166.0,False,False,False,True,0.4867891063045247,0.6220213917361516,1.273635154561258,0.003785943364791655,0.006076816829075541,0.002962849849781723
ARGLPYGLYSGFDY,H5-51,K3-15,True,276,1,1,1,0.000936012046068,6.265075337530934e-06,3.903231094700193e-06,3.054638315550247e-06,False,False,False,False,False,False,False,False,False,False,False,False,False,0,0,False,0.6214285714285717,False,False,False,5.87858085632324,1578.7213,1,0.000936012046068,6.265075337530934e-06,5,167,False,167.0,False,False,False,True,0.4867891063045247,0.6220213917361516,1.273635154561258,0.004170020472377454,0.006693298906632579,0.0032634256088112847
ARGRPYGAFLGFDY,H5-51,K3-15,True,272,1,1,1,0.000922446654096,6.265075337530934e-06,3.903231094700193e-06,3.054638315550247e-06,False,False,False,False,False,False,False,False,False,False,False,False,False,1,1,False,0.7428571428571431,False,False,False,8.632579040527343,1589.7505999999998,2,0.000922446654096,6.265075337530934e-06,45,168,False,168.0,False,False,False,True,0.4867891063045247,0.6220213917361516,1.273635154561258,0.004231343638065386,0.006791728705855189,0.0033114166416239555
ARGAPGSGFRGFDY,H5-51,K3-15,True,257,1,1,1,0.000871576434201,6.265075337530934e-06,3.903231094700193e-06,3.054638315550247e-06,False,False,False,False,False,False,False,False,False,False,False,False,False,1,1,False,2.407142857142857,False,False,False,8.79022674560547,1457.5484,2,0.000871576434201,6.265075337530934e-06,29,169,False,169.0,False,False,False,True,0.4867891063045247,0.6220213917361516,1.273635154561258,0.004478306386535673,0.007188128556950577,0.003504687768976685
ARAPGTFASLHYQFDY,H4-34,K3-20,True,255,1,1,1,0.000864793738215,6.265075337530934e-06,3.903231094700193e-06,3.054638315550247e-06,False,False,False,False,False,False,False,False,False,False,False,False,False,0,1,False,1.0437500000000002,False,False,False,6.787184524536133,1843.9899,1,0.000864793738215,6.265075337530934e-06,6,170,False,170.0,False,False,False,True,0.4867891063045247,0.6220213917361516,1.273635154561258,0.004513429952045149,0.007244505383917946,0.0035321751983348033
ARDLHKSRYAFDY,H3-23_A,K4-1,True,221,1,1,1,0.000749487906453,6.265075337530934e-06,3.903231094700193e-06,3.054638315550247e-06,False,False,False,False,False,False,False,False,False,False,False,False,False,1,2,False,1.9,False,False,False,8.545613098144532,1641.784,2,0.000749487906453,6.265075337530934e-06,11,172,False,172.0,False,False,False,True,0.4867891063045247,0.6220213917361516,1.273635154561258,0.005207794526301267,0.00835902980327245,0.0040755795169680024
ARGDYTDYRFDY,H4-34,K4-1,True,208,1,1,1,0.000705400382544,6.265075337530934e-06,3.903231094700193e-06,3.054638315550247e-06,False,False,False,False,False,False,False,False,False,False,False,False,False,-1,-1,False,3.0416666666666665,False,False,False,4.429057693481445,1541.5754,2,0.000705400382544,6.265075337530934e-06,33,173,False,173.0,False,False,False,True,0.4867891063045247,0.6220213917361516,1.273635154561258,0.0055332770700418895,0.00888146175980072,0.004330299625778068
ARVDAYAYPSFQPYFDP,H3-7_A,K4-1,True,206,1,1,1,0.000698617686558,6.265075337530934e-06,3.903231094700193e-06,3.054638315550247e-06,False,False,False,False,True,False,False,False,False,False,False,False,False,-1,-1,False,1.2647058823529411,False,False,False,4.207874679565429,2007.1598,1,0.000698617686558,6.265075337530934e-06,75,174,False,174.0,False,False,False,False,0.4867891063045247,0.6220213917361516,1.273635154561258,0.005586997437691938,0.008967688309631296,0.004372340767941568
ARGDEFEDWLSFDY,H4-34,K4-1,True,200,1,1,1,0.0006782695986,6.265075337530934e-06,3.903231094700193e-06,3.054638315550247e-06,False,False,False,False,False,False,False,False,False,True,False,False,False,-4,-4,False,1.7571428571428571,False,False,False,4.050025558471679,1749.7859999999998,1,0.0006782695986,6.265075337530934e-06,32,175,False,175.0,False,False,False,False,0.4867891063045247,0.6220213917361516,1.273635154561258,0.005754604889718988,0.009236714992552238,0.0045035090571132605
ARVFGRSVHQAGFDY,H3-23_A,K4-1,True,196,1,1,1,0.000664704206628,6.265075337530934e-06,3.903231094700193e-06,3.054638315550247e-06,False,False,False,False,False,False,False,False,False,False,False,False,False,1,2,False,1.3933333333333335,False,False,False,8.796192932128907,1709.8611,2,0.000664704206628,6.265075337530934e-06,77,177,False,177.0,False,False,False,True,0.4867891063045247,0.6220213917361516,1.273635154561258,0.005872044039047585,0.009425216544284142,0.004595416022542966
ARVTEGYSGYAGWPFDY,H4-34,K3-15,True,186,1,1,1,0.000630790726698,6.265075337530934e-06,3.903231094700193e-06,3.054638315550247e-06,False,False,False,False,False,False,False,False,False,False,False,False,False,-1,-1,False,1.6764705882352942,False,False,False,4.370375442504883,1939.0428,1,0.000630790726698,6.265075337530934e-06,83,178,False,178.0,False,False,False,False,0.4867891063045247,0.6220213917361516,1.273635154561258,0.006187740326698911,0.009931940583401357,0.004842477483404478
ARGSVYGAFTGFDY,H5-51,K3-15,True,182,1,1,1,0.000617225334726,6.265075337530934e-06,3.903231094700193e-06,3.054638315550247e-06,False,False,False,False,False,False,False,False,False,False,False,False,False,0,0,False,1.5214285714285718,False,False,False,5.87944984436035,1510.6043,1,0.000617225334726,6.265075337530934e-06,48,179,False,179.0,False,False,False,True,0.4867891063045247,0.6220213917361516,1.273635154561258,0.006323732416312322,0.010150221455341817,0.004948903835692179
ARHAEGWPQFDFDY,H4-34,UNK,True,181,1,1,1,0.000613833986733,6.265075337530934e-06,3.903231094700193e-06,3.054638315550247e-06,False,False,False,False,False,False,False,False,False,True,False,False,False,-2,-1,False,1.5571428571428572,False,False,False,4.536607742309571,1738.8112999999998,1,0.000613833986733,6.265075337530934e-06,54,180,False,180.0,False,False,False,True,0.4867891063045247,0.6220213917361516,1.273635154561258,0.006358669595305422,0.010206299113354377,0.004976245400411333
ARGLPYGSYAGFDY,H5-51,K3-15,True,177,1,1,1,0.000600268594761,6.265075337530934e-06,3.903231094700193e-06,3.054638315550247e-06,False,False,False,False,False,False,False,False,False,False,False,False,False,0,0,False,1.4285714285714288,False,False,False,5.87858085632324,1536.6416,1,0.000600268594761,6.265075337530934e-06,5,181,False,181.0,False,False,False,True,0.4867891063045247,0.6220213917361516,1.273635154561258,0.006502365949354328,0.010436946098378476,0.005088701050162294
ARALGYGDAPGAFDY,H1-69,K3-15,True,169,1,1,1,0.000573137810817,6.265075337530934e-06,3.903231094700193e-06,3.054638315550247e-06,False,False,False,False,False,False,False,False,False,False,False,False,False,-1,-1,False,1.9733333333333332,False,False,False,4.207874679565429,1543.6343000000002,1,0.000573137810817,6.265075337530934e-06,4,182,False,182.0,False,False,False,True,0.4867891063045247,0.6220213917361516,1.273635154561258,0.0068101648842316745,0.010930994098364106,0.005329582104127692
ARVDAYAYPSFQPYFDP,H1-69,K4-1,True,158,1,1,1,0.000535832982894,6.265075337530934e-06,3.903231094700193e-06,3.054638315550247e-06,False,False,False,False,True,False,False,False,False,False,False,False,False,-1,-1,False,1.2647058823529411,False,False,False,4.207874679565429,2007.1598,1,0.000535832982894,6.265075337530934e-06,75,183,False,183.0,False,False,False,False,0.4867891063045247,0.6220213917361516,1.273635154561258,0.007284281439349046,0.011691998472564276,0.005700622034933903
ARALPYGSYSGFDY,H5-51,K3-15,True,151,1,1,1,0.000512093546943,6.265075337530934e-06,3.903231094700193e-06,3.054638315550247e-06,False,False,False,False,False,False,False,False,False,False,False,False,False,0,0,False,1.485714285714286,False,False,False,5.87858085632324,1566.6676,1,0.000512093546943,6.265075337530934e-06,5,184,False,184.0,False,False,False,True,0.4867891063045247,0.6220213917361516,1.273635154561258,0.007621956766362026,0.01223400106273482,0.005964884121160452
ARGYGYNDFYDFDY,H4-34,K3-20,True,150,1,1,1,0.00050870219895,6.265075337530934e-06,3.903231094700193e-06,3.054638315550247e-06,False,False,False,False,False,False,False,False,False,True,False,False,False,-2,-2,False,2.0500000000000003,False,False,False,4.050025558471679,1765.7867,1,0.00050870219895,6.265075337530934e-06,52,185,False,185.0,False,False,False,True,0.4867891063045247,0.6220213917361516,1.273635154561258,0.007672768812614676,0.012315559466555492,0.0060046492336042435
ARVDAYAYPSFQPYFDP,UNK,K4-1,True,150,1,1,1,0.00050870219895,6.265075337530934e-06,3.903231094700193e-06,3.054638315550247e-06,False,False,False,False,True,False,False,False,False,False,False,False,False,-1,-1,False,1.2647058823529411,False,False,False,4.207874679565429,2007.1598,1,0.00050870219895,6.265075337530934e-06,75,186,False,186.0,False,False,False,False,0.4867891063045247,0.6220213917361516,1.273635154561258,0.007672768812614676,0.012315559466555492,0.0060046492336042435
ARGVPYGSYKGFDY,H5-51,K3-15,True,149,1,1,1,0.000505310850957,6.265075337530934e-06,3.903231094700193e-06,3.054638315550247e-06,False,False,False,False,False,False,False,False,False,False,False,False,False,1,1,False,2.0785714285714287,False,False,False,8.47317657470703,1579.7094,1,0.000505310850957,6.265075337530934e-06,38,187,False,187.0,False,False,False,True,0.4867891063045247,0.6220213917361516,1.273635154561258,0.007724262886259438,0.01239821259238728,0.006044948095383817
ARVTEGYSGYAGWPFDY,UNK,K3-20,True,149,1,1,1,0.000505310850957,6.265075337530934e-06,3.903231094700193e-06,3.054638315550247e-06,False,False,False,False,False,False,False,False,False,False,False,False,False,-1,-1,False,1.6764705882352942,False,False,False,4.370375442504883,1939.0428,1,0.000505310850957,6.265075337530934e-06,83,188,False,188.0,False,False,False,False,0.4867891063045247,0.6220213917361516,1.273635154561258,0.007724262886259438,0.01239821259238728,0.006044948095383817
ARWQPLGYSRYAGVFDP,H3-7_A,K4-1,True,148,1,1,1,0.000501919502964,6.265075337530934e-06,3.903231094700193e-06,3.054638315550247e-06,False,False,False,False,True,False,False,False,False,False,False,False,False,1,1,False,0.8705882352941178,False,False,False,8.632579040527343,1983.1881,2,0.000501919502964,6.265075337530934e-06,85,189,False,189.0,False,False,False,False,0.4867891063045247,0.6220213917361516,1.273635154561258,0.007776452811900449,0.012481982630099121,0.006085791525526914
ARFISPGDAAGAFDI,H1-69,K3-20,True,145,1,1,1,0.000491745458985,6.265075337530934e-06,3.903231094700193e-06,3.054638315550247e-06,False,False,False,False,False,False,False,False,False,False,False,False,False,-1,-1,False,1.2133333333333336,False,False,False,4.207874679565429,1507.6453,1,0.000491745458985,6.265075337530934e-06,27,190,False,190.0,False,False,False,True,0.4867891063045247,0.6220213917361516,1.273635154561258,0.007937341667251838,0.012740225295032336,0.006211701893162761
ARGYVYGSYSGFDY,H5-51,K3-15,True,145,1,1,1,0.000491745458985,6.265075337530934e-06,3.903231094700193e-06,3.054638315550247e-06,False,False,False,False,False,False,False,False,False,False,False,False,False,0,0,False,1.85,False,False,False,5.877711868286132,1604.6724,1,0.000491745458985,6.265075337530934e-06,38,191,False,191.0,False,False,False,True,0.4867891063045247,0.6220213917361516,1.273635154561258,0.007937341667251838,0.012740225295032336,0.006211701893162761
ARGIPYGSYSGFDY,H5-51,K3-15,True,143,1,1,1,0.000484962762999,6.265075337530934e-06,3.903231094700193e-06,3.054638315550247e-06,False,False,False,False,False,False,False,False,False,False,False,False,False,0,0,False,1.8285714285714287,False,False,False,5.87858085632324,1552.6409999999998,1,0.000484962762999,6.265075337530934e-06,5,192,False,192.0,False,False,False,False,0.4867891063045247,0.6220213917361516,1.273635154561258,0.008048351149790738,0.012918406590070404,0.006298577051339574
AREGYATRGWAFDY,H1-69,K3-15,True,126,1,1,1,0.000427309847118,6.265075337530934e-06,3.903231094700193e-06,3.054638315550247e-06,False,False,False,False,False,False,False,False,False,False,False,False,False,0,0,False,1.8642857142857143,False,False,False,6.113258743286132,1662.7584,2,0.000427309847118,6.265075337530934e-06,26,195,False,195.0,False,False,False,False,0.4867891063045247,0.6220213917361516,1.273635154561258,0.009134214385371984,0.014661325421191817,0.007148365179272237
ARGKPYGAYRGFDY,H5-51,K3-15,True,123,1,1,1,0.000417135803139,6.265075337530934e-06,3.903231094700193e-06,3.054638315550247e-06,False,False,False,False,False,False,False,False,False,False,False,False,False,2,2,False,2.3285714285714287,False,False,False,9.525611877441406,1620.7647,2,0.000417135803139,6.265075337530934e-06,37,196,False,196.0,False,False,False,False,0.4867891063045247,0.6220213917361516,1.273635154561258,0.00935699476137261,0.015018910151766061,0.007322711369895745
ARGDEFEDWLSFDY,H3-23_A,K3-20,True,121,1,1,1,0.000410353107153,6.265075337530934e-06,3.903231094700193e-06,3.054638315550247e-06,False,False,False,False,False,False,False,False,False,True,False,False,False,-4,-4,False,1.7571428571428571,False,False,False,4.050025558471679,1749.7859999999998,1,0.000410353107153,6.265075337530934e-06,32,197,False,197.0,False,False,False,False,0.4867891063045247,0.6220213917361516,1.273635154561258,0.009511652062925115,0.015267150551121694,0.007443744971965412
ARGVAFPWRYGNWAFDY,H4-34,K3-20,True,120,1,1,1,0.00040696175916,6.265075337530934e-06,3.903231094700193e-06,3.054638315550247e-06,False,False,False,False,False,False,False,False,False,False,False,False,False,1,1,False,-0.0411764705882351,False,False,False,8.632579040527343,2076.273,2,0.00040696175916,6.265075337530934e-06,50,198,False,198.0,False,False,False,False,0.4867891063045247,0.6220213917361516,1.273635154561258,0.009590913882468308,0.015394373679545253,0.007505774655851054
ARGAPYGAFRGFDY,H5-51,K3-15,True,118,1,1,1,0.000400179063174,6.265075337530934e-06,3.903231094700193e-06,3.054638315550247e-06,False,False,False,False,False,False,False,False,False,False,False,False,False,1,1,False,1.5500000000000005,False,False,False,8.632579040527343,1547.6708999999998,2,0.000400179063174,6.265075337530934e-06,29,199,False,199.0,False,False,False,False,0.4867891063045247,0.6220213917361516,1.273635154561258,0.009753467682856414,0.01565528874737617,0.0076329879965312975
ARGRVYGSYSGFDY,H5-51,K3-15,True,117,1,1,1,0.000396787715181,6.265075337530934e-06,3.903231094700193e-06,3.054638315550247e-06,False,False,False,False,False,False,False,False,False,False,False,False,False,1,1,False,2.2857142857142856,False,False,False,8.539295959472657,1597.6849,2,0.000396787715181,6.265075337530934e-06,38,200,False,200.0,False,False,False,False,0.4867891063045247,0.6220213917361516,1.273635154561258,0.00983682855361132,0.015789091261962304,0.007698225566033989
ARGSPYGVYRGFDY,H5-51,K3-15,True,117,1,1,1,0.000396787715181,6.265075337530934e-06,3.903231094700193e-06,3.054638315550247e-06,False,False,False,False,False,False,False,False,False,False,False,False,False,1,1,False,1.9714285714285715,False,False,False,8.539295959472657,1607.7227999999998,2,0.000396787715181,6.265075337530934e-06,37,201,False,201.0,False,False,False,False,0.4867891063045247,0.6220213917361516,1.273635154561258,0.00983682855361132,0.015789091261962304,0.007698225566033989
ARGRVAYWIGYFDY,H1-69,K3-20,True,116,1,1,1,0.000393396367188,6.265075337530934e-06,3.903231094700193e-06,3.054638315550247e-06,False,False,False,False,False,False,False,False,False,False,False,False,False,1,1,False,-0.1857142857142855,False,False,False,8.539295959472657,1736.9244,2,0.000393396367188,6.265075337530934e-06,47,202,False,202.0,False,False,False,False,0.4867891063045247,0.6220213917361516,1.273635154561258,0.00992162664422492,0.015925200657814966,0.007764587892626823
AREGSFTRGWAFDY,H4-34,K3-15,True,114,1,1,1,0.000386613671202,6.265075337530934e-06,3.903231094700193e-06,3.054638315550247e-06,False,False,False,False,False,False,False,False,False,False,False,False,False,0,0,False,1.6571428571428573,False,False,False,6.114178848266601,1662.7584,2,0.000386613671202,6.265075337530934e-06,26,203,False,203.0,False,False,False,False,0.4867891063045247,0.6220213917361516,1.273635154561258,0.010095685767416098,0.016204582916646115,0.007900805209503804
ARGRPYGAYSGFDY,H5-51,K3-15,True,111,1,1,1,0.000376439627223,6.265075337530934e-06,3.903231094700193e-06,3.054638315550247e-06,False,False,False,False,False,False,False,False,False,False,False,False,False,1,1,False,2.385714285714286,False,False,False,8.539295959472657,1579.6697,2,0.000376439627223,6.265075337530934e-06,37,204,False,204.0,False,False,False,False,0.4867891063045247,0.6220213917361516,1.273635154561258,0.010368534891357481,0.01664253298309059,0.008114334813089749
ARAAALTDYPSWFDP,H1-69,K3-15,True,104,1,1,1,0.000352700191272,6.265075337530934e-06,3.903231094700193e-06,3.054638315550247e-06,False,False,False,False,True,False,False,False,False,False,False,False,False,-1,-1,False,1.2133333333333336,False,False,False,4.207874679565429,1680.8135000000002,1,0.000352700191272,6.265075337530934e-06,1,206,False,206.0,False,False,False,False,0.4867891063045247,0.6220213917361516,1.273635154561258,0.011066397261229497,0.017762671713388307,0.008660476479384168
ARSARALWVPFDY,H1-69,K3-15,True,104,1,1,1,0.000352700191272,6.265075337530934e-06,3.903231094700193e-06,3.054638315550247e-06,False,False,False,False,False,False,False,False,False,False,False,False,False,1,1,False,-0.0538461538461536,False,False,False,8.79022674560547,1551.7458,2,0.000352700191272,6.265075337530934e-06,68,207,False,207.0,False,False,False,False,0.4867891063045247,0.6220213917361516,1.273635154561258,0.011066397261229497,0.017762671713388307,0.008660476479384168
ARVTEGYSGYAGWPFDY,H1-69,K3-20,True,102,1,1,1,0.000345917495286,6.265075337530934e-06,3.903231094700193e-06,3.054638315550247e-06,False,False,False,False,False,False,False,False,False,False,False,False,False,-1,-1,False,1.6764705882352942,False,False,False,4.370375442504883,1939.0428,1,0.000345917495286,6.265075337530934e-06,83,209,False,209.0,False,False,False,False,0.4867891063045247,0.6220213917361516,1.273635154561258,0.011283379170173063,0.018110949325815234,0.008830284834759335
ARGIYPYWIGYFDY,H1-69,K3-20,True,101,1,1,1,0.000342526147293,6.265075337530934e-06,3.903231094700193e-06,3.054638315550247e-06,False,False,False,False,False,False,False,False,False,False,False,False,False,0,0,False,-0.9285714285714284,False,False,False,5.877711868286132,1783.9758,1,0.000342526147293,6.265075337530934e-06,36,210,False,210.0,False,False,False,False,0.4867891063045247,0.6220213917361516,1.273635154561258,0.01139509253416525,0.018290260420813012,0.008917710845090337
ARSGWGYTYPLTFDY,H1-69,K3-15,True,99,1,1,1,0.000335743451307,6.265075337530934e-06,3.903231094700193e-06,3.054638315550247e-06,False,False,False,False,False,False,False,False,False,False,False,False,False,0,0,False,0.8400000000000002,False,False,False,5.87858085632324,1796.9301,1,0.000335743451307,6.265075337530934e-06,69,211,False,211.0,False,False,False,False,0.4867891063045247,0.6220213917361516,1.273635154561258,0.011625289567407092,0.01865974962622913,0.009097861254022385
ARVAVLSYSWYTDVFDI,H1-69,K3-15,True,97,1,1,1,0.000328960755321,6.265075337530934e-06,3.903231094700193e-06,3.054638315550247e-06,False,False,False,False,False,False,False,False,False,False,False,False,False,-1,-1,False,-0.276470588235294,False,False,False,4.207874679565429,2005.2284,1,0.000328960755321,6.265075337530934e-06,74,212,False,212.0,False,False,False,False,0.4867891063045247,0.6220213917361516,1.273635154561258,0.011864978973257164,0.019044475036748044,0.00928544031997501
ARDRVYWKSAYGYFDI,H1-69,K3-20,True,92,1,1,1,0.000312004015356,6.265075337530934e-06,3.903231094700193e-06,3.054638315550247e-06,False,False,False,False,False,False,False,False,False,False,False,False,False,1,1,False,0.8687500000000001,False,False,False,8.472615051269532,2010.2101,2,0.000312004015356,6.265075337530934e-06,19,213,False,213.0,False,False,False,False,0.4867891063045247,0.6220213917361516,1.273635154561258,0.012509794120134976,0.020079467681548356,0.009790067641881353
ARGRPWGSYTGFDY,H5-51,K3-15,True,89,1,1,1,0.000301829971377,6.265075337530934e-06,3.903231094700193e-06,3.054638315550247e-06,False,False,False,False,False,False,False,False,False,False,False,False,False,1,1,False,2.028571428571429,False,False,False,8.632579040527343,1632.7324,2,0.000301829971377,6.265075337530934e-06,44,214,False,214.0,False,False,False,False,0.4867891063045247,0.6220213917361516,1.273635154561258,0.012931458603357185,0.02075628124714409,0.010120058988923588
ARGKVYGSYSGFDY,H5-51,K3-15,True,88,1,1,1,0.000298438623384,6.265075337530934e-06,3.903231094700193e-06,3.054638315550247e-06,False,False,False,False,False,False,False,False,False,False,False,False,False,1,1,False,2.392857142857143,False,False,False,8.47317657470703,1569.6715,1,0.000298438623384,6.265075337530934e-06,38,215,False,215.0,False,False,False,False,0.4867891063045247,0.6220213917361516,1.273635154561258,0.013078402072835452,0.020992140176401324,0.010235055805970282
ARQKIYSWGVFDY,H4-34,K3-15,True,86,1,1,1,0.000291655927398,6.265075337530934e-06,3.903231094700193e-06,3.054638315550247e-06,False,False,False,False,False,False,False,False,False,False,False,False,False,1,1,False,0.4230769230769232,False,False,False,8.54006805419922,1632.8151,1,0.000291655927398,6.265075337530934e-06,62,217,False,217.0,False,False,False,False,0.4867891063045247,0.6220213917361516,1.273635154561258,0.013382540530262013,0.02148031274486776,0.010473072198734973
ARQKIYSWGVFDY,H1-69,K3-20,True,84,1,1,1,0.000284873231412,6.265075337530934e-06,3.903231094700193e-06,3.054638315550247e-06,False,False,False,False,False,False,False,False,False,False,False,False,False,1,1,False,0.4230769230769232,False,False,False,8.54006805419922,1632.8151,1,0.000284873231412,6.265075337530934e-06,62,218,False,218.0,False,False,False,False,0.4867891063045247,0.6220213917361516,1.273635154561258,0.013701161262999416,0.02199173081012389,0.010722422307589628
ARVTEGYSGYAGWPFDY,H3-7_A,K3-20,True,84,1,1,1,0.000284873231412,6.265075337530934e-06,3.903231094700193e-06,3.054638315550247e-06,False,False,False,False,False,False,False,False,False,False,False,False,False,-1,-1,False,1.6764705882352942,False,False,False,4.370375442504883,1939.0428,1,0.000284873231412,6.265075337530934e-06,83,219,False,219.0,False,False,False,False,0.4867891063045247,0.6220213917361516,1.273635154561258,0.013701161262999416,0.02199173081012389,0.010722422307589628
ARWQPLGYSRYAGVFDP,H1-69,K4-1,True,84,1,1,1,0.000284873231412,6.265075337530934e-06,3.903231094700193e-06,3.054638315550247e-06,False,False,False,False,True,False,False,False,False,False,False,False,False,1,1,False,0.8705882352941178,False,False,False,8.632579040527343,1983.1881,2,0.000284873231412,6.265075337530934e-06,85,220,False,220.0,False,False,False,False,0.4867891063045247,0.6220213917361516,1.273635154561258,0.013701161262999416,0.02199173081012389,0.010722422307589628
AREGSFTRGWAFDY,H1-69,K3-20,True,82,1,1,1,0.000278090535426,6.265075337530934e-06,3.903231094700193e-06,3.054638315550247e-06,False,False,False,False,False,False,False,False,False,False,False,False,False,0,0,False,1.6571428571428573,False,False,False,6.114178848266601,1662.7584,2,0.000278090535426,6.265075337530934e-06,26,221,False,221.0,False,False,False,False,0.4867891063045247,0.6220213917361516,1.273635154561258,0.014035323911624781,0.022528095201017735,0.010983935399013491
ARVAVLSYSWYTDVFDI,H1-69,UNK,True,80,1,1,1,0.00027130783944,6.265075337530934e-06,3.903231094700193e-06,3.054638315550247e-06,False,False,False,False,False,False,False,False,False,False,False,False,False,-1,-1,False,-0.276470588235294,False,False,False,4.207874679565429,2005.2284,1,0.00027130783944,6.265075337530934e-06,74,222,False,222.0,False,False,False,False,0.4867891063045247,0.6220213917361516,1.273635154561258,0.014386194076867415,0.023091276823013367,0.011258523663077297
ARWQPLGYSRYAGVFDP,UNK,K4-1,True,80,1,1,1,0.00027130783944,6.265075337530934e-06,3.903231094700193e-06,3.054638315550247e-06,False,False,False,False,True,False,False,False,False,False,False,False,False,1,1,False,0.8705882352941178,False,False,False,8.632579040527343,1983.1881,2,0.00027130783944,6.265075337530934e-06,85,223,False,223.0,False,False,False,False,0.4867891063045247,0.6220213917361516,1.273635154561258,0.014386194076867415,0.023091276823013367,0.011258523663077297
ARGSYAYWISYFDY,H1-69,K3-20,True,78,1,1,1,0.000264525143454,6.265075337530934e-06,3.903231094700193e-06,3.054638315550247e-06,False,False,False,False,False,False,False,False,False,False,False,False,False,0,0,False,0.1642857142857144,False,False,False,5.877711868286132,1761.8842,1,0.000264525143454,6.265075337530934e-06,49,224,False,224.0,False,False,False,False,0.4867891063045247,0.6220213917361516,1.273635154561258,0.014755056903730168,0.02368333846206097,0.01154719284427106
ARDVWPYAGNAFDY,H1-69,K1-39,True,76,1,1,1,0.000257742447468,6.265075337530934e-06,3.903231094700193e-06,3.054638315550247e-06,False,False,False,False,False,False,False,False,False,False,False,False,False,-1,-1,False,1.3285714285714287,False,False,False,4.207874679565429,1644.7397,1,0.000257742447468,6.265075337530934e-06,9,225,False,225.0,False,False,False,False,0.4867891063045247,0.6220213917361516,1.273635154561258,0.01514333281038885,0.024306560031049734,0.011851054550818498
ARVDEDRVNVAFAFDI,H1-69,K4-1,True,76,1,1,1,0.000257742447468,6.265075337530934e-06,3.903231094700193e-06,3.054638315550247e-06,False,False,False,False,False,False,False,False,False,True,False,False,False,-2,-2,False,1.375,False,False,False,4.226021194458009,1836.9974,2,0.000257742447468,6.265075337530934e-06,31,226,False,226.0,False,False,False,False,0.4867891063045247,0.6220213917361516,1.273635154561258,0.01514333281038885,0.024306560031049734,0.011851054550818498
ARVAVLSYSWYTDVFDI,H4-34,K3-20,True,75,1,1,1,0.000254351099475,6.265075337530934e-06,3.903231094700193e-06,3.054638315550247e-06,False,False,False,False,False,False,False,False,False,False,False,False,False,-1,-1,False,-0.276470588235294,False,False,False,4.207874679565429,2005.2284,1,0.000254351099475,6.265075337530934e-06,74,227,False,227.0,False,False,False,False,0.4867891063045247,0.6220213917361516,1.273635154561258,0.015345235976556328,0.024630634756894892,0.012009062399301641
ARGPRTANWYFDY,H3-7_A,K4-1,True,74,1,1,1,0.000250959751482,6.265075337530934e-06,3.903231094700193e-06,3.054638315550247e-06,False,False,False,True,False,False,False,False,False,False,False,False,False,1,1,False,1.507692307692308,False,False,False,8.632579040527343,1616.733,2,0.000250959751482,6.265075337530934e-06,41,228,False,228.0,False,False,False,False,0.4867891063045247,0.6220213917361516,1.273635154561258,0.015552595767622378,0.024963467910116957,0.012171340560016976
ARLREPEWSAYFDY,H1-69,K3-15,True,72,1,1,1,0.000244177055496,6.265075337530934e-06,3.903231094700193e-06,3.054638315550247e-06,False,False,False,False,False,False,False,False,False,True,False,False,False,-1,-1,False,1.042857142857143,False,False,False,4.6793262481689455,1802.9381,2,0.000244177055496,6.265075337530934e-06,57,229,False,229.0,False,False,False,False,0.4867891063045247,0.6220213917361516,1.273635154561258,0.015984594624689805,0.02565686917680844,0.012509419507703123
ARVRPGYASSDFYFDY,H1-69,K1-39,True,72,1,1,1,0.000244177055496,6.265075337530934e-06,3.903231094700193e-06,3.054638315550247e-06,False,False,False,True,False,False,False,False,False,False,False,False,False,0,0,False,1.6,False,False,False,6.003152847290039,1914.0366,2,0.000244177055496,6.265075337530934e-06,81,231,False,231.0,False,False,False,False,0.4867891063045247,0.6220213917361516,1.273635154561258,0.015984594624689805,0.02565686917680844,0.012509419507703123
ARVAVLSYSWYTDVFDI,H3-7_A,K3-20,True,71,1,1,1,0.000240785707503,6.265075337530934e-06,3.903231094700193e-06,3.054638315550247e-06,False,False,False,False,False,False,False,False,False,False,False,False,False,-1,-1,False,-0.276470588235294,False,False,False,4.207874679565429,2005.2284,1,0.000240785707503,6.265075337530934e-06,74,232,False,232.0,False,False,False,False,0.4867891063045247,0.6220213917361516,1.273635154561258,0.01620972041061639,0.0260182185243185,0.012685601197904203
ARGPRTANWYFDY,H1-69,K4-1,True,67,1,1,1,0.000227220315531,6.265075337530934e-06,3.903231094700193e-06,3.054638315550247e-06,False,False,False,True,False,False,False,False,False,False,False,False,False,1,1,False,1.507692307692308,False,False,False,8.632579040527343,1616.733,2,0.000227220315531,6.265075337530934e-06,41,233,False,233.0,False,False,False,False,0.4867891063045247,0.6220213917361516,1.273635154561258,0.017177422324037097,0.027571476644260604,0.013442917193562215
ARGYPGYSYSGFDY,H5-51,K3-15,True,64,1,1,1,0.000217046271552,6.265075337530934e-06,3.903231094700193e-06,3.054638315550247e-06,False,False,False,False,False,False,False,False,False,False,False,False,False,0,0,False,2.2642857142857147,False,False,False,5.877711868286132,1602.6565999999998,1,0.000217046271552,6.265075337530934e-06,53,234,False,234.0,False,False,False,False,0.4867891063045247,0.6220213917361516,1.273635154561258,0.017982576899488935,0.028863830069199427,0.014073024905979047
ARGAGPYGYFDY,H1-69,K4-1,True,62,1,1,1,0.000210263575566,6.265075337530934e-06,3.903231094700193e-06,3.054638315550247e-06,False,False,False,False,False,False,False,False,False,False,False,False,False,0,0,False,1.8916666666666668,False,False,False,5.87858085632324,1336.4067,1,0.000210263575566,6.265075337530934e-06,28,235,False,235.0,False,False,False,True,0.4867891063045247,0.6220213917361516,1.273635154561258,0.01856263243821171,0.029794877081759007,0.014526971861908855
ARVDAYAYPSFQPYFDP,H4-34,K4-1,True,62,1,1,1,0.000210263575566,6.265075337530934e-06,3.903231094700193e-06,3.054638315550247e-06,False,False,False,False,True,False,False,False,False,False,False,False,False,-1,-1,False,1.2647058823529411,False,False,False,4.207874679565429,2007.1598,1,0.000210263575566,6.265075337530934e-06,75,236,False,236.0,False,False,False,False,0.4867891063045247,0.6220213917361516,1.273635154561258,0.01856263243821171,0.029794877081759007,0.014526971861908855
ARGDEDRVNVAFAFDI,H4-34,K4-1,True,61,1,1,1,0.000206872227573,6.265075337530934e-06,3.903231094700193e-06,3.054638315550247e-06,False,False,False,False,False,False,False,False,False,True,False,False,False,-2,-2,False,1.9625,False,False,False,4.226021194458009,1794.9177,2,0.000206872227573,6.265075337530934e-06,31,237,False,237.0,False,False,False,False,0.4867891063045247,0.6220213917361516,1.273635154561258,0.018866923178903355,0.03028329408005941,0.01476510743037313
ARVDEDRVNVAFAFDI,H4-34,K3-20,True,61,1,1,1,0.000206872227573,6.265075337530934e-06,3.903231094700193e-06,3.054638315550247e-06,False,False,False,False,False,False,False,False,False,True,False,False,False,-2,-2,False,1.375,False,False,False,4.226021194458009,1836.9974,2,0.000206872227573,6.265075337530934e-06,31,238,False,238.0,False,False,False,False,0.4867891063045247,0.6220213917361516,1.273635154561258,0.018866923178903355,0.03028329408005941,0.01476510743037313
ARVRIGYLGSDFYFDY,H4-34,K3-20,True,60,1,1,1,0.00020348087958,6.265075337530934e-06,3.903231094700193e-06,3.054638315550247e-06,False,False,False,True,False,False,False,False,False,False,False,False,False,0,0,False,0.2125000000000002,False,False,False,6.003152847290039,1942.1327,2,0.00020348087958,6.265075337530934e-06,80,240,False,240.0,False,False,False,False,0.4867891063045247,0.6220213917361516,1.273635154561258,0.019181356445833655,0.030787990844906122,0.015011180461035615
ARGHLPAIGEVPYFDY,H1-69,K4-1,True,58,1,1,1,0.000196698183594,6.265075337530934e-06,3.903231094700193e-06,3.054638315550247e-06,False,False,False,False,False,False,False,False,False,False,False,False,False,-1,0,False,0.6250000000000001,False,False,False,5.322224044799805,1804.9969,1,0.000196698183594,6.265075337530934e-06,34,241,False,241.0,False,False,False,False,0.4867891063045247,0.6220213917361516,1.273635154561258,0.01984274890543623,0.031849591730570136,0.015528781059027682
AREGSFTRGWAFDY,H3-23_A,K3-15,True,56,1,1,1,0.000189915487608,6.265075337530934e-06,3.903231094700193e-06,3.054638315550247e-06,False,False,False,False,False,False,False,False,False,False,False,False,False,0,0,False,1.6571428571428573,False,False,False,6.114178848266601,1662.7584,2,0.000189915487608,6.265075337530934e-06,26,242,False,242.0,False,False,False,False,0.4867891063045247,0.6220213917361516,1.273635154561258,0.02055138119616854,0.032987017258377896,0.016083351181674577
ARSGWGYTYPLTFDY,H1-69,UNK,True,56,1,1,1,0.000189915487608,6.265075337530934e-06,3.903231094700193e-06,3.054638315550247e-06,False,False,False,False,False,False,False,False,False,False,False,False,False,0,0,False,0.8400000000000002,False,False,False,5.87858085632324,1796.9301,1,0.000189915487608,6.265075337530934e-06,69,243,False,243.0,False,False,False,False,0.4867891063045247,0.6220213917361516,1.273635154561258,0.02055138119616854,0.032987017258377896,0.016083351181674577
ARGKVYGSYEGFDY,H5-51,K3-20,True,55,1,1,1,0.000186524139615,6.265075337530934e-06,3.903231094700193e-06,3.054638315550247e-06,False,False,False,False,False,False,False,False,False,False,False,False,False,0,0,False,2.485714285714286,False,False,False,6.111520767211914,1611.7081999999998,1,0.000186524139615,6.265075337530934e-06,38,245,False,245.0,False,False,False,False,0.4867891063045247,0.6220213917361516,1.273635154561258,0.020925022640661522,0.033586749055491034,0.01637576007188236
ARVRPGYASSDFYFDY,UNK,K1-39,True,55,1,1,1,0.000186524139615,6.265075337530934e-06,3.903231094700193e-06,3.054638315550247e-06,False,False,False,True,False,False,False,False,False,False,False,False,False,0,0,False,1.6,False,False,False,6.003152847290039,1914.0366,2,0.000186524139615,6.265075337530934e-06,81,246,False,246.0,False,False,False,False,0.4867891063045247,0.6220213917361516,1.273635154561258,0.020925022640661522,0.033586749055491034,0.01637576007188236
ARWQPLGYSRYAGVFDP,H3-23_A,K3-15,True,54,1,1,1,0.000183132791622,6.265075337530934e-06,3.903231094700193e-06,3.054638315550247e-06,False,False,False,False,True,False,False,False,False,False,False,False,False,1,1,False,0.8705882352941178,False,False,False,8.632579040527343,1983.1881,2,0.000183132791622,6.265075337530934e-06,85,247,False,247.0,False,False,False,False,0.4867891063045247,0.6220213917361516,1.273635154561258,0.02131250190155624,0.034208691928546225,0.016678998329647112
AREGSFTRGWAFDY,H5-51,K3-15,True,51,1,1,1,0.000172958747643,6.265075337530934e-06,3.903231094700193e-06,3.054638315550247e-06,False,False,False,False,False,False,False,False,False,False,False,False,False,0,0,False,1.6571428571428573,False,False,False,6.114178848266601,1662.7584,2,0.000172958747643,6.265075337530934e-06,26,248,False,248.0,False,False,False,False,0.4867891063045247,0.6220213917361516,1.273635154561258,0.02256610600405278,0.036220851586795194,0.017660059156206002
ARVDAYAYPSFQPYFDP,H3-23_A,K3-15,True,50,1,1,1,0.00016956739965,6.265075337530934e-06,3.903231094700193e-06,3.054638315550247e-06,False,False,False,False,True,False,False,False,False,False,False,False,False,-1,-1,False,1.2647058823529411,False,False,False,4.207874679565429,2007.1598,1,0.00016956739965,6.265075337530934e-06,75,249,False,249.0,False,False,False,False,0.4867891063045247,0.6220213917361516,1.273635154561258,0.023017401509613213,0.036945225899570125,0.01801323951101315
ARVRPGYASSDFYFDY,H3-7_A,K1-39,True,49,1,1,1,0.000166176051657,6.265075337530934e-06,3.903231094700193e-06,3.054638315550247e-06,False,False,False,True,False,False,False,False,False,False,False,False,False,0,0,False,1.6,False,False,False,6.003152847290039,1914.0366,2,0.000166176051657,6.265075337530934e-06,81,250,False,250.0,False,False,False,False,0.4867891063045247,0.6220213917361516,1.273635154561258,0.0234871161314806,0.03769916473171736,0.018380834523073413
ARGVPYGFYRGFDY,H5-51,K3-15,True,48,1,1,1,0.000162784703664,6.265075337530934e-06,3.903231094700193e-06,3.054638315550247e-06,False,False,False,False,False,False,False,False,False,False,False,False,False,1,1,False,0.8500000000000002,False,False,False,8.539295959472657,1667.8193,2,0.000162784703664,6.265075337530934e-06,37,251,False,251.0,False,False,False,False,0.4867891063045247,0.6220213917361516,1.273635154561258,0.02397640099370962,0.038484515752193825,0.01876374505312449
ARWQPLGYSRYAGVFDP,H4-34,K4-1,True,48,1,1,1,0.000162784703664,6.265075337530934e-06,3.903231094700193e-06,3.054638315550247e-06,False,False,False,False,True,False,False,False,False,False,False,False,False,1,1,False,0.8705882352941178,False,False,False,8.632579040527343,1983.1881,2,0.000162784703664,6.265075337530934e-06,85,252,False,252.0,False,False,False,False,0.4867891063045247,0.6220213917361516,1.273635154561258,0.02397640099370962,0.038484515752193825,0.01876374505312449
ARVDAYAYPSFQPYFDP,H3-23_A,UNK,True,46,1,1,1,0.000156002007678,6.265075337530934e-06,3.903231094700193e-06,3.054638315550247e-06,False,False,False,False,True,False,False,False,False,False,False,False,False,-1,-1,False,1.2647058823529411,False,False,False,4.207874679565429,2007.1598,1,0.000156002007678,6.265075337530934e-06,75,253,False,253.0,False,False,False,False,0.4867891063045247,0.6220213917361516,1.273635154561258,0.025018786392110547,0.04015764831679942,0.01957950776362579
ARGAPWGLYSGFDY,H5-51,K3-15,True,43,1,1,1,0.000145827963699,6.265075337530934e-06,3.903231094700193e-06,3.054638315550247e-06,False,False,False,False,False,False,False,False,False,False,False,False,False,0,0,False,0.8500000000000002,False,False,False,5.87944984436035,1559.6782999999998,1,0.000145827963699,6.265075337530934e-06,30,255,False,255.0,False,False,False,False,0.4867891063045247,0.6220213917361516,1.273635154561258,0.026764163429737718,0.04295915260077025,0.020945426266749174
ARGPRTANWYFDY,UNK,K4-1,True,42,1,1,1,0.000142436615706,6.265075337530934e-06,3.903231094700193e-06,3.054638315550247e-06,False,False,False,True,False,False,False,False,False,False,False,False,False,1,1,False,1.507692307692308,False,False,False,8.632579040527343,1616.733,2,0.000142436615706,6.265075337530934e-06,41,256,False,256.0,False,False,False,False,0.4867891063045247,0.6220213917361516,1.273635154561258,0.027401360680665048,0.04398191776252247,0.0214440918824973
ARSGWGYTYPLTFDY,H3-7_A,K3-20,True,42,1,1,1,0.000142436615706,6.265075337530934e-06,3.903231094700193e-06,3.054638315550247e-06,False,False,False,False,False,False,False,False,False,False,False,False,False,0,0,False,0.8400000000000002,False,False,False,5.87858085632324,1796.9301,1,0.000142436615706,6.265075337530934e-06,69,257,False,257.0,False,False,False,False,0.4867891063045247,0.6220213917361516,1.273635154561258,0.027401360680665048,0.04398191776252247,0.0214440918824973
ARVAVLSYSWYTDVFDI,UNK,K3-20,True,42,1,1,1,0.000142436615706,6.265075337530934e-06,3.903231094700193e-06,3.054638315550247e-06,False,False,False,False,False,False,False,False,False,False,False,False,False,-1,-1,False,-0.276470588235294,False,False,False,4.207874679565429,2005.2284,1,0.000142436615706,6.265075337530934e-06,74,258,False,258.0,False,False,False,False,0.4867891063045247,0.6220213917361516,1.273635154561258,0.027401360680665048,0.04398191776252247,0.0214440918824973
ARVRPGYASSDFYFDY,H4-34,K3-20,True,42,1,1,1,0.000142436615706,6.265075337530934e-06,3.903231094700193e-06,3.054638315550247e-06,False,False,False,True,False,False,False,False,False,False,False,False,False,0,0,False,1.6,False,False,False,6.003152847290039,1914.0366,2,0.000142436615706,6.265075337530934e-06,81,259,False,259.0,False,False,False,False,0.4867891063045247,0.6220213917361516,1.273635154561258,0.027401360680665048,0.04398191776252247,0.0214440918824973
ARDIWPNAGNAFDY,H1-69,K3-15,True,41,1,1,1,0.000139045267713,6.265075337530934e-06,3.903231094700193e-06,3.054638315550247e-06,False,False,False,False,False,False,False,False,False,False,False,False,False,-1,-1,False,1.6571428571428573,False,False,False,4.207874679565429,1609.6956999999998,1,0.000139045267713,6.265075337530934e-06,9,260,False,260.0,False,False,False,False,0.4867891063045247,0.6220213917361516,1.273635154561258,0.02806963848903717,0.04505457031992197,0.02196708090091775
ARWQPLGYSRYAGVFDP,H3-23_A,UNK,True,41,1,1,1,0.000139045267713,6.265075337530934e-06,3.903231094700193e-06,3.054638315550247e-06,False,False,False,False,True,False,False,False,False,False,False,False,False,1,1,False,0.8705882352941178,False,False,False,8.632579040527343,1983.1881,2,0.000139045267713,6.265075337530934e-06,85,262,False,262.0,False,False,False,False,0.4867891063045247,0.6220213917361516,1.273635154561258,0.02806963848903717,0.04505457031992197,0.02196708090091775
ARQKIYSWGVFDY,H3-23_A,K3-15,True,40,1,1,1,0.00013565391972,6.265075337530934e-06,3.903231094700193e-06,3.054638315550247e-06,False,False,False,False,False,False,False,False,False,False,False,False,False,1,1,False,0.4230769230769232,False,False,False,8.54006805419922,1632.8151,1,0.00013565391972,6.265075337530934e-06,62,264,False,264.0,False,False,False,False,0.4867891063045247,0.6220213917361516,1.273635154561258,0.028771327724837703,0.046180851551846445,0.02251621744274224
ARVDEDRVNVAFAFDI,H3-7_A,K4-1,True,40,1,1,1,0.00013565391972,6.265075337530934e-06,3.903231094700193e-06,3.054638315550247e-06,False,False,False,False,False,False,False,False,False,True,False,False,False,-2,-2,False,1.375,False,False,False,4.226021194458009,1836.9974,2,0.00013565391972,6.265075337530934e-06,31,265,False,265.0,False,False,False,False,0.4867891063045247,0.6220213917361516,1.273635154561258,0.028771327724837703,0.046180851551846445,0.02251621744274224
ARHAEGWPQFDFDY,H4-34,K3-20,True,38,1,1,1,0.000128871223734,6.265075337530934e-06,3.903231094700193e-06,3.054638315550247e-06,False,False,False,False,False,False,False,False,False,True,False,False,False,-2,-1,False,1.5571428571428572,False,False,False,4.536607742309571,1738.8112999999998,1,0.000128871223734,6.265075337530934e-06,54,266,False,266.0,False,False,False,False,0.4867891063045247,0.6220213917361516,1.273635154561258,0.030285490637147687,0.04861123409614362,0.0237011895685811
ARLGIGWEPGAFDY,H1-69,K3-15,True,38,1,1,1,0.000128871223734,6.265075337530934e-06,3.903231094700193e-06,3.054638315550247e-06,False,False,False,False,False,False,False,False,False,False,False,False,False,-1,-1,False,0.5071428571428573,False,False,False,4.370375442504883,1551.6994,1,0.000128871223734,6.265075337530934e-06,56,267,False,267.0,False,False,False,False,0.4867891063045247,0.6220213917361516,1.273635154561258,0.030285490637147687,0.04861123409614362,0.0237011895685811
ARVDEDRVNVAFAFDI,UNK,K4-1,True,38,1,1,1,0.000128871223734,6.265075337530934e-06,3.903231094700193e-06,3.054638315550247e-06,False,False,False,False,False,False,False,False,False,True,False,False,False,-2,-2,False,1.375,False,False,False,4.226021194458009,1836.9974,2,0.000128871223734,6.265075337530934e-06,31,268,False,268.0,False,False,False,False,0.4867891063045247,0.6220213917361516,1.273635154561258,0.030285490637147687,0.04861123409614362,0.0237011895685811
ARDLWPFSGHSFDY,H1-69,K3-15,True,37,1,1,1,0.000125479875741,6.265075337530934e-06,3.903231094700193e-06,3.054638315550247e-06,False,False,False,False,False,False,False,False,False,False,False,False,False,-1,0,False,0.6928571428571431,False,False,False,5.212373733520507,1697.8023999999998,1,0.000125479875741,6.265075337530934e-06,14,269,False,269.0,False,False,False,False,0.4867891063045247,0.6220213917361516,1.273635154561258,0.031103952184605845,0.04992494653880681,0.024341711213857208
ARGPRTANWYFDY,H3-23_A,K3-15,True,37,1,1,1,0.000125479875741,6.265075337530934e-06,3.903231094700193e-06,3.054638315550247e-06,False,False,False,True,False,False,False,False,False,False,False,False,False,1,1,False,1.507692307692308,False,False,False,8.632579040527343,1616.733,2,0.000125479875741,6.265075337530934e-06,41,270,False,270.0,False,False,False,False,0.4867891063045247,0.6220213917361516,1.273635154561258,0.031103952184605845,0.04992494653880681,0.024341711213857208
ARGRIGGTFAGFDY,H5-51,K3-20,True,37,1,1,1,0.000125479875741,6.265075337530934e-06,3.903231094700193e-06,3.054638315550247e-06,False,False,False,False,False,False,False,False,False,False,False,False,False,1,1,False,1.5928571428571432,False,False,False,8.79022674560547,1487.6174,2,0.000125479875741,6.265075337530934e-06,42,271,False,271.0,False,False,False,False,0.4867891063045247,0.6220213917361516,1.273635154561258,0.031103952184605845,0.04992494653880681,0.024341711213857208
ARGYPGSGRGFDY,H5-51,K3-20,True,37,1,1,1,0.000125479875741,6.265075337530934e-06,3.903231094700193e-06,3.054638315550247e-06,False,False,False,False,False,False,False,False,False,False,False,False,False,1,1,False,2.992307692307693,False,False,False,8.632579040527343,1402.4698999999998,2,0.000125479875741,6.265075337530934e-06,29,272,False,272.0,False,False,False,False,0.4867891063045247,0.6220213917361516,1.273635154561258,0.031103952184605845,0.04992494653880681,0.024341711213857208
ARVTEGYSGYAGWPFDY,H5-51,K3-20,True,37,1,1,1,0.000125479875741,6.265075337530934e-06,3.903231094700193e-06,3.054638315550247e-06,False,False,False,False,False,False,False,False,False,False,False,False,False,-1,-1,False,1.6764705882352942,False,False,False,4.370375442504883,1939.0428,1,0.000125479875741,6.265075337530934e-06,83,275,False,275.0,False,False,False,False,0.4867891063045247,0.6220213917361516,1.273635154561258,0.031103952184605845,0.04992494653880681,0.024341711213857208
ARDPVDPNYWGDFDP,H1-69,K1-39,True,35,1,1,1,0.000118697179755,6.265075337530934e-06,3.903231094700193e-06,3.054638315550247e-06,False,False,False,False,True,False,False,False,False,True,False,False,False,-3,-3,False,2.7,False,False,False,4.050025558471679,1763.8159,1,0.000118697179755,6.265075337530934e-06,17,276,False,276.0,False,False,False,False,0.4867891063045247,0.6220213917361516,1.273635154561258,0.032881171153725325,0.052777560299734495,0.02573254896506447
ARDPLYGTSPPEFDI,H3-23_A,UNK,True,33,1,1,1,0.000111914483769,6.265075337530934e-06,3.903231094700193e-06,3.054638315550247e-06,False,False,False,False,True,False,False,False,False,True,False,False,False,-2,-2,False,1.966666666666667,False,False,False,4.050025558471679,1677.808,1,0.000111914483769,6.265075337530934e-06,16,277,False,277.0,False,False,False,False,0.4867891063045247,0.6220213917361516,1.273635154561258,0.034873791357001374,0.055975914532349964,0.027291958047844917
ARQLPGFIGASFSGFDY,H4-34,K3-20,True,33,1,1,1,0.000111914483769,6.265075337530934e-06,3.903231094700193e-06,3.054638315550247e-06,False,False,False,False,False,False,False,False,False,False,False,False,False,0,0,False,0.5823529411764709,False,False,False,5.880318832397459,1833.0069,1,0.000111914483769,6.265075337530934e-06,66,278,False,278.0,False,False,False,False,0.4867891063045247,0.6220213917361516,1.273635154561258,0.034873791357001374,0.055975914532349964,0.027291958047844917
ARSGWGYTYPLTFDY,H4-34,K3-20,True,33,1,1,1,0.000111914483769,6.265075337530934e-06,3.903231094700193e-06,3.054638315550247e-06,False,False,False,False,False,False,False,False,False,False,False,False,False,0,0,False,0.8400000000000002,False,False,False,5.87858085632324,1796.9301,1,0.000111914483769,6.265075337530934e-06,69,279,False,279.0,False,False,False,False,0.4867891063045247,0.6220213917361516,1.273635154561258,0.034873791357001374,0.055975914532349964,0.027291958047844917
ARSSVWGWGYAFDY,UNK,K3-15,True,33,1,1,1,0.000111914483769,6.265075337530934e-06,3.903231094700193e-06,3.054638315550247e-06,False,False,False,False,False,False,False,False,False,False,False,False,False,0,0,False,0.4357142857142858,False,False,False,5.87944984436035,1664.7723999999998,1,0.000111914483769,6.265075337530934e-06,72,280,False,280.0,False,False,False,False,0.4867891063045247,0.6220213917361516,1.273635154561258,0.034873791357001374,0.055975914532349964,0.027291958047844917
ARDIWPNAGNAFDY,H3-7_A,K1-39,True,32,1,1,1,0.000108523135776,6.265075337530934e-06,3.903231094700193e-06,3.054638315550247e-06,False,False,False,False,False,False,False,False,False,False,False,False,False,-1,-1,False,1.6571428571428573,False,False,False,4.207874679565429,1609.6956999999998,1,0.000108523135776,6.265075337530934e-06,9,281,False,281.0,False,False,False,False,0.4867891063045247,0.6220213917361516,1.273635154561258,0.035963496924626005,0.057725000689755564,0.02814475315496893
ARDLWPFSGHSFDY,H4-34,K1-39,True,32,1,1,1,0.000108523135776,6.265075337530934e-06,3.903231094700193e-06,3.054638315550247e-06,False,False,False,False,False,False,False,False,False,False,False,False,False,-1,0,False,0.6928571428571431,False,False,False,5.212373733520507,1697.8023999999998,1,0.000108523135776,6.265075337530934e-06,14,282,False,282.0,False,False,False,False,0.4867891063045247,0.6220213917361516,1.273635154561258,0.035963496924626005,0.057725000689755564,0.02814475315496893
ARGLPYGSNQGFDY,UNK,K3-15,True,32,1,1,1,0.000108523135776,6.265075337530934e-06,3.903231094700193e-06,3.054638315550247e-06,False,False,False,False,False,False,False,False,False,False,False,False,False,0,0,False,2.342857142857143,False,False,False,5.87944984436035,1544.6222999999998,1,0.000108523135776,6.265075337530934e-06,40,283,False,283.0,False,False,False,False,0.4867891063045247,0.6220213917361516,1.273635154561258,0.035963496924626005,0.057725000689755564,0.02814475315496893
ARGIPYGAHAGFDY,UNK,K3-15,True,31,1,1,1,0.000105131787783,6.265075337530934e-06,3.903231094700193e-06,3.054638315550247e-06,False,False,False,False,False,False,False,False,False,False,False,False,False,0,1,False,1.4857142857142858,False,False,False,6.787184524536133,1494.6083,1,0.000105131787783,6.265075337530934e-06,35,285,False,285.0,False,False,False,False,0.4867891063045247,0.6220213917361516,1.273635154561258,0.03712349939070841,0.059586920382800564,0.02905256206841996
ARGYGFSDAPYPFDP,H1-69,K3-15,True,31,1,1,1,0.000105131787783,6.265075337530934e-06,3.903231094700193e-06,3.054638315550247e-06,False,False,False,False,True,False,False,False,False,False,False,False,False,-1,-1,False,2.026666666666667,False,False,False,4.207874679565429,1659.7511,1,0.000105131787783,6.265075337530934e-06,51,286,False,286.0,False,False,False,False,0.4867891063045247,0.6220213917361516,1.273635154561258,0.03712349939070841,0.059586920382800564,0.02905256206841996
ARVDAYAYPSFQPYFDP,H5-51,K4-1,True,30,1,1,1,0.00010174043979,6.265075337530934e-06,3.903231094700193e-06,3.054638315550247e-06,False,False,False,False,True,False,False,False,False,False,False,False,False,-1,-1,False,1.2647058823529411,False,False,False,4.207874679565429,2007.1598,1,0.00010174043979,6.265075337530934e-06,75,287,False,287.0,False,False,False,False,0.4867891063045247,0.6220213917361516,1.273635154561258,0.03836082775421872,0.0615729558561246,0.030020885628156822
ARVDEDRVNVAFAFDI,H5-51,K4-1,True,30,1,1,1,0.00010174043979,6.265075337530934e-06,3.903231094700193e-06,3.054638315550247e-06,False,False,False,False,False,False,False,False,False,True,False,False,False,-2,-2,False,1.375,False,False,False,4.226021194458009,1836.9974,2,0.00010174043979,6.265075337530934e-06,31,288,False,288.0,False,False,False,False,0.4867891063045247,0.6220213917361516,1.273635154561258,0.03836082775421872,0.0615729558561246,0.030020885628156822
ARSRDYPRVWSFDEFDY,H3-7_A,UNK,True,57334,61165,15472,57024,0.1944395458306767,0.3832033330200796,0.0603907914972013,0.1741876953059373,False,False,False,False,False,False,False,False,False,True,False,False,False,-1,-1,False,1.8647058823529412,True,False,False,4.68464241027832,2209.3312,3,0.3832033330200796,0.3832033330200796,70,3,True,1000000.0,False,False,False,True,0.45455682597427133,0.15759463636525964,0.34669950666801075,0.310589022070135,1.9708095473833707,0.8958449558361712
ARSRDYPRVWSFDEFDY,UNK,UNK,True,2413,2450,691,2220,0.0081833227071096,0.0153494345769507,0.0026971326864378,0.0067812970605215,False,False,False,False,False,False,False,False,False,True,False,False,False,-1,-1,False,1.8647058823529412,True,False,False,4.68464241027832,2209.3312,3,0.0153494345769507,0.0153494345769507,70,8,True,1000000.0,False,False,False,False,0.44179429597762443,0.17571532786846994,0.3977305056925683,0.3295885408758411,1.875694796524069,0.828671801970116
ARSRDYPRVWSFDEFDY,H3-7_A,K3-15,True,917,858,509,1144,0.0031098661095812,0.0053754346396015,0.0019867446272023,0.0034945062329894,False,False,False,False,False,False,False,False,False,True,False,False,False,-1,-1,False,1.8647058823529412,True,False,False,4.68464241027832,2209.3312,3,0.0053754346396015,0.0053754346396015,70,12,True,1000000.0,False,False,False,False,0.6500869169491548,0.3695963330299657,0.5685320927820473,0.6388500882981638,1.7285044323921308,1.1236802077816526
ARSRDYPRVWSFDEFDY,H1-69,UNK,True,814,1378,242,774,0.0027605572663022,0.0086332738151176,0.0009445819249174,0.0023642900562358,False,False,False,False,False,False,False,False,False,True,False,False,False,-1,-1,False,1.8647058823529412,True,False,False,4.68464241027832,2209.3312,3,0.0086332738151176,0.0086332738151176,70,16,True,1000000.0,False,False,False,False,0.27385756183478305,0.10941166132675474,0.39951863234367474,0.3421695013368301,3.127354989861172,0.8564508045488722
ARSRDYPRVWSFDEFDY,H5-51,UNK,True,150,264,119,299,0.00050870219895,0.0016539798891081,0.0004644845002693,0.0009133368563495,False,False,False,False,False,False,False,False,False,True,False,False,False,-1,-1,False,1.8647058823529412,True,False,False,4.68464241027832,2209.3312,3,0.0016539798891081,0.0016539798891081,70,26,True,1000000.0,False,False,False,False,0.5522022004874584,0.28082668662489185,0.5085521420917455,0.9130594887011013,3.251307699170519,1.7953901208476217
ARVKLYAWGLFDY,H1-69,K3-15,True,77,207,45,108,0.000261133795461,0.0012968705948689,0.0001756453992615,0.0003299009380794,False,False,False,False,False,False,False,False,False,False,False,False,False,1,1,True,-1.1769230769230767,False,False,False,8.54006805419922,1601.8441,1,0.0012968705948689,0.0012968705948689,78,37,True,1000000.0,False,False,False,True,0.25438034880362237,0.13543683200785017,0.5324024728735343,0.6726003156668197,4.966116819201161,1.2632922696747295
ARQKLYIWGLFDY,H1-69,K3-15,True,72,119,58,84,0.000244177055496,0.0007455439651661,0.0002263874034926,0.0002565896185062,False,False,False,False,False,False,False,False,False,False,False,False,False,1,1,True,-1.2076923076923074,False,False,False,8.54006805419922,1672.9219999999998,1,0.0007455439651661,0.0007455439651661,65,42,True,1000000.0,False,False,False,True,0.3441596859444441,0.30364992216514297,0.882259314376689,0.927106488231963,3.053167432039872,1.0507912386469773
ARSRDYPRVWSFDEFDY,UNK,K3-15,True,38,47,21,47,0.000128871223734,0.0002944585408639,8.196785298870405e-05,0.0001435680008308,False,False,False,False,False,False,False,False,False,True,False,False,False,-1,-1,False,1.8647058823529412,True,False,False,4.68464241027832,2209.3312,3,0.0002944585408639,0.0002944585408639,70,55,True,1000000.0,False,False,False,False,0.48754953724294614,0.2783586075043197,0.5708942352895647,0.6359953033801015,2.2847280025183316,1.1139559097228335
ARSRDYPRVWSFDEFDY,H3-23_A,UNK,True,391,29,12,45,0.0013260170652631,0.0001816871847883,4.683877313640231e-05,0.0001374587241997,False,False,False,False,False,False,False,False,False,True,False,False,False,-1,-1,False,1.8647058823529412,True,False,False,4.68464241027832,2209.3312,3,0.0013260170652631,0.0001816871847883,70,57,True,1000000.0,False,False,False,False,0.7565264390852101,0.25778480382607666,0.3407231238165847,0.03532263734534629,0.13701619638679927,0.10366208036064974
ARSRDYPRVWSFDEFDY,H3-7_A,K3-20,True,3606,99,18,42,0.0122292008627589,0.0006202424584155,7.025815970460347e-05,0.0001282948092531,False,False,False,False,False,False,False,False,False,True,False,False,False,-1,-1,False,1.8647058823529412,True,False,False,4.68464241027832,2209.3312,3,0.0122292008627589,0.0006202424584155,70,59,True,1000000.0,False,False,False,False,0.20684288713799306,0.11327348848255323,0.5475878894454297,0.005745109843396165,0.05071810972728406,0.010490849384549479
ARSRDYPRVWSFDEFDP,H3-7_A,K3-15,True,8,8,27,40,2.7130783944002063e-05,5.012060270024747e-05,0.0001053872395569,0.000122185532622,False,False,False,False,True,False,False,False,False,True,False,False,False,-1,-1,False,2.1,True,False,False,4.68464241027832,2143.2732,3,0.000122185532622,0.000122185532622,70,60,True,1000000.0,False,False,False,False,2.437344177818888,2.1022535912256197,0.8624475649441719,3.8829843594178826,1.8466895725509727,4.501916115396593
ARQKLYIWCVFDY,H1-69,K3-15,True,9,10,32,30,3.052213193700232e-05,6.265075337530934e-05,0.0001249033950304,9.163914946650742e-05,False,False,False,False,False,False,False,False,False,False,True,False,False,1,1,True,-1.1153846153846152,False,False,False,8.21803436279297,1704.987,1,0.0001249033950304,9.163914946650742e-05,64,69,True,1000000.0,False,False,False,False,1.4624648528821653,1.9933273748287965,1.362842926066053,4.090883508826575,2.051961307666891,3.001400283988968
ARQALYIWGVFDY,H1-69,K3-15,True,24,43,21,30,8.139235183200618e-05,0.0002693982395138,8.196785298870405e-05,9.163914946650742e-05,False,False,False,False,False,False,False,False,False,False,False,False,False,0,0,True,-1.061538461538461,False,False,False,5.87944984436035,1601.801,1,0.0002693982395138,0.0002693982395138,60,70,True,1000000.0,False,False,False,True,0.3401497653965158,0.304251470321142,0.8943656702308915,1.0069469879428659,3.3094650639795975,1.125755551333792
ARSRDDPRVWSFDEFDY,H3-7_A,UNK,True,30,33,7,29,0.00010174043979,0.0002067474861385,2.732261766290135e-05,8.858451115095718e-05,False,True,False,False,True,False,False,False,False,True,False,False,False,-2,-2,False,2.5647058823529414,True,False,False,4.3600498199462905,2161.2454,3,0.0002067474861385,0.0002067474861385,70,73,True,1000000.0,False,False,False,False,0.42844645098662765,0.13214814212143608,0.3084007949019103,0.26852579427953105,2.0319075432519074,0.870605683216548
ARSRDYPRVWSFDEFDY,H3-7_A,K1-39,True,71,12,9,25,0.000240785707503,7.518090405037121e-05,3.5129079852301734e-05,7.636595788875618e-05,False,False,False,False,False,False,False,False,False,True,False,False,False,-1,-1,False,1.8647058823529412,True,False,False,4.68464241027832,2209.3312,3,0.000240785707503,7.636595788875618e-05,70,75,True,1000000.0,False,False,False,False,1.0156276062008485,0.4671985301409381,0.45994945036850826,0.1458874836955475,0.312218622291822,0.3171400299476051
ARSRDYPRVWSFDEFDY,H1-69,K3-15,True,31,43,12,21,0.000105131787783,0.0002693982395138,4.683877313640231e-05,6.41474046265552e-05,False,False,False,False,False,False,False,False,False,True,False,False,False,-1,-1,False,1.8647058823529412,True,False,False,4.68464241027832,2209.3312,3,0.0002693982395138,0.0002693982395138,70,79,True,1000000.0,False,False,False,False,0.23810483577756109,0.1738579830406526,0.7300602854657157,0.44548199268850086,2.562237576460138,0.6101038034368192
ARSREYPRVWSFDEFDY,H3-7_A,UNK,True,16,18,4,20,5.4261567888004126e-05,0.0001127713560755,1.561292437880077e-05,6.109276631100494e-05,False,False,False,False,False,False,False,False,False,True,False,False,False,-1,-1,False,1.7352941176470589,True,False,False,4.783093643188476,2223.3578,3,0.0001127713560755,0.0001127713560755,70,83,True,1000000.0,False,False,False,False,0.5416920707187383,0.13843533117609355,0.2555191085675739,0.28768146907087533,2.077908570989089,1.1256864079747462
ARSRDYPRVWLFDEFDY,H3-7_A,UNK,True,12,17,6,19,4.069617591600309e-05,0.000106506280738,2.341938656820116e-05,5.80381279954547e-05,False,False,False,False,False,False,False,False,False,True,False,False,False,-1,-1,False,0.9411764705882356,True,False,False,4.68464241027832,2235.4115,3,0.000106506280738,0.000106506280738,70,85,True,1000000.0,False,False,False,False,0.5448756527484481,0.21986673216469363,0.4034477489099209,0.5753276017999553,2.6164649059094858,1.4257818792709973
DRSRDYPRVWSFDEFDY,H3-7_A,UNK,True,27,18,8,18,9.156639581100696e-05,0.0001127713560755,3.122584875760154e-05,5.498348967990445e-05,False,False,False,False,False,False,False,False,False,True,False,False,False,-2,-2,False,2.3294117647058825,True,False,False,4.359998703002931,2253.3407,3,0.0001127713560755,0.0001127713560755,70,89,True,1000000.0,False,False,False,False,0.4875228636468645,0.2768706623521871,0.5678099160346973,0.3409814120883798,1.2314456697797396,0.6004111560950486
ARSRDYPRVWSFDEFDY,H4-34,UNK,True,486,44,1,17,0.0016481951245981,0.0002756633148513,3.903231094700193e-06,5.192885136435421e-05,False,False,False,False,False,False,False,False,False,True,False,False,False,-1,-1,False,1.8647058823529412,True,False,False,4.68464241027832,2209.3312,3,0.0016481951245981,0.0002756633148513,70,91,True,1000000.0,False,False,False,False,0.18837097595886262,0.01415890071480303,0.07515050857245165,0.0023681707066964502,0.16725061143012648,0.03150630379032258
ARSRDYPRVLSFDEFDY,H3-7_A,UNK,True,15,20,5,13,5.087021989500386e-05,0.0001253015067506,1.9516155473500963e-05,3.9710298102153216e-05,False,False,False,False,False,False,False,False,False,True,False,False,False,-1,-1,False,1.911764705882353,True,False,False,4.68464241027832,2136.2789,3,0.0001253015067506,0.0001253015067506,70,94,True,1000000.0,False,False,False,False,0.31689267116695236,0.15574112848505445,0.4913396023189212,0.38357058035076097,2.4626762032312657,0.7804663223566873
ARSRDYPRVWTFDEFDY,H3-7_A,UNK,True,8,16,5,13,2.7130783944002063e-05,0.0001002412054004,1.9516155473500963e-05,3.9710298102153216e-05,False,False,False,False,False,False,False,False,False,True,False,False,False,-1,-1,False,1.7882352941176471,True,False,False,4.68464241027832,2223.3578,3,0.0001002412054004,0.0001002412054004,70,95,True,1000000.0,False,False,False,False,0.3961079364936472,0.19467252683450623,0.4913396023189212,0.7190711776700137,3.693379145098447,1.4631227375040112
ARSRYYPRVWSFDEFDY,H3-7_A,UNK,True,12,16,4,11,4.069617591600309e-05,0.0001002412054004,1.561292437880077e-05,3.360102147105272e-05,False,False,False,False,False,False,False,False,False,True,False,False,False,0,0,False,1.1647058823529413,True,False,False,6.164375686645509,2257.417,3,0.0001002412054004,0.0001002412054004,70,98,True,1000000.0,False,False,False,False,0.33516825395616295,0.155738021467605,0.46451799723633225,0.3835517345333035,2.4625552055601347,0.8254526669463669
DRSRDYPRVWSFDEFDY,UNK,UNK,True,14,16,5,6,4.747887190200361e-05,0.0001002412054004,1.9516155473500963e-05,1.8327829893301485e-05,False,False,False,False,False,False,False,False,False,True,False,False,False,-2,-2,False,2.3294117647058825,True,False,False,4.359998703002931,2253.3407,3,0.0001002412054004,0.0001002412054004,70,104,True,1000000.0,False,False,False,False,0.18281904761245255,0.19467252683450623,1.0642565443706018,0.41096270961697773,2.110835683931475,0.3859394666422517
ARSRDYPRVWSFDEFDY,UNK,K3-20,True,152,5,1,5,0.000515484894936,3.132537668765467e-05,3.903231094700193e-06,1.5273191577751236e-05,False,False,False,False,False,False,False,False,False,True,False,False,False,-1,-1,False,1.8647058823529412,True,False,False,4.68464241027832,2209.3312,3,0.000515484894936,3.132537668765467e-05,70,108,True,1000000.0,False,False,False,False,0.4874104986830581,0.12456308196345904,0.25539371634799024,0.007571813286695669,0.06076757887494462,0.029628211118652187
ARSRDYPRVWSFDEFDY,H3-7_A,K4-1,True,126,5,1,4,0.000427309847118,3.132537668765467e-05,3.903231094700193e-06,1.2218553262200988e-05,False,False,False,False,False,False,False,False,False,True,False,False,False,-1,-1,False,1.8647058823529412,True,False,False,4.68464241027832,2209.3312,3,0.000427309847118,3.132537668765467e-05,70,109,True,1000000.0,False,False,False,False,0.38992839894644643,0.12456308196345904,0.31918993285700087,0.009134214385371984,0.07330662710595909,0.02859346071708895
ARSRDYPRVWSFDEFDY,H1-69,K3-20,True,60,2,1,1,0.00020348087958,1.2530150675061868e-05,3.903231094700193e-06,3.054638315550247e-06,False,False,False,False,False,False,False,False,False,True,False,False,False,-1,-1,False,1.8647058823529412,True,False,False,4.68464241027832,2209.3312,3,0.00020348087958,1.2530150675061868e-05,70,141,True,1000000.0,False,False,False,False,0.24358864536013056,0.3112587077970605,1.273635154561258,0.019181356445833655,0.061575981689812244,0.015011180461035615
ARTLRGLYRYDPFDY,H3-23_A,K3-20,True,4831,1,1,1,0.0163836021541842,6.265075337530934e-06,3.903231094700193e-06,3.054638315550247e-06,False,False,False,False,True,False,False,False,False,False,False,False,False,1,1,False,0.9600000000000004,True,False,False,8.538594055175782,1906.1041,3,0.0163836021541842,6.265075337530934e-06,73,144,True,1000000.0,False,False,False,True,0.4867891063045247,0.6220213917361516,1.273635154561258,0.0002382399594159917,0.00038239890437902603,0.00018644474043961817
ARNLTGDYGDFYFDY,H4-34,K3-20,True,1071,1,1,1,0.0036321337005032,6.265075337530934e-06,3.903231094700193e-06,3.054638315550247e-06,True,False,False,True,False,False,False,False,False,False,False,False,False,-2,-2,False,1.7733333333333334,False,False,False,4.050025558471679,1816.875,1,0.0036321337005032,6.265075337530934e-06,58,149,True,1000000.0,False,False,False,True,0.4867891063045247,0.6220213917361516,1.273635154561258,0.001074635646755781,0.0017248974308651294,0.000841001504188024
ARVDRAREGVAFAFDI,H4-34,K3-20,True,798,1,1,1,0.0027062956984142,6.265075337530934e-06,3.903231094700193e-06,3.054638315550247e-06,False,False,False,False,False,False,False,False,False,False,False,False,False,0,0,False,1.2937500000000002,True,False,False,6.167033767700195,1792.9913,3,0.0027062956984142,6.265075337530934e-06,76,152,True,1000000.0,False,False,False,True,0.4867891063045247,0.6220213917361516,1.273635154561258,0.0014422727990364686,0.002314991739921343,0.0011287114819808265
ARTLRGLYRYDPFDY,H3-23_A,UNK,True,653,1,1,1,0.0022145502394291,6.265075337530934e-06,3.903231094700193e-06,3.054638315550247e-06,False,False,False,False,True,False,False,False,False,False,False,False,False,1,1,False,0.9600000000000004,True,False,False,8.538594055175782,1906.1041,3,0.0022145502394291,6.265075337530934e-06,73,155,True,1000000.0,False,False,False,False,0.4867891063045247,0.6220213917361516,1.273635154561258,0.001762531009635765,0.0028290381205191475,0.0013793430682823577
ARQRLHARYVDYDFDI,H4-34,K3-20,True,341,1,1,1,0.001156449665613,6.265075337530934e-06,3.903231094700193e-06,3.054638315550247e-06,False,False,False,False,False,False,False,False,False,True,False,False,False,0,1,False,1.3125000000000002,True,False,False,6.793727493286133,2038.2253,3,0.001156449665613,6.265075337530934e-06,67,164,True,1000000.0,False,False,False,True,0.4867891063045247,0.6220213917361516,1.273635154561258,0.0033751554081492526,0.00541746117380586,0.0026413703878994236
ARTLRGLYRYDPFDY,H3-7_A,K3-20,True,326,1,1,1,0.001105579445718,6.265075337530934e-06,3.903231094700193e-06,3.054638315550247e-06,False,False,False,False,True,False,False,False,False,False,False,False,False,1,1,False,0.9600000000000004,True,False,False,8.538594055175782,1906.1041,3,0.001105579445718,6.265075337530934e-06,73,165,True,1000000.0,False,False,False,False,0.4867891063045247,0.6220213917361516,1.273635154561258,0.0035304525652063616,0.0056667286050856094,0.0027629047359135034
ARVRTQRLYVDYDFDI,H4-34,K3-20,True,222,1,1,1,0.000752879254446,6.265075337530934e-06,3.903231094700193e-06,3.054638315550247e-06,False,False,False,False,False,False,False,False,False,True,False,False,False,0,0,False,1.14375,True,False,False,6.083355331420899,2030.243,3,0.000752879254446,6.265075337530934e-06,82,171,True,1000000.0,False,False,False,True,0.4867891063045247,0.6220213917361516,1.273635154561258,0.005184336303979149,0.008321377015987532,0.00405722129451555
ARTLRGLYRYDPFDY,UNK,K3-20,True,197,1,1,1,0.000668095554621,6.265075337530934e-06,3.903231094700193e-06,3.054638315550247e-06,False,False,False,False,True,False,False,False,False,False,False,False,False,1,1,False,0.9600000000000004,True,False,False,8.538594055175782,1906.1041,3,0.000668095554621,6.265075337530934e-06,73,176,True,1000000.0,False,False,False,False,0.4867891063045247,0.6220213917361516,1.273635154561258,0.005842237155047155,0.009377373521591147,0.00457208938680815
ARTLRGLYRYDPFDY,H3-23_A,K3-15,True,132,1,1,1,0.000447657935076,6.265075337530934e-06,3.903231094700193e-06,3.054638315550247e-06,False,False,False,False,True,False,False,False,False,False,False,False,False,1,1,False,0.9600000000000004,True,False,False,8.538594055175782,1906.1041,3,0.000447657935076,6.265075337530934e-06,73,193,True,1000000.0,False,False,False,False,0.4867891063045247,0.6220213917361516,1.273635154561258,0.00871903209694379,0.013994916424977636,0.006823446747490783
ARAYPRGSYRGFDY,H5-51,K3-15,True,129,1,1,1,0.000437483891097,6.265075337530934e-06,3.903231094700193e-06,3.054638315550247e-06,False,False,False,False,False,False,False,False,False,False,False,False,False,2,2,False,2.278571428571429,True,False,True,9.694419860839844,1678.8040999999998,3,0.000437483891097,6.265075337530934e-06,7,194,True,1000000.0,False,False,False,False,0.4867891063045247,0.6220213917361516,1.273635154561258,0.008921795650478645,0.014320372158389424,0.006982127928439989
ARTLRGLYRYDPFDY,H1-69,K3-20,True,109,1,1,1,0.000369656931237,6.265075337530934e-06,3.903231094700193e-06,3.054638315550247e-06,False,False,False,False,True,False,False,False,False,False,False,False,False,1,1,False,0.9600000000000004,True,False,False,8.538594055175782,1906.1041,3,0.000369656931237,6.265075337530934e-06,73,205,True,1000000.0,False,False,False,False,0.4867891063045247,0.6220213917361516,1.273635154561258,0.0105587780915079,0.016947892300148114,0.008263217662798906
ARTLRGLYRYDPFDY,H4-34,K3-20,True,102,1,1,1,0.000345917495286,6.265075337530934e-06,3.903231094700193e-06,3.054638315550247e-06,False,False,False,False,True,False,False,False,False,False,False,False,False,1,1,False,0.9600000000000004,True,False,False,8.538594055175782,1906.1041,3,0.000345917495286,6.265075337530934e-06,73,208,True,1000000.0,False,False,False,False,0.4867891063045247,0.6220213917361516,1.273635154561258,0.011283379170173063,0.018110949325815234,0.008830284834759335
ARNLTGDYGDFYFDY,H4-34,UNK,True,88,1,1,1,0.000298438623384,6.265075337530934e-06,3.903231094700193e-06,3.054638315550247e-06,True,False,False,True,False,False,False,False,False,False,False,False,False,-2,-2,False,1.7733333333333334,False,False,False,4.050025558471679,1816.875,1,0.000298438623384,6.265075337530934e-06,58,216,True,1000000.0,False,False,False,False,0.4867891063045247,0.6220213917361516,1.273635154561258,0.013078402072835452,0.020992140176401324,0.010235055805970282
ARTLRGLYRYDPFDY,H3-23_A,K4-1,True,72,1,1,1,0.000244177055496,6.265075337530934e-06,3.903231094700193e-06,3.054638315550247e-06,False,False,False,False,True,False,False,False,False,False,False,False,False,1,1,False,0.9600000000000004,True,False,False,8.538594055175782,1906.1041,3,0.000244177055496,6.265075337530934e-06,73,230,True,1000000.0,False,False,False,False,0.4867891063045247,0.6220213917361516,1.273635154561258,0.015984594624689805,0.02565686917680844,0.012509419507703123
ARVDRAREGVAFAFDI,H4-34,UNK,True,60,1,1,1,0.00020348087958,6.265075337530934e-06,3.903231094700193e-06,3.054638315550247e-06,False,False,False,False,False,False,False,False,False,False,False,False,False,0,0,False,1.2937500000000002,True,False,False,6.167033767700195,1792.9913,3,0.00020348087958,6.265075337530934e-06,76,239,True,1000000.0,False,False,False,False,0.4867891063045247,0.6220213917361516,1.273635154561258,0.019181356445833655,0.030787990844906122,0.015011180461035615
ARTLRGLYRYDPFDY,H3-7_A,UNK,True,56,1,1,1,0.000189915487608,6.265075337530934e-06,3.903231094700193e-06,3.054638315550247e-06,False,False,False,False,True,False,False,False,False,False,False,False,False,1,1,False,0.9600000000000004,True,False,False,8.538594055175782,1906.1041,3,0.000189915487608,6.265075337530934e-06,73,244,True,1000000.0,False,False,False,False,0.4867891063045247,0.6220213917361516,1.273635154561258,0.02055138119616854,0.032987017258377896,0.016083351181674577
DRGDEFEDWLSFDY,H4-34,K3-20,True,45,1,1,1,0.000152610659685,6.265075337530934e-06,3.903231094700193e-06,3.054638315550247e-06,False,False,False,False,False,False,False,False,False,True,False,True,False,-5,-5,False,2.321428571428572,False,False,False,4.050025558471679,1793.7955,1,0.000152610659685,6.265075337530934e-06,32,254,True,1000000.0,False,False,False,False,0.4867891063045247,0.6220213917361516,1.273635154561258,0.02557472299462098,0.04104998203035997,0.020014579427548272
ARDRYGTLGVRFDY,H1-69,K3-15,True,41,1,1,1,0.000139045267713,6.265075337530934e-06,3.903231094700193e-06,3.054638315550247e-06,False,False,False,False,False,False,False,False,False,False,False,False,False,1,1,False,1.8142857142857145,True,False,False,8.631455993652345,1688.8403999999998,3,0.000139045267713,6.265075337530934e-06,20,261,True,1000000.0,False,False,False,False,0.4867891063045247,0.6220213917361516,1.273635154561258,0.02806963848903717,0.04505457031992197,0.02196708090091775
ARGRSWGSGRGYFDP,H3-23_A,K3-20,True,40,1,1,1,0.00013565391972,6.265075337530934e-06,3.903231094700193e-06,3.054638315550247e-06,False,False,False,False,True,False,False,False,False,False,False,False,False,2,2,False,2.7666666666666666,True,False,True,10.73751983642578,1668.7696,3,0.00013565391972,6.265075337530934e-06,46,263,True,1000000.0,False,False,False,False,0.4867891063045247,0.6220213917361516,1.273635154561258,0.028771327724837703,0.046180851551846445,0.02251621744274224
ARSRDYPRVWSFDEFDY,H4-34,K3-20,True,37,1,1,1,0.000125479875741,6.265075337530934e-06,3.903231094700193e-06,3.054638315550247e-06,False,False,False,False,False,False,False,False,False,True,False,False,False,-1,-1,False,1.8647058823529412,True,False,False,4.68464241027832,2209.3312,3,0.000125479875741,6.265075337530934e-06,70,273,True,1000000.0,False,False,False,False,0.4867891063045247,0.6220213917361516,1.273635154561258,0.031103952184605845,0.04992494653880681,0.024341711213857208
ARTLRGLYRYDPFDY,UNK,UNK,True,37,1,1,1,0.000125479875741,6.265075337530934e-06,3.903231094700193e-06,3.054638315550247e-06,False,False,False,False,True,False,False,False,False,False,False,False,False,1,1,False,0.9600000000000004,True,False,False,8.538594055175782,1906.1041,3,0.000125479875741,6.265075337530934e-06,73,274,True,1000000.0,False,False,False,False,0.4867891063045247,0.6220213917361516,1.273635154561258,0.031103952184605845,0.04992494653880681,0.024341711213857208
ARTLRGLYRYDPFDY,H5-51,K3-20,True,32,1,1,1,0.000108523135776,6.265075337530934e-06,3.903231094700193e-06,3.054638315550247e-06,False,False,False,False,True,False,False,False,False,False,False,False,False,1,1,False,0.9600000000000004,True,False,False,8.538594055175782,1906.1041,3,0.000108523135776,6.265075337530934e-06,73,284,True,1000000.0,False,False,False,False,0.4867891063045247,0.6220213917361516,1.273635154561258,0.035963496924626005,0.057725000689755564,0.02814475315496893
