cdr3_aa,vh_scaffold,vl_scaffold,cdr3_functional,count hCNTN6_591-901__Block162__Round3__M_P__100nM_Block162.csv,count hCNTN6_591-901__Block162__Round4__F_P__20nM_Block162.csv,count hCNTN6_591-901__Block162__Round6__F_P__4nM__Block162.csv,freq hCNTN6_591-901__Block162__Round3__M_P__100nM_Block162.csv,freq hCNTN6_591-901__Block162__Round4__F_P__20nM_Block162.csv,freq hCNTN6_591-901__Block162__Round6__F_P__4nM__Block162.csv,l_glyco,l_asp_isomer,l_asn_deamid,l_aromatic,l_frag,l_poly,l_RR,l_WW,l_VV,l_neg_patch,l_cys,l_neg_charge,l_pos_charge,l_charge_value,l_charge_value2,l_hydrophobic,l_hydrophobic_value,l_arg,l_trp,l_rmd,l_isoelectricpoint,l_molecular_weight,l_arg_value,max_freq,max_freq_20_4,greedy_cluster_85,rank,critical,rank_adjusted,cdr3_repeat,vh_repeat,ab_repeat,LEAD,ratio_4nM_20nM,ratio_20nM_100nM,ratio_4nM_100nM
ARSSWDYFTYHAFDP,H1-69,K4-1,True,335,6598,59760,0.0010733636011188,0.0480770632040688,0.207876776657692,False,False,False,False,True,False,False,False,False,False,False,False,False,-1,0,False,1.24,False,False,False,5.212373733520507,1862.9485,1,0.207876776657692,0.207876776657692,443,2,False,2.0,True,True,True,True,4.323823452715903,44.790614520384196,193.66674980735286
ARHDPWGNWGFDP,H3-23_A,K1-39,True,247,4435,10829,0.0007914054014219,0.0323161223567816,0.0376689694515754,False,False,False,False,True,False,False,False,False,False,False,False,False,-1,0,False,1.676923076923077,False,False,False,5.212424850463866,1554.6221999999998,1,0.0376689694515754,0.0376689694515754,626,5,False,5.0,True,True,True,True,1.1656397812614632,40.833325076465144,47.59696283885464
ARSLYDYWAYLSFDI,H1-69,K4-1,True,26,669,3367,8.330583172862804e-05,0.0048747431469418,0.0117122005857839,False,False,False,False,False,False,False,False,False,False,False,False,False,-1,-1,False,-0.6599999999999998,False,False,False,4.207874679565429,1883.0623,1,0.0117122005857839,0.0117122005857839,1096,6,False,6.0,True,True,True,True,2.4026243448104867,58.50920582320486,140.57593068184528
ARSSWDYFTYHAFDP,H1-69,K1-39,True,6,284,2888,1.9224422706606477e-05,0.0020693976886868,0.0100459861276341,False,False,False,False,True,False,False,False,False,False,False,False,False,-1,0,False,1.24,False,False,False,5.212373733520507,1862.9485,1,0.0100459861276341,0.0100459861276341,443,7,False,7.0,True,True,False,False,4.854522471601069,107.58824011786018,522.292053204362
ARSLWDGFGVSSGFDY,H1-69,K4-1,True,2,80,1683,6.408140902202158e-06,0.0005829289263906,0.0058543610293657,False,True,False,False,False,False,False,False,False,False,False,False,False,-1,-1,False,1.2312500000000002,False,False,False,4.207874679565429,1763.8588,1,0.0058543610293657,0.0058543610293657,1094,10,False,10.0,True,True,True,True,10.04283770448187,90.82519927080264,912.1583833344922
ARSSWDYFTYHAFDP,UNK,K4-1,True,12,174,1434,3.844884541321295e-05,0.0012678704148996,0.004988207793292,False,False,False,False,True,False,False,False,False,False,False,False,False,-1,0,False,1.24,False,False,False,5.212373733520507,1862.9485,1,0.004988207793292,0.004988207793292,443,12,False,12.0,True,False,False,False,3.934288860899396,32.96693910795381,129.70248429710395
ARSSWDYFTYHAFDP,H3-23_A,K4-1,True,10,203,1005,3.204070451101079e-05,0.0014791821507162,0.0034959196877674,False,False,False,False,True,False,False,False,False,False,False,False,False,-1,0,False,1.24,False,False,False,5.212373733520507,1862.9485,1,0.0034959196877674,0.0034959196877674,443,14,False,14.0,True,False,False,False,2.3633979439890447,46.15131471472141,109.07465970260972
ARGLWDYFAYEYFDY,H1-69,K4-1,True,26,195,981,8.330583172862804e-05,0.0014208892580772,0.0034124350385072,False,False,False,False,False,False,False,False,False,False,False,False,False,-2,-2,False,-0.2199999999999998,False,False,False,4.050025558471679,1979.1048,1,0.0034124350385072,0.0034124350385072,442,15,False,15.0,True,True,True,True,2.401602378992724,17.054252818422867,40.957822393491846
ARSSWDYFTPLYFDI,H1-69,K3-20,True,87,3576,774,0.0002787541292457,0.026056923009662,0.0026923799386387,False,False,False,False,False,False,False,False,False,False,False,False,False,-1,-1,False,-0.1866666666666664,False,False,False,4.207874679565429,1881.0465,1,0.026056923009662,0.026056923009662,560,20,False,20.0,True,True,True,True,0.10332681661500055,93.4730127587387,9.658272554377549
ARLLRGIYDPLFDY,H3-23_A,K4-1,True,3,81,536,9.612211353303235e-06,0.0005902155379705,0.0018644905001426,False,False,False,False,True,False,False,False,False,False,False,False,False,0,0,False,-0.7357142857142855,False,False,False,6.004021835327148,1711.9564999999998,2,0.0018644905001426,0.0018644905001426,874,23,False,23.0,True,True,True,True,3.158945826969264,61.3388665348619,193.7694394441392
ARHDPWGNWGFDP,UNK,K1-39,True,16,206,469,5.1265127217617264e-05,0.0015010419854559,0.0016314291876247,False,False,False,False,True,False,False,False,False,False,False,False,False,-1,0,False,1.676923076923077,False,False,False,5.212424850463866,1554.6221999999998,1,0.0016314291876247,0.0016314291876247,626,26,False,26.0,True,False,False,False,1.0868572197579165,29.274271306735393,31.817165088654694
ARHDPWGNWGFDP,H1-69,K1-39,True,3,259,392,9.612211353303235e-06,0.0018872323991897,0.0013635826045819,False,False,False,False,True,False,False,False,False,False,False,False,False,-1,0,False,1.676923076923077,False,False,False,5.212424850463866,1554.6221999999998,1,0.0018872323991897,0.0018872323991897,626,29,False,29.0,True,False,False,False,0.7225264784043446,196.1329189201219,141.71197810093747
ARGKRLSLGDVAFDI,H3-23_A,K4-1,True,31,135,356,9.932618398413343e-05,0.0009836925632842,0.0012383556306917,False,False,False,False,False,False,False,False,False,False,False,False,False,1,1,False,1.1266666666666667,False,False,False,8.790296936035155,1617.8471,2,0.0012383556306917,0.0012383556306917,425,30,False,30.0,True,True,True,True,1.2588720177340116,9.902661083108661,12.466309667074563
ARSSWDYFTYHAFDP,H1-69,UNK,True,4,35,334,1.2816281804404316e-05,0.0002550314052959,0.0011618280355366,False,False,False,False,True,False,False,False,False,False,False,False,False,-1,0,False,1.24,False,False,False,5.212373733520507,1862.9485,1,0.0011618280355366,0.0011618280355366,443,31,False,31.0,True,True,False,False,4.555448689551576,19.88350241987719,90.58182669412808
ARGLPDYWASSEAFDY,H1-69,K4-1,True,27,418,317,8.650990217972912e-05,0.0030458036403911,0.001102693075644,False,False,False,False,False,False,False,False,False,False,False,False,False,-2,-2,False,1.68125,False,False,False,4.050025558471679,1847.9323,1,0.0030458036403911,0.0030458036403911,437,32,False,32.0,True,True,True,True,0.3620356350831786,35.20350305140204,12.744964428569958
ARVRESYWAGYAFDY,H3-23_A,K3-20,True,11,210,303,3.524477496211187e-05,0.0015301884317754,0.0010539936969089,False,False,False,False,False,False,False,False,False,False,False,False,False,0,0,False,1.0733333333333337,False,False,False,6.112389755249024,1853.9847,2,0.0015301884317754,0.0015301884317754,1271,33,False,33.0,True,True,True,True,0.6887954366062267,43.40372143688013,29.89648063394595
ARSLWDYWALEAFDI,H1-69,K4-1,True,101,2081,292,0.0003236111155612,0.0151634386977367,0.0010157298993314,False,False,False,False,False,False,False,False,False,False,False,False,False,-2,-2,False,-0.8466666666666665,False,False,False,4.050025558471679,1856.0404000000003,1,0.0151634386977367,0.0151634386977367,1095,34,False,34.0,False,False,False,True,0.0669854147020663,46.855529409573215,3.1386391384566976
ARSVYDYWSTFYFDI,H1-69,K4-1,True,50,697,249,0.000160203522555,0.0050787682711785,0.0008661532360737,False,False,False,True,False,False,False,False,False,False,False,False,False,-1,-1,False,-0.0866666666666665,False,False,False,4.207874679565429,1933.0779,1,0.0050787682711785,0.0050787682711785,1145,37,False,37.0,True,True,True,True,0.1705436208918635,31.699997541936575,5.406243007835726
ARGLYDAISEWYFDY,H1-69,K1-39,True,10,108,233,3.204070451101079e-05,0.0007869540506273,0.0008104968032336,False,False,False,True,False,False,False,False,False,False,False,False,False,-2,-2,False,0.4200000000000001,False,False,False,4.050025558471679,1868.9927,1,0.0008104968032336,0.0008104968032336,446,38,False,38.0,False,False,False,True,1.02990321170013,24.553408813742223,25.287955931051677
ARSRTWSGYTSGEEFDI,H1-69,K4-1,True,43,525,217,0.0001377750293973,0.0038254710794386,0.0007548403703935,False,False,False,False,False,False,False,False,False,True,False,False,False,-1,-1,False,2.8411764705882354,False,False,False,4.6793262481689455,1962.0368,2,0.0038254710794386,0.0038254710794386,1119,40,False,40.0,True,True,True,True,0.19731907039108268,27.764054601374298,5.478391765022128
ARHDPWGNWGFDP,H3-23_A,K4-1,True,6,60,215,1.9224422706606477e-05,0.0004371966947929,0.0007478833162885,False,False,False,False,True,False,False,False,False,False,False,False,False,-1,0,False,1.676923076923077,False,False,False,5.212424850463866,1554.6221999999998,1,0.0007478833162885,0.0007478833162885,626,41,False,41.0,True,True,False,False,1.7105943829217074,22.729909884050503,38.88254551209501
AREHVYRAAGLTYFDP,H3-23_A,K3-20,True,40,509,160,0.000128162818044,0.0037088852941605,0.0005565643284007,False,False,False,False,True,False,False,False,False,False,False,False,False,0,1,False,1.3562500000000002,False,False,False,6.795363235473633,1866.0403,2,0.0037088852941605,0.0037088852941605,307,44,False,44.0,True,True,True,True,0.15006202231618326,28.936597874342514,4.342296103762337
ARAHYHYKYPAWFDP,H3-23_A,K3-15,True,131,619,151,0.0004197332290942,0.0045104125679476,0.0005252575849282,False,False,False,True,True,False,False,False,False,False,False,False,False,1,3,False,0.6466666666666668,False,False,False,8.485740661621094,1922.1067000000005,1,0.0045104125679476,0.0045104125679476,37,45,False,45.0,True,True,True,True,0.1164541851712157,10.745646993951533,1.251378339233008
ARAGHPETDWYDYGFDY,H3-23_A,K4-1,True,26,250,143,8.330583172862804e-05,0.0018216528949707,0.0004974293685081,False,False,False,False,False,False,False,False,False,True,False,False,False,-3,-2,False,2.476470588235294,False,False,False,4.2192737579345705,2063.0973,1,0.0018216528949707,0.0018216528949707,22,46,False,46.0,True,True,True,True,0.2730633477145621,21.864426690284894,5.970406322393814
ARSSWDYFTYHAFDP,H1-69,K3-20,True,7,94,125,2.242849315770755e-05,0.000684941488509,0.0004348158815631,False,False,False,False,True,False,False,False,False,False,False,False,False,-1,0,False,1.24,False,False,False,5.212373733520507,1862.9485,1,0.000684941488509,0.000684941488509,443,48,False,48.0,True,True,False,False,0.6348126675505235,30.525289006482357,19.37812305429886
ARAISLGSWRKYFDY,H3-23_A,K4-1,True,59,995,120,0.0001890401566149,0.0072501785219837,0.0004174232463005,False,False,False,False,False,False,False,False,False,False,False,False,False,2,2,False,0.4533333333333335,False,False,False,9.69757843017578,1833.0534,2,0.0072501785219837,0.0072501785219837,42,49,False,49.0,False,False,False,True,0.057574123077601055,38.35055549174973,2.2080026474180703
ARGLYDYWSYGYFDY,H1-69,K1-39,True,17,205,105,5.446919766871834e-05,0.001493755373876,0.000365245340513,False,False,False,False,False,False,False,False,False,False,False,False,False,-1,-1,False,0.4200000000000001,False,False,False,4.207874679565429,1939.0409,1,0.001493755373876,0.001493755373876,448,54,False,54.0,True,True,True,True,0.24451319256736206,27.418821087626007,6.704308362505895
ARHTSYVARWPGFDY,H3-23_A,K3-15,True,131,120,97,0.0004197332290942,0.0008743933895859,0.0003374171240929,False,False,False,False,False,False,False,False,False,False,False,False,False,1,2,False,1.1666666666666667,False,False,False,8.638685607910158,1825.978,2,0.0008743933895859,0.0008743933895859,724,56,False,56.0,False,False,False,True,0.3858826808215988,2.0831625836415006,0.8038655556661186
ARSLYDYWAYLSFDI,UNK,K4-1,True,1,18,97,3.204070451101079e-06,0.0001311590084378,0.0003374171240929,False,False,False,False,False,False,False,False,False,False,False,False,False,-1,-1,False,-0.6599999999999998,False,False,False,4.207874679565429,1883.0623,1,0.0003374171240929,0.0003374171240929,1096,57,False,57.0,True,False,False,False,2.5723844992920135,40.807757774216626,104.981247059257
ARGLYDYWSEWYFDY,H1-69,K3-15,True,84,2090,91,0.0002691419178924,0.0152290182019557,0.0003165459617779,False,False,False,True,False,False,False,False,False,False,False,False,False,-2,-2,False,0.0200000000000001,False,False,False,4.050025558471679,2034.1403,1,0.0152290182019557,0.0152290182019557,446,60,False,60.0,False,False,False,True,0.020785696735215804,56.581496134996414,1.1760865917531635
ARSSWDYFTYHAFDQ,H1-69,K4-1,True,1,7,87,3.204070451101079e-06,5.100628105918186e-05,0.0003026318535679,False,False,False,False,False,False,False,False,False,False,False,False,False,-1,0,False,1.5000000000000002,False,False,False,5.212373733520507,1893.9625,1,0.0003026318535679,0.0003026318535679,1127,61,False,61.0,False,False,False,False,5.932064181958489,15.869683578873664,94.1584380840887
ARSLYDYWAYLSFDI,H3-23_A,K4-1,True,1,24,84,3.204070451101079e-06,0.0001748786779171,0.0002921962724104,False,False,False,False,False,False,False,False,False,False,False,False,False,-1,-1,False,-0.6599999999999998,False,False,False,4.207874679565429,1883.0623,1,0.0002921962724104,0.0002921962724104,1096,63,False,63.0,True,False,False,False,1.670755796718331,54.41034369896588,90.91159539153821
ARHDPWGNWGFDP,H3-23_A,K3-20,True,6,53,79,1.9224422706606477e-05,0.0003861904137338,0.0002748036371478,False,False,False,False,True,False,False,False,False,False,False,False,False,-1,0,False,1.676923076923077,False,False,False,5.212424850463866,1554.6221999999998,1,0.0003861904137338,0.0003861904137338,626,64,False,64.0,True,True,False,False,0.7115570760035915,20.078087064248336,14.28707486258024
ARSSWDYFTYHAFDP,H3-23_A,K1-39,True,1,8,77,3.204070451101079e-06,5.829289263906498e-05,0.0002678465830428,False,False,False,False,True,False,False,False,False,False,False,False,False,-1,0,False,1.24,False,False,False,5.212373733520507,1862.9485,1,0.0002678465830428,0.0002678465830428,443,65,False,65.0,True,False,False,False,4.594053072134081,18.136781232998473,83.3356291088893
ARSSWDYFTYHAFDP,UNK,K1-39,True,1,8,75,3.204070451101079e-06,5.829289263906498e-05,0.0002608895289378,False,False,False,False,True,False,False,False,False,False,False,False,False,-1,0,False,1.24,False,False,False,5.212373733520507,1862.9485,1,0.0002608895289378,0.0002608895289378,443,66,False,66.0,True,False,False,False,4.47472701831255,18.136781232998473,81.17106731385563
ARFRITATAALFDY,H3-23_A,K3-20,True,44,187,64,0.0001409790998484,0.0013625963654381,0.0002226257313603,False,False,False,False,False,False,False,False,False,False,False,False,False,1,1,False,-0.0214285714285711,False,False,False,8.79022674560547,1615.8294999999998,2,0.0013625963654381,0.0013625963654381,371,68,False,68.0,True,True,True,True,0.16338227752864065,9.664551138373433,1.5790279645708827
ARSLYDYWAYLSFDI,H1-69,K1-39,True,1,5,63,3.204070451101079e-06,3.643305789941562e-05,0.0002191472043078,False,False,False,False,False,False,False,False,False,False,False,False,False,-1,-1,False,-0.6599999999999998,False,False,False,4.207874679565429,1883.0623,1,0.0002191472043078,0.0002191472043078,1096,69,False,69.0,True,True,False,False,6.0134142670644035,11.335488270624046,68.18369654365367
ARGLWDYFTYHAFDP,H1-69,K4-1,True,1,9,62,3.204070451101079e-06,6.55795042189481e-05,0.0002156686772553,False,False,False,False,True,False,False,False,False,False,False,False,False,-1,0,False,0.1400000000000002,False,False,False,5.212373733520507,1859.0028,1,0.0002156686772553,0.0002156686772553,443,71,False,71.0,False,False,False,False,3.2881583695977326,20.40387888712328,67.10141564613683
ARSSWDYFTYHAFDT,H1-69,K4-1,True,1,7,56,3.204070451101079e-06,5.100628105918186e-05,0.0001947975149402,False,False,False,False,False,False,False,False,False,False,False,False,False,-1,0,False,1.4466666666666668,False,False,False,5.212373733520507,1866.9372000000003,1,0.0001947975149402,0.0001947975149402,1127,73,False,73.0,False,False,False,False,3.8183401630985903,15.869683578873664,60.60773026100473
ARSLWDGFGVSSGFDY,UNK,K4-1,True,2,2,54,6.408140902202158e-06,1.4573223159766246e-05,0.0001878404608352,False,True,False,False,False,False,False,False,False,False,False,False,False,-1,-1,False,1.2312500000000002,False,False,False,4.207874679565429,1763.8588,1,0.0001878404608352,0.0001878404608352,1094,76,False,76.0,True,False,False,False,12.88058605270708,2.27062998177026,29.267113903770667
ARSLWDGFGVSSGFDY,H3-23_A,K4-1,True,1,2,53,3.204070451101079e-06,1.4573223159766246e-05,0.0001843619337827,False,True,False,False,False,False,False,False,False,False,False,False,False,-1,-1,False,1.2312500000000002,False,False,False,4.207874679565429,1763.8588,1,0.0001843619337827,0.0001843619337827,1094,77,False,77.0,True,False,False,False,12.642056681360907,4.534195308249618,57.360887568454245
ARAGRPSPTGYDYGFDY,H3-23_A,K4-1,True,103,1102,51,0.0003300192564634,0.0080298459610312,0.0001774048796777,False,False,False,False,False,False,False,False,False,False,False,False,False,0,0,False,2.9823529411764707,False,False,False,6.003152847290039,1892.9762,2,0.0080298459610312,0.0080298459610312,26,78,False,78.0,False,False,False,True,0.022093158400181008,24.33070948642307,0.5375428881026312
ARGQYDWFTPWAFDI,H1-69,K4-1,True,33,61,50,0.0001057343248863,0.0004444833063728,0.0001739263526252,False,False,False,False,False,False,False,False,False,False,False,False,False,-1,-1,False,-0.0599999999999998,False,False,False,4.207874679565429,1873.0294,1,0.0004444833063728,0.0004444833063728,503,79,False,79.0,False,False,False,True,0.39129127510263706,4.203377409149134,1.6447819096884084
ARHDPWGNWGFDP,H3-23_A,UNK,True,5,25,48,1.6020352255505393e-05,0.000182165289497,0.0001669692985202,False,False,False,False,True,False,False,False,False,False,False,False,False,-1,0,False,1.676923076923077,False,False,False,5.212424850463866,1554.6221999999998,1,0.000182165289497,0.000182165289497,626,82,False,82.0,True,True,False,False,0.9165309904609736,11.363773334078665,10.415822176512483
AREKIIHSYNVAFDI,H3-23_A,K4-1,True,16,94,41,5.1265127217617264e-05,0.000684941488509,0.0001426196091527,False,False,False,False,False,False,False,False,False,False,False,False,False,0,1,False,0.5800000000000001,False,False,False,6.795363235473633,1776.0005,1,0.000684941488509,0.000684941488509,313,85,False,85.0,False,False,False,True,0.20821855495657637,13.358162635112208,2.781457928859089
ARSLWDGFGVSSGFDY,H1-69,K1-39,True,1,5,41,3.204070451101079e-06,3.643305789941562e-05,0.0001426196091527,False,True,False,False,False,False,False,False,False,False,False,False,False,-1,-1,False,1.2312500000000002,False,False,False,4.207874679565429,1763.8588,1,0.0001426196091527,0.0001426196091527,1094,86,False,86.0,True,True,False,False,3.9134918245976,11.335488270624046,44.37351679825228
ARLLRGIYDPLFDY,H1-69,K4-1,True,1,7,40,3.204070451101079e-06,5.100628105918186e-05,0.0001391410821001,False,False,False,False,True,False,False,False,False,False,False,False,False,0,0,False,-0.7357142857142855,False,False,False,6.004021835327148,1711.9564999999998,2,0.0001391410821001,0.0001391410821001,874,88,False,88.0,True,False,False,False,2.7273858307838674,15.869683578873664,43.291235900704336
ARGRWEYWSYSYFDI,H1-69,K4-1,True,81,1568,39,0.0002595297065391,0.0114254069572567,0.0001356625550476,False,False,False,False,False,False,False,False,False,False,False,False,False,0,0,False,0.2733333333333334,False,False,False,6.112389755249024,1999.1427,2,0.0114254069572567,0.0114254069572567,528,89,False,89.0,False,False,False,True,0.011873750914747645,44.02180733580913,0.5227044326150622
ARSSWDYFTPLYFDI,H1-69,K4-1,True,2,115,39,6.408140902202158e-06,0.0008379603316865,0.0001356625550476,False,False,False,False,False,False,False,False,False,False,False,False,False,-1,-1,False,-0.1866666666666664,False,False,False,4.207874679565429,1881.0465,1,0.0008379603316865,0.0008379603316865,560,90,False,90.0,True,True,False,False,0.161894222167228,130.56122395178073,21.137360041605223
ARGELWDWSLYGFDP,H1-69,K1-39,True,1,1,39,3.204070451101079e-06,7.286611579883123e-06,0.0001356625550476,False,False,False,False,True,False,False,False,False,False,False,False,False,-2,-2,False,0.3066666666666668,False,False,False,4.050025558471679,1811.9448,1,0.0001356625550476,0.0001356625550476,399,91,False,91.0,True,True,True,False,18.59254169724806,2.267097654124809,42.2089550031875
ARGAYDWSYFSYSFDY,H3-23_A,K4-1,True,10,216,38,3.204070451101079e-05,0.0015739081012547,0.0001321840279951,False,False,False,False,False,False,False,False,False,False,False,False,False,-1,-1,False,1.1,False,False,False,4.207874679565429,1998.0651000000005,1,0.0015739081012547,0.0015739081012547,395,92,False,92.0,False,False,False,True,0.08398405729607226,49.10681762748757,4.124215988752732
ASAKRWSAVYRYVAFDP,H3-23_A,K1-39,True,1,12,38,3.204070451101079e-06,8.743933895859748e-05,0.0001321840279951,False,False,False,False,True,False,False,False,False,False,False,False,False,2,2,False,1.0117647058823531,False,False,False,9.69757843017578,1987.2199,2,0.0001321840279951,0.0001321840279951,45,93,False,93.0,False,False,False,False,1.5115497677767695,27.20517184949771,41.12667410567067
ARSAWDYFTYHAFDP,H1-69,K4-1,True,1,5,37,3.204070451101079e-06,3.643305789941562e-05,0.0001287055009426,False,False,False,False,True,False,False,False,False,False,False,False,False,-1,0,False,0.9466666666666668,False,False,False,5.212373733520507,1846.9491000000005,1,0.0001287055009426,0.0001287055009426,443,95,False,95.0,False,False,False,False,3.5316877441468444,11.335488270624046,40.04439320815384
DRSSWDYFTYHAFDP,H1-69,K4-1,True,1,3,37,3.204070451101079e-06,2.185983473964937e-05,0.0001287055009426,False,False,False,False,True,False,False,False,False,False,False,False,False,-2,-1,False,1.7666666666666668,False,False,False,4.413313674926758,1906.958,1,0.0001287055009426,0.0001287055009426,1127,96,False,96.0,False,False,False,False,5.88506966215253,6.801292962374427,40.04439320815384
ARGSYDYWAYHPFDI,H1-69,K3-20,True,62,2451,36,0.0001986523679682,0.0178594849822935,0.0001252269738901,False,False,False,False,False,False,False,False,False,False,False,False,False,-1,0,False,0.7933333333333334,False,False,False,5.212322616577147,1860.9756,1,0.0178594849822935,0.0178594849822935,447,97,False,97.0,False,False,False,True,0.007011786952220889,89.8986816927113,0.6303507562647455
ARVHIYSGRPYTFDI,H3-7_A,K3-20,True,8,72,32,2.5632563608808632e-05,0.0005246360337515,0.0001113128656801,False,False,False,False,False,False,False,False,False,False,False,False,False,1,2,False,0.6266666666666668,False,False,False,8.638685607910158,1795.0054,2,0.0005246360337515,0.0005246360337515,1222,100,False,100.0,False,False,False,True,0.21216755396806,20.45957813559948,4.3409413886317605
ARSSWDYFTYHAFDP,H3-7_A,K4-1,True,2,21,32,6.408140902202158e-06,0.0001530188431775,0.0001113128656801,False,False,False,False,True,False,False,False,False,False,False,False,False,-1,0,False,1.24,False,False,False,5.212373733520507,1862.9485,1,0.0001530188431775,0.0001530188431775,443,102,False,102.0,True,False,False,False,0.727397942562938,23.84161480858063,17.343474905935288
ARGLWDYFAYEYFDY,H3-23_A,K4-1,True,2,7,32,6.408140902202158e-06,5.100628105918186e-05,0.0001113128656801,False,False,False,False,False,False,False,False,False,False,False,False,False,-2,-2,False,-0.2199999999999998,False,False,False,4.050025558471679,1979.1048,1,0.0001113128656801,0.0001113128656801,442,103,False,103.0,True,False,False,False,2.181908664627486,7.94720493619591,17.343474905935288
ARSSWDYLTYHAFDP,H1-69,K4-1,True,1,5,32,3.204070451101079e-06,3.643305789941562e-05,0.0001113128656801,False,False,False,False,True,False,False,False,False,False,False,False,False,-1,0,False,1.24,False,False,False,5.212373733520507,1828.9323,1,0.0001113128656801,0.0001113128656801,1127,104,False,104.0,False,False,False,False,3.054432643586831,11.335488270624046,34.63298872056969
ARSSWGYFTYHAFDP,H1-69,K4-1,True,1,5,31,3.204070451101079e-06,3.643305789941562e-05,0.0001078343386276,False,False,False,False,True,False,False,False,False,False,False,False,False,0,1,False,0.9533333333333336,False,False,False,6.787184524536133,1804.9124,1,0.0001078343386276,0.0001078343386276,1127,107,False,107.0,False,False,False,False,2.9589816234748283,11.335488270624046,33.55070782305286
ARSSWYYFTYHAFDP,H1-69,K4-1,True,1,3,29,3.204070451101079e-06,2.185983473964937e-05,0.0001008772845226,False,False,False,True,True,False,False,False,False,False,False,False,False,0,1,False,0.4466666666666669,False,False,False,6.786059951782226,1911.0343000000005,1,0.0001008772845226,0.0001008772845226,1127,112,False,112.0,False,False,False,False,4.612622167634053,6.801292962374427,31.386146028019198
ARGVDYRWFAQTWGFDI,H1-69,K3-15,True,22,237,28,7.048954992422373e-05,0.0017269269444323,9.739875747013684e-05,False,False,False,False,False,False,False,False,False,False,False,False,False,0,0,False,0.1882352941176472,False,False,False,6.004890823364257,2088.2822,2,0.0017269269444323,0.0017269269444323,582,113,False,113.0,False,False,False,True,0.0563997184634642,24.495574032578695,1.3815514790495211
ARSSWDYFTPLYFDI,H3-23_A,K3-20,True,2,119,28,6.408140902202158e-06,0.000867106778006,9.739875747013684e-05,False,False,False,False,False,False,False,False,False,False,False,False,False,-1,-1,False,-0.1866666666666664,False,False,False,4.207874679565429,1881.0465,1,0.000867106778006,0.000867106778006,560,114,False,114.0,True,False,False,False,0.11232484475056817,135.10248391531618,15.175540542701066
ARVHHYSNRPLGFDI,H3-7_A,K3-20,True,4,37,26,1.2816281804404316e-05,0.0002696046284556,9.044170336512708e-05,False,False,False,True,False,False,False,False,False,False,False,False,False,1,3,False,0.9333333333333336,False,False,False,8.801948547363281,1781.9701999999995,2,0.0002696046284556,0.0002696046284556,1221,116,False,116.0,False,False,False,False,0.3354480574113989,21.019702558150765,7.051279922297592
ARSSWDYFTPLYFDI,H1-69,UNK,True,2,78,25,6.408140902202158e-06,0.0005683557032308,8.696317631262218e-05,False,False,False,False,False,False,False,False,False,False,False,False,False,-1,-1,False,-0.1866666666666664,False,False,False,4.207874679565429,1881.0465,1,0.0005683557032308,0.0005683557032308,560,117,False,117.0,True,True,False,False,0.15300567190858183,88.55456928902711,13.549589770268808
ARGKRLSLGDVAFDI,H1-69,K4-1,True,1,19,24,3.204070451101079e-06,0.0001384456200177,8.34846492601173e-05,False,False,False,False,False,False,False,False,False,False,False,False,False,1,1,False,1.1266666666666667,False,False,False,8.790296936035155,1617.8471,2,0.0001384456200177,0.0001384456200177,425,118,False,118.0,True,False,False,False,0.6029704626612102,43.07485542834669,25.974741540440426
ARAGYEYWGDYGFDY,H3-23_A,K4-1,True,34,175,21,0.0001089383953374,0.0012751570264795,7.304906810260263e-05,False,False,False,False,False,False,False,False,False,False,False,False,False,-2,-2,False,1.7666666666666666,False,False,False,4.050025558471679,1832.876,1,0.0012751570264795,0.0012751570264795,33,120,False,120.0,False,False,False,True,0.05728588223009309,11.704229534822364,0.6704923728007054
ARHPTSVRYGYGFDY,H3-23_A,K3-20,True,145,180,20,0.0004645902154096,0.0013115900843789,6.957054105009775e-05,False,False,False,False,False,False,False,False,False,False,False,False,False,1,2,False,1.9466666666666668,False,False,False,8.545542907714843,1788.9146999999998,2,0.0013115900843789,0.0013115900843789,679,122,False,122.0,False,False,False,True,0.05304249510096856,2.8230509605394354,0.14974280842457874
ARSSWDYFTPLYFDI,UNK,K3-20,True,1,80,19,3.204070451101079e-06,0.0005829289263906,6.609201399759286e-05,False,False,False,False,False,False,False,False,False,False,False,False,False,-1,-1,False,-0.1866666666666664,False,False,False,4.207874679565429,1881.0465,1,0.0005829289263906,0.0005829289263906,560,124,False,124.0,True,False,False,False,0.1133772527541036,181.3678123299692,20.56333705284867
ARIGVTFSSWYRNYFDY,H1-69,K1-39,True,2,31,18,6.408140902202158e-06,0.0002258849589763,6.261348694508798e-05,False,False,False,False,False,False,False,False,False,False,False,False,False,1,1,False,0.3294117647058825,False,False,False,8.539295959472657,2145.3301,2,0.0002258849589763,0.0002258849589763,759,125,False,125.0,False,False,False,False,0.2771796556631312,35.19476471742706,9.755704634593544
ARAHYHYKYPAWFDP,H1-69,K3-15,True,4,69,16,1.2816281804404316e-05,0.0005027761990119,5.56564328400782e-05,False,False,False,True,True,False,False,False,False,False,False,False,False,1,3,False,0.6466666666666668,False,False,False,8.485740661621094,1922.1067000000005,1,0.0005027761990119,0.0005027761990119,37,128,False,128.0,True,False,False,False,0.11069602337824097,39.198904770613694,4.339249182952364
ARAGHPETDWYDYGFDY,H1-69,K4-1,True,1,29,16,3.204070451101079e-06,0.0002113117358166,5.56564328400782e-05,False,False,False,False,False,False,False,False,False,True,False,False,False,-3,-2,False,2.476470588235294,False,False,False,4.2192737579345705,2063.0973,1,0.0002113117358166,0.0002113117358166,22,129,False,129.0,True,False,False,False,0.26337296835561114,65.74583196961618,17.31649436029362
ARAHYHYKYPAWFDP,H3-23_A,K1-39,True,1,30,14,3.204070451101079e-06,0.0002185983473964,4.869937873506842e-05,False,False,False,True,True,False,False,False,False,False,False,False,False,1,3,False,0.6466666666666668,False,False,False,8.485740661621094,1922.1067000000005,1,0.0002185983473964,0.0002185983473964,37,131,False,131.0,True,True,False,False,0.22276998712570842,68.01292962371512,15.151932565256915
ARHDPWGNWGFDP,H3-7_A,K1-39,True,5,29,14,1.6020352255505393e-05,0.0002113117358166,4.869937873506842e-05,False,False,False,False,True,False,False,False,False,False,False,False,False,-1,0,False,1.676923076923077,False,False,False,5.212424850463866,1554.6221999999998,1,0.0002113117358166,0.0002113117358166,626,132,False,132.0,True,False,False,False,0.2304513473111597,13.181977067536243,3.0379481348167703
ARDIGSRSPAYQFDI,H3-7_A,K3-20,True,8,28,14,2.5632563608808632e-05,0.0002040251242367,4.869937873506842e-05,False,False,False,False,False,False,False,False,False,False,False,False,False,0,0,False,2.1533333333333338,False,False,False,6.004890823364257,1695.8298,2,0.0002040251242367,0.0002040251242367,144,133,False,133.0,False,False,False,False,0.23868134919050776,7.956502608288902,1.8991618575273574
ARVRESYWAGYAFDY,H1-69,K3-20,True,1,15,14,3.204070451101079e-06,0.0001092991736982,4.869937873506842e-05,False,False,False,False,False,False,False,False,False,False,False,False,False,0,0,False,1.0733333333333337,False,False,False,6.112389755249024,1853.9847,2,0.0001092991736982,0.0001092991736982,1271,134,False,134.0,True,False,False,False,0.4455195944443441,34.00646481185756,15.151932565256915
AREHVYRAAGLTYFDP,H1-69,K3-20,True,3,42,12,9.612211353303235e-06,0.000306037686355,4.174232463005865e-05,False,False,False,False,True,False,False,False,False,False,False,False,False,0,1,False,1.3562500000000002,False,False,False,6.795363235473633,1866.0403,2,0.000306037686355,0.000306037686355,307,135,False,135.0,True,False,False,False,0.13639157063138077,31.805338203254028,4.338121778600177
AREHVYRAAGLTYFDP,H3-23_A,K1-39,True,3,29,12,9.612211353303235e-06,0.0002113117358166,4.174232463005865e-05,False,False,False,False,True,False,False,False,False,False,False,False,False,0,1,False,1.3562500000000002,False,False,False,6.795363235473633,1866.0403,2,0.0002113117358166,0.0002113117358166,307,136,False,136.0,True,True,False,False,0.1975297262667083,21.960828759395127,4.338121778600177
ARHDPWGNWGFDP,H3-23_A,K3-15,True,5,14,10,1.6020352255505393e-05,0.0001020125621183,3.4785270525048875e-05,False,False,False,False,True,False,False,False,False,False,False,False,False,-1,0,False,1.676923076923077,False,False,False,5.212424850463866,1554.6221999999998,1,0.0001020125621183,0.0001020125621183,626,137,False,137.0,True,True,False,False,0.3409566453027685,6.363713067082805,2.1699629534405505
ARSRTWSGYTSGEEFDI,H3-23_A,K4-1,True,1,33,9,3.204070451101079e-06,0.0002404581821361,3.130674347254399e-05,False,False,False,False,False,False,False,False,False,True,False,False,False,-1,-1,False,2.8411764705882354,False,False,False,4.6793262481689455,1962.0368,2,0.0002404581821361,0.0002404581821361,1119,138,False,138.0,True,False,False,False,0.13019079361952768,74.8142225861053,9.74052807766516
ARGSYDYWAYHPFDI,H3-23_A,K3-20,True,2,120,8,6.408140902202158e-06,0.0008743933895859,2.7828216420039094e-05,False,False,False,False,False,False,False,False,False,False,False,False,False,-1,0,False,0.7933333333333334,False,False,False,5.212322616577147,1860.9756,1,0.0008743933895859,0.0008743933895859,447,139,False,139.0,False,False,False,False,0.0318253757378708,136.23779890620395,4.3358687264860185
ARAISLGSWRKYFDY,H1-69,K4-1,True,2,62,8,6.408140902202158e-06,0.0004517699179527,2.7828216420039094e-05,False,False,False,False,False,False,False,False,False,False,False,False,False,2,2,False,0.4533333333333335,False,False,False,9.69757843017578,1833.0534,2,0.0004517699179527,0.0004517699179527,42,140,False,140.0,False,False,False,False,0.06159684243192196,70.3895294348697,4.3358687264860185
ARSVYDYWSTFYFDI,H3-23_A,K4-1,True,2,26,8,6.408140902202158e-06,0.0001894519010769,2.7828216420039094e-05,False,False,False,True,False,False,False,False,False,False,False,False,False,-1,-1,False,-0.0866666666666665,False,False,False,4.207874679565429,1933.0779,1,0.0001894519010769,0.0001894519010769,1145,141,False,141.0,True,False,False,False,0.1468802765192565,29.518189763003846,4.3358687264860185
ARAHYHYKYPAWFDP,UNK,K3-15,True,8,25,8,2.5632563608808632e-05,0.000182165289497,2.7828216420039094e-05,False,False,False,True,True,False,False,False,False,False,False,False,False,1,3,False,0.6466666666666668,False,False,False,8.485740661621094,1922.1067000000005,1,0.000182165289497,0.000182165289497,37,142,False,142.0,True,False,False,False,0.15275516507686054,7.104020185970145,1.08523534715849
ARSLWDYWALEAFDI,H3-23_A,K4-1,True,5,73,7,1.6020352255505393e-05,0.0005319226453314,2.434968936753421e-05,False,False,False,False,False,False,False,False,False,False,False,False,False,-2,-2,False,-0.8466666666666665,False,False,False,4.050025558471679,1856.0404000000003,1,0.0005319226453314,0.0005319226453314,1095,143,False,143.0,False,False,False,False,0.04577588832203386,33.18221813551968,1.5189740674083851
ARSLWDYWALEAFDI,H1-69,K1-39,True,2,25,7,6.408140902202158e-06,0.000182165289497,2.434968936753421e-05,False,False,False,False,False,False,False,False,False,False,False,False,False,-2,-2,False,-0.8466666666666665,False,False,False,4.050025558471679,1856.0404000000003,1,0.000182165289497,0.000182165289497,1095,145,False,145.0,False,False,False,False,0.133660769442253,28.382874772116086,3.7938851356752665
ARGLPDYWASSEAFDY,H3-23_A,K4-1,True,1,25,7,3.204070451101079e-06,0.000182165289497,2.434968936753421e-05,False,False,False,False,False,False,False,False,False,False,False,False,False,-2,-2,False,1.68125,False,False,False,4.050025558471679,1847.9323,1,0.000182165289497,0.000182165289497,437,146,False,146.0,True,False,False,False,0.133660769442253,56.67744135309594,7.575966282628458
ARGSWDYFTYHAFDP,H1-69,K4-1,True,1,25,7,3.204070451101079e-06,0.000182165289497,2.434968936753421e-05,False,False,False,False,True,False,False,False,False,False,False,False,False,-1,0,False,1.186666666666667,False,False,False,5.212373733520507,1832.9225,1,0.000182165289497,0.000182165289497,443,147,False,147.0,False,False,False,False,0.133660769442253,56.67744135309594,7.575966282628458
ARSSWDYFTPLYFDI,H1-69,K1-39,True,2,22,7,6.408140902202158e-06,0.0001603054547574,2.434968936753421e-05,False,False,False,False,False,False,False,False,False,False,False,False,False,-1,-1,False,-0.1866666666666664,False,False,False,4.207874679565429,1881.0465,1,0.0001603054547574,0.0001603054547574,560,148,False,148.0,True,True,False,False,0.1518861010897657,24.976929799468387,3.7938851356752665
ARSSWDYFTYHAFDP,H1-69,K3-15,True,15,43,6,4.806105676651618e-05,0.0003133242979349,2.0871162315029324e-05,False,False,False,False,True,False,False,False,False,False,False,False,False,-1,0,False,1.24,False,False,False,5.212373733520507,1862.9485,1,0.0003133242979349,0.0003133242979349,443,151,False,151.0,True,True,False,False,0.06660988743519432,6.5179407113251875,0.4341731536379932
ARAISLGSWRKYFDY,H3-23_A,K1-39,True,1,21,6,3.204070451101079e-06,0.0001530188431775,2.0871162315029324e-05,False,False,False,False,False,False,False,False,False,False,False,False,False,2,2,False,0.4533333333333335,False,False,False,9.69757843017578,1833.0534,2,0.0001530188431775,0.0001530188431775,42,152,False,152.0,False,False,False,False,0.13638711423061997,47.60905073660681,6.493685385110107
ARSVYDYWSTFYFDI,UNK,K4-1,True,3,17,6,9.612211353303235e-06,0.000123872396858,2.0871162315029324e-05,False,False,False,True,False,False,False,False,False,False,False,False,False,-1,-1,False,-0.0866666666666665,False,False,False,4.207874679565429,1933.0779,1,0.000123872396858,0.000123872396858,1145,154,False,154.0,True,False,False,False,0.1684756094843149,12.87358927274815,2.1690608893000887
ARGLYDYWSEWYFDY,H3-23_A,K3-15,True,3,107,5,9.612211353303235e-06,0.0007796674390474,1.7392635262524437e-05,False,False,False,True,False,False,False,False,False,False,False,False,False,-2,-2,False,0.0200000000000001,False,False,False,4.050025558471679,2034.1403,1,0.0007796674390474,0.0007796674390474,446,155,False,155.0,False,False,False,False,0.02230747536285587,81.02788542259009,1.8075507410834073
ARSLWDYWALEAFDI,UNK,K4-1,True,2,48,5,6.408140902202158e-06,0.0003497573558343,1.7392635262524437e-05,False,False,False,False,False,False,False,False,False,False,False,False,False,-2,-2,False,-0.8466666666666665,False,False,False,4.050025558471679,1856.0404000000003,1,0.0003497573558343,0.0003497573558343,1095,156,False,156.0,False,False,False,False,0.0497262965580015,54.495119562472226,2.709917954053762
ARVHIYSSPKLYFDP,H3-7_A,K1-39,True,15,32,5,4.806105676651618e-05,0.0002331715705562,1.7392635262524437e-05,False,False,False,False,True,False,False,False,False,False,False,False,False,1,2,False,0.4933333333333334,False,False,False,8.546315002441407,1793.0293,1,0.0002331715705562,0.0002331715705562,1223,157,False,157.0,False,False,False,False,0.07458837857999832,4.850560529358183,0.36181096136499435
ARAISLGSWRKYFDY,UNK,K4-1,True,3,29,5,9.612211353303235e-06,0.0002113117358166,1.7392635262524437e-05,False,False,False,False,False,False,False,False,False,False,False,False,False,2,2,False,0.4533333333333335,False,False,False,9.69757843017578,1833.0534,2,0.0002113117358166,0.0002113117358166,42,158,False,158.0,False,False,False,False,0.08230405261112847,21.960828759395127,1.8075507410834073
ARAHYHYKYPAWFDP,H3-23_A,K4-1,True,1,15,5,3.204070451101079e-06,0.0001092991736982,1.7392635262524437e-05,False,False,False,True,True,False,False,False,False,False,False,False,False,1,3,False,0.6466666666666668,False,False,False,8.485740661621094,1922.1067000000005,1,0.0001092991736982,0.0001092991736982,37,160,False,160.0,True,True,False,False,0.15911414087298004,34.00646481185756,5.4114044875917555
ARHWYGWSSFDY,H3-23_A,K4-1,True,68,342,4,0.0002178767906748,0.00249202116032,1.3914108210019547e-05,False,False,False,True,False,False,False,False,False,False,False,False,False,0,1,False,0.3416666666666668,False,False,False,6.787184524536133,1574.6515,1,0.00249202116032,0.00249202116032,735,161,False,161.0,False,False,False,True,0.005583440701533141,11.437229180356265,0.06385934717257187
ARGLYDYWSEWYFDY,UNK,K3-15,True,6,56,4,1.9224422706606477e-05,0.0004080502484734,1.3914108210019547e-05,False,False,False,True,False,False,False,False,False,False,False,False,False,-2,-2,False,0.0200000000000001,False,False,False,4.050025558471679,2034.1403,1,0.0004080502484734,0.0004080502484734,446,162,False,162.0,False,False,False,False,0.034098171194263144,21.21458255844852,0.7233961955739096
ARGRWEYWSYSYFDI,H3-23_A,K4-1,True,2,51,4,6.408140902202158e-06,0.000371617190574,1.3914108210019547e-05,False,False,False,False,False,False,False,False,False,False,False,False,False,0,0,False,0.2733333333333334,False,False,False,6.112389755249024,1999.1427,2,0.000371617190574,0.000371617190574,528,163,False,163.0,False,False,False,False,0.037441039199872295,57.90106453513552,2.1679343632430093
AREHVYRAAGLTYFDP,H3-23_A,K4-1,True,2,21,4,6.408140902202158e-06,0.0001530188431775,1.3914108210019547e-05,False,False,False,False,True,False,False,False,False,False,False,False,False,0,1,False,1.3562500000000002,False,False,False,6.795363235473633,1866.0403,2,0.0001530188431775,0.0001530188431775,307,166,False,166.0,True,True,False,False,0.09092474282041331,23.84161480858063,2.1679343632430093
ARAGRPSPTGYDYGFDY,H1-69,K4-1,True,1,88,3,3.204070451101079e-06,0.0006412218190297,1.0435581157514662e-05,False,False,False,False,False,False,False,False,False,False,False,False,False,0,0,False,2.9823529411764707,False,False,False,6.003152847290039,1892.9762,2,0.0006412218190297,0.0006412218190297,26,167,False,167.0,False,False,False,False,0.01627427218647008,199.5045935629786,3.2468426925550533
ARGSYDYWAYHPFDI,H1-69,UNK,True,3,74,3,9.612211353303235e-06,0.0005392092569113,1.0435581157514662e-05,False,False,False,False,False,False,False,False,False,False,False,False,False,-1,0,False,0.7933333333333334,False,False,False,5.212322616577147,1860.9756,1,0.0005392092569113,0.0005392092569113,447,168,False,168.0,False,False,False,False,0.019353131446548624,56.03797683431609,1.0845304446500443
ARAGRPSPTGYDYGFDY,H3-23_A,K1-39,True,2,30,3,6.408140902202158e-06,0.0002185983473964,1.0435581157514662e-05,False,False,False,False,False,False,False,False,False,False,False,False,False,0,0,False,2.9823529411764707,False,False,False,6.003152847290039,1892.9762,2,0.0002185983473964,0.0002185983473964,26,169,False,169.0,False,False,False,False,0.047736425812651806,34.059449726539306,1.625950772432257
ARAGRPSPTGYDYGFDY,UNK,K4-1,True,4,27,3,1.2816281804404316e-05,0.0001967385126568,1.0435581157514662e-05,False,False,False,False,False,False,False,False,False,False,False,False,False,0,0,False,2.9823529411764707,False,False,False,6.003152847290039,1892.9762,2,0.0001967385126568,0.0001967385126568,26,170,False,170.0,False,False,False,False,0.05304020354002909,15.338701866759509,0.8136092218035682
ARGLYDYWSEWYFDY,H1-69,K1-39,True,3,22,3,9.612211353303235e-06,0.0001603054547574,1.0435581157514662e-05,False,False,False,True,False,False,False,False,False,False,False,False,False,-2,-2,False,0.0200000000000001,False,False,False,4.050025558471679,2034.1403,1,0.0001603054547574,0.0001603054547574,446,171,False,171.0,False,False,False,False,0.0650940433241853,16.659939058849325,1.0845304446500443
ARAISLGSWRKYFDY,H3-23_A,K3-20,True,2,19,3,6.408140902202158e-06,0.0001384456200177,1.0435581157514662e-05,False,False,False,False,False,False,False,False,False,False,False,False,False,2,2,False,0.4533333333333335,False,False,False,9.69757843017578,1833.0534,2,0.0001384456200177,0.0001384456200177,42,172,False,172.0,False,False,False,False,0.07537130783265128,21.57098482680511,1.625950772432257
AREHVYRAAGLTYFDP,H3-23_A,UNK,True,2,17,3,6.408140902202158e-06,0.000123872396858,1.0435581157514662e-05,False,False,False,False,True,False,False,False,False,False,False,False,False,0,1,False,1.3562500000000002,False,False,False,6.795363235473633,1866.0403,2,0.000123872396858,0.000123872396858,307,173,False,173.0,True,True,False,False,0.08423780474215745,19.30035484504517,1.625950772432257
ARGSYDYWAYHPFDI,H1-69,K4-1,True,2,87,2,6.408140902202158e-06,0.0006339352074498,6.957054105009775e-06,False,False,False,False,False,False,False,False,False,False,False,False,False,-1,0,False,0.7933333333333334,False,False,False,5.212322616577147,1860.9756,1,0.0006339352074498,0.0006339352074498,447,175,False,175.0,False,False,False,False,0.010974219890384896,98.77240420700137,1.0839671816215048
ARGRWEYWSYSYFDI,UNK,K4-1,True,4,38,2,1.2816281804404316e-05,0.0002768912400355,6.957054105009775e-06,False,False,False,False,False,False,False,False,False,False,False,False,False,0,0,False,0.2733333333333334,False,False,False,6.112389755249024,1999.1427,2,0.0002768912400355,0.0002768912400355,528,176,False,176.0,False,False,False,False,0.025124676596312276,21.587802627291452,0.5424061478690455
ARGSYDYWAYHPFDI,H1-69,K1-39,True,1,24,2,3.204070451101079e-06,0.0001748786779171,6.957054105009775e-06,False,False,False,False,False,False,False,False,False,False,False,False,False,-1,0,False,0.7933333333333334,False,False,False,5.212322616577147,1860.9756,1,0.0001748786779171,0.0001748786779171,447,177,False,177.0,False,False,False,False,0.039779899921866466,54.41034369896588,2.1645617950367027
AREHVYRAAGLTYFDP,UNK,K3-20,True,4,20,2,1.2816281804404316e-05,0.0001457322315976,6.957054105009775e-06,False,False,False,False,True,False,False,False,False,False,False,False,False,0,1,False,1.3562500000000002,False,False,False,6.795363235473633,1866.0403,2,0.0001457322315976,0.0001457322315976,307,179,False,179.0,True,False,False,False,0.04773533401230245,11.36200138278251,0.5424061478690455
ARGLYDYWSYGYFDY,H3-23_A,K1-39,True,2,15,2,6.408140902202158e-06,0.0001092991736982,6.957054105009775e-06,False,False,False,False,False,False,False,False,False,False,False,False,False,-1,-1,False,0.4200000000000001,False,False,False,4.207874679565429,1939.0409,1,0.0001092991736982,0.0001092991736982,448,181,False,181.0,True,False,False,False,0.06364565634919202,17.029724863269653,1.0839671816215048
ARAHYHYKYPAWFDP,H3-23_A,K3-20,True,1,15,2,3.204070451101079e-06,0.0001092991736982,6.957054105009775e-06,False,False,False,True,True,False,False,False,False,False,False,False,False,1,3,False,0.6466666666666668,False,False,False,8.485740661621094,1922.1067000000005,1,0.0001092991736982,0.0001092991736982,37,182,False,182.0,True,True,False,False,0.06364565634919202,34.00646481185756,2.1645617950367027
ARVHIYSGRPYTFDI,H1-69,K3-20,True,1,15,2,3.204070451101079e-06,0.0001092991736982,6.957054105009775e-06,False,False,False,False,False,False,False,False,False,False,False,False,False,1,2,False,0.6266666666666668,False,False,False,8.638685607910158,1795.0054,2,0.0001092991736982,0.0001092991736982,1222,183,False,183.0,False,False,False,False,0.06364565634919202,34.00646481185756,2.1645617950367027
ARKRPSVWSSYLFDY,H3-23_A,K3-20,True,58,1,2,0.0001858360861638,7.286611579883123e-06,6.957054105009775e-06,False,False,False,False,False,False,False,False,False,False,False,False,False,2,2,False,0.7933333333333334,False,False,False,9.69757843017578,1875.0901,2,0.0001858360861638,7.286611579883123e-06,812,184,False,184.0,False,False,False,False,0.9534636767825887,0.03920777526334824,0.03743449350274724
ARGSYDYWAYTQFDI,H1-69,K4-1,True,73,2004,1,0.0002338971429303,0.0146023696060857,3.4785270525048872e-06,False,False,False,False,False,False,False,False,False,False,False,False,False,-1,-1,False,1.2600000000000002,False,False,False,4.207874679565429,1855.9542,1,0.0146023696060857,0.0146023696060857,561,185,False,185.0,False,False,False,True,0.00023821645145118494,62.42806193582953,0.014871401569559694
ARSLYDYWTSFYFDY,H1-69,K4-1,True,83,1206,1,0.0002659378474413,0.008787653565339,3.4785270525048872e-06,False,False,False,True,False,False,False,False,False,False,False,False,False,-1,-1,False,-0.0466666666666664,False,False,False,4.207874679565429,1997.1201,1,0.008787653565339,0.008787653565339,1097,186,False,186.0,False,False,False,True,0.0003958420832387313,33.042770038883695,0.013079733812369612
ARSLYDYWSPYSFDY,H1-69,K4-1,True,57,756,1,0.0001826320157127,0.0055086783543916,3.4785270525048872e-06,False,False,False,False,False,False,False,False,False,False,False,False,False,-1,-1,False,0.7933333333333334,False,False,False,4.207874679565429,1933.0349,1,0.0055086783543916,0.0055086783543916,1097,187,False,187.0,False,False,False,True,0.000631461943155989,30.16106854107915,0.019045601522361035
ARAEYDWYGDYGFDI,H3-23_A,K4-1,True,33,389,1,0.0001057343248863,0.0028344919045745,3.4785270525048872e-06,False,False,False,False,False,False,False,False,False,True,False,False,False,-3,-3,False,1.646666666666667,False,False,False,4.050025558471679,1840.8965000000003,1,0.0028344919045745,0.0028344919045745,15,188,False,188.0,False,False,False,True,0.001227209283892531,26.80514446162709,0.032895638193776555
ARGIYDAFAYSNFDY,H1-69,K4-1,True,22,361,1,7.048954992422373e-05,0.0026304667803378,3.4785270525048872e-06,False,False,False,False,False,False,False,False,False,False,False,False,False,-1,-1,False,1.1733333333333331,False,False,False,4.207874679565429,1772.8655,1,0.0026304667803378,0.0026304667803378,424,189,False,189.0,False,False,False,True,0.001322394129652109,37.3118237373877,0.049341124251768606
ARSGTYSYWSYDEFDP,H1-69,K4-1,True,24,204,1,7.68976908264259e-05,0.0014864687622961,3.4785270525048872e-06,False,False,False,False,True,False,False,False,False,True,False,False,False,-2,-2,False,2.60625,False,False,False,4.050025558471679,1943.9733,1,0.0014864687622961,0.0014864687622961,1081,190,False,190.0,False,False,False,True,0.0023401121770026206,19.327959874012254,0.04522989853323807
ARGRGWDAFSYGYFDY,H1-69,K1-39,True,3,192,1,9.612211353303235e-06,0.0013990294233375,3.4785270525048872e-06,False,False,False,False,False,False,False,False,False,False,False,False,False,0,0,False,1.38125,False,False,False,6.003152847290039,1931.0256,2,0.0013990294233375,0.0013990294233375,511,191,False,191.0,False,False,False,True,0.0024863681426550753,145.39583178634123,0.3615101482166814
ARGPWDYWALAYFDY,H1-69,K3-15,True,3,190,1,9.612211353303235e-06,0.0013844562001777,3.4785270525048872e-06,False,False,False,False,False,False,False,False,False,False,False,False,False,-1,-1,False,-0.3866666666666665,False,False,False,4.207874679565429,1894.0468,1,0.0013844562001777,0.0013844562001777,486,192,False,192.0,False,False,False,True,0.0025125402498511044,143.8812918718966,0.3615101482166814
ARGVYDWFSFYAFDI,H1-69,K3-15,True,55,137,1,0.0001762238748105,0.0009982657864439,3.4785270525048872e-06,False,False,False,False,False,False,False,False,False,False,False,False,False,-1,-1,False,-0.8333333333333331,False,False,False,4.207874679565429,1857.0265,1,0.0009982657864439,0.0009982657864439,588,194,False,194.0,False,False,False,True,0.003484535135221744,5.664437597580549,0.019738129552251307
ARAGRVLWDYGFDY,H3-23_A,K4-1,True,33,131,1,0.0001057343248863,0.0009545461169646,3.4785270525048872e-06,False,False,False,False,False,False,False,False,False,False,False,False,False,0,0,False,0.5785714285714286,False,False,False,6.004021835327148,1688.8385999999998,2,0.0009545461169646,0.0009545461169646,28,195,False,195.0,False,False,False,True,0.003644130492365688,9.026925255714303,0.032895638193776555
ARGLGSLWGDYFDY,H3-23_A,K4-1,True,149,124,1,0.000477406497214,0.0009035398359055,3.4785270525048872e-06,False,False,False,False,False,False,False,False,False,False,False,False,False,-1,-1,False,0.6071428571428574,False,False,False,4.207874679565429,1619.7302,1,0.0009035398359055,0.0009035398359055,433,196,False,196.0,False,False,False,True,0.0038498452595244538,1.8925609843358469,0.007286147573039672
ARVYSYWLYDFDY,H4-34,K1-39,True,20,120,1,6.408140902202157e-05,0.0008743933895859,3.4785270525048872e-06,False,False,False,False,False,False,False,False,False,True,False,False,False,-1,-1,False,-0.5307692307692307,False,False,False,4.207874679565429,1760.8961,1,0.0008743933895859,0.0008743933895859,1353,197,False,197.0,False,False,False,True,0.003978171967233851,13.642911006769436,0.05427446682143746
AREAGDVYNYNYGFDI,H3-23_A,K4-1,True,21,116,1,6.728547947312265e-05,0.0008452469432664,3.4785270525048872e-06,False,False,False,False,False,False,False,False,False,False,False,False,False,-2,-2,False,2.1875,False,False,False,4.050025558471679,1866.9354,1,0.0008452469432664,0.0008452469432664,300,198,False,198.0,False,False,False,True,0.004115348688012561,12.560233612779085,0.051690352453676876
ARSSGWDAFSLYAFDY,H1-69,K4-1,True,1,109,1,3.204070451101079e-06,0.0007942406622072,3.4785270525048872e-06,False,False,False,False,False,False,False,False,False,False,False,False,False,-1,-1,False,0.8937500000000002,False,False,False,4.207874679565429,1855.9542,1,0.0007942406622072,0.0007942406622072,1130,199,False,199.0,False,False,False,True,0.004379633808347304,247.1136442995854,1.082280897518351
ARSREYDYWVPSYAFDY,H1-69,K4-1,True,9,107,1,2.883663405990971e-05,0.0007796674390474,3.4785270525048872e-06,False,False,False,False,False,False,False,False,False,True,False,False,False,-1,-1,False,1.4705882352941178,False,False,False,4.558281326293945,2188.3086,2,0.0007796674390474,0.0007796674390474,1104,200,False,200.0,False,False,False,True,0.004461495072571174,27.028021273752742,0.12058693036007456
ARAASYDWYSLYWFDP,H1-69,K4-1,True,27,104,1,8.650990217972912e-05,0.0007578076043078,3.4785270525048872e-06,False,False,False,True,True,False,False,False,False,False,False,False,False,-1,-1,False,0.0937500000000001,False,False,False,4.207874679565429,2011.1501000000003,1,0.0007578076043078,0.0007578076043078,6,201,False,201.0,False,False,False,True,0.004590190347560238,8.758766309439354,0.040204935105900716
ARGSGNWYTFDY,H4-34,K3-15,True,2,103,1,6.408140902202158e-06,0.0007505209927279,3.4785270525048872e-06,False,False,False,False,False,False,False,False,False,False,False,False,False,0,0,False,1.95,False,False,False,5.87944984436035,1436.4828,1,0.0007505209927279,0.0007505209927279,545,202,False,202.0,False,False,False,True,0.0046347547086120185,116.93744406115877,0.5419835908107523
ARHRVWSAVSHYTAFDP,H3-23_A,K1-39,True,58,102,1,0.0001858360861638,0.000743234381148,3.4785270525048872e-06,False,False,False,False,True,False,False,False,False,False,False,False,False,1,3,False,1.2176470588235295,False,False,False,8.801948547363281,2000.179,2,0.000743234381148,0.000743234381148,705,203,False,203.0,False,False,False,True,0.004680192868908104,3.999193076861098,0.01871724675137362
ARDVFPYGLYGWFDP,H1-69,K3-15,True,104,100,1,0.0003332233269145,0.0007286611579883,3.4785270525048872e-06,False,False,False,False,True,False,False,False,False,False,False,False,False,-1,-1,False,-0.2133333333333331,False,False,False,4.207874679565429,1802.9792,1,0.0007286611579883,0.0007286611579883,239,204,False,204.0,False,False,False,True,0.004773795441702855,2.1866395079243013,0.010438712972419465
ARVHIYSYRPLVFDP,H3-23_A,UNK,True,60,100,1,0.000192244227066,0.0007286611579883,3.4785270525048872e-06,False,False,False,False,True,False,False,False,False,False,False,False,False,1,2,False,-0.2866666666666665,False,False,False,8.638685607910158,1833.0964,2,0.0007286611579883,0.0007286611579883,1224,205,False,205.0,False,False,False,True,0.004773795441702855,3.7900917400279264,0.018093370978577883
ARGSYDYWAYTQFDI,H3-23_A,K4-1,True,2,89,1,6.408140902202158e-06,0.0006485084306095,3.4785270525048872e-06,False,False,False,False,False,False,False,False,False,False,False,False,False,-1,-1,False,1.2600000000000002,False,False,False,4.207874679565429,1855.9542,1,0.0006485084306095,0.0006485084306095,561,206,False,206.0,False,False,False,False,0.0053638060050747475,101.04303418876131,0.5419835908107523
ARGLVFYPAPFDY,H3-7_A,K1-39,True,32,87,1,0.0001025302544352,0.0006339352074498,3.4785270525048872e-06,False,False,False,False,False,False,False,False,False,False,False,False,False,0,0,False,-0.5230769230769229,False,False,False,5.87944984436035,1515.7085,1,0.0006339352074498,0.0006339352074498,440,207,False,207.0,False,False,False,True,0.005487109945192447,6.182305777780311,0.033923526635123886
ARGKYDAITAWYFDP,H1-69,K4-1,True,27,77,1,8.650990217972912e-05,0.000561069091651,3.4785270525048872e-06,False,False,False,True,True,False,False,False,False,False,False,False,False,0,0,False,1.2133333333333336,False,False,False,6.003152847290039,1773.9399,1,0.000561069091651,0.000561069091651,428,208,False,208.0,False,False,False,True,0.006199708925651047,6.484855825258362,0.040204935105900716
ARANYEDLDAGDYGFDY,H3-23_A,K4-1,True,18,72,1,5.767326811981942e-05,0.0005246360337515,3.4785270525048872e-06,False,False,False,False,False,False,False,False,False,True,False,False,False,-4,-4,False,3.094117647058824,False,False,False,4.050025558471679,1954.9545,1,0.0005246360337515,0.0005246360337515,57,209,False,209.0,False,False,False,True,0.0066302360615052335,9.095116328390555,0.06030391768509556
ARWHRYSSGYSWFDP,H3-7_A,K1-39,True,13,72,1,4.165291586431402e-05,0.0005246360337515,3.4785270525048872e-06,False,False,False,False,True,False,False,False,False,False,False,False,False,1,2,False,1.1266666666666667,False,False,False,8.638685607910158,1915.0297,2,0.0005246360337515,0.0005246360337515,1365,210,False,210.0,False,False,False,True,0.0066302360615052335,12.59239836837421,0.08349216516274577
ARGRGWSYWSVEGFDI,H1-69,K4-1,True,105,64,1,0.0003364273973656,0.0004663431411125,3.4785270525048872e-06,False,False,False,False,False,False,False,False,False,False,False,False,False,0,0,False,0.975,False,False,False,6.114178848266601,1886.0299,2,0.0004663431411125,0.0004663431411125,512,211,False,211.0,False,False,False,True,0.007458997797692006,1.3861215927958628,0.010339299613368604
ARGSYDYWAYHPFDI,UNK,K3-20,True,1,61,1,3.204070451101079e-06,0.0004444833063728,3.4785270525048872e-06,False,False,False,False,False,False,False,False,False,False,False,False,False,-1,0,False,0.7933333333333334,False,False,False,5.212322616577147,1860.9756,1,0.0004444833063728,0.0004444833063728,447,212,False,212.0,False,False,False,False,0.007825825502054736,138.29295690159142,1.082280897518351
ARSLYDYWTSFYFDY,H3-23_A,K4-1,True,3,53,1,9.612211353303235e-06,0.0003861904137338,3.4785270525048872e-06,False,False,False,True,False,False,False,False,False,False,False,False,False,-1,-1,False,-0.0466666666666664,False,False,False,4.207874679565429,1997.1201,1,0.0003861904137338,0.0003861904137338,1097,213,False,213.0,False,False,False,False,0.009007051594984992,40.13530773268908,0.3615101482166814
ARDYGWNYLGYGFDY,H1-69,K3-15,True,9,52,1,2.883663405990971e-05,0.0003789038021539,3.4785270525048872e-06,False,False,False,False,False,False,False,False,False,False,False,False,False,-1,-1,False,0.9600000000000002,False,False,False,4.207874679565429,1859.9443,1,0.0003789038021539,0.0003789038021539,277,214,False,214.0,False,False,False,False,0.009180259554367052,13.135113142385318,0.12058693036007456
ARAFGYDAFSYFGFDI,H1-69,K1-39,True,3,52,1,9.612211353303235e-06,0.0003789038021539,3.4785270525048872e-06,False,False,False,False,False,False,False,False,False,False,False,False,False,-1,-1,False,-0.0124999999999997,False,False,False,4.207874679565429,1846.9886,1,0.0003789038021539,0.0003789038021539,16,215,False,215.0,False,False,False,False,0.009180259554367052,39.378037775466765,0.3615101482166814
ARDRGVKSPKYVFDY,H3-7_A,K4-1,True,10,51,1,3.204070451101079e-05,0.000371617190574,3.4785270525048872e-06,False,False,False,False,False,False,False,False,False,False,False,False,False,2,2,False,2.386666666666667,False,False,False,9.525611877441406,1801.0100000000002,2,0.000371617190574,0.000371617190574,197,216,False,216.0,False,False,False,False,0.009360259799968075,11.594665273155965,0.10853199970408964
ARSYTWTGWSPEYFDY,H1-69,K4-1,True,4,51,1,1.2816281804404316e-05,0.000371617190574,3.4785270525048872e-06,False,False,False,False,False,False,False,False,False,False,False,False,False,-1,-1,False,1.275,False,False,False,4.370375442504883,2029.1224,1,0.000371617190574,0.000371617190574,1156,217,False,217.0,False,False,False,False,0.009360259799968075,28.97310352610476,0.2712030739345227
ARAGRPSPTGYDYGFDY,H3-23_A,K3-20,True,4,50,1,1.2816281804404316e-05,0.0003643305789941,3.4785270525048872e-06,False,False,False,False,False,False,False,False,False,False,False,False,False,0,0,False,2.9823529411764707,False,False,False,6.003152847290039,1892.9762,2,0.0003643305789941,0.0003643305789941,26,219,False,219.0,False,False,False,False,0.009547459857775593,28.405003456964074,0.2712030739345227
ARGLYDYWSEWYFDY,H1-69,K4-1,True,1,48,1,3.204070451101079e-06,0.0003497573558343,3.4785270525048872e-06,False,False,False,True,False,False,False,False,False,False,False,False,False,-2,-2,False,0.0200000000000001,False,False,False,4.050025558471679,2034.1403,1,0.0003497573558343,0.0003497573558343,446,220,False,220.0,False,False,False,False,0.009945259311600299,108.82068739796286,1.082280897518351
ARGSYDYWAYTQFDI,UNK,K4-1,True,1,48,1,3.204070451101079e-06,0.0003497573558343,3.4785270525048872e-06,False,False,False,False,False,False,False,False,False,False,False,False,False,-1,-1,False,1.2600000000000002,False,False,False,4.207874679565429,1855.9542,1,0.0003497573558343,0.0003497573558343,561,221,False,221.0,False,False,False,False,0.009945259311600299,108.82068739796286,1.082280897518351
ARATRYDAFSPYAFDY,H1-69,K4-1,True,8,42,1,2.5632563608808632e-05,0.000306037686355,3.4785270525048872e-06,False,False,False,False,False,False,False,False,False,False,False,False,False,0,0,False,1.6562500000000002,False,False,False,6.003152847290039,1914.0367,2,0.000306037686355,0.000306037686355,105,222,False,222.0,False,False,False,False,0.01136596421928173,11.934753912431406,0.13565441839481124
ARGLWDYWSLDYFDI,H1-69,K1-39,True,7,40,1,2.242849315770755e-05,0.0002914644631953,3.4785270525048872e-06,False,False,False,False,False,False,False,False,False,False,False,False,False,-2,-2,False,-0.7266666666666665,False,False,False,4.050025558471679,1920.0825,1,0.0002914644631953,0.0002914644631953,444,223,False,223.0,False,False,False,False,0.011934242932884757,12.98948468360866,0.15502498443439477
ARYSTRHSSGFDY,H3-23_A,K3-20,True,18,39,1,5.767326811981942e-05,0.0002841778516154,3.4785270525048872e-06,False,False,False,False,False,False,False,False,False,False,False,False,False,1,2,False,3.076923076923077,False,False,False,8.638685607910158,1546.5986,2,0.0002841778516154,0.0002841778516154,1478,224,False,224.0,False,False,False,False,0.012240238394188937,4.926521344544956,0.06030391768509556
ARDEVLLAYLRYFDY,H3-23_A,K3-20,True,53,36,1,0.0001698157339083,0.0002623180168757,3.4785270525048872e-06,False,False,False,False,False,False,False,False,False,True,False,False,False,-1,-1,False,-0.3866666666666665,False,False,False,4.558281326293945,1907.1285000000005,2,0.0002623180168757,0.0002623180168757,137,225,False,225.0,False,False,False,False,0.013260219376999036,1.5446305506169202,0.02048292077090726
ARSLWDYWALEAFDI,H1-69,K3-20,True,3,36,1,9.612211353303235e-06,0.0002623180168757,3.4785270525048872e-06,False,False,False,False,False,False,False,False,False,False,False,False,False,-2,-2,False,-0.8466666666666665,False,False,False,4.050025558471679,1856.0404000000003,1,0.0002623180168757,0.0002623180168757,1095,226,False,226.0,False,False,False,False,0.013260219376999036,27.261718459930535,0.3615101482166814
ARGAYDWSYFSYSFDY,H1-69,K4-1,True,2,31,1,6.408140902202158e-06,0.0002258849589763,3.4785270525048872e-06,False,False,False,False,False,False,False,False,False,False,False,False,False,-1,-1,False,1.1,False,False,False,4.207874679565429,1998.0651000000005,1,0.0002258849589763,0.0002258849589763,395,228,False,228.0,False,False,False,False,0.015398869759062843,35.19476471742706,0.5419835908107523
ARHWYGWSSFDY,H1-69,K4-1,True,2,29,1,6.408140902202158e-06,0.0002113117358166,3.4785270525048872e-06,False,False,False,True,False,False,False,False,False,False,False,False,False,0,1,False,0.3416666666666668,False,False,False,6.787184524536133,1574.6515,1,0.0002113117358166,0.0002113117358166,735,229,False,229.0,False,False,False,False,0.016460810522225693,32.924134735667124,0.5419835908107523
ARSLYDYWTSFYFDY,UNK,K4-1,True,2,29,1,6.408140902202158e-06,0.0002113117358166,3.4785270525048872e-06,False,False,False,True,False,False,False,False,False,False,False,False,False,-1,-1,False,-0.0466666666666664,False,False,False,4.207874679565429,1997.1201,1,0.0002113117358166,0.0002113117358166,1097,230,False,230.0,False,False,False,False,0.016460810522225693,32.924134735667124,0.5419835908107523
ARGLYDYWSEWYFDY,H1-69,K3-20,True,2,26,1,6.408140902202158e-06,0.0001894519010769,3.4785270525048872e-06,False,False,False,True,False,False,False,False,False,False,False,False,False,-2,-2,False,0.0200000000000001,False,False,False,4.050025558471679,2034.1403,1,0.0001894519010769,0.0001894519010769,446,231,False,231.0,False,False,False,False,0.018360034564907066,29.518189763003846,0.5419835908107523
ARAEYDWYGDYGFDI,UNK,K4-1,True,4,25,1,1.2816281804404316e-05,0.000182165289497,3.4785270525048872e-06,False,False,False,False,False,False,False,False,False,True,False,False,False,-3,-3,False,1.646666666666667,False,False,False,4.050025558471679,1840.8965000000003,1,0.000182165289497,0.000182165289497,15,232,False,232.0,False,False,False,False,0.01909439563460757,14.202501728478138,0.2712030739345227
ARSLYDYWSPYSFDY,H3-23_A,K4-1,True,4,24,1,1.2816281804404316e-05,0.0001748786779171,3.4785270525048872e-06,False,False,False,False,False,False,False,False,False,False,False,False,False,-1,-1,False,0.7933333333333334,False,False,False,4.207874679565429,1933.0349,1,0.0001748786779171,0.0001748786779171,1097,233,False,233.0,False,False,False,False,0.01988994996093323,13.634401659337454,0.2712030739345227
ARGSYDYWAYTQFDI,H1-69,K1-39,True,2,24,1,6.408140902202158e-06,0.0001748786779171,3.4785270525048872e-06,False,False,False,False,False,False,False,False,False,False,False,False,False,-1,-1,False,1.2600000000000002,False,False,False,4.207874679565429,1855.9542,1,0.0001748786779171,0.0001748786779171,561,234,False,234.0,False,False,False,False,0.01988994996093323,27.247559781228325,0.5419835908107523
ARGSYDYWSEWYFDY,H1-69,K3-15,True,1,24,1,3.204070451101079e-06,0.0001748786779171,3.4785270525048872e-06,False,False,False,True,False,False,False,False,False,False,False,False,False,-2,-2,False,1.0666666666666669,False,False,False,4.050025558471679,2008.06,1,0.0001748786779171,0.0001748786779171,562,235,False,235.0,False,False,False,False,0.01988994996093323,54.41034369896588,1.082280897518351
ARGVDYRWFAQTWGFDI,H3-23_A,K3-15,True,1,24,1,3.204070451101079e-06,0.0001748786779171,3.4785270525048872e-06,False,False,False,False,False,False,False,False,False,False,False,False,False,0,0,False,0.1882352941176472,False,False,False,6.004890823364257,2088.2822,2,0.0001748786779171,0.0001748786779171,582,236,False,236.0,False,False,False,False,0.01988994996093323,54.41034369896588,1.082280897518351
ARSSYDYWAYTQFDI,H1-69,K4-1,True,1,24,1,3.204070451101079e-06,0.0001748786779171,3.4785270525048872e-06,False,False,False,False,False,False,False,False,False,False,False,False,False,-1,-1,False,1.3133333333333337,False,False,False,4.207874679565429,1885.9802,1,0.0001748786779171,0.0001748786779171,561,237,False,237.0,False,False,False,False,0.01988994996093323,54.41034369896588,1.082280897518351
ARAEYDWYGDYGFDI,H1-69,K4-1,True,2,23,1,6.408140902202158e-06,0.0001675920663373,3.4785270525048872e-06,False,False,False,False,False,False,False,False,False,True,False,False,False,-3,-3,False,1.646666666666667,False,False,False,4.050025558471679,1840.8965000000003,1,0.0001675920663373,0.0001675920663373,15,238,False,238.0,False,False,False,False,0.02075467879676575,26.112244790356147,0.5419835908107523
ARGRWEYWSYSYFDI,H1-69,K3-20,True,1,23,1,3.204070451101079e-06,0.0001675920663373,3.4785270525048872e-06,False,False,False,False,False,False,False,False,False,False,False,False,False,0,0,False,0.2733333333333334,False,False,False,6.112389755249024,1999.1427,2,0.0001675920663373,0.0001675920663373,528,239,False,239.0,False,False,False,False,0.02075467879676575,52.143246044866935,1.082280897518351
ARGIYDAFAYSNFDY,H3-23_A,K4-1,True,3,22,1,9.612211353303235e-06,0.0001603054547574,3.4785270525048872e-06,False,False,False,False,False,False,False,False,False,False,False,False,False,-1,-1,False,1.1733333333333331,False,False,False,4.207874679565429,1772.8655,1,0.0001603054547574,0.0001603054547574,424,240,False,240.0,False,False,False,False,0.021698014441395096,16.659939058849325,0.3615101482166814
ARHPLREYLGDAFDI,H3-7_A,K4-1,True,11,21,1,3.524477496211187e-05,0.0001530188431775,3.4785270525048872e-06,False,False,False,False,False,False,False,False,False,False,False,False,False,-1,0,False,0.8533333333333335,False,False,False,5.382593154907226,1772.9569,2,0.0001530188431775,0.0001530188431775,672,241,False,241.0,False,False,False,False,0.02273118570510333,4.340372143686879,0.09866825291732093
ARGLYDYWAYHPFDI,H1-69,K3-20,True,1,21,1,3.204070451101079e-06,0.0001530188431775,3.4785270525048872e-06,False,False,False,False,False,False,False,False,False,False,False,False,False,-1,0,False,-0.2533333333333332,False,False,False,5.212322616577147,1887.0559000000003,1,0.0001530188431775,0.0001530188431775,447,242,False,242.0,False,False,False,False,0.02273118570510333,47.60905073660681,1.082280897518351
AREHVYRLPNAGYFDP,H3-23_A,K3-20,True,60,20,1,0.000192244227066,0.0001457322315976,3.4785270525048872e-06,False,False,False,False,True,False,False,False,False,False,False,False,False,0,1,False,1.4687500000000002,False,False,False,6.795363235473633,1905.0763,2,0.000192244227066,0.0001457322315976,308,243,False,243.0,False,False,False,False,0.02386766700615122,0.7580183480052731,0.018093370978577883
ARGSYDYWAYTQFDI,H1-69,K3-20,True,4,19,1,1.2816281804404316e-05,0.0001384456200177,3.4785270525048872e-06,False,False,False,False,False,False,False,False,False,False,False,False,False,-1,-1,False,1.2600000000000002,False,False,False,4.207874679565429,1855.9542,1,0.0001384456200177,0.0001384456200177,561,244,False,244.0,False,False,False,False,0.025123769277550428,10.793901313641827,0.2712030739345227
ARSLYDYWTSFYFDY,H1-69,K3-20,True,3,19,1,9.612211353303235e-06,0.0001384456200177,3.4785270525048872e-06,False,False,False,True,False,False,False,False,False,False,False,False,False,-1,-1,False,-0.0466666666666664,False,False,False,4.207874679565429,1997.1201,1,0.0001384456200177,0.0001384456200177,1097,245,False,245.0,False,False,False,False,0.025123769277550428,14.388129187182386,0.3615101482166814
ARGRWEYWSYSYFDI,H1-69,K1-39,True,2,19,1,6.408140902202158e-06,0.0001384456200177,3.4785270525048872e-06,False,False,False,False,False,False,False,False,False,False,False,False,False,0,0,False,0.2733333333333334,False,False,False,6.112389755249024,1999.1427,2,0.0001384456200177,0.0001384456200177,528,246,False,246.0,False,False,False,False,0.025123769277550428,21.57098482680511,0.5419835908107523
ARHPTSVRYGYGFDY,H1-69,K3-20,True,2,18,1,6.408140902202158e-06,0.0001311590084378,3.4785270525048872e-06,False,False,False,False,False,False,False,False,False,False,False,False,False,1,2,False,1.9466666666666668,False,False,False,8.545542907714843,1788.9146999999998,2,0.0001311590084378,0.0001311590084378,679,247,False,247.0,False,False,False,False,0.026519427827758537,20.43566983591735,0.5419835908107523
ARSLWDYWALEAFDI,H1-69,UNK,True,2,16,1,6.408140902202158e-06,0.0001165857852781,3.4785270525048872e-06,False,False,False,False,False,False,False,False,False,False,False,False,False,-2,-2,False,-0.8466666666666665,False,False,False,4.050025558471679,1856.0404000000003,1,0.0001165857852781,0.0001165857852781,1095,249,False,249.0,False,False,False,False,0.029834071996753843,18.16503985415741,0.5419835908107523
ARHWYGWSSFDY,H3-23_A,K1-39,True,1,16,1,3.204070451101079e-06,0.0001165857852781,3.4785270525048872e-06,False,False,False,True,False,False,False,False,False,False,False,False,False,0,1,False,0.3416666666666668,False,False,False,6.787184524536133,1574.6515,1,0.0001165857852781,0.0001165857852781,735,250,False,250.0,False,False,False,False,0.029834071996753843,36.273562465987624,1.082280897518351
ARSLYDYWSPYSFDY,UNK,K4-1,True,2,15,1,6.408140902202158e-06,0.0001092991736982,3.4785270525048872e-06,False,False,False,False,False,False,False,False,False,False,False,False,False,-1,-1,False,0.7933333333333334,False,False,False,4.207874679565429,1933.0349,1,0.0001092991736982,0.0001092991736982,1097,251,False,251.0,False,False,False,False,0.031822828174596,17.029724863269653,0.5419835908107523
ARGLYDYWAYTQFDI,H1-69,K4-1,True,1,15,1,3.204070451101079e-06,0.0001092991736982,3.4785270525048872e-06,False,False,False,False,False,False,False,False,False,False,False,False,False,-1,-1,False,0.2133333333333334,False,False,False,4.207874679565429,1882.0345,1,0.0001092991736982,0.0001092991736982,447,252,False,252.0,False,False,False,False,0.031822828174596,34.00646481185756,1.082280897518351
ARGSYDYWAYTQFDI,H1-69,UNK,True,1,15,1,3.204070451101079e-06,0.0001092991736982,3.4785270525048872e-06,False,False,False,False,False,False,False,False,False,False,False,False,False,-1,-1,False,1.2600000000000002,False,False,False,4.207874679565429,1855.9542,1,0.0001092991736982,0.0001092991736982,561,253,False,253.0,False,False,False,False,0.031822828174596,34.00646481185756,1.082280897518351
ARHWYGWSSFDY,H3-23_A,K3-20,True,1,15,1,3.204070451101079e-06,0.0001092991736982,3.4785270525048872e-06,False,False,False,True,False,False,False,False,False,False,False,False,False,0,1,False,0.3416666666666668,False,False,False,6.787184524536133,1574.6515,1,0.0001092991736982,0.0001092991736982,735,254,False,254.0,False,False,False,False,0.031822828174596,34.00646481185756,1.082280897518351
ARWHRYSSGYSWFDP,H3-23_A,K1-39,True,1,15,1,3.204070451101079e-06,0.0001092991736982,3.4785270525048872e-06,False,False,False,False,True,False,False,False,False,False,False,False,False,1,2,False,1.1266666666666667,False,False,False,8.638685607910158,1915.0297,2,0.0001092991736982,0.0001092991736982,1365,255,False,255.0,False,False,False,False,0.031822828174596,34.00646481185756,1.082280897518351
ARAGYEYWGDYGFDY,H1-69,K4-1,True,3,14,1,9.612211353303235e-06,0.0001020125621183,3.4785270525048872e-06,False,False,False,False,False,False,False,False,False,False,False,False,False,-2,-2,False,1.7666666666666666,False,False,False,4.050025558471679,1832.876,1,0.0001020125621183,0.0001020125621183,33,256,False,256.0,False,False,False,False,0.03409566453027685,10.601779401081211,0.3615101482166814
ARGSWDYFTPLYFDI,H1-69,K3-20,True,1,14,1,3.204070451101079e-06,0.0001020125621183,3.4785270525048872e-06,False,False,False,False,False,False,False,False,False,False,False,False,False,-1,-1,False,-0.2399999999999998,False,False,False,4.207874679565429,1851.0205,1,0.0001020125621183,0.0001020125621183,560,257,False,257.0,False,False,False,False,0.03409566453027685,31.7393671577275,1.082280897518351
ARDYWPYGVYGTFDP,H1-69,K3-15,True,108,5,1,0.0003460396087189,3.643305789941562e-05,3.4785270525048872e-06,False,False,False,False,True,False,False,False,False,False,False,False,False,-1,-1,False,1.2333333333333334,False,False,False,4.207874679565429,1806.9249,1,0.0003460396087189,3.643305789941562e-05,294,258,False,258.0,False,False,False,False,0.09545102011213683,0.10528275999008743,0.010052105145798717
ARIVHYWGLPSFDY,H3-23_A,K3-15,True,445,1,1,0.0014258113507399,7.286611579883123e-06,3.4785270525048872e-06,False,False,False,True,False,False,False,False,False,False,False,False,False,0,1,False,-0.7999999999999998,False,False,False,6.787184524536133,1723.9256999999998,1,0.0014258113507399,7.286611579883123e-06,790,259,False,259.0,False,False,False,True,0.47673183839129424,0.00511046603145751,0.002439665425615754
ARGAPRSYWYTVFDY,H3-23_A,K3-20,True,418,1,1,0.0013393014485602,7.286611579883123e-06,3.4785270525048872e-06,False,False,False,True,False,False,False,False,False,False,False,False,False,1,1,False,0.9000000000000001,False,False,False,8.539295959472657,1852.0119,2,0.0013393014485602,7.286611579883123e-06,392,260,False,260.0,False,False,False,True,0.47673183839129424,0.005440565439589462,0.00259725029323419
ARVHLRLLYGPNFDP,H3-23_A,K1-39,True,383,1,1,0.0012271589827717,7.286611579883123e-06,3.4785270525048872e-06,False,False,False,False,True,False,False,False,False,False,False,False,False,1,2,False,-0.193333333333333,False,False,False,8.796192932128907,1768.0263999999995,2,0.0012271589827717,7.286611579883123e-06,1225,261,False,261.0,False,False,False,True,0.47673183839129424,0.005937740997515669,0.0028345949916760774
ARGHVRYPSYTGWFDP,H3-23_A,K3-20,True,303,1,1,0.0009708333466836,7.286611579883123e-06,3.4785270525048872e-06,False,False,False,False,True,False,False,False,False,False,False,False,False,1,2,False,1.4500000000000002,False,False,False,8.638685607910158,1909.0666,2,0.0009708333466836,7.286611579883123e-06,413,262,False,262.0,False,False,False,True,0.47673183839129424,0.007505445244873111,0.0035829952014272254
ARAIGRYLWPFDY,H3-23_A,K3-20,True,266,1,1,0.0008522827399928,7.286611579883123e-06,3.4785270525048872e-06,False,False,False,False,False,False,False,False,False,False,False,False,False,1,1,False,-0.7538461538461536,False,False,False,8.632579040527343,1627.8417,2,0.0008522827399928,7.286611579883123e-06,38,263,False,263.0,False,False,False,True,0.47673183839129424,0.008549423499658907,0.004081375904403777
ARHLWPYGDYGVFDP,H1-69,K3-20,True,223,1,1,0.0007145077105955,7.286611579883123e-06,3.4785270525048872e-06,False,False,False,False,True,False,False,False,False,False,False,False,False,-1,0,False,0.5400000000000001,False,False,False,5.212373733520507,1792.9447,1,0.0007145077105955,7.286611579883123e-06,665,266,False,266.0,False,False,False,True,0.47673183839129424,0.010197943972319799,0.0048683566564162286
ARAGWIGYGFDY,H3-23_A,K3-15,True,215,1,1,0.0006888751469867,7.286611579883123e-06,3.4785270525048872e-06,False,False,False,False,False,False,False,False,False,False,False,False,False,0,0,False,0.3750000000000001,False,False,False,5.87944984436035,1375.4858,1,0.0006888751469867,7.286611579883123e-06,31,267,False,267.0,False,False,False,True,0.47673183839129424,0.010577396844388347,0.005049502181489254
ARGLGWYGSWYGFDP,H3-23_A,K1-39,True,212,1,1,0.0006792629356334,7.286611579883123e-06,3.4785270525048872e-06,False,False,False,False,True,False,False,False,False,False,False,False,False,0,0,False,0.3666666666666668,False,False,False,5.87944984436035,1731.8616000000002,1,0.0006792629356334,7.286611579883123e-06,436,268,False,268.0,False,False,False,True,0.47673183839129424,0.01072707478487803,0.005120956349101813
ARDRLYALPGFDY,H3-23_A,K3-20,True,205,1,1,0.0006568344424757,7.286611579883123e-06,3.4785270525048872e-06,False,False,False,False,False,False,False,False,False,False,False,False,False,0,0,False,0.6923076923076926,False,False,False,6.004021835327148,1556.7192,2,0.0006568344424757,7.286611579883123e-06,207,269,False,269.0,False,False,False,True,0.47673183839129424,0.011093359566869885,0.005295815611066201
ARVRYGYASFGFDY,H3-23_A,K3-20,True,204,1,1,0.0006536303720246,7.286611579883123e-06,3.4785270525048872e-06,False,False,False,False,False,False,False,False,False,False,False,False,False,1,1,False,0.9071428571428574,False,False,False,8.539295959472657,1671.8079999999998,2,0.0006536303720246,7.286611579883123e-06,1302,270,False,270.0,False,False,False,True,0.47673183839129424,0.011147737948489032,0.005321775094354134
ARHYAYRFPWKPYAFDI,H3-23_A,K3-20,True,199,1,1,0.0006376100197691,7.286611579883123e-06,3.4785270525048872e-06,False,False,False,False,False,False,False,False,False,False,False,False,False,2,3,False,-0.3176470588235292,False,False,False,9.52582244873047,2201.4845,2,0.0006376100197691,7.286611579883123e-06,738,272,False,272.0,False,False,False,True,0.47673183839129424,0.011427827473989615,0.005455485939360183
ARKRPYPSGYHFDY,H3-23_A,K3-20,True,193,1,1,0.0006183855970625,7.286611579883123e-06,3.4785270525048872e-06,False,False,False,True,False,False,False,False,False,False,False,False,False,2,3,False,2.128571428571429,False,False,False,9.52582244873047,1756.916,2,0.0006183855970625,7.286611579883123e-06,814,274,False,274.0,False,False,False,True,0.47673183839129424,0.011783090976869746,0.005625083795920557
ARHVSAYGKYSYGFDI,H3-23_A,K3-20,True,177,1,1,0.0005671204698448,7.286611579883123e-06,3.4785270525048872e-06,False,False,False,False,False,False,False,False,False,False,False,False,False,1,2,False,1.5,False,False,False,8.479563903808593,1833.995,1,0.0005671204698448,7.286611579883123e-06,731,278,False,278.0,False,False,False,True,0.47673183839129424,0.012848210363088348,0.006133556981089052
ARHTRLWGFDY,H3-23_A,K3-20,True,169,1,1,0.000541487906236,7.286611579883123e-06,3.4785270525048872e-06,False,False,False,False,False,False,False,False,False,False,False,False,False,1,2,False,0.2909090909090911,False,False,False,8.796192932128907,1421.561,2,0.000541487906236,7.286611579883123e-06,723,279,False,279.0,False,False,False,True,0.47673183839129424,0.013456398438422425,0.006423897511782524
ARAYRWYKPLYPFDP,H3-23_A,K3-20,True,167,1,1,0.0005350797653338,7.286611579883123e-06,3.4785270525048872e-06,False,False,False,False,True,False,False,False,False,False,False,False,False,2,2,False,0.0333333333333335,False,False,False,9.525611877441406,1943.2087,2,0.0005350797653338,7.286611579883123e-06,125,280,False,280.0,False,False,False,True,0.47673183839129424,0.013617549899011028,0.006500828978358258
ARDLGIWGYLGYWFDP,H3-23_A,K3-15,True,166,1,1,0.0005318756948827,7.286611579883123e-06,3.4785270525048872e-06,False,False,False,True,True,False,False,False,False,False,False,False,False,-1,-1,False,-0.8687499999999998,False,False,False,4.207874679565429,1929.1356,1,0.0005318756948827,7.286611579883123e-06,158,281,False,281.0,False,False,False,True,0.47673183839129424,0.013699581789824378,0.0065399898624309265
ARDWRIAYSFDY,H3-23_A,K1-39,True,165,1,1,0.0005286716244316,7.286611579883123e-06,3.4785270525048872e-06,False,False,False,False,False,False,False,False,False,False,False,False,False,0,0,False,0.6750000000000002,False,False,False,6.004021835327148,1562.6823,2,0.0005286716244316,7.286611579883123e-06,266,282,False,282.0,False,False,False,True,0.47673183839129424,0.01378260798777933,0.006579625414907782
ARTSRGSYVPGFDY,H3-23_A,K3-20,True,163,1,1,0.0005222634835294,7.286611579883123e-06,3.4785270525048872e-06,False,False,False,False,False,False,False,False,False,False,False,False,False,1,1,False,2.5357142857142856,False,False,False,8.632579040527343,1575.6795,2,0.0005222634835294,7.286611579883123e-06,1186,283,False,283.0,False,False,False,True,0.47673183839129424,0.013951716504238227,0.006660355469318159
ARLRGSYTWGFDY,H3-23_A,K3-20,True,147,1,1,0.0004709983563118,7.286611579883123e-06,3.4785270525048872e-06,False,False,False,False,False,False,False,False,False,False,False,False,False,1,1,False,0.8769230769230771,False,False,False,8.632579040527343,1591.7234999999998,2,0.0004709983563118,7.286611579883123e-06,888,286,False,286.0,False,False,False,False,0.47673183839129424,0.015470238441076622,0.007385276727876476
ARDLTAGDEPSPFDP,H1-69,K3-15,True,140,1,1,0.0004485698631541,7.286611579883123e-06,3.4785270525048872e-06,False,False,False,False,True,False,False,False,False,True,False,False,False,-3,-3,False,3.433333333333333,False,False,False,4.050025558471679,1587.6425,1,0.0004485698631541,7.286611579883123e-06,170,288,False,288.0,False,False,False,False,0.47673183839129424,0.016243733119558162,0.007754532332428649
ARWARGLFGSGLYGFDP,H3-23_A,K3-20,True,140,1,1,0.0004485698631541,7.286611579883123e-06,3.4785270525048872e-06,False,False,False,False,True,False,False,False,False,False,False,False,False,1,1,False,0.3117647058823531,False,False,False,8.79022674560547,1870.0735,2,0.0004485698631541,7.286611579883123e-06,1358,290,False,290.0,False,False,False,False,0.47673183839129424,0.016243733119558162,0.007754532332428649
ARSRKYGWGAGYVFDP,H3-23_A,K3-20,True,139,1,1,0.000445365792703,7.286611579883123e-06,3.4785270525048872e-06,False,False,False,False,True,False,False,False,False,False,False,False,False,2,2,False,1.70625,False,False,False,9.69757843017578,1830.0097,2,0.000445365792703,7.286611579883123e-06,1113,291,False,291.0,False,False,False,False,0.47673183839129424,0.01636059188502465,0.007810319082215032
ARDYSYWGTWYFDY,H3-23_A,K3-15,True,134,1,1,0.0004293454404475,7.286611579883123e-06,3.4785270525048872e-06,False,False,False,True,False,False,False,False,False,False,False,False,False,-1,-1,False,0.492857142857143,False,False,False,4.207874679565429,1892.9726,1,0.0004293454404475,7.286611579883123e-06,290,297,False,297.0,False,False,False,False,0.47673183839129424,0.016971047513194615,0.008101742111103467
ARHAPEVRYPGYFDP,H1-69,K3-20,True,131,1,1,0.0004197332290942,7.286611579883123e-06,3.4785270525048872e-06,False,False,False,False,True,False,False,False,False,False,False,False,False,0,1,False,1.8533333333333333,False,False,False,6.795363235473633,1774.9312999999995,2,0.0004197332290942,7.286611579883123e-06,621,299,False,299.0,False,False,False,False,0.47673183839129424,0.01735968819701399,0.00828727376975562
ARADWDLLPFDY,H1-69,K3-15,True,130,1,1,0.0004165291586431,7.286611579883123e-06,3.4785270525048872e-06,False,False,False,False,False,False,False,False,False,True,False,False,False,-2,-2,False,0.0833333333333335,False,False,False,4.050025558471679,1481.6063,1,0.0004165291586431,7.286611579883123e-06,12,300,False,300.0,False,False,False,False,0.47673183839129424,0.017493221054221346,0.00835102049909638
ARHPFRWSGSFDY,H3-23_A,K3-20,True,129,1,1,0.000413325088192,7.286611579883123e-06,3.4785270525048872e-06,False,False,False,False,False,False,False,False,False,False,False,False,False,1,2,False,1.007692307692308,False,False,False,8.796192932128907,1625.7431,2,0.000413325088192,7.286611579883123e-06,669,302,False,302.0,False,False,False,False,0.47673183839129424,0.017628824138197503,0.008415755525911369
ARDAFYAWGVRGFDI,H3-23_A,K3-20,True,128,1,1,0.0004101210177409,7.286611579883123e-06,3.4785270525048872e-06,False,False,False,False,False,False,False,False,False,False,False,False,False,0,0,False,0.2733333333333335,False,False,False,6.004890823364257,1743.9171,2,0.0004101210177409,7.286611579883123e-06,128,303,False,303.0,False,False,False,False,0.47673183839129424,0.01776654596869929,0.008481502012857862
ARGWRGYASFDY,H3-23_A,K3-20,True,125,1,1,0.0004005088063876,7.286611579883123e-06,3.4785270525048872e-06,False,False,False,False,False,False,False,False,False,False,False,False,False,1,1,False,1.4583333333333333,False,False,False,8.632579040527343,1448.5399,2,0.0004005088063876,7.286611579883123e-06,595,306,False,306.0,False,False,False,False,0.47673183839129424,0.01819293242582857,0.008685052978857029
ARHHAVDYHGWRALFDI,H3-23_A,K1-39,True,125,1,1,0.0004005088063876,7.286611579883123e-06,3.4785270525048872e-06,False,False,False,False,False,False,False,False,False,False,False,False,False,0,3,False,0.2764705882352943,False,False,False,7.063982772827147,2064.2675,2,0.0004005088063876,7.286611579883123e-06,649,307,False,307.0,False,False,False,False,0.47673183839129424,0.01819293242582857,0.008685052978857029
ARYRPYTELDY,H3-23_A,K3-20,True,123,1,1,0.0003941006654854,7.286611579883123e-06,3.4785270525048872e-06,False,False,False,False,False,False,False,False,False,True,False,False,False,0,0,False,1.881818181818182,False,False,False,6.112389755249024,1446.5623,2,0.0003941006654854,7.286611579883123e-06,1459,308,False,308.0,False,False,False,False,0.47673183839129424,0.0184887449592583,0.008826269769229959
ARDWYRYGWAFDY,H3-23_A,K3-20,True,121,1,1,0.0003876925245832,7.286611579883123e-06,3.4785270525048872e-06,False,False,False,False,False,False,False,False,False,False,False,False,False,0,0,False,0.2615384615384616,False,False,False,6.003152847290039,1768.8818,2,0.0003876925245832,7.286611579883123e-06,273,310,False,310.0,False,False,False,False,0.47673183839129424,0.018794336167185403,0.008972154762841644
ARGPYRASSWVYGFDI,H3-23_A,K3-15,True,119,1,1,0.000381284383681,7.286611579883123e-06,3.4785270525048872e-06,False,False,False,False,False,False,False,False,False,False,False,False,False,1,1,False,0.9000000000000001,False,False,False,8.632579040527343,1845.021,2,0.000381284383681,7.286611579883123e-06,492,312,False,312.0,False,False,False,False,0.47673183839129424,0.019110199079090753,0.009122943325110988
ARPAYSSGSYIFDY,H3-23_A,K3-20,True,117,1,1,0.0003748762427788,7.286611579883123e-06,3.4785270525048872e-06,False,False,False,False,False,False,False,False,False,False,False,False,False,0,0,False,1.6285714285714286,False,False,False,5.87858085632324,1596.6935999999998,1,0.0003748762427788,7.286611579883123e-06,966,315,False,315.0,False,False,False,False,0.47673183839129424,0.019436860434973488,0.009278886914389592
ARHAVSWSLRFDY,H3-23_A,UNK,True,116,1,1,0.0003716721723277,7.286611579883123e-06,3.4785270525048872e-06,False,False,False,False,False,False,False,False,False,False,False,False,False,1,2,False,0.2846153846153847,False,False,False,8.796192932128907,1607.7693,2,0.0003716721723277,7.286611579883123e-06,624,316,False,316.0,False,False,False,False,0.47673183839129424,0.01960441506852461,0.009358875166705558
ARPYASYGLDY,H3-23_A,K1-39,True,115,1,1,0.0003684681018766,7.286611579883123e-06,3.4785270525048872e-06,False,False,False,False,False,False,False,False,False,False,False,False,False,0,0,False,1.6181818181818182,False,False,False,5.87858085632324,1275.3652,1,0.0003684681018766,7.286611579883123e-06,1031,318,False,318.0,False,False,False,False,0.47673183839129424,0.019774883616620845,0.009440254481309217
ARLHRPLWGQPWFDP,H3-23_A,K1-39,True,114,1,1,0.0003652640314255,7.286611579883123e-06,3.4785270525048872e-06,False,False,False,False,True,False,False,False,False,False,False,False,False,1,2,False,-0.4666666666666664,False,False,False,9.648936462402345,1876.1262,2,0.0003652640314255,7.286611579883123e-06,853,319,False,319.0,False,False,False,False,0.47673183839129424,0.019948342759124594,0.0095230614641007
ARARFAYLNNFDY,H3-23_A,K3-20,True,113,1,1,0.0003620599609744,7.286611579883123e-06,3.4785270525048872e-06,False,False,True,False,False,False,False,False,False,False,False,False,False,1,1,False,0.5615384615384618,False,False,False,8.632579040527343,1620.7646,2,0.0003620599609744,7.286611579883123e-06,68,321,False,321.0,False,False,False,False,0.47673183839129424,0.02012487189015473,0.009607334016728426
ARGSYSYLTYGFDY,H3-23_A,K3-20,True,112,1,1,0.0003588558905233,7.286611579883123e-06,3.4785270525048872e-06,False,False,False,False,False,False,False,False,False,False,False,False,False,0,0,False,1.4214285714285717,False,False,False,5.877711868286132,1662.7515999999998,1,0.0003588558905233,7.286611579883123e-06,565,325,False,325.0,False,False,False,False,0.47673183839129424,0.02030455323925534,0.009693111394433396
ARHPHVYGYTWGFDY,H3-23_A,K3-15,True,112,1,1,0.0003588558905233,7.286611579883123e-06,3.4785270525048872e-06,False,False,False,False,False,False,False,False,False,False,False,False,False,0,2,False,0.7066666666666668,False,False,False,6.958068466186524,1869.0009,1,0.0003588558905233,7.286611579883123e-06,670,326,False,326.0,False,False,False,False,0.47673183839129424,0.02030455323925534,0.009693111394433396
ARLYNDWSGYGKFDI,H3-23_A,K3-15,True,112,1,1,0.0003588558905233,7.286611579883123e-06,3.4785270525048872e-06,False,False,False,False,False,False,False,False,False,False,False,False,False,0,0,False,1.1133333333333335,False,False,False,6.003152847290039,1804.9538,1,0.0003588558905233,7.286611579883123e-06,949,327,False,327.0,False,False,False,False,0.47673183839129424,0.02030455323925534,0.009693111394433396
ARWGKAVYGLGFDY,H3-23_A,UNK,True,112,1,1,0.0003588558905233,7.286611579883123e-06,3.4785270525048872e-06,False,False,False,False,False,False,False,False,False,False,False,False,False,1,1,False,0.3785714285714287,False,False,False,8.54006805419922,1602.7891,1,0.0003588558905233,7.286611579883123e-06,1360,328,False,328.0,False,False,False,False,0.47673183839129424,0.02030455323925534,0.009693111394433396
ARADWHSYRGFDY,H3-23_A,K4-1,True,111,1,1,0.0003556518200722,7.286611579883123e-06,3.4785270525048872e-06,False,False,False,False,False,False,False,False,False,False,False,False,False,0,1,False,1.8384615384615384,False,False,False,6.790507125854492,1643.7152999999998,2,0.0003556518200722,7.286611579883123e-06,13,329,False,329.0,False,False,False,False,0.47673183839129424,0.02048747199911401,0.009780434267020115
ARDLGALYWFYGFDY,H3-23_A,K1-39,True,111,1,1,0.0003556518200722,7.286611579883123e-06,3.4785270525048872e-06,False,False,False,True,False,False,False,False,False,False,False,False,False,-1,-1,False,-0.8466666666666663,False,False,False,4.207874679565429,1857.0265,1,0.0003556518200722,7.286611579883123e-06,157,330,False,330.0,False,False,False,False,0.47673183839129424,0.02048747199911401,0.009780434267020115
ARDRYVFGVWYGFDY,H3-23_A,K1-39,True,111,1,1,0.0003556518200722,7.286611579883123e-06,3.4785270525048872e-06,False,False,False,False,False,False,False,False,False,False,False,False,False,0,0,False,0.0266666666666668,False,False,False,6.003152847290039,1914.0811,2,0.0003556518200722,7.286611579883123e-06,237,331,False,331.0,False,False,False,False,0.47673183839129424,0.02048747199911401,0.009780434267020115
ARVPYSAYGRSFDY,H3-23_A,K3-20,True,111,1,1,0.0003556518200722,7.286611579883123e-06,3.4785270525048872e-06,False,False,False,False,False,False,False,False,False,False,False,False,False,1,1,False,1.7714285714285716,False,False,False,8.539295959472657,1651.7754,2,0.0003556518200722,7.286611579883123e-06,1266,333,False,333.0,False,False,False,False,0.47673183839129424,0.02048747199911401,0.009780434267020115
ARVTLSVWSGFDY,H3-23_A,K3-20,True,111,1,1,0.0003556518200722,7.286611579883123e-06,3.4785270525048872e-06,False,False,False,False,False,False,False,False,False,False,False,False,False,0,0,False,0.1923076923076924,False,False,False,5.880318832397459,1500.6526,1,0.0003556518200722,7.286611579883123e-06,1326,334,False,334.0,False,False,False,False,0.47673183839129424,0.02048747199911401,0.009780434267020115
ARGPWLYAAGFDY,H3-23_A,K3-20,True,110,1,1,0.0003524477496211,7.286611579883123e-06,3.4785270525048872e-06,False,False,False,False,False,False,False,False,False,False,False,False,False,0,0,False,0.1384615384615386,False,False,False,5.87944984436035,1486.6275999999998,1,0.0003524477496211,7.286611579883123e-06,488,335,False,335.0,False,False,False,False,0.47673183839129424,0.020673716460246353,0.009869344783153107
ARHVIGTYGYGFDY,H3-23_A,K3-20,True,110,1,1,0.0003524477496211,7.286611579883123e-06,3.4785270525048872e-06,False,False,False,False,False,False,False,False,False,False,False,False,False,0,1,False,1.0071428571428571,False,False,False,6.786059951782226,1618.7453999999998,1,0.0003524477496211,7.286611579883123e-06,728,336,False,336.0,False,False,False,False,0.47673183839129424,0.020673716460246353,0.009869344783153107
ARHYWSLFSGRQFDI,H3-23_A,K4-1,True,110,1,1,0.0003524477496211,7.286611579883123e-06,3.4785270525048872e-06,False,False,False,True,False,False,False,False,False,False,False,False,False,1,2,False,-0.0133333333333331,False,False,False,8.796192932128907,1883.0723000000005,2,0.0003524477496211,7.286611579883123e-06,744,337,False,337.0,False,False,False,False,0.47673183839129424,0.020673716460246353,0.009869344783153107
ARPGPYGRFYGFDY,H3-23_A,K4-1,True,109,1,1,0.00034924367917,7.286611579883123e-06,3.4785270525048872e-06,False,False,False,False,False,False,False,False,False,False,False,False,False,1,1,False,1.2642857142857145,False,False,False,8.539295959472657,1665.8034999999998,2,0.00034924367917,7.286611579883123e-06,971,338,False,338.0,False,False,False,False,0.47673183839129424,0.020863378153094126,0.009959886638192599
ARPGYPWSFDY,H3-23_A,K3-20,True,109,1,1,0.00034924367917,7.286611579883123e-06,3.4785270525048872e-06,False,False,False,False,False,False,False,False,False,False,False,False,False,0,0,False,0.881818181818182,False,False,False,5.87944984436035,1358.4554,1,0.00034924367917,7.286611579883123e-06,976,339,False,339.0,False,False,False,False,0.47673183839129424,0.020863378153094126,0.009959886638192599
ARGRYLYGYWVFDY,H3-23_A,K3-15,True,107,1,1,0.0003428355382678,7.286611579883123e-06,3.4785270525048872e-06,False,False,False,False,False,False,False,False,False,False,False,False,False,1,1,False,-0.5571428571428569,False,False,False,8.472544860839843,1829.0197,2,0.0003428355382678,7.286611579883123e-06,536,341,False,341.0,False,False,False,False,0.47673183839129424,0.02125333646369777,0.010146047313550791
ARVLGRGSHFDY,H3-23_A,UNK,True,107,1,1,0.0003428355382678,7.286611579883123e-06,3.4785270525048872e-06,False,False,False,False,False,False,False,False,False,False,False,False,False,1,2,False,1.3750000000000002,False,False,False,8.796192932128907,1377.5068,2,0.0003428355382678,7.286611579883123e-06,1250,342,False,342.0,False,False,False,False,0.47673183839129424,0.02125333646369777,0.010146047313550791
ARHGVYGWRNDFDY,H3-23_A,K3-20,True,105,1,1,0.0003364273973656,7.286611579883123e-06,3.4785270525048872e-06,False,False,False,False,False,False,False,False,False,True,False,False,False,0,1,False,1.7357142857142858,False,False,False,6.790507125854492,1755.8449999999998,2,0.0003364273973656,7.286611579883123e-06,643,345,False,345.0,False,False,False,False,0.47673183839129424,0.021658149887436275,0.010339299613368604
ARIGLLLTGRFDY,H3-23_A,K3-20,True,104,1,1,0.0003332233269145,7.286611579883123e-06,3.4785270525048872e-06,False,False,False,False,False,False,False,False,False,False,False,False,False,1,1,False,-0.7384615384615382,False,False,False,8.79022674560547,1494.7359,2,0.0003332233269145,7.286611579883123e-06,754,349,False,349.0,False,False,False,False,0.47673183839129424,0.02186639507924338,0.010438712972419465
ARQLGWSWGVTYGFDI,H3-23_A,K3-20,True,104,1,1,0.0003332233269145,7.286611579883123e-06,3.4785270525048872e-06,False,False,False,False,False,False,False,False,False,False,False,False,False,0,0,False,-0.0562499999999998,False,False,False,5.880318832397459,1856.0436,1,0.0003332233269145,7.286611579883123e-06,1056,350,False,350.0,False,False,False,False,0.47673183839129424,0.02186639507924338,0.010438712972419465
ARAARSPFIGFDP,H3-23_A,K3-20,True,102,1,1,0.0003268151860123,7.286611579883123e-06,3.4785270525048872e-06,False,False,False,False,True,False,False,False,False,False,False,False,False,1,1,False,1.130769230769231,False,False,False,9.643601989746092,1404.572,2,0.0003268151860123,7.286611579883123e-06,4,351,False,351.0,False,False,False,False,0.47673183839129424,0.022295134805213244,0.01064338735624241
ARLTFTYGPRFDY,H3-23_A,K3-20,True,102,1,1,0.0003268151860123,7.286611579883123e-06,3.4785270525048872e-06,False,False,False,False,False,False,False,False,False,False,False,False,False,1,1,False,0.5615384615384618,False,False,False,8.632579040527343,1606.7778999999998,2,0.0003268151860123,7.286611579883123e-06,925,352,False,352.0,False,False,False,False,0.47673183839129424,0.022295134805213244,0.01064338735624241
ARPSGYTSWGFDY,H3-23_A,K3-15,True,102,1,1,0.0003268151860123,7.286611579883123e-06,3.4785270525048872e-06,False,False,False,False,False,False,False,False,False,False,False,False,False,0,0,False,1.9230769230769231,False,False,False,5.87944984436035,1506.5727,1,0.0003268151860123,7.286611579883123e-06,1017,353,False,353.0,False,False,False,False,0.47673183839129424,0.022295134805213244,0.01064338735624241
ARVIWGAYRGFDY,H3-23_A,K3-20,True,102,1,1,0.0003268151860123,7.286611579883123e-06,3.4785270525048872e-06,False,False,False,False,False,False,False,False,False,False,False,False,False,1,1,False,-0.0538461538461537,False,False,False,8.632579040527343,1573.7512,2,0.0003268151860123,7.286611579883123e-06,1234,354,False,354.0,False,False,False,False,0.47673183839129424,0.022295134805213244,0.01064338735624241
ARATKRYAGWFVWGFDI,H3-23_A,K3-15,True,101,1,1,0.0003236111155612,7.286611579883123e-06,3.4785270525048872e-06,False,False,False,False,False,False,False,False,False,False,False,False,False,2,2,False,-0.2941176470588234,False,False,False,9.98676300048828,2044.3158,2,0.0003236111155612,7.286611579883123e-06,101,355,False,355.0,False,False,False,False,0.47673183839129424,0.02251587189311555,0.010748764172797194
ARGYVAWYWGFDY,H3-23_A,K1-39,True,101,1,1,0.0003236111155612,7.286611579883123e-06,3.4785270525048872e-06,False,False,False,True,False,False,False,False,False,False,False,False,False,0,0,False,-0.6769230769230768,False,False,False,5.87858085632324,1653.791,1,0.0003236111155612,7.286611579883123e-06,613,356,False,356.0,False,False,False,False,0.47673183839129424,0.02251587189311555,0.010748764172797194
ARIPRVSWSGYHWFDP,H3-23_A,K3-20,True,101,1,1,0.0003236111155612,7.286611579883123e-06,3.4785270525048872e-06,False,False,False,True,True,False,False,False,False,False,False,False,False,1,2,False,0.1687500000000001,False,False,False,8.796192932128907,1974.183,2,0.0003236111155612,7.286611579883123e-06,774,357,False,357.0,False,False,False,False,0.47673183839129424,0.02251587189311555,0.010748764172797194
ARFLGYSYDAYGFDI,H3-23_A,K1-39,True,98,1,1,0.0003139989042079,7.286611579883123e-06,3.4785270525048872e-06,False,False,False,False,False,False,False,False,False,False,False,False,False,-1,-1,False,0.3333333333333336,False,False,False,4.207874679565429,1757.8939,1,0.0003139989042079,7.286611579883123e-06,357,360,False,360.0,False,False,False,False,0.47673183839129424,0.023205111327221407,0.011077797495200369
ARYPYRTASAFDY,H3-23_A,UNK,True,98,1,1,0.0003139989042079,7.286611579883123e-06,3.4785270525048872e-06,False,False,False,False,False,False,False,False,False,False,False,False,False,1,1,False,1.815384615384616,False,False,False,8.539295959472657,1580.6976,2,0.0003139989042079,7.286611579883123e-06,1450,364,False,364.0,False,False,False,False,0.47673183839129424,0.023205111327221407,0.011077797495200369
ARYTYRNWGAGFDY,H3-23_A,K1-39,True,98,1,1,0.0003139989042079,7.286611579883123e-06,3.4785270525048872e-06,False,False,False,False,False,False,False,False,False,False,False,False,False,1,1,False,1.5214285714285716,False,False,False,8.539295959472657,1739.8422999999998,2,0.0003139989042079,7.286611579883123e-06,1484,366,False,366.0,False,False,False,False,0.47673183839129424,0.023205111327221407,0.011077797495200369
ARDPYGVWYRAFDY,H3-23_A,K3-20,True,97,1,1,0.0003107948337568,7.286611579883123e-06,3.4785270525048872e-06,False,False,False,False,True,False,False,False,False,False,False,False,False,0,0,False,0.8428571428571429,False,False,False,6.003152847290039,1778.9181,2,0.0003107948337568,7.286611579883123e-06,192,367,False,367.0,False,False,False,False,0.47673183839129424,0.02344433158200102,0.011191997918625619
AREVWRYGLYGTFDY,H1-69,K1-39,True,97,1,1,0.0003107948337568,7.286611579883123e-06,3.4785270525048872e-06,False,False,False,False,False,False,False,False,False,False,False,False,False,0,0,False,0.4733333333333335,False,False,False,6.112389755249024,1896.0644,2,0.0003107948337568,7.286611579883123e-06,340,368,False,368.0,False,False,False,False,0.47673183839129424,0.02344433158200102,0.011191997918625619
ARTRWYSYFKWVFDY,H4-34,K4-1,True,97,1,1,0.0003107948337568,7.286611579883123e-06,3.4785270525048872e-06,False,False,False,False,False,False,False,False,False,False,False,False,False,2,2,False,-0.6599999999999999,False,False,False,9.525611877441406,2088.3235,2,0.0003107948337568,7.286611579883123e-06,1182,369,False,369.0,False,False,False,False,0.47673183839129424,0.02344433158200102,0.011191997918625619
ARVRWSYVSTGFDY,H3-23_A,K1-39,True,97,1,1,0.0003107948337568,7.286611579883123e-06,3.4785270525048872e-06,False,False,False,False,False,False,False,False,False,False,False,False,False,1,1,False,1.0000000000000002,False,False,False,8.632579040527343,1706.8538999999998,2,0.0003107948337568,7.286611579883123e-06,1300,370,False,370.0,False,False,False,False,0.47673183839129424,0.02344433158200102,0.011191997918625619
ARAKPWVTWHFDY,H3-23_A,K1-39,True,96,1,1,0.0003075907633057,7.286611579883123e-06,3.4785270525048872e-06,False,False,False,True,False,False,False,False,False,False,False,False,False,1,2,False,-0.0999999999999998,False,False,False,8.639878845214845,1676.8727,1,0.0003075907633057,7.286611579883123e-06,44,371,False,371.0,False,False,False,False,0.47673183839129424,0.023688535430068287,0.01130857744019268
ARDVLGYPWYFDY,H3-23_A,K3-20,True,96,1,1,0.0003075907633057,7.286611579883123e-06,3.4785270525048872e-06,False,False,False,True,False,False,False,False,False,False,False,False,False,-1,-1,False,-0.2846153846153844,False,False,False,4.207874679565429,1664.8121,1,0.0003075907633057,7.286611579883123e-06,242,373,False,373.0,False,False,False,False,0.47673183839129424,0.023688535430068287,0.01130857744019268
ARGDFRYWYGFDY,H1-69,K3-15,True,96,1,1,0.0003075907633057,7.286611579883123e-06,3.4785270525048872e-06,False,False,False,True,False,False,False,False,False,False,False,False,False,0,0,False,0.6000000000000002,False,False,False,6.003152847290039,1715.8191,2,0.0003075907633057,7.286611579883123e-06,397,374,False,374.0,False,False,False,False,0.47673183839129424,0.023688535430068287,0.01130857744019268
ARISRALWGFDY,H3-23_A,K3-20,True,96,1,1,0.0003075907633057,7.286611579883123e-06,3.4785270525048872e-06,False,False,False,False,False,False,False,False,False,False,False,False,False,1,1,False,-0.2916666666666664,False,False,False,8.79022674560547,1454.6306,2,0.0003075907633057,7.286611579883123e-06,784,376,False,376.0,False,False,False,False,0.47673183839129424,0.023688535430068287,0.01130857744019268
ARPLIWGSSWYFDY,H3-23_A,K3-20,True,96,1,1,0.0003075907633057,7.286611579883123e-06,3.4785270525048872e-06,False,False,False,True,False,False,False,False,False,False,False,False,False,0,0,False,-0.9357142857142856,False,False,False,5.87944984436035,1760.9426,1,0.0003075907633057,7.286611579883123e-06,986,377,False,377.0,False,False,False,False,0.47673183839129424,0.023688535430068287,0.01130857744019268
ARYLSTIGSWSGFDY,H3-23_A,K3-15,True,94,1,1,0.0003011826224035,7.286611579883123e-06,3.4785270525048872e-06,False,False,False,False,False,False,False,False,False,False,False,False,False,0,0,False,0.8133333333333336,False,False,False,5.87944984436035,1722.85,1,0.0003011826224035,7.286611579883123e-06,1439,380,False,380.0,False,False,False,False,0.47673183839129424,0.024192530088341397,0.011549177482324896
ARAPRGYSWLGYWFDP,H3-23_A,K3-15,True,93,1,1,0.0002979785519524,7.286611579883123e-06,3.4785270525048872e-06,False,False,False,True,True,False,False,False,False,False,False,False,False,1,1,False,0.1562500000000001,False,False,False,8.632579040527343,1942.1378,2,0.0002979785519524,7.286611579883123e-06,59,381,False,381.0,False,False,False,False,0.47673183839129424,0.024452656090785226,0.011673358019003828
ARGHRDAYWLYTFDI,H3-23_A,K1-39,True,93,1,1,0.0002979785519524,7.286611579883123e-06,3.4785270525048872e-06,False,False,False,False,False,False,False,False,False,False,False,False,False,0,1,False,0.3600000000000001,False,False,False,6.790507125854492,1884.0571,2,0.0002979785519524,7.286611579883123e-06,410,382,False,382.0,False,False,False,False,0.47673183839129424,0.024452656090785226,0.011673358019003828
ARAGRPHWFSFDY,H3-23_A,K3-20,True,92,1,1,0.0002947744815012,7.286611579883123e-06,3.4785270525048872e-06,False,False,False,True,False,False,False,False,False,False,False,False,False,1,2,False,0.6692307692307694,False,False,False,8.796192932128907,1609.7437,2,0.0002947744815012,7.286611579883123e-06,24,384,False,384.0,False,False,False,False,0.47673183839129424,0.02471843681450192,0.0118002380409931
ARLVRGVNWGFDY,H3-23_A,K3-15,True,92,1,1,0.0002947744815012,7.286611579883123e-06,3.4785270525048872e-06,False,False,False,False,False,False,False,False,False,False,False,False,False,1,1,False,0.0923076923076924,False,False,False,8.79022674560547,1552.7337,2,0.0002947744815012,7.286611579883123e-06,939,389,False,389.0,False,False,False,False,0.47673183839129424,0.02471843681450192,0.0118002380409931
ARGYGIWSYGFDY,H3-23_A,K3-20,True,91,1,1,0.0002915704110501,7.286611579883123e-06,3.4785270525048872e-06,False,False,False,False,False,False,False,False,False,False,False,False,False,0,0,False,0.5384615384615385,False,False,False,5.87858085632324,1554.6584,1,0.0002915704110501,7.286611579883123e-06,603,390,False,390.0,False,False,False,False,0.47673183839129424,0.02499005867246384,0.01192990653925376
ARHRVWYSPYGVYGFDP,H3-23_A,K4-1,True,91,1,1,0.0002915704110501,7.286611579883123e-06,3.4785270525048872e-06,False,False,False,False,True,False,False,False,False,False,False,False,False,1,2,False,0.7294117647058824,False,False,False,8.545542907714843,2070.2669,2,0.0002915704110501,7.286611579883123e-06,707,392,False,392.0,False,False,False,False,0.47673183839129424,0.02499005867246384,0.01192990653925376
ARLVWDYRPGQYWAFDP,H3-23_A,K3-15,True,91,1,1,0.0002915704110501,7.286611579883123e-06,3.4785270525048872e-06,False,False,False,False,True,False,False,False,False,False,False,False,False,0,0,False,0.1529411764705883,False,False,False,6.004021835327148,2140.3568,2,0.0002915704110501,7.286611579883123e-06,943,394,False,394.0,False,False,False,False,0.47673183839129424,0.02499005867246384,0.01192990653925376
ARHQPYPYVYHFDY,H3-23_A,K1-39,True,90,1,1,0.000288366340599,7.286611579883123e-06,3.4785270525048872e-06,False,False,False,True,False,False,False,False,False,False,False,False,False,0,2,False,0.7285714285714286,False,False,False,6.956892776489258,1856.0021,1,0.000288366340599,7.286611579883123e-06,683,396,False,396.0,False,False,False,False,0.47673183839129424,0.02526771636240255,0.012062456459775708
ARLIPFGWGRHFDY,H3-23_A,K3-15,True,90,1,1,0.000288366340599,7.286611579883123e-06,3.4785270525048872e-06,False,False,False,False,False,False,False,False,False,False,False,False,False,1,2,False,-0.8142857142857141,False,False,False,8.796192932128907,1734.955,2,0.000288366340599,7.286611579883123e-06,861,397,False,397.0,False,False,False,False,0.47673183839129424,0.02526771636240255,0.012062456459775708
ARVRVYSLYAKGFDY,H3-23_A,K3-20,True,90,1,1,0.000288366340599,7.286611579883123e-06,3.4785270525048872e-06,False,False,False,False,False,False,False,False,False,False,False,False,False,2,2,False,0.6000000000000001,False,False,False,9.525611877441406,1808.0438,2,0.000288366340599,7.286611579883123e-06,1298,398,False,398.0,False,False,False,False,0.47673183839129424,0.02526771636240255,0.012062456459775708
ARGPRALVTGSYGFDY,H3-23_A,K3-15,True,89,1,1,0.0002851622701479,7.286611579883123e-06,3.4785270525048872e-06,False,False,False,False,False,False,False,False,False,False,False,False,False,1,1,False,1.725,False,False,False,8.632579040527343,1729.889,2,0.0002851622701479,7.286611579883123e-06,470,399,False,399.0,False,False,False,False,0.47673183839129424,0.02555161333219404,0.01219798492574613
ARPWGVYGYGYWFDP,H3-23_A,K1-39,True,89,1,1,0.0002851622701479,7.286611579883123e-06,3.4785270525048872e-06,False,False,False,True,True,False,False,False,False,False,False,False,False,0,0,False,-0.0666666666666665,False,False,False,5.87858085632324,1833.9948,1,0.0002851622701479,7.286611579883123e-06,1025,402,False,402.0,False,False,False,False,0.47673183839129424,0.02555161333219404,0.01219798492574613
ARTWRWYGVSLFDY,H3-23_A,K3-15,True,89,1,1,0.0002851622701479,7.286611579883123e-06,3.4785270525048872e-06,False,False,False,False,False,False,False,False,False,False,False,False,False,1,1,False,-0.5714285714285713,False,False,False,8.632579040527343,1820.0131,2,0.0002851622701479,7.286611579883123e-06,1201,403,False,403.0,False,False,False,False,0.47673183839129424,0.02555161333219404,0.01219798492574613
ARYSSWYGTFDY,H3-23_A,K3-20,True,89,1,1,0.0002851622701479,7.286611579883123e-06,3.4785270525048872e-06,False,False,False,False,False,False,False,False,False,False,False,False,False,0,0,False,1.275,False,False,False,5.87858085632324,1515.5794,1,0.0002851622701479,7.286611579883123e-06,1477,404,False,404.0,False,False,False,False,0.47673183839129424,0.02555161333219404,0.01219798492574613
ARAKYSPWYNAWYFDP,H4-34,K3-15,True,88,1,1,0.0002819581996968,7.286611579883123e-06,3.4785270525048872e-06,False,False,False,True,True,False,False,False,False,False,False,False,False,1,1,False,0.5625000000000001,False,False,False,8.47317657470703,2035.2179,1,0.0002819581996968,7.286611579883123e-06,47,405,False,405.0,False,False,False,False,0.47673183839129424,0.025841962277017072,0.01233659347488597
ARKNLGWYGFDY,H3-23_A,K3-20,True,88,1,1,0.0002819581996968,7.286611579883123e-06,3.4785270525048872e-06,False,False,False,False,False,False,False,False,False,False,False,False,False,1,1,False,0.6833333333333336,False,False,False,8.54006805419922,1489.6315,1,0.0002819581996968,7.286611579883123e-06,806,406,False,406.0,False,False,False,False,0.47673183839129424,0.025841962277017072,0.01233659347488597
ARSNVHSWSGFDY,H3-23_A,K4-1,True,88,1,1,0.0002819581996968,7.286611579883123e-06,3.4785270525048872e-06,False,False,False,False,False,False,False,False,False,False,False,False,False,0,1,False,1.984615384615385,False,False,False,6.788309097290039,1525.5793,1,0.0002819581996968,7.286611579883123e-06,1098,407,False,407.0,False,False,False,False,0.47673183839129424,0.025841962277017072,0.01233659347488597
ARVHRSWFYAGFDY,H3-23_A,K1-39,True,88,1,1,0.0002819581996968,7.286611579883123e-06,3.4785270525048872e-06,False,False,False,True,False,False,False,False,False,False,False,False,False,1,2,False,0.0714285714285715,False,False,False,8.638685607910158,1774.9326999999998,2,0.0002819581996968,7.286611579883123e-06,1230,408,False,408.0,False,False,False,False,0.47673183839129424,0.025841962277017072,0.01233659347488597
ARVRYSYGPLHFDY,H3-23_A,K3-15,True,88,1,1,0.0002819581996968,7.286611579883123e-06,3.4785270525048872e-06,False,False,False,False,False,False,False,False,False,False,False,False,False,1,2,False,0.6500000000000001,False,False,False,8.545542907714843,1743.9171,2,0.0002819581996968,7.286611579883123e-06,1305,409,False,409.0,False,False,False,False,0.47673183839129424,0.025841962277017072,0.01233659347488597
ARDYPYYWTRLYSGFDI,H3-23_A,K3-20,True,87,1,1,0.0002787541292457,7.286611579883123e-06,3.4785270525048872e-06,False,False,False,True,False,False,False,False,False,False,False,False,False,0,0,False,0.3529411764705883,False,False,False,6.0022838592529295,2186.3788,2,0.0002787541292457,7.286611579883123e-06,286,410,False,410.0,False,False,False,False,0.47673183839129424,0.026138985670788276,0.012478388313149671
ARGSRLVSSWYWPYFDP,H3-23_A,K3-20,True,87,1,1,0.0002787541292457,7.286611579883123e-06,3.4785270525048872e-06,False,False,False,True,True,False,False,False,False,False,False,False,False,1,1,False,0.2352941176470589,False,False,False,8.632579040527343,2087.2942,2,0.0002787541292457,7.286611579883123e-06,556,411,False,411.0,False,False,False,False,0.47673183839129424,0.026138985670788276,0.012478388313149671
ARLHRGLGWEYWSFDY,H3-23_A,K4-1,True,87,1,1,0.0002787541292457,7.286611579883123e-06,3.4785270525048872e-06,False,False,False,False,False,False,False,False,False,False,False,False,False,0,1,False,-0.1937499999999998,False,False,False,6.795363235473633,2056.2404,2,0.0002787541292457,7.286611579883123e-06,852,412,False,412.0,False,False,False,False,0.47673183839129424,0.026138985670788276,0.012478388313149671
ARYSRSGWYSGFDY,H3-23_A,K3-15,True,87,1,1,0.0002787541292457,7.286611579883123e-06,3.4785270525048872e-06,False,False,False,False,False,False,False,False,False,False,False,False,False,1,1,False,1.8928571428571428,False,False,False,8.539295959472657,1714.7897999999998,2,0.0002787541292457,7.286611579883123e-06,1475,413,False,413.0,False,False,False,False,0.47673183839129424,0.026138985670788276,0.012478388313149671
ARGSWSRTGFDY,H3-23_A,K3-20,True,86,1,1,0.0002755500587946,7.286611579883123e-06,3.4785270525048872e-06,False,False,False,False,False,False,False,False,False,False,False,False,False,1,1,False,2.4166666666666665,False,False,False,8.79022674560547,1402.47,2,0.0002755500587946,7.286611579883123e-06,478,417,False,417.0,False,False,False,False,0.47673183839129424,0.02644291633467279,0.01262348058612424
ARHEPLGYRFDY,H3-23_A,K1-39,True,86,1,1,0.0002755500587946,7.286611579883123e-06,3.4785270525048872e-06,False,False,False,False,False,False,False,False,False,False,False,False,False,0,1,False,1.3333333333333337,False,False,False,6.795363235473633,1523.6496,2,0.0002755500587946,7.286611579883123e-06,629,418,False,418.0,False,False,False,False,0.47673183839129424,0.02644291633467279,0.01262348058612424
ARHFYGYSWIYGFDI,H3-23_A,K1-39,True,86,1,1,0.0002755500587946,7.286611579883123e-06,3.4785270525048872e-06,False,False,False,True,False,False,False,False,False,False,False,False,False,0,1,False,-0.9199999999999998,False,False,False,6.786059951782226,1895.0778,1,0.0002755500587946,7.286611579883123e-06,632,419,False,419.0,False,False,False,False,0.47673183839129424,0.02644291633467279,0.01262348058612424
ARQHRIASHGFDI,H3-23_A,K3-20,True,86,1,1,0.0002755500587946,7.286611579883123e-06,3.4785270525048872e-06,False,False,False,False,False,False,False,False,False,False,False,False,False,1,3,False,1.5230769230769232,False,False,False,9.654200744628906,1507.6553,2,0.0002755500587946,7.286611579883123e-06,1051,420,False,420.0,False,False,False,False,0.47673183839129424,0.02644291633467279,0.01262348058612424
ARDRPGYLWAFDY,H3-23_A,K1-39,True,85,1,1,0.0002723459883435,7.286611579883123e-06,3.4785270525048872e-06,False,False,False,False,False,False,False,False,False,False,False,False,False,0,0,False,0.630769230769231,False,False,False,6.004021835327148,1629.7714999999998,2,0.0002723459883435,7.286611579883123e-06,210,423,False,423.0,False,False,False,False,0.47673183839129424,0.026753998045723617,0.012771986669585213
ARYRPYAYGDFDY,H3-23_A,K1-39,True,85,1,1,0.0002723459883435,7.286611579883123e-06,3.4785270525048872e-06,False,False,False,False,False,False,False,False,False,True,False,False,False,0,0,False,1.815384615384616,False,False,False,6.0022838592529295,1656.7504,2,0.0002723459883435,7.286611579883123e-06,1458,426,False,426.0,False,False,False,False,0.47673183839129424,0.026753998045723617,0.012771986669585213
ARGTYGHFSWYGYGFDI,H3-23_A,K1-39,True,84,1,1,0.0002691419178924,7.286611579883123e-06,3.4785270525048872e-06,False,False,False,False,False,False,False,False,False,False,False,False,False,0,1,False,0.635294117647059,False,False,False,6.786059951782226,1997.1267000000005,1,0.0002691419178924,7.286611579883123e-06,581,430,False,430.0,False,False,False,False,0.47673183839129424,0.027072486188993546,0.012924028480805821
ARGVPYAYKYLWAFDY,H3-23_A,K3-15,True,84,1,1,0.0002691419178924,7.286611579883123e-06,3.4785270525048872e-06,False,False,False,False,False,False,False,False,False,False,False,False,False,1,1,False,-0.3562499999999998,False,False,False,8.420884704589842,1983.226,1,0.0002691419178924,7.286611579883123e-06,583,431,False,431.0,False,False,False,False,0.47673183839129424,0.027072486188993546,0.012924028480805821
ARKSRPTSGFDY,H3-23_A,K3-20,True,83,1,1,0.0002659378474413,7.286611579883123e-06,3.4785270525048872e-06,False,False,False,False,False,False,False,False,False,False,False,False,False,2,2,False,3.4250000000000003,False,False,False,9.98676300048828,1384.4963,2,0.0002659378474413,7.286611579883123e-06,821,434,False,434.0,False,False,False,False,0.47673183839129424,0.02739864845678596,0.013079733812369612
ARWATSWVFDY,H3-23_A,K4-1,True,83,1,1,0.0002659378474413,7.286611579883123e-06,3.4785270525048872e-06,False,False,False,False,False,False,False,False,False,False,False,False,False,0,0,False,-0.4272727272727272,False,False,False,5.880318832397459,1401.5232,1,0.0002659378474413,7.286611579883123e-06,1359,435,False,435.0,False,False,False,False,0.47673183839129424,0.02739864845678596,0.013079733812369612
ARYGYRSGYWSAAFDY,H3-23_A,K1-39,True,83,1,1,0.0002659378474413,7.286611579883123e-06,3.4785270525048872e-06,False,False,False,False,False,False,False,False,False,False,False,False,False,1,1,False,1.39375,False,False,False,8.472544860839843,1933.0415000000005,2,0.0002659378474413,7.286611579883123e-06,1418,436,False,436.0,False,False,False,False,0.47673183839129424,0.02739864845678596,0.013079733812369612
ARDIVLWSGYGFDY,H3-23_A,K1-39,True,82,1,1,0.0002627337769902,7.286611579883123e-06,3.4785270525048872e-06,False,False,False,False,False,False,False,False,False,False,False,False,False,-1,-1,False,0.0214285714285715,False,False,False,4.207874679565429,1661.8099,1,0.0002627337769902,7.286611579883123e-06,152,437,False,437.0,False,False,False,False,0.47673183839129424,0.02773276559906842,0.013239236690407444
ARFPGLRAKFDY,H3-23_A,K3-15,True,82,1,1,0.0002627337769902,7.286611579883123e-06,3.4785270525048872e-06,False,False,False,False,False,False,False,False,False,False,False,False,False,2,2,False,0.5500000000000003,False,False,False,9.98676300048828,1440.6471,2,0.0002627337769902,7.286611579883123e-06,362,438,False,438.0,False,False,False,False,0.47673183839129424,0.02773276559906842,0.013239236690407444
ARVYRGSAIAFGFDY,H3-23_A,K3-20,True,82,1,1,0.0002627337769902,7.286611579883123e-06,3.4785270525048872e-06,False,False,False,False,False,False,False,False,False,False,False,False,False,1,1,False,0.5800000000000002,False,False,False,8.632579040527343,1692.8703,2,0.0002627337769902,7.286611579883123e-06,1343,441,False,441.0,False,False,False,False,0.47673183839129424,0.02773276559906842,0.013239236690407444
ARDVTLYSGFGNAFDP,H4-34,K3-20,True,81,1,1,0.0002595297065391,7.286611579883123e-06,3.4785270525048872e-06,False,False,False,False,True,False,False,False,False,False,False,False,False,-1,-1,False,1.7125,False,False,False,4.207874679565429,1729.8426,1,0.0002595297065391,7.286611579883123e-06,254,442,False,442.0,False,False,False,False,0.47673183839129424,0.028075132229470195,0.013402677759369519
ARGQPDYWSYWRFDI,H3-23_A,K1-39,True,81,1,1,0.0002595297065391,7.286611579883123e-06,3.4785270525048872e-06,False,False,False,False,False,False,False,False,False,False,False,False,False,0,0,False,0.6533333333333334,False,False,False,6.004021835327148,1960.11,2,0.0002595297065391,7.286611579883123e-06,499,444,False,444.0,False,False,False,False,0.47673183839129424,0.028075132229470195,0.013402677759369519
ARGSYRAWLGFDY,H3-23_A,K4-1,True,81,1,1,0.0002595297065391,7.286611579883123e-06,3.4785270525048872e-06,False,False,False,False,False,False,False,False,False,False,False,False,False,1,1,False,0.6384615384615386,False,False,False,8.632579040527343,1561.6975,2,0.0002595297065391,7.286611579883123e-06,563,445,False,445.0,False,False,False,False,0.47673183839129424,0.028075132229470195,0.013402677759369519
ARIKYDWLGYTWTFDY,H3-23_A,K3-15,True,81,1,1,0.0002595297065391,7.286611579883123e-06,3.4785270525048872e-06,False,False,False,False,False,False,False,False,False,False,False,False,False,0,0,False,-0.2499999999999998,False,False,False,6.0022838592529295,2098.3135,1,0.0002595297065391,7.286611579883123e-06,764,446,False,446.0,False,False,False,False,0.47673183839129424,0.028075132229470195,0.013402677759369519
ARDYWYGIRGYWFDP,H3-23_A,K3-20,True,80,1,1,0.000256325636088,7.286611579883123e-06,3.4785270525048872e-06,False,False,False,True,True,False,False,False,False,False,False,False,False,0,0,False,0.0733333333333334,False,False,False,6.003152847290039,1965.128,2,0.000256325636088,7.286611579883123e-06,297,447,False,447.0,False,False,False,False,0.47673183839129424,0.02842605769172738,0.013570204695654214
ARGHLRSGAAPYFDP,H3-23_A,K4-1,True,80,1,1,0.000256325636088,7.286611579883123e-06,3.4785270525048872e-06,False,False,False,False,True,False,False,False,False,False,False,False,False,1,2,False,1.9066666666666667,False,False,False,8.796192932128907,1614.7620000000002,2,0.000256325636088,7.286611579883123e-06,408,448,False,448.0,False,False,False,False,0.47673183839129424,0.02842605769172738,0.013570204695654214
ARGPILQWTRSYGFDP,H3-23_A,K3-15,True,80,1,1,0.000256325636088,7.286611579883123e-06,3.4785270525048872e-06,False,False,False,False,True,False,False,False,False,False,False,False,False,1,1,False,0.9687500000000002,False,False,False,8.79022674560547,1864.0675,2,0.000256325636088,7.286611579883123e-06,463,449,False,449.0,False,False,False,False,0.47673183839129424,0.02842605769172738,0.013570204695654214
ARPLSYLRGTLFDY,H3-23_A,K4-1,True,80,1,1,0.000256325636088,7.286611579883123e-06,3.4785270525048872e-06,False,False,False,False,False,False,False,False,False,False,False,False,False,1,1,False,-0.0428571428571425,False,False,False,8.632579040527343,1671.8927,2,0.000256325636088,7.286611579883123e-06,990,451,False,451.0,False,False,False,False,0.47673183839129424,0.02842605769172738,0.013570204695654214
ARVRVSSYWYAFDY,H3-23_A,K3-15,True,80,1,1,0.000256325636088,7.286611579883123e-06,3.4785270525048872e-06,False,False,False,True,False,False,False,False,False,False,False,False,False,1,1,False,0.2357142857142858,False,False,False,8.539295959472657,1782.9498,2,0.000256325636088,7.286611579883123e-06,1296,453,False,453.0,False,False,False,False,0.47673183839129424,0.02842605769172738,0.013570204695654214
ARVYRVYWSWGHFDY,H4-34,K3-15,True,80,1,1,0.000256325636088,7.286611579883123e-06,3.4785270525048872e-06,False,False,False,False,False,False,False,False,False,False,False,False,False,1,2,False,-0.4999999999999999,False,False,False,8.545542907714843,2005.1951,2,0.000256325636088,7.286611579883123e-06,1347,454,False,454.0,False,False,False,False,0.47673183839129424,0.02842605769172738,0.013570204695654214
ARDRGWSYLGYWGFDP,H3-23_A,K3-20,True,79,1,1,0.0002531215656369,7.286611579883123e-06,3.4785270525048872e-06,False,False,False,False,True,False,False,False,False,False,False,False,False,0,0,False,0.8750000000000002,False,False,False,6.004021835327148,1946.0834,2,0.0002531215656369,7.286611579883123e-06,198,455,False,455.0,False,False,False,False,0.47673183839129424,0.02878586699193127,0.013741972652650512
ARDRYGIWLPYAYFDY,H3-23_A,K1-39,True,79,1,1,0.0002531215656369,7.286611579883123e-06,3.4785270525048872e-06,False,False,False,False,False,False,False,False,False,False,False,False,False,0,0,False,-0.2249999999999998,False,False,False,6.0022838592529295,2069.2755,2,0.0002531215656369,7.286611579883123e-06,232,457,False,457.0,False,False,False,False,0.47673183839129424,0.02878586699193127,0.013741972652650512
ARHPLSFTWGFDY,H3-23_A,K3-20,True,79,1,1,0.0002531215656369,7.286611579883123e-06,3.4785270525048872e-06,False,False,False,False,False,False,False,False,False,False,False,False,False,0,1,False,-0.1230769230769228,False,False,False,6.788309097290039,1596.7415999999998,1,0.0002531215656369,7.286611579883123e-06,673,458,False,458.0,False,False,False,False,0.47673183839129424,0.02878586699193127,0.013741972652650512
ARLGPSYWGRFDY,H3-23_A,K3-15,True,79,1,1,0.0002531215656369,7.286611579883123e-06,3.4785270525048872e-06,False,False,False,False,False,False,False,False,False,False,False,False,False,1,1,False,0.6384615384615386,False,False,False,8.632579040527343,1587.7348,2,0.0002531215656369,7.286611579883123e-06,838,460,False,460.0,False,False,False,False,0.47673183839129424,0.02878586699193127,0.013741972652650512
ARLRSYWPPYFDY,H3-23_A,K3-15,True,79,1,1,0.0002531215656369,7.286611579883123e-06,3.4785270525048872e-06,False,False,False,False,False,False,False,False,False,False,False,False,False,1,1,False,-0.2230769230769229,False,False,False,8.539295959472657,1733.9206,2,0.0002531215656369,7.286611579883123e-06,901,461,False,461.0,False,False,False,False,0.47673183839129424,0.02878586699193127,0.013741972652650512
ARPGYSYSAGLYFDP,H3-23_A,K3-15,True,79,1,1,0.0002531215656369,7.286611579883123e-06,3.4785270525048872e-06,False,False,False,False,True,False,False,False,False,False,False,False,False,0,0,False,1.5266666666666668,False,False,False,5.87858085632324,1663.7828,1,0.0002531215656369,7.286611579883123e-06,977,463,False,463.0,False,False,False,False,0.47673183839129424,0.02878586699193127,0.013741972652650512
ARSTSLDYFVFDY,H3-23_A,K4-1,True,79,1,1,0.0002531215656369,7.286611579883123e-06,3.4785270525048872e-06,False,False,False,False,False,False,False,False,False,False,False,False,False,-1,-1,False,0.7230769230769233,False,False,False,4.207874679565429,1583.6948,1,0.0002531215656369,7.286611579883123e-06,1138,464,False,464.0,False,False,False,False,0.47673183839129424,0.02878586699193127,0.013741972652650512
ARLIRFSGWDYFDY,H3-23_A,K3-15,True,78,1,1,0.0002499174951858,7.286611579883123e-06,3.4785270525048872e-06,False,False,False,False,False,False,False,False,False,False,False,False,False,0,0,False,-0.4785714285714283,False,False,False,6.004021835327148,1808.9871,2,0.0002499174951858,7.286611579883123e-06,862,466,False,466.0,False,False,False,False,0.47673183839129424,0.02915490180248532,0.01391814474001308
ARAARGLAWSYGFDY,H3-23_A,UNK,True,77,1,1,0.0002467134247347,7.286611579883123e-06,3.4785270525048872e-06,False,False,False,False,False,False,False,False,False,False,False,False,False,1,1,False,0.8333333333333336,False,False,False,8.632579040527343,1703.8532999999998,2,0.0002467134247347,7.286611579883123e-06,3,469,False,469.0,False,False,False,False,0.47673183839129424,0.029533521544289384,0.014098892540281991
ARHLYDWIRFDY,H3-23_A,K4-1,True,77,1,1,0.0002467134247347,7.286611579883123e-06,3.4785270525048872e-06,False,False,False,False,False,False,False,False,False,False,False,False,False,0,1,False,-0.6333333333333332,False,False,False,6.790507125854492,1654.8239999999998,2,0.0002467134247347,7.286611579883123e-06,668,470,False,470.0,False,False,False,False,0.47673183839129424,0.029533521544289384,0.014098892540281991
ARGAFKYHYGYPFDY,H3-23_A,K3-20,True,76,1,1,0.0002435093542836,7.286611579883123e-06,3.4785270525048872e-06,False,False,False,True,False,False,False,False,False,False,False,False,False,1,2,False,0.9133333333333336,False,False,False,8.42741241455078,1855.014,1,0.0002435093542836,7.286611579883123e-06,389,475,False,475.0,False,False,False,False,0.47673183839129424,0.02992210455435593,0.01428439666628646
ARESWYSYGSYHYWFDP,H3-23_A,K3-15,True,75,1,1,0.0002403052838325,7.286611579883123e-06,3.4785270525048872e-06,False,False,False,True,True,False,False,False,False,False,False,False,False,-1,0,False,0.9823529411764708,False,False,False,5.322172927856446,2214.3044,1,0.0002403052838325,7.286611579883123e-06,335,479,False,479.0,False,False,False,False,0.47673183839129424,0.030321049346831802,0.014474847363139101
ARHDRSWPTLFDY,H3-23_A,K1-39,True,75,1,1,0.0002403052838325,7.286611579883123e-06,3.4785270525048872e-06,False,False,False,False,False,False,False,False,False,False,False,False,False,0,1,False,1.2384615384615385,False,False,False,6.791580581665039,1663.7895999999998,2,0.0002403052838325,7.286611579883123e-06,627,480,False,480.0,False,False,False,False,0.47673183839129424,0.030321049346831802,0.014474847363139101
ARQGWTLLYSLFDY,H3-23_A,K3-20,True,75,1,1,0.0002403052838325,7.286611579883123e-06,3.4785270525048872e-06,False,False,False,False,False,False,False,False,False,False,False,False,False,0,0,False,-0.7785714285714284,False,False,False,5.87944984436035,1732.9308999999998,1,0.0002403052838325,7.286611579883123e-06,1047,481,False,481.0,False,False,False,False,0.47673183839129424,0.030321049346831802,0.014474847363139101
ARAIRTSAYKGFDY,H3-23_A,K3-20,True,74,1,1,0.0002371012133814,7.286611579883123e-06,3.4785270525048872e-06,False,False,False,False,False,False,False,False,False,False,False,False,False,2,2,False,1.9142857142857144,False,False,False,9.69757843017578,1618.7904,2,0.0002371012133814,7.286611579883123e-06,40,482,False,482.0,False,False,False,False,0.47673183839129424,0.030730775976260578,0.014670445159038427
ARKSLWSSYDPFDY,H3-23_A,K3-20,True,74,1,1,0.0002371012133814,7.286611579883123e-06,3.4785270525048872e-06,False,False,False,False,True,False,False,False,False,False,False,False,False,0,0,False,1.5285714285714287,False,False,False,6.003152847290039,1734.8608,1,0.0002371012133814,7.286611579883123e-06,820,485,False,485.0,False,False,False,False,0.47673183839129424,0.030730775976260578,0.014670445159038427
ARLVWSSRIGYGFDY,H3-23_A,K1-39,True,74,1,1,0.0002371012133814,7.286611579883123e-06,3.4785270525048872e-06,False,False,False,False,False,False,False,False,False,False,False,False,False,1,1,False,0.0666666666666668,False,False,False,8.632579040527343,1789.9854999999998,2,0.0002371012133814,7.286611579883123e-06,944,486,False,486.0,False,False,False,False,0.47673183839129424,0.030730775976260578,0.014670445159038427
ARPVPLTYLNWGFDY,H3-23_A,K3-15,True,74,1,1,0.0002371012133814,7.286611579883123e-06,3.4785270525048872e-06,False,False,False,False,False,False,False,False,False,False,False,False,False,0,0,False,-0.4466666666666665,False,False,False,5.87944984436035,1812.0308,1,0.0002371012133814,7.286611579883123e-06,1021,489,False,489.0,False,False,False,False,0.47673183839129424,0.030730775976260578,0.014670445159038427
ARSYGSSWLRSAGFDY,H3-23_A,UNK,True,74,1,1,0.0002371012133814,7.286611579883123e-06,3.4785270525048872e-06,False,False,False,False,False,False,False,False,False,False,False,False,False,1,1,False,1.7375000000000005,False,False,False,8.632579040527343,1822.9294,2,0.0002371012133814,7.286611579883123e-06,1152,490,False,490.0,False,False,False,False,0.47673183839129424,0.030730775976260578,0.014670445159038427
ARYLRKYSYTYSSGFDY,H4-34,K1-39,True,74,1,1,0.0002371012133814,7.286611579883123e-06,3.4785270525048872e-06,False,False,False,False,False,False,False,False,False,False,False,False,False,2,2,False,1.6882352941176473,False,False,False,9.308653259277346,2140.3088,2,0.0002371012133814,7.286611579883123e-06,1436,491,False,491.0,False,False,False,False,0.47673183839129424,0.030730775976260578,0.014670445159038427
ARDILLRSGFGFDY,H3-23_A,K3-20,True,73,1,1,0.0002338971429303,7.286611579883123e-06,3.4785270525048872e-06,False,False,False,False,False,False,False,False,False,False,False,False,False,0,0,False,0.1214285714285716,False,False,False,6.004890823364257,1629.8129,2,0.0002338971429303,7.286611579883123e-06,146,493,False,493.0,False,False,False,False,0.47673183839129424,0.03115172751288916,0.014871401569559694
ARQRNLLSGYGFDY,H3-23_A,K3-15,True,73,1,1,0.0002338971429303,7.286611579883123e-06,3.4785270525048872e-06,False,False,False,False,False,False,False,False,False,False,False,False,False,1,1,False,1.4285714285714288,False,False,False,8.632579040527343,1659.7991,2,0.0002338971429303,7.286611579883123e-06,1063,495,False,495.0,False,False,False,False,0.47673183839129424,0.03115172751288916,0.014871401569559694
ARTWYLRHGSSSGFDP,H3-23_A,K3-20,True,73,1,1,0.0002338971429303,7.286611579883123e-06,3.4785270525048872e-06,False,False,False,False,True,False,False,False,False,False,False,False,False,1,2,False,1.90625,False,False,False,8.796192932128907,1836.9594,2,0.0002338971429303,7.286611579883123e-06,1202,497,False,497.0,False,False,False,False,0.47673183839129424,0.03115172751288916,0.014871401569559694
ARWSRGWLVYAFDY,H3-23_A,K1-39,True,73,1,1,0.0002338971429303,7.286611579883123e-06,3.4785270525048872e-06,False,False,False,False,False,False,False,False,False,False,False,False,False,1,1,False,-0.7928571428571427,False,False,False,8.632579040527343,1789.9870999999998,2,0.0002338971429303,7.286611579883123e-06,1386,498,False,498.0,False,False,False,False,0.47673183839129424,0.03115172751288916,0.014871401569559694
ARYTKYGALWYFDY,H4-34,K3-15,True,73,1,1,0.0002338971429303,7.286611579883123e-06,3.4785270525048872e-06,False,False,False,True,False,False,False,False,False,False,False,False,False,1,1,False,-0.0714285714285712,False,False,False,8.420884704589842,1817.0058,1,0.0002338971429303,7.286611579883123e-06,1482,499,False,499.0,False,False,False,False,0.47673183839129424,0.03115172751288916,0.014871401569559694
ARAGPWLSLFDY,H1-69,K1-39,True,72,1,1,0.0002306930724792,7.286611579883123e-06,3.4785270525048872e-06,False,False,False,False,False,False,False,False,False,False,False,False,False,0,0,False,-0.5666666666666664,False,False,False,5.880318832397459,1395.5601,1,0.0002306930724792,7.286611579883123e-06,23,500,False,500.0,False,False,False,False,0.47673183839129424,0.03158437164091119,0.015077939860634099
ARFSHYAYGFDY,H3-23_A,K3-15,True,72,1,1,0.0002306930724792,7.286611579883123e-06,3.4785270525048872e-06,False,False,False,False,False,False,False,False,False,False,False,False,False,0,1,False,0.7166666666666668,False,False,False,6.786059951782226,1496.5793,1,0.0002306930724792,7.286611579883123e-06,378,502,False,502.0,False,False,False,False,0.47673183839129424,0.03158437164091119,0.015077939860634099
ARGPGPWRVIFDY,H3-23_A,K3-20,True,72,1,1,0.0002306930724792,7.286611579883123e-06,3.4785270525048872e-06,False,False,False,False,False,False,False,False,False,False,False,False,False,1,1,False,0.2538461538461539,False,False,False,8.79022674560547,1533.7305,2,0.0002306930724792,7.286611579883123e-06,458,503,False,503.0,False,False,False,False,0.47673183839129424,0.03158437164091119,0.015077939860634099
ARVSASYLWRFDY,H3-23_A,K3-15,True,72,1,1,0.0002306930724792,7.286611579883123e-06,3.4785270525048872e-06,False,False,False,False,False,False,False,False,False,False,False,False,False,1,1,False,-0.0230769230769229,False,False,False,8.632579040527343,1633.8031999999998,2,0.0002306930724792,7.286611579883123e-06,1311,506,False,506.0,False,False,False,False,0.47673183839129424,0.03158437164091119,0.015077939860634099
ARDRYELGAFDY,H1-69,K4-1,True,71,1,1,0.0002274890020281,7.286611579883123e-06,3.4785270525048872e-06,False,False,False,False,False,False,False,False,False,False,False,False,False,-1,-1,False,1.991666666666667,False,False,False,4.558281326293945,1475.5603999999998,2,0.0002274890020281,7.286611579883123e-06,231,508,False,508.0,False,False,False,False,0.47673183839129424,0.032029202391767424,0.01529029587600226
ARERYWSWLFDY,H3-23_A,K3-20,True,71,1,1,0.0002274890020281,7.286611579883123e-06,3.4785270525048872e-06,False,False,False,False,False,False,False,False,False,False,False,False,False,0,0,False,-0.6166666666666666,False,False,False,6.113258743286132,1691.8409,2,0.0002274890020281,7.286611579883123e-06,329,509,False,509.0,False,False,False,False,0.47673183839129424,0.032029202391767424,0.01529029587600226
ARFPLYPRPYKGFDY,H3-23_A,K4-1,True,71,1,1,0.0002274890020281,7.286611579883123e-06,3.4785270525048872e-06,False,False,False,False,False,False,False,False,False,False,False,False,False,2,2,False,0.3266666666666669,False,False,False,9.525611877441406,1890.146,2,0.0002274890020281,7.286611579883123e-06,363,510,False,510.0,False,False,False,False,0.47673183839129424,0.032029202391767424,0.01529029587600226
ARGYATSYIRAAIGFDY,H3-23_A,K3-20,True,71,1,1,0.0002274890020281,7.286611579883123e-06,3.4785270525048872e-06,False,False,False,False,False,False,False,False,False,False,False,False,False,1,1,False,1.1176470588235297,False,False,False,8.539295959472657,1895.0781,2,0.0002274890020281,7.286611579883123e-06,600,511,False,511.0,False,False,False,False,0.47673183839129424,0.032029202391767424,0.01529029587600226
ARHPTYLASSYGYGFDI,H3-23_A,K3-20,True,71,1,1,0.0002274890020281,7.286611579883123e-06,3.4785270525048872e-06,False,False,False,False,False,False,False,False,False,False,False,False,False,0,1,False,1.1823529411764706,False,False,False,6.786059951782226,1918.0684,1,0.0002274890020281,7.286611579883123e-06,680,512,False,512.0,False,False,False,False,0.47673183839129424,0.032029202391767424,0.01529029587600226
ARHRYSWPGFDY,H3-23_A,K4-1,True,71,1,1,0.0002274890020281,7.286611579883123e-06,3.4785270525048872e-06,False,False,False,False,False,False,False,False,False,False,False,False,False,1,2,False,1.1583333333333334,False,False,False,8.638685607910158,1554.6652,2,0.0002274890020281,7.286611579883123e-06,711,513,False,513.0,False,False,False,False,0.47673183839129424,0.032029202391767424,0.01529029587600226
ARAARWYPYTWLFDP,H1-69,K3-15,True,70,1,1,0.000224284931577,7.286611579883123e-06,3.4785270525048872e-06,False,False,False,False,True,False,False,False,False,False,False,False,False,1,1,False,-0.5399999999999998,False,False,False,8.632579040527343,1913.1397,2,0.000224284931577,7.286611579883123e-06,5,515,False,515.0,False,False,False,False,0.47673183839129424,0.032486742026008035,0.015508718935589126
ARDAYGFRFDY,H3-23_A,K3-20,True,70,1,1,0.000224284931577,7.286611579883123e-06,3.4785270525048872e-06,False,False,False,False,False,False,False,False,False,False,False,False,False,0,0,False,1.4636363636363638,False,False,False,6.004021835327148,1380.4626,2,0.000224284931577,7.286611579883123e-06,132,516,False,516.0,False,False,False,False,0.47673183839129424,0.032486742026008035,0.015508718935589126
ARELLNYRYGNLYFDI,H3-23_A,K3-15,True,70,1,1,0.000224284931577,7.286611579883123e-06,3.4785270525048872e-06,False,False,False,False,False,False,False,False,False,False,False,False,False,0,0,False,-0.1562499999999997,False,False,False,6.112389755249024,2020.2463,2,0.000224284931577,7.286611579883123e-06,318,518,False,518.0,False,False,False,False,0.47673183839129424,0.032486742026008035,0.015508718935589126
AREWTFLSWGSRNWFDP,H4-34,K1-39,True,70,1,1,0.000224284931577,7.286611579883123e-06,3.4785270525048872e-06,False,False,False,False,True,False,False,False,False,False,False,False,False,0,0,False,0.2176470588235295,False,True,False,6.1150478363037095,2155.3285,2,0.000224284931577,7.286611579883123e-06,343,519,False,519.0,False,False,False,False,0.47673183839129424,0.032486742026008035,0.015508718935589126
ARFRYAWHPAFDY,H3-23_A,K4-1,True,70,1,1,0.000224284931577,7.286611579883123e-06,3.4785270525048872e-06,False,False,False,False,False,False,False,False,False,False,False,False,False,1,2,False,-0.2538461538461536,False,False,False,8.638685607910158,1699.8662,2,0.000224284931577,7.286611579883123e-06,376,520,False,520.0,False,False,False,False,0.47673183839129424,0.032486742026008035,0.015508718935589126
ARGSKWVYWYGFDY,H3-23_A,K1-39,True,70,1,1,0.000224284931577,7.286611579883123e-06,3.4785270525048872e-06,False,False,False,True,False,False,False,False,False,False,False,False,False,1,1,False,0.0928571428571429,False,False,False,8.47317657470703,1797.9626999999998,1,0.000224284931577,7.286611579883123e-06,550,521,False,521.0,False,False,False,False,0.47673183839129424,0.032486742026008035,0.015508718935589126
ARHTIYGAGNKFDY,H3-23_A,K4-1,True,70,1,1,0.000224284931577,7.286611579883123e-06,3.4785270525048872e-06,False,False,False,False,False,False,False,False,False,False,False,False,False,1,2,False,2.0571428571428574,False,False,False,8.546315002441407,1612.7426999999998,1,0.000224284931577,7.286611579883123e-06,722,522,False,522.0,False,False,False,False,0.47673183839129424,0.032486742026008035,0.015508718935589126
ARPLFTSARWYGYGFDP,H3-23_A,K3-15,True,70,1,1,0.000224284931577,7.286611579883123e-06,3.4785270525048872e-06,False,False,False,False,True,False,False,False,False,False,False,False,False,1,1,False,0.5000000000000002,False,False,False,8.632579040527343,2004.2056,2,0.000224284931577,7.286611579883123e-06,984,523,False,523.0,False,False,False,False,0.47673183839129424,0.032486742026008035,0.015508718935589126
ARSIGRWSYHFDY,H3-23_A,K3-20,True,70,1,1,0.000224284931577,7.286611579883123e-06,3.4785270525048872e-06,False,False,False,True,False,False,False,False,False,False,False,False,False,1,2,False,0.7923076923076924,False,False,False,8.638685607910158,1657.7849,2,0.000224284931577,7.286611579883123e-06,1086,524,False,524.0,False,False,False,False,0.47673183839129424,0.032486742026008035,0.015508718935589126
ARDVLSSWYGYPYGFDI,H3-23_A,K1-39,True,69,1,1,0.0002210808611259,7.286611579883123e-06,3.4785270525048872e-06,False,False,False,False,False,False,False,False,False,False,False,False,False,-1,-1,False,0.411764705882353,False,False,False,4.207874679565429,2009.1756,1,0.0002210808611259,7.286611579883123e-06,243,525,False,525.0,False,False,False,False,0.47673183839129424,0.032957543078787725,0.0157334728119949
ARGFSYFYGFDY,H1-69,K3-15,True,69,1,1,0.0002210808611259,7.286611579883123e-06,3.4785270525048872e-06,False,False,False,True,False,False,False,False,False,False,False,False,False,0,0,False,0.0750000000000002,False,False,False,5.87858085632324,1492.5872,1,0.0002210808611259,7.286611579883123e-06,403,526,False,526.0,False,False,False,False,0.47673183839129424,0.032957543078787725,0.0157334728119949
ARGRYVYGSALFDY,H3-23_A,K3-20,True,69,1,1,0.0002210808611259,7.286611579883123e-06,3.4785270525048872e-06,False,False,False,False,False,False,False,False,False,False,False,False,False,1,1,False,0.9071428571428574,False,False,False,8.539295959472657,1637.7918,2,0.0002210808611259,7.286611579883123e-06,544,527,False,527.0,False,False,False,False,0.47673183839129424,0.032957543078787725,0.0157334728119949
ARHARSNVYWYAFDY,H3-23_A,K4-1,True,69,1,1,0.0002210808611259,7.286611579883123e-06,3.4785270525048872e-06,False,False,False,True,False,False,False,False,False,False,False,False,False,1,2,False,0.78,False,False,False,8.545542907714843,1919.0613,2,0.0002210808611259,7.286611579883123e-06,623,529,False,529.0,False,False,False,False,0.47673183839129424,0.032957543078787725,0.0157334728119949
ARKGIAWPLHHGFDP,H3-23_A,K3-15,True,69,1,1,0.0002210808611259,7.286611579883123e-06,3.4785270525048872e-06,False,False,False,False,True,False,False,False,False,False,False,False,False,1,3,False,0.5000000000000002,False,False,False,8.804335021972655,1701.927,1,0.0002210808611259,7.286611579883123e-06,797,531,False,531.0,False,False,False,False,0.47673183839129424,0.032957543078787725,0.0157334728119949
ARKIRIGIGWYFDY,H5-51,K3-15,True,69,1,1,0.0002210808611259,7.286611579883123e-06,3.4785270525048872e-06,False,False,False,True,False,False,False,False,False,False,False,False,False,2,2,False,-0.6714285714285714,False,False,False,9.69757843017578,1758.0297999999998,2,0.0002210808611259,7.286611579883123e-06,802,532,False,532.0,False,False,False,False,0.47673183839129424,0.032957543078787725,0.0157334728119949
ARVNLHRSHHGYGFDI,H3-23_A,K3-20,True,69,1,1,0.0002210808611259,7.286611579883123e-06,3.4785270525048872e-06,False,False,False,False,False,False,False,False,False,False,False,False,False,1,4,False,1.2312500000000002,False,False,False,8.807563781738281,1879.0456,2,0.0002210808611259,7.286611579883123e-06,1255,536,False,536.0,False,False,False,False,0.47673183839129424,0.032957543078787725,0.0157334728119949
ARVSRWYEWYHFDY,H3-23_A,K3-15,True,69,1,1,0.0002210808611259,7.286611579883123e-06,3.4785270525048872e-06,False,False,False,True,False,False,False,False,False,False,False,False,False,0,1,False,-0.1214285714285713,False,False,False,6.794238662719727,1978.1268,2,0.0002210808611259,7.286611579883123e-06,1316,537,False,537.0,False,False,False,False,0.47673183839129424,0.032957543078787725,0.0157334728119949
ARVSYAYRSYGFDY,H3-23_A,K4-1,True,69,1,1,0.0002210808611259,7.286611579883123e-06,3.4785270525048872e-06,False,False,False,False,False,False,False,False,False,False,False,False,False,1,1,False,1.4857142857142858,False,False,False,8.472544860839843,1717.8334,2,0.0002210808611259,7.286611579883123e-06,1321,538,False,538.0,False,False,False,False,0.47673183839129424,0.032957543078787725,0.0157334728119949
ARVYRYSWVFYGFDY,H3-23_A,K3-15,True,69,1,1,0.0002210808611259,7.286611579883123e-06,3.4785270525048872e-06,False,False,False,False,False,False,False,False,False,False,False,False,False,1,1,False,-0.7133333333333332,False,False,False,8.472544860839843,1992.1929,2,0.0002210808611259,7.286611579883123e-06,1350,540,False,540.0,False,False,False,False,0.47673183839129424,0.032957543078787725,0.0157334728119949
ARYVRYSWTYSIAFDY,H1-69,K1-39,True,69,1,1,0.0002210808611259,7.286611579883123e-06,3.4785270525048872e-06,False,False,False,False,False,False,False,False,False,False,False,False,False,1,1,False,0.1437500000000001,False,False,False,8.472544860839843,2061.2535000000003,2,0.0002210808611259,7.286611579883123e-06,1486,541,False,541.0,False,False,False,False,0.47673183839129424,0.032957543078787725,0.0157334728119949
ARYHLYSWNYGWFDP,H3-23_A,K3-20,True,68,1,1,0.0002178767906748,7.286611579883123e-06,3.4785270525048872e-06,False,False,False,False,True,False,False,False,False,False,False,False,False,0,1,False,-0.2933333333333331,False,False,False,6.786059951782226,1975.1228,1,0.0002178767906748,7.286611579883123e-06,1420,546,False,546.0,False,False,False,False,0.47673183839129424,0.03344219058583741,0.015964836793142968
ARARYWVYGSFDY,H3-23_A,K3-20,True,67,1,1,0.0002146727202237,7.286611579883123e-06,3.4785270525048872e-06,False,False,False,False,False,False,False,False,False,False,False,False,False,1,1,False,0.476923076923077,False,False,False,8.539295959472657,1653.7928,2,0.0002146727202237,7.286611579883123e-06,83,547,False,547.0,False,False,False,False,0.47673183839129424,0.03394130450876742,0.01620310684008593
ARGPISYSLWSYVFDI,H3-23_A,K3-15,True,67,1,1,0.0002146727202237,7.286611579883123e-06,3.4785270525048872e-06,False,False,False,False,False,False,False,False,False,False,False,False,False,0,0,False,-0.5187499999999998,False,False,False,5.87944984436035,1874.0986000000005,1,0.0002146727202237,7.286611579883123e-06,464,549,False,549.0,False,False,False,False,0.47673183839129424,0.03394130450876742,0.01620310684008593
ARGVWYGDYPHAFDP,H1-69,K3-15,True,67,1,1,0.0002146727202237,7.286611579883123e-06,3.4785270525048872e-06,False,False,False,False,True,False,False,False,False,False,False,False,False,-1,0,False,1.2933333333333334,False,False,False,5.212373733520507,1750.8649999999998,1,0.0002146727202237,7.286611579883123e-06,586,550,False,550.0,False,False,False,False,0.47673183839129424,0.03394130450876742,0.01620310684008593
ARGYVSALYRLSFDP,H3-23_A,K1-39,True,67,1,1,0.0002146727202237,7.286611579883123e-06,3.4785270525048872e-06,False,False,False,False,True,False,False,False,False,False,False,False,False,1,1,False,0.5533333333333335,False,False,False,8.632579040527343,1714.9173999999998,2,0.0002146727202237,7.286611579883123e-06,423,551,False,551.0,False,False,False,False,0.47673183839129424,0.03394130450876742,0.01620310684008593
ARLGYTKLGTLFDY,H3-23_A,K3-20,True,67,1,1,0.0002146727202237,7.286611579883123e-06,3.4785270525048872e-06,False,False,False,False,False,False,False,False,False,False,False,False,False,1,1,False,0.2285714285714288,False,False,False,8.54006805419922,1617.842,1,0.0002146727202237,7.286611579883123e-06,850,552,False,552.0,False,False,False,False,0.47673183839129424,0.03394130450876742,0.01620310684008593
ARVNLVSVSGFDY,H3-23_A,K3-15,True,67,1,1,0.0002146727202237,7.286611579883123e-06,3.4785270525048872e-06,False,False,False,False,False,False,False,False,False,False,False,False,False,0,0,False,0.8153846153846155,False,False,False,5.880318832397459,1426.5723999999998,1,0.0002146727202237,7.286611579883123e-06,1256,555,False,555.0,False,False,False,False,0.47673183839129424,0.03394130450876742,0.01620310684008593
ARYLIGWAGDYFDY,H3-23_A,K3-20,True,67,1,1,0.0002146727202237,7.286611579883123e-06,3.4785270525048872e-06,False,False,False,False,False,False,False,False,False,False,False,False,False,-1,-1,False,-0.1642857142857141,False,False,False,4.207874679565429,1709.8527,1,0.0002146727202237,7.286611579883123e-06,1432,556,False,556.0,False,False,False,False,0.47673183839129424,0.03394130450876742,0.01620310684008593
ARAGWSTGYHWGFDY,H3-23_A,K3-20,True,65,1,1,0.0002082645793215,7.286611579883123e-06,3.4785270525048872e-06,False,False,False,True,False,False,False,False,False,False,False,False,False,0,1,False,1.086666666666667,False,False,False,6.787184524536133,1773.8586,1,0.0002082645793215,7.286611579883123e-06,32,564,False,564.0,False,False,False,False,0.47673183839129424,0.03498560219696928,0.01670164003613379
ARAVLNWPYLWTRYFDP,H3-23_A,K1-39,True,65,1,1,0.0002082645793215,7.286611579883123e-06,3.4785270525048872e-06,False,False,False,False,True,False,False,False,False,False,False,False,False,1,1,False,-0.9470588235294116,False,False,False,8.632579040527343,2168.453,2,0.0002082645793215,7.286611579883123e-06,108,565,False,565.0,False,False,False,False,0.47673183839129424,0.03498560219696928,0.01670164003613379
ARDNVNYWYALGFDY,H3-23_A,K3-15,True,65,1,1,0.0002082645793215,7.286611579883123e-06,3.4785270525048872e-06,False,False,False,True,False,False,False,False,False,False,False,False,False,-1,-1,False,0.6866666666666669,False,False,False,4.207874679565429,1866.98,1,0.0002082645793215,7.286611579883123e-06,183,566,False,566.0,False,False,False,False,0.47673183839129424,0.03498560219696928,0.01670164003613379
ARGHYPWNLFGFDY,H3-23_A,K4-1,True,65,1,1,0.0002082645793215,7.286611579883123e-06,3.4785270525048872e-06,False,False,False,False,False,False,False,False,False,False,False,False,False,0,1,False,-0.1785714285714283,False,False,False,6.787184524536133,1742.8874999999998,1,0.0002082645793215,7.286611579883123e-06,416,568,False,568.0,False,False,False,False,0.47673183839129424,0.03498560219696928,0.01670164003613379
ARGPTRWIHPFDY,H3-23_A,K1-39,True,65,1,1,0.0002082645793215,7.286611579883123e-06,3.4785270525048872e-06,False,False,False,False,False,False,False,False,False,False,False,False,False,1,2,False,0.6615384615384616,False,False,False,8.796192932128907,1615.7913999999998,2,0.0002082645793215,7.286611579883123e-06,481,569,False,569.0,False,False,False,False,0.47673183839129424,0.03498560219696928,0.01670164003613379
ARGRYLWSSWYTAFDP,H3-23_A,K1-39,True,65,1,1,0.0002082645793215,7.286611579883123e-06,3.4785270525048872e-06,False,False,False,False,True,False,False,False,False,False,False,False,False,1,1,False,0.4000000000000001,False,False,False,8.632579040527343,1976.1525,2,0.0002082645793215,7.286611579883123e-06,535,570,False,570.0,False,False,False,False,0.47673183839129424,0.03498560219696928,0.01670164003613379
ARHRPYDYFSVWYEFDY,H3-23_A,K1-39,True,65,1,1,0.0002082645793215,7.286611579883123e-06,3.4785270525048872e-06,False,False,False,False,False,False,False,False,False,True,False,False,False,-1,0,False,0.5470588235294119,False,False,False,5.382542037963867,2314.4665,2,0.0002082645793215,7.286611579883123e-06,698,571,False,571.0,False,False,False,False,0.47673183839129424,0.03498560219696928,0.01670164003613379
ARLKYGYGSPRWGFDP,H3-23_A,K3-15,True,65,1,1,0.0002082645793215,7.286611579883123e-06,3.4785270525048872e-06,False,False,False,False,True,False,False,False,False,False,False,False,False,2,2,False,1.3625000000000005,False,False,False,9.69757843017578,1870.0736,2,0.0002082645793215,7.286611579883123e-06,870,572,False,572.0,False,False,False,False,0.47673183839129424,0.03498560219696928,0.01670164003613379
ARLRVYWSEWTFDY,H3-23_A,K3-20,True,65,1,1,0.0002082645793215,7.286611579883123e-06,3.4785270525048872e-06,False,False,False,False,False,False,False,False,False,False,False,False,False,0,0,False,-0.4214285714285713,False,False,False,6.113258743286132,1892.0758,2,0.0002082645793215,7.286611579883123e-06,905,573,False,573.0,False,False,False,False,0.47673183839129424,0.03498560219696928,0.01670164003613379
ARLWGRSAWYGYGFDY,H3-23_A,K4-1,True,65,1,1,0.0002082645793215,7.286611579883123e-06,3.4785270525048872e-06,False,False,False,False,False,False,False,False,False,False,False,False,False,1,1,False,0.1312500000000001,False,False,False,8.539295959472657,1968.1319,2,0.0002082645793215,7.286611579883123e-06,948,574,False,574.0,False,False,False,False,0.47673183839129424,0.03498560219696928,0.01670164003613379
ARSRHLYWNLFDY,H3-23_A,UNK,True,65,1,1,0.0002082645793215,7.286611579883123e-06,3.4785270525048872e-06,False,False,False,False,False,False,False,False,False,False,False,False,False,1,2,False,-0.4076923076923074,False,False,False,8.638685607910158,1740.9164999999998,2,0.0002082645793215,7.286611579883123e-06,1111,575,False,575.0,False,False,False,False,0.47673183839129424,0.03498560219696928,0.01670164003613379
ARVKWNIQLLGFDY,H3-23_A,K3-20,True,65,1,1,0.0002082645793215,7.286611579883123e-06,3.4785270525048872e-06,False,False,False,False,False,False,False,False,False,False,False,False,False,1,1,False,-0.7499999999999998,False,False,False,8.63377227783203,1722.9824,1,0.0002082645793215,7.286611579883123e-06,1245,576,False,576.0,False,False,False,False,0.47673183839129424,0.03498560219696928,0.01670164003613379
ARWRFGAYHFDY,H3-23_A,K3-15,True,65,1,1,0.0002082645793215,7.286611579883123e-06,3.4785270525048872e-06,False,False,False,True,False,False,False,False,False,False,False,False,False,1,2,False,-0.1499999999999998,False,False,False,8.638685607910158,1588.7243999999998,2,0.0002082645793215,7.286611579883123e-06,1379,579,False,579.0,False,False,False,False,0.47673183839129424,0.03498560219696928,0.01670164003613379
ARDWGIWGAAYWAFDY,H3-23_A,K3-15,True,64,1,1,0.0002050605088704,7.286611579883123e-06,3.4785270525048872e-06,False,False,False,False,False,False,False,False,False,False,False,False,False,-1,-1,False,-0.4374999999999999,False,True,False,4.207874679565429,1948.0975,1,0.0002050605088704,7.286611579883123e-06,262,581,False,581.0,False,False,False,False,0.47673183839129424,0.03553222557461005,0.01696259043616671
AREYGLLWGFDY,H3-23_A,K3-15,True,64,1,1,0.0002050605088704,7.286611579883123e-06,3.4785270525048872e-06,False,False,False,False,False,False,False,False,False,False,False,False,False,-1,-1,False,-0.4916666666666664,False,False,False,4.370375442504883,1489.6282,1,0.0002050605088704,7.286611579883123e-06,344,582,False,582.0,False,False,False,False,0.47673183839129424,0.03553222557461005,0.01696259043616671
ARGLVRWYGYGHFDI,H3-23_A,K3-15,True,64,1,1,0.0002050605088704,7.286611579883123e-06,3.4785270525048872e-06,False,False,False,False,False,False,False,False,False,False,False,False,False,1,2,False,-0.2799999999999998,False,False,False,8.638685607910158,1810.0215000000003,2,0.0002050605088704,7.286611579883123e-06,441,583,False,583.0,False,False,False,False,0.47673183839129424,0.03553222557461005,0.01696259043616671
ARGNAWSGWGFDY,H3-23_A,K3-20,True,64,1,1,0.0002050605088704,7.286611579883123e-06,3.4785270525048872e-06,False,False,False,False,False,False,False,False,False,False,False,False,False,0,0,False,1.3769230769230771,False,False,False,5.880318832397459,1486.5448,1,0.0002050605088704,7.286611579883123e-06,450,584,False,584.0,False,False,False,False,0.47673183839129424,0.03553222557461005,0.01696259043616671
ARGPNYGAIWYLLFDY,H3-23_A,K3-15,True,64,1,1,0.0002050605088704,7.286611579883123e-06,3.4785270525048872e-06,False,False,False,False,False,False,False,False,False,False,False,False,False,0,0,False,-0.7749999999999998,False,False,False,5.87858085632324,1919.1407,1,0.0002050605088704,7.286611579883123e-06,467,585,False,585.0,False,False,False,False,0.47673183839129424,0.03553222557461005,0.01696259043616671
ARGRSYGWIWGFDY,H3-23_A,K1-39,True,64,1,1,0.0002050605088704,7.286611579883123e-06,3.4785270525048872e-06,False,False,False,False,False,False,False,False,False,False,False,False,False,1,1,False,0.2214285714285715,False,False,False,8.632579040527343,1733.8808,2,0.0002050605088704,7.286611579883123e-06,523,586,False,586.0,False,False,False,False,0.47673183839129424,0.03553222557461005,0.01696259043616671
ARGWARYIWAGFDY,H4-34,K1-39,True,64,1,1,0.0002050605088704,7.286611579883123e-06,3.4785270525048872e-06,False,False,False,False,False,False,False,False,False,False,False,False,False,1,1,False,-0.3499999999999999,False,False,False,8.632579040527343,1731.908,2,0.0002050605088704,7.286611579883123e-06,589,587,False,587.0,False,False,False,False,0.47673183839129424,0.03553222557461005,0.01696259043616671
ARGWYGSSYALFDY,H1-69,K3-15,True,64,1,1,0.0002050605088704,7.286611579883123e-06,3.4785270525048872e-06,False,False,False,False,False,False,False,False,False,False,False,False,False,0,0,False,0.6214285714285717,False,False,False,5.87858085632324,1655.7623,1,0.0002050605088704,7.286611579883123e-06,598,588,False,588.0,False,False,False,False,0.47673183839129424,0.03553222557461005,0.01696259043616671
ARPPILRGSGTFDY,H3-23_A,K3-20,True,64,1,1,0.0002050605088704,7.286611579883123e-06,3.4785270525048872e-06,False,False,False,False,False,False,False,False,False,False,False,False,False,1,1,False,1.392857142857143,False,False,False,8.79022674560547,1549.7284,2,0.0002050605088704,7.286611579883123e-06,996,590,False,590.0,False,False,False,False,0.47673183839129424,0.03553222557461005,0.01696259043616671
ARVSWAVFSYHAFDI,H3-23_A,K3-20,True,64,1,1,0.0002050605088704,7.286611579883123e-06,3.4785270525048872e-06,False,False,False,False,False,False,False,False,False,False,False,False,False,0,1,False,-0.6733333333333332,False,False,False,6.788309097290039,1768.9663,1,0.0002050605088704,7.286611579883123e-06,1320,591,False,591.0,False,False,False,False,0.47673183839129424,0.03553222557461005,0.01696259043616671
ARYSSSWVDYFDY,H3-23_A,K3-20,True,64,1,1,0.0002050605088704,7.286611579883123e-06,3.4785270525048872e-06,False,False,False,False,False,False,False,False,False,False,False,False,False,-1,-1,False,1.3230769230769233,False,False,False,4.207874679565429,1658.7198999999998,1,0.0002050605088704,7.286611579883123e-06,1476,592,False,592.0,False,False,False,False,0.47673183839129424,0.03553222557461005,0.01696259043616671
ARDRSLVWYWAFDY,H3-23_A,K3-20,True,63,1,1,0.0002018564384193,7.286611579883123e-06,3.4785270525048872e-06,False,False,False,True,False,False,False,False,False,False,False,False,False,0,0,False,-0.4857142857142856,False,False,False,6.004021835327148,1848.0232,2,0.0002018564384193,7.286611579883123e-06,219,593,False,593.0,False,False,False,False,0.47673183839129424,0.036096201215716626,0.017231824565505947
ARDRTSWTFDY,H3-23_A,K3-20,True,63,1,1,0.0002018564384193,7.286611579883123e-06,3.4785270525048872e-06,False,False,False,False,False,False,False,False,False,False,False,False,False,0,0,False,2.390909090909091,False,False,False,6.004890823364257,1417.4814,2,0.0002018564384193,7.286611579883123e-06,224,594,False,594.0,False,False,False,False,0.47673183839129424,0.036096201215716626,0.017231824565505947
AREHRHKWGLGFDY,H3-23_A,K3-20,True,63,1,1,0.0002018564384193,7.286611579883123e-06,3.4785270525048872e-06,False,False,False,False,False,False,False,False,False,False,False,False,False,1,3,False,1.3785714285714288,False,False,False,8.64479217529297,1771.934,2,0.0002018564384193,7.286611579883123e-06,306,596,False,596.0,False,False,False,False,0.47673183839129424,0.036096201215716626,0.017231824565505947
ARGRWLAYSAALFDY,H3-23_A,K3-20,True,63,1,1,0.0002018564384193,7.286611579883123e-06,3.4785270525048872e-06,False,False,False,False,False,False,False,False,False,False,False,False,False,1,1,False,-0.1599999999999997,False,False,False,8.632579040527343,1759.9596,2,0.0002018564384193,7.286611579883123e-06,530,597,False,597.0,False,False,False,False,0.47673183839129424,0.036096201215716626,0.017231824565505947
ARHTTGWYTNFDY,H3-23_A,K1-39,True,63,1,1,0.0002018564384193,7.286611579883123e-06,3.4785270525048872e-06,False,False,False,False,False,False,False,False,False,False,False,False,False,0,1,False,1.8230769230769237,False,False,False,6.787184524536133,1631.7013,1,0.0002018564384193,7.286611579883123e-06,725,598,False,598.0,False,False,False,False,0.47673183839129424,0.036096201215716626,0.017231824565505947
ARIPFYRSYGNPWFDP,H3-23_A,K4-1,True,63,1,1,0.0002018564384193,7.286611579883123e-06,3.4785270525048872e-06,False,False,False,False,True,False,False,False,False,False,False,False,False,1,1,False,0.3625000000000001,False,False,False,8.632579040527343,1986.1903,2,0.0002018564384193,7.286611579883123e-06,772,599,False,599.0,False,False,False,False,0.47673183839129424,0.036096201215716626,0.017231824565505947
ARLFNRWYEFDY,H3-23_A,K4-1,True,63,1,1,0.0002018564384193,7.286611579883123e-06,3.4785270525048872e-06,False,False,False,False,False,False,False,False,False,True,False,False,False,0,0,False,-0.5083333333333332,False,False,False,6.113258743286132,1679.8301,2,0.0002018564384193,7.286611579883123e-06,832,600,False,600.0,False,False,False,False,0.47673183839129424,0.036096201215716626,0.017231824565505947
ARLTSTFSGARFDY,H3-23_A,K3-15,True,63,1,1,0.0002018564384193,7.286611579883123e-06,3.4785270525048872e-06,False,False,False,False,False,False,False,False,False,False,False,False,False,1,1,False,1.585714285714286,False,False,False,8.79022674560547,1591.722,2,0.0002018564384193,7.286611579883123e-06,931,601,False,601.0,False,False,False,False,0.47673183839129424,0.036096201215716626,0.017231824565505947
ARSSAYIRFPGFDY,H3-23_A,K3-20,True,63,1,1,0.0002018564384193,7.286611579883123e-06,3.4785270525048872e-06,False,False,False,False,False,False,False,False,False,False,False,False,False,1,1,False,0.9428571428571432,False,False,False,8.632579040527343,1649.8026,2,0.0002018564384193,7.286611579883123e-06,1126,603,False,603.0,False,False,False,False,0.47673183839129424,0.036096201215716626,0.017231824565505947
ARVAQSSRYPFDY,H3-23_A,K3-20,True,63,1,1,0.0002018564384193,7.286611579883123e-06,3.4785270525048872e-06,False,False,False,False,False,False,False,False,False,False,False,False,False,1,1,False,2.076923076923077,False,False,False,8.632579040527343,1559.6800999999998,2,0.0002018564384193,7.286611579883123e-06,1208,604,False,604.0,False,False,False,False,0.47673183839129424,0.036096201215716626,0.017231824565505947
ARYHVYGSYSWGFDI,H3-23_A,K3-15,True,63,1,1,0.0002018564384193,7.286611579883123e-06,3.4785270525048872e-06,False,False,False,False,False,False,False,False,False,False,False,False,False,0,1,False,0.4133333333333334,False,False,False,6.786059951782226,1820.9547,1,0.0002018564384193,7.286611579883123e-06,1421,605,False,605.0,False,False,False,False,0.47673183839129424,0.036096201215716626,0.017231824565505947
ARYIGALYRGHVFDY,H5-51,K3-15,True,63,1,1,0.0002018564384193,7.286611579883123e-06,3.4785270525048872e-06,False,False,False,False,False,False,False,False,False,False,False,False,False,1,2,False,0.0200000000000001,False,False,False,8.545542907714843,1801.0114,2,0.0002018564384193,7.286611579883123e-06,1423,606,False,606.0,False,False,False,False,0.47673183839129424,0.036096201215716626,0.017231824565505947
ARYPIGVSRYPFDY,H3-23_A,K3-20,True,63,1,1,0.0002018564384193,7.286611579883123e-06,3.4785270525048872e-06,False,False,False,False,False,False,False,False,False,False,False,False,False,1,1,False,0.7357142857142858,False,False,False,8.539295959472657,1703.8929999999998,2,0.0002018564384193,7.286611579883123e-06,1445,608,False,608.0,False,False,False,False,0.47673183839129424,0.036096201215716626,0.017231824565505947
ARYVSTYLWYRGWFDP,H4-34,K3-20,True,63,1,1,0.0002018564384193,7.286611579883123e-06,3.4785270525048872e-06,False,False,False,False,True,False,False,False,False,False,False,False,False,1,1,False,-0.4874999999999998,False,False,False,8.539295959472657,2080.3015,2,0.0002018564384193,7.286611579883123e-06,1487,609,False,609.0,False,False,False,False,0.47673183839129424,0.036096201215716626,0.017231824565505947
ARDIPGWFLYNAFDI,H3-23_A,K3-20,True,62,1,1,0.0001986523679682,7.286611579883123e-06,3.4785270525048872e-06,False,False,False,False,False,False,False,False,False,False,False,False,False,-1,-1,False,-0.8199999999999998,False,False,False,4.207874679565429,1798.0042,1,0.0001986523679682,7.286611579883123e-06,148,612,False,612.0,False,False,False,False,0.47673183839129424,0.03667836870367666,0.01750974322958688
ARDVYSAWYNYGFDI,H3-23_A,K3-20,True,62,1,1,0.0001986523679682,7.286611579883123e-06,3.4785270525048872e-06,False,False,False,False,False,False,False,False,False,False,False,False,False,-1,-1,False,0.7333333333333335,False,False,False,4.207874679565429,1839.9547,1,0.0001986523679682,7.286611579883123e-06,257,614,False,614.0,False,False,False,False,0.47673183839129424,0.03667836870367666,0.01750974322958688
ARGHWYGWYPFDY,H3-23_A,K3-20,True,62,1,1,0.0001986523679682,7.286611579883123e-06,3.4785270525048872e-06,False,False,False,True,False,False,False,False,False,False,False,False,False,0,1,False,-0.2307692307692306,False,False,False,6.786059951782226,1717.8366,1,0.0001986523679682,7.286611579883123e-06,415,615,False,615.0,False,False,False,False,0.47673183839129424,0.03667836870367666,0.01750974322958688
ARGPRWYDWPFDY,H3-23_A,K3-20,True,62,1,1,0.0001986523679682,7.286611579883123e-06,3.4785270525048872e-06,False,False,False,False,False,False,False,False,False,False,False,False,False,0,0,False,0.5692307692307694,False,False,False,6.004021835327148,1728.8611,2,0.0001986523679682,7.286611579883123e-06,476,616,False,616.0,False,False,False,False,0.47673183839129424,0.03667836870367666,0.01750974322958688
ARHPSSYSQGFDY,H3-23_A,K3-20,True,62,1,1,0.0001986523679682,7.286611579883123e-06,3.4785270525048872e-06,False,False,False,False,False,False,False,False,False,False,False,False,False,0,1,False,2.976923076923077,False,False,False,6.787184524536133,1514.5534,1,0.0001986523679682,7.286611579883123e-06,678,617,False,617.0,False,False,False,False,0.47673183839129424,0.03667836870367666,0.01750974322958688
ARITKYTRYGFDY,H3-23_A,K3-15,True,62,1,1,0.0001986523679682,7.286611579883123e-06,3.4785270525048872e-06,False,False,False,False,False,False,False,False,False,False,False,False,False,2,2,False,1.4923076923076926,False,False,False,9.525611877441406,1653.8344,2,0.0001986523679682,7.286611579883123e-06,788,619,False,619.0,False,False,False,False,0.47673183839129424,0.03667836870367666,0.01750974322958688
ARKLWRGAYSYWAFDY,H3-23_A,K3-20,True,62,1,1,0.0001986523679682,7.286611579883123e-06,3.4785270525048872e-06,False,False,False,False,False,False,False,False,False,False,False,False,False,2,2,False,-0.0937499999999998,False,False,False,9.525611877441406,2053.2795,2,0.0001986523679682,7.286611579883123e-06,805,620,False,620.0,False,False,False,False,0.47673183839129424,0.03667836870367666,0.01750974322958688
ARLGRHFYGVPGYLFDI,H3-23_A,K3-15,True,62,1,1,0.0001986523679682,7.286611579883123e-06,3.4785270525048872e-06,False,False,False,True,False,False,False,False,False,False,False,False,False,1,2,False,-0.6176470588235292,False,False,False,8.638685607910158,1981.2582,2,0.0001986523679682,7.286611579883123e-06,841,621,False,621.0,False,False,False,False,0.47673183839129424,0.03667836870367666,0.01750974322958688
ARPPIRHLSLHAFDY,H3-23_A,K3-20,True,62,1,1,0.0001986523679682,7.286611579883123e-06,3.4785270525048872e-06,False,False,False,False,False,False,False,False,False,False,False,False,False,1,3,False,2.0724163126336256e-16,False,False,False,8.801948547363281,1793.036,2,0.0001986523679682,7.286611579883123e-06,997,622,False,622.0,False,False,False,False,0.47673183839129424,0.03667836870367666,0.01750974322958688
ARSGYSWYGLNFDY,H3-23_A,K3-15,True,62,1,1,0.0001986523679682,7.286611579883123e-06,3.4785270525048872e-06,False,False,False,False,False,False,False,False,False,False,False,False,False,0,0,False,0.9714285714285716,False,False,False,5.87858085632324,1698.7869999999998,1,0.0001986523679682,7.286611579883123e-06,1084,624,False,624.0,False,False,False,False,0.47673183839129424,0.03667836870367666,0.01750974322958688
ARSRLSIYGLGFDP,H3-23_A,K4-1,True,62,1,1,0.0001986523679682,7.286611579883123e-06,3.4785270525048872e-06,False,False,False,False,True,False,False,False,False,False,False,False,False,1,1,False,0.6785714285714288,False,False,False,8.79022674560547,1551.7442,2,0.0001986523679682,7.286611579883123e-06,1115,625,False,625.0,False,False,False,False,0.47673183839129424,0.03667836870367666,0.01750974322958688
ARVAHLVSSWSGFDY,H3-23_A,K4-1,True,62,1,1,0.0001986523679682,7.286611579883123e-06,3.4785270525048872e-06,False,False,False,False,False,False,False,False,False,False,False,False,False,0,1,False,0.5333333333333334,False,False,False,6.788309097290039,1694.8431999999998,1,0.0001986523679682,7.286611579883123e-06,1207,626,False,626.0,False,False,False,False,0.47673183839129424,0.03667836870367666,0.01750974322958688
ARDYGTYWGYTFDY,H3-23_A,K1-39,True,61,1,1,0.0001954482975171,7.286611579883123e-06,3.4785270525048872e-06,False,False,False,False,False,False,False,False,False,False,False,False,False,-1,-1,False,1.5214285714285716,False,False,False,4.207874679565429,1777.8406,1,0.0001954482975171,7.286611579883123e-06,276,629,False,629.0,False,False,False,False,0.47673183839129424,0.03727962267370943,0.01779677351482386
ARGTHYRWPHFAGFDY,H3-23_A,K3-20,True,61,1,1,0.0001954482975171,7.286611579883123e-06,3.4785270525048872e-06,False,False,False,False,False,False,False,False,False,False,False,False,False,1,3,False,0.8312500000000002,False,False,False,8.644651794433596,1981.1341,2,0.0001954482975171,7.286611579883123e-06,567,630,False,630.0,False,False,False,False,0.47673183839129424,0.03727962267370943,0.01779677351482386
ARLHRVYGTGFDY,H3-23_A,K3-20,True,61,1,1,0.0001954482975171,7.286611579883123e-06,3.4785270525048872e-06,False,False,False,False,False,False,False,False,False,False,False,False,False,1,2,False,1.0230769230769232,False,False,False,8.638685607910158,1554.7066,2,0.0001954482975171,7.286611579883123e-06,855,632,False,632.0,False,False,False,False,0.47673183839129424,0.03727962267370943,0.01779677351482386
ARLRLVQQYFDY,H5-51,UNK,True,61,1,1,0.0001954482975171,7.286611579883123e-06,3.4785270525048872e-06,False,False,False,False,False,False,False,False,False,False,False,False,False,1,1,False,-0.2166666666666664,False,False,False,8.632579040527343,1571.7768,2,0.0001954482975171,7.286611579883123e-06,895,633,False,633.0,False,False,False,False,0.47673183839129424,0.03727962267370943,0.01779677351482386
ARSLSWGWNWVFDY,H3-23_A,K3-15,True,61,1,1,0.0001954482975171,7.286611579883123e-06,3.4785270525048872e-06,False,False,False,False,False,False,False,False,False,False,False,False,False,0,0,False,-0.857142857142857,False,True,False,5.880318832397459,1786.9400999999998,1,0.0001954482975171,7.286611579883123e-06,1093,634,False,634.0,False,False,False,False,0.47673183839129424,0.03727962267370943,0.01779677351482386
ARYGVYVWSFDY,H3-23_A,K3-20,True,61,1,1,0.0001954482975171,7.286611579883123e-06,3.4785270525048872e-06,False,False,False,False,False,False,False,False,False,False,False,False,False,0,0,False,-0.3166666666666666,False,False,False,5.87858085632324,1525.6602,1,0.0001954482975171,7.286611579883123e-06,1414,635,False,635.0,False,False,False,False,0.47673183839129424,0.03727962267370943,0.01779677351482386
ARYPSPATRWNYFDP,H3-23_A,K1-39,True,61,1,1,0.0001954482975171,7.286611579883123e-06,3.4785270525048872e-06,False,False,False,False,True,False,False,False,False,False,False,False,False,1,1,False,1.64,False,False,False,8.632579040527343,1840.9894,2,0.0001954482975171,7.286611579883123e-06,1449,636,False,636.0,False,False,False,False,0.47673183839129424,0.03727962267370943,0.01779677351482386
ARYRWGYIVSPYFDY,H3-23_A,K1-39,True,61,1,1,0.0001954482975171,7.286611579883123e-06,3.4785270525048872e-06,False,False,False,False,False,False,False,False,False,False,False,False,False,1,1,False,-0.2466666666666665,False,False,False,8.472544860839843,1956.1609000000003,2,0.0001954482975171,7.286611579883123e-06,1470,637,False,637.0,False,False,False,False,0.47673183839129424,0.03727962267370943,0.01779677351482386
ARDYPGTYSGFDY,H3-23_A,K3-15,True,60,1,1,0.000192244227066,7.286611579883123e-06,3.4785270525048872e-06,False,False,False,False,False,False,False,False,False,False,False,False,False,-1,-1,False,2.815384615384616,False,False,False,4.207874679565429,1511.5461,1,0.000192244227066,7.286611579883123e-06,285,639,False,639.0,False,False,False,False,0.47673183839129424,0.037900917400279906,0.018093370978577883
ARIGLWLAWGRGFDP,H4-34,K1-39,True,60,1,1,0.000192244227066,7.286611579883123e-06,3.4785270525048872e-06,False,False,False,False,True,False,False,False,False,False,False,False,False,1,1,False,-0.9199999999999998,False,False,False,9.643601989746092,1714.9654,2,0.000192244227066,7.286611579883123e-06,755,642,False,642.0,False,False,False,False,0.47673183839129424,0.037900917400279906,0.018093370978577883
ARIVYGLGSSYGYGFDI,H3-23_A,K3-20,True,60,1,1,0.000192244227066,7.286611579883123e-06,3.4785270525048872e-06,False,False,False,False,False,False,False,False,False,False,False,False,False,0,0,False,0.4882352941176472,False,False,False,5.87858085632324,1838.0233,1,0.000192244227066,7.286611579883123e-06,792,643,False,643.0,False,False,False,False,0.47673183839129424,0.037900917400279906,0.018093370978577883
ARQFGYWSLDY,H3-23_A,K1-39,True,60,1,1,0.000192244227066,7.286611579883123e-06,3.4785270525048872e-06,False,False,False,False,False,False,False,False,False,False,False,False,False,0,0,False,0.2090909090909092,False,False,False,5.87944984436035,1405.5118,1,0.000192244227066,7.286611579883123e-06,1040,646,False,646.0,False,False,False,False,0.47673183839129424,0.037900917400279906,0.018093370978577883
ARYGAAWYVYAYFDY,H3-23_A,K3-20,True,60,1,1,0.000192244227066,7.286611579883123e-06,3.4785270525048872e-06,False,False,False,False,False,False,False,False,False,False,False,False,False,0,0,False,-0.2733333333333332,False,False,False,5.876893997192382,1879.032,1,0.000192244227066,7.286611579883123e-06,1406,647,False,647.0,False,False,False,False,0.47673183839129424,0.037900917400279906,0.018093370978577883
ARYRSGISAALFDY,H3-23_A,K3-15,True,60,1,1,0.000192244227066,7.286611579883123e-06,3.4785270525048872e-06,False,False,False,False,False,False,False,False,False,False,False,False,False,1,1,False,0.9428571428571432,False,False,False,8.632579040527343,1589.7490999999998,2,0.000192244227066,7.286611579883123e-06,1461,648,False,648.0,False,False,False,False,0.47673183839129424,0.037900917400279906,0.018093370978577883
ARAGAWYPLDY,H3-23_A,K3-20,True,59,1,1,0.0001890401566149,7.286611579883123e-06,3.4785270525048872e-06,False,False,False,False,False,False,False,False,False,False,False,False,False,0,0,False,0.481818181818182,False,False,False,5.87944984436035,1282.4025,1,0.0001890401566149,7.286611579883123e-06,20,649,False,649.0,False,False,False,False,0.47673183839129424,0.0385432718510048,0.018400022061821064
ARDADVWHFDY,H3-23_A,K3-15,True,59,1,1,0.0001890401566149,7.286611579883123e-06,3.4785270525048872e-06,False,False,False,True,False,False,False,False,False,True,False,False,False,-2,-1,False,1.4272727272727277,False,False,False,4.413415908813476,1394.4462,1,0.0001890401566149,7.286611579883123e-06,127,650,False,650.0,False,False,False,False,0.47673183839129424,0.0385432718510048,0.018400022061821064
ARDILYTYSWYGFDP,H3-23_A,K3-20,True,59,1,1,0.0001890401566149,7.286611579883123e-06,3.4785270525048872e-06,False,False,False,False,True,False,False,False,False,False,False,False,False,-1,-1,False,0.2466666666666668,False,False,False,4.207874679565429,1867.0199,1,0.0001890401566149,7.286611579883123e-06,147,651,False,651.0,False,False,False,False,0.47673183839129424,0.0385432718510048,0.018400022061821064
ARDLGRVYGWLGFAFDP,H3-23_A,K1-39,True,59,1,1,0.0001890401566149,7.286611579883123e-06,3.4785270525048872e-06,False,False,False,False,True,False,False,False,False,False,False,False,False,0,0,False,-0.0352941176470585,False,False,False,6.004890823364257,1940.1633,2,0.0001890401566149,7.286611579883123e-06,159,652,False,652.0,False,False,False,False,0.47673183839129424,0.0385432718510048,0.018400022061821064
ARGPEYVAYSVYGFDY,H3-23_A,K3-20,True,59,1,1,0.0001890401566149,7.286611579883123e-06,3.4785270525048872e-06,False,False,False,False,False,False,False,False,False,False,False,False,False,-1,-1,False,1.375,False,False,False,4.370324325561524,1856.9819,1,0.0001890401566149,7.286611579883123e-06,455,655,False,655.0,False,False,False,False,0.47673183839129424,0.0385432718510048,0.018400022061821064
ARGPYDWFGSYFDY,H5-51,K4-1,True,59,1,1,0.0001890401566149,7.286611579883123e-06,3.4785270525048872e-06,False,False,False,False,False,False,False,False,False,False,False,False,False,-1,-1,False,0.8714285714285717,False,False,False,4.207874679565429,1743.8258999999998,1,0.0001890401566149,7.286611579883123e-06,489,656,False,656.0,False,False,False,False,0.47673183839129424,0.0385432718510048,0.018400022061821064
ARGPYHFYWAGYAFDI,H3-23_A,K3-15,True,59,1,1,0.0001890401566149,7.286611579883123e-06,3.4785270525048872e-06,False,False,False,True,False,False,False,False,False,False,False,False,False,0,1,False,-0.3749999999999998,False,False,False,6.786059951782226,1934.1139,1,0.0001890401566149,7.286611579883123e-06,491,657,False,657.0,False,False,False,False,0.47673183839129424,0.0385432718510048,0.018400022061821064
ARGYGPVSVYAYWGFDP,H3-23_A,K3-15,True,59,1,1,0.0001890401566149,7.286611579883123e-06,3.4785270525048872e-06,False,False,False,False,True,False,False,False,False,False,False,False,False,0,0,False,0.8176470588235295,False,False,False,5.87858085632324,1905.0711,1,0.0001890401566149,7.286611579883123e-06,604,658,False,658.0,False,False,False,False,0.47673183839129424,0.0385432718510048,0.018400022061821064
ARGYSLYLLSAGFDY,H3-23_A,UNK,True,59,1,1,0.0001890401566149,7.286611579883123e-06,3.4785270525048872e-06,False,False,False,False,False,False,False,False,False,False,False,False,False,0,0,False,0.0200000000000002,False,False,False,5.87858085632324,1695.8676,1,0.0001890401566149,7.286611579883123e-06,615,659,False,659.0,False,False,False,False,0.47673183839129424,0.0385432718510048,0.018400022061821064
ARKRPWYSWIAAFDY,H3-23_A,K4-1,True,59,1,1,0.0001890401566149,7.286611579883123e-06,3.4785270525048872e-06,False,False,False,False,False,False,False,False,False,False,False,False,False,2,2,False,-0.1333333333333332,False,False,False,9.69757843017578,1930.1702,2,0.0001890401566149,7.286611579883123e-06,813,662,False,662.0,False,False,False,False,0.47673183839129424,0.0385432718510048,0.018400022061821064
ARTTYQSSYWRGFDY,H3-23_A,K1-39,True,59,1,1,0.0001890401566149,7.286611579883123e-06,3.4785270525048872e-06,False,False,False,False,False,False,False,False,False,False,False,False,False,1,1,False,2.046666666666667,False,False,False,8.539295959472657,1900.9982,2,0.0001890401566149,7.286611579883123e-06,1193,664,False,664.0,False,False,False,False,0.47673183839129424,0.0385432718510048,0.018400022061821064
ARVSYGYRPFKFDY,H3-23_A,K1-39,True,59,1,1,0.0001890401566149,7.286611579883123e-06,3.4785270525048872e-06,False,False,False,False,False,False,False,False,False,False,False,False,False,2,2,False,0.9071428571428574,False,False,False,9.525611877441406,1768.9662999999998,2,0.0001890401566149,7.286611579883123e-06,1323,665,False,665.0,False,False,False,False,0.47673183839129424,0.0385432718510048,0.018400022061821064
ARWVRGYSGSHTYGFDI,H3-23_A,K1-39,True,59,1,1,0.0001890401566149,7.286611579883123e-06,3.4785270525048872e-06,False,False,False,False,False,False,False,False,False,False,False,False,False,1,2,False,1.3647058823529414,False,False,False,8.638685607910158,1972.1224,2,0.0001890401566149,7.286611579883123e-06,1393,667,False,667.0,False,False,False,False,0.47673183839129424,0.0385432718510048,0.018400022061821064
ARATGWGYRLFDY,H4-34,K3-20,True,58,1,1,0.0001858360861638,7.286611579883123e-06,3.4785270525048872e-06,False,False,False,False,False,False,False,False,False,False,False,False,False,1,1,False,0.5384615384615387,False,False,False,8.632579040527343,1575.7241,2,0.0001858360861638,7.286611579883123e-06,99,668,False,668.0,False,False,False,False,0.47673183839129424,0.03920777526334824,0.01871724675137362
ARDITIPWTLAGFDY,H3-23_A,K3-20,True,58,1,1,0.0001858360861638,7.286611579883123e-06,3.4785270525048872e-06,False,False,False,False,False,False,False,False,False,False,False,False,False,-1,-1,False,0.0200000000000001,False,False,False,4.207874679565429,1738.9355999999998,1,0.0001858360861638,7.286611579883123e-06,151,669,False,669.0,False,False,False,False,0.47673183839129424,0.03920777526334824,0.01871724675137362
ARDVYTLWGSWYFDY,H3-23_A,K1-39,True,58,1,1,0.0001858360861638,7.286611579883123e-06,3.4785270525048872e-06,False,False,False,True,False,False,False,False,False,False,False,False,False,-1,-1,False,-0.2733333333333332,False,False,False,4.207874679565429,1942.088,1,0.0001858360861638,7.286611579883123e-06,259,672,False,672.0,False,False,False,False,0.47673183839129424,0.03920777526334824,0.01871724675137362
AREIPSAWFYGFDY,H3-23_A,K3-20,True,58,1,1,0.0001858360861638,7.286611579883123e-06,3.4785270525048872e-06,False,False,False,True,False,False,False,False,False,False,False,False,False,-1,-1,False,0.0214285714285715,False,False,False,4.370375442504883,1721.8635,1,0.0001858360861638,7.286611579883123e-06,309,674,False,674.0,False,False,False,False,0.47673183839129424,0.03920777526334824,0.01871724675137362
ARLRKWYGLDY,H3-23_A,K3-20,True,58,1,1,0.0001858360861638,7.286611579883123e-06,3.4785270525048872e-06,False,False,False,False,False,False,False,False,False,False,False,False,False,2,2,False,-0.027272727272727,False,False,False,9.69757843017578,1440.6471,2,0.0001858360861638,7.286611579883123e-06,893,677,False,677.0,False,False,False,False,0.47673183839129424,0.03920777526334824,0.01871724675137362
ARPGRPWYLWYFDY,H3-23_A,K3-20,True,58,1,1,0.0001858360861638,7.286611579883123e-06,3.4785270525048872e-06,False,False,False,True,False,False,False,False,False,False,False,False,False,1,1,False,-0.9785714285714284,False,False,False,8.539295959472657,1890.1045,2,0.0001858360861638,7.286611579883123e-06,972,678,False,678.0,False,False,False,False,0.47673183839129424,0.03920777526334824,0.01871724675137362
ARSFYHRYGFDY,H3-23_A,K4-1,True,58,1,1,0.0001858360861638,7.286611579883123e-06,3.4785270525048872e-06,False,False,False,True,False,False,False,False,False,False,False,False,False,1,2,False,0.8916666666666669,False,False,False,8.545542907714843,1581.6871,2,0.0001858360861638,7.286611579883123e-06,1078,680,False,680.0,False,False,False,False,0.47673183839129424,0.03920777526334824,0.01871724675137362
ARSYRYSFGSWPPFDI,H3-23_A,K1-39,True,58,1,1,0.0001858360861638,7.286611579883123e-06,3.4785270525048872e-06,False,False,False,False,False,False,False,False,False,False,False,False,False,1,1,False,0.6062500000000002,False,False,False,8.632579040527343,1949.1271,2,0.0001858360861638,7.286611579883123e-06,1155,681,False,681.0,False,False,False,False,0.47673183839129424,0.03920777526334824,0.01871724675137362
ARYRQSAAKYFDY,H3-23_A,K3-20,True,58,1,1,0.0001858360861638,7.286611579883123e-06,3.4785270525048872e-06,False,False,False,False,False,False,False,False,False,False,False,False,False,2,2,False,2.1538461538461537,False,False,False,9.525611877441406,1638.78,2,0.0001858360861638,7.286611579883123e-06,1460,684,False,684.0,False,False,False,False,0.47673183839129424,0.03920777526334824,0.01871724675137362
ARYWVFGARFDY,H3-23_A,K1-39,True,58,1,1,0.0001858360861638,7.286611579883123e-06,3.4785270525048872e-06,False,False,False,False,False,False,False,False,False,False,False,False,False,1,1,False,-0.6333333333333332,False,False,False,8.632579040527343,1550.7161,2,0.0001858360861638,7.286611579883123e-06,1491,685,False,685.0,False,False,False,False,0.47673183839129424,0.03920777526334824,0.01871724675137362
ARDLYSWLYGYPFDY,H3-23_A,K1-39,True,57,1,1,0.0001826320157127,7.286611579883123e-06,3.4785270525048872e-06,False,False,False,False,False,False,False,False,False,False,False,False,False,-1,-1,False,-0.3066666666666665,False,False,False,4.207874679565429,1929.0892,1,0.0001826320157127,7.286611579883123e-06,181,686,False,686.0,False,False,False,False,0.47673183839129424,0.039895593308306054,0.019045601522361035
ARDYFRTGSLYGFDI,H3-23_A,K3-15,True,57,1,1,0.0001826320157127,7.286611579883123e-06,3.4785270525048872e-06,False,False,False,False,False,False,False,False,False,False,False,False,False,0,0,False,0.9466666666666668,False,False,False,6.004021835327148,1780.9324,2,0.0001826320157127,7.286611579883123e-06,274,687,False,687.0,False,False,False,False,0.47673183839129424,0.039895593308306054,0.019045601522361035
AREGRAWLYSNLFDI,H3-23_A,K3-20,True,57,1,1,0.0001826320157127,7.286611579883123e-06,3.4785270525048872e-06,False,False,False,False,False,False,False,False,False,False,False,False,False,0,0,False,0.1400000000000001,False,False,False,6.114178848266601,1811.0048,2,0.0001826320157127,7.286611579883123e-06,304,688,False,688.0,False,False,False,False,0.47673183839129424,0.039895593308306054,0.019045601522361035
ARGPYWSYSSGAYGFDI,H3-23_A,K1-39,True,57,1,1,0.0001826320157127,7.286611579883123e-06,3.4785270525048872e-06,False,False,False,False,False,False,False,False,False,False,False,False,False,0,0,False,1.4235294117647062,False,False,False,5.87858085632324,1897.0061,1,0.0001826320157127,7.286611579883123e-06,495,691,False,691.0,False,False,False,False,0.47673183839129424,0.039895593308306054,0.019045601522361035
ARHGGYWHATFDY,H3-23_A,K3-20,True,57,1,1,0.0001826320157127,7.286611579883123e-06,3.4785270525048872e-06,False,False,False,True,False,False,False,False,False,False,False,False,False,0,2,False,1.2461538461538464,False,False,False,6.959295272827148,1580.6593999999998,1,0.0001826320157127,7.286611579883123e-06,634,693,False,693.0,False,False,False,False,0.47673183839129424,0.039895593308306054,0.019045601522361035
ARHRPWTSFYAFDY,H3-23_A,K4-1,True,57,1,1,0.0001826320157127,7.286611579883123e-06,3.4785270525048872e-06,False,False,False,False,False,False,False,False,False,False,False,False,False,1,2,False,0.4500000000000002,False,False,False,8.638685607910158,1816.9695,2,0.0001826320157127,7.286611579883123e-06,697,695,False,695.0,False,False,False,False,0.47673183839129424,0.039895593308306054,0.019045601522361035
ARLIVAWSGRHFDY,H3-23_A,K1-39,True,57,1,1,0.0001826320157127,7.286611579883123e-06,3.4785270525048872e-06,False,False,False,False,False,False,False,False,False,False,False,False,False,1,2,False,-0.3642857142857141,False,False,False,8.796192932128907,1690.9009,2,0.0001826320157127,7.286611579883123e-06,864,696,False,696.0,False,False,False,False,0.47673183839129424,0.039895593308306054,0.019045601522361035
ARLRYGSIGFHFDY,H3-23_A,K4-1,True,57,1,1,0.0001826320157127,7.286611579883123e-06,3.4785270525048872e-06,False,False,False,True,False,False,False,False,False,False,False,False,False,1,2,False,0.0785714285714288,False,False,False,8.638685607910158,1701.8803999999998,2,0.0001826320157127,7.286611579883123e-06,909,697,False,697.0,False,False,False,False,0.47673183839129424,0.039895593308306054,0.019045601522361035
ARPYGSYWLFDY,H3-23_A,K3-20,True,57,1,1,0.0001826320157127,7.286611579883123e-06,3.4785270525048872e-06,False,False,False,False,False,False,False,False,False,False,False,False,False,0,0,False,-0.2916666666666664,False,False,False,5.87858085632324,1537.671,1,0.0001826320157127,7.286611579883123e-06,1032,700,False,700.0,False,False,False,False,0.47673183839129424,0.039895593308306054,0.019045601522361035
ARTPYRWVAYDWFDP,H3-23_A,K1-39,True,57,1,1,0.0001826320157127,7.286611579883123e-06,3.4785270525048872e-06,False,False,False,False,True,False,False,False,False,False,False,False,False,0,0,False,0.3533333333333334,False,False,False,6.004021835327148,1943.1226,2,0.0001826320157127,7.286611579883123e-06,1172,701,False,701.0,False,False,False,False,0.47673183839129424,0.039895593308306054,0.019045601522361035
ARVRAFYHLEYGFDI,H3-23_A,K3-20,True,57,1,1,0.0001826320157127,7.286611579883123e-06,3.4785270525048872e-06,False,False,False,True,False,False,False,False,False,False,False,False,False,0,1,False,-0.3266666666666664,False,False,False,6.795363235473633,1857.0747,2,0.0001826320157127,7.286611579883123e-06,1268,703,False,703.0,False,False,False,False,0.47673183839129424,0.039895593308306054,0.019045601522361035
ARVRYTAVSYGFDY,H3-23_A,K3-15,True,57,1,1,0.0001826320157127,7.286611579883123e-06,3.4785270525048872e-06,False,False,False,False,False,False,False,False,False,False,False,False,False,1,1,False,1.2642857142857145,False,False,False,8.539295959472657,1667.8177999999998,2,0.0001826320157127,7.286611579883123e-06,1306,704,False,704.0,False,False,False,False,0.47673183839129424,0.039895593308306054,0.019045601522361035
ARYLSVWSGSRGFDI,H3-23_A,K3-15,True,57,1,1,0.0001826320157127,7.286611579883123e-06,3.4785270525048872e-06,False,False,False,False,False,False,False,False,False,False,False,False,False,1,1,False,0.6266666666666668,False,False,False,8.79022674560547,1713.8896,2,0.0001826320157127,7.286611579883123e-06,1440,706,False,706.0,False,False,False,False,0.47673183839129424,0.039895593308306054,0.019045601522361035
ARYSWYSYGFDY,H3-23_A,K3-20,True,57,1,1,0.0001826320157127,7.286611579883123e-06,3.4785270525048872e-06,False,False,False,False,False,False,False,False,False,False,False,False,False,0,0,False,0.6833333333333335,False,False,False,5.877711868286132,1577.6487,1,0.0001826320157127,7.286611579883123e-06,1480,707,False,707.0,False,False,False,False,0.47673183839129424,0.039895593308306054,0.019045601522361035
ARALRSHYGWGFDY,H3-23_A,K3-15,True,56,1,1,0.0001794279452616,7.286611579883123e-06,3.4785270525048872e-06,False,False,False,False,False,False,False,False,False,False,False,False,False,1,2,False,0.742857142857143,False,False,False,8.638685607910158,1698.8367999999998,2,0.0001794279452616,7.286611579883123e-06,51,708,False,708.0,False,False,False,False,0.47673183839129424,0.04060797491444787,0.019385682595916894
ARDYWYGYRSFDY,H3-23_A,K3-15,True,56,1,1,0.0001794279452616,7.286611579883123e-06,3.4785270525048872e-06,False,False,False,True,False,False,False,False,False,False,False,False,False,0,0,False,1.2230769230769232,False,False,False,6.0022838592529295,1761.8445,2,0.0001794279452616,7.286611579883123e-06,298,709,False,709.0,False,False,False,False,0.47673183839129424,0.04060797491444787,0.019385682595916894
ARHHGYGLWTIPYGFDI,H3-23_A,K3-20,True,56,1,1,0.0001794279452616,7.286611579883123e-06,3.4785270525048872e-06,False,False,False,False,False,False,False,False,False,False,False,False,False,0,2,False,-0.1941176470588233,False,False,False,6.959295272827148,2003.2208,1,0.0001794279452616,7.286611579883123e-06,650,712,False,712.0,False,False,False,False,0.47673183839129424,0.04060797491444787,0.019385682595916894
ARHRYTSGEYGFDY,H3-23_A,K3-20,True,56,1,1,0.0001794279452616,7.286611579883123e-06,3.4785270525048872e-06,False,False,False,False,False,False,False,False,False,False,False,False,False,0,1,False,2.757142857142857,False,False,False,6.794238662719727,1721.7824999999998,2,0.0001794279452616,7.286611579883123e-06,712,714,False,714.0,False,False,False,False,0.47673183839129424,0.04060797491444787,0.019385682595916894
ARLRVYPVKHTFDY,H3-23_A,K3-20,True,56,1,1,0.0001794279452616,7.286611579883123e-06,3.4785270525048872e-06,False,False,False,False,False,False,False,False,False,False,False,False,False,2,3,False,0.4285714285714287,False,False,False,9.69764862060547,1765.0224999999998,2,0.0001794279452616,7.286611579883123e-06,904,715,False,715.0,False,False,False,False,0.47673183839129424,0.04060797491444787,0.019385682595916894
ARLSPYSLWYAFDY,H3-23_A,K3-15,True,56,1,1,0.0001794279452616,7.286611579883123e-06,3.4785270525048872e-06,False,False,False,False,False,False,False,False,False,False,False,False,False,0,0,False,-0.6999999999999998,False,False,False,5.87858085632324,1751.9325,1,0.0001794279452616,7.286611579883123e-06,915,716,False,716.0,False,False,False,False,0.47673183839129424,0.04060797491444787,0.019385682595916894
ARNVWLPYGSFDY,H3-23_A,K3-20,True,56,1,1,0.0001794279452616,7.286611579883123e-06,3.4785270525048872e-06,False,False,False,False,False,False,False,False,False,False,False,False,False,0,0,False,0.1307692307692309,False,False,False,5.87944984436035,1587.7314,1,0.0001794279452616,7.286611579883123e-06,960,717,False,717.0,False,False,False,False,0.47673183839129424,0.04060797491444787,0.019385682595916894
ARPGYGPRAFDY,H3-23_A,K3-20,True,56,1,1,0.0001794279452616,7.286611579883123e-06,3.4785270525048872e-06,False,False,False,False,False,False,False,False,False,False,False,False,False,1,1,False,2.1,False,False,False,8.632579040527343,1369.4831,2,0.0001794279452616,7.286611579883123e-06,975,718,False,718.0,False,False,False,False,0.47673183839129424,0.04060797491444787,0.019385682595916894
ARPWQYTPYLFDY,H3-23_A,K3-20,True,56,1,1,0.0001794279452616,7.286611579883123e-06,3.4785270525048872e-06,False,False,False,False,False,False,False,False,False,False,False,False,False,0,0,False,-0.1846153846153844,False,False,False,5.87858085632324,1719.8907,1,0.0001794279452616,7.286611579883123e-06,1027,719,False,719.0,False,False,False,False,0.47673183839129424,0.04060797491444787,0.019385682595916894
ARSLPHSYRFDY,H3-23_A,K3-20,True,56,1,1,0.0001794279452616,7.286611579883123e-06,3.4785270525048872e-06,False,False,False,False,False,False,False,False,False,False,False,False,False,1,2,False,1.2916666666666667,False,False,False,8.638685607910158,1511.6389,2,0.0001794279452616,7.286611579883123e-06,1090,721,False,721.0,False,False,False,False,0.47673183839129424,0.04060797491444787,0.019385682595916894
ARVSRAWYTWGFDY,H4-34,K3-15,True,56,1,1,0.0001794279452616,7.286611579883123e-06,3.4785270525048872e-06,False,False,False,False,False,False,False,False,False,False,False,False,False,1,1,False,0.2357142857142858,False,False,False,8.632579040527343,1777.9334,2,0.0001794279452616,7.286611579883123e-06,1313,723,False,723.0,False,False,False,False,0.47673183839129424,0.04060797491444787,0.019385682595916894
ARASYALFRLGHFDP,H3-23_A,K3-20,True,55,1,1,0.0001762238748105,7.286611579883123e-06,3.4785270525048872e-06,False,False,False,False,True,False,False,False,False,False,False,False,False,1,2,False,0.1600000000000002,False,False,False,8.796192932128907,1720.9269,2,0.0001762238748105,7.286611579883123e-06,97,725,False,725.0,False,False,False,False,0.47673183839129424,0.041346259836358014,0.019738129552251307
ARDESIWGRWYPFDY,H3-23_A,K3-20,True,55,1,1,0.0001762238748105,7.286611579883123e-06,3.4785270525048872e-06,False,False,False,False,False,False,False,False,False,True,False,False,False,-1,-1,False,0.7733333333333334,False,False,False,4.558281326293945,1961.0948000000003,2,0.0001762238748105,7.286611579883123e-06,135,726,False,726.0,False,False,False,False,0.47673183839129424,0.041346259836358014,0.019738129552251307
ARDLGWYSGWEGFDI,H3-23_A,K3-20,True,55,1,1,0.0001762238748105,7.286611579883123e-06,3.4785270525048872e-06,False,False,False,False,False,False,False,False,False,False,False,False,False,-2,-2,False,0.6266666666666668,False,False,False,4.050025558471679,1771.8809,1,0.0001762238748105,7.286611579883123e-06,162,727,False,727.0,False,False,False,False,0.47673183839129424,0.041346259836358014,0.019738129552251307
ARDYHYSGSGVERAFDI,H5-51,K3-15,True,55,1,1,0.0001762238748105,7.286611579883123e-06,3.4785270525048872e-06,False,False,False,True,False,False,False,False,False,False,False,False,False,-1,0,False,2.4823529411764707,False,False,False,5.382593154907226,1943.0366,2,0.0001762238748105,7.286611579883123e-06,280,729,False,729.0,False,False,False,False,0.47673183839129424,0.041346259836358014,0.019738129552251307
ARESPNYWYFSFDY,H3-23_A,K3-20,True,55,1,1,0.0001762238748105,7.286611579883123e-06,3.4785270525048872e-06,False,False,False,True,False,False,False,False,False,False,False,False,False,-1,-1,False,0.8642857142857144,False,False,False,4.370375442504883,1844.9298,1,0.0001762238748105,7.286611579883123e-06,333,730,False,730.0,False,False,False,False,0.47673183839129424,0.041346259836358014,0.019738129552251307
ARGTWGYAAGFDY,H3-23_A,UNK,True,55,1,1,0.0001762238748105,7.286611579883123e-06,3.4785270525048872e-06,False,False,False,False,False,False,False,False,False,False,False,False,False,0,0,False,1.5230769230769232,False,False,False,5.87944984436035,1434.51,1,0.0001762238748105,7.286611579883123e-06,578,732,False,732.0,False,False,False,False,0.47673183839129424,0.041346259836358014,0.019738129552251307
ARHGESRFAKYSWFDP,H4-34,K1-39,True,55,1,1,0.0001762238748105,7.286611579883123e-06,3.4785270525048872e-06,False,False,False,False,True,False,False,False,False,False,False,False,False,1,2,False,1.7937500000000002,False,False,False,8.638896179199222,1954.1073,2,0.0001762238748105,7.286611579883123e-06,633,734,False,734.0,False,False,False,False,0.47673183839129424,0.041346259836358014,0.019738129552251307
ARHLGWVASHVYFDP,H3-23_A,K1-39,True,55,1,1,0.0001762238748105,7.286611579883123e-06,3.4785270525048872e-06,False,False,False,False,True,False,False,False,False,False,False,False,False,0,2,False,-0.0533333333333332,False,False,False,6.960470962524414,1754.9431,1,0.0001762238748105,7.286611579883123e-06,660,735,False,735.0,False,False,False,False,0.47673183839129424,0.041346259836358014,0.019738129552251307
ARHRNKWYGLFDY,H3-23_A,K3-20,True,55,1,1,0.0001762238748105,7.286611579883123e-06,3.4785270525048872e-06,False,False,False,False,False,False,False,False,False,False,False,False,False,2,3,False,0.6769230769230771,False,False,False,9.69764862060547,1725.9052,2,0.0001762238748105,7.286611579883123e-06,695,736,False,736.0,False,False,False,False,0.47673183839129424,0.041346259836358014,0.019738129552251307
ARKPAYASLDY,H3-23_A,K3-20,True,55,1,1,0.0001762238748105,7.286611579883123e-06,3.4785270525048872e-06,False,False,False,False,False,False,False,False,False,False,False,False,False,1,1,False,1.981818181818182,False,False,False,8.54006805419922,1254.3909,1,0.0001762238748105,7.286611579883123e-06,808,737,False,737.0,False,False,False,False,0.47673183839129424,0.041346259836358014,0.019738129552251307
ARKYRATALFDY,H3-23_A,K3-20,True,55,1,1,0.0001762238748105,7.286611579883123e-06,3.4785270525048872e-06,False,False,False,False,False,False,False,False,False,False,False,False,False,2,2,False,1.116666666666667,False,False,False,9.69757843017578,1474.6618,2,0.0001762238748105,7.286611579883123e-06,823,738,False,738.0,False,False,False,False,0.47673183839129424,0.041346259836358014,0.019738129552251307
ARLGKSWAYLYGSFDP,H3-23_A,K4-1,True,55,1,1,0.0001762238748105,7.286611579883123e-06,3.4785270525048872e-06,False,False,False,False,True,False,False,False,False,False,False,False,False,1,1,False,0.5750000000000002,False,False,False,8.54006805419922,1831.0342,1,0.0001762238748105,7.286611579883123e-06,836,739,False,739.0,False,False,False,False,0.47673183839129424,0.041346259836358014,0.019738129552251307
ARSKYARGFTFDY,H3-23_A,K3-20,True,55,1,1,0.0001762238748105,7.286611579883123e-06,3.4785270525048872e-06,False,False,False,False,False,False,False,False,False,False,False,False,False,2,2,False,1.807692307692308,False,False,False,9.69757843017578,1581.7287,2,0.0001762238748105,7.286611579883123e-06,1088,740,False,740.0,False,False,False,False,0.47673183839129424,0.041346259836358014,0.019738129552251307
ARSSSWSWTPGFDY,H3-23_A,K3-20,True,55,1,1,0.0001762238748105,7.286611579883123e-06,3.4785270525048872e-06,False,False,False,False,False,False,False,False,False,False,False,False,False,0,0,False,1.7285714285714289,False,False,False,5.880318832397459,1646.7126999999998,1,0.0001762238748105,7.286611579883123e-06,1134,741,False,741.0,False,False,False,False,0.47673183839129424,0.041346259836358014,0.019738129552251307
ARVADVASSWSGFDY,H3-23_A,K3-20,True,55,1,1,0.0001762238748105,7.286611579883123e-06,3.4785270525048872e-06,False,False,False,False,False,False,False,False,False,False,False,False,False,-1,-1,False,1.8133333333333332,False,False,False,4.207874679565429,1630.7116,1,0.0001762238748105,7.286611579883123e-06,1207,742,False,742.0,False,False,False,False,0.47673183839129424,0.041346259836358014,0.019738129552251307
ARWIYSYTSYFDY,H3-23_A,K3-15,True,55,1,1,0.0001762238748105,7.286611579883123e-06,3.4785270525048872e-06,False,False,False,False,False,False,False,False,False,False,False,False,False,0,0,False,-0.0230769230769229,False,False,False,5.877711868286132,1734.8589,1,0.0001762238748105,7.286611579883123e-06,1368,743,False,743.0,False,False,False,False,0.47673183839129424,0.041346259836358014,0.019738129552251307
ARWVHGWGYAFDY,H3-23_A,K3-15,True,55,1,1,0.0001762238748105,7.286611579883123e-06,3.4785270525048872e-06,False,False,False,False,False,False,False,False,False,False,False,False,False,0,1,False,-0.3692307692307691,False,False,False,6.787184524536133,1627.7570999999998,1,0.0001762238748105,7.286611579883123e-06,1392,745,False,745.0,False,False,False,False,0.47673183839129424,0.041346259836358014,0.019738129552251307
ARYKYVDPYWYAFDI,H3-23_A,K3-20,True,55,1,1,0.0001762238748105,7.286611579883123e-06,3.4785270525048872e-06,False,False,False,True,True,False,False,False,False,False,False,False,False,0,0,False,-0.1533333333333332,False,False,False,6.00141487121582,1970.1842,1,0.0001762238748105,7.286611579883123e-06,1429,747,False,747.0,False,False,False,False,0.47673183839129424,0.041346259836358014,0.019738129552251307
ARAHIHSSRTGYFDP,H3-23_A,K3-20,True,54,1,1,0.0001730198043594,7.286611579883123e-06,3.4785270525048872e-06,False,False,False,False,True,False,False,False,False,False,False,False,False,1,3,False,2.246666666666667,False,False,False,8.801948547363281,1714.8381,2,0.0001730198043594,7.286611579883123e-06,34,748,False,748.0,False,False,False,False,0.47673183839129424,0.042111887063965646,0.02010362934514821
ARALAWSWGFDY,H3-23_A,K3-20,True,54,1,1,0.0001730198043594,7.286611579883123e-06,3.4785270525048872e-06,False,False,False,False,False,False,False,False,False,False,False,False,False,0,0,False,-0.6333333333333332,False,False,False,5.880318832397459,1442.5751,1,0.0001730198043594,7.286611579883123e-06,48,750,False,750.0,False,False,False,False,0.47673183839129424,0.042111887063965646,0.02010362934514821
ARDLPLSIAGWYFDY,H3-23_A,K3-20,True,54,1,1,0.0001730198043594,7.286611579883123e-06,3.4785270525048872e-06,False,False,False,True,False,False,False,False,False,False,False,False,False,-1,-1,False,-0.4466666666666665,False,False,False,4.207874679565429,1786.9782999999998,1,0.0001730198043594,7.286611579883123e-06,164,751,False,751.0,False,False,False,False,0.47673183839129424,0.042111887063965646,0.02010362934514821
AREGVAWPSWYPLFDY,H3-23_A,K3-20,True,54,1,1,0.0001730198043594,7.286611579883123e-06,3.4785270525048872e-06,False,False,False,False,False,False,False,False,False,False,False,False,False,-1,-1,False,-0.2062499999999998,False,False,False,4.370375442504883,1957.1458,1,0.0001730198043594,7.286611579883123e-06,305,753,False,753.0,False,False,False,False,0.47673183839129424,0.042111887063965646,0.02010362934514821
ARGPDRGTWGLAFDP,H3-23_A,K3-20,True,54,1,1,0.0001730198043594,7.286611579883123e-06,3.4785270525048872e-06,False,False,False,False,True,False,False,False,False,False,False,False,False,0,0,False,2.046666666666667,False,False,False,6.005810928344727,1615.7468,2,0.0001730198043594,7.286611579883123e-06,454,755,False,755.0,False,False,False,False,0.47673183839129424,0.042111887063965646,0.02010362934514821
ARGPSWLFSFDY,H3-23_A,K3-20,True,54,1,1,0.0001730198043594,7.286611579883123e-06,3.4785270525048872e-06,False,False,False,False,False,False,False,False,False,False,False,False,False,0,0,False,-0.1999999999999997,False,False,False,5.880318832397459,1445.5757,1,0.0001730198043594,7.286611579883123e-06,479,757,False,757.0,False,False,False,False,0.47673183839129424,0.042111887063965646,0.02010362934514821
ARGRWAWFYGFDY,H3-23_A,K3-15,True,54,1,1,0.0001730198043594,7.286611579883123e-06,3.4785270525048872e-06,False,False,False,True,False,False,False,False,False,False,False,False,False,1,1,False,-0.6307692307692305,False,False,False,8.632579040527343,1694.8463,2,0.0001730198043594,7.286611579883123e-06,527,759,False,759.0,False,False,False,False,0.47673183839129424,0.042111887063965646,0.02010362934514821
ARHYNYGRFDY,H3-23_A,UNK,True,54,1,1,0.0001730198043594,7.286611579883123e-06,3.4785270525048872e-06,False,False,False,False,False,False,False,False,False,False,False,False,False,1,2,False,1.8545454545454547,False,False,False,8.545542907714843,1461.5386,2,0.0001730198043594,7.286611579883123e-06,740,761,False,761.0,False,False,False,False,0.47673183839129424,0.042111887063965646,0.02010362934514821
ARTRTPWYKFDY,H3-23_A,K3-20,True,54,1,1,0.0001730198043594,7.286611579883123e-06,3.4785270525048872e-06,False,False,False,False,False,False,False,False,False,False,False,False,False,2,2,False,1.3083333333333336,False,False,False,9.69757843017578,1603.7774,2,0.0001730198043594,7.286611579883123e-06,1180,767,False,767.0,False,False,False,False,0.47673183839129424,0.042111887063965646,0.02010362934514821
ARVHLYSSGRYPFDP,H3-23_A,K3-15,True,54,1,1,0.0001730198043594,7.286611579883123e-06,3.4785270525048872e-06,False,False,False,False,True,False,False,False,False,False,False,False,False,1,2,False,1.3066666666666669,False,False,False,8.638685607910158,1764.9364,2,0.0001730198043594,7.286611579883123e-06,1227,768,False,768.0,False,False,False,False,0.47673183839129424,0.042111887063965646,0.02010362934514821
ARAPQSYRWTFDY,H3-23_A,K3-20,True,53,1,1,0.0001698157339083,7.286611579883123e-06,3.4785270525048872e-06,False,False,False,False,False,False,False,False,False,False,False,False,False,1,1,False,1.4923076923076926,False,False,False,8.632579040527343,1660.7856,2,0.0001698157339083,7.286611579883123e-06,58,770,False,770.0,False,False,False,False,0.47673183839129424,0.04290640418381846,0.02048292077090726
ARDPLVYLGYNWYAFDY,H3-23_A,K3-20,True,53,1,1,0.0001698157339083,7.286611579883123e-06,3.4785270525048872e-06,False,False,False,False,True,False,False,False,False,False,False,False,False,-1,-1,False,-0.3352941176470587,False,False,False,4.207874679565429,2126.3234,1,0.0001698157339083,7.286611579883123e-06,186,773,False,773.0,False,False,False,False,0.47673183839129424,0.04290640418381846,0.02048292077090726
ARDPVYFLYGFDY,H3-23_A,K3-20,True,53,1,1,0.0001698157339083,7.286611579883123e-06,3.4785270525048872e-06,False,False,False,False,True,False,False,False,False,False,False,False,False,-1,-1,False,-0.2230769230769228,False,False,False,4.207874679565429,1625.7759999999998,1,0.0001698157339083,7.286611579883123e-06,191,774,False,774.0,False,False,False,False,0.47673183839129424,0.04290640418381846,0.02048292077090726
ARDVYSSWRAWYFDI,H3-23_A,K1-39,True,53,1,1,0.0001698157339083,7.286611579883123e-06,3.4785270525048872e-06,False,False,False,True,False,False,False,False,False,False,False,False,False,0,0,False,0.06,False,False,False,6.004021835327148,1935.1005,2,0.0001698157339083,7.286611579883123e-06,258,775,False,775.0,False,False,False,False,0.47673183839129424,0.04290640418381846,0.02048292077090726
ARDYRLGWYTPLGFDI,H3-23_A,K3-20,True,53,1,1,0.0001698157339083,7.286611579883123e-06,3.4785270525048872e-06,False,False,False,False,False,False,False,False,False,False,False,False,False,0,0,False,-0.0124999999999997,False,False,False,6.004021835327148,1943.164,2,0.0001698157339083,7.286611579883123e-06,288,776,False,776.0,False,False,False,False,0.47673183839129424,0.04290640418381846,0.02048292077090726
ARFVRTTGWYSLFDP,H3-23_A,K3-20,True,53,1,1,0.0001698157339083,7.286611579883123e-06,3.4785270525048872e-06,False,False,False,False,True,False,False,False,False,False,False,False,False,1,1,False,0.1333333333333335,False,False,False,8.79022674560547,1816.0229,2,0.0001698157339083,7.286611579883123e-06,384,778,False,778.0,False,False,False,False,0.47673183839129424,0.04290640418381846,0.02048292077090726
ARGSGSLSYRYGFDP,H3-23_A,K3-20,True,53,1,1,0.0001698157339083,7.286611579883123e-06,3.4785270525048872e-06,False,False,False,False,True,False,False,False,False,False,False,False,False,1,1,False,2.466666666666667,False,False,False,8.632579040527343,1632.7307999999998,2,0.0001698157339083,7.286611579883123e-06,546,780,False,780.0,False,False,False,False,0.47673183839129424,0.04290640418381846,0.02048292077090726
ARHPYRWYSLYETWFDP,H3-23_A,UNK,True,53,1,1,0.0001698157339083,7.286611579883123e-06,3.4785270525048872e-06,False,False,False,False,True,False,False,False,False,False,False,False,False,0,1,False,0.1294117647058825,False,False,False,6.794238662719727,2287.4877,2,0.0001698157339083,7.286611579883123e-06,682,781,False,781.0,False,False,False,False,0.47673183839129424,0.04290640418381846,0.02048292077090726
ARHVRWLGDFDY,H3-23_A,K3-15,True,53,1,1,0.0001698157339083,7.286611579883123e-06,3.4785270525048872e-06,False,False,False,False,False,False,False,False,False,True,False,False,False,0,1,False,0.3583333333333335,False,False,False,6.791580581665039,1534.6754999999998,2,0.0001698157339083,7.286611579883123e-06,730,783,False,783.0,False,False,False,False,0.47673183839129424,0.04290640418381846,0.02048292077090726
ARLLPYVPSLGFDP,H3-23_A,K4-1,True,53,1,1,0.0001698157339083,7.286611579883123e-06,3.4785270525048872e-06,False,False,False,False,True,False,False,False,False,False,False,False,False,0,0,False,-0.5428571428571426,False,False,False,5.880318832397459,1544.7913,1,0.0001698157339083,7.286611579883123e-06,873,784,False,784.0,False,False,False,False,0.47673183839129424,0.04290640418381846,0.02048292077090726
ARLSYVSWTGWVYGFDP,H3-23_A,K1-39,True,53,1,1,0.0001698157339083,7.286611579883123e-06,3.4785270525048872e-06,False,False,False,False,True,False,False,False,False,False,False,False,False,0,0,False,-0.0941176470588234,False,False,False,5.87944984436035,2004.2022,1,0.0001698157339083,7.286611579883123e-06,924,785,False,785.0,False,False,False,False,0.47673183839129424,0.04290640418381846,0.02048292077090726
ARLTTSWTRSLVYGFDY,H3-23_A,K1-39,True,53,1,1,0.0001698157339083,7.286611579883123e-06,3.4785270525048872e-06,False,False,False,False,False,False,False,False,False,False,False,False,False,1,1,False,0.5705882352941178,False,False,False,8.632579040527343,2036.2459,2,0.0001698157339083,7.286611579883123e-06,932,786,False,786.0,False,False,False,False,0.47673183839129424,0.04290640418381846,0.02048292077090726
ARPWGYGSWTFDY,H3-23_A,K3-15,True,53,1,1,0.0001698157339083,7.286611579883123e-06,3.4785270525048872e-06,False,False,False,False,False,False,False,False,False,False,False,False,False,0,0,False,0.653846153846154,False,False,False,5.87944984436035,1605.7053,1,0.0001698157339083,7.286611579883123e-06,1026,787,False,787.0,False,False,False,False,0.47673183839129424,0.04290640418381846,0.02048292077090726
ARQKIVAWYRVAFDY,H3-23_A,K3-15,True,53,1,1,0.0001698157339083,7.286611579883123e-06,3.4785270525048872e-06,False,False,False,False,False,False,False,False,False,False,False,False,False,2,2,False,-0.1333333333333332,False,False,False,9.69757843017578,1886.159,2,0.0001698157339083,7.286611579883123e-06,1055,788,False,788.0,False,False,False,False,0.47673183839129424,0.04290640418381846,0.02048292077090726
ARQQLKYVTGRFDY,H3-23_A,K4-1,True,53,1,1,0.0001698157339083,7.286611579883123e-06,3.4785270525048872e-06,False,False,False,False,False,False,False,False,False,False,False,False,False,2,2,False,1.6571428571428573,False,False,False,9.69757843017578,1744.9467,2,0.0001698157339083,7.286611579883123e-06,1060,789,False,789.0,False,False,False,False,0.47673183839129424,0.04290640418381846,0.02048292077090726
ARSGTFWGKFDY,H3-23_A,K4-1,True,53,1,1,0.0001698157339083,7.286611579883123e-06,3.4785270525048872e-06,False,False,False,False,False,False,False,False,False,False,False,False,False,1,1,False,1.2333333333333336,False,False,False,8.63377227783203,1434.5531,1,0.0001698157339083,7.286611579883123e-06,1080,790,False,790.0,False,False,False,False,0.47673183839129424,0.04290640418381846,0.02048292077090726
ARTRYKSWFLGEYGFDP,H3-23_A,K1-39,True,53,1,1,0.0001698157339083,7.286611579883123e-06,3.4785270525048872e-06,False,False,False,False,True,False,False,False,False,False,False,False,False,1,1,False,1.047058823529412,False,False,False,8.53950653076172,2093.2988,2,0.0001698157339083,7.286611579883123e-06,1183,792,False,792.0,False,False,False,False,0.47673183839129424,0.04290640418381846,0.02048292077090726
ARVLSRYSGAHFDY,H3-23_A,K3-20,True,53,1,1,0.0001698157339083,7.286611579883123e-06,3.4785270525048872e-06,False,False,False,False,False,False,False,False,False,False,False,False,False,1,2,False,1.2500000000000002,False,False,False,8.638685607910158,1641.7839,2,0.0001698157339083,7.286611579883123e-06,1253,793,False,793.0,False,False,False,False,0.47673183839129424,0.04290640418381846,0.02048292077090726
ARVTWSGRWTLYSFDY,H3-23_A,K3-15,True,53,1,1,0.0001698157339083,7.286611579883123e-06,3.4785270525048872e-06,False,False,False,False,False,False,False,False,False,False,False,False,False,1,1,False,0.2312500000000001,False,False,False,8.632579040527343,2008.1943,2,0.0001698157339083,7.286611579883123e-06,1331,794,False,794.0,False,False,False,False,0.47673183839129424,0.04290640418381846,0.02048292077090726
ARVWYISYSPWYARFDP,H4-34,K1-39,True,53,1,1,0.0001698157339083,7.286611579883123e-06,3.4785270525048872e-06,False,False,False,False,True,False,False,False,False,False,False,False,False,1,1,False,-0.3999999999999999,False,False,False,8.539295959472657,2177.4167,2,0.0001698157339083,7.286611579883123e-06,1339,795,False,795.0,False,False,False,False,0.47673183839129424,0.04290640418381846,0.02048292077090726
ARYGGLDRWGSFYFDI,H3-23_A,K1-39,True,53,1,1,0.0001698157339083,7.286611579883123e-06,3.4785270525048872e-06,False,False,False,True,False,False,False,False,False,False,False,False,False,0,0,False,0.2937500000000002,False,False,False,6.004021835327148,1923.0897,2,0.0001698157339083,7.286611579883123e-06,1407,796,False,796.0,False,False,False,False,0.47673183839129424,0.04290640418381846,0.02048292077090726
ARDRAGYFYGFDY,H3-23_A,K4-1,True,52,1,1,0.0001666116634572,7.286611579883123e-06,3.4785270525048872e-06,False,False,False,True,False,False,False,False,False,False,False,False,False,0,0,False,1.5307692307692309,False,False,False,6.003152847290039,1600.6871,2,0.0001666116634572,7.286611579883123e-06,193,797,False,797.0,False,False,False,False,0.47673183839129424,0.043731477820438576,0.020876799452901957
ARDRAYPWSWYFDY,H3-23_A,K3-20,True,52,1,1,0.0001666116634572,7.286611579883123e-06,3.4785270525048872e-06,False,False,False,True,False,False,False,False,False,False,False,False,False,0,0,False,0.4500000000000001,False,False,False,6.003152847290039,1896.023,2,0.0001666116634572,7.286611579883123e-06,196,798,False,798.0,False,False,False,False,0.47673183839129424,0.043731477820438576,0.020876799452901957
ARFHAAWSYRFDY,H3-23_A,K1-39,True,52,1,1,0.0001666116634572,7.286611579883123e-06,3.4785270525048872e-06,False,False,False,False,False,False,False,False,False,False,False,False,False,1,2,False,0.0846153846153847,False,False,False,8.638685607910158,1689.8283,2,0.0001666116634572,7.286611579883123e-06,354,799,False,799.0,False,False,False,False,0.47673183839129424,0.043731477820438576,0.020876799452901957
ARGTIRYAYSGFDY,H3-23_A,K3-20,True,52,1,1,0.0001666116634572,7.286611579883123e-06,3.4785270525048872e-06,False,False,False,False,False,False,False,False,False,False,False,False,False,1,1,False,1.6285714285714286,False,False,False,8.539295959472657,1639.7647,2,0.0001666116634572,7.286611579883123e-06,568,801,False,801.0,False,False,False,False,0.47673183839129424,0.043731477820438576,0.020876799452901957
ARGWIHSTVWSIYGFDP,H3-23_A,K3-20,True,52,1,1,0.0001666116634572,7.286611579883123e-06,3.4785270525048872e-06,False,False,False,False,True,False,False,False,False,False,False,False,False,0,1,False,-0.0411764705882352,False,False,False,6.788309097290039,1992.1949,1,0.0001666116634572,7.286611579883123e-06,592,803,False,803.0,False,False,False,False,0.47673183839129424,0.043731477820438576,0.020876799452901957
ARGYVWAYTSFDY,H3-23_A,K3-20,True,52,1,1,0.0001666116634572,7.286611579883123e-06,3.4785270525048872e-06,False,False,False,False,False,False,False,False,False,False,False,False,False,0,0,False,0.5538461538461539,False,False,False,5.87858085632324,1598.711,1,0.0001666116634572,7.286611579883123e-06,617,805,False,805.0,False,False,False,False,0.47673183839129424,0.043731477820438576,0.020876799452901957
ARHTYWARDFDY,H3-23_A,K3-20,True,52,1,1,0.0001666116634572,7.286611579883123e-06,3.4785270525048872e-06,False,False,False,False,False,False,False,False,False,True,False,False,False,0,1,False,1.4083333333333334,False,False,False,6.790507125854492,1600.6906,2,0.0001666116634572,7.286611579883123e-06,727,806,False,806.0,False,False,False,False,0.47673183839129424,0.043731477820438576,0.020876799452901957
ARSSYSYWYGFDY,H3-23_A,K3-20,True,52,1,1,0.0001666116634572,7.286611579883123e-06,3.4785270525048872e-06,False,False,False,True,False,False,False,False,False,False,False,False,False,0,0,False,1.1307692307692307,False,False,False,5.877711868286132,1664.726,1,0.0001666116634572,7.286611579883123e-06,1128,810,False,810.0,False,False,False,False,0.47673183839129424,0.043731477820438576,0.020876799452901957
ARVAGYRFDY,H3-23_A,K3-20,True,52,1,1,0.0001666116634572,7.286611579883123e-06,3.4785270525048872e-06,False,False,False,False,False,False,False,False,False,False,False,False,False,1,1,False,1.16,False,False,False,8.632579040527343,1217.3324,2,0.0001666116634572,7.286611579883123e-06,883,811,False,811.0,False,False,False,False,0.47673183839129424,0.043731477820438576,0.020876799452901957
ARVIIYTAGRFDY,H3-23_A,K3-20,True,52,1,1,0.0001666116634572,7.286611579883123e-06,3.4785270525048872e-06,False,False,False,False,False,False,False,False,False,False,False,False,False,1,1,False,0.0615384615384616,False,False,False,8.632579040527343,1544.7515,2,0.0001666116634572,7.286611579883123e-06,1233,812,False,812.0,False,False,False,False,0.47673183839129424,0.043731477820438576,0.020876799452901957
ARVRVDYVYGSGFDY,H3-23_A,K3-20,True,52,1,1,0.0001666116634572,7.286611579883123e-06,3.4785270525048872e-06,False,False,False,False,False,False,False,False,False,False,False,False,False,0,0,False,1.4933333333333334,False,False,False,6.003152847290039,1766.9056999999998,2,0.0001666116634572,7.286611579883123e-06,1295,815,False,815.0,False,False,False,False,0.47673183839129424,0.043731477820438576,0.020876799452901957
ARARYFYGLSFDY,H3-23_A,UNK,True,51,1,1,0.0001634075930061,7.286611579883123e-06,3.4785270525048872e-06,False,False,False,True,False,False,False,False,False,False,False,False,False,1,1,False,0.1153846153846156,False,False,False,8.539295959472657,1628.7832999999998,2,0.0001634075930061,7.286611579883123e-06,79,819,False,819.0,False,False,False,False,0.47673183839129424,0.04458890530599806,0.021286123412520473
ARASWSLGIWRFDY,H3-23_A,K1-39,True,51,1,1,0.0001634075930061,7.286611579883123e-06,3.4785270525048872e-06,False,False,False,False,False,False,False,False,False,False,False,False,False,1,1,False,-0.4999999999999999,False,False,False,8.79022674560547,1727.9178,2,0.0001634075930061,7.286611579883123e-06,96,821,False,821.0,False,False,False,False,0.47673183839129424,0.04458890530599806,0.021286123412520473
ARDYLGWSYQFDY,H3-23_A,K1-39,True,51,1,1,0.0001634075930061,7.286611579883123e-06,3.4785270525048872e-06,False,False,False,False,False,False,False,False,False,False,False,False,False,-1,-1,False,0.8000000000000002,False,False,False,4.207874679565429,1683.7723999999998,1,0.0001634075930061,7.286611579883123e-06,284,823,False,823.0,False,False,False,False,0.47673183839129424,0.04458890530599806,0.021286123412520473
ARGPLGAVYFYDLFDI,H3-23_A,K3-20,True,51,1,1,0.0001634075930061,7.286611579883123e-06,3.4785270525048872e-06,False,False,False,True,False,False,False,False,False,False,False,False,False,-1,-1,False,-0.6499999999999998,False,False,False,4.207874679565429,1817.0472,1,0.0001634075930061,7.286611579883123e-06,466,824,False,824.0,False,False,False,False,0.47673183839129424,0.04458890530599806,0.021286123412520473
ARGPVRTGSWGYHGFDY,H3-23_A,K4-1,True,51,1,1,0.0001634075930061,7.286611579883123e-06,3.4785270525048872e-06,False,False,False,False,False,False,False,False,False,False,False,False,False,1,2,False,1.911764705882353,False,False,False,8.638685607910158,1926.054,2,0.0001634075930061,7.286611579883123e-06,484,825,False,825.0,False,False,False,False,0.47673183839129424,0.04458890530599806,0.021286123412520473
ARGQQSSAAGFDY,H5-51,UNK,True,51,1,1,0.0001634075930061,7.286611579883123e-06,3.4785270525048872e-06,False,False,False,False,False,False,False,False,False,False,False,False,False,0,0,False,3.5230769230769234,False,False,False,5.880318832397459,1357.3846999999998,1,0.0001634075930061,7.286611579883123e-06,500,826,False,826.0,False,False,False,False,0.47673183839129424,0.04458890530599806,0.021286123412520473
ARGQSSKWGFDY,H3-23_A,K3-20,True,51,1,1,0.0001634075930061,7.286611579883123e-06,3.4785270525048872e-06,False,False,False,False,False,False,False,False,False,False,False,False,False,1,1,False,2.6083333333333334,False,False,False,8.63377227783203,1401.4819,1,0.0001634075930061,7.286611579883123e-06,502,827,False,827.0,False,False,False,False,0.47673183839129424,0.04458890530599806,0.021286123412520473
ARGWGLDWYRYFDY,H3-23_A,K1-39,True,51,1,1,0.0001634075930061,7.286611579883123e-06,3.4785270525048872e-06,False,False,False,False,False,False,False,False,False,False,False,False,False,0,0,False,-0.1571428571428569,False,False,False,6.003152847290039,1868.0128,2,0.0001634075930061,7.286611579883123e-06,590,828,False,828.0,False,False,False,False,0.47673183839129424,0.04458890530599806,0.021286123412520473
ARHAGLQYGWPRHGFDY,H3-23_A,K3-20,True,51,1,1,0.0001634075930061,7.286611579883123e-06,3.4785270525048872e-06,False,False,False,False,False,False,False,False,False,False,False,False,False,1,3,False,1.1647058823529417,False,False,False,8.644651794433596,2031.1945,2,0.0001634075930061,7.286611579883123e-06,619,830,False,830.0,False,False,False,False,0.47673183839129424,0.04458890530599806,0.021286123412520473
ARLGSSPPSRFDY,H4-34,K1-39,True,51,1,1,0.0001634075930061,7.286611579883123e-06,3.4785270525048872e-06,False,False,False,False,False,False,False,False,False,False,False,False,False,1,1,False,2.276923076923077,False,False,False,8.79022674560547,1452.5702,2,0.0001634075930061,7.286611579883123e-06,845,831,False,831.0,False,False,False,False,0.47673183839129424,0.04458890530599806,0.021286123412520473
ARPRYDPGWTFDY,H3-23_A,UNK,True,51,1,1,0.0001634075930061,7.286611579883123e-06,3.4785270525048872e-06,False,False,False,False,True,False,False,False,False,False,False,False,False,0,0,False,1.7384615384615385,False,False,False,6.004021835327148,1643.7551,2,0.0001634075930061,7.286611579883123e-06,1011,833,False,833.0,False,False,False,False,0.47673183839129424,0.04458890530599806,0.021286123412520473
ARPWYVARTIYGFDY,H3-23_A,K3-15,True,51,1,1,0.0001634075930061,7.286611579883123e-06,3.4785270525048872e-06,False,False,False,False,False,False,False,False,False,False,False,False,False,1,1,False,-0.0666666666666665,False,False,False,8.539295959472657,1878.0922,2,0.0001634075930061,7.286611579883123e-06,1029,834,False,834.0,False,False,False,False,0.47673183839129424,0.04458890530599806,0.021286123412520473
ARQGYPSYWHFDY,H3-23_A,K1-39,True,51,1,1,0.0001634075930061,7.286611579883123e-06,3.4785270525048872e-06,False,False,False,True,False,False,False,False,False,False,False,False,False,0,1,False,1.0615384615384615,False,False,False,6.786059951782226,1689.7819,1,0.0001634075930061,7.286611579883123e-06,1048,835,False,835.0,False,False,False,False,0.47673183839129424,0.04458890530599806,0.021286123412520473
ARSRGSQSSGKSHWFDP,H5-51,K3-15,True,51,1,1,0.0001634075930061,7.286611579883123e-06,3.4785270525048872e-06,False,False,False,True,True,False,False,False,False,False,False,False,False,2,3,False,3.594117647058824,False,False,False,10.835224914550782,1889.9808,2,0.0001634075930061,7.286611579883123e-06,1108,836,False,836.0,False,False,False,False,0.47673183839129424,0.04458890530599806,0.021286123412520473
ARTYRFSWYGYSAYFDI,H4-34,K3-15,True,51,1,1,0.0001634075930061,7.286611579883123e-06,3.4785270525048872e-06,False,False,False,False,False,False,False,False,False,False,False,False,False,1,1,False,0.1470588235294119,False,False,False,8.472544860839843,2166.3476,2,0.0001634075930061,7.286611579883123e-06,1203,837,False,837.0,False,False,False,False,0.47673183839129424,0.04458890530599806,0.021286123412520473
ARVKFVTWTSVAFDP,H3-23_A,K3-15,True,51,1,1,0.0001634075930061,7.286611579883123e-06,3.4785270525048872e-06,False,False,False,False,True,False,False,False,False,False,False,False,False,1,1,False,0.2400000000000001,False,False,False,8.792683410644528,1723.9672999999998,1,0.0001634075930061,7.286611579883123e-06,1236,838,False,838.0,False,False,False,False,0.47673183839129424,0.04458890530599806,0.021286123412520473
ARDPVSYWYPAFDY,H3-23_A,K3-20,True,50,1,1,0.000160203522555,7.286611579883123e-06,3.4785270525048872e-06,False,False,False,True,True,False,False,False,False,False,False,False,False,-1,-1,False,0.7500000000000001,False,False,False,4.207874679565429,1749.8736,1,0.000160203522555,7.286611579883123e-06,190,839,False,839.0,False,False,False,False,0.47673183839129424,0.04548062775026802,0.021711819308577636
ARDWGLFYPYGFDY,H3-23_A,K3-15,True,50,1,1,0.000160203522555,7.286611579883123e-06,3.4785270525048872e-06,False,False,False,False,False,False,False,False,False,False,False,False,False,-1,-1,False,-0.2499999999999997,False,False,False,4.207874679565429,1769.9062,1,0.000160203522555,7.286611579883123e-06,263,840,False,840.0,False,False,False,False,0.47673183839129424,0.04548062775026802,0.021711819308577636
ARDWRSAVWSYGFDY,H3-23_A,K3-20,True,50,1,1,0.000160203522555,7.286611579883123e-06,3.4785270525048872e-06,False,False,False,False,False,False,False,False,False,False,False,False,False,0,0,False,0.9733333333333334,False,False,False,6.004021835327148,1878.9942,2,0.000160203522555,7.286611579883123e-06,267,841,False,841.0,False,False,False,False,0.47673183839129424,0.04548062775026802,0.021711819308577636
AREIRWYSSTSAYGFDP,H3-23_A,K3-20,True,50,1,1,0.000160203522555,7.286611579883123e-06,3.4785270525048872e-06,False,False,False,False,True,False,False,False,False,False,False,False,False,0,0,False,1.8764705882352943,False,False,False,6.113258743286132,2006.1339000000005,2,0.000160203522555,7.286611579883123e-06,311,842,False,842.0,False,False,False,False,0.47673183839129424,0.04548062775026802,0.021711819308577636
ARFQSYQWGRTFDY,H3-23_A,K3-20,True,50,1,1,0.000160203522555,7.286611579883123e-06,3.4785270525048872e-06,False,False,False,False,False,False,False,False,False,False,False,False,False,1,1,False,1.2642857142857145,False,False,False,8.632579040527343,1824.9468,2,0.000160203522555,7.286611579883123e-06,366,843,False,843.0,False,False,False,False,0.47673183839129424,0.04548062775026802,0.021711819308577636
ARGPVHYGVTGLAFDY,H3-23_A,K3-20,True,50,1,1,0.000160203522555,7.286611579883123e-06,3.4785270525048872e-06,False,False,False,False,False,False,False,False,False,False,False,False,False,0,1,False,0.9562500000000002,False,False,False,6.787184524536133,1722.8963,1,0.000160203522555,7.286611579883123e-06,483,845,False,845.0,False,False,False,False,0.47673183839129424,0.04548062775026802,0.021711819308577636
ARIAWYSWHSFDY,H3-23_A,K4-1,True,50,1,1,0.000160203522555,7.286611579883123e-06,3.4785270525048872e-06,False,False,False,False,False,False,False,False,False,False,False,False,False,0,1,False,-0.5769230769230768,False,False,False,6.787184524536133,1701.8357,1,0.000160203522555,7.286611579883123e-06,748,847,False,847.0,False,False,False,False,0.47673183839129424,0.04548062775026802,0.021711819308577636
ARIGYDIWFQNVFDY,H3-23_A,K3-15,True,50,1,1,0.000160203522555,7.286611579883123e-06,3.4785270525048872e-06,False,False,False,False,False,False,False,False,False,False,False,False,False,-1,-1,False,-0.4599999999999999,False,False,False,4.207874679565429,1907.0869,1,0.000160203522555,7.286611579883123e-06,760,848,False,848.0,False,False,False,False,0.47673183839129424,0.04548062775026802,0.021711819308577636
ARKRYASSAFDY,H3-23_A,K3-20,True,50,1,1,0.000160203522555,7.286611579883123e-06,3.4785270525048872e-06,False,False,False,False,False,False,False,False,False,False,False,False,False,2,2,False,2.5333333333333337,False,False,False,9.69757843017578,1434.5549,2,0.000160203522555,7.286611579883123e-06,817,850,False,850.0,False,False,False,False,0.47673183839129424,0.04548062775026802,0.021711819308577636
ARLSWPYLYTPFDY,H1-69,K3-20,True,50,1,1,0.000160203522555,7.286611579883123e-06,3.4785270525048872e-06,False,False,False,False,False,False,False,False,False,False,False,False,False,0,0,False,-0.7928571428571427,False,False,False,5.87858085632324,1791.9964,1,0.000160203522555,7.286611579883123e-06,921,852,False,852.0,False,False,False,False,0.47673183839129424,0.04548062775026802,0.021711819308577636
ARPHTSWGARGFDY,H3-23_A,K3-20,True,50,1,1,0.000160203522555,7.286611579883123e-06,3.4785270525048872e-06,False,False,False,False,False,False,False,False,False,False,False,False,False,1,2,False,2.0571428571428574,False,False,False,8.796192932128907,1620.7251,2,0.000160203522555,7.286611579883123e-06,979,853,False,853.0,False,False,False,False,0.47673183839129424,0.04548062775026802,0.021711819308577636
ARPQGYGRLDY,H3-23_A,K1-39,True,50,1,1,0.000160203522555,7.286611579883123e-06,3.4785270525048872e-06,False,False,False,False,False,False,False,False,False,False,False,False,False,1,1,False,2.4545454545454546,False,False,False,8.632579040527343,1295.403,2,0.000160203522555,7.286611579883123e-06,998,854,False,854.0,False,False,False,False,0.47673183839129424,0.04548062775026802,0.021711819308577636
ARPSAWVAGSFDY,H3-23_A,K4-1,True,50,1,1,0.000160203522555,7.286611579883123e-06,3.4785270525048872e-06,False,False,False,False,False,False,False,False,False,False,False,False,False,0,0,False,1.2692307692307692,False,False,False,5.880318832397459,1426.5311,1,0.000160203522555,7.286611579883123e-06,1016,855,False,855.0,False,False,False,False,0.47673183839129424,0.04548062775026802,0.021711819308577636
ARPSVRGWNFDY,H3-23_A,K4-1,True,50,1,1,0.000160203522555,7.286611579883123e-06,3.4785270525048872e-06,False,False,False,False,False,False,False,False,False,False,False,False,False,1,1,False,1.4166666666666667,False,False,False,8.79022674560547,1467.5863,2,0.000160203522555,7.286611579883123e-06,1019,856,False,856.0,False,False,False,False,0.47673183839129424,0.04548062775026802,0.021711819308577636
ARTNYVWYRIYPFDP,H3-23_A,K3-15,True,50,1,1,0.000160203522555,7.286611579883123e-06,3.4785270525048872e-06,False,False,False,False,True,False,False,False,False,False,False,False,False,1,1,False,0.0200000000000001,False,False,False,8.539295959472657,1961.1808,2,0.000160203522555,7.286611579883123e-06,1167,858,False,858.0,False,False,False,False,0.47673183839129424,0.04548062775026802,0.021711819308577636
ARVSYSYAWGRSFDY,H3-23_A,K4-1,True,50,1,1,0.000160203522555,7.286611579883123e-06,3.4785270525048872e-06,False,False,False,False,False,False,False,False,False,False,False,False,False,1,1,False,1.2800000000000002,False,False,False,8.539295959472657,1827.9474,2,0.000160203522555,7.286611579883123e-06,1324,861,False,861.0,False,False,False,False,0.47673183839129424,0.04548062775026802,0.021711819308577636
ARVYYSGWIKNFDY,H3-23_A,K3-15,True,50,1,1,0.000160203522555,7.286611579883123e-06,3.4785270525048872e-06,False,False,False,False,False,False,False,False,False,False,False,False,False,1,1,False,0.3285714285714287,False,False,False,8.47317657470703,1781.9616999999998,1,0.000160203522555,7.286611579883123e-06,1357,862,False,862.0,False,False,False,False,0.47673183839129424,0.04548062775026802,0.021711819308577636
ARWPLGSWYSIFDY,H3-23_A,K1-39,True,50,1,1,0.000160203522555,7.286611579883123e-06,3.4785270525048872e-06,False,False,False,False,False,False,False,False,False,False,False,False,False,0,0,False,-0.9357142857142856,False,False,False,5.87944984436035,1760.9426,1,0.000160203522555,7.286611579883123e-06,1375,863,False,863.0,False,False,False,False,0.47673183839129424,0.04548062775026802,0.021711819308577636
ARASISWRYNYAFDP,H3-23_A,K1-39,True,49,1,1,0.0001569994521039,7.286611579883123e-06,3.4785270525048872e-06,False,False,False,False,True,False,False,False,False,False,False,False,False,1,1,False,1.0533333333333337,False,False,False,8.632579040527343,1816.9679,2,0.0001569994521039,7.286611579883123e-06,86,866,False,866.0,False,False,False,False,0.47673183839129424,0.04640874471086782,0.022154889440687903
ARAVYASYSLYAGFDY,H3-23_A,UNK,True,49,1,1,0.0001569994521039,7.286611579883123e-06,3.4785270525048872e-06,False,False,False,False,False,False,False,False,False,False,False,False,False,0,0,False,0.7250000000000001,False,False,False,5.877711868286132,1816.9611,1,0.0001569994521039,7.286611579883123e-06,111,867,False,867.0,False,False,False,False,0.47673183839129424,0.04640874471086782,0.022154889440687903
ARGFNRWSFDY,H3-23_A,K3-20,True,49,1,1,0.0001569994521039,7.286611579883123e-06,3.4785270525048872e-06,False,False,False,False,False,False,False,False,False,False,False,False,False,1,1,False,0.8545454545454547,False,False,False,8.79022674560547,1418.5139,2,0.0001569994521039,7.286611579883123e-06,402,870,False,870.0,False,False,False,False,0.47673183839129424,0.04640874471086782,0.022154889440687903
ARGKWKYGVYGVFDP,H1-69,K1-39,True,49,1,1,0.0001569994521039,7.286611579883123e-06,3.4785270525048872e-06,False,False,False,False,True,False,False,False,False,False,False,False,False,2,2,False,1.1,False,False,False,9.527507019042972,1742.9721,1,0.0001569994521039,7.286611579883123e-06,427,871,False,871.0,False,False,False,False,0.47673183839129424,0.04640874471086782,0.022154889440687903
ARGSRHWAGYPFDY,H3-23_A,K4-1,True,49,1,1,0.0001569994521039,7.286611579883123e-06,3.4785270525048872e-06,False,False,False,False,False,False,False,False,False,False,False,False,False,1,2,False,1.5500000000000005,False,False,False,8.638685607910158,1682.7943999999998,2,0.0001569994521039,7.286611579883123e-06,554,872,False,872.0,False,False,False,False,0.47673183839129424,0.04640874471086782,0.022154889440687903
ARGSYRWGLDY,H3-23_A,K3-15,True,49,1,1,0.0001569994521039,7.286611579883123e-06,3.4785270525048872e-06,False,False,False,False,False,False,False,False,False,False,False,False,False,1,1,False,1.4,False,False,False,8.632579040527343,1343.4458,2,0.0001569994521039,7.286611579883123e-06,564,873,False,873.0,False,False,False,False,0.47673183839129424,0.04640874471086782,0.022154889440687903
ARGTKWSYWSLGYFDP,H1-69,K4-1,True,49,1,1,0.0001569994521039,7.286611579883123e-06,3.4785270525048872e-06,False,False,False,False,True,False,False,False,False,False,False,False,False,1,1,False,0.7187500000000002,False,False,False,8.54006805419922,1934.1125,1,0.0001569994521039,7.286611579883123e-06,570,874,False,874.0,False,False,False,False,0.47673183839129424,0.04640874471086782,0.022154889440687903
ARHHGYHPYAFDY,H3-23_A,K3-20,True,49,1,1,0.0001569994521039,7.286611579883123e-06,3.4785270525048872e-06,False,False,False,False,False,False,False,False,False,False,False,False,False,0,3,False,1.353846153846154,False,False,False,7.060353469848633,1633.722,1,0.0001569994521039,7.286611579883123e-06,651,875,False,875.0,False,False,False,False,0.47673183839129424,0.04640874471086782,0.022154889440687903
ARHQPYVWYSDFDY,H3-23_A,K3-20,True,49,1,1,0.0001569994521039,7.286611579883123e-06,3.4785270525048872e-06,False,False,False,False,False,False,False,False,False,True,False,False,False,-1,0,False,1.0285714285714287,False,False,False,5.212322616577147,1846.949,1,0.0001569994521039,7.286611579883123e-06,684,876,False,876.0,False,False,False,False,0.47673183839129424,0.04640874471086782,0.022154889440687903
ARIAPLRYFHHFDY,H5-51,K4-1,True,49,1,1,0.0001569994521039,7.286611579883123e-06,3.4785270525048872e-06,False,False,False,True,False,False,False,False,False,False,False,False,False,1,3,False,-0.7499999999999998,False,False,False,8.644651794433596,1806.0329,2,0.0001569994521039,7.286611579883123e-06,745,877,False,877.0,False,False,False,False,0.47673183839129424,0.04640874471086782,0.022154889440687903
ARLGRHWSGYLFDY,H4-34,K3-15,True,49,1,1,0.0001569994521039,7.286611579883123e-06,3.4785270525048872e-06,False,False,False,False,False,False,False,False,False,False,False,False,False,1,2,False,-0.064285714285714,False,False,False,8.638685607910158,1740.9164999999998,2,0.0001569994521039,7.286611579883123e-06,842,878,False,878.0,False,False,False,False,0.47673183839129424,0.04640874471086782,0.022154889440687903
ARLKSVYSFDY,H3-23_A,K3-15,True,49,1,1,0.0001569994521039,7.286611579883123e-06,3.4785270525048872e-06,False,False,False,False,False,False,False,False,False,False,False,False,False,1,1,False,0.8272727272727274,False,False,False,8.54006805419922,1348.502,1,0.0001569994521039,7.286611579883123e-06,867,879,False,879.0,False,False,False,False,0.47673183839129424,0.04640874471086782,0.022154889440687903
ARLSYASWIYRYTFDP,H3-23_A,K3-20,True,49,1,1,0.0001569994521039,7.286611579883123e-06,3.4785270525048872e-06,False,False,False,False,True,False,False,False,False,False,False,False,False,1,1,False,0.0500000000000001,False,False,False,8.539295959472657,2009.2221,2,0.0001569994521039,7.286611579883123e-06,922,882,False,882.0,False,False,False,False,0.47673183839129424,0.04640874471086782,0.022154889440687903
ARLSYNIAGRFDY,H3-23_A,K3-20,True,49,1,1,0.0001569994521039,7.286611579883123e-06,3.4785270525048872e-06,False,False,False,False,False,False,False,False,False,False,False,False,False,1,1,False,0.8923076923076925,False,False,False,8.632579040527343,1545.6964999999998,2,0.0001569994521039,7.286611579883123e-06,923,883,False,883.0,False,False,False,False,0.47673183839129424,0.04640874471086782,0.022154889440687903
ARLVSFAYAPGFDY,H3-23_A,K3-20,True,49,1,1,0.0001569994521039,7.286611579883123e-06,3.4785270525048872e-06,False,False,False,False,False,False,False,False,False,False,False,False,False,0,0,False,-0.0214285714285712,False,False,False,5.87944984436035,1576.7485,1,0.0001569994521039,7.286611579883123e-06,941,884,False,884.0,False,False,False,False,0.47673183839129424,0.04640874471086782,0.022154889440687903
ARQAGPWLHRFDY,H3-23_A,K4-1,True,49,1,1,0.0001569994521039,7.286611579883123e-06,3.4785270525048872e-06,False,False,False,False,False,False,False,False,False,False,False,False,False,1,2,False,0.630769230769231,False,False,False,8.796192932128907,1616.7794,2,0.0001569994521039,7.286611579883123e-06,1036,885,False,885.0,False,False,False,False,0.47673183839129424,0.04640874471086782,0.022154889440687903
ARSRYVWGAIYLFDY,H1-69,K3-20,True,49,1,1,0.0001569994521039,7.286611579883123e-06,3.4785270525048872e-06,False,False,False,False,False,False,False,False,False,False,False,False,False,1,1,False,-0.7333333333333332,False,False,False,8.539295959472657,1880.108,2,0.0001569994521039,7.286611579883123e-06,1125,887,False,887.0,False,False,False,False,0.47673183839129424,0.04640874471086782,0.022154889440687903
ARWGYGLHYWRSAFDI,H3-23_A,K3-20,True,49,1,1,0.0001569994521039,7.286611579883123e-06,3.4785270525048872e-06,False,False,False,True,False,False,False,False,False,False,False,False,False,1,2,False,-0.4749999999999998,False,False,False,8.638685607910158,1998.2043,2,0.0001569994521039,7.286611579883123e-06,1364,889,False,889.0,False,False,False,False,0.47673183839129424,0.04640874471086782,0.022154889440687903
ARYLIYGASLFDY,H3-23_A,K3-15,True,49,1,1,0.0001569994521039,7.286611579883123e-06,3.4785270525048872e-06,False,False,False,False,False,False,False,False,False,False,False,False,False,0,0,False,-0.8230769230769229,False,False,False,5.87858085632324,1551.7389999999998,1,0.0001569994521039,7.286611579883123e-06,1433,890,False,890.0,False,False,False,False,0.47673183839129424,0.04640874471086782,0.022154889440687903
ARYRFDYGAFAYFDY,H3-23_A,K4-1,True,49,1,1,0.0001569994521039,7.286611579883123e-06,3.4785270525048872e-06,False,False,False,False,False,False,False,False,False,False,False,False,False,0,0,False,0.3466666666666668,False,False,False,6.0022838592529295,1925.0607,2,0.0001569994521039,7.286611579883123e-06,1453,891,False,891.0,False,False,False,False,0.47673183839129424,0.04640874471086782,0.022154889440687903
ARAAYRFHGWYGVHFDP,H3-23_A,K3-20,True,48,1,1,0.0001537953816528,7.286611579883123e-06,3.4785270525048872e-06,False,False,False,False,True,False,False,False,False,False,False,False,False,1,3,False,0.3823529411764707,False,False,False,8.644651794433596,2050.2391,2,0.0001537953816528,7.286611579883123e-06,10,892,False,892.0,False,False,False,False,0.47673183839129424,0.04737553069717618,0.022616419628003058
ARARYGYGYQFDY,H3-23_A,K3-20,True,48,1,1,0.0001537953816528,7.286611579883123e-06,3.4785270525048872e-06,False,False,False,False,False,False,False,False,False,False,False,False,False,1,1,False,1.784615384615385,False,False,False,8.472544860839843,1629.7283,2,0.0001537953816528,7.286611579883123e-06,80,894,False,894.0,False,False,False,False,0.47673183839129424,0.04737553069717618,0.022616419628003058
ARDLTVYALWASFDY,H3-23_A,K1-39,True,48,1,1,0.0001537953816528,7.286611579883123e-06,3.4785270525048872e-06,False,False,False,False,False,False,False,False,False,False,False,False,False,-1,-1,False,-0.1933333333333331,False,False,False,4.207874679565429,1790.967,1,0.0001537953816528,7.286611579883123e-06,173,896,False,896.0,False,False,False,False,0.47673183839129424,0.04737553069717618,0.022616419628003058
ARDRYTSSSWYGWPFDY,H3-23_A,K4-1,True,48,1,1,0.0001537953816528,7.286611579883123e-06,3.4785270525048872e-06,False,False,False,False,False,False,False,False,False,False,False,False,False,0,0,False,1.6529411764705884,False,False,False,6.003152847290039,2157.2549,2,0.0001537953816528,7.286611579883123e-06,236,897,False,897.0,False,False,False,False,0.47673183839129424,0.04737553069717618,0.022616419628003058
ARDWTWLYRAFDY,H3-23_A,K3-20,True,48,1,1,0.0001537953816528,7.286611579883123e-06,3.4785270525048872e-06,False,False,False,False,False,False,False,False,False,False,False,False,False,0,0,False,-0.3384615384615382,False,False,False,6.004021835327148,1762.9188,2,0.0001537953816528,7.286611579883123e-06,269,898,False,898.0,False,False,False,False,0.47673183839129424,0.04737553069717618,0.022616419628003058
ARESYIYAGYLRYGFDI,H3-23_A,K3-20,True,48,1,1,0.0001537953816528,7.286611579883123e-06,3.4785270525048872e-06,False,False,False,False,False,False,False,False,False,False,False,False,False,0,0,False,0.3705882352941178,False,False,False,6.111520767211914,2057.2632,2,0.0001537953816528,7.286611579883123e-06,336,899,False,899.0,False,False,False,False,0.47673183839129424,0.04737553069717618,0.022616419628003058
ARFAYPGDAHGYFDY,H1-69,K3-15,True,48,1,1,0.0001537953816528,7.286611579883123e-06,3.4785270525048872e-06,False,False,False,False,False,False,False,False,False,False,False,False,False,-1,0,False,1.466666666666667,False,False,False,5.212322616577147,1749.8338,1,0.0001537953816528,7.286611579883123e-06,349,900,False,900.0,False,False,False,False,0.47673183839129424,0.04737553069717618,0.022616419628003058
ARKHYSGSSWYGFDP,H3-23_A,K1-39,True,48,1,1,0.0001537953816528,7.286611579883123e-06,3.4785270525048872e-06,False,False,False,False,True,False,False,False,False,False,False,False,False,1,2,False,2.273333333333333,False,False,False,8.546315002441407,1757.8577,1,0.0001537953816528,7.286611579883123e-06,801,903,False,903.0,False,False,False,False,0.47673183839129424,0.04737553069717618,0.022616419628003058
ARLISYRSWHAFDY,H3-23_A,K3-20,True,48,1,1,0.0001537953816528,7.286611579883123e-06,3.4785270525048872e-06,False,False,False,False,False,False,False,False,False,False,False,False,False,1,2,False,-0.1785714285714284,False,False,False,8.638685607910158,1784.9690999999998,2,0.0001537953816528,7.286611579883123e-06,863,904,False,904.0,False,False,False,False,0.47673183839129424,0.04737553069717618,0.022616419628003058
ARLRWGTWTAWVYGFDP,H3-23_A,K1-39,True,48,1,1,0.0001537953816528,7.286611579883123e-06,3.4785270525048872e-06,False,False,False,False,True,False,False,False,False,False,False,False,False,1,1,False,-0.4411764705882351,False,True,False,8.79022674560547,2082.3208,2,0.0001537953816528,7.286611579883123e-06,908,905,False,905.0,False,False,False,False,0.47673183839129424,0.04737553069717618,0.022616419628003058
ARPLRYSWYAFDY,H3-23_A,K3-20,True,48,1,1,0.0001537953816528,7.286611579883123e-06,3.4785270525048872e-06,False,False,False,False,False,False,False,False,False,False,False,False,False,1,1,False,-0.2230769230769229,False,False,False,8.539295959472657,1707.8833,2,0.0001537953816528,7.286611579883123e-06,989,906,False,906.0,False,False,False,False,0.47673183839129424,0.04737553069717618,0.022616419628003058
ARQRSSYWYLFDY,H4-34,K3-15,True,48,1,1,0.0001537953816528,7.286611579883123e-06,3.4785270525048872e-06,False,False,False,True,False,False,False,False,False,False,False,False,False,1,1,False,0.4153846153846156,False,False,False,8.539295959472657,1754.8967,2,0.0001537953816528,7.286611579883123e-06,1065,907,False,907.0,False,False,False,False,0.47673183839129424,0.04737553069717618,0.022616419628003058
ARTIRQYGWALFDY,H3-23_A,K3-15,True,48,1,1,0.0001537953816528,7.286611579883123e-06,3.4785270525048872e-06,False,False,False,False,False,False,False,False,False,False,False,False,False,1,1,False,-0.0499999999999998,False,False,False,8.632579040527343,1759.9596,2,0.0001537953816528,7.286611579883123e-06,1162,908,False,908.0,False,False,False,False,0.47673183839129424,0.04737553069717618,0.022616419628003058
ARVTWYLAGRFDY,H3-23_A,K3-15,True,48,1,1,0.0001537953816528,7.286611579883123e-06,3.4785270525048872e-06,False,False,False,False,False,False,False,False,False,False,False,False,False,1,1,False,-0.1846153846153844,False,False,False,8.632579040527343,1617.8038,2,0.0001537953816528,7.286611579883123e-06,1333,910,False,910.0,False,False,False,False,0.47673183839129424,0.04737553069717618,0.022616419628003058
ARYGPRGWFALFDY,H4-34,K1-39,True,48,1,1,0.0001537953816528,7.286611579883123e-06,3.4785270525048872e-06,False,False,False,False,False,False,False,False,False,False,False,False,False,1,1,False,-0.3785714285714284,False,False,False,8.632579040527343,1718.9091999999998,2,0.0001537953816528,7.286611579883123e-06,1411,911,False,911.0,False,False,False,False,0.47673183839129424,0.04737553069717618,0.022616419628003058
ARAATYTYHTGFDY,H3-23_A,K3-20,True,47,1,1,0.0001505913112017,7.286611579883123e-06,3.4785270525048872e-06,False,False,False,False,False,False,False,False,False,False,False,False,False,0,1,False,2.071428571428572,False,False,False,6.786059951782226,1636.7178,1,0.0001505913112017,7.286611579883123e-06,8,912,False,912.0,False,False,False,False,0.47673183839129424,0.04838345378098455,0.02309758809367937
ARDPGSWKSRYGFDI,H3-23_A,K3-20,True,47,1,1,0.0001505913112017,7.286611579883123e-06,3.4785270525048872e-06,False,False,False,False,True,False,False,False,False,False,False,False,False,1,1,False,2.24,False,False,False,8.632649230957028,1754.8986,2,0.0001505913112017,7.286611579883123e-06,184,914,False,914.0,False,False,False,False,0.47673183839129424,0.04838345378098455,0.02309758809367937
ARDRNWAGSVHFDY,H3-23_A,K3-20,True,47,1,1,0.0001505913112017,7.286611579883123e-06,3.4785270525048872e-06,False,False,False,False,False,False,False,False,False,False,False,False,False,0,1,False,2.0785714285714287,False,False,False,6.791580581665039,1693.7757,2,0.0001505913112017,7.286611579883123e-06,208,915,False,915.0,False,False,False,False,0.47673183839129424,0.04838345378098455,0.02309758809367937
ARDVISYGVWGFDY,H3-23_A,K3-20,True,47,1,1,0.0001505913112017,7.286611579883123e-06,3.4785270525048872e-06,False,False,False,False,False,False,False,False,False,False,False,False,False,-1,-1,False,0.4142857142857143,False,False,False,4.207874679565429,1647.7832999999998,1,0.0001505913112017,7.286611579883123e-06,240,916,False,916.0,False,False,False,False,0.47673183839129424,0.04838345378098455,0.02309758809367937
ARDWYRWINYFDY,H3-23_A,K3-20,True,47,1,1,0.0001505913112017,7.286611579883123e-06,3.4785270525048872e-06,False,False,False,False,False,False,False,False,False,False,False,False,False,0,0,False,-0.4153846153846153,False,False,False,6.003152847290039,1868.0128,2,0.0001505913112017,7.286611579883123e-06,272,917,False,917.0,False,False,False,False,0.47673183839129424,0.04838345378098455,0.02309758809367937
ARELSWSGFYPWRGFDI,H3-23_A,K3-20,True,47,1,1,0.0001505913112017,7.286611579883123e-06,3.4785270525048872e-06,False,False,False,False,False,False,False,False,False,False,False,False,False,0,0,False,-0.1588235294117645,False,False,False,6.114178848266601,2087.2942,2,0.0001505913112017,7.286611579883123e-06,320,918,False,918.0,False,False,False,False,0.47673183839129424,0.04838345378098455,0.02309758809367937
ARFLPGLISRYFDY,H3-23_A,K3-20,True,47,1,1,0.0001505913112017,7.286611579883123e-06,3.4785270525048872e-06,False,False,False,False,False,False,False,False,False,False,False,False,False,1,1,False,-0.9857142857142857,False,False,False,8.632579040527343,1717.9625999999998,2,0.0001505913112017,7.286611579883123e-06,358,919,False,919.0,False,False,False,False,0.47673183839129424,0.04838345378098455,0.02309758809367937
ARGHHFGIYWRYFDY,H4-34,K3-15,True,47,1,1,0.0001505913112017,7.286611579883123e-06,3.4785270525048872e-06,False,False,False,True,False,False,False,False,False,False,False,False,False,1,3,False,-0.3999999999999998,False,False,False,8.55157928466797,1988.1679,2,0.0001505913112017,7.286611579883123e-06,406,920,False,920.0,False,False,False,False,0.47673183839129424,0.04838345378098455,0.02309758809367937
ARGPGKRWYGNWFDP,H5-51,K3-15,True,47,1,1,0.0001505913112017,7.286611579883123e-06,3.4785270525048872e-06,False,False,False,False,True,False,False,False,False,False,False,False,False,2,2,False,1.56,False,False,False,9.98676300048828,1806.978,2,0.0001505913112017,7.286611579883123e-06,457,921,False,921.0,False,False,False,False,0.47673183839129424,0.04838345378098455,0.02309758809367937
ARGSKWGYGYQFDY,H3-23_A,K3-20,True,47,1,1,0.0001505913112017,7.286611579883123e-06,3.4785270525048872e-06,False,False,False,False,False,False,False,False,False,False,False,False,False,1,1,False,1.9071428571428573,False,False,False,8.47317657470703,1697.8022999999998,1,0.0001505913112017,7.286611579883123e-06,549,922,False,922.0,False,False,False,False,0.47673183839129424,0.04838345378098455,0.02309758809367937
ARGTWHLYPFDY,H1-69,K3-15,True,47,1,1,0.0001505913112017,7.286611579883123e-06,3.4785270525048872e-06,False,False,False,False,False,False,False,False,False,False,False,False,False,0,1,False,-0.0666666666666664,False,False,False,6.787184524536133,1525.6636999999998,1,0.0001505913112017,7.286611579883123e-06,579,923,False,923.0,False,False,False,False,0.47673183839129424,0.04838345378098455,0.02309758809367937
ARGYPYVFGYLLGFDY,H3-23_A,K1-39,True,47,1,1,0.0001505913112017,7.286611579883123e-06,3.4785270525048872e-06,False,False,False,False,False,False,False,False,False,False,False,False,False,0,0,False,-0.7874999999999998,False,False,False,5.877711868286132,1901.122,1,0.0001505913112017,7.286611579883123e-06,611,924,False,924.0,False,False,False,False,0.47673183839129424,0.04838345378098455,0.02309758809367937
ARHWPAYTGRSLTFDY,H3-23_A,K3-20,True,47,1,1,0.0001505913112017,7.286611579883123e-06,3.4785270525048872e-06,False,False,False,False,False,False,False,False,False,False,False,False,False,1,2,False,1.0750000000000002,False,False,False,8.638685607910158,1941.1085000000005,2,0.0001505913112017,7.286611579883123e-06,733,925,False,925.0,False,False,False,False,0.47673183839129424,0.04838345378098455,0.02309758809367937
ARKSLRGWANDFDY,H3-23_A,K3-15,True,47,1,1,0.0001505913112017,7.286611579883123e-06,3.4785270525048872e-06,False,False,False,False,False,False,False,False,False,True,False,False,False,1,1,False,1.942857142857143,False,False,False,8.632649230957028,1698.8353,2,0.0001505913112017,7.286611579883123e-06,819,928,False,928.0,False,False,False,False,0.47673183839129424,0.04838345378098455,0.02309758809367937
ARLGWLYTYRKGFDI,H3-23_A,K4-1,True,47,1,1,0.0001505913112017,7.286611579883123e-06,3.4785270525048872e-06,False,False,False,False,False,False,False,False,False,False,False,False,False,2,2,False,-0.4399999999999997,False,False,False,9.69757843017578,1859.1337,2,0.0001505913112017,7.286611579883123e-06,848,929,False,929.0,False,False,False,False,0.47673183839129424,0.04838345378098455,0.02309758809367937
ARLGWSYLGWGRGFDP,H1-69,K1-39,True,47,1,1,0.0001505913112017,7.286611579883123e-06,3.4785270525048872e-06,False,False,False,False,True,False,False,False,False,False,False,False,False,1,1,False,0.1500000000000002,False,False,False,8.79022674560547,1838.0317,2,0.0001505913112017,7.286611579883123e-06,849,930,False,930.0,False,False,False,False,0.47673183839129424,0.04838345378098455,0.02309758809367937
ARLVKWYAWYDVFDP,H3-23_A,K3-15,True,47,1,1,0.0001505913112017,7.286611579883123e-06,3.4785270525048872e-06,False,False,False,False,True,False,False,False,False,False,False,False,False,0,0,False,-0.8933333333333332,False,False,False,6.003152847290039,1929.1787,1,0.0001505913112017,7.286611579883123e-06,937,932,False,932.0,False,False,False,False,0.47673183839129424,0.04838345378098455,0.02309758809367937
ARPNPWDYLGFDY,H3-23_A,K1-39,True,47,1,1,0.0001505913112017,7.286611579883123e-06,3.4785270525048872e-06,False,False,False,False,False,False,False,False,False,False,False,False,False,-1,-1,False,0.8461538461538463,False,False,False,4.207874679565429,1613.7257,1,0.0001505913112017,7.286611579883123e-06,994,934,False,934.0,False,False,False,False,0.47673183839129424,0.04838345378098455,0.02309758809367937
ARPQHGRSYPLFDY,H3-23_A,K3-20,True,47,1,1,0.0001505913112017,7.286611579883123e-06,3.4785270525048872e-06,False,False,False,False,False,False,False,False,False,False,False,False,False,1,2,False,1.6285714285714288,False,False,False,8.638685607910158,1706.8573,2,0.0001505913112017,7.286611579883123e-06,999,935,False,935.0,False,False,False,False,0.47673183839129424,0.04838345378098455,0.02309758809367937
ARSPRAWAAGFDY,H3-23_A,K3-20,True,47,1,1,0.0001505913112017,7.286611579883123e-06,3.4785270525048872e-06,False,False,False,False,False,False,False,False,False,False,False,False,False,1,1,False,1.5384615384615383,False,False,False,8.79022674560547,1467.5864,2,0.0001505913112017,7.286611579883123e-06,1103,936,False,936.0,False,False,False,False,0.47673183839129424,0.04838345378098455,0.02309758809367937
ARWIYGVYNYFDY,H3-23_A,K1-39,True,47,1,1,0.0001505913112017,7.286611579883123e-06,3.4785270525048872e-06,False,False,False,False,False,False,False,False,False,False,False,False,False,0,0,False,-0.7307692307692306,False,False,False,5.877711868286132,1729.8853,1,0.0001505913112017,7.286611579883123e-06,1367,939,False,939.0,False,False,False,False,0.47673183839129424,0.04838345378098455,0.02309758809367937
ARASGLWSWLFDY,H3-23_A,K4-1,True,46,1,1,0.0001473872407506,7.286611579883123e-06,3.4785270525048872e-06,False,False,False,False,False,False,False,False,False,False,False,False,False,0,0,False,-0.9538461538461536,False,False,False,5.880318832397459,1571.7321,1,0.0001473872407506,7.286611579883123e-06,84,940,False,940.0,False,False,False,False,0.47673183839129424,0.04943519663446252,0.023599675508109725
ARAYRSYGWLFDY,H3-23_A,K3-20,True,46,1,1,0.0001473872407506,7.286611579883123e-06,3.4785270525048872e-06,False,False,False,False,False,False,False,False,False,False,False,False,False,1,1,False,0.053846153846154,False,False,False,8.539295959472657,1667.8194,2,0.0001473872407506,7.286611579883123e-06,124,941,False,941.0,False,False,False,False,0.47673183839129424,0.04943519663446252,0.023599675508109725
ARDVISYGSYGFDY,H3-23_A,K4-1,True,46,1,1,0.0001473872407506,7.286611579883123e-06,3.4785270525048872e-06,False,False,False,False,False,False,False,False,False,False,False,False,False,-1,-1,False,1.7214285714285715,False,False,False,4.207874679565429,1612.6928999999998,1,0.0001473872407506,7.286611579883123e-06,187,943,False,943.0,False,False,False,False,0.47673183839129424,0.04943519663446252,0.023599675508109725
AREYWPYGFYGLFDY,H1-69,K3-20,True,46,1,1,0.0001473872407506,7.286611579883123e-06,3.4785270525048872e-06,False,False,False,False,False,False,False,False,False,False,False,False,False,-1,-1,False,-0.5066666666666665,False,False,False,4.370324325561524,1947.106,1,0.0001473872407506,7.286611579883123e-06,348,944,False,944.0,False,False,False,False,0.47673183839129424,0.04943519663446252,0.023599675508109725
ARGLGTWRFDY,H3-23_A,K4-1,True,46,1,1,0.0001473872407506,7.286611579883123e-06,3.4785270525048872e-06,False,False,False,False,False,False,False,False,False,False,False,False,False,1,1,False,0.6181818181818184,False,False,False,8.79022674560547,1341.473,2,0.0001473872407506,7.286611579883123e-06,435,946,False,946.0,False,False,False,False,0.47673183839129424,0.04943519663446252,0.023599675508109725
ARGPAYTIFGYAFDY,H3-23_A,K1-39,True,46,1,1,0.0001473872407506,7.286611579883123e-06,3.4785270525048872e-06,False,False,False,False,False,False,False,False,False,False,False,False,False,0,0,False,0.4733333333333335,False,False,False,5.87858085632324,1711.8685999999998,1,0.0001473872407506,7.286611579883123e-06,453,947,False,947.0,False,False,False,False,0.47673183839129424,0.04943519663446252,0.023599675508109725
ARGSKAAGFYWYAFDY,H3-23_A,K3-20,True,46,1,1,0.0001473872407506,7.286611579883123e-06,3.4785270525048872e-06,False,False,False,True,False,False,False,False,False,False,False,False,False,1,1,False,0.7562500000000002,False,False,False,8.47317657470703,1873.0293,1,0.0001473872407506,7.286611579883123e-06,548,948,False,948.0,False,False,False,False,0.47673183839129424,0.04943519663446252,0.023599675508109725
ARGSLGYWGYSLFDY,H1-69,K1-39,True,46,1,1,0.0001473872407506,7.286611579883123e-06,3.4785270525048872e-06,False,False,False,False,False,False,False,False,False,False,False,False,False,0,0,False,0.2066666666666669,False,False,False,5.87858085632324,1754.8933000000002,1,0.0001473872407506,7.286611579883123e-06,551,949,False,949.0,False,False,False,False,0.47673183839129424,0.04943519663446252,0.023599675508109725
ARGTWSFSRYSWGFDI,H1-69,K3-15,True,46,1,1,0.0001473872407506,7.286611579883123e-06,3.4785270525048872e-06,False,False,False,False,False,False,False,False,False,False,False,False,False,1,1,False,0.5187500000000002,False,False,False,8.79022674560547,1936.0886,2,0.0001473872407506,7.286611579883123e-06,580,950,False,950.0,False,False,False,False,0.47673183839129424,0.04943519663446252,0.023599675508109725
ARHRVFGDFDY,H3-23_A,K3-20,True,46,1,1,0.0001473872407506,7.286611579883123e-06,3.4785270525048872e-06,False,False,False,False,False,False,False,False,False,True,False,False,False,0,1,False,1.3000000000000005,False,False,False,6.791580581665039,1382.4818,2,0.0001473872407506,7.286611579883123e-06,703,953,False,953.0,False,False,False,False,0.47673183839129424,0.04943519663446252,0.023599675508109725
ARHRYGLGDFDY,H3-23_A,K4-1,True,46,1,1,0.0001473872407506,7.286611579883123e-06,3.4785270525048872e-06,False,False,False,False,False,False,False,False,False,True,False,False,False,0,1,False,1.816666666666667,False,False,False,6.790507125854492,1469.5591,2,0.0001473872407506,7.286611579883123e-06,710,954,False,954.0,False,False,False,False,0.47673183839129424,0.04943519663446252,0.023599675508109725
ARKPWYSYFDY,H3-23_A,K3-20,True,46,1,1,0.0001473872407506,7.286611579883123e-06,3.4785270525048872e-06,False,False,False,False,False,False,False,False,False,False,False,False,False,1,1,False,0.5181818181818183,False,False,False,8.47317657470703,1495.6344,1,0.0001473872407506,7.286611579883123e-06,810,956,False,956.0,False,False,False,False,0.47673183839129424,0.04943519663446252,0.023599675508109725
ARKRTGYWSWYFDY,H4-34,K3-20,True,46,1,1,0.0001473872407506,7.286611579883123e-06,3.4785270525048872e-06,False,False,False,True,False,False,False,False,False,False,False,False,False,2,2,False,0.6214285714285717,False,False,False,9.525611877441406,1899.07,2,0.0001473872407506,7.286611579883123e-06,816,957,False,957.0,False,False,False,False,0.47673183839129424,0.04943519663446252,0.023599675508109725
ARLERWGAPYKIYFDI,H3-23_A,K1-39,True,46,1,1,0.0001473872407506,7.286611579883123e-06,3.4785270525048872e-06,False,False,False,False,False,False,False,False,False,False,False,False,False,1,1,False,-0.2687499999999998,False,False,False,8.53950653076172,1998.2856,2,0.0001473872407506,7.286611579883123e-06,831,958,False,958.0,False,False,False,False,0.47673183839129424,0.04943519663446252,0.023599675508109725
ARSRQYHGTGFDY,H3-23_A,K3-20,True,46,1,1,0.0001473872407506,7.286611579883123e-06,3.4785270525048872e-06,False,False,False,False,False,False,False,False,False,False,False,False,False,1,2,False,2.976923076923077,False,False,False,8.638685607910158,1557.6245,2,0.0001473872407506,7.286611579883123e-06,1116,961,False,961.0,False,False,False,False,0.47673183839129424,0.04943519663446252,0.023599675508109725
ARSRYIYVWSGFDY,H3-23_A,K4-1,True,46,1,1,0.0001473872407506,7.286611579883123e-06,3.4785270525048872e-06,False,False,False,False,False,False,False,False,False,False,False,False,False,1,1,False,0.1857142857142858,False,False,False,8.539295959472657,1782.9498,2,0.0001473872407506,7.286611579883123e-06,1123,962,False,962.0,False,False,False,False,0.47673183839129424,0.04943519663446252,0.023599675508109725
ARVHGPWYTWYGYTFDI,H1-69,K1-39,True,46,1,1,0.0001473872407506,7.286611579883123e-06,3.4785270525048872e-06,False,False,False,False,False,False,False,False,False,False,False,False,False,0,1,False,-0.2529411764705881,False,False,False,6.786059951782226,2132.333,1,0.0001473872407506,7.286611579883123e-06,1218,964,False,964.0,False,False,False,False,0.47673183839129424,0.04943519663446252,0.023599675508109725
ARVKSYHYGYGFDY,H3-23_A,K4-1,True,46,1,1,0.0001473872407506,7.286611579883123e-06,3.4785270525048872e-06,False,False,False,True,False,False,False,False,False,False,False,False,False,1,2,False,1.5357142857142858,False,False,False,8.42741241455078,1725.8554,1,0.0001473872407506,7.286611579883123e-06,1244,965,False,965.0,False,False,False,False,0.47673183839129424,0.04943519663446252,0.023599675508109725
ARVPGSLKWRGFDY,H3-23_A,K3-20,True,46,1,1,0.0001473872407506,7.286611579883123e-06,3.4785270525048872e-06,False,False,False,False,False,False,False,False,False,False,False,False,False,2,2,False,0.8714285714285717,False,False,False,9.98676300048828,1651.8648999999998,2,0.0001473872407506,7.286611579883123e-06,1259,966,False,966.0,False,False,False,False,0.47673183839129424,0.04943519663446252,0.023599675508109725
ARYPQFYIYGLYFDP,H3-23_A,K3-15,True,46,1,1,0.0001473872407506,7.286611579883123e-06,3.4785270525048872e-06,False,False,False,False,True,False,False,False,False,False,False,False,False,0,0,False,-0.7333333333333331,False,False,False,5.877711868286132,1913.1328,1,0.0001473872407506,7.286611579883123e-06,1447,968,False,968.0,False,False,False,False,0.47673183839129424,0.04943519663446252,0.023599675508109725
ARAWRGSSYGFDY,H3-23_A,K3-20,True,45,1,1,0.0001441831702995,7.286611579883123e-06,3.4785270525048872e-06,False,False,False,False,False,False,False,False,False,False,False,False,False,1,1,False,1.8461538461538465,False,False,False,8.632579040527343,1535.6172,2,0.0001441831702995,7.286611579883123e-06,117,971,False,971.0,False,False,False,False,0.47673183839129424,0.050533680372990525,0.024124076371160482
ARDFEPVSGHFDY,H1-69,K3-20,True,45,1,1,0.0001441831702995,7.286611579883123e-06,3.4785270525048872e-06,False,False,False,False,False,False,False,False,False,True,False,False,False,-2,-1,False,2.0384615384615383,False,False,False,4.536607742309571,1539.6026,1,0.0001441831702995,7.286611579883123e-06,139,972,False,972.0,False,False,False,False,0.47673183839129424,0.050533680372990525,0.024124076371160482
ARDFNWVNRFDY,H3-23_A,K3-20,True,45,1,1,0.0001441831702995,7.286611579883123e-06,3.4785270525048872e-06,False,False,False,False,False,False,False,False,False,False,False,False,False,0,0,False,0.8750000000000001,False,False,False,6.004890823364257,1602.7062999999998,2,0.0001441831702995,7.286611579883123e-06,140,973,False,973.0,False,False,False,False,0.47673183839129424,0.050533680372990525,0.024124076371160482
ARDLGVRSVWSPYFDY,H3-23_A,K3-20,True,45,1,1,0.0001441831702995,7.286611579883123e-06,3.4785270525048872e-06,False,False,False,False,False,False,False,False,False,False,False,False,False,0,0,False,0.7312500000000002,False,False,False,6.004021835327148,1931.1102,2,0.0001441831702995,7.286611579883123e-06,161,974,False,974.0,False,False,False,False,0.47673183839129424,0.050533680372990525,0.024124076371160482
ARDPPVISYSGFDY,H3-23_A,K3-20,True,45,1,1,0.0001441831702995,7.286611579883123e-06,3.4785270525048872e-06,False,False,False,False,True,False,False,False,False,False,False,False,False,-1,-1,False,1.75,False,False,False,4.207874679565429,1586.6988,1,0.0001441831702995,7.286611579883123e-06,187,975,False,975.0,False,False,False,False,0.47673183839129424,0.050533680372990525,0.024124076371160482
ARDRWLWPYAFDY,H3-23_A,K4-1,True,45,1,1,0.0001441831702995,7.286611579883123e-06,3.4785270525048872e-06,False,False,False,False,False,False,False,False,False,False,False,False,False,0,0,False,-0.5769230769230768,False,False,False,6.004021835327148,1758.9300999999998,2,0.0001441831702995,7.286611579883123e-06,226,976,False,976.0,False,False,False,False,0.47673183839129424,0.050533680372990525,0.024124076371160482
ARDRWSYGIYGYFDY,H1-69,K1-39,True,45,1,1,0.0001441831702995,7.286611579883123e-06,3.4785270525048872e-06,False,False,False,False,False,False,False,False,False,False,False,False,False,0,0,False,0.9066666666666668,False,False,False,6.0022838592529295,1932.0534,2,0.0001441831702995,7.286611579883123e-06,230,977,False,977.0,False,False,False,False,0.47673183839129424,0.050533680372990525,0.024124076371160482
ARFSPPRLGTYGYSFDY,H3-23_A,K3-20,True,45,1,1,0.0001441831702995,7.286611579883123e-06,3.4785270525048872e-06,False,False,False,False,False,False,False,False,False,False,False,False,False,1,1,False,1.235294117647059,False,False,False,8.539295959472657,1997.1683,2,0.0001441831702995,7.286611579883123e-06,379,980,False,980.0,False,False,False,False,0.47673183839129424,0.050533680372990525,0.024124076371160482
ARGIQKYLLFDY,H5-51,K3-15,True,45,1,1,0.0001441831702995,7.286611579883123e-06,3.4785270525048872e-06,False,False,False,False,False,False,False,False,False,False,False,False,False,1,1,False,-0.4749999999999998,False,False,False,8.54006805419922,1486.7121,1,0.0001441831702995,7.286611579883123e-06,419,982,False,982.0,False,False,False,False,0.47673183839129424,0.050533680372990525,0.024124076371160482
ARGLWYTNRHFDY,H1-69,K1-39,True,45,1,1,0.0001441831702995,7.286611579883123e-06,3.4785270525048872e-06,False,False,False,False,False,False,False,False,False,False,False,False,False,1,2,False,0.6384615384615386,False,False,False,8.638685607910158,1698.8367999999998,2,0.0001441831702995,7.286611579883123e-06,445,984,False,984.0,False,False,False,False,0.47673183839129424,0.050533680372990525,0.024124076371160482
ARHLYATPWNFDY,H3-23_A,K1-39,True,45,1,1,0.0001441831702995,7.286611579883123e-06,3.4785270525048872e-06,False,False,False,False,False,False,False,False,False,False,False,False,False,0,1,False,0.2000000000000001,False,False,False,6.787184524536133,1653.7929,1,0.0001441831702995,7.286611579883123e-06,667,987,False,987.0,False,False,False,False,0.47673183839129424,0.050533680372990525,0.024124076371160482
ARHSGLRSYGWVYGFDP,H3-23_A,K4-1,True,45,1,1,0.0001441831702995,7.286611579883123e-06,3.4785270525048872e-06,False,False,False,False,True,False,False,False,False,False,False,False,False,1,2,False,1.111764705882353,False,False,False,8.638685607910158,1968.1337,2,0.0001441831702995,7.286611579883123e-06,715,989,False,989.0,False,False,False,False,0.47673183839129424,0.050533680372990525,0.024124076371160482
ARHSLGFSVWYGFDP,H3-23_A,K1-39,True,45,1,1,0.0001441831702995,7.286611579883123e-06,3.4785270525048872e-06,False,False,False,False,True,False,False,False,False,False,False,False,False,0,1,False,0.1133333333333335,False,False,False,6.788309097290039,1738.8973,1,0.0001441831702995,7.286611579883123e-06,716,990,False,990.0,False,False,False,False,0.47673183839129424,0.050533680372990525,0.024124076371160482
ARINYRYDFDY,H3-23_A,K3-20,True,45,1,1,0.0001441831702995,7.286611579883123e-06,3.4785270525048872e-06,False,False,False,False,False,False,False,False,False,True,False,False,False,0,0,False,1.3272727272727274,False,False,False,6.003152847290039,1495.593,2,0.0001441831702995,7.286611579883123e-06,771,992,False,992.0,False,False,False,False,0.47673183839129424,0.050533680372990525,0.024124076371160482
ARLWGKYRFDY,H3-23_A,K3-20,True,45,1,1,0.0001441831702995,7.286611579883123e-06,3.4785270525048872e-06,False,False,False,False,False,False,False,False,False,False,False,False,False,2,2,False,-0.027272727272727,False,False,False,9.69757843017578,1474.6633,2,0.0001441831702995,7.286611579883123e-06,947,993,False,993.0,False,False,False,False,0.47673183839129424,0.050533680372990525,0.024124076371160482
ARPNKIGYTSGNVFDY,H5-51,UNK,True,45,1,1,0.0001441831702995,7.286611579883123e-06,3.4785270525048872e-06,False,False,False,False,False,False,False,False,False,False,False,False,False,1,1,False,2.28125,False,False,False,8.54006805419922,1801.9516,1,0.0001441831702995,7.286611579883123e-06,992,994,False,994.0,False,False,False,False,0.47673183839129424,0.050533680372990525,0.024124076371160482
ARQKGWIRSGLGFDY,H3-23_A,K3-20,True,45,1,1,0.0001441831702995,7.286611579883123e-06,3.4785270525048872e-06,False,False,False,False,False,False,False,False,False,False,False,False,False,2,2,False,1.166666666666667,False,False,False,9.98676300048828,1753.9568,2,0.0001441831702995,7.286611579883123e-06,1054,996,False,996.0,False,False,False,False,0.47673183839129424,0.050533680372990525,0.024124076371160482
ARQPKFSPYGFDI,H3-23_A,UNK,True,45,1,1,0.0001441831702995,7.286611579883123e-06,3.4785270525048872e-06,False,False,False,False,False,False,False,False,False,False,False,False,False,1,1,False,1.2384615384615385,False,False,False,8.63377227783203,1525.7052,1,0.0001441831702995,7.286611579883123e-06,1058,997,False,997.0,False,False,False,False,0.47673183839129424,0.050533680372990525,0.024124076371160482
ARSDYWAWYKYDAFDP,H3-23_A,K4-1,True,45,1,1,0.0001441831702995,7.286611579883123e-06,3.4785270525048872e-06,False,False,False,False,True,False,False,False,False,False,False,False,False,-1,-1,False,1.24375,False,False,False,4.429057693481445,2054.1749,1,0.0001441831702995,7.286611579883123e-06,1076,998,False,998.0,False,False,False,False,0.47673183839129424,0.050533680372990525,0.024124076371160482
ARSKGVAQSFDY,H5-51,K3-15,True,45,1,1,0.0001441831702995,7.286611579883123e-06,3.4785270525048872e-06,False,False,False,False,False,False,False,False,False,False,False,False,False,1,1,False,2.833333333333333,False,False,False,8.63377227783203,1328.4296,1,0.0001441831702995,7.286611579883123e-06,1087,999,False,999.0,False,False,False,False,0.47673183839129424,0.050533680372990525,0.024124076371160482
ARSRWDYFSYHAFDI,H1-69,K4-1,True,45,1,1,0.0001441831702995,7.286611579883123e-06,3.4785270525048872e-06,False,False,False,False,False,False,False,False,False,False,False,False,False,0,1,False,0.5000000000000001,False,False,False,6.790507125854492,1934.0727,2,0.0001441831702995,7.286611579883123e-06,1120,1000,False,1000.0,False,False,False,False,0.47673183839129424,0.050533680372990525,0.024124076371160482
ARSYWYGIRYFDY,H3-23_A,K3-20,True,45,1,1,0.0001441831702995,7.286611579883123e-06,3.4785270525048872e-06,False,False,False,True,False,False,False,False,False,False,False,False,False,1,1,False,-0.1615384615384614,False,False,False,8.472544860839843,1759.9147,2,0.0001441831702995,7.286611579883123e-06,1158,1004,False,1004.0,False,False,False,False,0.47673183839129424,0.050533680372990525,0.024124076371160482
ARTWPYRYILGSHFDY,H3-23_A,K3-15,True,45,1,1,0.0001441831702995,7.286611579883123e-06,3.4785270525048872e-06,False,False,False,False,False,False,False,False,False,False,False,False,False,1,2,False,1.6653345369377348e-16,False,False,False,8.545542907714843,2045.2575,2,0.0001441831702995,7.286611579883123e-06,1198,1005,False,1005.0,False,False,False,False,0.47673183839129424,0.050533680372990525,0.024124076371160482
ARTYRTYVSLWAFDP,H3-23_A,K3-20,True,45,1,1,0.0001441831702995,7.286611579883123e-06,3.4785270525048872e-06,False,False,False,False,True,False,False,False,False,False,False,False,False,1,1,False,0.3800000000000001,False,False,False,8.632579040527343,1846.0489,2,0.0001441831702995,7.286611579883123e-06,1204,1006,False,1006.0,False,False,False,False,0.47673183839129424,0.050533680372990525,0.024124076371160482
ARVPLYWGYQYRYFDY,H3-23_A,K3-20,True,45,1,1,0.0001441831702995,7.286611579883123e-06,3.4785270525048872e-06,False,False,False,False,False,False,False,False,False,False,False,False,False,1,1,False,-0.4562499999999998,False,False,False,8.420463562011719,2160.386,2,0.0001441831702995,7.286611579883123e-06,1263,1008,False,1008.0,False,False,False,False,0.47673183839129424,0.050533680372990525,0.024124076371160482
ARVSYGWVTYVKLFDP,H3-23_A,K3-20,True,45,1,1,0.0001441831702995,7.286611579883123e-06,3.4785270525048872e-06,False,False,False,False,True,False,False,False,False,False,False,False,False,1,1,False,-0.1124999999999998,False,False,False,8.54006805419922,1901.167,1,0.0001441831702995,7.286611579883123e-06,1322,1011,False,1011.0,False,False,False,False,0.47673183839129424,0.050533680372990525,0.024124076371160482
ARVWSYWLSSFDY,H3-23_A,K3-20,True,45,1,1,0.0001441831702995,7.286611579883123e-06,3.4785270525048872e-06,False,False,False,False,False,False,False,False,False,False,False,False,False,0,0,False,-0.7769230769230767,False,False,False,5.87944984436035,1679.8268,1,0.0001441831702995,7.286611579883123e-06,1337,1012,False,1012.0,False,False,False,False,0.47673183839129424,0.050533680372990525,0.024124076371160482
ARYGILSYGQYFDY,H3-23_A,K3-20,True,45,1,1,0.0001441831702995,7.286611579883123e-06,3.4785270525048872e-06,False,False,False,False,False,False,False,False,False,False,False,False,False,0,0,False,0.442857142857143,False,False,False,5.877711868286132,1715.8572,1,0.0001441831702995,7.286611579883123e-06,1408,1014,False,1014.0,False,False,False,False,0.47673183839129424,0.050533680372990525,0.024124076371160482
ARAAYFVDFDY,H3-23_A,K4-1,True,44,1,1,0.0001409790998484,7.286611579883123e-06,3.4785270525048872e-06,False,False,False,False,False,False,False,False,False,True,False,False,False,-1,-1,False,0.4181818181818183,False,False,False,4.207874679565429,1337.4345,1,0.0001409790998484,7.286611579883123e-06,9,1016,False,1016.0,False,False,False,False,0.47673183839129424,0.05168209164905747,0.024672311946421457
ARDRIGIYWSGFDY,H3-23_A,K3-15,True,44,1,1,0.0001409790998484,7.286611579883123e-06,3.4785270525048872e-06,False,False,False,False,False,False,False,False,False,False,False,False,False,0,0,False,0.6714285714285716,False,False,False,6.004021835327148,1718.8646,2,0.0001409790998484,7.286611579883123e-06,201,1018,False,1018.0,False,False,False,False,0.47673183839129424,0.05168209164905747,0.024672311946421457
ARDVRYHYGIGFDY,H3-23_A,K3-20,True,44,1,1,0.0001409790998484,7.286611579883123e-06,3.4785270525048872e-06,False,False,False,True,False,False,False,False,False,False,False,False,False,0,1,False,1.242857142857143,False,False,False,6.789382553100586,1731.8632999999998,2,0.0001409790998484,7.286611579883123e-06,251,1019,False,1019.0,False,False,False,False,0.47673183839129424,0.05168209164905747,0.024672311946421457
ARESKYWYAWGLFDY,H3-23_A,K1-39,True,44,1,1,0.0001409790998484,7.286611579883123e-06,3.4785270525048872e-06,False,False,False,True,False,False,False,False,False,False,False,False,False,0,0,False,1.480297366166875e-16,False,False,False,6.111520767211914,1955.1299,1,0.0001409790998484,7.286611579883123e-06,331,1020,False,1020.0,False,False,False,False,0.47673183839129424,0.05168209164905747,0.024672311946421457
ARGSVYWTRYNQFDI,H3-23_A,K3-20,True,44,1,1,0.0001409790998484,7.286611579883123e-06,3.4785270525048872e-06,False,False,False,False,False,False,False,False,False,False,False,False,False,1,1,False,1.0800000000000003,False,False,False,8.632579040527343,1876.0350000000003,2,0.0001409790998484,7.286611579883123e-06,559,1021,False,1021.0,False,False,False,False,0.47673183839129424,0.05168209164905747,0.024672311946421457
ARHGWSKSWGFDY,H3-23_A,K4-1,True,44,1,1,0.0001409790998484,7.286611579883123e-06,3.4785270525048872e-06,False,False,False,False,False,False,False,False,False,False,False,False,False,1,2,False,1.3384615384615386,False,False,False,8.639878845214845,1596.7018999999998,1,0.0001409790998484,7.286611579883123e-06,645,1023,False,1023.0,False,False,False,False,0.47673183839129424,0.05168209164905747,0.024672311946421457
ARIVRLGWTFDY,H3-23_A,UNK,True,44,1,1,0.0001409790998484,7.286611579883123e-06,3.4785270525048872e-06,False,False,False,False,False,False,False,False,False,False,False,False,False,1,1,False,-0.8833333333333332,False,False,False,8.79022674560547,1496.7103,2,0.0001409790998484,7.286611579883123e-06,791,1025,False,1025.0,False,False,False,False,0.47673183839129424,0.05168209164905747,0.024672311946421457
ARKYGILSRNAFDY,H3-23_A,K3-20,True,44,1,1,0.0001409790998484,7.286611579883123e-06,3.4785270525048872e-06,False,False,False,False,False,False,False,False,False,False,False,False,False,2,2,False,1.235714285714286,False,False,False,9.69757843017578,1673.8688,2,0.0001409790998484,7.286611579883123e-06,822,1026,False,1026.0,False,False,False,False,0.47673183839129424,0.05168209164905747,0.024672311946421457
ARLGPPRGLSYLGFDP,H3-23_A,K3-20,True,44,1,1,0.0001409790998484,7.286611579883123e-06,3.4785270525048872e-06,False,False,False,False,True,False,False,False,False,False,False,False,False,1,1,False,0.7312500000000003,False,False,False,8.79022674560547,1715.9486,2,0.0001409790998484,7.286611579883123e-06,837,1027,False,1027.0,False,False,False,False,0.47673183839129424,0.05168209164905747,0.024672311946421457
ARPEWFDPRDFDY,H3-23_A,K3-20,True,44,1,1,0.0001409790998484,7.286611579883123e-06,3.4785270525048872e-06,False,False,False,False,True,False,False,False,False,True,False,False,False,-2,-2,False,1.7076923076923078,False,False,False,4.226021194458009,1713.8019,2,0.0001409790998484,7.286611579883123e-06,969,1031,False,1031.0,False,False,False,False,0.47673183839129424,0.05168209164905747,0.024672311946421457
ARTRSYGSSFDY,H5-51,UNK,True,44,1,1,0.0001409790998484,7.286611579883123e-06,3.4785270525048872e-06,False,False,False,False,False,False,False,False,False,False,False,False,False,1,1,False,3.158333333333333,False,False,False,8.632579040527343,1409.4593,2,0.0001409790998484,7.286611579883123e-06,1179,1032,False,1032.0,False,False,False,False,0.47673183839129424,0.05168209164905747,0.024672311946421457
ARVYGWSWSFDY,H3-23_A,K3-20,True,44,1,1,0.0001409790998484,7.286611579883123e-06,3.4785270525048872e-06,False,False,False,False,False,False,False,False,False,False,False,False,False,0,0,False,-0.1416666666666665,False,False,False,5.87944984436035,1536.6432,1,0.0001409790998484,7.286611579883123e-06,1340,1034,False,1034.0,False,False,False,False,0.47673183839129424,0.05168209164905747,0.024672311946421457
ARWRLSSGTFDY,H3-23_A,K3-20,True,44,1,1,0.0001409790998484,7.286611579883123e-06,3.4785270525048872e-06,False,False,False,False,False,False,False,False,False,False,False,False,False,1,1,False,1.175,False,False,False,8.79022674560547,1458.5763,2,0.0001409790998484,7.286611579883123e-06,1382,1036,False,1036.0,False,False,False,False,0.47673183839129424,0.05168209164905747,0.024672311946421457
ARWVSTGVYLYFDY,H3-23_A,K4-1,True,44,1,1,0.0001409790998484,7.286611579883123e-06,3.4785270525048872e-06,False,False,False,False,False,False,False,False,False,False,False,False,False,0,0,False,-0.557142857142857,False,False,False,5.87858085632324,1739.9217,1,0.0001409790998484,7.286611579883123e-06,1396,1037,False,1037.0,False,False,False,False,0.47673183839129424,0.05168209164905747,0.024672311946421457
ARYLRSSNPGAGFDY,H3-23_A,K3-20,True,44,1,1,0.0001409790998484,7.286611579883123e-06,3.4785270525048872e-06,False,False,False,False,False,False,False,False,False,False,False,False,False,1,1,False,2.26,False,False,False,8.632579040527343,1673.7826999999995,2,0.0001409790998484,7.286611579883123e-06,1437,1039,False,1039.0,False,False,False,False,0.47673183839129424,0.05168209164905747,0.024672311946421457
ARALTFGYVRWNFDY,H3-23_A,K3-15,True,43,1,1,0.0001377750293973,7.286611579883123e-06,3.4785270525048872e-06,False,False,False,False,False,False,False,False,False,False,False,False,False,1,1,False,-0.3066666666666665,False,False,False,8.632579040527343,1879.0802,2,0.0001377750293973,7.286611579883123e-06,52,1041,False,1041.0,False,False,False,False,0.47673183839129424,0.05288391352642778,0.025246045000103995
ARARYSSGYLGFDI,H3-23_A,K4-1,True,43,1,1,0.0001377750293973,7.286611579883123e-06,3.4785270525048872e-06,False,False,False,False,False,False,False,False,False,False,False,False,False,1,1,False,1.2000000000000004,False,False,False,8.632579040527343,1575.7225,2,0.0001377750293973,7.286611579883123e-06,82,1042,False,1042.0,False,False,False,False,0.47673183839129424,0.05288391352642778,0.025246045000103995
ARASRGYSYHAPFGFDP,H3-23_A,K3-20,True,43,1,1,0.0001377750293973,7.286611579883123e-06,3.4785270525048872e-06,False,False,False,False,True,False,False,False,False,False,False,False,False,1,2,False,1.9529411764705884,False,False,False,8.638685607910158,1899.0287,2,0.0001377750293973,7.286611579883123e-06,88,1043,False,1043.0,False,False,False,False,0.47673183839129424,0.05288391352642778,0.025246045000103995
ARDAYWPWTFDY,H3-23_A,K1-39,True,43,1,1,0.0001377750293973,7.286611579883123e-06,3.4785270525048872e-06,False,False,False,False,False,False,False,False,False,False,False,False,False,-1,-1,False,0.2250000000000001,False,False,False,4.207874679565429,1590.6907,1,0.0001377750293973,7.286611579883123e-06,134,1045,False,1045.0,False,False,False,False,0.47673183839129424,0.05288391352642778,0.025246045000103995
ARDIGSYNRWGFDY,H3-23_A,K3-20,True,43,1,1,0.0001377750293973,7.286611579883123e-06,3.4785270525048872e-06,False,False,False,False,False,False,False,False,False,False,False,False,False,0,0,False,1.742857142857143,False,False,False,6.004021835327148,1719.8095999999998,2,0.0001377750293973,7.286611579883123e-06,145,1047,False,1047.0,False,False,False,False,0.47673183839129424,0.05288391352642778,0.025246045000103995
ARDIRYLYPYHFDP,H3-23_A,K3-20,True,43,1,1,0.0001377750293973,7.286611579883123e-06,3.4785270525048872e-06,False,False,False,True,True,False,False,False,False,False,False,False,False,0,1,False,0.3357142857142859,False,False,False,6.789382553100586,1826.0177,2,0.0001377750293973,7.286611579883123e-06,150,1048,False,1048.0,False,False,False,False,0.47673183839129424,0.05288391352642778,0.025246045000103995
ARDRHIYSWFAFDY,H3-23_A,K1-39,True,43,1,1,0.0001377750293973,7.286611579883123e-06,3.4785270525048872e-06,False,False,False,False,False,False,False,False,False,False,False,False,False,0,1,False,0.0714285714285715,False,False,False,6.790507125854492,1846.9954,2,0.0001377750293973,7.286611579883123e-06,199,1050,False,1050.0,False,False,False,False,0.47673183839129424,0.05288391352642778,0.025246045000103995
ARDYSWQGYVRFDY,H3-23_A,K4-1,True,43,1,1,0.0001377750293973,7.286611579883123e-06,3.4785270525048872e-06,False,False,False,False,False,False,False,False,False,False,False,False,False,0,0,False,1.4357142857142855,False,False,False,6.003152847290039,1825.9315,2,0.0001377750293973,7.286611579883123e-06,289,1051,False,1051.0,False,False,False,False,0.47673183839129424,0.05288391352642778,0.025246045000103995
ARFRYAGTGTYGFDI,H3-23_A,K3-20,True,43,1,1,0.0001377750293973,7.286611579883123e-06,3.4785270525048872e-06,False,False,False,False,False,False,False,False,False,False,False,False,False,1,1,False,1.3266666666666669,False,False,False,8.632579040527343,1694.8431999999998,2,0.0001377750293973,7.286611579883123e-06,375,1053,False,1053.0,False,False,False,False,0.47673183839129424,0.05288391352642778,0.025246045000103995
ARGPSYWTYPFDY,H3-23_A,K3-20,True,43,1,1,0.0001377750293973,7.286611579883123e-06,3.4785270525048872e-06,False,False,False,False,False,False,False,False,False,False,False,False,False,0,0,False,1.0000000000000002,False,False,False,5.87858085632324,1622.7324999999998,1,0.0001377750293973,7.286611579883123e-06,480,1054,False,1054.0,False,False,False,False,0.47673183839129424,0.05288391352642778,0.025246045000103995
ARGSRYGWKFDY,H3-23_A,K4-1,True,43,1,1,0.0001377750293973,7.286611579883123e-06,3.4785270525048872e-06,False,False,False,False,False,False,False,False,False,False,False,False,False,2,2,False,1.7583333333333335,False,False,False,9.69757843017578,1505.6343,2,0.0001377750293973,7.286611579883123e-06,558,1056,False,1056.0,False,False,False,False,0.47673183839129424,0.05288391352642778,0.025246045000103995
ARHLGYWGVFYSRFDY,H1-69,K1-39,True,43,1,1,0.0001377750293973,7.286611579883123e-06,3.4785270525048872e-06,False,False,False,False,False,False,False,False,False,False,False,False,False,1,2,False,-0.4062499999999998,False,False,False,8.545542907714843,2037.2369,2,0.0001377750293973,7.286611579883123e-06,661,1057,False,1057.0,False,False,False,False,0.47673183839129424,0.05288391352642778,0.025246045000103995
ARHWLGPWESFGFDI,H3-23_A,K4-1,True,43,1,1,0.0001377750293973,7.286611579883123e-06,3.4785270525048872e-06,False,False,False,False,False,False,False,False,False,False,False,False,False,-1,0,False,-0.6266666666666665,False,False,False,5.322275161743165,1817.9973,1,0.0001377750293973,7.286611579883123e-06,732,1059,False,1059.0,False,False,False,False,0.47673183839129424,0.05288391352642778,0.025246045000103995
ARHYAAVYFRFDY,H4-34,K1-39,True,43,1,1,0.0001377750293973,7.286611579883123e-06,3.4785270525048872e-06,False,False,False,False,False,False,False,False,False,False,False,False,False,1,2,False,-0.0769230769230767,False,False,False,8.545542907714843,1678.8453,2,0.0001377750293973,7.286611579883123e-06,737,1060,False,1060.0,False,False,False,False,0.47673183839129424,0.05288391352642778,0.025246045000103995
ARIGSYWRYLFDY,H4-34,K1-39,True,43,1,1,0.0001377750293973,7.286611579883123e-06,3.4785270525048872e-06,False,False,False,False,False,False,False,False,False,False,False,False,False,1,1,False,-0.723076923076923,False,False,False,8.539295959472657,1709.8991,2,0.0001377750293973,7.286611579883123e-06,758,1061,False,1061.0,False,False,False,False,0.47673183839129424,0.05288391352642778,0.025246045000103995
ARIRVLYTGVYFDY,H3-23_A,K3-20,True,43,1,1,0.0001377750293973,7.286611579883123e-06,3.4785270525048872e-06,False,False,False,False,False,False,False,False,False,False,False,False,False,1,1,False,-0.5785714285714284,False,False,False,8.539295959472657,1735.9778,2,0.0001377750293973,7.286611579883123e-06,781,1062,False,1062.0,False,False,False,False,0.47673183839129424,0.05288391352642778,0.025246045000103995
ARLPNYWSYGFDY,H3-23_A,UNK,True,43,1,1,0.0001377750293973,7.286611579883123e-06,3.4785270525048872e-06,False,False,False,False,False,False,False,False,False,False,False,False,False,0,0,False,0.2692307692307694,False,False,False,5.87858085632324,1651.7736,1,0.0001377750293973,7.286611579883123e-06,877,1065,False,1065.0,False,False,False,False,0.47673183839129424,0.05288391352642778,0.025246045000103995
ARPSYGTASWRFDY,H3-23_A,K3-20,True,43,1,1,0.0001377750293973,7.286611579883123e-06,3.4785270525048872e-06,False,False,False,False,False,False,False,False,False,False,False,False,False,1,1,False,1.8285714285714287,False,False,False,8.632579040527343,1676.785,2,0.0001377750293973,7.286611579883123e-06,1020,1067,False,1067.0,False,False,False,False,0.47673183839129424,0.05288391352642778,0.025246045000103995
ARSNYVWGSKWPFDY,H3-23_A,UNK,True,43,1,1,0.0001377750293973,7.286611579883123e-06,3.4785270525048872e-06,False,False,False,False,False,False,False,False,False,False,False,False,False,1,1,False,0.8733333333333334,False,False,False,8.54006805419922,1876.0333,1,0.0001377750293973,7.286611579883123e-06,1099,1068,False,1068.0,False,False,False,False,0.47673183839129424,0.05288391352642778,0.025246045000103995
ARSPHHWYVWRFDY,H4-34,K1-39,True,43,1,1,0.0001377750293973,7.286611579883123e-06,3.4785270525048872e-06,False,False,False,True,False,False,False,False,False,False,False,False,False,1,3,False,-0.2428571428571427,False,False,False,8.644651794433596,1920.0941,2,0.0001377750293973,7.286611579883123e-06,1100,1069,False,1069.0,False,False,False,False,0.47673183839129424,0.05288391352642778,0.025246045000103995
ARSPRALHPGFDY,H3-23_A,UNK,True,43,1,1,0.0001377750293973,7.286611579883123e-06,3.4785270525048872e-06,False,False,False,False,False,False,False,False,False,False,False,False,False,1,2,False,1.6000000000000003,False,False,False,8.796192932128907,1486.6328,2,0.0001377750293973,7.286611579883123e-06,1102,1070,False,1070.0,False,False,False,False,0.47673183839129424,0.05288391352642778,0.025246045000103995
ARTAGYPLGTSFDY,H5-51,K3-15,True,43,1,1,0.0001377750293973,7.286611579883123e-06,3.4785270525048872e-06,False,False,False,False,False,False,False,False,False,False,False,False,False,0,0,False,1.9,False,False,False,5.87944984436035,1518.6248999999998,1,0.0001377750293973,7.286611579883123e-06,1159,1071,False,1071.0,False,False,False,False,0.47673183839129424,0.05288391352642778,0.025246045000103995
ARTPWSGIGYAIFDI,H3-23_A,K3-20,True,43,1,1,0.0001377750293973,7.286611579883123e-06,3.4785270525048872e-06,False,False,False,False,False,False,False,False,False,False,False,False,False,0,0,False,-0.0999999999999998,False,False,False,5.880318832397459,1666.8728999999998,1,0.0001377750293973,7.286611579883123e-06,1171,1072,False,1072.0,False,False,False,False,0.47673183839129424,0.05288391352642778,0.025246045000103995
ARTTLRHYGWPFDY,H3-23_A,K1-39,True,43,1,1,0.0001377750293973,7.286611579883123e-06,3.4785270525048872e-06,False,False,False,False,False,False,False,False,False,False,False,False,False,1,2,False,0.6142857142857145,False,False,False,8.638685607910158,1782.9533,2,0.0001377750293973,7.286611579883123e-06,1191,1073,False,1073.0,False,False,False,False,0.47673183839129424,0.05288391352642778,0.025246045000103995
ARVFVPYWSNFDY,H3-23_A,K3-20,True,43,1,1,0.0001377750293973,7.286611579883123e-06,3.4785270525048872e-06,False,False,False,False,False,False,False,False,False,False,False,False,False,0,0,False,-0.5923076923076922,False,False,False,5.87944984436035,1663.8273,1,0.0001377750293973,7.286611579883123e-06,1215,1074,False,1074.0,False,False,False,False,0.47673183839129424,0.05288391352642778,0.025246045000103995
ARVFYPYVRGFDY,H3-23_A,K3-20,True,43,1,1,0.0001377750293973,7.286611579883123e-06,3.4785270525048872e-06,False,False,False,False,False,False,False,False,False,False,False,False,False,1,1,False,-0.246153846153846,False,False,False,8.539295959472657,1652.8476999999998,2,0.0001377750293973,7.286611579883123e-06,1216,1075,False,1075.0,False,False,False,False,0.47673183839129424,0.05288391352642778,0.025246045000103995
ARVIYGFKYFDY,H3-23_A,K3-20,True,43,1,1,0.0001377750293973,7.286611579883123e-06,3.4785270525048872e-06,False,False,False,False,False,False,False,False,False,False,False,False,False,1,1,False,-0.6749999999999998,False,False,False,8.47317657470703,1541.7457,1,0.0001377750293973,7.286611579883123e-06,1235,1076,False,1076.0,False,False,False,False,0.47673183839129424,0.05288391352642778,0.025246045000103995
ARVKYAWLGYRSTFDY,H4-34,K4-1,True,43,1,1,0.0001377750293973,7.286611579883123e-06,3.4785270525048872e-06,False,False,False,False,False,False,False,False,False,False,False,False,False,2,2,False,0.4937500000000001,False,False,False,9.525611877441406,1996.2266,2,0.0001377750293973,7.286611579883123e-06,1247,1077,False,1077.0,False,False,False,False,0.47673183839129424,0.05288391352642778,0.025246045000103995
ARVPGYWISYSTFDY,H3-23_A,K3-15,True,43,1,1,0.0001377750293973,7.286611579883123e-06,3.4785270525048872e-06,False,False,False,False,False,False,False,False,False,False,False,False,False,0,0,False,0.38,False,False,False,5.87858085632324,1824.9832,1,0.0001377750293973,7.286611579883123e-06,1261,1078,False,1078.0,False,False,False,False,0.47673183839129424,0.05288391352642778,0.025246045000103995
ARVRGTWGFDY,H3-23_A,K3-20,True,43,1,1,0.0001377750293973,7.286611579883123e-06,3.4785270525048872e-06,False,False,False,False,False,False,False,False,False,False,False,False,False,1,1,False,1.1181818181818182,False,False,False,8.79022674560547,1327.4464,2,0.0001377750293973,7.286611579883123e-06,1276,1079,False,1079.0,False,False,False,False,0.47673183839129424,0.05288391352642778,0.025246045000103995
ARVTRAGYSGFDY,H3-23_A,K3-20,True,43,1,1,0.0001377750293973,7.286611579883123e-06,3.4785270525048872e-06,False,False,False,False,False,False,False,False,False,False,False,False,False,1,1,False,2.230769230769231,False,False,False,8.632579040527343,1462.5649,2,0.0001377750293973,7.286611579883123e-06,1327,1080,False,1080.0,False,False,False,False,0.47673183839129424,0.05288391352642778,0.025246045000103995
ARVYSWTSTFDY,H3-23_A,K3-20,True,43,1,1,0.0001377750293973,7.286611579883123e-06,3.4785270525048872e-06,False,False,False,False,False,False,False,False,False,False,False,False,False,0,0,False,1.0833333333333337,False,False,False,5.87944984436035,1495.5898,1,0.0001377750293973,7.286611579883123e-06,1352,1081,False,1081.0,False,False,False,False,0.47673183839129424,0.05288391352642778,0.025246045000103995
ARYRIGTWTYFDY,H3-23_A,K3-20,True,43,1,1,0.0001377750293973,7.286611579883123e-06,3.4785270525048872e-06,False,False,False,False,False,False,False,False,False,False,False,False,False,1,1,False,0.2846153846153847,False,False,False,8.539295959472657,1711.8719999999998,2,0.0001377750293973,7.286611579883123e-06,1457,1086,False,1086.0,False,False,False,False,0.47673183839129424,0.05288391352642778,0.025246045000103995
ARDWIRGWGFDY,H3-23_A,K1-39,True,42,1,1,0.0001345709589462,7.286611579883123e-06,3.4785270525048872e-06,False,False,False,False,False,False,False,False,False,False,False,False,False,0,0,False,0.2333333333333334,False,False,False,6.004890823364257,1541.6663999999998,2,0.0001345709589462,7.286611579883123e-06,264,1091,False,1091.0,False,False,False,False,0.47673183839129424,0.05414296076457603,0.025847096645339417
AREVTRTVSSNAFDY,H5-51,K3-20,True,42,1,1,0.0001345709589462,7.286611579883123e-06,3.4785270525048872e-06,False,False,False,False,False,False,False,False,False,False,False,False,False,0,0,False,2.8200000000000003,False,False,False,6.114178848266601,1715.8179,2,0.0001345709589462,7.286611579883123e-06,339,1092,False,1092.0,False,False,False,False,0.47673183839129424,0.05414296076457603,0.025847096645339417
ARGPYWARLTLLGFDY,H3-23_A,K3-20,True,42,1,1,0.0001345709589462,7.286611579883123e-06,3.4785270525048872e-06,False,False,False,False,False,False,False,False,False,False,False,False,False,1,1,False,-0.5812499999999997,False,False,False,8.632579040527343,1899.1545,2,0.0001345709589462,7.286611579883123e-06,493,1093,False,1093.0,False,False,False,False,0.47673183839129424,0.05414296076457603,0.025847096645339417
ARHVRKWYVLGFDY,H1-69,K1-39,True,42,1,1,0.0001345709589462,7.286611579883123e-06,3.4785270525048872e-06,False,False,False,False,False,False,False,False,False,False,False,False,False,2,3,False,-0.3999999999999998,False,False,False,9.69764862060547,1810.0646,2,0.0001345709589462,7.286611579883123e-06,729,1095,False,1095.0,False,False,False,False,0.47673183839129424,0.05414296076457603,0.025847096645339417
ARIATNYWTYRFDY,H3-23_A,K1-39,True,42,1,1,0.0001345709589462,7.286611579883123e-06,3.4785270525048872e-06,False,False,False,False,False,False,False,False,False,False,False,False,False,1,1,False,0.5071428571428572,False,False,False,8.539295959472657,1840.0012,2,0.0001345709589462,7.286611579883123e-06,747,1096,False,1096.0,False,False,False,False,0.47673183839129424,0.05414296076457603,0.025847096645339417
ARITKGTWAGSWAFDI,H3-23_A,K3-20,True,42,1,1,0.0001345709589462,7.286611579883123e-06,3.4785270525048872e-06,False,False,False,False,False,False,False,False,False,False,False,False,False,1,1,False,0.5812500000000002,False,False,False,8.792683410644528,1779.9909000000002,1,0.0001345709589462,7.286611579883123e-06,787,1097,False,1097.0,False,False,False,False,0.47673183839129424,0.05414296076457603,0.025847096645339417
ARLGSWSYWYSRWPFDI,H4-34,K3-20,True,42,1,1,0.0001345709589462,7.286611579883123e-06,3.4785270525048872e-06,False,False,False,True,False,False,False,False,False,False,False,False,False,1,1,False,-0.7294117647058823,False,True,False,8.632579040527343,2190.4155,2,0.0001345709589462,7.286611579883123e-06,846,1099,False,1099.0,False,False,False,False,0.47673183839129424,0.05414296076457603,0.025847096645339417
ARLTRWISGWSFDY,H1-69,K1-39,True,42,1,1,0.0001345709589462,7.286611579883123e-06,3.4785270525048872e-06,False,False,False,False,False,False,False,False,False,False,False,False,False,1,1,False,-0.2785714285714284,False,False,False,8.79022674560547,1757.9437999999998,2,0.0001345709589462,7.286611579883123e-06,930,1101,False,1101.0,False,False,False,False,0.47673183839129424,0.05414296076457603,0.025847096645339417
ARLYVDFSRSNYGFDY,H3-23_A,K3-20,True,42,1,1,0.0001345709589462,7.286611579883123e-06,3.4785270525048872e-06,False,False,False,False,False,False,False,False,False,False,False,False,False,0,0,False,1.2000000000000002,False,False,False,6.003152847290039,1973.1037,2,0.0001345709589462,7.286611579883123e-06,953,1103,False,1103.0,False,False,False,False,0.47673183839129424,0.05414296076457603,0.025847096645339417
ARPRGLYGNYIYFDY,H3-23_A,K3-15,True,42,1,1,0.0001345709589462,7.286611579883123e-06,3.4785270525048872e-06,False,False,False,False,False,False,False,False,False,False,False,False,False,1,1,False,0.4666666666666668,False,False,False,8.472544860839843,1868.0542,2,0.0001345709589462,7.286611579883123e-06,1000,1104,False,1104.0,False,False,False,False,0.47673183839129424,0.05414296076457603,0.025847096645339417
ARSSFYSWGFDY,H1-69,K3-15,True,42,1,1,0.0001345709589462,7.286611579883123e-06,3.4785270525048872e-06,False,False,False,False,False,False,False,False,False,False,False,False,False,0,0,False,0.7750000000000002,False,False,False,5.87944984436035,1485.5534,1,0.0001345709589462,7.286611579883123e-06,1128,1105,False,1105.0,False,False,False,False,0.47673183839129424,0.05414296076457603,0.025847096645339417
ARVATSGLGWGFDY,H3-23_A,K3-20,True,42,1,1,0.0001345709589462,7.286611579883123e-06,3.4785270525048872e-06,False,False,False,False,False,False,False,False,False,False,False,False,False,0,0,False,0.9428571428571432,False,False,False,5.880318832397459,1499.6247999999998,1,0.0001345709589462,7.286611579883123e-06,1210,1107,False,1107.0,False,False,False,False,0.47673183839129424,0.05414296076457603,0.025847096645339417
ARVKRAGSPSLYIGFDY,H3-23_A,K3-15,True,42,1,1,0.0001345709589462,7.286611579883123e-06,3.4785270525048872e-06,False,False,False,False,False,False,False,False,False,False,False,False,False,2,2,False,1.2294117647058824,False,False,False,9.69757843017578,1900.141,2,0.0001345709589462,7.286611579883123e-06,1242,1108,False,1108.0,False,False,False,False,0.47673183839129424,0.05414296076457603,0.025847096645339417
ARYPPGWAGFDY,H3-23_A,K3-20,True,42,1,1,0.0001345709589462,7.286611579883123e-06,3.4785270525048872e-06,False,False,False,False,False,False,False,False,False,False,False,False,False,0,0,False,0.9166666666666669,False,False,False,5.87944984436035,1399.5073,1,0.0001345709589462,7.286611579883123e-06,1446,1111,False,1111.0,False,False,False,False,0.47673183839129424,0.05414296076457603,0.025847096645339417
ARAGEERDLDY,H5-51,K3-15,True,41,1,1,0.0001313668884951,7.286611579883123e-06,3.4785270525048872e-06,False,False,False,False,False,False,False,False,False,True,False,False,False,-2,-2,False,3.890909090909091,False,False,False,4.316753768920899,1294.3274,2,0.0001313668884951,7.286611579883123e-06,21,1112,False,1112.0,False,False,False,False,0.47673183839129424,0.05546342026630425,0.026477465651309186
ARAWYASVRTLFDY,H4-34,K1-39,True,41,1,1,0.0001313668884951,7.286611579883123e-06,3.4785270525048872e-06,False,False,False,False,False,False,False,False,False,False,False,False,False,1,1,False,0.0357142857142858,False,False,False,8.632579040527343,1718.9077,2,0.0001313668884951,7.286611579883123e-06,121,1115,False,1115.0,False,False,False,False,0.47673183839129424,0.05546342026630425,0.026477465651309186
ARDLWSYAYGFDY,H3-23_A,K3-20,True,41,1,1,0.0001313668884951,7.286611579883123e-06,3.4785270525048872e-06,False,False,False,False,False,False,False,False,False,False,False,False,False,-1,-1,False,0.5000000000000001,False,False,False,4.207874679565429,1626.7211,1,0.0001313668884951,7.286611579883123e-06,178,1117,False,1117.0,False,False,False,False,0.47673183839129424,0.05546342026630425,0.026477465651309186
ARDVPFIYLSGFDY,H3-23_A,K1-39,True,41,1,1,0.0001313668884951,7.286611579883123e-06,3.4785270525048872e-06,False,False,False,False,False,False,False,False,False,False,False,False,False,-1,-1,False,-0.1785714285714283,False,False,False,4.207874679565429,1662.8376999999998,1,0.0001313668884951,7.286611579883123e-06,244,1118,False,1118.0,False,False,False,False,0.47673183839129424,0.05546342026630425,0.026477465651309186
ARDYVSRWSWGHFDY,H3-23_A,K4-1,True,41,1,1,0.0001313668884951,7.286611579883123e-06,3.4785270525048872e-06,False,False,False,False,False,False,False,False,False,False,False,False,False,0,1,False,0.9733333333333334,False,False,False,6.790507125854492,1945.0556,2,0.0001313668884951,7.286611579883123e-06,292,1119,False,1119.0,False,False,False,False,0.47673183839129424,0.05546342026630425,0.026477465651309186
AREGHKGSLDY,H5-51,K3-15,True,41,1,1,0.0001313668884951,7.286611579883123e-06,3.4785270525048872e-06,False,False,False,False,False,False,False,False,False,False,False,False,False,0,1,False,3.5181818181818185,False,False,False,6.795363235473633,1232.3026,1,0.0001313668884951,7.286611579883123e-06,303,1120,False,1120.0,False,False,False,False,0.47673183839129424,0.05546342026630425,0.026477465651309186
ARGPGVWGHFDY,H3-23_A,K3-20,True,41,1,1,0.0001313668884951,7.286611579883123e-06,3.4785270525048872e-06,False,False,False,False,False,False,False,False,False,False,False,False,False,0,1,False,1.0666666666666669,False,False,False,6.788309097290039,1361.4625999999998,1,0.0001313668884951,7.286611579883123e-06,459,1121,False,1121.0,False,False,False,False,0.47673183839129424,0.05546342026630425,0.026477465651309186
ARGPYWGYGYRFDY,H1-69,K3-20,True,41,1,1,0.0001313668884951,7.286611579883123e-06,3.4785270525048872e-06,False,False,False,False,False,False,False,False,False,False,False,False,False,1,1,False,0.9214285714285716,False,False,False,8.472544860839843,1770.8975999999998,2,0.0001313668884951,7.286611579883123e-06,494,1122,False,1122.0,False,False,False,False,0.47673183839129424,0.05546342026630425,0.026477465651309186
ARHGISYRIVFDY,H3-23_A,K1-39,True,41,1,1,0.0001313668884951,7.286611579883123e-06,3.4785270525048872e-06,False,False,False,False,False,False,False,False,False,False,False,False,False,1,2,False,0.1615384615384616,False,False,False,8.638685607910158,1596.7863,2,0.0001313668884951,7.286611579883123e-06,635,1125,False,1125.0,False,False,False,False,0.47673183839129424,0.05546342026630425,0.026477465651309186
ARHLRTSAPWPGFDI,H3-23_A,K3-15,True,41,1,1,0.0001313668884951,7.286611579883123e-06,3.4785270525048872e-06,False,False,False,False,False,False,False,False,False,False,False,False,False,1,2,False,0.6600000000000001,False,False,False,9.648936462402345,1723.931,2,0.0001313668884951,7.286611579883123e-06,664,1126,False,1126.0,False,False,False,False,0.47673183839129424,0.05546342026630425,0.026477465651309186
ARHSQSGRFDY,H3-23_A,K3-20,True,41,1,1,0.0001313668884951,7.286611579883123e-06,3.4785270525048872e-06,False,False,False,False,False,False,False,False,False,False,False,False,False,1,2,False,3.290909090909091,False,False,False,8.796192932128907,1323.3734,2,0.0001313668884951,7.286611579883123e-06,718,1127,False,1127.0,False,False,False,False,0.47673183839129424,0.05546342026630425,0.026477465651309186
ARHSRLLYWYGYAFDY,H1-69,K3-15,True,41,1,1,0.0001313668884951,7.286611579883123e-06,3.4785270525048872e-06,False,False,False,True,False,False,False,False,False,False,False,False,False,1,2,False,-0.5187499999999998,False,False,False,8.478932189941407,2081.2895,2,0.0001313668884951,7.286611579883123e-06,719,1128,False,1128.0,False,False,False,False,0.47673183839129424,0.05546342026630425,0.026477465651309186
ARLRFGYIYLGHFDP,H3-23_A,K3-15,True,41,1,1,0.0001313668884951,7.286611579883123e-06,3.4785270525048872e-06,False,False,False,False,True,False,False,False,False,False,False,False,False,1,2,False,-0.8333333333333331,False,False,False,8.638685607910158,1825.0759000000005,2,0.0001313668884951,7.286611579883123e-06,885,1131,False,1131.0,False,False,False,False,0.47673183839129424,0.05546342026630425,0.026477465651309186
ARLRWAYGAFGHFDY,H3-23_A,K3-15,True,41,1,1,0.0001313668884951,7.286611579883123e-06,3.4785270525048872e-06,False,False,False,False,False,False,False,False,False,False,False,False,False,1,2,False,-0.2133333333333331,False,False,False,8.638685607910158,1830.0112,2,0.0001313668884951,7.286611579883123e-06,907,1132,False,1132.0,False,False,False,False,0.47673183839129424,0.05546342026630425,0.026477465651309186
ARPLAYSWSFDY,H3-23_A,K4-1,True,41,1,1,0.0001313668884951,7.286611579883123e-06,3.4785270525048872e-06,False,False,False,False,False,False,False,False,False,False,False,False,False,0,0,False,0.1083333333333335,False,False,False,5.87944984436035,1475.6017,1,0.0001313668884951,7.286611579883123e-06,982,1134,False,1134.0,False,False,False,False,0.47673183839129424,0.05546342026630425,0.026477465651309186
ARSGRSSSWFSFDY,H5-51,K4-1,True,41,1,1,0.0001313668884951,7.286611579883123e-06,3.4785270525048872e-06,False,False,False,False,False,False,False,False,False,False,False,False,False,1,1,False,2.028571428571429,False,False,False,8.79022674560547,1652.7205,2,0.0001313668884951,7.286611579883123e-06,1079,1137,False,1137.0,False,False,False,False,0.47673183839129424,0.05546342026630425,0.026477465651309186
ARSVAYSWSYWRFDI,H3-23_A,K1-39,True,41,1,1,0.0001313668884951,7.286611579883123e-06,3.4785270525048872e-06,False,False,False,False,False,False,False,False,False,False,False,False,False,1,1,False,-0.1733333333333332,False,False,False,8.632579040527343,1907.0904,2,0.0001313668884951,7.286611579883123e-06,1139,1139,False,1139.0,False,False,False,False,0.47673183839129424,0.05546342026630425,0.026477465651309186
ARTWLWGTNFDY,H3-23_A,K3-20,True,41,1,1,0.0001313668884951,7.286611579883123e-06,3.4785270525048872e-06,False,False,False,False,False,False,False,False,False,False,False,False,False,0,0,False,-0.0749999999999998,False,False,False,5.880318832397459,1529.6524,1,0.0001313668884951,7.286611579883123e-06,1197,1140,False,1140.0,False,False,False,False,0.47673183839129424,0.05546342026630425,0.026477465651309186
ARVAYHYAFVSYPFDP,H3-23_A,K3-15,True,41,1,1,0.0001313668884951,7.286611579883123e-06,3.4785270525048872e-06,False,False,False,True,True,False,False,False,False,False,False,False,False,0,1,False,0.1125000000000001,False,False,False,6.786059951782226,1903.0983,1,0.0001313668884951,7.286611579883123e-06,1212,1141,False,1141.0,False,False,False,False,0.47673183839129424,0.05546342026630425,0.026477465651309186
ARVKWRLYVTGFDY,H3-23_A,K4-1,True,41,1,1,0.0001313668884951,7.286611579883123e-06,3.4785270525048872e-06,False,False,False,False,False,False,False,False,False,False,False,False,False,2,2,False,-0.1785714285714284,False,False,False,9.69757843017578,1774.0292,2,0.0001313668884951,7.286611579883123e-06,1246,1142,False,1142.0,False,False,False,False,0.47673183839129424,0.05546342026630425,0.026477465651309186
ARYGKYLDYLIAFDI,H3-23_A,K3-15,True,41,1,1,0.0001313668884951,7.286611579883123e-06,3.4785270525048872e-06,False,False,False,False,False,False,False,False,False,False,False,False,False,0,0,False,-0.6333333333333331,False,False,False,6.0022838592529295,1821.079,1,0.0001313668884951,7.286611579883123e-06,1409,1145,False,1145.0,False,False,False,False,0.47673183839129424,0.05546342026630425,0.026477465651309186
ARYRSGTWHGFDY,H3-23_A,K4-1,True,41,1,1,0.0001313668884951,7.286611579883123e-06,3.4785270525048872e-06,False,False,False,False,False,False,False,False,False,False,False,False,False,1,2,False,1.7461538461538464,False,False,False,8.638685607910158,1615.7052,2,0.0001313668884951,7.286611579883123e-06,1462,1146,False,1146.0,False,False,False,False,0.47673183839129424,0.05546342026630425,0.026477465651309186
ARAGRPSGWGYDYGFDI,H3-23_A,K4-1,True,40,1,1,0.000128162818044,7.286611579883123e-06,3.4785270525048872e-06,False,False,False,False,False,False,False,False,False,False,False,False,False,0,0,False,1.9411764705882355,False,False,False,6.004021835327148,1888.0027,2,0.000128162818044,7.286611579883123e-06,25,1147,False,1147.0,False,False,False,False,0.47673183839129424,0.056849897592028666,0.027139350648518596
ARASLWYRGFDY,H3-23_A,K3-20,True,40,1,1,0.000128162818044,7.286611579883123e-06,3.4785270525048872e-06,False,False,False,False,False,False,False,False,False,False,False,False,False,1,1,False,0.2166666666666668,False,False,False,8.632579040527343,1504.6462,2,0.000128162818044,7.286611579883123e-06,87,1150,False,1150.0,False,False,False,False,0.47673183839129424,0.056849897592028666,0.027139350648518596
ARAYTSWTFDY,H3-23_A,K3-20,True,40,1,1,0.000128162818044,7.286611579883123e-06,3.4785270525048872e-06,False,False,False,False,False,False,False,False,False,False,False,False,False,0,0,False,1.1181818181818182,False,False,False,5.87944984436035,1380.4594,1,0.000128162818044,7.286611579883123e-06,126,1151,False,1151.0,False,False,False,False,0.47673183839129424,0.056849897592028666,0.027139350648518596
ARDAYWIWDWGFDY,H3-23_A,K1-39,True,40,1,1,0.000128162818044,7.286611579883123e-06,3.4785270525048872e-06,False,False,False,False,False,False,False,False,False,False,False,False,False,-2,-2,False,-0.4928571428571427,False,True,False,4.050025558471679,1863.9778,1,0.000128162818044,7.286611579883123e-06,133,1152,False,1152.0,False,False,False,False,0.47673183839129424,0.056849897592028666,0.027139350648518596
ARDEYFSWTPWGFDY,H3-23_A,K3-20,True,40,1,1,0.000128162818044,7.286611579883123e-06,3.4785270525048872e-06,False,False,False,False,False,False,False,False,False,True,False,False,False,-2,-2,False,0.7600000000000001,False,False,False,4.050025558471679,1940.0292,1,0.000128162818044,7.286611579883123e-06,138,1153,False,1153.0,False,False,False,False,0.47673183839129424,0.056849897592028666,0.027139350648518596
ARDLYGISWGYQYWFDP,H3-23_A,K3-20,True,40,1,1,0.000128162818044,7.286611579883123e-06,3.4785270525048872e-06,False,False,False,True,True,False,False,False,False,False,False,False,False,-1,-1,False,0.011764705882353,False,False,False,4.207874679565429,2137.3064,1,0.000128162818044,7.286611579883123e-06,179,1154,False,1154.0,False,False,False,False,0.47673183839129424,0.056849897592028666,0.027139350648518596
ARDRYVSISGFDY,H3-23_A,K3-20,True,40,1,1,0.000128162818044,7.286611579883123e-06,3.4785270525048872e-06,False,False,False,False,False,False,False,False,False,False,False,False,False,0,0,False,1.8846153846153848,False,False,False,6.004021835327148,1548.6541,2,0.000128162818044,7.286611579883123e-06,238,1156,False,1156.0,False,False,False,False,0.47673183839129424,0.056849897592028666,0.027139350648518596
ARDVKSSAYRVYGFDY,H3-23_A,K4-1,True,40,1,1,0.000128162818044,7.286611579883123e-06,3.4785270525048872e-06,False,False,False,False,False,False,False,False,False,False,False,False,False,1,1,False,2.16875,False,False,False,8.472615051269532,1897.0509,2,0.000128162818044,7.286611579883123e-06,241,1157,False,1157.0,False,False,False,False,0.47673183839129424,0.056849897592028666,0.027139350648518596
ARDVPWYWYSARFDY,H3-23_A,K1-39,True,40,1,1,0.000128162818044,7.286611579883123e-06,3.4785270525048872e-06,False,False,False,True,False,False,False,False,False,False,False,False,False,0,0,False,0.1733333333333334,False,False,False,6.003152847290039,1995.154,2,0.000128162818044,7.286611579883123e-06,245,1158,False,1158.0,False,False,False,False,0.47673183839129424,0.056849897592028666,0.027139350648518596
AREWPYPYGYRFDY,H3-23_A,K4-1,True,40,1,1,0.000128162818044,7.286611579883123e-06,3.4785270525048872e-06,False,False,False,False,False,False,False,False,False,False,False,False,False,0,0,False,0.8142857142857144,False,False,False,6.111520767211914,1883.0242,2,0.000128162818044,7.286611579883123e-06,342,1161,False,1161.0,False,False,False,False,0.47673183839129424,0.056849897592028666,0.027139350648518596
ARFNFQRPYSPFDY,H3-23_A,K4-1,True,40,1,1,0.000128162818044,7.286611579883123e-06,3.4785270525048872e-06,False,False,False,False,False,False,False,False,False,False,False,False,False,1,1,False,0.9142857142857144,False,False,False,8.632579040527343,1807.9593,2,0.000128162818044,7.286611579883123e-06,360,1162,False,1162.0,False,False,False,False,0.47673183839129424,0.056849897592028666,0.027139350648518596
ARGHPRWLSYVFDY,H1-69,K3-20,True,40,1,1,0.000128162818044,7.286611579883123e-06,3.4785270525048872e-06,False,False,False,False,False,False,False,False,False,False,False,False,False,1,2,False,0.0714285714285715,False,False,False,8.638685607910158,1766.9537999999998,2,0.000128162818044,7.286611579883123e-06,409,1163,False,1163.0,False,False,False,False,0.47673183839129424,0.056849897592028666,0.027139350648518596
ARGPWSSGYGFDY,H3-23_A,K3-20,True,40,1,1,0.000128162818044,7.286611579883123e-06,3.4785270525048872e-06,False,False,False,False,False,False,False,False,False,False,False,False,False,0,0,False,1.9615384615384612,False,False,False,5.87944984436035,1462.5201,1,0.000128162818044,7.286611579883123e-06,487,1165,False,1165.0,False,False,False,False,0.47673183839129424,0.056849897592028666,0.027139350648518596
ARGTGWLYGFDY,H3-23_A,K3-20,True,40,1,1,0.000128162818044,7.286611579883123e-06,3.4785270525048872e-06,False,False,False,False,False,False,False,False,False,False,False,False,False,0,0,False,0.5333333333333335,False,False,False,5.87944984436035,1405.5118,1,0.000128162818044,7.286611579883123e-06,566,1168,False,1168.0,False,False,False,False,0.47673183839129424,0.056849897592028666,0.027139350648518596
ARHAPVRSYTQLFDY,H3-23_A,K4-1,True,40,1,1,0.000128162818044,7.286611579883123e-06,3.4785270525048872e-06,False,False,False,False,False,False,False,False,False,False,False,False,False,1,2,False,1.24,False,False,False,8.638685607910158,1824.0036,2,0.000128162818044,7.286611579883123e-06,622,1170,False,1170.0,False,False,False,False,0.47673183839129424,0.056849897592028666,0.027139350648518596
ARHDVRAGFGFDY,H3-23_A,K3-20,True,40,1,1,0.000128162818044,7.286611579883123e-06,3.4785270525048872e-06,False,False,False,False,False,False,False,False,False,False,False,False,False,0,1,False,1.7000000000000002,False,False,False,6.791580581665039,1510.611,2,0.000128162818044,7.286611579883123e-06,628,1171,False,1171.0,False,False,False,False,0.47673183839129424,0.056849897592028666,0.027139350648518596
ARHGYSNYAYSLRGFDP,H3-23_A,K3-20,True,40,1,1,0.000128162818044,7.286611579883123e-06,3.4785270525048872e-06,False,False,False,False,True,False,False,False,False,False,False,False,False,1,2,False,2.0058823529411764,False,False,False,8.545542907714843,1974.0952,2,0.000128162818044,7.286611579883123e-06,647,1172,False,1172.0,False,False,False,False,0.47673183839129424,0.056849897592028666,0.027139350648518596
ARHSSTRVTGFDY,H3-23_A,K3-20,True,40,1,1,0.000128162818044,7.286611579883123e-06,3.4785270525048872e-06,False,False,False,False,False,False,False,False,False,False,False,False,False,1,2,False,2.838461538461538,False,False,False,8.796192932128907,1496.583,2,0.000128162818044,7.286611579883123e-06,721,1173,False,1173.0,False,False,False,False,0.47673183839129424,0.056849897592028666,0.027139350648518596
ARHYGYGLGFDY,H3-23_A,K3-20,True,40,1,1,0.000128162818044,7.286611579883123e-06,3.4785270525048872e-06,False,False,False,False,False,False,False,False,False,False,False,False,False,0,1,False,0.9500000000000002,False,False,False,6.786059951782226,1418.5105,1,0.000128162818044,7.286611579883123e-06,739,1174,False,1174.0,False,False,False,False,0.47673183839129424,0.056849897592028666,0.027139350648518596
ARILRYAYNFDY,H3-23_A,K3-20,True,40,1,1,0.000128162818044,7.286611579883123e-06,3.4785270525048872e-06,False,False,False,False,False,False,False,False,False,False,False,False,False,1,1,False,-0.2083333333333331,False,False,False,8.539295959472657,1564.7411,2,0.000128162818044,7.286611579883123e-06,766,1176,False,1176.0,False,False,False,False,0.47673183839129424,0.056849897592028666,0.027139350648518596
ARILYFSPGFDY,H3-23_A,K4-1,True,40,1,1,0.000128162818044,7.286611579883123e-06,3.4785270525048872e-06,False,False,False,False,False,False,False,False,False,False,False,False,False,0,0,False,-0.7333333333333331,False,False,False,5.87944984436035,1448.6192999999998,1,0.000128162818044,7.286611579883123e-06,769,1177,False,1177.0,False,False,False,False,0.47673183839129424,0.056849897592028666,0.027139350648518596
ARLFRGWSWSYPHVFDP,H3-23_A,K3-15,True,40,1,1,0.000128162818044,7.286611579883123e-06,3.4785270525048872e-06,False,False,False,False,True,False,False,False,False,False,False,False,False,1,2,False,-0.452941176470588,False,False,False,8.796192932128907,2121.3568,2,0.000128162818044,7.286611579883123e-06,833,1178,False,1178.0,False,False,False,False,0.47673183839129424,0.056849897592028666,0.027139350648518596
ARLIGWPRYTSNFDI,H5-51,UNK,True,40,1,1,0.000128162818044,7.286611579883123e-06,3.4785270525048872e-06,False,False,False,False,False,False,False,False,False,False,False,False,False,1,1,False,0.0466666666666668,False,False,False,8.79022674560547,1809.032,2,0.000128162818044,7.286611579883123e-06,860,1180,False,1180.0,False,False,False,False,0.47673183839129424,0.056849897592028666,0.027139350648518596
ARLRGYWSGYDFDY,H3-23_A,K3-15,True,40,1,1,0.000128162818044,7.286611579883123e-06,3.4785270525048872e-06,False,False,False,False,False,False,False,False,False,True,False,False,False,0,0,False,1.0214285714285716,False,False,False,6.003152847290039,1768.8801999999998,2,0.000128162818044,7.286611579883123e-06,889,1182,False,1182.0,False,False,False,False,0.47673183839129424,0.056849897592028666,0.027139350648518596
ARLRQHLGLDY,H3-23_A,K3-20,True,40,1,1,0.000128162818044,7.286611579883123e-06,3.4785270525048872e-06,False,False,False,False,False,False,False,False,False,False,False,False,False,1,2,False,0.4363636363636365,False,False,False,8.796192932128907,1341.5178,2,0.000128162818044,7.286611579883123e-06,898,1183,False,1183.0,False,False,False,False,0.47673183839129424,0.056849897592028666,0.027139350648518596
ARPVWSVTGFDY,H3-23_A,K3-20,True,40,1,1,0.000128162818044,7.286611579883123e-06,3.4785270525048872e-06,False,False,False,False,False,False,False,False,False,False,False,False,False,0,0,False,0.6083333333333334,False,False,False,5.880318832397459,1397.5329,1,0.000128162818044,7.286611579883123e-06,1022,1187,False,1187.0,False,False,False,False,0.47673183839129424,0.056849897592028666,0.027139350648518596
ARQVLYHSDYIYRFDP,H3-23_A,K1-39,True,40,1,1,0.000128162818044,7.286611579883123e-06,3.4785270525048872e-06,False,False,False,False,True,False,False,False,False,False,False,False,False,0,1,False,0.7125000000000001,False,False,False,6.789382553100586,2043.24,2,0.000128162818044,7.286611579883123e-06,1073,1188,False,1188.0,False,False,False,False,0.47673183839129424,0.056849897592028666,0.027139350648518596
ARSSRIYATWGFDY,H3-23_A,K4-1,True,40,1,1,0.000128162818044,7.286611579883123e-06,3.4785270525048872e-06,False,False,False,False,False,False,False,False,False,False,False,False,False,1,1,False,1.1071428571428572,False,False,False,8.632579040527343,1692.8274,2,0.000128162818044,7.286611579883123e-06,1133,1191,False,1191.0,False,False,False,False,0.47673183839129424,0.056849897592028666,0.027139350648518596
ARSVTSWVYPWYDAFDY,H3-23_A,K3-20,True,40,1,1,0.000128162818044,7.286611579883123e-06,3.4785270525048872e-06,False,False,False,False,False,False,False,False,False,False,False,False,False,-1,-1,False,0.3764705882352941,False,False,False,4.207874679565429,2126.2805,1,0.000128162818044,7.286611579883123e-06,1143,1192,False,1192.0,False,False,False,False,0.47673183839129424,0.056849897592028666,0.027139350648518596
ARSYRYGILELFDY,H4-34,K3-20,True,40,1,1,0.000128162818044,7.286611579883123e-06,3.4785270525048872e-06,False,False,False,False,False,False,False,False,False,False,False,False,False,0,0,False,-0.0571428571428569,False,False,False,6.112389755249024,1765.9607999999998,2,0.000128162818044,7.286611579883123e-06,1154,1193,False,1193.0,False,False,False,False,0.47673183839129424,0.056849897592028666,0.027139350648518596
ARTGAVASRSPFDY,H5-51,K3-20,True,40,1,1,0.000128162818044,7.286611579883123e-06,3.4785270525048872e-06,False,False,False,False,False,False,False,False,False,False,False,False,False,1,1,False,2.564285714285714,False,False,False,8.79022674560547,1497.6108,2,0.000128162818044,7.286611579883123e-06,1161,1194,False,1194.0,False,False,False,False,0.47673183839129424,0.056849897592028666,0.027139350648518596
ARTRYWLGHGLGFDY,H3-23_A,UNK,True,40,1,1,0.000128162818044,7.286611579883123e-06,3.4785270525048872e-06,False,False,False,False,False,False,False,False,False,False,False,False,False,1,2,False,0.2333333333333335,False,False,False,8.638685607910158,1811.9944,2,0.000128162818044,7.286611579883123e-06,1185,1196,False,1196.0,False,False,False,False,0.47673183839129424,0.056849897592028666,0.027139350648518596
ARVARSVYPSYTVHFDP,H3-23_A,K3-20,True,40,1,1,0.000128162818044,7.286611579883123e-06,3.4785270525048872e-06,False,False,False,False,True,False,False,False,False,False,False,False,False,1,2,False,1.3529411764705883,False,False,False,8.638685607910158,1965.1713,2,0.000128162818044,7.286611579883123e-06,1209,1197,False,1197.0,False,False,False,False,0.47673183839129424,0.056849897592028666,0.027139350648518596
ARVHRGYGSPGFDY,H3-23_A,K4-1,True,40,1,1,0.000128162818044,7.286611579883123e-06,3.4785270525048872e-06,False,False,False,False,False,False,False,False,False,False,False,False,False,1,2,False,2.257142857142857,False,False,False,8.638685607910158,1581.6889,2,0.000128162818044,7.286611579883123e-06,1229,1198,False,1198.0,False,False,False,False,0.47673183839129424,0.056849897592028666,0.027139350648518596
ARYVRPSGNAFDY,H3-23_A,K3-20,True,40,1,1,0.000128162818044,7.286611579883123e-06,3.4785270525048872e-06,False,False,False,False,False,False,False,False,False,False,False,False,False,1,1,False,2.0923076923076924,False,False,False,8.632579040527343,1515.6274999999998,2,0.000128162818044,7.286611579883123e-06,1485,1200,False,1200.0,False,False,False,False,0.47673183839129424,0.056849897592028666,0.027139350648518596
ARAGRTWYFDY,H5-51,K3-20,True,39,1,1,0.0001249587475929,7.286611579883123e-06,3.4785270525048872e-06,False,False,False,True,False,False,False,False,False,False,False,False,False,1,1,False,0.9545454545454548,False,False,False,8.632579040527343,1405.5152,2,0.0001249587475929,7.286611579883123e-06,27,1201,False,1201.0,False,False,False,False,0.47673183839129424,0.058307470629537665,0.027835175749993005
ARARKSGSVTPYFDY,H3-23_A,K4-1,True,39,1,1,0.0001249587475929,7.286611579883123e-06,3.4785270525048872e-06,False,False,False,False,False,False,False,False,False,False,False,False,False,2,2,False,2.506666666666667,False,False,False,9.69757843017578,1717.8784,2,0.0001249587475929,7.286611579883123e-06,71,1202,False,1202.0,False,False,False,False,0.47673183839129424,0.058307470629537665,0.027835175749993005
ARARNALDATFDY,H5-51,K3-15,True,39,1,1,0.0001249587475929,7.286611579883123e-06,3.4785270525048872e-06,False,False,False,False,False,False,False,False,False,False,False,False,False,0,0,False,2.207692307692308,False,False,False,6.004890823364257,1483.5842,2,0.0001249587475929,7.286611579883123e-06,72,1203,False,1203.0,False,False,False,False,0.47673183839129424,0.058307470629537665,0.027835175749993005
ARAVRYTWIVNYFDY,H3-23_A,K3-15,True,39,1,1,0.0001249587475929,7.286611579883123e-06,3.4785270525048872e-06,False,False,False,False,False,False,False,False,False,False,False,False,False,1,1,False,-0.3666666666666665,False,False,False,8.539295959472657,1937.1593000000005,2,0.0001249587475929,7.286611579883123e-06,109,1204,False,1204.0,False,False,False,False,0.47673183839129424,0.058307470629537665,0.027835175749993005
ARAVSYQWLSYRFDY,H4-34,K1-39,True,39,1,1,0.0001249587475929,7.286611579883123e-06,3.4785270525048872e-06,False,False,False,False,False,False,False,False,False,False,False,False,False,1,1,False,0.2533333333333334,False,False,False,8.539295959472657,1925.1056000000003,2,0.0001249587475929,7.286611579883123e-06,110,1205,False,1205.0,False,False,False,False,0.47673183839129424,0.058307470629537665,0.027835175749993005
ARDLGTWGPYGYSFDI,H3-23_A,K1-39,True,39,1,1,0.0001249587475929,7.286611579883123e-06,3.4785270525048872e-06,False,False,False,False,False,False,False,False,False,False,False,False,False,-1,-1,False,1.0625000000000002,False,False,False,4.207874679565429,1817.9493,1,0.0001249587475929,7.286611579883123e-06,160,1206,False,1206.0,False,False,False,False,0.47673183839129424,0.058307470629537665,0.027835175749993005
ARDYGRWSFDY,H3-23_A,K4-1,True,39,1,1,0.0001249587475929,7.286611579883123e-06,3.4785270525048872e-06,False,False,False,False,False,False,False,False,False,False,False,False,False,0,0,False,1.7909090909090912,False,False,False,6.004021835327148,1435.4981,2,0.0001249587475929,7.286611579883123e-06,275,1208,False,1208.0,False,False,False,False,0.47673183839129424,0.058307470629537665,0.027835175749993005
AREYLWGPWSFDY,H3-23_A,K3-20,True,39,1,1,0.0001249587475929,7.286611579883123e-06,3.4785270525048872e-06,False,False,False,False,False,False,False,False,False,False,False,False,False,-1,-1,False,-0.2923076923076921,False,False,False,4.370375442504883,1689.8217,1,0.0001249587475929,7.286611579883123e-06,346,1209,False,1209.0,False,False,False,False,0.47673183839129424,0.058307470629537665,0.027835175749993005
ARFGYTRSPGFDY,H3-23_A,K3-20,True,39,1,1,0.0001249587475929,7.286611579883123e-06,3.4785270525048872e-06,False,False,False,False,False,False,False,False,False,False,False,False,False,1,1,False,1.807692307692308,False,False,False,8.632579040527343,1536.645,2,0.0001249587475929,7.286611579883123e-06,353,1210,False,1210.0,False,False,False,False,0.47673183839129424,0.058307470629537665,0.027835175749993005
ARGPYGSYTWYHFDY,H3-23_A,K3-15,True,39,1,1,0.0001249587475929,7.286611579883123e-06,3.4785270525048872e-06,False,False,False,True,False,False,False,False,False,False,False,False,False,0,1,False,1.12,False,False,False,6.78493537902832,1882.9811,1,0.0001249587475929,7.286611579883123e-06,490,1211,False,1211.0,False,False,False,False,0.47673183839129424,0.058307470629537665,0.027835175749993005
ARGRFYSWHSFDY,H3-23_A,K3-20,True,39,1,1,0.0001249587475929,7.286611579883123e-06,3.4785270525048872e-06,False,False,False,False,False,False,False,False,False,False,False,False,False,1,2,False,0.7000000000000001,False,False,False,8.638685607910158,1691.8011,2,0.0001249587475929,7.286611579883123e-06,506,1213,False,1213.0,False,False,False,False,0.47673183839129424,0.058307470629537665,0.027835175749993005
ARHAHIWAYGLFDY,H3-23_A,K4-1,True,39,1,1,0.0001249587475929,7.286611579883123e-06,3.4785270525048872e-06,False,False,False,False,False,False,False,False,False,False,False,False,False,0,2,False,-0.6999999999999998,False,False,False,6.959295272827148,1719.8973,1,0.0001249587475929,7.286611579883123e-06,620,1216,False,1216.0,False,False,False,False,0.47673183839129424,0.058307470629537665,0.027835175749993005
ARHPHWVSRAYIPFDY,H3-23_A,K4-1,True,39,1,1,0.0001249587475929,7.286611579883123e-06,3.4785270525048872e-06,False,False,False,False,False,False,False,False,False,False,False,False,False,1,3,False,0.1750000000000001,False,False,False,8.644651794433596,2015.2349,2,0.0001249587475929,7.286611579883123e-06,671,1217,False,1217.0,False,False,False,False,0.47673183839129424,0.058307470629537665,0.027835175749993005
ARHWPWSAWAFDY,H3-23_A,K1-39,True,39,1,1,0.0001249587475929,7.286611579883123e-06,3.4785270525048872e-06,False,False,False,False,False,False,False,False,False,False,False,False,False,0,1,False,-0.7615384615384614,False,True,False,6.788309097290039,1692.8306,1,0.0001249587475929,7.286611579883123e-06,734,1220,False,1220.0,False,False,False,False,0.47673183839129424,0.058307470629537665,0.027835175749993005
ARKGHLYWSGVRYFDY,H3-23_A,K1-39,True,39,1,1,0.0001249587475929,7.286611579883123e-06,3.4785270525048872e-06,False,False,False,False,False,False,False,False,False,False,False,False,False,2,3,False,0.5250000000000001,False,False,False,9.52582244873047,2018.2354,2,0.0001249587475929,7.286611579883123e-06,796,1221,False,1221.0,False,False,False,False,0.47673183839129424,0.058307470629537665,0.027835175749993005
ARLATRGVWGYGFDI,H3-23_A,K3-20,True,39,1,1,0.0001249587475929,7.286611579883123e-06,3.4785270525048872e-06,False,False,False,False,False,False,False,False,False,False,False,False,False,1,1,False,0.1933333333333335,False,False,False,8.79022674560547,1681.8908,2,0.0001249587475929,7.286611579883123e-06,828,1222,False,1222.0,False,False,False,False,0.47673183839129424,0.058307470629537665,0.027835175749993005
ARLPYPYRWYAFDY,H1-69,K3-15,True,39,1,1,0.0001249587475929,7.286611579883123e-06,3.4785270525048872e-06,False,False,False,False,False,False,False,False,False,False,False,False,False,1,1,False,-0.6571428571428569,False,False,False,8.472544860839843,1881.0944,2,0.0001249587475929,7.286611579883123e-06,880,1223,False,1223.0,False,False,False,False,0.47673183839129424,0.058307470629537665,0.027835175749993005
ARPAGWYGYRWYFDI,H3-23_A,K3-15,True,39,1,1,0.0001249587475929,7.286611579883123e-06,3.4785270525048872e-06,False,False,False,True,False,False,False,False,False,False,False,False,False,1,1,False,-0.4533333333333332,False,False,False,8.539295959472657,1921.1185,2,0.0001249587475929,7.286611579883123e-06,963,1224,False,1224.0,False,False,False,False,0.47673183839129424,0.058307470629537665,0.027835175749993005
ARPLFSWRGTGYFDY,H3-23_A,K4-1,True,39,1,1,0.0001249587475929,7.286611579883123e-06,3.4785270525048872e-06,False,False,False,False,False,False,False,False,False,False,False,False,False,1,1,False,0.2866666666666669,False,False,False,8.632579040527343,1836.0125000000005,2,0.0001249587475929,7.286611579883123e-06,983,1225,False,1225.0,False,False,False,False,0.47673183839129424,0.058307470629537665,0.027835175749993005
ARPWFGALHFDY,H3-23_A,K3-20,True,39,1,1,0.0001249587475929,7.286611579883123e-06,3.4785270525048872e-06,False,False,False,False,False,False,False,False,False,False,False,False,False,0,1,False,-0.9333333333333332,False,False,False,6.788309097290039,1479.6382999999998,1,0.0001249587475929,7.286611579883123e-06,1023,1226,False,1226.0,False,False,False,False,0.47673183839129424,0.058307470629537665,0.027835175749993005
ARSHPYLATWYFGSFDY,H3-23_A,K3-15,True,39,1,1,0.0001249587475929,7.286611579883123e-06,3.4785270525048872e-06,False,False,False,True,False,False,False,False,False,False,False,False,False,0,1,False,0.1882352941176472,False,False,False,6.786059951782226,2081.2432,1,0.0001249587475929,7.286611579883123e-06,1085,1227,False,1227.0,False,False,False,False,0.47673183839129424,0.058307470629537665,0.027835175749993005
ARSTEGYAFDY,H5-51,UNK,True,39,1,1,0.0001249587475929,7.286611579883123e-06,3.4785270525048872e-06,False,False,False,False,False,False,False,False,False,False,False,False,False,-1,-1,False,2.7818181818181817,False,False,False,4.370375442504883,1279.3109,1,0.0001249587475929,7.286611579883123e-06,1135,1228,False,1228.0,False,False,False,False,0.47673183839129424,0.058307470629537665,0.027835175749993005
ARSWPPDRPSGHFDY,H5-51,K3-15,True,39,1,1,0.0001249587475929,7.286611579883123e-06,3.4785270525048872e-06,False,False,False,False,False,False,False,False,False,False,False,False,False,0,1,False,2.433333333333333,False,False,False,6.791580581665039,1787.8871,2,0.0001249587475929,7.286611579883123e-06,1146,1229,False,1229.0,False,False,False,False,0.47673183839129424,0.058307470629537665,0.027835175749993005
ARSYWSYQGRFDY,H3-23_A,UNK,True,39,1,1,0.0001249587475929,7.286611579883123e-06,3.4785270525048872e-06,False,False,False,False,False,False,False,False,False,False,False,False,False,1,1,False,1.5615384615384615,False,False,False,8.539295959472657,1698.7904,2,0.0001249587475929,7.286611579883123e-06,1157,1230,False,1230.0,False,False,False,False,0.47673183839129424,0.058307470629537665,0.027835175749993005
ARTPLYWYGVRSGFDI,H1-69,K3-15,True,39,1,1,0.0001249587475929,7.286611579883123e-06,3.4785270525048872e-06,False,False,False,True,False,False,False,False,False,False,False,False,False,1,1,False,0.1125000000000001,False,False,False,8.632579040527343,1901.1273,2,0.0001249587475929,7.286611579883123e-06,1169,1232,False,1232.0,False,False,False,False,0.47673183839129424,0.058307470629537665,0.027835175749993005
ARTYTGVYLSGFDY,H3-23_A,K3-20,True,39,1,1,0.0001249587475929,7.286611579883123e-06,3.4785270525048872e-06,False,False,False,False,False,False,False,False,False,False,False,False,False,0,0,False,1.2000000000000004,False,False,False,5.87858085632324,1612.736,1,0.0001249587475929,7.286611579883123e-06,1205,1233,False,1233.0,False,False,False,False,0.47673183839129424,0.058307470629537665,0.027835175749993005
ARVDAHYSYRAFDY,H3-23_A,K4-1,True,39,1,1,0.0001249587475929,7.286611579883123e-06,3.4785270525048872e-06,False,False,False,False,False,False,False,False,False,False,False,False,False,0,1,False,1.7642857142857145,False,False,False,6.789382553100586,1733.8362,2,0.0001249587475929,7.286611579883123e-06,1214,1234,False,1234.0,False,False,False,False,0.47673183839129424,0.058307470629537665,0.027835175749993005
ARVKIRYWGSVSYTFDY,H1-69,K1-39,True,39,1,1,0.0001249587475929,7.286611579883123e-06,3.4785270525048872e-06,False,False,False,False,False,False,False,False,False,False,False,False,False,2,2,False,0.5764705882352942,False,False,False,9.525611877441406,2111.357,2,0.0001249587475929,7.286611579883123e-06,1237,1235,False,1235.0,False,False,False,False,0.47673183839129424,0.058307470629537665,0.027835175749993005
ARVRYAWYSEYFDY,H3-23_A,K3-20,True,39,1,1,0.0001249587475929,7.286611579883123e-06,3.4785270525048872e-06,False,False,False,False,False,False,False,False,False,False,False,False,False,0,0,False,0.4571428571428572,False,False,False,6.111520767211914,1889.0287,2,0.0001249587475929,7.286611579883123e-06,1282,1236,False,1236.0,False,False,False,False,0.47673183839129424,0.058307470629537665,0.027835175749993005
ARWTSFKWFGFDY,H3-23_A,K3-15,True,39,1,1,0.0001249587475929,7.286611579883123e-06,3.4785270525048872e-06,False,False,False,False,False,False,False,False,False,False,False,False,False,1,1,False,-0.7769230769230767,False,False,False,8.63377227783203,1710.8855,1,0.0001249587475929,7.286611579883123e-06,1391,1238,False,1238.0,False,False,False,False,0.47673183839129424,0.058307470629537665,0.027835175749993005
ARYKWSSTRGFDY,H3-23_A,K4-1,True,39,1,1,0.0001249587475929,7.286611579883123e-06,3.4785270525048872e-06,False,False,False,False,False,False,False,False,False,False,False,False,False,2,2,False,2.0846153846153848,False,False,False,9.69757843017578,1636.7641999999998,2,0.0001249587475929,7.286611579883123e-06,1428,1239,False,1239.0,False,False,False,False,0.47673183839129424,0.058307470629537665,0.027835175749993005
ARYSLYSASHFDY,H3-23_A,K3-15,True,39,1,1,0.0001249587475929,7.286611579883123e-06,3.4785270525048872e-06,False,False,False,False,False,False,False,False,False,False,False,False,False,0,1,False,1.2230769230769232,False,False,False,6.786059951782226,1579.6663999999998,1,0.0001249587475929,7.286611579883123e-06,1473,1240,False,1240.0,False,False,False,False,0.47673183839129424,0.058307470629537665,0.027835175749993005
ARYTFEYSGWSRGFDP,H3-23_A,K3-20,True,39,1,1,0.0001249587475929,7.286611579883123e-06,3.4785270525048872e-06,False,False,False,False,True,False,False,False,False,False,False,False,False,0,0,False,1.7375000000000005,False,False,False,6.113258743286132,1939.0462,2,0.0001249587475929,7.286611579883123e-06,1481,1241,False,1241.0,False,False,False,False,0.47673183839129424,0.058307470629537665,0.027835175749993005
ARAVKYPWLKFDY,H3-23_A,K3-15,True,38,1,1,0.0001217546771418,7.286611579883123e-06,3.4785270525048872e-06,False,False,False,False,False,False,False,False,False,False,False,False,False,2,2,False,-0.3076923076923075,False,False,False,9.527507019042972,1656.9226999999998,1,0.0001217546771418,7.286611579883123e-06,107,1243,False,1243.0,False,False,False,False,0.47673183839129424,0.05984175173722641,0.028567620217593966
ARDLRQYSWGFDY,H3-23_A,K1-39,True,38,1,1,0.0001217546771418,7.286611579883123e-06,3.4785270525048872e-06,False,False,False,False,False,False,False,False,False,False,False,False,False,0,0,False,1.2692307692307696,False,False,False,6.004021835327148,1676.7849,2,0.0001217546771418,7.286611579883123e-06,166,1244,False,1244.0,False,False,False,False,0.47673183839129424,0.05984175173722641,0.028567620217593966
ARDLVARGLVYFDY,H3-23_A,K3-15,True,38,1,1,0.0001217546771418,7.286611579883123e-06,3.4785270525048872e-06,False,False,False,False,False,False,False,False,False,False,False,False,False,0,0,False,-0.0357142857142855,False,False,False,6.004021835327148,1657.8659999999998,2,0.0001217546771418,7.286611579883123e-06,174,1245,False,1245.0,False,False,False,False,0.47673183839129424,0.05984175173722641,0.028567620217593966
ARDPSIDRFDY,H3-23_A,K3-20,True,38,1,1,0.0001217546771418,7.286611579883123e-06,3.4785270525048872e-06,False,False,False,False,True,False,False,False,False,False,False,False,False,-1,-1,False,2.727272727272727,False,False,False,4.429057693481445,1354.4239,2,0.0001217546771418,7.286611579883123e-06,189,1246,False,1246.0,False,False,False,False,0.47673183839129424,0.05984175173722641,0.028567620217593966
ARDVRYTWSTSFDY,H3-23_A,K3-20,True,38,1,1,0.0001217546771418,7.286611579883123e-06,3.4785270525048872e-06,False,False,False,False,False,False,False,False,False,False,False,False,False,0,0,False,1.942857142857143,False,False,False,6.004021835327148,1766.8629,2,0.0001217546771418,7.286611579883123e-06,253,1248,False,1248.0,False,False,False,False,0.47673183839129424,0.05984175173722641,0.028567620217593966
ARDVYGWYLFDY,H3-23_A,K3-15,True,38,1,1,0.0001217546771418,7.286611579883123e-06,3.4785270525048872e-06,False,False,False,False,False,False,False,False,False,False,False,False,False,-1,-1,False,-0.4833333333333331,False,False,False,4.207874679565429,1567.6969,1,0.0001217546771418,7.286611579883123e-06,256,1249,False,1249.0,False,False,False,False,0.47673183839129424,0.05984175173722641,0.028567620217593966
ARDYHYWLVPFDY,H3-23_A,K3-15,True,38,1,1,0.0001217546771418,7.286611579883123e-06,3.4785270525048872e-06,False,False,False,True,False,False,False,False,False,False,False,False,False,-1,0,False,-0.5615384615384614,False,False,False,5.212322616577147,1744.9000999999998,1,0.0001217546771418,7.286611579883123e-06,281,1250,False,1250.0,False,False,False,False,0.47673183839129424,0.05984175173722641,0.028567620217593966
ARDYISSFAGFDY,H3-23_A,K3-20,True,38,1,1,0.0001217546771418,7.286611579883123e-06,3.4785270525048872e-06,False,False,False,False,False,False,False,False,False,False,False,False,False,-1,-1,False,1.3000000000000005,False,False,False,4.207874679565429,1511.5891,1,0.0001217546771418,7.286611579883123e-06,282,1251,False,1251.0,False,False,False,False,0.47673183839129424,0.05984175173722641,0.028567620217593966
ARDYRGWYTAAGFDY,H3-23_A,K3-15,True,38,1,1,0.0001217546771418,7.286611579883123e-06,3.4785270525048872e-06,False,False,False,False,False,False,False,False,False,False,False,False,False,0,0,False,1.7600000000000002,False,False,False,6.003152847290039,1811.905,2,0.0001217546771418,7.286611579883123e-06,287,1252,False,1252.0,False,False,False,False,0.47673183839129424,0.05984175173722641,0.028567620217593966
AREFSSAWYGYGFDY,H3-23_A,K3-20,True,38,1,1,0.0001217546771418,7.286611579883123e-06,3.4785270525048872e-06,False,False,False,False,False,False,False,False,False,False,False,False,False,-1,-1,False,1.1000000000000003,False,False,False,4.370375442504883,1818.8925,1,0.0001217546771418,7.286611579883123e-06,302,1253,False,1253.0,False,False,False,False,0.47673183839129424,0.05984175173722641,0.028567620217593966
ARELKWIGSYSYLYFDI,H3-23_A,K3-20,True,38,1,1,0.0001217546771418,7.286611579883123e-06,3.4785270525048872e-06,False,False,False,False,False,False,False,False,False,False,False,False,False,0,0,False,-0.6352941176470587,False,False,False,6.111520767211914,2124.3922,1,0.0001217546771418,7.286611579883123e-06,317,1254,False,1254.0,False,False,False,False,0.47673183839129424,0.05984175173722641,0.028567620217593966
ARFRGVYHLDY,H4-34,K3-20,True,38,1,1,0.0001217546771418,7.286611579883123e-06,3.4785270525048872e-06,False,False,False,False,False,False,False,False,False,False,False,False,False,1,2,False,0.2181818181818183,False,False,False,8.638685607910158,1396.5514,2,0.0001217546771418,7.286611579883123e-06,369,1255,False,1255.0,False,False,False,False,0.47673183839129424,0.05984175173722641,0.028567620217593966
ARGHHGYWGSRFDY,H5-51,UNK,True,38,1,1,0.0001217546771418,7.286611579883123e-06,3.4785270525048872e-06,False,False,False,False,False,False,False,False,False,False,False,False,False,1,3,False,1.8071428571428567,False,False,False,8.644651794433596,1708.7919,2,0.0001217546771418,7.286611579883123e-06,407,1257,False,1257.0,False,False,False,False,0.47673183839129424,0.05984175173722641,0.028567620217593966
ARGPAGWNLARFDY,H3-23_A,K3-20,True,38,1,1,0.0001217546771418,7.286611579883123e-06,3.4785270525048872e-06,False,False,False,False,False,False,False,False,False,False,False,False,False,1,1,False,1.0642857142857145,False,False,False,8.79022674560547,1593.7426999999998,2,0.0001217546771418,7.286611579883123e-06,452,1258,False,1258.0,False,False,False,False,0.47673183839129424,0.05984175173722641,0.028567620217593966
ARGPQSSYGYTLYGFDI,H3-23_A,K4-1,True,38,1,1,0.0001217546771418,7.286611579883123e-06,3.4785270525048872e-06,False,False,False,False,False,False,False,False,False,False,False,False,False,0,0,False,1.623529411764706,False,False,False,5.87858085632324,1895.0317,1,0.0001217546771418,7.286611579883123e-06,469,1259,False,1259.0,False,False,False,False,0.47673183839129424,0.05984175173722641,0.028567620217593966
ARGPRLSWTYGYDFDY,H4-34,K3-20,True,38,1,1,0.0001217546771418,7.286611579883123e-06,3.4785270525048872e-06,False,False,False,False,False,False,False,False,False,True,False,False,False,0,0,False,1.35,False,False,False,6.003152847290039,1967.0993,2,0.0001217546771418,7.286611579883123e-06,472,1261,False,1261.0,False,False,False,False,0.47673183839129424,0.05984175173722641,0.028567620217593966
ARGRWAGVYAYFDY,H5-51,K3-15,True,38,1,1,0.0001217546771418,7.286611579883123e-06,3.4785270525048872e-06,False,False,False,False,False,False,False,False,False,False,False,False,False,1,1,False,0.5357142857142858,False,False,False,8.539295959472657,1694.8447,2,0.0001217546771418,7.286611579883123e-06,526,1262,False,1262.0,False,False,False,False,0.47673183839129424,0.05984175173722641,0.028567620217593966
ARGRYGYSKYGFDY,H3-23_A,K4-1,True,38,1,1,0.0001217546771418,7.286611579883123e-06,3.4785270525048872e-06,False,False,False,False,False,False,False,False,False,False,False,False,False,2,2,False,2.357142857142857,False,False,False,9.40341033935547,1702.8221,2,0.0001217546771418,7.286611579883123e-06,533,1264,False,1264.0,False,False,False,False,0.47673183839129424,0.05984175173722641,0.028567620217593966
ARGRYNAFNFDY,H3-23_A,K3-20,True,38,1,1,0.0001217546771418,7.286611579883123e-06,3.4785270525048872e-06,False,False,False,False,False,False,False,False,False,False,False,False,False,1,1,False,1.675,False,False,False,8.632579040527343,1493.5803999999998,2,0.0001217546771418,7.286611579883123e-06,537,1265,False,1265.0,False,False,False,False,0.47673183839129424,0.05984175173722641,0.028567620217593966
ARGTLGWYWHFDY,H3-23_A,K3-20,True,38,1,1,0.0001217546771418,7.286611579883123e-06,3.4785270525048872e-06,False,False,False,True,False,False,False,False,False,False,False,False,False,0,1,False,-0.5538461538461537,False,False,False,6.787184524536133,1671.8097,1,0.0001217546771418,7.286611579883123e-06,571,1267,False,1267.0,False,False,False,False,0.47673183839129424,0.05984175173722641,0.028567620217593966
ARGYRPAWIYPFDY,H3-23_A,K3-20,True,38,1,1,0.0001217546771418,7.286611579883123e-06,3.4785270525048872e-06,False,False,False,False,False,False,False,False,False,False,False,False,False,1,1,False,-0.0285714285714284,False,False,False,8.539295959472657,1774.9725,2,0.0001217546771418,7.286611579883123e-06,614,1269,False,1269.0,False,False,False,False,0.47673183839129424,0.05984175173722641,0.028567620217593966
ARHAGAYSGWSDFDY,H5-51,UNK,True,38,1,1,0.0001217546771418,7.286611579883123e-06,3.4785270525048872e-06,False,False,False,False,False,False,False,False,False,True,False,False,False,-1,0,False,2.2666666666666666,False,False,False,5.212373733520507,1702.7361,1,0.0001217546771418,7.286611579883123e-06,618,1270,False,1270.0,False,False,False,False,0.47673183839129424,0.05984175173722641,0.028567620217593966
ARIGILGYHHFDY,H3-23_A,K3-20,True,38,1,1,0.0001217546771418,7.286611579883123e-06,3.4785270525048872e-06,False,False,False,True,False,False,False,False,False,False,False,False,False,0,2,False,-0.4846153846153844,False,False,False,6.959295272827148,1561.7405,1,0.0001217546771418,7.286611579883123e-06,753,1271,False,1271.0,False,False,False,False,0.47673183839129424,0.05984175173722641,0.028567620217593966
ARIGYHRAWSNAFDI,H1-69,K3-15,True,38,1,1,0.0001217546771418,7.286611579883123e-06,3.4785270525048872e-06,False,False,False,False,False,False,False,False,False,False,False,False,False,1,2,False,0.5933333333333335,False,False,False,8.796192932128907,1776.9504000000002,2,0.0001217546771418,7.286611579883123e-06,761,1272,False,1272.0,False,False,False,False,0.47673183839129424,0.05984175173722641,0.028567620217593966
ARITRTYWVSHPFDY,H3-23_A,K3-15,True,38,1,1,0.0001217546771418,7.286611579883123e-06,3.4785270525048872e-06,False,False,False,False,False,False,False,False,False,False,False,False,False,1,2,False,0.4600000000000001,False,False,False,8.638685607910158,1912.1103000000005,2,0.0001217546771418,7.286611579883123e-06,789,1273,False,1273.0,False,False,False,False,0.47673183839129424,0.05984175173722641,0.028567620217593966
ARKHPRSSLFDY,H3-23_A,K3-20,True,38,1,1,0.0001217546771418,7.286611579883123e-06,3.4785270525048872e-06,False,False,False,False,False,False,False,False,False,False,False,False,False,2,3,False,1.925,False,False,False,9.98683319091797,1476.638,2,0.0001217546771418,7.286611579883123e-06,800,1274,False,1274.0,False,False,False,False,0.47673183839129424,0.05984175173722641,0.028567620217593966
ARKPVRWSLDY,H3-23_A,K4-1,True,38,1,1,0.0001217546771418,7.286611579883123e-06,3.4785270525048872e-06,False,False,False,False,False,False,False,False,False,False,False,False,False,2,2,False,0.9090909090909092,False,False,False,9.98676300048828,1390.5885,2,0.0001217546771418,7.286611579883123e-06,809,1275,False,1275.0,False,False,False,False,0.47673183839129424,0.05984175173722641,0.028567620217593966
ARLKGQWRFGYAFDY,H3-23_A,K4-1,True,38,1,1,0.0001217546771418,7.286611579883123e-06,3.4785270525048872e-06,False,False,False,False,False,False,False,False,False,False,False,False,False,2,2,False,0.2866666666666669,False,False,False,9.69757843017578,1878.0955,2,0.0001217546771418,7.286611579883123e-06,866,1277,False,1277.0,False,False,False,False,0.47673183839129424,0.05984175173722641,0.028567620217593966
ARLQYSGPYHY,H3-23_A,K4-1,True,38,1,1,0.0001217546771418,7.286611579883123e-06,3.4785270525048872e-06,False,False,False,True,False,False,False,False,False,False,False,False,False,1,2,False,1.2545454545454546,False,False,False,8.546244812011718,1354.4684,1,0.0001217546771418,7.286611579883123e-06,882,1278,False,1278.0,False,False,False,False,0.47673183839129424,0.05984175173722641,0.028567620217593966
ARNYGWLSFDY,H3-23_A,K1-39,True,38,1,1,0.0001217546771418,7.286611579883123e-06,3.4785270525048872e-06,False,False,False,False,False,False,False,False,False,False,False,False,False,0,0,False,0.3000000000000002,False,False,False,5.87944984436035,1391.4851999999998,1,0.0001217546771418,7.286611579883123e-06,962,1280,False,1280.0,False,False,False,False,0.47673183839129424,0.05984175173722641,0.028567620217593966
ARPYWGFISGYFDY,H3-23_A,K3-20,True,38,1,1,0.0001217546771418,7.286611579883123e-06,3.4785270525048872e-06,False,False,False,False,False,False,False,False,False,False,False,False,False,0,0,False,-0.4142857142857141,False,False,False,5.87858085632324,1741.8961,1,0.0001217546771418,7.286611579883123e-06,1035,1283,False,1283.0,False,False,False,False,0.47673183839129424,0.05984175173722641,0.028567620217593966
ARQIRLSYHTYFDY,H3-23_A,K3-20,True,38,1,1,0.0001217546771418,7.286611579883123e-06,3.4785270525048872e-06,False,False,False,False,False,False,False,False,False,False,False,False,False,1,2,False,0.585714285714286,False,False,False,8.545542907714843,1833.0103,2,0.0001217546771418,7.286611579883123e-06,1053,1285,False,1285.0,False,False,False,False,0.47673183839129424,0.05984175173722641,0.028567620217593966
ARSLSPWRYLFDY,H4-34,K4-1,True,38,1,1,0.0001217546771418,7.286611579883123e-06,3.4785270525048872e-06,False,False,False,False,False,False,False,False,False,False,False,False,False,1,1,False,-0.4461538461538459,False,False,False,8.632579040527343,1673.8671,2,0.0001217546771418,7.286611579883123e-06,1092,1288,False,1288.0,False,False,False,False,0.47673183839129424,0.05984175173722641,0.028567620217593966
ARSYGAYSHKFDY,H3-23_A,K3-20,True,38,1,1,0.0001217546771418,7.286611579883123e-06,3.4785270525048872e-06,False,False,False,False,False,False,False,False,False,False,False,False,False,1,2,False,2.3076923076923075,False,False,False,8.479563903808593,1564.6551,1,0.0001217546771418,7.286611579883123e-06,1150,1290,False,1290.0,False,False,False,False,0.47673183839129424,0.05984175173722641,0.028567620217593966
ARVSGIWYWGFDY,H3-23_A,K3-15,True,38,1,1,0.0001217546771418,7.286611579883123e-06,3.4785270525048872e-06,False,False,False,True,False,False,False,False,False,False,False,False,False,0,0,False,-0.8076923076923076,False,False,False,5.87944984436035,1619.7748,1,0.0001217546771418,7.286611579883123e-06,1312,1295,False,1295.0,False,False,False,False,0.47673183839129424,0.05984175173722641,0.028567620217593966
ARVYLAAWSGFDY,H3-23_A,K3-15,True,38,1,1,0.0001217546771418,7.286611579883123e-06,3.4785270525048872e-06,False,False,False,False,False,False,False,False,False,False,False,False,False,0,0,False,-0.246153846153846,False,False,False,5.87944984436035,1518.6694,1,0.0001217546771418,7.286611579883123e-06,1341,1296,False,1296.0,False,False,False,False,0.47673183839129424,0.05984175173722641,0.028567620217593966
ARVYRVASAWAFDY,H1-69,K3-20,True,38,1,1,0.0001217546771418,7.286611579883123e-06,3.4785270525048872e-06,False,False,False,False,False,False,False,False,False,False,False,False,False,1,1,False,0.2071428571428572,False,False,False,8.632579040527343,1674.8551,2,0.0001217546771418,7.286611579883123e-06,1345,1297,False,1297.0,False,False,False,False,0.47673183839129424,0.05984175173722641,0.028567620217593966
ARWRSSYSIWGFDY,H3-23_A,K3-20,True,38,1,1,0.0001217546771418,7.286611579883123e-06,3.4785270525048872e-06,False,False,False,False,False,False,False,False,False,False,False,False,False,1,1,False,0.3357142857142858,False,False,False,8.632579040527343,1793.9327999999998,2,0.0001217546771418,7.286611579883123e-06,1200,1298,False,1298.0,False,False,False,False,0.47673183839129424,0.05984175173722641,0.028567620217593966
ARWTLKAPTSVYWYFDY,H3-23_A,K3-20,True,38,1,1,0.0001217546771418,7.286611579883123e-06,3.4785270525048872e-06,False,False,False,True,False,False,False,False,False,False,False,False,False,1,1,False,-0.2764705882352939,False,False,False,8.47317657470703,2167.4186,1,0.0001217546771418,7.286611579883123e-06,1389,1299,False,1299.0,False,False,False,False,0.47673183839129424,0.05984175173722641,0.028567620217593966
ARYGYHLYAANWYFDY,H4-34,K3-15,True,38,1,1,0.0001217546771418,7.286611579883123e-06,3.4785270525048872e-06,False,False,False,True,False,False,False,False,False,False,False,False,False,0,1,False,-0.1624999999999998,False,False,False,6.783861923217772,2073.2226,1,0.0001217546771418,7.286611579883123e-06,1416,1300,False,1300.0,False,False,False,False,0.47673183839129424,0.05984175173722641,0.028567620217593966
ARYHIATPWGFDY,H3-23_A,K3-20,True,38,1,1,0.0001217546771418,7.286611579883123e-06,3.4785270525048872e-06,False,False,False,False,False,False,False,False,False,False,False,False,False,0,1,False,0.1923076923076924,False,False,False,6.787184524536133,1596.7415999999998,1,0.0001217546771418,7.286611579883123e-06,1419,1301,False,1301.0,False,False,False,False,0.47673183839129424,0.05984175173722641,0.028567620217593966
ARAAGAWHLDY,H3-23_A,K3-20,True,37,1,1,0.0001185506066907,7.286611579883123e-06,3.4785270525048872e-06,False,False,False,False,False,False,False,False,False,False,False,False,False,0,1,False,0.8454545454545456,False,False,False,6.788309097290039,1230.3313,1,0.0001185506066907,7.286611579883123e-06,2,1302,False,1302.0,False,False,False,False,0.47673183839129424,0.061458959963762494,0.029339652938683434
ARADVPYAWPFDY,H3-23_A,K3-20,True,37,1,1,0.0001185506066907,7.286611579883123e-06,3.4785270525048872e-06,False,False,False,False,False,False,False,False,False,False,False,False,False,-1,-1,False,0.6153846153846155,False,False,False,4.207874679565429,1570.7009999999998,1,0.0001185506066907,7.286611579883123e-06,11,1303,False,1303.0,False,False,False,False,0.47673183839129424,0.061458959963762494,0.029339652938683434
ARDNPWIWTYHAFDP,H3-23_A,K3-20,True,37,1,1,0.0001185506066907,7.286611579883123e-06,3.4785270525048872e-06,False,False,False,False,True,False,False,False,False,False,False,False,False,-1,0,False,0.5200000000000001,False,False,False,5.212373733520507,1889.0322,1,0.0001185506066907,7.286611579883123e-06,182,1305,False,1305.0,False,False,False,False,0.47673183839129424,0.061458959963762494,0.029339652938683434
ARDWSSYGVFYGWGFDI,H3-23_A,K1-39,True,37,1,1,0.0001185506066907,7.286611579883123e-06,3.4785270525048872e-06,False,False,False,False,False,False,False,False,False,False,False,False,False,-1,-1,False,0.1470588235294119,False,False,False,4.207874679565429,2026.1646,1,0.0001185506066907,7.286611579883123e-06,268,1306,False,1306.0,False,False,False,False,0.47673183839129424,0.061458959963762494,0.029339652938683434
ARDWYGSWVPFDY,H3-23_A,UNK,True,37,1,1,0.0001185506066907,7.286611579883123e-06,3.4785270525048872e-06,False,False,False,False,False,False,False,False,False,False,False,False,False,-1,-1,False,0.3000000000000001,False,False,False,4.207874679565429,1661.7685,1,0.0001185506066907,7.286611579883123e-06,270,1307,False,1307.0,False,False,False,False,0.47673183839129424,0.061458959963762494,0.029339652938683434
ARDWYIYGYSGFDY,H3-23_A,K3-20,True,37,1,1,0.0001185506066907,7.286611579883123e-06,3.4785270525048872e-06,False,False,False,False,False,False,False,False,False,False,False,False,False,-1,-1,False,0.6714285714285716,False,False,False,4.207874679565429,1775.8677,1,0.0001185506066907,7.286611579883123e-06,271,1308,False,1308.0,False,False,False,False,0.47673183839129424,0.061458959963762494,0.029339652938683434
ARDYGYLSRYGYAFDY,H3-23_A,K3-20,True,37,1,1,0.0001185506066907,7.286611579883123e-06,3.4785270525048872e-06,False,False,False,False,False,False,False,False,False,False,False,False,False,0,0,False,1.4125,False,False,False,6.00141487121582,1980.0946,2,0.0001185506066907,7.286611579883123e-06,278,1309,False,1309.0,False,False,False,False,0.47673183839129424,0.061458959963762494,0.029339652938683434
ARFPGFYAASWYFDP,H3-23_A,K3-20,True,37,1,1,0.0001185506066907,7.286611579883123e-06,3.4785270525048872e-06,False,False,False,True,True,False,False,False,False,False,False,False,False,0,0,False,-0.2999999999999997,False,False,False,5.87944984436035,1794.9588,1,0.0001185506066907,7.286611579883123e-06,361,1311,False,1311.0,False,False,False,False,0.47673183839129424,0.061458959963762494,0.029339652938683434
ARGAGWGSSWYGFDY,H3-23_A,K3-20,True,37,1,1,0.0001185506066907,7.286611579883123e-06,3.4785270525048872e-06,False,False,False,False,False,False,False,False,False,False,False,False,False,0,0,False,1.4133333333333336,False,False,False,5.87944984436035,1679.744,1,0.0001185506066907,7.286611579883123e-06,117,1313,False,1313.0,False,False,False,False,0.47673183839129424,0.061458959963762494,0.029339652938683434
ARGDYGWIWGFQPYFDP,H3-23_A,K3-20,True,37,1,1,0.0001185506066907,7.286611579883123e-06,3.4785270525048872e-06,False,False,False,False,True,False,False,False,False,False,False,False,False,-1,-1,False,0.2000000000000001,False,False,False,4.207874679565429,2075.2386,1,0.0001185506066907,7.286611579883123e-06,398,1314,False,1314.0,False,False,False,False,0.47673183839129424,0.061458959963762494,0.029339652938683434
ARGLGSYRFDY,H3-23_A,K4-1,True,37,1,1,0.0001185506066907,7.286611579883123e-06,3.4785270525048872e-06,False,False,False,False,False,False,False,False,False,False,False,False,False,1,1,False,1.4727272727272729,False,False,False,8.632579040527343,1304.4097,2,0.0001185506066907,7.286611579883123e-06,434,1315,False,1315.0,False,False,False,False,0.47673183839129424,0.061458959963762494,0.029339652938683434
ARGPSHISYHYRFDP,H3-23_A,K1-39,True,37,1,1,0.0001185506066907,7.286611579883123e-06,3.4785270525048872e-06,False,False,False,True,True,False,False,False,False,False,False,False,False,1,3,False,1.7733333333333334,False,False,False,8.644651794433596,1802.9447,2,0.0001185506066907,7.286611579883123e-06,477,1316,False,1316.0,False,False,False,False,0.47673183839129424,0.061458959963762494,0.029339652938683434
ARGTTVTRAFDY,H5-51,K4-1,True,37,1,1,0.0001185506066907,7.286611579883123e-06,3.4785270525048872e-06,False,False,False,False,False,False,False,False,False,False,False,False,False,1,1,False,2.4250000000000003,False,False,False,8.79022674560547,1357.4709,2,0.0001185506066907,7.286611579883123e-06,576,1319,False,1319.0,False,False,False,False,0.47673183839129424,0.061458959963762494,0.029339652938683434
ARGVTARSWSGFDY,H3-23_A,K4-1,True,37,1,1,0.0001185506066907,7.286611579883123e-06,3.4785270525048872e-06,False,False,False,False,False,False,False,False,False,False,False,False,False,1,1,False,1.9571428571428573,False,False,False,8.79022674560547,1572.6789,2,0.0001185506066907,7.286611579883123e-06,585,1320,False,1320.0,False,False,False,False,0.47673183839129424,0.061458959963762494,0.029339652938683434
ARGWRWVYPTYGFDY,H3-23_A,K1-39,True,37,1,1,0.0001185506066907,7.286611579883123e-06,3.4785270525048872e-06,False,False,False,False,False,False,False,False,False,False,False,False,False,1,1,False,0.0400000000000001,False,False,False,8.539295959472657,1937.1179,2,0.0001185506066907,7.286611579883123e-06,596,1321,False,1321.0,False,False,False,False,0.47673183839129424,0.061458959963762494,0.029339652938683434
ARHGYSRPYNFDP,H3-23_A,K3-20,True,37,1,1,0.0001185506066907,7.286611579883123e-06,3.4785270525048872e-06,False,False,False,False,True,False,False,False,False,False,False,False,False,1,2,False,2.5384615384615383,False,False,False,8.638685607910158,1579.6731,2,0.0001185506066907,7.286611579883123e-06,648,1322,False,1322.0,False,False,False,False,0.47673183839129424,0.061458959963762494,0.029339652938683434
ARHPPSLLYSYGFDI,H3-23_A,K4-1,True,37,1,1,0.0001185506066907,7.286611579883123e-06,3.4785270525048872e-06,False,False,False,False,False,False,False,False,False,False,False,False,False,0,1,False,0.1266666666666668,False,False,False,6.787184524536133,1735.9349000000002,1,0.0001185506066907,7.286611579883123e-06,675,1324,False,1324.0,False,False,False,False,0.47673183839129424,0.061458959963762494,0.029339652938683434
ARHRVWTYVSPGYGFDI,H3-23_A,K3-20,True,37,1,1,0.0001185506066907,7.286611579883123e-06,3.4785270525048872e-06,False,False,False,False,False,False,False,False,False,False,False,False,False,1,2,False,0.5529411764705884,False,False,False,8.638685607910158,2024.24,2,0.0001185506066907,7.286611579883123e-06,706,1325,False,1325.0,False,False,False,False,0.47673183839129424,0.061458959963762494,0.029339652938683434
ARIGRFVYGWGFDY,H1-69,K1-39,True,37,1,1,0.0001185506066907,7.286611579883123e-06,3.4785270525048872e-06,False,False,False,False,False,False,False,False,False,False,False,False,False,1,1,False,-0.4499999999999998,False,False,False,8.632579040527343,1706.8983999999998,2,0.0001185506066907,7.286611579883123e-06,756,1326,False,1326.0,False,False,False,False,0.47673183839129424,0.061458959963762494,0.029339652938683434
ARPDFYAQLDY,H3-23_A,K3-15,True,37,1,1,0.0001185506066907,7.286611579883123e-06,3.4785270525048872e-06,False,False,False,False,False,False,False,False,False,False,False,False,False,-1,-1,False,1.3000000000000005,False,False,False,4.207874679565429,1358.4538,1,0.0001185506066907,7.286611579883123e-06,967,1330,False,1330.0,False,False,False,False,0.47673183839129424,0.061458959963762494,0.029339652938683434
ARPPGLIYGWIGFDY,H3-23_A,K3-15,True,37,1,1,0.0001185506066907,7.286611579883123e-06,3.4785270525048872e-06,False,False,False,False,False,False,False,False,False,False,False,False,False,0,0,False,-0.7066666666666666,False,False,False,5.87944984436035,1724.9535,1,0.0001185506066907,7.286611579883123e-06,995,1331,False,1331.0,False,False,False,False,0.47673183839129424,0.061458959963762494,0.029339652938683434
ARSDFYSGLRFDY,H3-23_A,K3-20,True,37,1,1,0.0001185506066907,7.286611579883123e-06,3.4785270525048872e-06,False,False,False,False,False,False,False,False,False,False,False,False,False,0,0,False,1.3692307692307697,False,False,False,6.004021835327148,1596.6969,2,0.0001185506066907,7.286611579883123e-06,1075,1332,False,1332.0,False,False,False,False,0.47673183839129424,0.061458959963762494,0.029339652938683434
ARSSPSSWYRDAFDP,H5-51,UNK,True,37,1,1,0.0001185506066907,7.286611579883123e-06,3.4785270525048872e-06,False,False,False,False,True,False,False,False,False,False,False,False,False,0,0,False,2.78,False,False,False,6.004890823364257,1741.8138,2,0.0001185506066907,7.286611579883123e-06,1132,1333,False,1333.0,False,False,False,False,0.47673183839129424,0.061458959963762494,0.029339652938683434
ARSYGSNAYFDY,H5-51,K3-15,True,37,1,1,0.0001185506066907,7.286611579883123e-06,3.4785270525048872e-06,False,False,False,False,False,False,False,False,False,False,False,False,False,0,0,False,2.4333333333333336,False,False,False,5.87858085632324,1413.4461,1,0.0001185506066907,7.286611579883123e-06,1151,1334,False,1334.0,False,False,False,False,0.47673183839129424,0.061458959963762494,0.029339652938683434
ARTVSSKNAFDY,H5-51,K4-1,True,37,1,1,0.0001185506066907,7.286611579883123e-06,3.4785270525048872e-06,False,False,False,False,False,False,False,False,False,False,False,False,False,1,1,False,2.875,False,False,False,8.63377227783203,1358.4556,1,0.0001185506066907,7.286611579883123e-06,1195,1336,False,1336.0,False,False,False,False,0.47673183839129424,0.061458959963762494,0.029339652938683434
ARVKQWRLTADWFDP,H3-23_A,K3-15,True,37,1,1,0.0001185506066907,7.286611579883123e-06,3.4785270525048872e-06,False,False,False,False,True,False,False,False,False,False,False,False,False,1,1,False,0.6333333333333334,False,False,False,8.790296936035155,1889.1201,2,0.0001185506066907,7.286611579883123e-06,1241,1338,False,1338.0,False,False,False,False,0.47673183839129424,0.061458959963762494,0.029339652938683434
ARVLDAGHLYRVYWFDP,H4-34,K1-39,True,37,1,1,0.0001185506066907,7.286611579883123e-06,3.4785270525048872e-06,False,False,False,True,True,False,False,False,False,False,False,False,False,0,1,False,-0.3705882352941175,False,False,False,6.790507125854492,2078.3304,2,0.0001185506066907,7.286611579883123e-06,1249,1339,False,1339.0,False,False,False,False,0.47673183839129424,0.061458959963762494,0.029339652938683434
ARVPYKSLSAGWFDP,H5-51,UNK,True,37,1,1,0.0001185506066907,7.286611579883123e-06,3.4785270525048872e-06,False,False,False,False,True,False,False,False,False,False,False,False,False,1,1,False,0.8666666666666668,False,False,False,8.63377227783203,1693.8982999999998,1,0.0001185506066907,7.286611579883123e-06,1265,1342,False,1342.0,False,False,False,False,0.47673183839129424,0.061458959963762494,0.029339652938683434
ARVRSSVWLNPWFDP,H4-34,K1-39,True,37,1,1,0.0001185506066907,7.286611579883123e-06,3.4785270525048872e-06,False,False,False,False,True,False,False,False,False,False,False,False,False,1,1,False,-0.0733333333333332,False,False,False,9.643601989746092,1830.0528,2,0.0001185506066907,7.286611579883123e-06,1293,1343,False,1343.0,False,False,False,False,0.47673183839129424,0.061458959963762494,0.029339652938683434
ARVTHSTWFSRFDY,H3-23_A,K3-15,True,37,1,1,0.0001185506066907,7.286611579883123e-06,3.4785270525048872e-06,False,False,False,False,False,False,False,False,False,False,False,False,False,1,2,False,0.8571428571428573,False,False,False,8.796192932128907,1772.9154,2,0.0001185506066907,7.286611579883123e-06,1325,1344,False,1344.0,False,False,False,False,0.47673183839129424,0.061458959963762494,0.029339652938683434
ARVTWRGSWYIAAFDP,H3-23_A,K1-39,True,37,1,1,0.0001185506066907,7.286611579883123e-06,3.4785270525048872e-06,False,False,False,False,True,False,False,False,False,False,False,False,False,1,1,False,0.0875000000000001,False,False,False,8.79022674560547,1896.1109,2,0.0001185506066907,7.286611579883123e-06,1329,1345,False,1345.0,False,False,False,False,0.47673183839129424,0.061458959963762494,0.029339652938683434
ARVTWTVLYAYPFDY,H4-34,K1-39,True,37,1,1,0.0001185506066907,7.286611579883123e-06,3.4785270525048872e-06,False,False,False,False,False,False,False,False,False,False,False,False,False,0,0,False,-0.7066666666666666,False,False,False,5.87858085632324,1865.0901,1,0.0001185506066907,7.286611579883123e-06,1332,1346,False,1346.0,False,False,False,False,0.47673183839129424,0.061458959963762494,0.029339652938683434
ARVWPYRSYGYWFDP,H3-23_A,K3-20,True,37,1,1,0.0001185506066907,7.286611579883123e-06,3.4785270525048872e-06,False,False,False,True,True,False,False,False,False,False,False,False,False,1,1,False,-0.1133333333333332,False,False,False,8.539295959472657,1963.1552,2,0.0001185506066907,7.286611579883123e-06,1336,1347,False,1347.0,False,False,False,False,0.47673183839129424,0.061458959963762494,0.029339652938683434
ARYALWAKNLFDY,H3-23_A,K1-39,True,37,1,1,0.0001185506066907,7.286611579883123e-06,3.4785270525048872e-06,False,False,False,False,False,False,False,False,False,False,False,False,False,1,1,False,-0.6307692307692305,False,False,False,8.54006805419922,1630.8423,1,0.0001185506066907,7.286611579883123e-06,1403,1349,False,1349.0,False,False,False,False,0.47673183839129424,0.061458959963762494,0.029339652938683434
ARYLGTWAFDY,H3-23_A,K4-1,True,37,1,1,0.0001185506066907,7.286611579883123e-06,3.4785270525048872e-06,False,False,False,False,False,False,False,False,False,False,False,False,False,0,0,False,-0.2636363636363634,False,False,False,5.87944984436035,1362.4871,1,0.0001185506066907,7.286611579883123e-06,1431,1350,False,1350.0,False,False,False,False,0.47673183839129424,0.061458959963762494,0.029339652938683434
ARYRGYGHWQAFDY,H3-23_A,K4-1,True,37,1,1,0.0001185506066907,7.286611579883123e-06,3.4785270525048872e-06,False,False,False,False,False,False,False,False,False,False,False,False,False,1,2,False,1.2285714285714289,False,False,False,8.545542907714843,1789.9043,2,0.0001185506066907,7.286611579883123e-06,1456,1352,False,1352.0,False,False,False,False,0.47673183839129424,0.061458959963762494,0.029339652938683434
ARYSPGYGWVNAAWFDP,H3-23_A,K1-39,True,37,1,1,0.0001185506066907,7.286611579883123e-06,3.4785270525048872e-06,False,False,False,False,True,False,False,False,False,False,False,False,False,0,0,False,0.7588235294117648,False,False,False,5.87944984436035,1957.106,1,0.0001185506066907,7.286611579883123e-06,1474,1353,False,1353.0,False,False,False,False,0.47673183839129424,0.061458959963762494,0.029339652938683434
ARYWGRGNYAFDY,H3-23_A,K3-20,True,37,1,1,0.0001185506066907,7.286611579883123e-06,3.4785270525048872e-06,False,False,False,False,False,False,False,False,False,False,False,False,False,1,1,False,1.2384615384615385,False,False,False,8.539295959472657,1638.7384,2,0.0001185506066907,7.286611579883123e-06,1488,1354,False,1354.0,False,False,False,False,0.47673183839129424,0.061458959963762494,0.029339652938683434
ARALWYRPWSFDY,H4-34,K3-20,True,36,1,1,0.0001153465362396,7.286611579883123e-06,3.4785270525048872e-06,False,False,False,False,False,False,False,False,False,False,False,False,False,1,1,False,-0.846153846153846,False,False,False,8.632579040527343,1730.9199999999998,2,0.0001153465362396,7.286611579883123e-06,55,1355,False,1355.0,False,False,False,False,0.47673183839129424,0.06316600530331934,0.03015457264840071
ARDARIVWYGYTYGFDP,H3-23_A,K3-15,True,36,1,1,0.0001153465362396,7.286611579883123e-06,3.4785270525048872e-06,False,False,False,False,True,False,False,False,False,False,False,False,False,0,0,False,0.8647058823529413,False,False,False,6.003152847290039,2050.2309,2,0.0001153465362396,7.286611579883123e-06,130,1357,False,1357.0,False,False,False,False,0.47673183839129424,0.06316600530331934,0.03015457264840071
ARDESTGIRQPFDY,H5-51,UNK,True,36,1,1,0.0001153465362396,7.286611579883123e-06,3.4785270525048872e-06,False,False,False,False,False,False,False,False,False,True,False,False,False,-1,-1,False,3.192857142857143,False,False,False,4.558281326293945,1654.7349,2,0.0001153465362396,7.286611579883123e-06,136,1358,False,1358.0,False,False,False,False,0.47673183839129424,0.06316600530331934,0.03015457264840071
ARDLAHYSWLYHAFDY,H4-34,K3-15,True,36,1,1,0.0001153465362396,7.286611579883123e-06,3.4785270525048872e-06,False,False,False,False,False,False,False,False,False,False,False,False,False,-1,1,False,-0.1312499999999998,False,False,False,5.982092666625976,2028.1839,1,0.0001153465362396,7.286611579883123e-06,156,1359,False,1359.0,False,False,False,False,0.47673183839129424,0.06316600530331934,0.03015457264840071
ARDPRLAYGLWGFDI,H3-23_A,K3-15,True,36,1,1,0.0001153465362396,7.286611579883123e-06,3.4785270525048872e-06,False,False,False,False,True,False,False,False,False,False,False,False,False,0,0,False,-0.0933333333333331,False,False,False,6.004890823364257,1749.9647999999995,2,0.0001153465362396,7.286611579883123e-06,188,1360,False,1360.0,False,False,False,False,0.47673183839129424,0.06316600530331934,0.03015457264840071
ARDRLSGAWYGFDY,H3-23_A,K3-15,True,36,1,1,0.0001153465362396,7.286611579883123e-06,3.4785270525048872e-06,False,False,False,False,False,False,False,False,False,False,False,False,False,0,0,False,1.3071428571428574,False,False,False,6.004021835327148,1676.7849,2,0.0001153465362396,7.286611579883123e-06,204,1361,False,1361.0,False,False,False,False,0.47673183839129424,0.06316600530331934,0.03015457264840071
ARDRLVYTGFDY,H3-23_A,K3-15,True,36,1,1,0.0001153465362396,7.286611579883123e-06,3.4785270525048872e-06,False,False,False,False,False,False,False,False,False,False,False,False,False,0,0,False,1.2916666666666667,False,False,False,6.004021835327148,1475.6034,2,0.0001153465362396,7.286611579883123e-06,206,1362,False,1362.0,False,False,False,False,0.47673183839129424,0.06316600530331934,0.03015457264840071
ARDVPYWYTGFDY,H3-23_A,K1-39,True,36,1,1,0.0001153465362396,7.286611579883123e-06,3.4785270525048872e-06,False,False,False,True,False,False,False,False,False,False,False,False,False,-1,-1,False,0.8230769230769232,False,False,False,4.207874679565429,1652.7584,1,0.0001153465362396,7.286611579883123e-06,246,1364,False,1364.0,False,False,False,False,0.47673183839129424,0.06316600530331934,0.03015457264840071
ARDYRSGASYGFDY,H3-23_A,K3-15,True,36,1,1,0.0001153465362396,7.286611579883123e-06,3.4785270525048872e-06,False,False,False,False,False,False,False,False,False,False,False,False,False,0,0,False,3.007142857142857,False,False,False,6.003152847290039,1627.6679,2,0.0001153465362396,7.286611579883123e-06,204,1365,False,1365.0,False,False,False,False,0.47673183839129424,0.06316600530331934,0.03015457264840071
ARELAWYFGVDYFDY,H3-23_A,K1-39,True,36,1,1,0.0001153465362396,7.286611579883123e-06,3.4785270525048872e-06,False,False,False,True,False,False,False,False,False,False,False,False,False,-2,-2,False,-0.3399999999999998,False,False,False,4.050025558471679,1915.0626,1,0.0001153465362396,7.286611579883123e-06,316,1366,False,1366.0,False,False,False,False,0.47673183839129424,0.06316600530331934,0.03015457264840071
ARESLYFYGYSSWFDP,H3-23_A,K3-15,True,36,1,1,0.0001153465362396,7.286611579883123e-06,3.4785270525048872e-06,False,False,False,True,True,False,False,False,False,False,False,False,False,-1,-1,False,0.5062500000000002,False,False,False,4.370375442504883,1988.1134,1,0.0001153465362396,7.286611579883123e-06,332,1367,False,1367.0,False,False,False,False,0.47673183839129424,0.06316600530331934,0.03015457264840071
AREYHGIYLYGFDI,H3-23_A,K3-15,True,36,1,1,0.0001153465362396,7.286611579883123e-06,3.4785270525048872e-06,False,False,False,False,False,False,False,False,False,False,False,False,False,-1,0,False,-0.1785714285714284,False,False,False,5.322172927856446,1716.8883999999998,1,0.0001153465362396,7.286611579883123e-06,345,1369,False,1369.0,False,False,False,False,0.47673183839129424,0.06316600530331934,0.03015457264840071
ARFRWHASQGWFDP,H1-69,K3-20,True,36,1,1,0.0001153465362396,7.286611579883123e-06,3.4785270525048872e-06,False,False,False,False,True,False,False,False,False,False,False,False,False,1,2,False,0.4714285714285716,False,False,False,9.648936462402345,1760.9096,2,0.0001153465362396,7.286611579883123e-06,374,1371,False,1371.0,False,False,False,False,0.47673183839129424,0.06316600530331934,0.03015457264840071
ARGAAIVRLLYGFDY,H3-23_A,K3-20,True,36,1,1,0.0001153465362396,7.286611579883123e-06,3.4785270525048872e-06,False,False,False,False,False,False,False,False,False,False,False,False,False,1,1,False,-0.4666666666666664,False,False,False,8.632579040527343,1684.9344,2,0.0001153465362396,7.286611579883123e-06,387,1372,False,1372.0,False,False,False,False,0.47673183839129424,0.06316600530331934,0.03015457264840071
ARGFLYRPNYGFDY,H3-23_A,K3-20,True,36,1,1,0.0001153465362396,7.286611579883123e-06,3.4785270525048872e-06,False,False,False,False,False,False,False,False,False,False,False,False,False,1,1,False,0.5500000000000002,False,False,False,8.539295959472657,1738.8972,2,0.0001153465362396,7.286611579883123e-06,401,1373,False,1373.0,False,False,False,False,0.47673183839129424,0.06316600530331934,0.03015457264840071
ARGHSSRLFDY,H3-23_A,K3-20,True,36,1,1,0.0001153465362396,7.286611579883123e-06,3.4785270525048872e-06,False,False,False,False,False,False,False,False,False,False,False,False,False,1,2,False,1.9090909090909092,False,False,False,8.796192932128907,1308.4018,2,0.0001153465362396,7.286611579883123e-06,412,1374,False,1374.0,False,False,False,False,0.47673183839129424,0.06316600530331934,0.03015457264840071
ARGPPYWHSGFDY,H3-23_A,K3-20,True,36,1,1,0.0001153465362396,7.286611579883123e-06,3.4785270525048872e-06,False,False,False,True,False,False,False,False,False,False,False,False,False,0,1,False,1.3461538461538465,False,False,False,6.787184524536133,1552.646,1,0.0001153465362396,7.286611579883123e-06,468,1375,False,1375.0,False,False,False,False,0.47673183839129424,0.06316600530331934,0.03015457264840071
ARGPWLSATSYGFDY,H3-23_A,K3-15,True,36,1,1,0.0001153465362396,7.286611579883123e-06,3.4785270525048872e-06,False,False,False,False,False,False,False,False,False,False,False,False,False,0,0,False,1.1933333333333336,False,False,False,5.87944984436035,1690.8082,1,0.0001153465362396,7.286611579883123e-06,487,1377,False,1377.0,False,False,False,False,0.47673183839129424,0.06316600530331934,0.03015457264840071
ARGPYWVAYLSSGAFDY,H3-23_A,UNK,True,36,1,1,0.0001153465362396,7.286611579883123e-06,3.4785270525048872e-06,False,False,False,False,False,False,False,False,False,False,False,False,False,0,0,False,0.5411764705882355,False,False,False,5.87858085632324,1923.0864,1,0.0001153465362396,7.286611579883123e-06,496,1378,False,1378.0,False,False,False,False,0.47673183839129424,0.06316600530331934,0.03015457264840071
ARGWPYWGWSFDY,H3-23_A,K3-15,True,36,1,1,0.0001153465362396,7.286611579883123e-06,3.4785270525048872e-06,False,False,False,False,False,False,False,False,False,False,False,False,False,0,0,False,-0.5153846153846152,False,True,False,5.87944984436035,1690.8112999999998,1,0.0001153465362396,7.286611579883123e-06,593,1380,False,1380.0,False,False,False,False,0.47673183839129424,0.06316600530331934,0.03015457264840071
ARGYRAGVSWYGFDP,H3-23_A,K3-20,True,36,1,1,0.0001153465362396,7.286611579883123e-06,3.4785270525048872e-06,False,False,False,False,True,False,False,False,False,False,False,False,False,1,1,False,1.4400000000000002,False,False,False,8.632579040527343,1701.8374,2,0.0001153465362396,7.286611579883123e-06,612,1381,False,1381.0,False,False,False,False,0.47673183839129424,0.06316600530331934,0.03015457264840071
ARHFGTRYKFDY,H3-23_A,K3-20,True,36,1,1,0.0001153465362396,7.286611579883123e-06,3.4785270525048872e-06,False,False,False,False,False,False,False,False,False,False,False,False,False,2,3,False,1.416666666666667,False,False,False,9.69764862060547,1560.7128,2,0.0001153465362396,7.286611579883123e-06,631,1382,False,1382.0,False,False,False,False,0.47673183839129424,0.06316600530331934,0.03015457264840071
ARHGRYGDIVY,H3-23_A,K3-20,True,36,1,1,0.0001153465362396,7.286611579883123e-06,3.4785270525048872e-06,False,False,False,False,False,False,False,False,False,False,False,False,False,1,2,False,1.681818181818182,False,False,False,8.638685607910158,1306.4289,2,0.0001153465362396,7.286611579883123e-06,640,1383,False,1383.0,False,False,False,False,0.47673183839129424,0.06316600530331934,0.03015457264840071
ARHHYSYQSYGFDY,H3-23_A,K3-20,True,36,1,1,0.0001153465362396,7.286611579883123e-06,3.4785270525048872e-06,False,False,False,True,False,False,False,False,False,False,False,False,False,0,2,False,2.028571428571429,False,False,False,6.956892776489258,1793.8466,1,0.0001153465362396,7.286611579883123e-06,652,1384,False,1384.0,False,False,False,False,0.47673183839129424,0.06316600530331934,0.03015457264840071
ARHTYTWYRFDY,H3-23_A,K3-20,True,36,1,1,0.0001153465362396,7.286611579883123e-06,3.4785270525048872e-06,False,False,False,False,False,False,False,False,False,False,False,False,False,1,2,False,0.6750000000000002,False,False,False,8.545542907714843,1678.8024,2,0.0001153465362396,7.286611579883123e-06,726,1387,False,1387.0,False,False,False,False,0.47673183839129424,0.06316600530331934,0.03015457264840071
ARIGFAVHFSRFDY,H3-23_A,K3-20,True,36,1,1,0.0001153465362396,7.286611579883123e-06,3.4785270525048872e-06,False,False,False,False,False,False,False,False,False,False,False,False,False,1,2,False,-0.3071428571428569,False,False,False,8.796192932128907,1685.881,2,0.0001153465362396,7.286611579883123e-06,752,1389,False,1389.0,False,False,False,False,0.47673183839129424,0.06316600530331934,0.03015457264840071
ARLASYFLYSARFDY,H1-69,K1-39,True,36,1,1,0.0001153465362396,7.286611579883123e-06,3.4785270525048872e-06,False,False,False,False,False,False,False,False,False,False,False,False,False,1,1,False,-0.3199999999999997,False,False,False,8.539295959472657,1843.0448,2,0.0001153465362396,7.286611579883123e-06,827,1391,False,1391.0,False,False,False,False,0.47673183839129424,0.06316600530331934,0.03015457264840071
ARLHYWYAARGTAFDY,H5-51,K3-20,True,36,1,1,0.0001153465362396,7.286611579883123e-06,3.4785270525048872e-06,False,False,False,True,False,False,False,False,False,False,False,False,False,1,2,False,0.3562500000000002,False,False,False,8.545542907714843,1961.1411000000005,2,0.0001153465362396,7.286611579883123e-06,859,1393,False,1393.0,False,False,False,False,0.47673183839129424,0.06316600530331934,0.03015457264840071
ARLKWSRTTFDY,H3-23_A,K3-15,True,36,1,1,0.0001153465362396,7.286611579883123e-06,3.4785270525048872e-06,False,False,False,False,False,False,False,False,False,False,False,False,False,2,2,False,1.0666666666666669,False,False,False,9.98676300048828,1543.7239,2,0.0001153465362396,7.286611579883123e-06,869,1394,False,1394.0,False,False,False,False,0.47673183839129424,0.06316600530331934,0.03015457264840071
ARLSGTTYHNFDY,H3-23_A,K3-20,True,36,1,1,0.0001153465362396,7.286611579883123e-06,3.4785270525048872e-06,False,False,False,False,False,False,False,False,False,False,False,False,False,0,1,False,1.984615384615385,False,False,False,6.787184524536133,1544.6224,1,0.0001153465362396,7.286611579883123e-06,912,1395,False,1395.0,False,False,False,False,0.47673183839129424,0.06316600530331934,0.03015457264840071
ARPYRANYVSYAFDY,H3-23_A,K1-39,True,36,1,1,0.0001153465362396,7.286611579883123e-06,3.4785270525048872e-06,False,False,False,False,False,False,False,False,False,False,False,False,False,1,1,False,1.32,False,False,False,8.472544860839843,1856.0005,2,0.0001153465362396,7.286611579883123e-06,1033,1397,False,1397.0,False,False,False,False,0.47673183839129424,0.06316600530331934,0.03015457264840071
ARQYRVWSYIGLFDY,H3-23_A,K3-15,True,36,1,1,0.0001153465362396,7.286611579883123e-06,3.4785270525048872e-06,False,False,False,False,False,False,False,False,False,False,False,False,False,1,1,False,-0.4733333333333332,False,False,False,8.539295959472657,1937.1593000000005,2,0.0001153465362396,7.286611579883123e-06,1074,1398,False,1398.0,False,False,False,False,0.47673183839129424,0.06316600530331934,0.03015457264840071
ARSVWHLYPFDY,H1-69,K3-15,True,36,1,1,0.0001153465362396,7.286611579883123e-06,3.4785270525048872e-06,False,False,False,False,False,False,False,False,False,False,False,False,False,0,1,False,-0.7416666666666666,False,False,False,6.787184524536133,1553.7168,1,0.0001153465362396,7.286611579883123e-06,1144,1399,False,1399.0,False,False,False,False,0.47673183839129424,0.06316600530331934,0.03015457264840071
ARVHGWVYLNAGFDY,H3-23_A,K3-20,True,36,1,1,0.0001153465362396,7.286611579883123e-06,3.4785270525048872e-06,False,False,False,False,False,False,False,False,False,False,False,False,False,0,1,False,-0.0466666666666665,False,False,False,6.787184524536133,1767.9384,1,0.0001153465362396,7.286611579883123e-06,1220,1403,False,1403.0,False,False,False,False,0.47673183839129424,0.06316600530331934,0.03015457264840071
ARVHSAGVNFDY,H5-51,K3-20,True,36,1,1,0.0001153465362396,7.286611579883123e-06,3.4785270525048872e-06,False,False,False,False,False,False,False,False,False,False,False,False,False,0,1,False,1.7666666666666668,False,False,False,6.788309097290039,1335.4236999999998,1,0.0001153465362396,7.286611579883123e-06,1232,1404,False,1404.0,False,False,False,False,0.47673183839129424,0.06316600530331934,0.03015457264840071
ARVKYTSGTWRYFDY,H3-23_A,K3-20,True,36,1,1,0.0001153465362396,7.286611579883123e-06,3.4785270525048872e-06,False,False,False,False,False,False,False,False,False,False,False,False,False,2,2,False,1.346666666666667,False,False,False,9.525611877441406,1913.0950000000005,2,0.0001153465362396,7.286611579883123e-06,1248,1405,False,1405.0,False,False,False,False,0.47673183839129424,0.06316600530331934,0.03015457264840071
ARVSARVYWYGFDY,H3-23_A,K3-15,True,36,1,1,0.0001153465362396,7.286611579883123e-06,3.4785270525048872e-06,False,False,False,True,False,False,False,False,False,False,False,False,False,1,1,False,0.1785714285714286,False,False,False,8.539295959472657,1752.9237999999998,2,0.0001153465362396,7.286611579883123e-06,1310,1407,False,1407.0,False,False,False,False,0.47673183839129424,0.06316600530331934,0.03015457264840071
ARWRTGYWFGYFDY,H3-23_A,K3-15,True,36,1,1,0.0001153465362396,7.286611579883123e-06,3.4785270525048872e-06,False,False,False,True,False,False,False,False,False,False,False,False,False,1,1,False,-0.4999999999999998,False,False,False,8.539295959472657,1888.0455,2,0.0001153465362396,7.286611579883123e-06,1383,1408,False,1408.0,False,False,False,False,0.47673183839129424,0.06316600530331934,0.03015457264840071
ARYAYWASGFDY,H3-23_A,K3-20,True,36,1,1,0.0001153465362396,7.286611579883123e-06,3.4785270525048872e-06,False,False,False,False,False,False,False,False,False,False,False,False,False,0,0,False,0.6500000000000001,False,False,False,5.87858085632324,1469.554,1,0.0001153465362396,7.286611579883123e-06,1405,1409,False,1409.0,False,False,False,False,0.47673183839129424,0.06316600530331934,0.03015457264840071
ARYLTIGRSTPGFDY,H3-23_A,K4-1,True,36,1,1,0.0001153465362396,7.286611579883123e-06,3.4785270525048872e-06,False,False,False,False,False,False,False,False,False,False,False,False,False,1,1,False,1.38,False,False,False,8.632579040527343,1716.8903,2,0.0001153465362396,7.286611579883123e-06,1441,1410,False,1410.0,False,False,False,False,0.47673183839129424,0.06316600530331934,0.03015457264840071
ARYPFSGRGPAFDY,H3-23_A,K3-15,True,36,1,1,0.0001153465362396,7.286611579883123e-06,3.4785270525048872e-06,False,False,False,False,False,False,False,False,False,False,False,False,False,1,1,False,1.6071428571428574,False,False,False,8.632579040527343,1603.7342,2,0.0001153465362396,7.286611579883123e-06,1444,1411,False,1411.0,False,False,False,False,0.47673183839129424,0.06316600530331934,0.03015457264840071
ARYQGLWSGYPYFDI,H3-23_A,K3-15,True,36,1,1,0.0001153465362396,7.286611579883123e-06,3.4785270525048872e-06,False,False,False,False,False,False,False,False,False,False,False,False,False,0,0,False,0.0133333333333334,False,False,False,5.87858085632324,1836.0091,1,0.0001153465362396,7.286611579883123e-06,1451,1412,False,1412.0,False,False,False,False,0.47673183839129424,0.06316600530331934,0.03015457264840071
ARYTYPLGIYFDY,H3-23_A,K1-39,True,36,1,1,0.0001153465362396,7.286611579883123e-06,3.4785270525048872e-06,False,False,False,False,False,False,False,False,False,False,False,False,False,0,0,False,-0.3615384615384613,False,False,False,5.877711868286132,1641.8185,1,0.0001153465362396,7.286611579883123e-06,1483,1413,False,1413.0,False,False,False,False,0.47673183839129424,0.06316600530331934,0.03015457264840071
ARAHYFYSYTLYSFDP,H1-69,K1-39,True,35,1,1,0.0001121424657885,7.286611579883123e-06,3.4785270525048872e-06,False,False,False,True,True,False,False,False,False,False,False,False,False,0,1,False,0.3500000000000002,False,False,False,6.78493537902832,2001.1552,1,0.0001121424657885,7.286611579883123e-06,36,1415,False,1415.0,False,False,False,False,0.47673183839129424,0.06497058739327588,0.031016055046571896
ARALRGWYASAFDY,H5-51,K3-15,True,35,1,1,0.0001121424657885,7.286611579883123e-06,3.4785270525048872e-06,False,False,False,False,False,False,False,False,False,False,False,False,False,1,1,False,0.4857142857142859,False,False,False,8.632579040527343,1646.802,2,0.0001121424657885,7.286611579883123e-06,50,1416,False,1416.0,False,False,False,False,0.47673183839129424,0.06497058739327588,0.031016055046571896
ARARSGIFGYGFDY,H3-23_A,K3-20,True,35,1,1,0.0001121424657885,7.286611579883123e-06,3.4785270525048872e-06,False,False,False,False,False,False,False,False,False,False,False,False,False,1,1,False,1.142857142857143,False,False,False,8.632579040527343,1579.7126999999998,2,0.0001121424657885,7.286611579883123e-06,74,1418,False,1418.0,False,False,False,False,0.47673183839129424,0.06497058739327588,0.031016055046571896
ARASSTWAAGRFDY,H5-51,K3-15,True,35,1,1,0.0001121424657885,7.286611579883123e-06,3.4785270525048872e-06,False,False,False,False,False,False,False,False,False,False,False,False,False,1,1,False,2.1142857142857143,False,False,False,8.79022674560547,1558.6524,2,0.0001121424657885,7.286611579883123e-06,93,1419,False,1419.0,False,False,False,False,0.47673183839129424,0.06497058739327588,0.031016055046571896
ARDLSYWSSRYLFDP,H3-23_A,K4-1,True,35,1,1,0.0001121424657885,7.286611579883123e-06,3.4785270525048872e-06,False,False,False,False,True,False,False,False,False,False,False,False,False,0,0,False,0.7133333333333335,False,False,False,6.004021835327148,1876.0318,2,0.0001121424657885,7.286611579883123e-06,169,1420,False,1420.0,False,False,False,False,0.47673183839129424,0.06497058739327588,0.031016055046571896
ARDLYRWLGFDY,H3-23_A,K4-1,True,35,1,1,0.0001121424657885,7.286611579883123e-06,3.4785270525048872e-06,False,False,False,False,False,False,False,False,False,False,False,False,False,0,0,False,-0.4333333333333331,False,False,False,6.004021835327148,1574.736,2,0.0001121424657885,7.286611579883123e-06,180,1421,False,1421.0,False,False,False,False,0.47673183839129424,0.06497058739327588,0.031016055046571896
ARDLYSLFYGFDY,H3-23_A,K3-20,True,35,1,1,0.0001121424657885,7.286611579883123e-06,3.4785270525048872e-06,False,False,False,False,False,False,False,False,False,False,False,False,False,-1,-1,False,-0.3076923076923074,False,False,False,4.207874679565429,1629.7647,1,0.0001121424657885,7.286611579883123e-06,181,1422,False,1422.0,False,False,False,False,0.47673183839129424,0.06497058739327588,0.031016055046571896
ARDRSLVWYSNFDY,H3-23_A,K4-1,True,35,1,1,0.0001121424657885,7.286611579883123e-06,3.4785270525048872e-06,False,False,False,False,False,False,False,False,False,False,False,False,False,0,0,False,1.042857142857143,False,False,False,6.004021835327148,1791.9153,2,0.0001121424657885,7.286611579883123e-06,219,1424,False,1424.0,False,False,False,False,0.47673183839129424,0.06497058739327588,0.031016055046571896
ARDVTYSRTGFDY,H3-23_A,K3-20,True,35,1,1,0.0001121424657885,7.286611579883123e-06,3.4785270525048872e-06,False,False,False,False,False,False,False,False,False,False,False,False,False,0,0,False,2.8,False,False,False,6.004021835327148,1550.627,2,0.0001121424657885,7.286611579883123e-06,255,1425,False,1425.0,False,False,False,False,0.47673183839129424,0.06497058739327588,0.031016055046571896
ARDYKLPGFYSFDY,H3-23_A,K3-15,True,35,1,1,0.0001121424657885,7.286611579883123e-06,3.4785270525048872e-06,False,False,False,False,False,False,False,False,False,False,False,False,False,0,0,False,0.9285714285714288,False,False,False,6.0022838592529295,1741.8946,1,0.0001121424657885,7.286611579883123e-06,283,1426,False,1426.0,False,False,False,False,0.47673183839129424,0.06497058739327588,0.031016055046571896
ARDYVYSYSVLGYHFDY,H3-23_A,K3-15,True,35,1,1,0.0001121424657885,7.286611579883123e-06,3.4785270525048872e-06,False,False,False,True,False,False,False,False,False,False,False,False,False,-1,0,False,0.6941176470588237,False,False,False,5.212271499633788,2118.2583,1,0.0001121424657885,7.286611579883123e-06,293,1427,False,1427.0,False,False,False,False,0.47673183839129424,0.06497058739327588,0.031016055046571896
ARERKSWYGYEFDY,H3-23_A,UNK,True,35,1,1,0.0001121424657885,7.286611579883123e-06,3.4785270525048872e-06,False,False,False,False,False,False,False,False,False,True,False,False,False,0,0,False,2.0785714285714287,False,False,False,6.223569107055664,1869.9842,2,0.0001121424657885,7.286611579883123e-06,325,1429,False,1429.0,False,False,False,False,0.47673183839129424,0.06497058739327588,0.031016055046571896
ARFGLYLGYGFDY,H3-23_A,K3-20,True,35,1,1,0.0001121424657885,7.286611579883123e-06,3.4785270525048872e-06,False,False,False,False,False,False,False,False,False,False,False,False,False,0,0,False,-0.6999999999999997,False,False,False,5.87858085632324,1541.7025999999998,1,0.0001121424657885,7.286611579883123e-06,351,1431,False,1431.0,False,False,False,False,0.47673183839129424,0.06497058739327588,0.031016055046571896
ARFTSTYRLWATGFDY,H3-23_A,K4-1,True,35,1,1,0.0001121424657885,7.286611579883123e-06,3.4785270525048872e-06,False,False,False,False,False,False,False,False,False,False,False,False,False,1,1,False,0.5625000000000002,False,False,False,8.632579040527343,1955.1317,2,0.0001121424657885,7.286611579883123e-06,381,1432,False,1432.0,False,False,False,False,0.47673183839129424,0.06497058739327588,0.031016055046571896
ARFYVYGSIGFDY,H3-23_A,K3-20,True,35,1,1,0.0001121424657885,7.286611579883123e-06,3.4785270525048872e-06,False,False,False,False,False,False,False,False,False,False,False,False,False,0,0,False,-0.1230769230769229,False,False,False,5.87858085632324,1557.702,1,0.0001121424657885,7.286611579883123e-06,386,1433,False,1433.0,False,False,False,False,0.47673183839129424,0.06497058739327588,0.031016055046571896
ARGAFGYFYSRYSGFDP,H3-23_A,K3-15,True,35,1,1,0.0001121424657885,7.286611579883123e-06,3.4785270525048872e-06,False,False,False,True,True,False,False,False,False,False,False,False,False,1,1,False,1.2647058823529411,False,False,False,8.539295959472657,1961.0946,2,0.0001121424657885,7.286611579883123e-06,388,1434,False,1434.0,False,False,False,False,0.47673183839129424,0.06497058739327588,0.031016055046571896
ARGAYSSRKFDY,H5-51,K3-20,True,35,1,1,0.0001121424657885,7.286611579883123e-06,3.4785270525048872e-06,False,False,False,False,False,False,False,False,False,False,False,False,False,2,2,False,2.833333333333333,False,False,False,9.69757843017578,1420.5283,2,0.0001121424657885,7.286611579883123e-06,396,1435,False,1435.0,False,False,False,False,0.47673183839129424,0.06497058739327588,0.031016055046571896
ARGFYPWYRYGIFDY,H3-23_A,K4-1,True,35,1,1,0.0001121424657885,7.286611579883123e-06,3.4785270525048872e-06,False,False,False,False,False,False,False,False,False,False,False,False,False,1,1,False,-0.6666666666666664,False,False,False,8.472544860839843,1974.1777,2,0.0001121424657885,7.286611579883123e-06,404,1436,False,1436.0,False,False,False,False,0.47673183839129424,0.06497058739327588,0.031016055046571896
ARGIGYSWYRGFDY,H4-34,K4-1,True,35,1,1,0.0001121424657885,7.286611579883123e-06,3.4785270525048872e-06,False,False,False,False,False,False,False,False,False,False,False,False,False,1,1,False,0.8000000000000002,False,False,False,8.539295959472657,1710.8440999999998,2,0.0001121424657885,7.286611579883123e-06,417,1437,False,1437.0,False,False,False,False,0.47673183839129424,0.06497058739327588,0.031016055046571896
ARGIYASLYRLSFDP,H3-23_A,K3-15,True,35,1,1,0.0001121424657885,7.286611579883123e-06,3.4785270525048872e-06,False,False,False,False,True,False,False,False,False,False,False,False,False,1,1,False,0.2666666666666669,False,False,False,8.632579040527343,1728.944,2,0.0001121424657885,7.286611579883123e-06,423,1439,False,1439.0,False,False,False,False,0.47673183839129424,0.06497058739327588,0.031016055046571896
ARGPLFYWPYTAFDP,H3-23_A,K3-20,True,35,1,1,0.0001121424657885,7.286611579883123e-06,3.4785270525048872e-06,False,False,False,True,True,False,False,False,False,False,False,False,False,0,0,False,-0.3866666666666665,False,False,False,5.87944984436035,1801.0065,1,0.0001121424657885,7.286611579883123e-06,465,1442,False,1442.0,False,False,False,False,0.47673183839129424,0.06497058739327588,0.031016055046571896
ARGPSPWSRGFDY,H3-23_A,K3-20,True,35,1,1,0.0001121424657885,7.286611579883123e-06,3.4785270525048872e-06,False,False,False,False,False,False,False,False,False,False,False,False,False,1,1,False,2.1538461538461537,False,False,False,8.79022674560547,1495.5965,2,0.0001121424657885,7.286611579883123e-06,478,1443,False,1443.0,False,False,False,False,0.47673183839129424,0.06497058739327588,0.031016055046571896
ARGRIGSYGFDY,H3-23_A,K3-20,True,35,1,1,0.0001121424657885,7.286611579883123e-06,3.4785270525048872e-06,False,False,False,False,False,False,False,False,False,False,False,False,False,1,1,False,1.925,False,False,False,8.632579040527343,1361.461,2,0.0001121424657885,7.286611579883123e-06,514,1444,False,1444.0,False,False,False,False,0.47673183839129424,0.06497058739327588,0.031016055046571896
ARGYGFSRFDY,H3-23_A,K4-1,True,35,1,1,0.0001121424657885,7.286611579883123e-06,3.4785270525048872e-06,False,False,False,False,False,False,False,False,False,False,False,False,False,1,1,False,1.4727272727272729,False,False,False,8.632579040527343,1338.4259,2,0.0001121424657885,7.286611579883123e-06,602,1448,False,1448.0,False,False,False,False,0.47673183839129424,0.06497058739327588,0.031016055046571896
ARGYTLYTFDY,H3-23_A,K3-20,True,35,1,1,0.0001121424657885,7.286611579883123e-06,3.4785270525048872e-06,False,False,False,False,False,False,False,False,False,False,False,False,False,0,0,False,0.7545454545454547,False,False,False,5.87858085632324,1369.4764,1,0.0001121424657885,7.286611579883123e-06,616,1449,False,1449.0,False,False,False,False,0.47673183839129424,0.06497058739327588,0.031016055046571896
ARHQYGPFGYWQYWFDP,H3-23_A,K1-39,True,35,1,1,0.0001121424657885,7.286611579883123e-06,3.4785270525048872e-06,False,False,False,True,True,False,False,False,False,False,False,False,False,0,1,False,0.1117647058823531,False,False,False,6.786059951782226,2218.384,1,0.0001121424657885,7.286611579883123e-06,685,1451,False,1451.0,False,False,False,False,0.47673183839129424,0.06497058739327588,0.031016055046571896
ARHRYVSLGSHGFDY,H3-23_A,K4-1,True,35,1,1,0.0001121424657885,7.286611579883123e-06,3.4785270525048872e-06,False,False,False,False,False,False,False,False,False,False,False,False,False,1,3,False,1.5466666666666669,False,False,False,8.644651794433596,1764.8966,2,0.0001121424657885,7.286611579883123e-06,714,1452,False,1452.0,False,False,False,False,0.47673183839129424,0.06497058739327588,0.031016055046571896
ARIFRGYWITGNWAFDY,H3-23_A,K3-20,True,35,1,1,0.0001121424657885,7.286611579883123e-06,3.4785270525048872e-06,False,False,False,False,False,False,False,False,False,False,False,False,False,1,1,False,-0.7058823529411763,False,False,False,8.632579040527343,2136.368,2,0.0001121424657885,7.286611579883123e-06,750,1453,False,1453.0,False,False,False,False,0.47673183839129424,0.06497058739327588,0.031016055046571896
ARILTTYLLTHGFDY,H3-23_A,K3-20,True,35,1,1,0.0001121424657885,7.286611579883123e-06,3.4785270525048872e-06,False,False,False,False,False,False,False,False,False,False,False,False,False,0,1,False,-0.593333333333333,False,False,False,6.787184524536133,1784.0192000000002,1,0.0001121424657885,7.286611579883123e-06,767,1454,False,1454.0,False,False,False,False,0.47673183839129424,0.06497058739327588,0.031016055046571896
ARLGVWRSGLFDY,H3-23_A,K3-20,True,35,1,1,0.0001121424657885,7.286611579883123e-06,3.4785270525048872e-06,False,False,False,False,False,False,False,False,False,False,False,False,False,1,1,False,-0.369230769230769,False,False,False,8.79022674560547,1539.735,2,0.0001121424657885,7.286611579883123e-06,847,1456,False,1456.0,False,False,False,False,0.47673183839129424,0.06497058739327588,0.031016055046571896
ARLTWHARTSWLFDY,H3-23_A,K3-15,True,35,1,1,0.0001121424657885,7.286611579883123e-06,3.4785270525048872e-06,False,False,False,False,False,False,False,False,False,False,False,False,False,1,2,False,-0.5266666666666665,False,False,False,8.796192932128907,1923.1363,2,0.0001121424657885,7.286611579883123e-06,934,1458,False,1458.0,False,False,False,False,0.47673183839129424,0.06497058739327588,0.031016055046571896
ARPWSQSTVLYGFDP,H3-23_A,K3-20,True,35,1,1,0.0001121424657885,7.286611579883123e-06,3.4785270525048872e-06,False,False,False,False,True,False,False,False,False,False,False,False,False,0,0,False,1.0933333333333335,False,False,False,5.880318832397459,1723.8811999999998,1,0.0001121424657885,7.286611579883123e-06,1028,1461,False,1461.0,False,False,False,False,0.47673183839129424,0.06497058739327588,0.031016055046571896
ARSFISYRWYGFDY,H3-23_A,K3-15,True,35,1,1,0.0001121424657885,7.286611579883123e-06,3.4785270525048872e-06,False,False,False,False,False,False,False,False,False,False,False,False,False,1,1,False,-0.207142857142857,False,False,False,8.539295959472657,1830.9926,2,0.0001121424657885,7.286611579883123e-06,1077,1462,False,1462.0,False,False,False,False,0.47673183839129424,0.06497058739327588,0.031016055046571896
ARSGVSWSTLYVFDP,H3-23_A,K3-20,True,35,1,1,0.0001121424657885,7.286611579883123e-06,3.4785270525048872e-06,False,False,False,False,True,False,False,False,False,False,False,False,False,0,0,False,0.7400000000000001,False,False,False,5.880318832397459,1684.8451,1,0.0001121424657885,7.286611579883123e-06,1082,1463,False,1463.0,False,False,False,False,0.47673183839129424,0.06497058739327588,0.031016055046571896
ARSWVPYVWDVFDY,H3-23_A,K3-20,True,35,1,1,0.0001121424657885,7.286611579883123e-06,3.4785270525048872e-06,False,False,False,False,False,False,False,False,False,False,False,False,False,-1,-1,False,-0.6571428571428571,False,False,False,4.207874679565429,1802.9792,1,0.0001121424657885,7.286611579883123e-06,1148,1464,False,1464.0,False,False,False,False,0.47673183839129424,0.06497058739327588,0.031016055046571896
ARTSWGLAGYHPHFDP,H3-23_A,K4-1,True,35,1,1,0.0001121424657885,7.286611579883123e-06,3.4785270525048872e-06,False,False,False,False,True,False,False,False,False,False,False,False,False,0,2,False,1.225,False,False,False,6.960470962524414,1811.9515,1,0.0001121424657885,7.286611579883123e-06,1188,1468,False,1468.0,False,False,False,False,0.47673183839129424,0.06497058739327588,0.031016055046571896
ARVAYVYPLVAFDY,H3-23_A,UNK,True,35,1,1,0.0001121424657885,7.286611579883123e-06,3.4785270525048872e-06,False,False,False,False,False,False,False,False,False,False,False,False,False,0,0,False,-0.8999999999999998,False,False,False,5.87858085632324,1646.8812999999998,1,0.0001121424657885,7.286611579883123e-06,1213,1469,False,1469.0,False,False,False,False,0.47673183839129424,0.06497058739327588,0.031016055046571896
ARVTYLKPSGFDY,H3-23_A,K3-20,True,35,1,1,0.0001121424657885,7.286611579883123e-06,3.4785270525048872e-06,False,False,False,False,False,False,False,False,False,False,False,False,False,1,1,False,1.2000000000000002,False,False,False,8.54006805419922,1516.6951,1,0.0001121424657885,7.286611579883123e-06,1334,1470,False,1470.0,False,False,False,False,0.47673183839129424,0.06497058739327588,0.031016055046571896
ARYGRYATTPWHFDY,H3-23_A,K4-1,True,35,1,1,0.0001121424657885,7.286611579883123e-06,3.4785270525048872e-06,False,False,False,True,False,False,False,False,False,False,False,False,False,1,2,False,1.2000000000000002,False,False,False,8.545542907714843,1904.0468,2,0.0001121424657885,7.286611579883123e-06,1413,1472,False,1472.0,False,False,False,False,0.47673183839129424,0.06497058739327588,0.031016055046571896
ARYLYRYVGHSFDY,H3-23_A,K1-39,True,35,1,1,0.0001121424657885,7.286611579883123e-06,3.4785270525048872e-06,False,False,False,False,False,False,False,False,False,False,False,False,False,1,2,False,0.3642857142857144,False,False,False,8.478932189941407,1809.9751,2,0.0001121424657885,7.286611579883123e-06,1442,1475,False,1475.0,False,False,False,False,0.47673183839129424,0.06497058739327588,0.031016055046571896
ARYSTYWYSHFDY,H3-23_A,K1-39,True,35,1,1,0.0001121424657885,7.286611579883123e-06,3.4785270525048872e-06,False,False,False,True,False,False,False,False,False,False,False,False,False,0,1,False,0.7538461538461539,False,False,False,6.78493537902832,1758.8406,1,0.0001121424657885,7.286611579883123e-06,1479,1477,False,1477.0,False,False,False,False,0.47673183839129424,0.06497058739327588,0.031016055046571896
ARYWGSSYWSTSAFDP,H3-23_A,K3-20,True,35,1,1,0.0001121424657885,7.286611579883123e-06,3.4785270525048872e-06,False,False,False,False,True,False,False,False,False,False,False,False,False,0,0,False,1.525,False,False,False,5.87944984436035,1880.9638,1,0.0001121424657885,7.286611579883123e-06,1489,1478,False,1478.0,False,False,False,False,0.47673183839129424,0.06497058739327588,0.031016055046571896
AITYSAGLYAWYDFDP,H4-34,K1-39,True,34,1,1,0.0001089383953374,7.286611579883123e-06,3.4785270525048872e-06,False,False,False,False,True,False,False,False,False,True,False,False,False,-2,-2,False,0.2312500000000001,False,False,False,4.050025558471679,1852.99,0,0.0001089383953374,7.286611579883123e-06,1,1479,False,1479.0,False,False,False,False,0.47673183839129424,0.0668813116275588,0.031928208228605016
ARAFRGYWSVDWFDP,H4-34,K3-20,True,34,1,1,0.0001089383953374,7.286611579883123e-06,3.4785270525048872e-06,False,False,False,False,True,False,False,False,False,False,False,False,False,0,0,False,0.1933333333333334,False,False,False,6.004890823364257,1873.0327,2,0.0001089383953374,7.286611579883123e-06,18,1480,False,1480.0,False,False,False,False,0.47673183839129424,0.0668813116275588,0.031928208228605016
ARARGSYIASAFDY,H5-51,K3-15,True,34,1,1,0.0001089383953374,7.286611579883123e-06,3.4785270525048872e-06,False,False,False,False,False,False,False,False,False,False,False,False,False,1,1,False,1.75,False,False,False,8.632579040527343,1547.6694,2,0.0001089383953374,7.286611579883123e-06,50,1484,False,1484.0,False,False,False,False,0.47673183839129424,0.0668813116275588,0.031928208228605016
ARAWAVYSVSTFDY,H3-23_A,K3-20,True,34,1,1,0.0001089383953374,7.286611579883123e-06,3.4785270525048872e-06,False,False,False,False,False,False,False,False,False,False,False,False,False,0,0,False,0.5928571428571429,False,False,False,5.87944984436035,1635.7727,1,0.0001089383953374,7.286611579883123e-06,114,1486,False,1486.0,False,False,False,False,0.47673183839129424,0.0668813116275588,0.031928208228605016
ARDIYSWYGWEGFDI,H3-23_A,K3-15,True,34,1,1,0.0001089383953374,7.286611579883123e-06,3.4785270525048872e-06,False,False,False,False,False,False,False,False,False,False,False,False,False,-2,-2,False,0.2000000000000001,False,False,False,4.050025558471679,1878.0028,1,0.0001089383953374,7.286611579883123e-06,154,1487,False,1487.0,False,False,False,False,0.47673183839129424,0.0668813116275588,0.031928208228605016
ARDLTAIYWTYFDY,H3-23_A,K1-39,True,34,1,1,0.0001089383953374,7.286611579883123e-06,3.4785270525048872e-06,False,False,False,False,False,False,False,False,False,False,False,False,False,-1,-1,False,-0.2357142857142855,False,False,False,4.207874679565429,1797.9579,1,0.0001089383953374,7.286611579883123e-06,171,1488,False,1488.0,False,False,False,False,0.47673183839129424,0.0668813116275588,0.031928208228605016
ARDLWATWGFDY,H3-23_A,K3-20,True,34,1,1,0.0001089383953374,7.286611579883123e-06,3.4785270525048872e-06,False,False,False,False,False,False,False,False,False,False,False,False,False,-1,-1,False,-0.0833333333333331,False,False,False,4.207874679565429,1500.6112,1,0.0001089383953374,7.286611579883123e-06,176,1489,False,1489.0,False,False,False,False,0.47673183839129424,0.0668813116275588,0.031928208228605016
ARDLWLSSYTGFDY,H3-23_A,K3-20,True,34,1,1,0.0001089383953374,7.286611579883123e-06,3.4785270525048872e-06,False,False,False,False,False,False,False,False,False,False,False,False,False,-1,-1,False,0.6285714285714288,False,False,False,4.207874679565429,1693.8088,1,0.0001089383953374,7.286611579883123e-06,177,1490,False,1490.0,False,False,False,False,0.47673183839129424,0.0668813116275588,0.031928208228605016
ARDWADYVYWSGFDY,H3-23_A,K4-1,True,34,1,1,0.0001089383953374,7.286611579883123e-06,3.4785270525048872e-06,False,False,False,False,False,False,False,False,False,False,False,False,False,-2,-2,False,0.8000000000000002,False,False,False,4.050025558471679,1913.9918,1,0.0001089383953374,7.286611579883123e-06,260,1492,False,1492.0,False,False,False,False,0.47673183839129424,0.0668813116275588,0.031928208228605016
ARDYWRYGFYGAFDI,H1-69,K3-15,True,34,1,1,0.0001089383953374,7.286611579883123e-06,3.4785270525048872e-06,False,False,False,False,False,False,False,False,False,False,False,False,False,0,0,False,0.1266666666666668,False,False,False,6.003152847290039,1900.0546,2,0.0001089383953374,7.286611579883123e-06,295,1494,False,1494.0,False,False,False,False,0.47673183839129424,0.0668813116275588,0.031928208228605016
ARDYWYGYGYSYGFDY,H3-23_A,K3-20,True,34,1,1,0.0001089383953374,7.286611579883123e-06,3.4785270525048872e-06,False,False,False,True,False,False,False,False,False,False,False,False,False,-1,-1,False,1.20625,False,False,False,4.207874679565429,2046.1078,1,0.0001089383953374,7.286611579883123e-06,271,1495,False,1495.0,False,False,False,False,0.47673183839129424,0.0668813116275588,0.031928208228605016
AREYVFATGYRYWFDP,H3-23_A,K3-20,True,34,1,1,0.0001089383953374,7.286611579883123e-06,3.4785270525048872e-06,False,False,False,True,True,False,False,False,False,False,False,False,False,0,0,False,0.3500000000000001,False,False,False,6.112389755249024,2041.2224,2,0.0001089383953374,7.286611579883123e-06,347,1497,False,1497.0,False,False,False,False,0.47673183839129424,0.0668813116275588,0.031928208228605016
ARFSGYALLGFDY,H3-23_A,K1-39,True,34,1,1,0.0001089383953374,7.286611579883123e-06,3.4785270525048872e-06,False,False,False,False,False,False,False,False,False,False,False,False,False,0,0,False,-0.3307692307692305,False,False,False,5.87944984436035,1479.6333,1,0.0001089383953374,7.286611579883123e-06,377,1498,False,1498.0,False,False,False,False,0.47673183839129424,0.0668813116275588,0.031928208228605016
ARGFATVYGSARFDY,H3-23_A,K4-1,True,34,1,1,0.0001089383953374,7.286611579883123e-06,3.4785270525048872e-06,False,False,False,False,False,False,False,False,False,False,False,False,False,1,1,False,1.4600000000000002,False,False,False,8.632579040527343,1680.8166,2,0.0001089383953374,7.286611579883123e-06,400,1499,False,1499.0,False,False,False,False,0.47673183839129424,0.0668813116275588,0.031928208228605016
ARGKYWRAYAYSFDY,H3-23_A,K1-39,True,34,1,1,0.0001089383953374,7.286611579883123e-06,3.4785270525048872e-06,False,False,False,False,False,False,False,False,False,False,False,False,False,2,2,False,1.0533333333333337,False,False,False,9.40341033935547,1917.0852,2,0.0001089383953374,7.286611579883123e-06,429,1500,False,1500.0,False,False,False,False,0.47673183839129424,0.0668813116275588,0.031928208228605016
ARGPHSSYAFGFDY,H3-23_A,K3-20,True,34,1,1,0.0001089383953374,7.286611579883123e-06,3.4785270525048872e-06,False,False,False,False,False,False,False,False,False,False,False,False,False,0,1,False,1.7714285714285718,False,False,False,6.787184524536133,1574.6499,1,0.0001089383953374,7.286611579883123e-06,460,1501,False,1501.0,False,False,False,False,0.47673183839129424,0.0668813116275588,0.031928208228605016
ARGPIHYVRGLYGFDY,H1-69,K3-15,True,34,1,1,0.0001089383953374,7.286611579883123e-06,3.4785270525048872e-06,False,False,False,False,False,False,False,False,False,False,False,False,False,1,2,False,0.3750000000000001,False,False,False,8.545542907714843,1884.1,2,0.0001089383953374,7.286611579883123e-06,462,1502,False,1502.0,False,False,False,False,0.47673183839129424,0.0668813116275588,0.031928208228605016
ARGPVFGTYWGFDY,H3-23_A,UNK,True,34,1,1,0.0001089383953374,7.286611579883123e-06,3.4785270525048872e-06,False,False,False,False,False,False,False,False,False,False,False,False,False,0,0,False,0.342857142857143,False,False,False,5.87944984436035,1635.7741999999998,1,0.0001089383953374,7.286611579883123e-06,482,1503,False,1503.0,False,False,False,False,0.47673183839129424,0.0668813116275588,0.031928208228605016
ARGPYWYALGPLGLFDY,H3-23_A,K3-20,True,34,1,1,0.0001089383953374,7.286611579883123e-06,3.4785270525048872e-06,False,False,False,True,False,False,False,False,False,False,False,False,False,0,0,False,-0.752941176470588,False,False,False,5.87858085632324,1959.2046,1,0.0001089383953374,7.286611579883123e-06,497,1504,False,1504.0,False,False,False,False,0.47673183839129424,0.0668813116275588,0.031928208228605016
ARGQGQYAFDY,H5-51,K3-15,True,34,1,1,0.0001089383953374,7.286611579883123e-06,3.4785270525048872e-06,False,False,False,False,False,False,False,False,False,False,False,False,False,0,0,False,2.618181818181818,False,False,False,5.87944984436035,1275.3254,1,0.0001089383953374,7.286611579883123e-06,498,1505,False,1505.0,False,False,False,False,0.47673183839129424,0.0668813116275588,0.031928208228605016
ARGRSSSGNAFDY,H5-51,UNK,True,34,1,1,0.0001089383953374,7.286611579883123e-06,3.4785270525048872e-06,False,False,False,False,False,False,False,False,False,False,False,False,False,1,1,False,3.8,False,False,False,8.79022674560547,1387.414,2,0.0001089383953374,7.286611579883123e-06,522,1507,False,1507.0,False,False,False,False,0.47673183839129424,0.0668813116275588,0.031928208228605016
ARHGTKRNAFDY,H5-51,K3-15,True,34,1,1,0.0001089383953374,7.286611579883123e-06,3.4785270525048872e-06,False,False,False,False,False,False,False,False,False,False,False,False,False,2,3,False,3.1,False,False,False,9.98683319091797,1435.5463,2,0.0001089383953374,7.286611579883123e-06,642,1509,False,1509.0,False,False,False,False,0.47673183839129424,0.0668813116275588,0.031928208228605016
ARHGYSGHLWGFDY,H3-23_A,K3-20,True,34,1,1,0.0001089383953374,7.286611579883123e-06,3.4785270525048872e-06,False,False,False,False,False,False,False,False,False,False,False,False,False,0,2,False,0.8500000000000002,False,False,False,6.959295272827148,1665.7638,1,0.0001089383953374,7.286611579883123e-06,646,1510,False,1510.0,False,False,False,False,0.47673183839129424,0.0668813116275588,0.031928208228605016
ARHPLYWYGTSWYGFDY,H3-23_A,K4-1,True,34,1,1,0.0001089383953374,7.286611579883123e-06,3.4785270525048872e-06,False,False,False,True,False,False,False,False,False,False,False,False,False,0,1,False,-0.1411764705882351,False,False,False,6.78493537902832,2182.3486000000003,1,0.0001089383953374,7.286611579883123e-06,674,1511,False,1511.0,False,False,False,False,0.47673183839129424,0.0668813116275588,0.031928208228605016
ARHRGSYQWIDFDY,H3-23_A,K1-39,True,34,1,1,0.0001089383953374,7.286611579883123e-06,3.4785270525048872e-06,False,False,False,False,False,False,False,False,False,True,False,False,False,0,1,False,1.4142857142857144,False,False,False,6.790507125854492,1813.9242,2,0.0001089383953374,7.286611579883123e-06,691,1513,False,1513.0,False,False,False,False,0.47673183839129424,0.0668813116275588,0.031928208228605016
ARHYRWYWSYGFDY,H1-69,K1-39,True,34,1,1,0.0001089383953374,7.286611579883123e-06,3.4785270525048872e-06,False,False,False,True,False,False,False,False,False,False,False,False,False,1,2,False,-0.1428571428571427,False,False,False,8.478932189941407,1970.1063,2,0.0001089383953374,7.286611579883123e-06,743,1514,False,1514.0,False,False,False,False,0.47673183839129424,0.0668813116275588,0.031928208228605016
ARKRTFYIGLTNNAFDI,H3-23_A,K3-20,True,34,1,1,0.0001089383953374,7.286611579883123e-06,3.4785270525048872e-06,False,False,True,False,False,False,False,False,False,False,False,False,False,2,2,False,0.7588235294117649,False,False,False,9.98676300048828,2000.2601,2,0.0001089383953374,7.286611579883123e-06,815,1516,False,1516.0,False,False,False,False,0.47673183839129424,0.0668813116275588,0.031928208228605016
ARLARWYATGFYVFDY,H1-69,K3-15,True,34,1,1,0.0001089383953374,7.286611579883123e-06,3.4785270525048872e-06,False,False,False,False,False,False,False,False,False,False,False,False,False,1,1,False,-0.7124999999999998,False,False,False,8.539295959472657,1999.2287,2,0.0001089383953374,7.286611579883123e-06,825,1517,False,1517.0,False,False,False,False,0.47673183839129424,0.0668813116275588,0.031928208228605016
ARLHSSWYGYSYAFDY,H1-69,K1-39,True,34,1,1,0.0001089383953374,7.286611579883123e-06,3.4785270525048872e-06,False,False,False,False,False,False,False,False,False,False,False,False,False,0,1,False,0.6062500000000002,False,False,False,6.78493537902832,1986.1008,1,0.0001089383953374,7.286611579883123e-06,856,1518,False,1518.0,False,False,False,False,0.47673183839129424,0.0668813116275588,0.031928208228605016
ARLLFSYTRYFDY,H4-34,K3-15,True,34,1,1,0.0001089383953374,7.286611579883123e-06,3.4785270525048872e-06,False,False,False,False,False,False,False,False,False,False,False,False,False,1,1,False,-0.792307692307692,False,False,False,8.539295959472657,1714.9156,2,0.0001089383953374,7.286611579883123e-06,871,1519,False,1519.0,False,False,False,False,0.47673183839129424,0.0668813116275588,0.031928208228605016
ARLLPYRYGPGSYGFDI,H3-23_A,K4-1,True,34,1,1,0.0001089383953374,7.286611579883123e-06,3.4785270525048872e-06,False,False,False,False,False,False,False,False,False,False,False,False,False,1,1,False,0.4117647058823531,False,False,False,8.539295959472657,1945.1798,2,0.0001089383953374,7.286611579883123e-06,872,1520,False,1520.0,False,False,False,False,0.47673183839129424,0.0668813116275588,0.031928208228605016
ARLQGTIRGWSFDY,H3-23_A,K3-20,True,34,1,1,0.0001089383953374,7.286611579883123e-06,3.4785270525048872e-06,False,False,False,False,False,False,False,False,False,False,False,False,False,1,1,False,0.8071428571428573,False,False,False,8.79022674560547,1669.8371,2,0.0001089383953374,7.286611579883123e-06,881,1521,False,1521.0,False,False,False,False,0.47673183839129424,0.0668813116275588,0.031928208228605016
ARLSARSYGWHAFDP,H3-23_A,K4-1,True,34,1,1,0.0001089383953374,7.286611579883123e-06,3.4785270525048872e-06,False,False,False,False,True,False,False,False,False,False,False,False,False,1,2,False,1.1533333333333335,False,False,False,8.796192932128907,1733.8827,2,0.0001089383953374,7.286611579883123e-06,911,1522,False,1522.0,False,False,False,False,0.47673183839129424,0.0668813116275588,0.031928208228605016
ARLSSIWLNYGFDY,H3-23_A,K3-15,True,34,1,1,0.0001089383953374,7.286611579883123e-06,3.4785270525048872e-06,False,False,False,False,False,False,False,False,False,False,False,False,False,0,0,False,-0.5285714285714284,False,False,False,5.87944984436035,1704.8776999999998,1,0.0001089383953374,7.286611579883123e-06,919,1523,False,1523.0,False,False,False,False,0.47673183839129424,0.0668813116275588,0.031928208228605016
ARLTRGSGAYHFDY,H1-69,K4-1,True,34,1,1,0.0001089383953374,7.286611579883123e-06,3.4785270525048872e-06,False,False,False,True,False,False,False,False,False,False,False,False,False,1,2,False,1.8285714285714287,False,False,False,8.638685607910158,1613.7307999999998,2,0.0001089383953374,7.286611579883123e-06,928,1524,False,1524.0,False,False,False,False,0.47673183839129424,0.0668813116275588,0.031928208228605016
ARLTVRHSGASTVLFDP,H3-23_A,K3-15,True,34,1,1,0.0001089383953374,7.286611579883123e-06,3.4785270525048872e-06,False,False,False,False,True,False,False,False,False,False,False,False,False,1,2,False,1.2294117647058824,False,False,False,9.648936462402345,1827.0491,2,0.0001089383953374,7.286611579883123e-06,933,1525,False,1525.0,False,False,False,False,0.47673183839129424,0.0668813116275588,0.031928208228605016
ARPHYTAAYGFDY,H3-23_A,UNK,True,34,1,1,0.0001089383953374,7.286611579883123e-06,3.4785270525048872e-06,False,False,False,False,False,False,False,False,False,False,False,False,False,0,1,False,1.5923076923076924,False,False,False,6.786059951782226,1531.6252,1,0.0001089383953374,7.286611579883123e-06,980,1526,False,1526.0,False,False,False,False,0.47673183839129424,0.0668813116275588,0.031928208228605016
ARPYALAKAGFDY,H3-23_A,K3-20,True,34,1,1,0.0001089383953374,7.286611579883123e-06,3.4785270525048872e-06,False,False,False,False,False,False,False,False,False,False,False,False,False,1,1,False,1.0692307692307694,False,False,False,8.54006805419922,1442.6165999999998,1,0.0001089383953374,7.286611579883123e-06,1030,1528,False,1528.0,False,False,False,False,0.47673183839129424,0.0668813116275588,0.031928208228605016
ARQSAYVWTYGFDY,H4-34,K4-1,True,34,1,1,0.0001089383953374,7.286611579883123e-06,3.4785270525048872e-06,False,False,False,False,False,False,False,False,False,False,False,False,False,0,0,False,0.942857142857143,False,False,False,5.87858085632324,1726.8402,1,0.0001089383953374,7.286611579883123e-06,1067,1529,False,1529.0,False,False,False,False,0.47673183839129424,0.0668813116275588,0.031928208228605016
ARQSSYWARNNFDY,H3-23_A,K3-20,True,34,1,1,0.0001089383953374,7.286611579883123e-06,3.4785270525048872e-06,False,False,True,False,False,False,False,False,False,False,False,False,False,1,1,False,2.3285714285714287,False,False,False,8.632579040527343,1777.849,2,0.0001089383953374,7.286611579883123e-06,1070,1530,False,1530.0,False,False,False,False,0.47673183839129424,0.0668813116275588,0.031928208228605016
ARQSYDVYGRFDY,H3-23_A,K4-1,True,34,1,1,0.0001089383953374,7.286611579883123e-06,3.4785270525048872e-06,False,False,False,False,False,False,False,False,False,False,False,False,False,0,0,False,2.315384615384616,False,False,False,6.003152847290039,1639.7216,2,0.0001089383953374,7.286611579883123e-06,1071,1531,False,1531.0,False,False,False,False,0.47673183839129424,0.0668813116275588,0.031928208228605016
ARSSHRSGESGEAFDP,H5-51,K3-15,True,34,1,1,0.0001089383953374,7.286611579883123e-06,3.4785270525048872e-06,False,False,False,False,True,False,False,False,False,False,False,False,False,-1,0,False,4.4125,False,False,False,5.447256088256835,1689.698,2,0.0001089383953374,7.286611579883123e-06,1131,1532,False,1532.0,False,False,False,False,0.47673183839129424,0.0668813116275588,0.031928208228605016
ARTTSTGVSSPFDY,H5-51,UNK,True,34,1,1,0.0001089383953374,7.286611579883123e-06,3.4785270525048872e-06,False,False,False,False,False,False,False,False,False,False,False,False,False,0,0,False,3.1714285714285717,False,False,False,5.880318832397459,1488.5544,1,0.0001089383953374,7.286611579883123e-06,1192,1535,False,1535.0,False,False,False,False,0.47673183839129424,0.0668813116275588,0.031928208228605016
ARTWLRYKYDYAFDI,H3-23_A,K4-1,True,34,1,1,0.0001089383953374,7.286611579883123e-06,3.4785270525048872e-06,False,False,False,False,False,False,False,False,False,False,False,False,False,1,1,False,0.0933333333333335,False,False,False,8.472615051269532,1981.212,2,0.0001089383953374,7.286611579883123e-06,1196,1536,False,1536.0,False,False,False,False,0.47673183839129424,0.0668813116275588,0.031928208228605016
ARVQPYWGWYSYGWFDP,H3-23_A,K1-39,True,34,1,1,0.0001089383953374,7.286611579883123e-06,3.4785270525048872e-06,False,False,False,False,True,False,False,False,False,False,False,False,False,0,0,False,-0.2470588235294116,False,True,False,5.87858085632324,2178.3599,1,0.0001089383953374,7.286611579883123e-06,1267,1537,False,1537.0,False,False,False,False,0.47673183839129424,0.0668813116275588,0.031928208228605016
ARVRKWFYEEYFDY,H3-23_A,K3-20,True,34,1,1,0.0001089383953374,7.286611579883123e-06,3.4785270525048872e-06,False,False,False,True,False,False,False,False,False,True,False,False,False,0,0,False,0.2857142857142858,False,False,False,6.223569107055664,1972.1604,2,0.0001089383953374,7.286611579883123e-06,1280,1538,False,1538.0,False,False,False,False,0.47673183839129424,0.0668813116275588,0.031928208228605016
ARVSRWKVYTNLFDY,H1-69,K1-39,True,34,1,1,0.0001089383953374,7.286611579883123e-06,3.4785270525048872e-06,False,False,False,False,False,False,False,False,False,False,False,False,False,2,2,False,0.3533333333333335,False,False,False,9.69757843017578,1918.1578,2,0.0001089383953374,7.286611579883123e-06,1315,1541,False,1541.0,False,False,False,False,0.47673183839129424,0.0668813116275588,0.031928208228605016
ARVSSKPVYWGYHFDI,H4-34,K4-1,True,34,1,1,0.0001089383953374,7.286611579883123e-06,3.4785270525048872e-06,False,False,False,True,False,False,False,False,False,False,False,False,False,1,2,False,0.4062500000000001,False,False,False,8.546315002441407,1925.1487,1,0.0001089383953374,7.286611579883123e-06,1317,1542,False,1542.0,False,False,False,False,0.47673183839129424,0.0668813116275588,0.031928208228605016
ARVSTGWSFRYGFDP,H3-23_A,K1-39,True,34,1,1,0.0001089383953374,7.286611579883123e-06,3.4785270525048872e-06,False,False,False,False,True,False,False,False,False,False,False,False,False,1,1,False,1.2133333333333336,False,False,False,8.79022674560547,1745.89,2,0.0001089383953374,7.286611579883123e-06,1318,1543,False,1543.0,False,False,False,False,0.47673183839129424,0.0668813116275588,0.031928208228605016
ARVSVFSYFSGFDY,H3-23_A,K3-15,True,34,1,1,0.0001089383953374,7.286611579883123e-06,3.4785270525048872e-06,False,False,False,False,False,False,False,False,False,False,False,False,False,0,0,False,0.192857142857143,False,False,False,5.87944984436035,1644.7793,1,0.0001089383953374,7.286611579883123e-06,1319,1544,False,1544.0,False,False,False,False,0.47673183839129424,0.0668813116275588,0.031928208228605016
ARWTHYVDAWYGAGFDP,H3-23_A,K3-20,True,34,1,1,0.0001089383953374,7.286611579883123e-06,3.4785270525048872e-06,False,False,False,False,True,False,False,False,False,False,False,False,False,-1,0,False,0.8588235294117648,False,False,False,5.212373733520507,2012.1415,1,0.0001089383953374,7.286611579883123e-06,1388,1547,False,1547.0,False,False,False,False,0.47673183839129424,0.0668813116275588,0.031928208228605016
ARWYGYRWFGYTFDY,H1-69,K1-39,True,34,1,1,0.0001089383953374,7.286611579883123e-06,3.4785270525048872e-06,False,False,False,False,False,False,False,False,False,False,False,False,False,1,1,False,-0.5933333333333332,False,False,False,8.472544860839843,2051.2187,2,0.0001089383953374,7.286611579883123e-06,1399,1548,False,1548.0,False,False,False,False,0.47673183839129424,0.0668813116275588,0.031928208228605016
ARWYRGWSIWGNAFDI,H1-69,K3-15,True,34,1,1,0.0001089383953374,7.286611579883123e-06,3.4785270525048872e-06,False,False,False,False,False,False,False,False,False,False,False,False,False,1,1,False,-0.5999999999999999,False,True,False,8.79022674560547,1998.2043,2,0.0001089383953374,7.286611579883123e-06,1400,1549,False,1549.0,False,False,False,False,0.47673183839129424,0.0668813116275588,0.031928208228605016
ARYLGAGRYFDY,H3-23_A,K3-20,True,34,1,1,0.0001089383953374,7.286611579883123e-06,3.4785270525048872e-06,False,False,False,False,False,False,False,False,False,False,False,False,False,1,1,False,0.8250000000000002,False,False,False,8.539295959472657,1451.5835,2,0.0001089383953374,7.286611579883123e-06,1430,1550,False,1550.0,False,False,False,False,0.47673183839129424,0.0668813116275588,0.031928208228605016
ARYNRDWVEYFDY,H3-23_A,K3-20,True,34,1,1,0.0001089383953374,7.286611579883123e-06,3.4785270525048872e-06,False,False,False,False,False,False,False,False,False,False,False,False,False,-1,-1,False,1.284615384615385,False,False,False,4.558281326293945,1796.8902999999998,2,0.0001089383953374,7.286611579883123e-06,1443,1551,False,1551.0,False,False,False,False,0.47673183839129424,0.0668813116275588,0.031928208228605016
ARASGYLPGWIGFDY,H3-23_A,K1-39,True,33,1,1,0.0001057343248863,7.286611579883123e-06,3.4785270525048872e-06,False,False,False,False,False,False,False,False,False,False,False,False,False,0,0,False,0.2600000000000002,False,False,False,5.87944984436035,1672.8359,1,0.0001057343248863,7.286611579883123e-06,85,1552,False,1552.0,False,False,False,False,0.47673183839129424,0.06890782637950493,0.032895638193776555
ARASRWYFGQYLFDP,H4-34,K4-1,True,33,1,1,0.0001057343248863,7.286611579883123e-06,3.4785270525048872e-06,False,False,False,True,True,False,False,False,False,False,False,False,False,1,1,False,0.1000000000000002,False,False,False,8.632579040527343,1877.0644,2,0.0001057343248863,7.286611579883123e-06,90,1554,False,1554.0,False,False,False,False,0.47673183839129424,0.06890782637950493,0.032895638193776555
ARAWTVSSWAHHFDY,H3-23_A,K3-20,True,33,1,1,0.0001057343248863,7.286611579883123e-06,3.4785270525048872e-06,False,False,False,True,False,False,False,False,False,False,False,False,False,0,2,False,0.5400000000000001,False,False,False,6.960470962524414,1833.957,1,0.0001057343248863,7.286611579883123e-06,120,1555,False,1555.0,False,False,False,False,0.47673183839129424,0.06890782637950493,0.032895638193776555
ARDLAGRGWYPFDY,H3-23_A,K1-39,True,33,1,1,0.0001057343248863,7.286611579883123e-06,3.4785270525048872e-06,False,False,False,False,False,False,False,False,False,False,False,False,False,0,0,False,0.992857142857143,False,False,False,6.004021835327148,1686.8228,2,0.0001057343248863,7.286611579883123e-06,155,1556,False,1556.0,False,False,False,False,0.47673183839129424,0.06890782637950493,0.032895638193776555
ARDLRYWFGPGFDY,H3-23_A,K3-20,True,33,1,1,0.0001057343248863,7.286611579883123e-06,3.4785270525048872e-06,False,False,False,True,False,False,False,False,False,False,False,False,False,0,0,False,0.1857142857142859,False,False,False,6.004021835327148,1762.9187,2,0.0001057343248863,7.286611579883123e-06,167,1557,False,1557.0,False,False,False,False,0.47673183839129424,0.06890782637950493,0.032895638193776555
ARDLSGYWLYLRKGFDY,H3-23_A,K4-1,True,33,1,1,0.0001057343248863,7.286611579883123e-06,3.4785270525048872e-06,False,False,False,False,False,False,False,False,False,False,False,False,False,1,1,False,0.0941176470588237,False,False,False,8.472615051269532,2123.3677,2,0.0001057343248863,7.286611579883123e-06,168,1558,False,1558.0,False,False,False,False,0.47673183839129424,0.06890782637950493,0.032895638193776555
ARDRPYSWYTDWFDP,H3-23_A,K3-15,True,33,1,1,0.0001057343248863,7.286611579883123e-06,3.4785270525048872e-06,False,False,False,False,True,False,False,False,False,False,False,False,False,-1,-1,False,1.56,False,False,False,4.429057693481445,1975.0784,2,0.0001057343248863,7.286611579883123e-06,212,1559,False,1559.0,False,False,False,False,0.47673183839129424,0.06890782637950493,0.032895638193776555
ARDYGYWSWHFDY,H3-23_A,K3-20,True,33,1,1,0.0001057343248863,7.286611579883123e-06,3.4785270525048872e-06,False,False,False,True,False,False,False,False,False,False,False,False,False,-1,0,False,0.4384615384615385,False,False,False,5.212322616577147,1765.8348,1,0.0001057343248863,7.286611579883123e-06,279,1561,False,1561.0,False,False,False,False,0.47673183839129424,0.06890782637950493,0.032895638193776555
AREFGYGWYSWYAFDI,H3-23_A,K3-20,True,33,1,1,0.0001057343248863,7.286611579883123e-06,3.4785270525048872e-06,False,False,False,False,False,False,False,False,False,False,False,False,False,-1,-1,False,-0.4999999999999999,False,False,False,4.370375442504883,2031.1827,1,0.0001057343248863,7.286611579883123e-06,301,1562,False,1562.0,False,False,False,False,0.47673183839129424,0.06890782637950493,0.032895638193776555
ARELYLSYWYGYGYFDI,H3-23_A,K3-20,True,33,1,1,0.0001057343248863,7.286611579883123e-06,3.4785270525048872e-06,False,False,False,True,False,False,False,False,False,False,False,False,False,-1,-1,False,-0.7705882352941176,False,False,False,4.370324325561524,2179.3827,1,0.0001057343248863,7.286611579883123e-06,322,1563,False,1563.0,False,False,False,False,0.47673183839129424,0.06890782637950493,0.032895638193776555
ARESGSWYVAGFDY,H3-23_A,K1-39,True,33,1,1,0.0001057343248863,7.286611579883123e-06,3.4785270525048872e-06,False,False,False,False,False,False,False,False,False,False,False,False,False,-1,-1,False,1.7071428571428573,False,False,False,4.370375442504883,1607.6764999999998,1,0.0001057343248863,7.286611579883123e-06,330,1564,False,1564.0,False,False,False,False,0.47673183839129424,0.06890782637950493,0.032895638193776555
AREVSDAGSDITRGFDY,H5-51,K3-15,True,33,1,1,0.0001057343248863,7.286611579883123e-06,3.4785270525048872e-06,False,False,False,False,False,False,False,False,False,False,False,False,False,-2,-2,False,3.364705882352941,False,False,False,4.226021194458009,1858.9154,2,0.0001057343248863,7.286611579883123e-06,338,1565,False,1565.0,False,False,False,False,0.47673183839129424,0.06890782637950493,0.032895638193776555
ARFDWSTWAFDY,H5-51,K4-1,True,33,1,1,0.0001057343248863,7.286611579883123e-06,3.4785270525048872e-06,False,False,False,False,False,False,False,False,False,False,False,False,False,-1,-1,False,-0.0166666666666664,False,False,False,4.207874679565429,1564.6534,1,0.0001057343248863,7.286611579883123e-06,350,1566,False,1566.0,False,False,False,False,0.47673183839129424,0.06890782637950493,0.032895638193776555
ARFHYPTYFSFDY,H3-23_A,K3-20,True,33,1,1,0.0001057343248863,7.286611579883123e-06,3.4785270525048872e-06,False,False,False,True,False,False,False,False,False,False,False,False,False,0,1,False,-0.0846153846153843,False,False,False,6.786059951782226,1713.8429999999998,1,0.0001057343248863,7.286611579883123e-06,356,1567,False,1567.0,False,False,False,False,0.47673183839129424,0.06890782637950493,0.032895638193776555
ARFRFVSPALFDY,H4-34,K1-39,True,33,1,1,0.0001057343248863,7.286611579883123e-06,3.4785270525048872e-06,False,False,False,False,False,False,False,False,False,False,False,False,False,1,1,False,-0.8615384615384613,False,False,False,8.79022674560547,1588.8056,2,0.0001057343248863,7.286611579883123e-06,367,1568,False,1568.0,False,False,False,False,0.47673183839129424,0.06890782637950493,0.032895638193776555
ARGLGRWYSFDY,H1-69,K3-20,True,33,1,1,0.0001057343248863,7.286611579883123e-06,3.4785270525048872e-06,False,False,False,False,False,False,False,False,False,False,False,False,False,1,1,False,0.5166666666666669,False,False,False,8.632579040527343,1490.6196,2,0.0001057343248863,7.286611579883123e-06,432,1570,False,1570.0,False,False,False,False,0.47673183839129424,0.06890782637950493,0.032895638193776555
ARGRFSYSGWYAFDY,H3-23_A,K3-20,True,33,1,1,0.0001057343248863,7.286611579883123e-06,3.4785270525048872e-06,False,False,False,False,False,False,False,False,False,False,False,False,False,1,1,False,0.8600000000000001,False,False,False,8.539295959472657,1845.9642,2,0.0001057343248863,7.286611579883123e-06,505,1571,False,1571.0,False,False,False,False,0.47673183839129424,0.06890782637950493,0.032895638193776555
ARHGKSYHKFDY,H3-23_A,K3-20,True,33,1,1,0.0001057343248863,7.286611579883123e-06,3.4785270525048872e-06,False,False,False,False,False,False,False,False,False,False,False,False,False,2,4,False,2.591666666666667,False,False,False,9.527857971191406,1508.6382999999998,1,0.0001057343248863,7.286611579883123e-06,637,1576,False,1576.0,False,False,False,False,0.47673183839129424,0.06890782637950493,0.032895638193776555
ARHGLRGTGAFDY,H5-51,K3-15,True,33,1,1,0.0001057343248863,7.286611579883123e-06,3.4785270525048872e-06,False,False,False,False,False,False,False,False,False,False,False,False,False,1,2,False,2.053846153846154,False,False,False,8.796192932128907,1420.5315999999998,2,0.0001057343248863,7.286611579883123e-06,638,1577,False,1577.0,False,False,False,False,0.47673183839129424,0.06890782637950493,0.032895638193776555
ARHIDWYRGWQGFDI,H3-23_A,K3-20,True,33,1,1,0.0001057343248863,7.286611579883123e-06,3.4785270525048872e-06,False,False,False,False,False,False,False,False,False,False,False,False,False,0,1,False,0.1933333333333334,False,False,False,6.791580581665039,1920.0925,2,0.0001057343248863,7.286611579883123e-06,654,1578,False,1578.0,False,False,False,False,0.47673183839129424,0.06890782637950493,0.032895638193776555
ARHSVSYSVRQGFDY,H3-23_A,K3-20,True,33,1,1,0.0001057343248863,7.286611579883123e-06,3.4785270525048872e-06,False,False,False,False,False,False,False,False,False,False,False,False,False,1,2,False,2.2266666666666666,False,False,False,8.638685607910158,1771.8858999999998,2,0.0001057343248863,7.286611579883123e-06,678,1580,False,1580.0,False,False,False,False,0.47673183839129424,0.06890782637950493,0.032895638193776555
ARKGRLWHFDY,H3-23_A,K4-1,True,33,1,1,0.0001057343248863,7.286611579883123e-06,3.4785270525048872e-06,False,False,False,True,False,False,False,False,False,False,False,False,False,2,3,False,0.3363636363636366,False,False,False,9.98683319091797,1448.6294,2,0.0001057343248863,7.286611579883123e-06,799,1583,False,1583.0,False,False,False,False,0.47673183839129424,0.06890782637950493,0.032895638193776555
ARKSAYGWLRPFDY,H4-34,K3-15,True,33,1,1,0.0001057343248863,7.286611579883123e-06,3.4785270525048872e-06,False,False,False,False,False,False,False,False,False,False,False,False,False,2,2,False,0.742857142857143,False,False,False,9.69757843017578,1729.9336999999998,2,0.0001057343248863,7.286611579883123e-06,818,1584,False,1584.0,False,False,False,False,0.47673183839129424,0.06890782637950493,0.032895638193776555
ARLDWLYPLSKRFDY,H3-23_A,K1-39,True,33,1,1,0.0001057343248863,7.286611579883123e-06,3.4785270525048872e-06,False,False,False,False,False,False,False,False,False,False,False,False,False,1,1,False,-0.3866666666666664,False,False,False,8.539366149902346,1943.2071,2,0.0001057343248863,7.286611579883123e-06,829,1585,False,1585.0,False,False,False,False,0.47673183839129424,0.06890782637950493,0.032895638193776555
ARLSRTQYTYIDWFDP,H3-23_A,K3-20,True,33,1,1,0.0001057343248863,7.286611579883123e-06,3.4785270525048872e-06,False,False,False,False,True,False,False,False,False,False,False,False,False,0,0,False,0.9562500000000002,False,False,False,6.004021835327148,2032.2142,2,0.0001057343248863,7.286611579883123e-06,917,1587,False,1587.0,False,False,False,False,0.47673183839129424,0.06890782637950493,0.032895638193776555
ARLVTASKPGFDY,H3-23_A,K3-20,True,33,1,1,0.0001057343248863,7.286611579883123e-06,3.4785270525048872e-06,False,False,False,False,False,False,False,False,False,False,False,False,False,1,1,False,1.507692307692308,False,False,False,8.63377227783203,1424.5998,1,0.0001057343248863,7.286611579883123e-06,942,1588,False,1588.0,False,False,False,False,0.47673183839129424,0.06890782637950493,0.032895638193776555
ARQAYFPSVYAYGFDY,H3-23_A,K4-1,True,33,1,1,0.0001057343248863,7.286611579883123e-06,3.4785270525048872e-06,False,False,False,False,False,False,False,False,False,False,False,False,False,0,0,False,0.6937500000000001,False,False,False,5.877711868286132,1918.0665,1,0.0001057343248863,7.286611579883123e-06,1038,1591,False,1591.0,False,False,False,False,0.47673183839129424,0.06890782637950493,0.032895638193776555
ARQGWRGWYAAFDY,H1-69,K3-20,True,33,1,1,0.0001057343248863,7.286611579883123e-06,3.4785270525048872e-06,False,False,False,False,False,False,False,False,False,False,False,False,False,1,1,False,0.6500000000000001,False,False,False,8.632579040527343,1746.8796,2,0.0001057343248863,7.286611579883123e-06,1046,1592,False,1592.0,False,False,False,False,0.47673183839129424,0.06890782637950493,0.032895638193776555
ARQHRYWTNDFDY,H3-23_A,K4-1,True,33,1,1,0.0001057343248863,7.286611579883123e-06,3.4785270525048872e-06,False,False,False,False,False,False,False,False,False,True,False,False,False,0,1,False,2.1384615384615384,False,False,False,6.790507125854492,1771.8445,2,0.0001057343248863,7.286611579883123e-06,1052,1593,False,1593.0,False,False,False,False,0.47673183839129424,0.06890782637950493,0.032895638193776555
ARSRGKSSSGFDY,H5-51,UNK,True,33,1,1,0.0001057343248863,7.286611579883123e-06,3.4785270525048872e-06,False,False,False,False,False,False,False,False,False,False,False,False,False,2,2,False,4.038461538461538,False,False,False,9.98676300048828,1417.4831,2,0.0001057343248863,7.286611579883123e-06,1107,1595,False,1595.0,False,False,False,False,0.47673183839129424,0.06890782637950493,0.032895638193776555
ARTKVTASGFDY,H5-51,K3-15,True,33,1,1,0.0001057343248863,7.286611579883123e-06,3.4785270525048872e-06,False,False,False,False,False,False,False,False,False,False,False,False,False,1,1,False,2.6583333333333337,False,False,False,8.63377227783203,1315.4309,1,0.0001057343248863,7.286611579883123e-06,1163,1596,False,1596.0,False,False,False,False,0.47673183839129424,0.06890782637950493,0.032895638193776555
ARVKQRTIGLYGFDY,H3-23_A,UNK,True,33,1,1,0.0001057343248863,7.286611579883123e-06,3.4785270525048872e-06,False,False,False,False,False,False,False,False,False,False,False,False,False,2,2,False,0.9933333333333336,False,False,False,9.69757843017578,1787.0264000000002,2,0.0001057343248863,7.286611579883123e-06,1240,1600,False,1600.0,False,False,False,False,0.47673183839129424,0.06890782637950493,0.032895638193776555
ARVPGYSRKPFDY,H3-23_A,K3-20,True,33,1,1,0.0001057343248863,7.286611579883123e-06,3.4785270525048872e-06,False,False,False,False,False,False,False,False,False,False,False,False,False,2,2,False,1.9923076923076928,False,False,False,9.69757843017578,1555.7344999999998,2,0.0001057343248863,7.286611579883123e-06,1260,1601,False,1601.0,False,False,False,False,0.47673183839129424,0.06890782637950493,0.032895638193776555
ARVRANAVFHFDY,H3-23_A,K4-1,True,33,1,1,0.0001057343248863,7.286611579883123e-06,3.4785270525048872e-06,False,False,False,True,False,False,False,False,False,False,False,False,False,1,2,False,0.4692307692307693,False,False,False,8.796192932128907,1565.7324999999998,2,0.0001057343248863,7.286611579883123e-06,1269,1602,False,1602.0,False,False,False,False,0.47673183839129424,0.06890782637950493,0.032895638193776555
ARVRETYSWGDAFDY,H5-51,UNK,True,33,1,1,0.0001057343248863,7.286611579883123e-06,3.4785270525048872e-06,False,False,False,False,False,False,False,False,False,False,False,False,False,-1,-1,False,2.0733333333333333,False,False,False,4.558281326293945,1835.9249,2,0.0001057343248863,7.286611579883123e-06,1272,1603,False,1603.0,False,False,False,False,0.47673183839129424,0.06890782637950493,0.032895638193776555
ARWLPVYSLGYGSYFDI,H3-23_A,K3-20,True,33,1,1,0.0001057343248863,7.286611579883123e-06,3.4785270525048872e-06,False,False,False,False,False,False,False,False,False,False,False,False,False,0,0,False,-0.7176470588235293,False,False,False,5.87858085632324,2007.2458,1,0.0001057343248863,7.286611579883123e-06,1373,1607,False,1607.0,False,False,False,False,0.47673183839129424,0.06890782637950493,0.032895638193776555
ARYPRPAWSYLAFDP,H3-23_A,K3-15,True,33,1,1,0.0001057343248863,7.286611579883123e-06,3.4785270525048872e-06,False,False,False,False,True,False,False,False,False,False,False,False,False,1,1,False,0.3533333333333335,False,False,False,8.632579040527343,1810.0184,2,0.0001057343248863,7.286611579883123e-06,1448,1608,False,1608.0,False,False,False,False,0.47673183839129424,0.06890782637950493,0.032895638193776555
ARYRYGSPGFDY,H3-23_A,K1-39,True,33,1,1,0.0001057343248863,7.286611579883123e-06,3.4785270525048872e-06,False,False,False,False,False,False,False,False,False,False,False,False,False,1,1,False,2.1333333333333333,False,False,False,8.539295959472657,1451.5404999999998,2,0.0001057343248863,7.286611579883123e-06,1471,1610,False,1610.0,False,False,False,False,0.47673183839129424,0.06890782637950493,0.032895638193776555
ARAGSYFGWFYGFDP,H3-23_A,K1-39,True,32,1,1,0.0001025302544352,7.286611579883123e-06,3.4785270525048872e-06,False,False,False,True,True,False,False,False,False,False,False,False,False,0,0,False,0.1800000000000002,False,False,False,5.87944984436035,1740.8683,1,0.0001025302544352,7.286611579883123e-06,30,1611,False,1611.0,False,False,False,False,0.47673183839129424,0.07106098595150137,0.033923526635123886
ARAPYLALSYGFDY,H3-23_A,K3-20,True,32,1,1,0.0001025302544352,7.286611579883123e-06,3.4785270525048872e-06,False,False,False,False,False,False,False,False,False,False,False,False,False,0,0,False,0.1071428571428573,False,False,False,5.87858085632324,1606.7745,1,0.0001025302544352,7.286611579883123e-06,63,1613,False,1613.0,False,False,False,False,0.47673183839129424,0.07106098595150137,0.033923526635123886
ARAQPYAHKFDY,H3-23_A,K4-1,True,32,1,1,0.0001025302544352,7.286611579883123e-06,3.4785270525048872e-06,False,False,False,False,False,False,False,False,False,False,False,False,False,1,2,False,1.95,False,False,False,8.546315002441407,1466.5983,1,0.0001025302544352,7.286611579883123e-06,65,1614,False,1614.0,False,False,False,False,0.47673183839129424,0.07106098595150137,0.033923526635123886
ARARPANVESYPFDY,H5-51,K3-20,True,32,1,1,0.0001025302544352,7.286611579883123e-06,3.4785270525048872e-06,False,False,False,False,False,False,False,False,False,False,False,False,False,0,0,False,2.2333333333333334,False,False,False,6.113258743286132,1755.8833,2,0.0001025302544352,7.286611579883123e-06,73,1615,False,1615.0,False,False,False,False,0.47673183839129424,0.07106098595150137,0.033923526635123886
ARASWNRISYGFDY,H3-23_A,K4-1,True,32,1,1,0.0001025302544352,7.286611579883123e-06,3.4785270525048872e-06,False,False,False,False,False,False,False,False,False,False,False,False,False,1,1,False,1.2357142857142858,False,False,False,8.632579040527343,1705.8261,2,0.0001025302544352,7.286611579883123e-06,94,1616,False,1616.0,False,False,False,False,0.47673183839129424,0.07106098595150137,0.033923526635123886
ARAWRHWQLYGYFDY,H5-51,K3-15,True,32,1,1,0.0001025302544352,7.286611579883123e-06,3.4785270525048872e-06,False,False,False,False,False,False,False,False,False,False,False,False,False,1,2,False,-0.5133333333333332,False,False,False,8.545542907714843,2032.2205,2,0.0001025302544352,7.286611579883123e-06,118,1617,False,1617.0,False,False,False,False,0.47673183839129424,0.07106098595150137,0.033923526635123886
ARDAPWGNPYLFDY,H3-23_A,K3-15,True,32,1,1,0.0001025302544352,7.286611579883123e-06,3.4785270525048872e-06,False,False,False,False,False,False,False,False,False,False,False,False,False,-1,-1,False,0.9357142857142858,False,False,False,4.207874679565429,1684.8036,1,0.0001025302544352,7.286611579883123e-06,129,1618,False,1618.0,False,False,False,False,0.47673183839129424,0.07106098595150137,0.033923526635123886
ARDIWSGYSGYRGFDI,H3-23_A,K3-20,True,32,1,1,0.0001025302544352,7.286611579883123e-06,3.4785270525048872e-06,False,False,False,False,False,False,False,False,False,False,False,False,False,0,0,False,1.35,False,False,False,6.004021835327148,1862.9932,2,0.0001025302544352,7.286611579883123e-06,153,1620,False,1620.0,False,False,False,False,0.47673183839129424,0.07106098595150137,0.033923526635123886
ARDRIYGSYTYFDY,H3-23_A,K3-20,True,32,1,1,0.0001025302544352,7.286611579883123e-06,3.4785270525048872e-06,False,False,False,False,False,False,False,False,False,False,False,False,False,0,0,False,1.65,False,False,False,6.0022838592529295,1789.8961,2,0.0001025302544352,7.286611579883123e-06,202,1622,False,1622.0,False,False,False,False,0.47673183839129424,0.07106098595150137,0.033923526635123886
AREAFYKGRFGFDY,H3-23_A,UNK,True,32,1,1,0.0001025302544352,7.286611579883123e-06,3.4785270525048872e-06,False,False,False,False,False,False,False,False,False,False,False,False,False,1,1,False,1.15,False,False,False,8.53950653076172,1726.8865999999998,2,0.0001025302544352,7.286611579883123e-06,299,1623,False,1623.0,False,False,False,False,0.47673183839129424,0.07106098595150137,0.033923526635123886
ARELSAAWYWAYFDY,H3-23_A,K3-20,True,32,1,1,0.0001025302544352,7.286611579883123e-06,3.4785270525048872e-06,False,False,False,True,False,False,False,False,False,False,False,False,False,-1,-1,False,-0.4799999999999998,False,False,False,4.370375442504883,1912.0621,1,0.0001025302544352,7.286611579883123e-06,319,1624,False,1624.0,False,False,False,False,0.47673183839129424,0.07106098595150137,0.033923526635123886
AREWPLGYSAYWPYFDP,H3-23_A,K3-15,True,32,1,1,0.0001025302544352,7.286611579883123e-06,3.4785270525048872e-06,False,False,False,False,True,False,False,False,False,False,False,False,False,-1,-1,False,0.0352941176470589,False,False,False,4.370375442504883,2118.3032,1,0.0001025302544352,7.286611579883123e-06,341,1625,False,1625.0,False,False,False,False,0.47673183839129424,0.07106098595150137,0.033923526635123886
ARGAGFSYLSYAWLFDY,H3-23_A,K3-20,True,32,1,1,0.0001025302544352,7.286611579883123e-06,3.4785270525048872e-06,False,False,False,False,False,False,False,False,False,False,False,False,False,0,0,False,-0.4470588235294115,False,False,False,5.87858085632324,1987.1716,1,0.0001025302544352,7.286611579883123e-06,390,1627,False,1627.0,False,False,False,False,0.47673183839129424,0.07106098595150137,0.033923526635123886
ARGAWHLQPFDY,H1-69,K3-15,True,32,1,1,0.0001025302544352,7.286611579883123e-06,3.4785270525048872e-06,False,False,False,False,False,False,False,False,False,False,False,False,False,0,1,False,0.3333333333333335,False,False,False,6.788309097290039,1460.5937,1,0.0001025302544352,7.286611579883123e-06,394,1628,False,1628.0,False,False,False,False,0.47673183839129424,0.07106098595150137,0.033923526635123886
ARGHGSWLTWYAWPFDY,H3-23_A,K3-20,True,32,1,1,0.0001025302544352,7.286611579883123e-06,3.4785270525048872e-06,False,False,False,False,False,False,False,False,False,False,False,False,False,0,1,False,-0.3823529411764704,False,True,False,6.787184524536133,2113.29,1,0.0001025302544352,7.286611579883123e-06,405,1629,False,1629.0,False,False,False,False,0.47673183839129424,0.07106098595150137,0.033923526635123886
ARGITRSYAFDY,H5-51,K3-15,True,32,1,1,0.0001025302544352,7.286611579883123e-06,3.4785270525048872e-06,False,False,False,False,False,False,False,False,False,False,False,False,False,1,1,False,1.5833333333333333,False,False,False,8.632579040527343,1419.5402,2,0.0001025302544352,7.286611579883123e-06,421,1630,False,1630.0,False,False,False,False,0.47673183839129424,0.07106098595150137,0.033923526635123886
ARGKSYSGRYFDY,H5-51,UNK,True,32,1,1,0.0001025302544352,7.286611579883123e-06,3.4785270525048872e-06,False,False,False,False,False,False,False,False,False,False,False,False,False,2,2,False,2.746153846153846,False,False,False,9.525611877441406,1569.6749,2,0.0001025302544352,7.286611579883123e-06,426,1631,False,1631.0,False,False,False,False,0.47673183839129424,0.07106098595150137,0.033923526635123886
ARGNNRWGLDY,H3-23_A,K4-1,True,32,1,1,0.0001025302544352,7.286611579883123e-06,3.4785270525048872e-06,False,False,True,False,False,False,False,False,False,False,False,False,False,1,1,False,2.2545454545454544,False,False,False,8.79022674560547,1321.4005,2,0.0001025302544352,7.286611579883123e-06,451,1632,False,1632.0,False,False,False,False,0.47673183839129424,0.07106098595150137,0.033923526635123886
ARGPVSYWYGYGVHFDP,H4-34,K3-20,True,32,1,1,0.0001025302544352,7.286611579883123e-06,3.4785270525048872e-06,False,False,False,True,True,False,False,False,False,False,False,False,False,0,1,False,0.8176470588235295,False,False,False,6.786059951782226,1971.1325,1,0.0001025302544352,7.286611579883123e-06,485,1633,False,1633.0,False,False,False,False,0.47673183839129424,0.07106098595150137,0.033923526635123886
ARGWGVWYGYKSFDY,H1-69,K3-15,True,32,1,1,0.0001025302544352,7.286611579883123e-06,3.4785270525048872e-06,False,False,False,False,False,False,False,False,False,False,False,False,False,1,1,False,0.4666666666666668,False,False,False,8.47317657470703,1855.014,1,0.0001025302544352,7.286611579883123e-06,591,1634,False,1634.0,False,False,False,False,0.47673183839129424,0.07106098595150137,0.033923526635123886
ARGYSWFYGRGFDY,H3-23_A,K4-1,True,32,1,1,0.0001025302544352,7.286611579883123e-06,3.4785270525048872e-06,False,False,False,True,False,False,False,False,False,False,False,False,False,1,1,False,0.7142857142857145,False,False,False,8.539295959472657,1744.8602999999998,2,0.0001025302544352,7.286611579883123e-06,417,1635,False,1635.0,False,False,False,False,0.47673183839129424,0.07106098595150137,0.033923526635123886
ARHGRYSGSASGWTFDY,H5-51,K3-15,True,32,1,1,0.0001025302544352,7.286611579883123e-06,3.4785270525048872e-06,False,False,False,False,False,False,False,False,False,False,False,False,False,1,2,False,2.5588235294117645,False,False,False,8.638685607910158,1917.989,2,0.0001025302544352,7.286611579883123e-06,641,1637,False,1637.0,False,False,False,False,0.47673183839129424,0.07106098595150137,0.033923526635123886
ARHIAIATYRFDY,H3-23_A,K3-20,True,32,1,1,0.0001025302544352,7.286611579883123e-06,3.4785270525048872e-06,False,False,False,False,False,False,False,False,False,False,False,False,False,1,2,False,0.2307692307692309,False,False,False,8.638685607910158,1596.7864,2,0.0001025302544352,7.286611579883123e-06,653,1638,False,1638.0,False,False,False,False,0.47673183839129424,0.07106098595150137,0.033923526635123886
ARITAKYAYWSPYFDY,H4-34,K3-15,True,32,1,1,0.0001025302544352,7.286611579883123e-06,3.4785270525048872e-06,False,False,False,False,False,False,False,False,False,False,False,False,False,1,1,False,0.3250000000000001,False,False,False,8.420884704589842,2015.2249,1,0.0001025302544352,7.286611579883123e-06,785,1639,False,1639.0,False,False,False,False,0.47673183839129424,0.07106098595150137,0.033923526635123886
ARKIYWGRSYGFDY,H3-23_A,K3-20,True,32,1,1,0.0001025302544352,7.286611579883123e-06,3.4785270525048872e-06,False,False,False,False,False,False,False,False,False,False,False,False,False,2,2,False,0.8000000000000002,False,False,False,9.525611877441406,1781.9651,2,0.0001025302544352,7.286611579883123e-06,803,1640,False,1640.0,False,False,False,False,0.47673183839129424,0.07106098595150137,0.033923526635123886
ARKPYTWYTRGIFDY,H3-23_A,K1-39,True,32,1,1,0.0001025302544352,7.286611579883123e-06,3.4785270525048872e-06,False,False,False,False,False,False,False,False,False,False,False,False,False,2,2,False,0.7666666666666668,False,False,False,9.525611877441406,1937.1595,2,0.0001025302544352,7.286611579883123e-06,811,1641,False,1641.0,False,False,False,False,0.47673183839129424,0.07106098595150137,0.033923526635123886
ARLFRGYSADAPAGFDY,H1-69,K3-15,True,32,1,1,0.0001025302544352,7.286611579883123e-06,3.4785270525048872e-06,False,False,False,False,False,False,False,False,False,False,False,False,False,0,0,False,1.4941176470588236,False,False,False,6.004021835327148,1877.0198,2,0.0001025302544352,7.286611579883123e-06,834,1642,False,1642.0,False,False,False,False,0.47673183839129424,0.07106098595150137,0.033923526635123886
ARLPRSGVLYAFDY,H3-23_A,K3-20,True,32,1,1,0.0001025302544352,7.286611579883123e-06,3.4785270525048872e-06,False,False,False,False,False,False,False,False,False,False,False,False,False,1,1,False,0.1285714285714287,False,False,False,8.632579040527343,1627.8401,2,0.0001025302544352,7.286611579883123e-06,878,1645,False,1645.0,False,False,False,False,0.47673183839129424,0.07106098595150137,0.033923526635123886
ARLRAISYHYASFDY,H1-69,K1-39,True,32,1,1,0.0001025302544352,7.286611579883123e-06,3.4785270525048872e-06,False,False,False,True,False,False,False,False,False,False,False,False,False,1,2,False,0.5133333333333335,False,False,False,8.545542907714843,1833.0103,2,0.0001025302544352,7.286611579883123e-06,884,1646,False,1646.0,False,False,False,False,0.47673183839129424,0.07106098595150137,0.033923526635123886
ARLRPIYGWAGYGFDY,H3-23_A,K3-15,True,32,1,1,0.0001025302544352,7.286611579883123e-06,3.4785270525048872e-06,False,False,False,False,False,False,False,False,False,False,False,False,False,1,1,False,-0.0187499999999998,False,False,False,8.539295959472657,1905.1175,2,0.0001025302544352,7.286611579883123e-06,896,1648,False,1648.0,False,False,False,False,0.47673183839129424,0.07106098595150137,0.033923526635123886
ARLVYSSGRLHAFDP,H3-23_A,K3-20,True,32,1,1,0.0001025302544352,7.286611579883123e-06,3.4785270525048872e-06,False,False,False,False,True,False,False,False,False,False,False,False,False,1,2,False,0.8200000000000002,False,False,False,8.796192932128907,1688.8835,2,0.0001025302544352,7.286611579883123e-06,945,1651,False,1651.0,False,False,False,False,0.47673183839129424,0.07106098595150137,0.033923526635123886
ARPGRWYSPFAFDP,H3-23_A,K1-39,True,32,1,1,0.0001025302544352,7.286611579883123e-06,3.4785270525048872e-06,False,False,False,False,True,False,False,False,False,False,False,False,False,1,1,False,0.7714285714285716,False,False,False,8.79022674560547,1666.8348,2,0.0001025302544352,7.286611579883123e-06,973,1652,False,1652.0,False,False,False,False,0.47673183839129424,0.07106098595150137,0.033923526635123886
ARPHIYRGYSIYFDP,H3-23_A,K3-15,True,32,1,1,0.0001025302544352,7.286611579883123e-06,3.4785270525048872e-06,False,False,False,False,True,False,False,False,False,False,False,False,False,1,2,False,0.5400000000000001,False,False,False,8.545542907714843,1855.0589,2,0.0001025302544352,7.286611579883123e-06,978,1653,False,1653.0,False,False,False,False,0.47673183839129424,0.07106098595150137,0.033923526635123886
ARPNLVRSGYLWYGFDI,H1-69,K3-20,True,32,1,1,0.0001025302544352,7.286611579883123e-06,3.4785270525048872e-06,False,False,False,False,False,False,False,False,False,False,False,False,False,1,1,False,-0.3294117647058822,False,False,False,8.632579040527343,2027.2836,2,0.0001025302544352,7.286611579883123e-06,993,1654,False,1654.0,False,False,False,False,0.47673183839129424,0.07106098595150137,0.033923526635123886
ARPRSATYGFDY,H3-23_A,K3-20,True,32,1,1,0.0001025302544352,7.286611579883123e-06,3.4785270525048872e-06,False,False,False,False,False,False,False,False,False,False,False,False,False,1,1,False,2.4250000000000003,False,False,False,8.632579040527343,1403.4978,2,0.0001025302544352,7.286611579883123e-06,1007,1655,False,1655.0,False,False,False,False,0.47673183839129424,0.07106098595150137,0.033923526635123886
ARPSHYAFDY,H3-23_A,K3-20,True,32,1,1,0.0001025302544352,7.286611579883123e-06,3.4785270525048872e-06,False,False,False,False,False,False,False,False,False,False,False,False,False,0,1,False,1.61,False,False,False,6.787184524536133,1226.2962,1,0.0001025302544352,7.286611579883123e-06,1018,1656,False,1656.0,False,False,False,False,0.47673183839129424,0.07106098595150137,0.033923526635123886
ARPWFGAYRFDY,H3-23_A,K3-15,True,32,1,1,0.0001025302544352,7.286611579883123e-06,3.4785270525048872e-06,False,False,False,False,False,False,False,False,False,False,False,False,False,1,1,False,-0.1499999999999998,False,False,False,8.632579040527343,1548.7003,2,0.0001025302544352,7.286611579883123e-06,1024,1657,False,1657.0,False,False,False,False,0.47673183839129424,0.07106098595150137,0.033923526635123886
ARQDNYWGWKFDY,H3-23_A,K3-20,True,32,1,1,0.0001025302544352,7.286611579883123e-06,3.4785270525048872e-06,False,False,False,False,False,False,False,False,False,False,False,False,False,0,0,False,1.3615384615384618,False,False,False,6.003152847290039,1748.8491,1,0.0001025302544352,7.286611579883123e-06,1039,1659,False,1659.0,False,False,False,False,0.47673183839129424,0.07106098595150137,0.033923526635123886
ARQGRSSPSLWGFDY,H3-23_A,K3-20,True,32,1,1,0.0001025302544352,7.286611579883123e-06,3.4785270525048872e-06,False,False,False,False,False,False,False,False,False,False,False,False,False,1,1,False,1.9466666666666668,False,False,False,8.79022674560547,1726.8454000000002,2,0.0001025302544352,7.286611579883123e-06,1043,1660,False,1660.0,False,False,False,False,0.47673183839129424,0.07106098595150137,0.033923526635123886
ARQGYSGYLFDY,H1-69,K3-15,True,32,1,1,0.0001025302544352,7.286611579883123e-06,3.4785270525048872e-06,False,False,False,False,False,False,False,False,False,False,False,False,False,0,0,False,1.3416666666666668,False,False,False,5.87858085632324,1439.5264,1,0.0001025302544352,7.286611579883123e-06,1049,1661,False,1661.0,False,False,False,False,0.47673183839129424,0.07106098595150137,0.033923526635123886
ARQSYRSGVLFDY,H3-23_A,K3-20,True,32,1,1,0.0001025302544352,7.286611579883123e-06,3.4785270525048872e-06,False,False,False,False,False,False,False,False,False,False,False,False,False,1,1,False,1.484615384615385,False,False,False,8.632579040527343,1561.6959,2,0.0001025302544352,7.286611579883123e-06,1072,1663,False,1663.0,False,False,False,False,0.47673183839129424,0.07106098595150137,0.033923526635123886
ARSLIYGYTYWYFDY,H4-34,K4-1,True,32,1,1,0.0001025302544352,7.286611579883123e-06,3.4785270525048872e-06,False,False,False,True,False,False,False,False,False,False,False,False,False,0,0,False,-0.8133333333333331,False,False,False,5.876893997192382,1981.1637,1,0.0001025302544352,7.286611579883123e-06,1089,1664,False,1664.0,False,False,False,False,0.47673183839129424,0.07106098595150137,0.033923526635123886
ARSRWYGYDFDY,H3-23_A,K3-20,True,32,1,1,0.0001025302544352,7.286611579883123e-06,3.4785270525048872e-06,False,False,False,False,False,False,False,False,False,True,False,False,False,0,0,False,1.4833333333333334,False,False,False,6.003152847290039,1598.6713,2,0.0001025302544352,7.286611579883123e-06,1121,1665,False,1665.0,False,False,False,False,0.47673183839129424,0.07106098595150137,0.033923526635123886
ARTPVWYLPFDY,H3-23_A,K3-20,True,32,1,1,0.0001025302544352,7.286611579883123e-06,3.4785270525048872e-06,False,False,False,False,False,False,False,False,False,False,False,False,False,0,0,False,-0.8499999999999998,False,False,False,5.87944984436035,1527.7193,1,0.0001025302544352,7.286611579883123e-06,1170,1667,False,1667.0,False,False,False,False,0.47673183839129424,0.07106098595150137,0.033923526635123886
ARVAYDVYWVRWYGFDP,H4-34,K1-39,True,32,1,1,0.0001025302544352,7.286611579883123e-06,3.4785270525048872e-06,False,False,False,False,True,False,False,False,False,False,False,False,False,0,0,False,-0.3294117647058823,False,False,False,6.003152847290039,2163.39,2,0.0001025302544352,7.286611579883123e-06,1211,1668,False,1668.0,False,False,False,False,0.47673183839129424,0.07106098595150137,0.033923526635123886
ARVKSWVSFDY,H3-23_A,K3-20,True,32,1,1,0.0001025302544352,7.286611579883123e-06,3.4785270525048872e-06,False,False,False,False,False,False,False,False,False,False,False,False,False,1,1,False,0.5909090909090909,False,False,False,8.63377227783203,1357.5121,1,0.0001025302544352,7.286611579883123e-06,1243,1669,False,1669.0,False,False,False,False,0.47673183839129424,0.07106098595150137,0.033923526635123886
ARVNPWSRFDY,H3-23_A,K4-1,True,32,1,1,0.0001025302544352,7.286611579883123e-06,3.4785270525048872e-06,False,False,False,False,False,False,False,False,False,False,False,False,False,1,1,False,1.0272727272727271,False,False,False,8.79022674560547,1410.535,2,0.0001025302544352,7.286611579883123e-06,1257,1670,False,1670.0,False,False,False,False,0.47673183839129424,0.07106098595150137,0.033923526635123886
ARVRIYWGSWSYAFDY,H4-34,K1-39,True,32,1,1,0.0001025302544352,7.286611579883123e-06,3.4785270525048872e-06,False,False,False,False,False,False,False,False,False,False,False,False,False,1,1,False,-0.3312499999999999,False,False,False,8.539295959472657,2040.2376,2,0.0001025302544352,7.286611579883123e-06,1279,1671,False,1671.0,False,False,False,False,0.47673183839129424,0.07106098595150137,0.033923526635123886
ARVTWSFIYNPLGFDP,H3-23_A,K3-15,True,32,1,1,0.0001025302544352,7.286611579883123e-06,3.4785270525048872e-06,False,False,False,False,True,False,False,False,False,False,False,False,False,0,0,False,-0.3937499999999998,False,False,False,5.880318832397459,1883.1087,1,0.0001025302544352,7.286611579883123e-06,1330,1674,False,1674.0,False,False,False,False,0.47673183839129424,0.07106098595150137,0.033923526635123886
ARVYTRHWPYFDY,H1-69,K3-20,True,32,1,1,0.0001025302544352,7.286611579883123e-06,3.4785270525048872e-06,False,False,False,False,False,False,False,False,False,False,False,False,False,1,2,False,0.1000000000000001,False,False,False,8.545542907714843,1773.9447,2,0.0001025302544352,7.286611579883123e-06,1354,1675,False,1675.0,False,False,False,False,0.47673183839129424,0.07106098595150137,0.033923526635123886
ARVYVRYGAGLGYHFDY,H3-23_A,K3-20,True,32,1,1,0.0001025302544352,7.286611579883123e-06,3.4785270525048872e-06,False,False,False,True,False,False,False,False,False,False,False,False,False,1,2,False,0.4941176470588236,False,False,False,8.478932189941407,2007.2093,2,0.0001025302544352,7.286611579883123e-06,1355,1676,False,1676.0,False,False,False,False,0.47673183839129424,0.07106098595150137,0.033923526635123886
ARVYWQSVWGNLFDP,H3-23_A,K3-15,True,32,1,1,0.0001025302544352,7.286611579883123e-06,3.4785270525048872e-06,False,False,False,False,True,False,False,False,False,False,False,False,False,0,0,False,-0.2733333333333332,False,False,False,5.880318832397459,1838.0283,1,0.0001025302544352,7.286611579883123e-06,1356,1677,False,1677.0,False,False,False,False,0.47673183839129424,0.07106098595150137,0.033923526635123886
ARWGRSPSGYQFDY,H3-23_A,K3-20,True,32,1,1,0.0001025302544352,7.286611579883123e-06,3.4785270525048872e-06,False,False,False,False,False,False,False,False,False,False,False,False,False,1,1,False,2.142857142857143,False,False,False,8.632579040527343,1689.7837,2,0.0001025302544352,7.286611579883123e-06,1362,1678,False,1678.0,False,False,False,False,0.47673183839129424,0.07106098595150137,0.033923526635123886
ARWLAWSSGTYFDY,H3-23_A,K3-15,True,32,1,1,0.0001025302544352,7.286611579883123e-06,3.4785270525048872e-06,False,False,False,False,False,False,False,False,False,False,False,False,False,0,0,False,0.0071428571428573,False,False,False,5.87944984436035,1722.8516,1,0.0001025302544352,7.286611579883123e-06,1371,1680,False,1680.0,False,False,False,False,0.47673183839129424,0.07106098595150137,0.033923526635123886
ARWPTGWTSRLTHTFDP,H3-23_A,K3-20,True,32,1,1,0.0001025302544352,7.286611579883123e-06,3.4785270525048872e-06,False,False,False,False,True,False,False,False,False,False,False,False,False,1,2,False,1.258823529411765,False,False,False,9.648936462402345,2029.2171,2,0.0001025302544352,7.286611579883123e-06,1377,1681,False,1681.0,False,False,False,False,0.47673183839129424,0.07106098595150137,0.033923526635123886
ARYGLYLPRAFDY,H3-23_A,K3-15,True,32,1,1,0.0001025302544352,7.286611579883123e-06,3.4785270525048872e-06,False,False,False,False,False,False,False,False,False,False,False,False,False,1,1,False,-0.2230769230769228,False,False,False,8.539295959472657,1604.8049999999998,2,0.0001025302544352,7.286611579883123e-06,1410,1682,False,1682.0,False,False,False,False,0.47673183839129424,0.07106098595150137,0.033923526635123886
ARYGWRLPGFDY,H3-23_A,K3-20,True,32,1,1,0.0001025302544352,7.286611579883123e-06,3.4785270525048872e-06,False,False,False,False,False,False,False,False,False,False,False,False,False,1,1,False,0.1500000000000002,False,False,False,8.632579040527343,1500.6575,2,0.0001025302544352,7.286611579883123e-06,1415,1683,False,1683.0,False,False,False,False,0.47673183839129424,0.07106098595150137,0.033923526635123886
ARYGYKYVSGWSGFDY,H4-34,K3-20,True,32,1,1,0.0001025302544352,7.286611579883123e-06,3.4785270525048872e-06,False,False,False,False,False,False,False,False,False,False,False,False,False,1,1,False,1.35,False,False,False,8.420884704589842,1919.0546,1,0.0001025302544352,7.286611579883123e-06,1417,1684,False,1684.0,False,False,False,False,0.47673183839129424,0.07106098595150137,0.033923526635123886
ARYHYSRGHFDY,H5-51,UNK,True,32,1,1,0.0001025302544352,7.286611579883123e-06,3.4785270525048872e-06,False,False,False,True,False,False,False,False,False,False,False,False,False,1,3,False,1.8333333333333333,False,False,False,8.55157928466797,1571.6526,2,0.0001025302544352,7.286611579883123e-06,1422,1685,False,1685.0,False,False,False,False,0.47673183839129424,0.07106098595150137,0.033923526635123886
ARYQGRLYTFDY,H3-23_A,K4-1,True,32,1,1,0.0001025302544352,7.286611579883123e-06,3.4785270525048872e-06,False,False,False,False,False,False,False,False,False,False,False,False,False,1,1,False,1.1083333333333336,False,False,False,8.539295959472657,1552.6874,2,0.0001025302544352,7.286611579883123e-06,1452,1687,False,1687.0,False,False,False,False,0.47673183839129424,0.07106098595150137,0.033923526635123886
ARAKRWSAVYRYVAFDP,H3-23_A,K1-39,True,274,11995,81928,0.0008779153036016,0.087402905900698,0.2849887643576204,False,False,False,False,True,False,False,False,False,False,False,False,True,3,3,False,0.8764705882352942,True,False,True,10.267314147949218,2056.3283,3,0.2849887643576204,0.2849887643576204,45,1,True,1000000.0,False,False,False,True,3.2606322274351545,99.55619862206545,324.61618680824296
ARHLGVHRYSYYRPFDY,H3-23_A,K3-20,True,328,7950,21346,0.0010509351079611,0.0579285620600708,0.0742526384627693,False,False,False,False,False,False,False,False,False,False,False,False,False,2,4,False,0.7941176470588237,True,False,True,9.524067687988282,2200.4153,3,0.0742526384627693,0.0742526384627693,659,3,True,1000000.0,False,False,False,True,1.2817964576404675,55.12044503680681,70.65320338835215
ARVRSYSAIYRWPVFDP,H3-23_A,K1-39,True,48,2784,19458,0.0001537953816528,0.0202859266383946,0.0676851793876401,False,False,False,False,True,False,False,False,False,False,False,False,False,2,2,False,0.3294117647058824,True,False,True,9.97897186279297,2083.3503,3,0.0676851793876401,0.0676851793876401,524,4,True,1000000.0,False,False,False,True,3.3365567779372007,131.89347746093839,440.07029312168356
ARGRKYGTPRPAFDY,H3-23_A,K3-20,True,550,7607,2372,0.0017622387481055,0.0554292542881709,0.0082510661685415,False,False,False,False,False,False,False,False,False,False,False,False,True,3,3,False,2.686666666666667,True,False,True,10.267314147949218,1754.9450000000002,3,0.0554292542881709,0.0554292542881709,516,8,True,1000000.0,False,False,False,True,0.1488575804586739,31.4537061511662,4.682123438823141
ARAKRWSAVYRYVAFDP,UNK,K1-39,True,10,391,2250,3.204070451101079e-05,0.0028490651277343,0.0078266858681359,False,False,False,False,True,False,False,False,False,False,False,False,True,3,3,False,0.8764705882352942,True,False,True,10.267314147949218,2056.3283,3,0.0078266858681359,0.0078266858681359,45,9,True,1000000.0,False,False,False,False,2.7470970463176227,88.89243376087175,244.19699933419867
ARAKRWSAVYRYVAFDP,H1-69,K1-39,True,6,596,1658,1.9224422706606477e-05,0.0043428205016103,0.0057673978530531,False,False,False,False,True,False,False,False,False,False,False,False,True,3,3,False,0.8764705882352942,True,False,True,10.267314147949218,2056.3283,3,0.0057673978530531,0.0057673978530531,45,11,True,1000000.0,False,False,False,False,1.328027389260202,225.78377151494462,299.84772306538537
ARAKRWSAVYRYVAFDP,H3-23_A,K4-1,True,5,158,1353,1.6020352255505393e-05,0.0011512846296215,0.0047064471020391,False,False,False,False,True,False,False,False,False,False,False,False,True,3,3,False,0.8764705882352942,True,False,True,10.267314147949218,2056.3283,3,0.0047064471020391,0.0047064471020391,45,13,True,1000000.0,False,False,False,False,4.087960614900457,71.81904747140585,293.5959876005057
ARDIGNRSPRYRFDY,H3-7_A,K4-1,True,10,108,890,3.204070451101079e-05,0.0007869540506273,0.0030958890767293,True,False,False,False,False,False,False,False,False,False,False,False,False,2,2,False,2.6133333333333337,True,False,True,9.971391296386717,1886.035,4,0.0030958890767293,0.0030958890767293,143,16,True,1000000.0,False,False,False,True,3.9339650575671454,24.553408813742223,96.59347973663823
ARNVYRSAIYRYSGFDP,H3-23_A,K1-39,True,383,445,867,0.0012271589827717,0.0032425421530479,0.0030158829545217,False,False,False,False,True,False,False,False,False,False,False,False,False,2,2,False,1.6470588235294117,True,False,True,9.694419860839844,2035.2213,3,0.0032425421530479,0.0032425421530479,961,17,True,1000000.0,False,False,False,True,0.9300954347601972,2.6422947438943996,2.4575938577831287
ARHLGVHRYSYYRPFDY,H1-69,K3-20,True,3,405,845,9.612211353303235e-06,0.0029510776898526,0.0029393553593666,False,False,False,False,False,False,False,False,False,False,False,False,False,2,4,False,0.7941176470588237,True,False,True,9.524067687988282,2200.4153,3,0.0029510776898526,0.0029510776898526,659,18,True,1000000.0,False,False,False,False,0.9960244046538022,306.69433267431987,305.47607524309274
ARGRIRSSYRGAYFDP,H3-23_A,K4-1,True,99,912,785,0.000317202974659,0.0066453897608534,0.0027306437362163,False,False,False,False,True,False,False,False,False,False,False,False,True,3,3,False,2.28125,True,False,True,10.83466339111328,1872.0515,4,0.0066453897608534,0.0066453897608534,515,19,True,1000000.0,False,False,False,True,0.41090736968179503,20.949299971090753,8.608234701470545
ARHLGVHRYSYYRPFDY,UNK,K3-20,True,8,265,686,2.5632563608808632e-05,0.001930952068669,0.0023862695580183,False,False,False,False,False,False,False,False,False,False,False,False,False,2,4,False,0.7941176470588237,True,False,True,9.524067687988282,2200.4153,3,0.0023862695580183,0.0023862695580183,659,21,True,1000000.0,False,False,False,False,1.235793077832513,75.30261397131474,93.05893101883845
ARVRSYSAIYRWPVFDP,UNK,K1-39,True,4,100,575,1.2816281804404316e-05,0.0007286611579883,0.0020001530551903,False,False,False,False,True,False,False,False,False,False,False,False,False,2,2,False,0.3294117647058824,True,False,True,9.97897186279297,2083.3503,3,0.0020001530551903,0.0020001530551903,524,22,True,1000000.0,False,False,False,False,2.7449323789791276,56.81000691393594,155.94176751234977
ARHLGVHRYSYYRPFDY,H3-23_A,K1-39,True,8,133,529,2.5632563608808632e-05,0.0009691193401244,0.001840140810775,False,False,False,False,False,False,False,False,False,False,False,False,False,2,4,False,0.7941176470588237,True,False,True,9.524067687988282,2200.4153,3,0.001840140810775,0.001840140810775,659,24,True,1000000.0,False,False,False,False,1.8987566825072024,37.79338738937521,71.76118733085181
ARVRSYSAIYRWPVFDP,H1-69,K1-39,True,1,189,526,3.204070451101079e-06,0.0013771695885979,0.0018297052296175,False,False,False,False,True,False,False,False,False,False,False,False,False,2,2,False,0.3294117647058824,True,False,True,9.97897186279297,2083.3503,3,0.0018297052296175,0.0018297052296175,524,25,True,1000000.0,False,False,False,False,1.3285886929825284,428.4814566295857,569.2797520946307
ARHLGVHRYSYYRPFDY,H3-23_A,UNK,True,18,172,439,5.767326811981942e-05,0.0012532971917398,0.0015270733760496,False,False,False,False,False,False,False,False,False,False,False,False,False,2,4,False,0.7941176470588237,True,False,True,9.524067687988282,2200.4153,3,0.0015270733760496,0.0015270733760496,659,27,True,1000000.0,False,False,False,False,1.2184350222468339,21.727222340045937,26.473419863756163
ARAKRWSAVYRYVAFDP,H3-23_A,UNK,True,5,47,421,1.6020352255505393e-05,0.0003424707442545,0.0014644598891045,False,False,False,False,True,False,False,False,False,False,False,False,True,3,3,False,0.8764705882352942,True,False,True,10.267314147949218,2056.3283,3,0.0014644598891045,0.0014644598891045,45,28,True,1000000.0,False,False,False,False,4.276035700320276,21.363893868076623,91.35544033984358
ARQSRGSLYRSPGFDY,H3-23_A,K4-1,True,121,480,291,0.0003876925245832,0.0034975735583438,0.0010122513722789,False,False,False,False,False,False,False,False,False,False,False,False,False,2,2,False,2.59375,True,False,True,9.97897186279297,1859.9944,3,0.0034975735583438,0.0034975735583438,1069,35,True,1000000.0,False,False,False,True,0.2894144930044869,9.021281360248738,2.610897035986861
ARAKRWSAVYRYVAFDP,H3-23_A,K3-20,True,5,109,285,1.6020352255505393e-05,0.0007942406622072,0.0009913802099638,False,False,False,False,True,False,False,False,False,False,False,False,True,3,3,False,0.8764705882352942,True,False,True,10.267314147949218,2056.3283,3,0.0009913802099638,0.0009913802099638,45,36,True,1000000.0,False,False,False,False,1.2481956353788648,49.54605173660045,61.84394417304989
ARVRSYSAIYRWPVFDP,H3-23_A,K4-1,True,2,20,230,6.408140902202158e-06,0.0001457322315976,0.0008000612220761,False,False,False,False,True,False,False,False,False,False,False,False,False,2,2,False,0.3294117647058824,True,False,True,9.97897186279297,2083.3503,3,0.0008000612220761,0.0008000612220761,524,39,True,1000000.0,False,False,False,False,5.489563411414617,22.706299817692866,124.6562258864693
ARSARGSLYRSPGFDY,H3-23_A,K4-1,True,72,191,212,0.0002306930724792,0.0013917428117576,0.000737447735131,False,False,False,False,False,False,False,False,False,False,False,False,False,2,2,False,2.35,True,False,True,9.97897186279297,1802.9431,3,0.0013917428117576,0.0013917428117576,1069,42,True,1000000.0,False,False,False,True,0.5298697648756326,6.032614983413706,3.196523250454273
ARGRVRGLNRGAYFDP,H3-23_A,K1-39,True,28,108,165,8.97139726308302e-05,0.0007869540506273,0.0005739569636633,False,False,False,False,True,False,False,False,False,False,False,False,True,3,3,False,2.075,True,False,True,11.539094543457033,1805.0086,4,0.0007869540506273,0.0007869540506273,525,43,True,1000000.0,False,False,False,True,0.7293306005602046,8.770833786698534,6.396918759101865
ARHLGVHRYSYYRPFDY,H3-23_A,K4-1,True,1,87,140,3.204070451101079e-06,0.0006339352074498,0.0004869937873506,False,False,False,False,False,False,False,False,False,False,False,False,False,2,4,False,0.7941176470588237,True,False,True,9.524067687988282,2200.4153,3,0.0006339352074498,0.0006339352074498,659,47,True,1000000.0,False,False,False,False,0.7681953923268098,197.23749590884853,151.51932565254296
ARGRKYGTPRPAFDY,UNK,K3-20,True,26,375,119,8.330583172862804e-05,0.0027324793424561,0.000413944719248,False,False,False,False,False,False,False,False,False,False,False,False,True,3,3,False,2.686666666666667,True,False,True,10.267314147949218,1754.9450000000002,3,0.0027324793424561,0.0027324793424561,516,50,True,1000000.0,False,False,False,False,0.151489966608955,32.79664003542794,4.968380086467588
ARARIYSRVAGAGRFDY,H3-23_A,K3-15,True,41,71,112,0.0001313668884951,0.0005173494221717,0.0003895950298805,False,False,False,False,False,False,False,False,False,False,False,False,True,3,3,False,1.6705882352941177,True,False,True,10.83466339111328,1929.1458,4,0.0005173494221717,0.0005173494221717,70,51,True,1000000.0,False,False,False,True,0.7530452006558839,3.9379028389075885,2.9654761529462683
ARVRSYSAIYRWPVFDP,H3-23_A,UNK,True,1,18,111,3.204070451101079e-06,0.0001311590084378,0.000386116502828,False,False,False,False,True,False,False,False,False,False,False,False,False,2,2,False,0.3294117647058824,True,False,True,9.97897186279297,2083.3503,3,0.000386116502828,0.000386116502828,524,52,True,1000000.0,False,False,False,False,2.943656488880874,40.807757774216626,120.13317962452375
ARGRKYGTPRPAFDY,H1-69,K3-20,True,6,454,109,1.9224422706606477e-05,0.0033081216572669,0.000379159448723,False,False,False,False,False,False,False,False,False,False,False,False,True,3,3,False,2.686666666666667,True,False,True,10.267314147949218,1754.9450000000002,3,0.0033081216572669,0.0033081216572669,516,53,True,1000000.0,False,False,False,False,0.11461437693693623,171.98965145601454,19.712546329387337
ARGRKYGTPRPAFDY,H3-23_A,K1-39,True,6,157,103,1.9224422706606477e-05,0.0011439980180416,0.000358288286408,False,False,False,False,False,False,False,False,False,False,False,False,True,3,3,False,2.686666666666667,True,False,True,10.267314147949218,1754.9450000000002,3,0.0011439980180416,0.0011439980180416,516,55,True,1000000.0,False,False,False,False,0.3131868664883531,59.476597529941415,18.627452036027996
ARVRSYSAIYRWPVFDP,H3-23_A,K3-20,True,1,16,97,3.204070451101079e-06,0.0001165857852781,0.0003374171240929,False,False,False,False,True,False,False,False,False,False,False,False,False,2,2,False,0.3294117647058824,True,False,True,9.97897186279297,2083.3503,3,0.0003374171240929,0.0003374171240929,524,58,True,1000000.0,False,False,False,False,2.8939049836844877,36.273562465987624,104.981247059257
ARAKRWSAVYRYVAFDQ,H3-23_A,K1-39,True,1,8,94,3.204070451101079e-06,5.829289263906498e-05,0.0003269815429354,False,False,False,False,False,False,False,False,False,False,False,False,True,3,3,False,1.1058823529411763,True,False,True,10.267314147949218,2087.3423,3,0.0003269815429354,0.0003269815429354,45,59,True,1000000.0,False,False,False,False,5.608324529618808,18.136781232998473,101.73440436670651
ARGRIRSSYRGAYFDP,H3-23_A,K1-39,True,2,72,85,6.408140902202158e-06,0.0005246360337515,0.0002956747994629,False,False,False,False,True,False,False,False,False,False,False,False,True,3,3,False,2.28125,True,False,True,10.83466339111328,1872.0515,4,0.0005246360337515,0.0005246360337515,515,62,True,1000000.0,False,False,False,False,0.5635700652279155,81.74267934371613,46.06860521891155
ARAKRWSAVYRYVAFDP,H3-7_A,K1-39,True,2,51,66,6.408140902202158e-06,0.000371617190574,0.0002295827854653,False,False,False,False,True,False,False,False,False,False,False,False,True,3,3,False,0.8764705882352942,True,False,True,10.267314147949218,2056.3283,3,0.000371617190574,0.000371617190574,45,67,True,1000000.0,False,False,False,False,0.6177771467978322,57.90106453513552,35.77091699350614
ARAKRWSAVYRYVAFDP,H1-69,K4-1,True,1,16,62,3.204070451101079e-06,0.0001165857852781,0.0002156686772553,False,False,False,False,True,False,False,False,False,False,False,False,True,3,3,False,0.8764705882352942,True,False,True,10.267314147949218,2056.3283,3,0.0002156686772553,0.0002156686772553,45,70,True,1000000.0,False,False,False,False,1.8497124637987123,36.273562465987624,67.10141564613683
ARGRKYGTPRPAFDY,H3-23_A,UNK,True,21,194,58,6.728547947312265e-05,0.0014136026464973,0.0002017545690452,False,False,False,False,False,False,False,False,False,False,False,False,True,3,3,False,2.686666666666667,True,False,True,10.267314147949218,1754.9450000000002,3,0.0014136026464973,0.0014136026464973,516,72,True,1000000.0,False,False,False,False,0.14272266843757708,21.005907938613962,2.9980404423120186
ARAKRWSAVYRYVAFDT,H3-23_A,K1-39,True,1,5,56,3.204070451101079e-06,3.643305789941562e-05,0.0001947975149402,False,False,False,False,False,False,False,False,False,False,False,False,True,3,3,False,1.0588235294117647,True,False,True,10.267314147949218,2060.317,3,0.0001947975149402,0.0001947975149402,45,74,True,1000000.0,False,False,False,False,5.34525712627764,11.335488270624046,60.60773026100473
ARDIGNRSPRYRFDY,H3-23_A,K4-1,True,1,25,54,3.204070451101079e-06,0.000182165289497,0.0001878404608352,True,False,False,False,False,False,False,False,False,False,False,False,False,2,2,False,2.6133333333333337,True,False,True,9.971391296386717,1886.035,4,0.0001878404608352,0.0001878404608352,143,75,True,1000000.0,False,False,False,False,1.031097364268458,56.67744135309594,58.44316846597107
DRAKRWSAVYRYVAFDP,H3-23_A,K1-39,True,1,11,49,3.204070451101079e-06,8.015272737871435e-05,0.0001704478255727,False,False,False,False,True,False,False,False,False,False,False,False,False,2,2,False,1.3411764705882354,True,False,False,9.693507385253906,2100.3378,3,0.0001704478255727,0.0001704478255727,45,80,True,1000000.0,False,False,False,False,2.126272784700176,24.9380741953729,53.03176397838692
ARHLGVHRYSYYRPFDY,H3-7_A,K3-20,True,3,32,48,9.612211353303235e-06,0.0002331715705562,0.0001669692985202,False,False,False,False,False,False,False,False,False,False,False,False,False,2,4,False,0.7941176470588237,True,False,True,9.524067687988282,2200.4153,3,0.0002331715705562,0.0002331715705562,659,81,True,1000000.0,False,False,False,False,0.7160484343678356,24.232638631051675,17.352487114397114
ARGRIRSSYRGAYFDP,H1-69,K4-1,True,3,80,47,9.612211353303235e-06,0.0005829289263906,0.0001634907714677,False,False,False,False,True,False,False,False,False,False,False,False,True,3,3,False,2.28125,True,False,True,10.83466339111328,1872.0515,4,0.0005829289263906,0.0005829289263906,515,83,True,1000000.0,False,False,False,False,0.2804595199706264,60.58159657763958,16.990976966180938
ARAKRWSAVYRYVAFDP,UNK,K4-1,True,1,7,42,3.204070451101079e-06,5.100628105918186e-05,0.0001460981362052,False,False,False,False,True,False,False,False,False,False,False,False,True,3,3,False,0.8764705882352942,True,False,True,10.267314147949218,2056.3283,3,0.0001460981362052,0.0001460981362052,45,84,True,1000000.0,False,False,False,False,2.863755122324923,15.869683578873664,45.45579769576911
ARDIGNRSPRYRFDY,H1-69,K4-1,True,2,20,40,6.408140902202158e-06,0.0001457322315976,0.0001391410821001,True,False,False,False,False,False,False,False,False,False,False,False,False,2,2,False,2.6133333333333337,True,False,True,9.971391296386717,1886.035,4,0.0001457322315976,0.0001457322315976,143,87,True,1000000.0,False,False,False,False,0.9547066802453937,22.706299817692866,21.67934363241522
ARDKRWSAVYRYVAFDP,H3-23_A,K1-39,True,1,7,37,3.204070451101079e-06,5.100628105918186e-05,0.0001287055009426,False,False,False,False,True,False,False,False,False,False,False,False,False,2,2,False,1.3411764705882354,True,False,False,9.694419860839844,2100.3378,3,0.0001287055009426,0.0001287055009426,45,94,True,1000000.0,False,False,False,False,2.522831893475224,15.869683578873664,40.04439320815384
ARGRYSYSRGFDY,H3-23_A,K4-1,True,36,105,35,0.0001153465362396,0.0007650942158877,0.0001217484468376,False,False,False,False,False,False,False,False,False,False,False,False,False,2,2,False,2.630769230769231,True,False,True,9.694419860839844,1597.6883,3,0.0007650942158877,0.0007650942158877,504,98,True,1000000.0,False,False,False,True,0.15912661871343017,6.632430556848289,1.055410042693409
ARSSCDYFTYHAFDP,H1-69,K4-1,True,1,3,35,3.204070451101079e-06,2.185983473964937e-05,0.0001217484468376,False,False,False,False,True,False,False,False,False,False,True,False,False,-1,0,False,2.0000000000000004,False,False,False,5.212118148803709,1779.8815,1,0.0001217484468376,0.0001217484468376,1127,99,True,1000000.0,False,False,False,False,5.566957788522911,6.801292962374427,37.87983141312018
ARNVYRSAIYRYSGFDP,H1-69,K1-39,True,8,38,32,2.5632563608808632e-05,0.0002768912400355,0.0001113128656801,False,False,False,False,True,False,False,False,False,False,False,False,False,2,2,False,1.6470588235294117,True,False,True,9.694419860839844,2035.2213,3,0.0002768912400355,0.0002768912400355,961,101,True,1000000.0,False,False,False,False,0.40199482554079274,10.798110682676962,4.3409413886317605
ARGRKYGTPRPAFDY,H3-23_A,K4-1,True,18,110,31,5.767326811981942e-05,0.0008015272737871,0.0001078343386276,False,False,False,False,False,False,False,False,False,False,False,False,True,3,3,False,2.686666666666667,True,False,True,10.267314147949218,1754.9450000000002,3,0.0008015272737871,0.0008015272737871,516,105,True,1000000.0,False,False,False,False,0.13453440302046685,13.895316612820396,1.8694214482370695
ARAKRWSAVYRYVAFDP,UNK,UNK,True,2,6,31,6.408140902202158e-06,4.371966947929874e-05,0.0001078343386276,False,False,False,False,True,False,False,False,False,False,False,False,True,3,3,False,0.8764705882352942,True,False,True,10.267314147949218,2056.3283,3,0.0001078343386276,0.0001078343386276,45,106,True,1000000.0,False,False,False,False,2.4659307950783362,6.811889945310781,16.801491315125297
ARDIGNRSPRYRFDY,H3-7_A,K1-39,True,1,5,30,3.204070451101079e-06,3.643305789941562e-05,0.0001043558115751,True,False,False,False,False,False,False,False,False,False,False,False,False,2,2,False,2.6133333333333337,True,False,True,9.971391296386717,1886.035,4,0.0001043558115751,0.0001043558115751,143,108,True,1000000.0,False,False,False,False,2.863530603362826,11.335488270624046,32.46842692553603
ARDIGNRSPRYRFDY,UNK,K4-1,True,1,4,30,3.204070451101079e-06,2.914644631953249e-05,0.0001043558115751,True,False,False,False,False,False,False,False,False,False,False,False,False,2,2,False,2.6133333333333337,True,False,True,9.971391296386717,1886.035,4,0.0001043558115751,0.0001043558115751,143,109,True,1000000.0,False,False,False,False,3.579167722686078,9.068390616499237,32.46842692553603
ARHLGVHRYSYYRPFDY,UNK,UNK,True,2,19,29,6.408140902202158e-06,0.0001384456200177,0.0001008772845226,False,False,False,False,False,False,False,False,False,False,False,False,False,2,4,False,0.7941176470588237,True,False,True,9.524067687988282,2200.4153,3,0.0001384456200177,0.0001384456200177,659,110,True,1000000.0,False,False,False,False,0.728589309048661,21.57098482680511,15.717524133505316
ARAKRWSAVYRYVAFDQ,UNK,K1-39,True,2,6,29,6.408140902202158e-06,4.371966947929874e-05,0.0001008772845226,False,False,False,False,False,False,False,False,False,False,False,False,True,3,3,False,1.1058823529411763,True,False,True,10.267314147949218,2087.3423,3,0.0001008772845226,0.0001008772845226,45,111,True,1000000.0,False,False,False,False,2.306838485718591,6.811889945310781,15.717524133505316
ARSARGSLYRSPGFDY,H1-69,K4-1,True,2,16,28,6.408140902202158e-06,0.0001165857852781,9.739875747013684e-05,False,False,False,False,False,False,False,False,False,False,False,False,False,2,2,False,2.35,True,False,True,9.97897186279297,1802.9431,3,0.0001165857852781,0.0001165857852781,1069,115,True,1000000.0,False,False,False,False,0.8353540159091076,18.16503985415741,15.175540542701066
ARQSRGSLYRSPGFDY,H1-69,K4-1,True,7,41,22,2.242849315770755e-05,0.0002987510747752,7.652759515510752e-05,False,False,False,False,False,False,False,False,False,False,False,False,False,2,2,False,2.59375,True,False,True,9.97897186279297,1859.9944,3,0.0002987510747752,0.0002987510747752,1069,119,True,1000000.0,False,False,False,False,0.2561498187563089,13.314221800699658,3.4105496575566856
ARQSRGSLYRSPGFDY,H3-23_A,K1-39,True,3,16,21,9.612211353303235e-06,0.0001165857852781,7.304906810260263e-05,False,False,False,False,False,False,False,False,False,False,False,False,False,2,2,False,2.59375,True,False,True,9.97897186279297,1859.9944,3,0.0001165857852781,0.0001165857852781,1069,121,True,1000000.0,False,False,False,False,0.6265155119318307,12.116319315525837,7.59171311255031
ARGRIRSSYRGAYFDP,UNK,K4-1,True,1,33,20,3.204070451101079e-06,0.0002404581821361,6.957054105009775e-05,False,False,False,False,True,False,False,False,False,False,False,False,True,3,3,False,2.28125,True,False,True,10.83466339111328,1872.0515,4,0.0002404581821361,0.0002404581821361,515,123,True,1000000.0,False,False,False,False,0.2893128747100615,74.8142225861053,21.645617950367022
ARNVYRSAIYRYSGFDP,UNK,K1-39,True,18,21,18,5.767326811981942e-05,0.0001530188431775,6.261348694508798e-05,False,False,False,False,True,False,False,False,False,False,False,False,False,2,2,False,1.6470588235294117,True,False,True,9.694419860839844,2035.2213,3,0.0001530188431775,0.0001530188431775,961,126,True,1000000.0,False,False,False,False,0.40916134269186,2.652742262446884,1.0854705183317201
ARGRSYSAIYRWPVFDP,H3-23_A,K1-39,True,1,17,17,3.204070451101079e-06,0.000123872396858,5.913495989258308e-05,False,False,False,False,True,False,False,False,False,False,False,False,False,2,2,False,0.8823529411764707,True,False,True,9.97897186279297,2041.2706,3,0.000123872396858,0.000123872396858,524,127,True,1000000.0,False,False,False,False,0.47734756020555885,38.54066012011768,18.39877525781197
ARAKRWSAVYRYVAFDP,H3-23_A,K3-15,True,5,23,15,1.6020352255505393e-05,0.0001675920663373,5.217790578757331e-05,False,False,False,False,True,False,False,False,False,False,False,False,True,3,3,False,0.8764705882352942,True,False,True,10.267314147949218,2056.3283,3,0.0001675920663373,0.0001675920663373,45,130,True,1000000.0,False,False,False,False,0.31132018195148625,10.454671467356116,3.2549444301608252
ARDVSGRSPRYRFDY,H3-7_A,K3-20,True,11,31,7,3.524477496211187e-05,0.0002258849589763,2.434968936753421e-05,False,False,False,False,False,False,False,False,False,False,False,False,False,2,2,False,2.8666666666666667,True,False,True,9.971391296386717,1844.9831,4,0.0002258849589763,0.0002258849589763,143,144,True,1000000.0,False,False,False,False,0.1077920883134399,6.407216021632741,0.6906777704212466
ARVRKYGTPRPAFDY,H3-23_A,K3-20,True,1,15,7,3.204070451101079e-06,0.0001092991736982,2.434968936753421e-05,False,False,False,False,False,False,False,False,False,False,False,False,True,3,3,False,2.06,True,False,True,10.267314147949218,1797.0247,3,0.0001092991736982,0.0001092991736982,516,149,True,1000000.0,False,False,False,False,0.22275979722217204,34.00646481185756,7.575966282628458
ARGRKYGTPRPAFDY,H3-7_A,K3-20,True,4,57,6,1.2816281804404316e-05,0.0004153368600533,2.0871162315029324e-05,False,False,False,False,False,False,False,False,False,False,False,False,True,3,3,False,2.686666666666667,True,False,True,10.267314147949218,1754.9450000000002,3,0.0004153368600533,0.0004153368600533,516,150,True,1000000.0,False,False,False,False,0.05024995810092558,32.38170394094107,1.6272184436071364
ARQSRGSLYRSPGFDY,UNK,K4-1,True,4,20,6,1.2816281804404316e-05,0.0001457322315976,2.0871162315029324e-05,False,False,False,False,False,False,False,False,False,False,False,False,False,2,2,False,2.59375,True,False,True,9.97897186279297,1859.9944,3,0.0001457322315976,0.0001457322315976,1069,153,True,1000000.0,False,False,False,False,0.14320600203690734,11.36200138278251,1.6272184436071364
ARGRKYGTPRPAFDY,UNK,UNK,True,1,20,5,3.204070451101079e-06,0.0001457322315976,1.7392635262524437e-05,False,False,False,False,False,False,False,False,False,False,False,False,True,3,3,False,2.686666666666667,True,False,True,10.267314147949218,1754.9450000000002,3,0.0001457322315976,0.0001457322315976,516,159,True,1000000.0,False,False,False,False,0.11933833503075612,45.34195308247675,5.4114044875917555
ARGRIRSSYRGAYFDP,H3-23_A,K3-20,True,5,32,4,1.6020352255505393e-05,0.0002331715705562,1.3914108210019547e-05,False,False,False,False,True,False,False,False,False,False,False,False,True,3,3,False,2.28125,True,False,True,10.83466339111328,1872.0515,4,0.0002331715705562,0.0002331715705562,515,164,True,1000000.0,False,False,False,False,0.05967070286399865,14.545629867623187,0.8679851813762199
ARGRKYGTPRPAFDY,H3-23_A,K3-15,True,15,27,4,4.806105676651618e-05,0.0001967385126568,1.3914108210019547e-05,False,False,False,False,False,False,False,False,False,False,False,False,True,3,3,False,2.686666666666667,True,False,True,10.267314147949218,1754.9450000000002,3,0.0001967385126568,0.0001967385126568,516,165,True,1000000.0,False,False,False,False,0.07072027138670545,4.0926604466460965,0.2894487690919954
ARAKRWSAVYRYVAFDP,H4-34,K1-39,True,7,14,3,2.242849315770755e-05,0.0001020125621183,1.0435581157514662e-05,False,False,False,False,True,False,False,False,False,False,False,False,True,3,3,False,0.8764705882352942,True,False,True,10.267314147949218,2056.3283,3,0.0001020125621183,0.0001020125621183,45,174,True,1000000.0,False,False,False,False,0.10228699359083054,4.54631963926058,0.4650749533031844
ARSLWDYFTPLYFDI,H1-69,K3-20,True,1,24,2,3.204070451101079e-06,0.0001748786779171,6.957054105009775e-06,False,False,False,False,False,False,False,False,False,False,False,False,False,-1,-1,True,-1.2333333333333332,False,False,False,4.207874679565429,1907.1268,1,0.0001748786779171,0.0001748786779171,560,178,True,1000000.0,False,False,False,False,0.039779899921866466,54.41034369896588,2.1645617950367027
ARHLGVHRYSYYRPFDY,H4-34,K3-20,True,3,15,2,9.612211353303235e-06,0.0001092991736982,6.957054105009775e-06,False,False,False,False,False,False,False,False,False,False,False,False,False,2,4,False,0.7941176470588237,True,False,True,9.524067687988282,2200.4153,3,0.0001092991736982,0.0001092991736982,659,180,True,1000000.0,False,False,False,False,0.06364565634919202,11.359049358303524,0.723020296433363
ARGHRSRGYPAFDY,H5-51,K4-1,True,9,148,1,2.883663405990971e-05,0.0010784185138227,3.4785270525048872e-06,False,False,False,False,False,False,False,False,False,False,False,False,False,2,3,False,2.5642857142857145,True,False,True,9.979042053222656,1652.7702,3,0.0010784185138227,0.0010784185138227,411,193,True,1000000.0,False,False,False,True,0.0032255518172220527,37.38455278986804,0.12058693036007456
ARDRGQRSPKYVFDY,H3-7_A,K3-20,True,19,50,1,6.08773385709205e-05,0.0003643305789941,3.4785270525048872e-06,False,False,False,False,False,False,False,False,False,False,False,False,False,2,2,False,2.933333333333333,True,False,False,9.694419860839844,1858.0216,3,0.0003643305789941,0.0003643305789941,197,218,True,1000000.0,False,False,False,False,0.009547459857775593,5.9836837599615915,0.05713054855326219
ARVHRYSSGRLSNFDI,H3-7_A,K4-1,True,11,32,1,3.524477496211187e-05,0.0002331715705562,3.4785270525048872e-06,False,False,False,False,False,False,False,False,False,False,False,False,False,2,3,False,1.6875000000000002,True,False,True,10.73751983642578,1878.056,3,0.0002331715705562,0.0002331715705562,1231,227,True,1000000.0,False,False,False,False,0.014917675715999666,6.613900409427895,0.09866825291732093
ARERHYTGRYWYFDP,H3-7_A,K3-15,True,10,16,1,3.204070451101079e-05,0.0001165857852781,3.4785270525048872e-06,False,False,False,True,True,False,False,False,False,False,False,False,False,1,2,False,1.5133333333333334,True,False,True,8.544911193847657,2017.1647000000005,3,0.0001165857852781,0.0001165857852781,324,248,True,1000000.0,False,False,False,False,0.029834071996753843,3.637542046479752,0.10853199970408964
ARVSRGWAPRFDY,H3-23_A,K3-20,True,229,1,1,0.0007337321333021,7.286611579883123e-06,3.4785270525048872e-06,False,False,False,False,False,False,False,False,False,False,False,False,False,2,2,False,1.2538461538461538,True,False,True,10.73751983642578,1580.7473,3,0.0007337321333021,7.286611579883123e-06,1314,264,True,1000000.0,False,False,False,True,0.47673183839129424,0.009930752575282524,0.004740803198598233
ARFPRSYGYRLFDY,H3-23_A,K3-20,True,226,1,1,0.0007241199219488,7.286611579883123e-06,3.4785270525048872e-06,False,False,False,False,False,False,False,False,False,False,False,False,False,2,2,False,0.4071428571428573,True,False,True,9.694419860839844,1811.0063,3,0.0007241199219488,7.286611579883123e-06,364,265,True,1000000.0,False,False,False,True,0.47673183839129424,0.01006257490406304,0.004803733345451837
ARHRGWGYWAGREFDP,H3-23_A,K3-20,True,202,1,1,0.0006472222311224,7.286611579883123e-06,3.4785270525048872e-06,False,False,False,False,True,False,False,False,False,True,False,False,False,1,2,False,1.55,True,False,True,8.793946838378904,1961.1048,3,0.0006472222311224,7.286611579883123e-06,692,271,True,1000000.0,False,False,False,True,0.47673183839129424,0.011258109886225876,0.005374465122777627
ARTRIWYSSWGRGFDP,H3-23_A,K1-39,True,199,1,1,0.0006376100197691,7.286611579883123e-06,3.4785270525048872e-06,False,False,False,False,True,False,False,False,False,False,False,False,False,2,2,False,1.08125,True,False,True,10.73751983642578,1955.1384000000005,3,0.0006376100197691,7.286611579883123e-06,1176,273,True,1000000.0,False,False,False,True,0.47673183839129424,0.011427827473989615,0.005455485939360183
ARLPIWYGWSLFDY,H3-23_A,K1-39,True,193,1,1,0.0006183855970625,7.286611579883123e-06,3.4785270525048872e-06,False,False,False,False,False,False,False,False,False,False,False,False,False,0,0,True,-2.057142857142857,False,False,False,5.87944984436035,1787.0229,1,0.0006183855970625,7.286611579883123e-06,876,275,True,1000000.0,False,False,False,True,0.47673183839129424,0.011783090976869746,0.005625083795920557
ARLRKRGLYSWYFDY,H3-23_A,K1-39,True,183,1,1,0.0005863448925514,7.286611579883123e-06,3.4785270525048872e-06,False,False,False,True,False,False,False,False,False,False,False,False,True,3,3,False,-0.0466666666666664,True,False,True,9.989149475097657,1994.2571000000005,3,0.0005863448925514,7.286611579883123e-06,892,276,True,1000000.0,False,False,False,True,0.47673183839129424,0.012426964748562025,0.00593246018186837
ARVSALVWLLGYAFDI,H1-69,K3-15,True,178,1,1,0.0005703245402959,7.286611579883123e-06,3.4785270525048872e-06,False,False,False,False,False,False,False,False,False,False,False,False,False,0,0,True,-1.9625,False,False,False,5.880318832397459,1794.1,1,0.0005703245402959,7.286611579883123e-06,1309,277,True,1000000.0,False,False,False,True,0.47673183839129424,0.012776030671582147,0.006099099399977009
ARWLYGSFYFDY,H3-23_A,K1-39,True,157,1,1,0.0005030390608228,7.286611579883123e-06,3.4785270525048872e-06,False,False,False,True,False,False,False,False,False,False,False,False,False,0,0,True,-1.2333333333333332,False,False,False,5.87858085632324,1587.7296,1,0.0005030390608228,7.286611579883123e-06,1374,284,True,1000000.0,False,False,False,True,0.47673183839129424,0.014484892523136715,0.006914886287264544
ARLGARHYQRFDY,H3-23_A,K3-15,True,148,1,1,0.0004742024267629,7.286611579883123e-06,3.4785270525048872e-06,False,False,False,False,False,False,False,False,False,False,False,False,False,2,3,False,1.4153846153846157,True,False,True,9.979042053222656,1652.8131999999998,3,0.0004742024267629,7.286611579883123e-06,835,285,True,1000000.0,False,False,False,False,0.47673183839129424,0.015365712007218937,0.007335377261726853
ARENWSLWRGTHFDI,H3-23_A,K3-20,True,143,1,1,0.0004581820745074,7.286611579883123e-06,3.4785270525048872e-06,True,False,False,False,False,False,False,False,False,False,False,False,False,0,1,False,0.5600000000000002,False,False,False,6.7976123809814455,1888.0492,2,0.0004581820745074,7.286611579883123e-06,323,287,True,1000000.0,False,False,False,False,0.47673183839129424,0.015902962939105664,0.0075918533864747315
ARTFRYSRNFDY,H3-23_A,K3-20,True,140,1,1,0.0004485698631541,7.286611579883123e-06,3.4785270525048872e-06,False,False,False,False,False,False,False,False,False,False,False,False,False,2,2,False,1.7666666666666668,True,False,True,9.97897186279297,1595.7155,3,0.0004485698631541,7.286611579883123e-06,1160,289,True,1000000.0,False,False,False,False,0.47673183839129424,0.016243733119558162,0.007754532332428649
ARGVWYLSWVSALRFDY,H3-23_A,K1-39,True,138,1,1,0.0004421617222519,7.286611579883123e-06,3.4785270525048872e-06,False,False,False,False,False,False,False,False,False,False,False,False,False,1,1,True,-1.0294117647058822,False,False,False,8.632579040527343,2089.353,2,0.0004421617222519,7.286611579883123e-06,587,292,True,1000000.0,False,False,False,False,0.47673183839129424,0.016479144217485774,0.007866914317336673
ARHRSRSSNYHTYGFDI,H3-23_A,K3-20,True,138,1,1,0.0004421617222519,7.286611579883123e-06,3.4785270525048872e-06,False,False,False,False,False,False,False,False,False,False,False,False,False,2,4,False,2.664705882352941,True,False,True,9.979112243652343,2067.1838,3,0.0004421617222519,7.286611579883123e-06,701,293,True,1000000.0,False,False,False,False,0.47673183839129424,0.016479144217485774,0.007866914317336673
ARLVQRGARPYGFDY,H3-23_A,UNK,True,138,1,1,0.0004421617222519,7.286611579883123e-06,3.4785270525048872e-06,False,False,False,False,False,False,False,False,False,False,False,False,False,2,2,False,1.36,True,False,True,9.97897186279297,1768.9714,3,0.0004421617222519,7.286611579883123e-06,938,294,True,1000000.0,False,False,False,False,0.47673183839129424,0.016479144217485774,0.007866914317336673
ARVRQWSYGLRLFDP,H3-23_A,K1-39,True,138,1,1,0.0004421617222519,7.286611579883123e-06,3.4785270525048872e-06,False,False,False,False,True,False,False,False,False,False,False,False,False,2,2,False,0.1200000000000001,True,False,True,10.73751983642578,1864.1138,3,0.0004421617222519,7.286611579883123e-06,1291,295,True,1000000.0,False,False,False,False,0.47673183839129424,0.016479144217485774,0.007866914317336673
ARVRYWSSWVYRGAFDY,H3-23_A,K3-20,True,136,1,1,0.0004357535813497,7.286611579883123e-06,3.4785270525048872e-06,False,False,False,False,False,False,False,False,False,False,False,False,False,2,2,False,0.1882352941176471,True,False,True,9.694419860839844,2182.3967,3,0.0004357535813497,7.286611579883123e-06,1308,296,True,1000000.0,False,False,False,False,0.47673183839129424,0.01672147901234459,0.007982601578890025
ARSRGHRYLSYGWAFDY,H3-23_A,K3-20,True,134,1,1,0.0004293454404475,7.286611579883123e-06,3.4785270525048872e-06,False,False,False,False,False,False,False,False,False,False,False,False,False,2,3,False,1.1294117647058826,True,False,True,9.694560241699218,2105.273,3,0.0004293454404475,7.286611579883123e-06,1106,298,True,1000000.0,False,False,False,False,0.47673183839129424,0.016971047513194615,0.008101742111103467
ARGTRLWSGRKFDY,H3-23_A,K3-20,True,130,1,1,0.0004165291586431,7.286611579883123e-06,3.4785270525048872e-06,False,False,False,False,False,False,False,False,False,False,False,False,True,3,3,False,1.6571428571428573,True,False,True,10.903590393066406,1712.9082999999998,3,0.0004165291586431,7.286611579883123e-06,573,301,True,1000000.0,False,False,False,False,0.47673183839129424,0.017493221054221346,0.00835102049909638
ARDRRWGWSNAYPFDY,H3-23_A,K3-20,True,128,1,1,0.0004101210177409,7.286611579883123e-06,3.4785270525048872e-06,False,False,False,False,False,True,True,False,False,False,False,False,False,1,1,False,1.56875,True,False,False,8.631455993652345,2060.1894,3,0.0004101210177409,7.286611579883123e-06,215,304,True,1000000.0,False,False,False,False,0.47673183839129424,0.01776654596869929,0.008481502012857862
ARSVRWYRPRSHGYFDI,H3-23_A,K3-20,True,127,1,1,0.0004069169472898,7.286611579883123e-06,3.4785270525048872e-06,False,False,False,False,False,False,False,False,False,False,False,False,True,3,4,False,1.0058823529411764,True,False,True,10.83466339111328,2166.4025,4,0.0004069169472898,7.286611579883123e-06,1142,305,True,1000000.0,False,False,False,False,0.47673183839129424,0.0179064365936273,0.008548283852107721
ARVRFKGYSRHAFDY,H3-23_A,K3-20,True,122,1,1,0.0003908965950343,7.286611579883123e-06,3.4785270525048872e-06,False,False,False,False,False,False,False,False,False,False,False,False,True,3,4,False,1.3933333333333335,True,False,True,10.267314147949218,1873.0808,3,0.0003908965950343,7.286611579883123e-06,1274,309,True,1000000.0,False,False,False,False,0.47673183839129424,0.018640288172277475,0.008898614392012661
ARDRQGWYRVTFDY,H3-23_A,K3-15,True,120,1,1,0.0003844884541321,7.286611579883123e-06,3.4785270525048872e-06,False,False,False,False,False,False,False,False,False,False,False,False,False,1,1,False,1.7785714285714287,True,False,False,8.631455993652345,1832.9706,3,0.0003844884541321,7.286611579883123e-06,213,311,True,1000000.0,False,False,False,False,0.47673183839129424,0.018950951561900697,0.00904692077464059
ARLVAGTWYLLFDY,H3-23_A,K1-39,True,119,1,1,0.000381284383681,7.286611579883123e-06,3.4785270525048872e-06,False,False,False,False,False,False,False,False,False,False,False,False,False,0,0,True,-1.7857142857142854,False,False,False,5.87944984436035,1687.9333,1,0.000381284383681,7.286611579883123e-06,936,313,True,1000000.0,False,False,False,False,0.47673183839129424,0.019110199079090753,0.009122943325110988
ARAYFRSRYAIPYFDP,H3-23_A,UNK,True,117,1,1,0.0003748762427788,7.286611579883123e-06,3.4785270525048872e-06,False,False,False,False,True,False,False,False,False,False,False,False,False,2,2,False,0.4687500000000001,True,False,True,9.694419860839844,1993.226,3,0.0003748762427788,7.286611579883123e-06,123,314,True,1000000.0,False,False,False,False,0.47673183839129424,0.019436860434973488,0.009278886914389592
ARGRWLARAGFDY,H3-23_A,K4-1,True,115,1,1,0.0003684681018766,7.286611579883123e-06,3.4785270525048872e-06,False,False,False,False,False,False,False,False,False,False,False,False,False,2,2,False,0.7692307692307695,True,False,True,10.73751983642578,1538.7106,3,0.0003684681018766,7.286611579883123e-06,529,317,True,1000000.0,False,False,False,False,0.47673183839129424,0.019774883616620845,0.009440254481309217
ARLTGRWRKWGFDY,H3-23_A,K1-39,True,114,1,1,0.0003652640314255,7.286611579883123e-06,3.4785270525048872e-06,False,False,False,False,False,False,False,False,False,False,False,False,True,3,3,False,0.4785714285714287,True,False,True,10.903590393066406,1812.0409,3,0.0003652640314255,7.286611579883123e-06,927,320,True,1000000.0,False,False,False,False,0.47673183839129424,0.019948342759124594,0.0095230614641007
ARGRYRPTYATGLFDY,H3-23_A,K1-39,True,113,1,1,0.0003620599609744,7.286611579883123e-06,3.4785270525048872e-06,False,False,False,False,False,False,False,False,False,False,False,False,False,2,2,False,1.6625,True,False,True,9.694419860839844,1907.0922,3,0.0003620599609744,7.286611579883123e-06,538,322,True,1000000.0,False,False,False,False,0.47673183839129424,0.02012487189015473,0.009607334016728426
ARVRGRLWSGYSGFDP,H3-23_A,K3-20,True,113,1,1,0.0003620599609744,7.286611579883123e-06,3.4785270525048872e-06,False,False,False,False,True,False,False,False,False,False,False,False,False,2,2,False,1.43125,True,False,True,10.73751983642578,1824.0069,3,0.0003620599609744,7.286611579883123e-06,1275,323,True,1000000.0,False,False,False,False,0.47673183839129424,0.02012487189015473,0.009607334016728426
ARYGRYARSGRAFDI,H3-23_A,K3-20,True,113,1,1,0.0003620599609744,7.286611579883123e-06,3.4785270525048872e-06,False,False,False,False,False,False,False,False,False,False,False,False,True,3,3,False,2.0000000000000004,True,False,True,10.83466339111328,1758.9369000000002,4,0.0003620599609744,7.286611579883123e-06,1412,324,True,1000000.0,False,False,False,False,0.47673183839129424,0.02012487189015473,0.009607334016728426
ARIWPRYLYAYWGFDY,H3-23_A,K1-39,True,111,1,1,0.0003556518200722,7.286611579883123e-06,3.4785270525048872e-06,False,False,False,False,False,False,False,False,False,False,False,False,False,1,1,True,-1.475,False,False,False,8.472544860839843,2140.398,2,0.0003556518200722,7.286611579883123e-06,793,332,True,1000000.0,False,False,False,False,0.47673183839129424,0.02048747199911401,0.009780434267020115
ARLRPWRAYSTGFDY,H3-23_A,K4-1,True,108,1,1,0.0003460396087189,7.286611579883123e-06,3.4785270525048872e-06,False,False,False,False,False,False,False,False,False,False,False,False,False,2,2,False,0.9400000000000002,True,False,True,9.97897186279297,1859.051,3,0.0003460396087189,7.286611579883123e-06,897,340,True,1000000.0,False,False,False,False,0.47673183839129424,0.021056551998017484,0.010052105145798717
ARLSWAALLDY,H3-23_A,K3-15,True,106,1,1,0.0003396314678167,7.286611579883123e-06,3.4785270525048872e-06,False,False,False,False,False,False,False,False,False,False,False,False,False,0,0,True,-1.136363636363636,False,False,False,5.880318832397459,1278.4553,1,0.0003396314678167,7.286611579883123e-06,920,343,True,1000000.0,False,False,False,False,0.47673183839129424,0.021453833734506208,0.010241761922846836
ARGPRREWYGSGFDI,H3-23_A,K3-20,True,105,1,1,0.0003364273973656,7.286611579883123e-06,3.4785270525048872e-06,False,False,False,False,False,True,True,False,False,False,False,False,False,1,1,False,1.94,True,False,True,8.788050842285156,1766.9126,3,0.0003364273973656,7.286611579883123e-06,473,344,True,1000000.0,False,False,False,False,0.47673183839129424,0.021658149887436275,0.010339299613368604
ARHPRYRYGNWGFDP,H3-23_A,K3-15,True,105,1,1,0.0003364273973656,7.286611579883123e-06,3.4785270525048872e-06,False,False,False,False,True,False,False,False,False,False,False,False,False,2,3,False,1.7600000000000002,True,False,True,9.979042053222656,1892.0427,3,0.0003364273973656,7.286611579883123e-06,677,346,True,1000000.0,False,False,False,False,0.47673183839129424,0.021658149887436275,0.010339299613368604
ARDRSFSQWYRLRWFDP,H3-23_A,K1-39,True,104,1,1,0.0003332233269145,7.286611579883123e-06,3.4785270525048872e-06,False,False,False,False,True,False,False,False,False,False,False,False,False,2,2,False,0.6176470588235297,True,False,True,10.667610168457031,2286.508,4,0.0003332233269145,7.286611579883123e-06,217,347,True,1000000.0,False,False,False,False,0.47673183839129424,0.02186639507924338,0.010438712972419465
ARGWRGRYSSTAHFDY,H3-23_A,K3-20,True,104,1,1,0.0003332233269145,7.286611579883123e-06,3.4785270525048872e-06,False,False,False,False,False,False,False,False,False,False,False,False,False,2,3,False,2.21875,True,False,True,9.979042053222656,1930.0461,3,0.0003332233269145,7.286611579883123e-06,594,348,True,1000000.0,False,False,False,False,0.47673183839129424,0.02186639507924338,0.010438712972419465
ARQRWQRGVWYFDY,H3-23_A,K3-20,True,101,1,1,0.0003236111155612,7.286611579883123e-06,3.4785270525048872e-06,False,False,False,True,False,False,False,False,False,False,False,False,False,2,2,False,0.4071428571428572,True,False,True,9.97897186279297,1931.1184,3,0.0003236111155612,7.286611579883123e-06,1066,358,True,1000000.0,False,False,False,False,0.47673183839129424,0.02251587189311555,0.010748764172797194
ARHWYTSWRRQAFDI,H3-23_A,K4-1,True,99,1,1,0.000317202974659,7.286611579883123e-06,3.4785270525048872e-06,False,False,False,True,False,True,True,False,False,False,False,False,False,2,3,False,0.5000000000000001,True,False,True,10.73751983642578,1993.1897,3,0.000317202974659,7.286611579883123e-06,736,359,True,1000000.0,False,False,False,False,0.47673183839129424,0.022970723652511817,0.010965904078306572
ARITGYRSRHTFDY,H3-23_A,K3-20,True,98,1,1,0.0003139989042079,7.286611579883123e-06,3.4785270525048872e-06,False,False,False,False,False,False,False,False,False,False,False,False,False,2,3,False,2.028571428571429,True,False,True,9.979042053222656,1742.8911999999998,3,0.0003139989042079,7.286611579883123e-06,786,361,True,1000000.0,False,False,False,False,0.47673183839129424,0.023205111327221407,0.011077797495200369
ARVRLRWYRGLAFDP,H4-34,K3-20,True,98,1,1,0.0003139989042079,7.286611579883123e-06,3.4785270525048872e-06,False,False,False,False,True,False,False,False,False,False,False,False,True,3,3,False,-0.2933333333333331,True,False,True,11.539094543457033,1876.1709,4,0.0003139989042079,7.286611579883123e-06,1281,362,True,1000000.0,False,False,False,False,0.47673183839129424,0.023205111327221407,0.011077797495200369
ARVRPWYRYGRGFDY,H3-23_A,K3-15,True,98,1,1,0.0003139989042079,7.286611579883123e-06,3.4785270525048872e-06,False,False,False,False,False,False,False,False,False,False,False,False,True,3,3,False,0.9200000000000002,True,False,True,10.256925964355467,1962.1755000000005,4,0.0003139989042079,7.286611579883123e-06,1287,363,True,1000000.0,False,False,False,False,0.47673183839129424,0.023205111327221407,0.011077797495200369
ARYRYLIAGRYRFDY,H4-34,K1-39,True,98,1,1,0.0003139989042079,7.286611579883123e-06,3.4785270525048872e-06,False,False,False,False,False,False,False,False,False,False,False,False,True,3,3,False,0.1800000000000002,True,False,True,9.985148620605468,1983.2344000000005,4,0.0003139989042079,7.286611579883123e-06,1472,365,True,1000000.0,False,False,False,False,0.47673183839129424,0.023205111327221407,0.011077797495200369
ARDIRPIYPRLYGFDY,H3-23_A,K3-20,True,96,1,1,0.0003075907633057,7.286611579883123e-06,3.4785270525048872e-06,False,False,False,False,False,False,False,False,False,False,False,False,False,1,1,False,0.2812500000000001,True,False,False,8.538594055175782,2015.273,3,0.0003075907633057,7.286611579883123e-06,149,372,True,1000000.0,False,False,False,False,0.47673183839129424,0.023688535430068287,0.01130857744019268
ARHPRGWYRANFDY,H3-23_A,K3-20,True,96,1,1,0.0003075907633057,7.286611579883123e-06,3.4785270525048872e-06,False,False,False,False,False,False,False,False,False,False,False,False,False,2,3,False,1.4785714285714289,True,False,True,9.979042053222656,1808.9541,3,0.0003075907633057,7.286611579883123e-06,676,375,True,1000000.0,False,False,False,False,0.47673183839129424,0.023688535430068287,0.01130857744019268
ARHLGRAWSRVWGFDY,H3-23_A,K3-20,True,94,1,1,0.0003011826224035,7.286611579883123e-06,3.4785270525048872e-06,False,False,False,False,False,False,False,False,False,False,False,False,False,2,3,False,0.1750000000000001,True,False,True,10.73751983642578,1977.1902,3,0.0003011826224035,7.286611579883123e-06,658,378,True,1000000.0,False,False,False,False,0.47673183839129424,0.024192530088341397,0.011549177482324896
ARVKIYSAWYGWSLFDI,H3-23_A,K1-39,True,94,1,1,0.0003011826224035,7.286611579883123e-06,3.4785270525048872e-06,False,False,False,False,False,False,False,False,False,False,False,False,False,1,1,True,-1.1235294117647057,False,False,False,8.54006805419922,2075.3662,1,0.0003011826224035,7.286611579883123e-06,1238,379,True,1000000.0,False,False,False,False,0.47673183839129424,0.024192530088341397,0.011549177482324896
ARLSPRYRYRLFDY,H4-34,K3-15,True,93,1,1,0.0002979785519524,7.286611579883123e-06,3.4785270525048872e-06,False,False,False,False,False,False,False,False,False,False,False,False,True,3,3,False,0.3000000000000002,True,False,True,10.256925964355467,1876.1245,4,0.0002979785519524,7.286611579883123e-06,914,383,True,1000000.0,False,False,False,False,0.47673183839129424,0.024452656090785226,0.011673358019003828
ARGLRSLRYHGFDY,H3-23_A,K3-20,True,92,1,1,0.0002947744815012,7.286611579883123e-06,3.4785270525048872e-06,False,False,False,False,False,False,False,False,False,False,False,False,False,2,3,False,0.9500000000000004,True,False,True,9.979042053222656,1710.8922999999998,3,0.0002947744815012,7.286611579883123e-06,439,385,True,1000000.0,False,False,False,False,0.47673183839129424,0.02471843681450192,0.0118002380409931
ARIISFIGYRLFDF,H3-23_A,K3-15,True,92,1,1,0.0002947744815012,7.286611579883123e-06,3.4785270525048872e-06,False,False,False,False,False,False,False,False,False,False,False,False,False,1,1,True,-2.142857142857143,False,False,False,8.79022674560547,1718.0056,2,0.0002947744815012,7.286611579883123e-06,763,386,True,1000000.0,False,False,False,False,0.47673183839129424,0.02471843681450192,0.0118002380409931
ARIRYSSSYLRIFDI,H1-69,K3-15,True,92,1,1,0.0002947744815012,7.286611579883123e-06,3.4785270525048872e-06,False,False,False,False,False,False,False,False,False,False,False,False,False,2,2,False,-0.1333333333333332,True,False,True,9.97897186279297,1860.1202000000003,3,0.0002947744815012,7.286611579883123e-06,782,387,True,1000000.0,False,False,False,False,0.47673183839129424,0.02471843681450192,0.0118002380409931
ARIRYSYGYSYYRPFDY,H3-23_A,K3-20,True,92,1,1,0.0002947744815012,7.286611579883123e-06,3.4785270525048872e-06,False,False,False,False,False,False,False,False,False,False,False,False,False,2,2,False,0.9941176470588236,True,False,True,9.30760040283203,2240.4294,3,0.0002947744815012,7.286611579883123e-06,783,388,True,1000000.0,False,False,False,False,0.47673183839129424,0.02471843681450192,0.0118002380409931
ARHGWRSGRTTFDY,H3-23_A,K3-20,True,91,1,1,0.0002915704110501,7.286611579883123e-06,3.4785270525048872e-06,False,False,False,False,False,False,False,False,False,False,False,False,False,2,3,False,2.4285714285714284,True,False,True,10.73751983642578,1709.8216,3,0.0002915704110501,7.286611579883123e-06,644,391,True,1000000.0,False,False,False,False,0.47673183839129424,0.02499005867246384,0.01192990653925376
ARLRIRSTRGYWFDP,H4-34,K3-20,True,91,1,1,0.0002915704110501,7.286611579883123e-06,3.4785270525048872e-06,False,False,False,True,True,False,False,False,False,False,False,False,True,3,3,False,0.6733333333333336,True,False,True,11.539094543457033,1894.1432,4,0.0002915704110501,7.286611579883123e-06,891,393,True,1000000.0,False,False,False,False,0.47673183839129424,0.02499005867246384,0.01192990653925376
ARALGLHLAWYPRYFDY,H4-34,K3-20,True,90,1,1,0.000288366340599,7.286611579883123e-06,3.4785270525048872e-06,False,False,False,False,False,False,False,False,False,False,False,False,False,1,2,True,-1.052941176470588,False,False,False,8.545542907714843,2112.3897,2,0.000288366340599,7.286611579883123e-06,49,395,True,1000000.0,False,False,False,False,0.47673183839129424,0.02526771636240255,0.012062456459775708
ARIRGIRLHFDY,H3-23_A,K3-20,True,89,1,1,0.0002851622701479,7.286611579883123e-06,3.4785270525048872e-06,False,False,False,False,False,False,False,False,False,False,False,False,False,2,3,False,-0.3166666666666665,True,False,True,10.73751983642578,1516.7481,3,0.0002851622701479,7.286611579883123e-06,777,400,True,1000000.0,False,False,False,False,0.47673183839129424,0.02555161333219404,0.01219798492574613
ARNLRGRWFYQYAFDY,H3-23_A,K3-20,True,89,1,1,0.0002851622701479,7.286611579883123e-06,3.4785270525048872e-06,False,False,False,True,False,False,False,False,False,False,False,False,False,2,2,False,0.1375000000000002,True,False,True,9.694419860839844,2126.3334,3,0.0002851622701479,7.286611579883123e-06,955,401,True,1000000.0,False,False,False,False,0.47673183839129424,0.02555161333219404,0.01219798492574613
ARDLVYRWAPIWPFDI,H3-23_A,K3-15,True,86,1,1,0.0002755500587946,7.286611579883123e-06,3.4785270525048872e-06,False,False,False,False,False,False,False,False,False,False,False,False,False,0,0,True,-1.45,False,False,False,6.004890823364257,2018.3183,2,0.0002755500587946,7.286611579883123e-06,175,414,True,1000000.0,False,False,False,False,0.47673183839129424,0.02644291633467279,0.01262348058612424
ARGPFYLPWGYWFDP,H1-69,K3-15,True,86,1,1,0.0002755500587946,7.286611579883123e-06,3.4785270525048872e-06,False,False,False,True,True,False,False,False,False,False,False,False,False,0,0,True,-1.16,False,False,False,5.87944984436035,1872.0859,1,0.0002755500587946,7.286611579883123e-06,456,415,True,1000000.0,False,False,False,False,0.47673183839129424,0.02644291633467279,0.01262348058612424
ARGRYGYWRFDY,H1-69,K3-15,True,86,1,1,0.0002755500587946,7.286611579883123e-06,3.4785270525048872e-06,False,False,False,False,False,False,False,False,False,False,False,False,False,2,2,False,0.9333333333333336,True,False,True,9.694419860839844,1609.7436,3,0.0002755500587946,7.286611579883123e-06,510,416,True,1000000.0,False,False,False,False,0.47673183839129424,0.02644291633467279,0.01262348058612424
ARVYRVFGTPSRFDY,H3-23_A,K4-1,True,86,1,1,0.0002755500587946,7.286611579883123e-06,3.4785270525048872e-06,False,False,False,False,False,False,False,False,False,False,False,False,False,2,2,False,0.9733333333333334,True,False,True,9.97897186279297,1834.0414,3,0.0002755500587946,7.286611579883123e-06,1346,421,True,1000000.0,False,False,False,False,0.47673183839129424,0.02644291633467279,0.01262348058612424
ARADWRWRWGFDY,H3-23_A,K3-15,True,85,1,1,0.0002723459883435,7.286611579883123e-06,3.4785270525048872e-06,False,False,False,False,False,False,False,False,False,False,False,False,False,1,1,False,0.1076923076923078,True,True,False,8.787910461425781,1784.9309999999998,3,0.0002723459883435,7.286611579883123e-06,14,422,True,1000000.0,False,False,False,False,0.47673183839129424,0.026753998045723617,0.012771986669585213
ARQGSRWGRLYVYHFDY,H3-23_A,K1-39,True,85,1,1,0.0002723459883435,7.286611579883123e-06,3.4785270525048872e-06,False,False,False,True,False,False,False,False,False,False,False,False,False,2,3,False,0.7588235294117648,True,False,True,9.694560241699218,2174.378,3,0.0002723459883435,7.286611579883123e-06,1045,424,True,1000000.0,False,False,False,False,0.47673183839129424,0.026753998045723617,0.012771986669585213
ARVRVYRLSYSPFDI,H3-23_A,K3-20,True,85,1,1,0.0002723459883435,7.286611579883123e-06,3.4785270525048872e-06,False,False,False,False,False,False,False,False,False,False,False,False,False,2,2,False,0.1466666666666668,True,False,True,9.97897186279297,1842.1049000000005,3,0.0002723459883435,7.286611579883123e-06,1297,425,True,1000000.0,False,False,False,False,0.47673183839129424,0.026753998045723617,0.012771986669585213
ARYRSYRGYTSNVFDY,H3-23_A,K1-39,True,85,1,1,0.0002723459883435,7.286611579883123e-06,3.4785270525048872e-06,False,False,False,False,False,False,False,False,False,False,False,False,False,2,2,False,2.19375,True,False,True,9.52378692626953,2018.1477,3,0.0002723459883435,7.286611579883123e-06,1467,427,True,1000000.0,False,False,False,False,0.47673183839129424,0.026753998045723617,0.012771986669585213
ARAGRVRPGFDY,H3-23_A,K3-20,True,84,1,1,0.0002691419178924,7.286611579883123e-06,3.4785270525048872e-06,False,False,False,False,False,False,False,False,False,False,False,False,False,2,2,False,2.125,True,False,True,10.73751983642578,1364.5114,3,0.0002691419178924,7.286611579883123e-06,29,428,True,1000000.0,False,False,False,False,0.47673183839129424,0.027072486188993546,0.012924028480805821
ARALWHVFYPFDY,H1-69,K3-15,True,84,1,1,0.0002691419178924,7.286611579883123e-06,3.4785270525048872e-06,False,False,False,False,False,False,False,False,False,False,False,False,False,0,1,True,-1.7307692307692304,False,False,False,6.787184524536133,1684.8911999999998,1,0.0002691419178924,7.286611579883123e-06,54,429,True,1000000.0,False,False,False,False,0.47673183839129424,0.027072486188993546,0.012924028480805821
ARLASRLSRSYNFDY,H3-23_A,K3-20,True,84,1,1,0.0002691419178924,7.286611579883123e-06,3.4785270525048872e-06,False,False,False,False,False,False,False,False,False,False,False,False,False,2,2,False,1.4600000000000002,True,False,True,9.97897186279297,1818.9855,3,0.0002691419178924,7.286611579883123e-06,826,432,True,1000000.0,False,False,False,False,0.47673183839129424,0.027072486188993546,0.012924028480805821
ARGYLAWVIYGFDY,H3-23_A,K1-39,True,83,1,1,0.0002659378474413,7.286611579883123e-06,3.4785270525048872e-06,False,False,False,False,False,False,False,False,False,False,False,False,False,0,0,True,-1.1428571428571428,False,False,False,5.87858085632324,1693.8963,1,0.0002659378474413,7.286611579883123e-06,607,433,True,1000000.0,False,False,False,False,0.47673183839129424,0.02739864845678596,0.013079733812369612
ARGTLRWVRYPAFDY,H3-23_A,K3-20,True,82,1,1,0.0002627337769902,7.286611579883123e-06,3.4785270525048872e-06,False,False,False,False,False,False,False,False,False,False,False,False,False,2,2,False,0.2600000000000002,True,False,True,9.97897186279297,1871.1047,3,0.0002627337769902,7.286611579883123e-06,572,439,True,1000000.0,False,False,False,False,0.47673183839129424,0.02773276559906842,0.013239236690407444
ARPDRTWYRAFDY,H3-23_A,K3-15,True,82,1,1,0.0002627337769902,7.286611579883123e-06,3.4785270525048872e-06,False,False,False,False,False,False,False,False,False,False,False,False,False,1,1,False,1.623076923076923,True,False,False,8.631455993652345,1716.8521999999998,3,0.0002627337769902,7.286611579883123e-06,968,440,True,1000000.0,False,False,False,False,0.47673183839129424,0.02773276559906842,0.013239236690407444
ARGPYRLSRYGYAFDY,H3-23_A,K3-20,True,81,1,1,0.0002595297065391,7.286611579883123e-06,3.4785270525048872e-06,False,False,False,False,False,False,False,False,False,False,False,False,False,2,2,False,1.3000000000000005,True,False,True,9.52378692626953,1955.1349,3,0.0002595297065391,7.286611579883123e-06,278,443,True,1000000.0,False,False,False,False,0.47673183839129424,0.028075132229470195,0.013402677759369519
ARLTFYRYWPFDY,H3-23_A,K3-15,True,80,1,1,0.000256325636088,7.286611579883123e-06,3.4785270525048872e-06,False,False,False,False,False,False,False,False,False,False,False,False,False,1,1,True,-1.192307692307692,False,False,False,8.539295959472657,1798.0058,2,0.000256325636088,7.286611579883123e-06,926,450,True,1000000.0,False,False,False,False,0.47673183839129424,0.02842605769172738,0.013570204695654214
ARVLRIRSYWALFDY,H4-34,K3-20,True,80,1,1,0.000256325636088,7.286611579883123e-06,3.4785270525048872e-06,False,False,False,False,False,False,False,False,False,False,False,False,False,2,2,True,-1.3199999999999998,True,False,True,9.97897186279297,1929.2268,3,0.000256325636088,7.286611579883123e-06,1252,452,True,1000000.0,False,False,False,False,0.47673183839129424,0.02842605769172738,0.013570204695654214
ARDRLRSYRSFDY,H3-23_A,K3-20,True,79,1,1,0.0002531215656369,7.286611579883123e-06,3.4785270525048872e-06,False,False,False,False,False,False,False,False,False,False,False,False,False,2,2,False,2.284615384615385,True,False,True,9.971391296386717,1704.8432,4,0.0002531215656369,7.286611579883123e-06,203,456,True,1000000.0,False,False,False,False,0.47673183839129424,0.02878586699193127,0.013741972652650512
ARHRSTRIYSPYFDY,H3-23_A,K3-20,True,79,1,1,0.0002531215656369,7.286611579883123e-06,3.4785270525048872e-06,False,False,False,False,False,False,False,False,False,False,False,False,False,2,3,False,1.6133333333333335,True,False,True,9.694560241699218,1932.1017,3,0.0002531215656369,7.286611579883123e-06,702,459,True,1000000.0,False,False,False,False,0.47673183839129424,0.02878586699193127,0.013741972652650512
ARLRTPSYSYYRAFDY,H3-23_A,K3-20,True,79,1,1,0.0002531215656369,7.286611579883123e-06,3.4785270525048872e-06,False,False,False,False,False,False,False,False,False,False,False,False,False,2,2,False,1.31875,True,False,True,9.52378692626953,2029.2135000000003,3,0.0002531215656369,7.286611579883123e-06,903,462,True,1000000.0,False,False,False,False,0.47673183839129424,0.02878586699193127,0.013741972652650512
ARAWRWTPWARIPFDY,H1-69,K3-15,True,78,1,1,0.0002499174951858,7.286611579883123e-06,3.4785270525048872e-06,False,False,False,False,False,False,False,False,False,False,False,False,False,2,2,False,-0.6749999999999998,True,True,True,10.73751983642578,2092.3621,3,0.0002499174951858,7.286611579883123e-06,119,465,True,1000000.0,False,False,False,False,0.47673183839129424,0.02915490180248532,0.01391814474001308
ARPIVYRWYWSAFDY,H3-23_A,K3-15,True,78,1,1,0.0002499174951858,7.286611579883123e-06,3.4785270525048872e-06,False,False,False,True,False,False,False,False,False,False,False,False,False,1,1,True,-1.0266666666666666,False,False,False,8.539295959472657,1993.2242,2,0.0002499174951858,7.286611579883123e-06,981,467,True,1000000.0,False,False,False,False,0.47673183839129424,0.02915490180248532,0.01391814474001308
ARVHLYRWRSGTFDP,H3-23_A,K3-15,True,78,1,1,0.0002499174951858,7.286611579883123e-06,3.4785270525048872e-06,False,False,False,False,True,False,False,False,False,False,False,False,False,2,3,False,0.8200000000000002,True,False,True,10.73751983642578,1861.0702,3,0.0002499174951858,7.286611579883123e-06,1226,468,True,1000000.0,False,False,False,False,0.47673183839129424,0.02915490180248532,0.01391814474001308
ARSRYLSYWYRFDY,H4-34,K1-39,True,77,1,1,0.0002467134247347,7.286611579883123e-06,3.4785270525048872e-06,False,False,False,True,False,False,False,False,False,False,False,False,False,2,2,False,0.1214285714285716,True,False,True,9.52378692626953,1946.1264,3,0.0002467134247347,7.286611579883123e-06,1124,471,True,1000000.0,False,False,False,False,0.47673183839129424,0.029533521544289384,0.014098892540281991
ARVLWHYRKFAFDY,H3-23_A,K3-20,True,77,1,1,0.0002467134247347,7.286611579883123e-06,3.4785270525048872e-06,False,False,False,True,False,False,False,False,False,False,False,False,False,2,3,True,-1.0499999999999998,False,False,False,9.69764862060547,1872.134,2,0.0002467134247347,7.286611579883123e-06,1254,472,True,1000000.0,False,False,False,False,0.47673183839129424,0.029533521544289384,0.014098892540281991
ARASRYAYIGLRFDY,H3-23_A,K3-20,True,76,1,1,0.0002435093542836,7.286611579883123e-06,3.4785270525048872e-06,False,False,False,False,False,False,False,False,False,False,False,False,False,2,2,False,0.6000000000000002,True,False,True,9.694419860839844,1822.0307000000005,3,0.0002435093542836,7.286611579883123e-06,91,473,True,1000000.0,False,False,False,False,0.47673183839129424,0.02992210455435593,0.01428439666628646
ARDRLTYRGYSFDY,H3-23_A,K4-1,True,76,1,1,0.0002435093542836,7.286611579883123e-06,3.4785270525048872e-06,False,False,False,False,False,False,False,False,False,False,False,False,False,1,1,False,2.0000000000000004,True,False,False,8.538594055175782,1782.9086,3,0.0002435093542836,7.286611579883123e-06,205,474,True,1000000.0,False,False,False,False,0.47673183839129424,0.02992210455435593,0.01428439666628646
ARGRYLWGQRYGFDI,H3-23_A,K1-39,True,76,1,1,0.0002435093542836,7.286611579883123e-06,3.4785270525048872e-06,False,False,False,False,False,False,False,False,False,False,False,False,False,2,2,False,0.5066666666666669,True,False,True,9.97897186279297,1858.0661,3,0.0002435093542836,7.286611579883123e-06,534,476,True,1000000.0,False,False,False,False,0.47673183839129424,0.02992210455435593,0.01428439666628646
ARGSGWSRYGRFDY,H3-23_A,K4-1,True,76,1,1,0.0002435093542836,7.286611579883123e-06,3.4785270525048872e-06,False,False,False,False,False,False,False,False,False,False,False,False,False,2,2,False,2.271428571428572,True,False,True,9.97897186279297,1677.7762999999998,3,0.0002435093542836,7.286611579883123e-06,547,477,True,1000000.0,False,False,False,False,0.47673183839129424,0.02992210455435593,0.01428439666628646
ARAPRSFILRAFDY,H3-23_A,K3-20,True,75,1,1,0.0002403052838325,7.286611579883123e-06,3.4785270525048872e-06,False,False,False,False,False,False,False,False,False,False,False,False,False,2,2,False,2.220446049250313e-16,True,False,True,10.73751983642578,1682.9219999999998,3,0.0002403052838325,7.286611579883123e-06,60,478,True,1000000.0,False,False,False,False,0.47673183839129424,0.030321049346831802,0.014474847363139101
ARDLTSISTYRTRGFDI,H3-23_A,K3-20,True,74,1,1,0.0002371012133814,7.286611579883123e-06,3.4785270525048872e-06,False,False,False,False,False,False,False,False,False,False,False,False,False,1,1,False,1.9235294117647064,True,False,False,8.787910461425781,1972.1625,3,0.0002371012133814,7.286611579883123e-06,172,483,True,1000000.0,False,False,False,False,0.47673183839129424,0.030730775976260578,0.014670445159038427
ARGLYIGRYRYFDY,H4-34,K3-20,True,74,1,1,0.0002371012133814,7.286611579883123e-06,3.4785270525048872e-06,False,False,False,False,False,False,False,False,False,False,False,False,False,2,2,False,0.1500000000000002,True,False,True,9.52378692626953,1813.0221,3,0.0002371012133814,7.286611579883123e-06,449,484,True,1000000.0,False,False,False,False,0.47673183839129424,0.030730775976260578,0.014670445159038427
ARPLRWRWFHGAFDY,H3-23_A,K1-39,True,74,1,1,0.0002371012133814,7.286611579883123e-06,3.4785270525048872e-06,False,False,False,True,False,False,False,False,False,False,False,False,False,2,3,False,-0.8533333333333332,True,False,True,10.73751983642578,1978.2196,3,0.0002371012133814,7.286611579883123e-06,988,487,True,1000000.0,False,False,False,False,0.47673183839129424,0.030730775976260578,0.014670445159038427
ARPRIRYRLWRYWPFDI,H3-23_A,K4-1,True,74,1,1,0.0002371012133814,7.286611579883123e-06,3.4785270525048872e-06,False,False,False,False,False,False,False,False,False,False,False,False,True,4,4,True,-1.2294117647058822,True,False,True,11.43549346923828,2364.7523,5,0.0002371012133814,7.286611579883123e-06,1004,488,True,1000000.0,False,False,False,False,0.47673183839129424,0.030730775976260578,0.014670445159038427
ARATKRVYLRWPDPFDI,H3-23_A,K3-20,True,73,1,1,0.0002338971429303,7.286611579883123e-06,3.4785270525048872e-06,False,False,False,False,True,False,False,False,False,False,False,False,False,2,2,False,0.5823529411764707,True,False,False,9.97897186279297,2104.4127,3,0.0002338971429303,7.286611579883123e-06,100,492,True,1000000.0,False,False,False,False,0.47673183839129424,0.03115172751288916,0.014871401569559694
ARPRYGRALDY,H3-23_A,K4-1,True,73,1,1,0.0002338971429303,7.286611579883123e-06,3.4785270525048872e-06,False,False,False,False,False,False,False,False,False,False,False,False,False,2,2,False,1.963636363636364,True,False,True,9.97897186279297,1337.4861,3,0.0002338971429303,7.286611579883123e-06,1012,494,True,1000000.0,False,False,False,False,0.47673183839129424,0.03115172751288916,0.014871401569559694
ARSVPWGYILFDY,H3-23_A,K4-1,True,73,1,1,0.0002338971429303,7.286611579883123e-06,3.4785270525048872e-06,False,False,False,False,False,False,False,False,False,False,False,False,False,0,0,True,-1.0230769230769228,False,False,False,5.87944984436035,1586.7864,1,0.0002338971429303,7.286611579883123e-06,1140,496,True,1000000.0,False,False,False,False,0.47673183839129424,0.03115172751288916,0.014871401569559694
ARASSLRSWFRYWGFDY,H3-23_A,K1-39,True,72,1,1,0.0002306930724792,7.286611579883123e-06,3.4785270525048872e-06,False,False,False,False,False,False,False,False,False,False,False,False,False,2,2,False,0.035294117647059,True,False,True,9.97897186279297,2168.3702,3,0.0002306930724792,7.286611579883123e-06,92,501,True,1000000.0,False,False,False,False,0.47673183839129424,0.03158437164091119,0.015077939860634099
ARHRSRGYWYTGFDI,H3-23_A,K3-20,True,72,1,1,0.0002306930724792,7.286611579883123e-06,3.4785270525048872e-06,False,False,False,True,False,False,False,False,False,False,False,False,False,2,3,False,1.2600000000000002,True,False,True,9.979042053222656,1885.0485,3,0.0002306930724792,7.286611579883123e-06,699,504,True,1000000.0,False,False,False,False,0.47673183839129424,0.03158437164091119,0.015077939860634099
ARSRRPHGRFDY,H3-23_A,K3-20,True,72,1,1,0.0002306930724792,7.286611579883123e-06,3.4785270525048872e-06,False,False,False,False,False,True,True,False,False,False,False,False,True,3,4,False,2.85,True,False,True,11.539094543457033,1517.6535,4,0.0002306930724792,7.286611579883123e-06,1117,505,True,1000000.0,False,False,False,False,0.47673183839129424,0.03158437164091119,0.015077939860634099
ARATRGLSWLRYWFDP,H4-34,K4-1,True,71,1,1,0.0002274890020281,7.286611579883123e-06,3.4785270525048872e-06,False,False,False,True,True,False,False,False,False,False,False,False,False,2,2,False,-0.1999999999999998,True,False,True,10.73751983642578,1995.2453,3,0.0002274890020281,7.286611579883123e-06,103,507,True,1000000.0,False,False,False,False,0.47673183839129424,0.032029202391767424,0.01529029587600226
ARSLRLSSYGRWYFDI,H3-23_A,K1-39,True,71,1,1,0.0002274890020281,7.286611579883123e-06,3.4785270525048872e-06,False,False,False,True,False,False,False,False,False,False,False,False,False,2,2,False,0.0312500000000001,True,False,True,9.97897186279297,1990.2238,3,0.0002274890020281,7.286611579883123e-06,1091,514,True,1000000.0,False,False,False,False,0.47673183839129424,0.032029202391767424,0.01529029587600226
ARDFRRAYVWTGFDP,H3-23_A,K3-15,True,70,1,1,0.000224284931577,7.286611579883123e-06,3.4785270525048872e-06,False,False,False,False,True,True,True,False,False,False,False,False,False,1,1,False,1.0533333333333337,True,False,False,8.787910461425781,1857.0351,3,0.000224284931577,7.286611579883123e-06,141,517,True,1000000.0,False,False,False,False,0.47673183839129424,0.032486742026008035,0.015508718935589126
ARGYILWYFDY,H4-34,K3-15,True,69,1,1,0.0002210808611259,7.286611579883123e-06,3.4785270525048872e-06,False,False,False,True,False,False,False,False,False,False,False,False,False,0,0,True,-1.8272727272727272,False,False,False,5.87858085632324,1466.6361,1,0.0002210808611259,7.286611579883123e-06,606,528,True,1000000.0,False,False,False,False,0.47673183839129424,0.032957543078787725,0.0157334728119949
ARHLPRLGYKHRAFDP,H3-23_A,K3-20,True,69,1,1,0.0002210808611259,7.286611579883123e-06,3.4785270525048872e-06,False,False,False,False,True,False,False,False,False,False,False,False,True,3,5,False,1.0687500000000003,True,False,True,10.903660583496094,1934.2104,3,0.0002210808611259,7.286611579883123e-06,662,530,True,1000000.0,False,False,False,False,0.47673183839129424,0.032957543078787725,0.0157334728119949
ARTRYRGAVWYGFDY,H3-23_A,K1-39,True,69,1,1,0.0002210808611259,7.286611579883123e-06,3.4785270525048872e-06,False,False,False,False,False,False,False,False,False,False,False,False,False,2,2,False,0.9866666666666668,True,False,True,9.694419860839844,1881.0564,3,0.0002210808611259,7.286611579883123e-06,1184,533,True,1000000.0,False,False,False,False,0.47673183839129424,0.032957543078787725,0.0157334728119949
ARTVFYVWPFRYFDY,H3-23_A,K1-39,True,69,1,1,0.0002210808611259,7.286611579883123e-06,3.4785270525048872e-06,False,False,False,False,False,False,False,False,False,False,False,False,False,1,1,True,-1.5266666666666666,False,False,False,8.539295959472657,2030.284,2,0.0002210808611259,7.286611579883123e-06,1194,534,True,1000000.0,False,False,False,False,0.47673183839129424,0.032957543078787725,0.0157334728119949
ARTWRSYSIGWRGFDY,H3-23_A,K3-15,True,69,1,1,0.0002210808611259,7.286611579883123e-06,3.4785270525048872e-06,False,False,False,False,False,False,False,False,False,False,False,False,False,2,2,False,0.8312500000000002,True,False,True,9.97897186279297,2021.1964000000005,3,0.0002210808611259,7.286611579883123e-06,1200,535,True,1000000.0,False,False,False,False,0.47673183839129424,0.032957543078787725,0.0157334728119949
ARVTRVFGTYRPFDI,H3-23_A,K3-20,True,69,1,1,0.0002210808611259,7.286611579883123e-06,3.4785270525048872e-06,False,False,False,False,False,False,False,False,False,False,False,False,False,2,2,False,0.4800000000000002,True,False,True,10.73751983642578,1798.0524,3,0.0002210808611259,7.286611579883123e-06,1328,539,True,1000000.0,False,False,False,False,0.47673183839129424,0.032957543078787725,0.0157334728119949
ARDRYSWDNRFDY,H3-23_A,K3-20,True,68,1,1,0.0002178767906748,7.286611579883123e-06,3.4785270525048872e-06,False,False,False,False,False,False,False,False,False,False,False,False,False,0,0,False,2.707692307692308,True,False,False,6.083355331420899,1763.8225,3,0.0002178767906748,7.286611579883123e-06,233,542,True,1000000.0,False,False,False,False,0.47673183839129424,0.03344219058583741,0.015964836793142968
ARGTRSGRGFDY,H3-23_A,K3-20,True,68,1,1,0.0002178767906748,7.286611579883123e-06,3.4785270525048872e-06,False,False,False,False,False,False,False,False,False,False,False,False,False,2,2,False,3.5333333333333337,True,False,True,10.73751983642578,1342.4198,3,0.0002178767906748,7.286611579883123e-06,574,543,True,1000000.0,False,False,False,False,0.47673183839129424,0.03344219058583741,0.015964836793142968
ARIDWRGRFDY,H1-69,K3-20,True,68,1,1,0.0002178767906748,7.286611579883123e-06,3.4785270525048872e-06,False,False,False,False,False,False,False,False,False,False,False,False,False,1,1,False,1.0272727272727271,True,False,False,8.787910461425781,1454.5909,3,0.0002178767906748,7.286611579883123e-06,749,544,True,1000000.0,False,False,False,False,0.47673183839129424,0.03344219058583741,0.015964836793142968
ARIGRGRANVHFDY,H3-23_A,K3-20,True,68,1,1,0.0002178767906748,7.286611579883123e-06,3.4785270525048872e-06,False,False,False,False,False,False,False,False,False,False,False,False,False,2,3,False,1.75,True,False,True,10.73751983642578,1631.7957,3,0.0002178767906748,7.286611579883123e-06,757,545,True,1000000.0,False,False,False,False,0.47673183839129424,0.03344219058583741,0.015964836793142968
ARDRRSAYTWPFDY,H3-23_A,K3-20,True,67,1,1,0.0002146727202237,7.286611579883123e-06,3.4785270525048872e-06,False,False,False,False,False,True,True,False,False,False,False,False,False,1,1,False,1.9714285714285715,True,False,False,8.631455993652345,1803.9295,3,0.0002146727202237,7.286611579883123e-06,214,548,True,1000000.0,False,False,False,False,0.47673183839129424,0.03394130450876742,0.01620310684008593
ARPRPAPRAFDY,H3-23_A,K3-20,True,67,1,1,0.0002146727202237,7.286611579883123e-06,3.4785270525048872e-06,False,False,False,False,False,False,False,False,False,False,False,False,False,2,2,False,2.0083333333333333,True,False,True,10.73751983642578,1416.5861,3,0.0002146727202237,7.286611579883123e-06,1006,553,True,1000000.0,False,False,False,False,0.47673183839129424,0.03394130450876742,0.01620310684008593
ARTPFLSILWYAFDY,H3-23_A,K1-39,True,67,1,1,0.0002146727202237,7.286611579883123e-06,3.4785270525048872e-06,False,False,False,False,False,False,False,False,False,False,False,False,False,0,0,True,-1.7599999999999996,False,False,False,5.87944984436035,1863.1173,1,0.0002146727202237,7.286611579883123e-06,1168,554,True,1000000.0,False,False,False,False,0.47673183839129424,0.03394130450876742,0.01620310684008593
ARYRWGRGWGRGFDP,H1-69,K3-15,True,67,1,1,0.0002146727202237,7.286611579883123e-06,3.4785270525048872e-06,False,False,False,False,True,False,False,False,False,False,False,False,True,3,3,False,1.5133333333333334,True,False,True,11.539094543457033,1837.0106,4,0.0002146727202237,7.286611579883123e-06,1469,557,True,1000000.0,False,False,False,False,0.47673183839129424,0.03394130450876742,0.01620310684008593
ARASYRQFRSYWYAFDY,H4-34,K3-15,True,66,1,1,0.0002114686497726,7.286611579883123e-06,3.4785270525048872e-06,False,False,False,True,False,False,False,False,False,False,False,False,False,2,2,False,0.7000000000000002,True,False,True,9.52378692626953,2250.4276,3,0.0002114686497726,7.286611579883123e-06,98,558,True,1000000.0,False,False,False,False,0.47673183839129424,0.03445554238084229,0.016448596850061687
ARHRAGSYRVYGLLFDI,H3-23_A,K4-1,True,66,1,1,0.0002114686497726,7.286611579883123e-06,3.4785270525048872e-06,False,False,False,False,False,False,False,False,False,False,False,False,False,2,3,False,0.2176470588235296,True,False,True,9.979042053222656,1994.2588,3,0.0002114686497726,7.286611579883123e-06,686,559,True,1000000.0,False,False,False,False,0.47673183839129424,0.03445554238084229,0.016448596850061687
ARHRSRPRLPGSWAFDY,H3-23_A,K3-20,True,66,1,1,0.0002114686497726,7.286611579883123e-06,3.4785270525048872e-06,False,False,False,False,False,False,False,False,False,False,False,False,True,3,4,False,1.5117647058823531,True,False,True,11.539094543457033,2072.2914,4,0.0002114686497726,7.286611579883123e-06,700,560,True,1000000.0,False,False,False,False,0.47673183839129424,0.03445554238084229,0.016448596850061687
ARIQGRVRYRLFDY,H3-23_A,K3-20,True,66,1,1,0.0002114686497726,7.286611579883123e-06,3.4785270525048872e-06,False,False,False,False,False,False,False,False,False,False,False,False,True,3,3,False,0.4785714285714287,True,False,True,10.83466339111328,1813.0703,4,0.0002114686497726,7.286611579883123e-06,776,561,True,1000000.0,False,False,False,False,0.47673183839129424,0.03445554238084229,0.016448596850061687
ARLRSPYGRGFDY,H3-23_A,K4-1,True,66,1,1,0.0002114686497726,7.286611579883123e-06,3.4785270525048872e-06,False,False,False,False,False,False,False,False,False,False,False,False,False,2,2,False,1.730769230769231,True,False,True,9.97897186279297,1557.7106,3,0.0002114686497726,7.286611579883123e-06,899,562,True,1000000.0,False,False,False,False,0.47673183839129424,0.03445554238084229,0.016448596850061687
ARWYVRWGVFDY,H3-23_A,K3-20,True,66,1,1,0.0002114686497726,7.286611579883123e-06,3.4785270525048872e-06,False,False,False,False,False,False,False,False,False,False,False,False,False,1,1,True,-1.1833333333333331,False,False,False,8.632579040527343,1617.8053,2,0.0002114686497726,7.286611579883123e-06,1402,563,True,1000000.0,False,False,False,False,0.47673183839129424,0.03445554238084229,0.016448596850061687
ARERPVFLRGWGFDI,H3-23_A,K3-20,True,65,1,1,0.0002082645793215,7.286611579883123e-06,3.4785270525048872e-06,False,False,False,False,False,False,False,False,False,False,False,False,False,1,1,False,-0.2199999999999998,True,False,True,9.555091857910156,1819.0732000000005,3,0.0002082645793215,7.286611579883123e-06,326,567,True,1000000.0,False,False,False,False,0.47673183839129424,0.03498560219696928,0.01670164003613379
ARVRPLLVSRHAFDY,H3-23_A,K3-20,True,65,1,1,0.0002082645793215,7.286611579883123e-06,3.4785270525048872e-06,False,False,False,False,False,False,False,False,False,False,False,False,False,2,3,False,0.0400000000000001,True,False,True,10.73751983642578,1800.0716000000002,3,0.0002082645793215,7.286611579883123e-06,1284,577,True,1000000.0,False,False,False,False,0.47673183839129424,0.03498560219696928,0.01670164003613379
ARVRYRSWDVRAGFDI,H3-23_A,K3-20,True,65,1,1,0.0002082645793215,7.286611579883123e-06,3.4785270525048872e-06,False,False,False,False,False,False,False,False,False,False,False,False,False,2,2,False,1.0437500000000002,True,False,True,10.667610168457031,1967.1938,4,0.0002082645793215,7.286611579883123e-06,1304,578,True,1000000.0,False,False,False,False,0.47673183839129424,0.03498560219696928,0.01670164003613379
ARDWGARKRWYTRWFDP,H3-23_A,UNK,True,64,1,1,0.0002050605088704,7.286611579883123e-06,3.4785270525048872e-06,False,False,False,False,True,False,False,False,False,False,False,False,True,3,3,False,1.0941176470588236,True,True,True,10.83466339111328,2267.5081,4,0.0002050605088704,7.286611579883123e-06,261,580,True,1000000.0,False,False,False,False,0.47673183839129424,0.03553222557461005,0.01696259043616671
ARHSPRVIARFDY,H3-23_A,K1-39,True,64,1,1,0.0002050605088704,7.286611579883123e-06,3.4785270525048872e-06,False,False,False,False,False,False,False,False,False,False,False,False,False,2,3,False,1.1307692307692307,True,False,True,10.73751983642578,1587.783,3,0.0002050605088704,7.286611579883123e-06,717,589,True,1000000.0,False,False,False,False,0.47673183839129424,0.03553222557461005,0.01696259043616671
ARDVRYRYWPTIFDY,H3-23_A,K3-20,True,63,1,1,0.0002018564384193,7.286611579883123e-06,3.4785270525048872e-06,False,False,False,False,False,False,False,False,False,False,False,False,False,1,1,False,0.3600000000000001,True,False,False,8.538594055175782,2021.2361,3,0.0002018564384193,7.286611579883123e-06,252,595,True,1000000.0,False,False,False,False,0.47673183839129424,0.036096201215716626,0.017231824565505947
ARSRFYRYFPFDY,H3-23_A,K3-20,True,63,1,1,0.0002018564384193,7.286611579883123e-06,3.4785270525048872e-06,False,False,False,False,False,False,False,False,False,False,False,False,False,2,2,False,2.391249591500337e-16,True,False,True,9.694419860839844,1787.9712,3,0.0002018564384193,7.286611579883123e-06,1105,602,True,1000000.0,False,False,False,False,0.47673183839129424,0.036096201215716626,0.017231824565505947
ARYKRGYRFDY,H4-34,K1-39,True,63,1,1,0.0002018564384193,7.286611579883123e-06,3.4785270525048872e-06,False,False,False,False,False,False,False,False,False,False,False,False,True,3,3,False,1.9272727272727277,True,False,True,9.989149475097657,1494.6547,3,0.0002018564384193,7.286611579883123e-06,1427,607,True,1000000.0,False,False,False,False,0.47673183839129424,0.036096201215716626,0.017231824565505947
ARAPWLYGWPFDY,H3-23_A,K3-20,True,62,1,1,0.0001986523679682,7.286611579883123e-06,3.4785270525048872e-06,False,False,False,False,False,False,False,False,False,False,False,False,False,0,0,True,-1.0692307692307692,False,False,False,5.87944984436035,1641.8235,1,0.0001986523679682,7.286611579883123e-06,62,610,True,1000000.0,False,False,False,False,0.47673183839129424,0.03667836870367666,0.01750974322958688
ARAVYRSGRYIGFDI,H3-23_A,K3-15,True,62,1,1,0.0001986523679682,7.286611579883123e-06,3.4785270525048872e-06,False,False,False,False,False,False,False,False,False,False,False,False,False,2,2,False,0.8000000000000002,True,False,True,9.97897186279297,1743.9618999999998,3,0.0001986523679682,7.286611579883123e-06,112,611,True,1000000.0,False,False,False,False,0.47673183839129424,0.03667836870367666,0.01750974322958688
ARDRWPYSRLITRGFDY,H3-23_A,K3-20,True,62,1,1,0.0001986523679682,7.286611579883123e-06,3.4785270525048872e-06,False,False,False,False,False,False,False,False,False,False,False,False,False,2,2,False,1.0705882352941178,True,False,True,9.971391296386717,2172.4038,4,0.0001986523679682,7.286611579883123e-06,227,613,True,1000000.0,False,False,False,False,0.47673183839129424,0.03667836870367666,0.01750974322958688
ARIRYRSSGFDY,H3-23_A,K3-20,True,62,1,1,0.0001986523679682,7.286611579883123e-06,3.4785270525048872e-06,False,False,False,False,False,False,False,False,False,False,False,False,False,2,2,False,1.866666666666667,True,False,True,9.97897186279297,1490.6214,3,0.0001986523679682,7.286611579883123e-06,81,618,True,1000000.0,False,False,False,False,0.47673183839129424,0.03667836870367666,0.01750974322958688
ARPRGVRWAYWGFDI,H3-23_A,K3-15,True,62,1,1,0.0001986523679682,7.286611579883123e-06,3.4785270525048872e-06,False,False,False,False,False,False,False,False,False,False,False,False,False,2,2,False,-0.1666666666666665,True,False,True,10.73751983642578,1850.0888,3,0.0001986523679682,7.286611579883123e-06,1002,623,True,1000000.0,False,False,False,False,0.47673183839129424,0.03667836870367666,0.01750974322958688
ARWVRSGNYRYAFDP,H3-23_A,K3-15,True,62,1,1,0.0001986523679682,7.286611579883123e-06,3.4785270525048872e-06,False,False,False,False,True,False,False,False,False,False,False,False,False,2,2,False,1.4266666666666667,True,False,True,9.97897186279297,1858.0231,3,0.0001986523679682,7.286611579883123e-06,1394,627,True,1000000.0,False,False,False,False,0.47673183839129424,0.03667836870367666,0.01750974322958688
ARDRSSRYGWYHFDI,H3-23_A,K3-20,True,61,1,1,0.0001954482975171,7.286611579883123e-06,3.4785270525048872e-06,False,False,False,True,False,False,False,False,False,False,False,False,False,1,2,False,1.6333333333333333,True,False,False,8.637562561035157,1929.058,3,0.0001954482975171,7.286611579883123e-06,221,628,True,1000000.0,False,False,False,False,0.47673183839129424,0.03727962267370943,0.01779677351482386
ARHRGRTGYGFDY,H3-23_A,K4-1,True,61,1,1,0.0001954482975171,7.286611579883123e-06,3.4785270525048872e-06,False,False,False,False,False,False,False,False,False,False,False,False,False,2,3,False,2.776923076923077,True,False,True,9.979042053222656,1555.655,3,0.0001954482975171,7.286611579883123e-06,690,631,True,1000000.0,False,False,False,False,0.47673183839129424,0.03727962267370943,0.01779677351482386
ARDVRYGWYGRYFDY,H3-23_A,K3-20,True,60,1,1,0.000192244227066,7.286611579883123e-06,3.4785270525048872e-06,False,False,False,False,False,False,False,False,False,False,False,False,False,1,1,False,1.04,True,False,False,8.472053527832031,1987.1352,3,0.000192244227066,7.286611579883123e-06,250,638,True,1000000.0,False,False,False,False,0.47673183839129424,0.037900917400279906,0.018093370978577883
ARERTHLYRWLFDY,H3-23_A,K1-39,True,60,1,1,0.000192244227066,7.286611579883123e-06,3.4785270525048872e-06,False,False,False,False,False,False,False,False,False,False,False,False,False,1,2,False,-0.114285714285714,True,False,True,8.637702941894531,1926.1402,3,0.000192244227066,7.286611579883123e-06,327,640,True,1000000.0,False,False,False,False,0.47673183839129424,0.037900917400279906,0.018093370978577883
ARFGRLRGAYSFDY,H3-23_A,UNK,True,60,1,1,0.000192244227066,7.286611579883123e-06,3.4785270525048872e-06,False,False,False,False,False,False,False,False,False,False,False,False,False,2,2,False,0.9500000000000004,True,False,True,9.97897186279297,1678.8471,3,0.000192244227066,7.286611579883123e-06,352,641,True,1000000.0,False,False,False,False,0.47673183839129424,0.037900917400279906,0.018093370978577883
ARLERTSYTGRFDY,H3-23_A,K3-15,True,60,1,1,0.000192244227066,7.286611579883123e-06,3.4785270525048872e-06,False,False,False,False,False,False,False,False,False,False,False,False,False,1,1,False,2.3500000000000005,True,False,True,8.63159637451172,1734.8659,3,0.000192244227066,7.286611579883123e-06,830,644,True,1000000.0,False,False,False,False,0.47673183839129424,0.037900917400279906,0.018093370978577883
ARLVRGWYTYRFDY,H1-69,K1-39,True,60,1,1,0.000192244227066,7.286611579883123e-06,3.4785270525048872e-06,False,False,False,False,False,False,False,False,False,False,False,False,False,2,2,False,-0.1571428571428569,True,False,True,9.694419860839844,1866.0848,3,0.000192244227066,7.286611579883123e-06,940,645,True,1000000.0,False,False,False,False,0.47673183839129424,0.037900917400279906,0.018093370978577883
ARDRVRWYAGFDY,H3-23_A,K3-20,True,59,1,1,0.0001890401566149,7.286611579883123e-06,3.4785270525048872e-06,False,False,False,False,False,False,False,False,False,False,False,False,False,1,1,False,1.2153846153846155,True,False,False,8.631455993652345,1674.8154,3,0.0001890401566149,7.286611579883123e-06,225,653,True,1000000.0,False,False,False,False,0.47673183839129424,0.0385432718510048,0.018400022061821064
ARGHWRGPYRGFDY,H3-23_A,K3-20,True,59,1,1,0.0001890401566149,7.286611579883123e-06,3.4785270525048872e-06,False,False,False,False,False,False,False,False,False,False,False,False,False,2,3,False,1.642857142857143,True,False,True,9.979042053222656,1737.8762,3,0.0001890401566149,7.286611579883123e-06,414,654,True,1000000.0,False,False,False,False,0.47673183839129424,0.0385432718510048,0.018400022061821064
ARHRVYWQRVYFDY,H3-23_A,K3-20,True,59,1,1,0.0001890401566149,7.286611579883123e-06,3.4785270525048872e-06,False,False,False,False,False,False,False,False,False,False,False,False,False,2,3,False,0.0357142857142858,True,False,True,9.694560241699218,1959.1715,3,0.0001890401566149,7.286611579883123e-06,708,660,True,1000000.0,False,False,False,False,0.47673183839129424,0.0385432718510048,0.018400022061821064
ARIRIRYTGRYTFDY,H3-23_A,K1-39,True,59,1,1,0.0001890401566149,7.286611579883123e-06,3.4785270525048872e-06,False,False,False,False,False,False,False,False,False,False,False,False,True,3,3,False,0.94,True,False,True,10.256925964355467,1951.1911,4,0.0001890401566149,7.286611579883123e-06,778,661,True,1000000.0,False,False,False,False,0.47673183839129424,0.0385432718510048,0.018400022061821064
ARTRGRSWYFDFDY,H3-23_A,K3-15,True,59,1,1,0.0001890401566149,7.286611579883123e-06,3.4785270525048872e-06,False,False,False,True,False,False,False,False,False,True,False,False,False,1,1,False,1.4214285714285717,True,False,False,8.631455993652345,1839.9615,3,0.0001890401566149,7.286611579883123e-06,1174,663,True,1000000.0,False,False,False,False,0.47673183839129424,0.0385432718510048,0.018400022061821064
ARVYRISAYRPLLFDY,H3-23_A,K1-39,True,59,1,1,0.0001890401566149,7.286611579883123e-06,3.4785270525048872e-06,False,False,False,False,False,False,False,False,False,False,False,False,False,2,2,False,-0.5999999999999999,True,False,True,9.694419860839844,2003.3053,3,0.0001890401566149,7.286611579883123e-06,1344,666,True,1000000.0,False,False,False,False,0.47673183839129424,0.0385432718510048,0.018400022061821064
ARDRSRGWGFDY,H3-23_A,K4-1,True,58,1,1,0.0001858360861638,7.286611579883123e-06,3.4785270525048872e-06,False,False,False,False,False,False,False,False,False,False,False,False,False,1,1,False,2.625,True,False,False,8.787910461425781,1485.5619,3,0.0001858360861638,7.286611579883123e-06,220,670,True,1000000.0,False,False,False,False,0.47673183839129424,0.03920777526334824,0.01871724675137362
ARDVRVNYHRGWAFDP,H3-23_A,K3-20,True,58,1,1,0.0001858360861638,7.286611579883123e-06,3.4785270525048872e-06,False,False,False,False,True,False,False,False,False,False,False,False,False,1,2,False,1.5750000000000002,True,False,False,8.793876647949219,1959.1303,3,0.0001858360861638,7.286611579883123e-06,248,671,True,1000000.0,False,False,False,False,0.47673183839129424,0.03920777526334824,0.01871724675137362
ARDWNRYIRGWQYWFDP,H4-34,K1-39,True,58,1,1,0.0001858360861638,7.286611579883123e-06,3.4785270525048872e-06,False,False,False,True,True,False,False,False,False,False,False,False,False,1,1,False,0.2647058823529413,True,True,False,8.631455993652345,2329.5309,3,0.0001858360861638,7.286611579883123e-06,265,673,True,1000000.0,False,False,False,False,0.47673183839129424,0.03920777526334824,0.01871724675137362
ARGASYRWRGWGFDI,H3-23_A,K3-20,True,58,1,1,0.0001858360861638,7.286611579883123e-06,3.4785270525048872e-06,False,False,False,False,False,False,False,False,False,False,False,False,False,2,2,False,0.7533333333333335,True,False,True,10.73751983642578,1797.9712,3,0.0001858360861638,7.286611579883123e-06,393,675,True,1000000.0,False,False,False,False,0.47673183839129424,0.03920777526334824,0.01871724675137362
ARGVRSWYRNPFDY,H3-23_A,K1-39,True,58,1,1,0.0001858360861638,7.286611579883123e-06,3.4785270525048872e-06,False,False,False,False,False,False,False,False,False,False,False,False,False,2,2,False,1.3785714285714286,True,False,True,9.97897186279297,1786.9452,3,0.0001858360861638,7.286611579883123e-06,584,676,True,1000000.0,False,False,False,False,0.47673183839129424,0.03920777526334824,0.01871724675137362
ARPLLYLAGYAIFDI,H3-23_A,K3-15,True,58,1,1,0.0001858360861638,7.286611579883123e-06,3.4785270525048872e-06,False,False,False,False,False,False,False,False,False,False,False,False,False,0,0,True,-1.8866666666666665,False,False,False,5.87944984436035,1695.9968,1,0.0001858360861638,7.286611579883123e-06,987,679,True,1000000.0,False,False,False,False,0.47673183839129424,0.03920777526334824,0.01871724675137362
ARVRATLRSGFDY,H3-23_A,K4-1,True,58,1,1,0.0001858360861638,7.286611579883123e-06,3.4785270525048872e-06,False,False,False,False,False,False,False,False,False,False,False,False,False,2,2,False,1.553846153846154,True,False,True,10.73751983642578,1511.6836999999998,3,0.0001858360861638,7.286611579883123e-06,1270,682,True,1000000.0,False,False,False,False,0.47673183839129424,0.03920777526334824,0.01871724675137362
ARWSGVRARTAFDY,H3-23_A,K4-1,True,58,1,1,0.0001858360861638,7.286611579883123e-06,3.4785270525048872e-06,False,False,False,False,False,False,False,False,False,False,False,False,False,2,2,False,1.5357142857142858,True,False,True,10.73751983642578,1655.8139,3,0.0001858360861638,7.286611579883123e-06,1385,683,True,1000000.0,False,False,False,False,0.47673183839129424,0.03920777526334824,0.01871724675137362
ARELARFYWVRGWGFDI,H3-23_A,K1-39,True,57,1,1,0.0001826320157127,7.286611579883123e-06,3.4785270525048872e-06,False,False,False,True,False,False,False,False,False,False,False,False,False,1,1,False,-0.8941176470588234,True,False,True,8.788050842285156,2142.419,3,0.0001826320157127,7.286611579883123e-06,315,689,True,1000000.0,False,False,False,False,0.47673183839129424,0.039895593308306054,0.019045601522361035
ARERYRLGWFSGFDP,H3-23_A,K1-39,True,57,1,1,0.0001826320157127,7.286611579883123e-06,3.4785270525048872e-06,False,False,False,False,True,False,False,False,False,False,False,False,False,1,1,False,0.8666666666666669,True,False,True,8.788050842285156,1857.0351,3,0.0001826320157127,7.286611579883123e-06,328,690,True,1000000.0,False,False,False,False,0.47673183839129424,0.039895593308306054,0.019045601522361035
ARHAYNARLRFDP,H3-23_A,K1-39,True,57,1,1,0.0001826320157127,7.286611579883123e-06,3.4785270525048872e-06,False,False,False,False,True,False,False,False,False,False,False,False,False,2,3,False,1.5230769230769234,True,False,True,10.73751983642578,1586.7551999999998,3,0.0001826320157127,7.286611579883123e-06,625,692,True,1000000.0,False,False,False,False,0.47673183839129424,0.039895593308306054,0.019045601522361035
ARHRPTRDFYY,H3-23_A,K3-15,True,57,1,1,0.0001826320157127,7.286611579883123e-06,3.4785270525048872e-06,False,False,False,True,False,False,False,False,False,False,False,False,False,2,3,False,1.9181818181818184,True,False,True,9.979042053222656,1481.6163,3,0.0001826320157127,7.286611579883123e-06,696,694,True,1000000.0,False,False,False,False,0.47673183839129424,0.039895593308306054,0.019045601522361035
ARLYRTFGRLFDY,H4-34,K4-1,True,57,1,1,0.0001826320157127,7.286611579883123e-06,3.4785270525048872e-06,False,False,False,False,False,False,False,False,False,False,False,False,False,2,2,False,-0.3846153846153843,True,False,True,9.97897186279297,1677.9021,3,0.0001826320157127,7.286611579883123e-06,951,698,True,1000000.0,False,False,False,False,0.47673183839129424,0.039895593308306054,0.019045601522361035
ARPRSYSFRSVYFDY,H3-23_A,K3-15,True,57,1,1,0.0001826320157127,7.286611579883123e-06,3.4785270525048872e-06,False,False,False,False,False,False,False,False,False,False,False,False,False,2,2,False,1.2333333333333336,True,False,True,9.694419860839844,1914.083,3,0.0001826320157127,7.286611579883123e-06,1008,699,True,1000000.0,False,False,False,False,0.47673183839129424,0.039895593308306054,0.019045601522361035
ARTSRIFSYRKGFDI,H3-23_A,K3-20,True,57,1,1,0.0001826320157127,7.286611579883123e-06,3.4785270525048872e-06,False,False,False,False,False,False,False,False,False,False,False,False,True,3,3,False,1.2000000000000002,True,False,True,10.903590393066406,1817.0558,3,0.0001826320157127,7.286611579883123e-06,1187,702,True,1000000.0,False,False,False,False,0.47673183839129424,0.039895593308306054,0.019045601522361035
ARWVTYRGRGAFDY,H3-23_A,K3-15,True,57,1,1,0.0001826320157127,7.286611579883123e-06,3.4785270525048872e-06,False,False,False,False,False,False,False,False,False,False,False,False,False,2,2,False,1.192857142857143,True,False,True,9.97897186279297,1717.8832,3,0.0001826320157127,7.286611579883123e-06,1397,705,True,1000000.0,False,False,False,False,0.47673183839129424,0.039895593308306054,0.019045601522361035
ARFLPSWYNLYFDY,H3-23_A,K1-39,True,56,1,1,0.0001794279452616,7.286611579883123e-06,3.4785270525048872e-06,False,False,False,False,False,False,False,False,False,False,False,False,False,0,0,True,-1.4714285714285713,False,False,False,5.87858085632324,1855.0537,1,0.0001794279452616,7.286611579883123e-06,359,710,True,1000000.0,False,False,False,False,0.47673183839129424,0.04060797491444787,0.019385682595916894
ARGRWYRYKYVFDY,H1-69,K3-15,True,56,1,1,0.0001794279452616,7.286611579883123e-06,3.4785270525048872e-06,False,False,False,False,False,False,False,False,False,False,False,False,True,3,3,False,0.4000000000000001,True,False,True,9.81893768310547,1943.1688,3,0.0001794279452616,7.286611579883123e-06,532,711,True,1000000.0,False,False,False,False,0.47673183839129424,0.04060797491444787,0.019385682595916894
ARHRFSGNRFDY,H3-23_A,K4-1,True,56,1,1,0.0001794279452616,7.286611579883123e-06,3.4785270525048872e-06,False,False,False,False,False,False,False,False,False,False,False,False,False,2,3,False,2.141666666666667,True,False,True,10.73751983642578,1525.629,3,0.0001794279452616,7.286611579883123e-06,689,713,True,1000000.0,False,False,False,False,0.47673183839129424,0.04060797491444787,0.019385682595916894
ARQPLSRGYSYRFDP,H3-23_A,K3-20,True,56,1,1,0.0001794279452616,7.286611579883123e-06,3.4785270525048872e-06,False,False,False,False,True,False,False,False,False,False,False,False,False,2,2,False,2.0933333333333333,True,False,True,9.97897186279297,1812.981,3,0.0001794279452616,7.286611579883123e-06,1059,720,True,1000000.0,False,False,False,False,0.47673183839129424,0.04060797491444787,0.019385682595916894
ARVPFHRPGYRYNWFDP,H4-34,K4-1,True,56,1,1,0.0001794279452616,7.286611579883123e-06,3.4785270525048872e-06,False,False,False,False,True,False,False,False,False,False,False,False,False,2,3,False,0.5823529411764707,True,False,True,9.979042053222656,2178.4114,3,0.0001794279452616,7.286611579883123e-06,1258,722,True,1000000.0,False,False,False,False,0.47673183839129424,0.04060797491444787,0.019385682595916894
ARAIRYLIRYRGWFDP,H3-23_A,K3-15,True,55,1,1,0.0001762238748105,7.286611579883123e-06,3.4785270525048872e-06,False,False,False,False,True,False,False,False,False,False,False,False,True,3,3,False,-0.5874999999999998,True,False,True,10.83466339111328,2053.3707,4,0.0001762238748105,7.286611579883123e-06,41,724,True,1000000.0,False,False,False,False,0.47673183839129424,0.041346259836358014,0.019738129552251307
ARDRPGNYRFDY,H3-23_A,K3-15,True,55,1,1,0.0001762238748105,7.286611579883123e-06,3.4785270525048872e-06,False,False,False,False,False,False,False,False,False,False,False,False,False,1,1,False,3.0416666666666665,True,False,False,8.631455993652345,1529.6144,3,0.0001762238748105,7.286611579883123e-06,209,728,True,1000000.0,False,False,False,False,0.47673183839129424,0.041346259836358014,0.019738129552251307
ARGRYGSRYGFDY,H1-69,K3-20,True,55,1,1,0.0001762238748105,7.286611579883123e-06,3.4785270525048872e-06,False,False,False,False,False,False,False,False,False,False,False,False,False,2,2,False,2.56923076923077,True,False,True,9.694419860839844,1567.6623,3,0.0001762238748105,7.286611579883123e-06,514,731,True,1000000.0,False,False,False,False,0.47673183839129424,0.041346259836358014,0.019738129552251307
ARGYATRGYSRLWYFDI,H3-23_A,K1-39,True,55,1,1,0.0001762238748105,7.286611579883123e-06,3.4785270525048872e-06,False,False,False,True,False,False,False,False,False,False,False,False,False,2,2,False,0.4588235294117648,True,False,True,9.694419860839844,2095.3179,3,0.0001762238748105,7.286611579883123e-06,599,733,True,1000000.0,False,False,False,False,0.47673183839129424,0.041346259836358014,0.019738129552251307
ARWRSPYGRYGFDY,H3-23_A,K1-39,True,55,1,1,0.0001762238748105,7.286611579883123e-06,3.4785270525048872e-06,False,False,False,False,False,False,False,False,False,False,False,False,False,2,2,False,1.4142857142857144,True,False,True,9.694419860839844,1793.9361,3,0.0001762238748105,7.286611579883123e-06,899,744,True,1000000.0,False,False,False,False,0.47673183839129424,0.041346259836358014,0.019738129552251307
ARYARSVTRYWGFDI,H1-69,K3-15,True,55,1,1,0.0001762238748105,7.286611579883123e-06,3.4785270525048872e-06,False,False,False,False,False,False,False,False,False,False,False,False,False,2,2,False,0.6333333333333334,True,False,True,9.97897186279297,1861.0668,3,0.0001762238748105,7.286611579883123e-06,1404,746,True,1000000.0,False,False,False,False,0.47673183839129424,0.041346259836358014,0.019738129552251307
ARAIRNRYGFDY,H3-23_A,K3-20,True,54,1,1,0.0001730198043594,7.286611579883123e-06,3.4785270525048872e-06,False,False,False,False,False,False,False,False,False,False,False,False,False,2,2,False,1.5416666666666667,True,False,True,9.97897186279297,1501.6473,3,0.0001730198043594,7.286611579883123e-06,39,749,True,1000000.0,False,False,False,False,0.47673183839129424,0.042111887063965646,0.02010362934514821
ARDPGWYLSWRTRGFDI,H3-23_A,K3-20,True,54,1,1,0.0001730198043594,7.286611579883123e-06,3.4785270525048872e-06,False,False,False,False,True,False,False,False,False,False,False,False,False,1,1,False,0.6823529411764708,True,False,False,8.787910461425781,2096.3061,3,0.0001730198043594,7.286611579883123e-06,185,752,True,1000000.0,False,False,False,False,0.47673183839129424,0.042111887063965646,0.02010362934514821
ARFRGRSLRPFDY,H3-23_A,K1-39,True,54,1,1,0.0001730198043594,7.286611579883123e-06,3.4785270525048872e-06,False,False,False,False,False,False,False,False,False,False,False,False,True,3,3,False,1.053846153846154,True,False,True,11.539094543457033,1640.8456,4,0.0001730198043594,7.286611579883123e-06,368,754,True,1000000.0,False,False,False,False,0.47673183839129424,0.042111887063965646,0.02010362934514821
ARGPRWRTLGTYKYFDP,H3-23_A,K3-20,True,54,1,1,0.0001730198043594,7.286611579883123e-06,3.4785270525048872e-06,False,False,False,False,True,False,False,False,False,False,False,False,True,3,3,False,1.4235294117647062,True,False,True,10.267314147949218,2084.3385,3,0.0001730198043594,7.286611579883123e-06,475,756,True,1000000.0,False,False,False,False,0.47673183839129424,0.042111887063965646,0.02010362934514821
ARGRSNRYLYGFDP,H3-23_A,K3-20,True,54,1,1,0.0001730198043594,7.286611579883123e-06,3.4785270525048872e-06,False,False,False,False,True,False,False,False,False,False,False,False,False,2,2,False,2.107142857142857,True,False,True,9.97897186279297,1671.8131999999998,3,0.0001730198043594,7.286611579883123e-06,521,758,True,1000000.0,False,False,False,False,0.47673183839129424,0.042111887063965646,0.02010362934514821
ARHLERISSYRSRFDY,H3-23_A,K4-1,True,54,1,1,0.0001730198043594,7.286611579883123e-06,3.4785270525048872e-06,False,False,False,False,False,False,False,False,False,False,False,False,False,2,3,False,1.75625,True,False,True,9.971461486816406,2056.244,4,0.0001730198043594,7.286611579883123e-06,657,760,True,1000000.0,False,False,False,False,0.47673183839129424,0.042111887063965646,0.02010362934514821
ARILWYRTGHYLFDY,H1-69,K1-39,True,54,1,1,0.0001730198043594,7.286611579883123e-06,3.4785270525048872e-06,False,False,False,False,False,False,False,False,False,False,False,False,False,1,2,True,-1.1866666666666663,False,False,False,8.545542907714843,1974.2226,2,0.0001730198043594,7.286611579883123e-06,768,762,True,1000000.0,False,False,False,False,0.47673183839129424,0.042111887063965646,0.02010362934514821
ARLRFRGDYWPGFDI,H3-23_A,K3-15,True,54,1,1,0.0001730198043594,7.286611579883123e-06,3.4785270525048872e-06,False,False,False,False,False,False,False,False,False,False,False,False,False,1,1,False,0.0466666666666668,True,False,False,8.787910461425781,1869.0888,3,0.0001730198043594,7.286611579883123e-06,886,763,True,1000000.0,False,False,False,False,0.47673183839129424,0.042111887063965646,0.02010362934514821
ARLRLLRTYLPAFDY,H3-23_A,K3-15,True,54,1,1,0.0001730198043594,7.286611579883123e-06,3.4785270525048872e-06,False,False,False,False,False,False,False,False,False,False,False,False,False,2,2,True,-1.0466666666666664,True,False,True,9.97897186279297,1868.1853,3,0.0001730198043594,7.286611579883123e-06,894,764,True,1000000.0,False,False,False,False,0.47673183839129424,0.042111887063965646,0.02010362934514821
ARPRVYTSLRGYWFDP,H3-23_A,K3-15,True,54,1,1,0.0001730198043594,7.286611579883123e-06,3.4785270525048872e-06,False,False,False,True,True,False,False,False,False,False,False,False,False,2,2,False,0.6500000000000001,True,False,True,9.97897186279297,1984.2193,3,0.0001730198043594,7.286611579883123e-06,1009,765,True,1000000.0,False,False,False,False,0.47673183839129424,0.042111887063965646,0.02010362934514821
ARQLRYRGRHFDY,H3-23_A,K4-1,True,54,1,1,0.0001730198043594,7.286611579883123e-06,3.4785270525048872e-06,False,False,False,False,False,False,False,False,False,False,False,False,True,3,4,False,1.576923076923077,True,False,True,10.83466339111328,1737.9209999999998,4,0.0001730198043594,7.286611579883123e-06,1057,766,True,1000000.0,False,False,False,False,0.47673183839129424,0.042111887063965646,0.02010362934514821
ARVRYWGRYRLFDY,H3-23_A,K1-39,True,54,1,1,0.0001730198043594,7.286611579883123e-06,3.4785270525048872e-06,False,False,False,False,False,False,False,False,False,False,False,False,True,3,3,False,-0.2285714285714284,True,False,True,10.256925964355467,1921.1666,4,0.0001730198043594,7.286611579883123e-06,1307,769,True,1000000.0,False,False,False,False,0.47673183839129424,0.042111887063965646,0.02010362934514821
ARAVARLLYRVRYFDY,H3-23_A,K3-20,True,53,1,1,0.0001698157339083,7.286611579883123e-06,3.4785270525048872e-06,False,False,False,False,False,False,False,False,False,False,False,False,True,3,3,False,-0.4749999999999998,True,False,True,10.256925964355467,2032.3498,4,0.0001698157339083,7.286611579883123e-06,106,771,True,1000000.0,False,False,False,False,0.47673183839129424,0.04290640418381846,0.02048292077090726
ARAWRAAGNWRYFDY,H4-34,K4-1,True,53,1,1,0.0001698157339083,7.286611579883123e-06,3.4785270525048872e-06,False,False,False,False,False,False,False,False,False,False,False,False,False,2,2,False,0.7133333333333335,True,False,True,9.97897186279297,1903.0653,3,0.0001698157339083,7.286611579883123e-06,116,772,True,1000000.0,False,False,False,False,0.47673183839129424,0.04290640418381846,0.02048292077090726
ARDYWSYRGRFDY,H3-23_A,K3-20,True,53,1,1,0.0001698157339083,7.286611579883123e-06,3.4785270525048872e-06,False,False,False,False,False,False,False,False,False,False,False,False,False,1,1,False,1.6923076923076923,True,False,False,8.538594055175782,1754.857,3,0.0001698157339083,7.286611579883123e-06,296,777,True,1000000.0,False,False,False,False,0.47673183839129424,0.04290640418381846,0.02048292077090726
ARGRYSWRWLYHYWFDP,H1-69,K3-15,True,53,1,1,0.0001698157339083,7.286611579883123e-06,3.4785270525048872e-06,False,False,False,True,True,False,False,False,False,False,False,False,False,2,3,False,-0.764705882352941,True,True,True,9.694560241699218,2359.6015,3,0.0001698157339083,7.286611579883123e-06,540,779,True,1000000.0,False,False,False,False,0.47673183839129424,0.04290640418381846,0.02048292077090726
ARHRGYWGIPRHFDY,H4-34,K4-1,True,53,1,1,0.0001698157339083,7.286611579883123e-06,3.4785270525048872e-06,False,False,False,False,False,False,False,False,False,False,False,False,False,2,4,False,0.7600000000000001,True,False,True,9.979112243652343,1931.1218,3,0.0001698157339083,7.286611579883123e-06,693,782,True,1000000.0,False,False,False,False,0.47673183839129424,0.04290640418381846,0.02048292077090726
ARSRGWYSWRTGFDY,H3-23_A,K3-20,True,53,1,1,0.0001698157339083,7.286611579883123e-06,3.4785270525048872e-06,False,False,False,False,False,False,False,False,False,False,False,False,False,2,2,False,1.4200000000000002,True,False,True,9.97897186279297,1908.0388000000005,3,0.0001698157339083,7.286611579883123e-06,1110,791,True,1000000.0,False,False,False,False,0.47673183839129424,0.04290640418381846,0.02048292077090726
ARGAISWIFHFDY,H3-23_A,K3-15,True,52,1,1,0.0001666116634572,7.286611579883123e-06,3.4785270525048872e-06,False,False,False,True,False,False,False,False,False,False,False,False,False,0,1,True,-1.046153846153846,False,False,False,6.788309097290039,1582.7579999999998,1,0.0001666116634572,7.286611579883123e-06,391,800,True,1000000.0,False,False,False,False,0.47673183839129424,0.043731477820438576,0.020876799452901957
ARGTIRYRWPAAYTFDY,H3-23_A,K1-39,True,52,1,1,0.0001666116634572,7.286611579883123e-06,3.4785270525048872e-06,False,False,False,False,False,False,False,False,False,False,False,False,False,2,2,False,0.835294117647059,True,False,True,9.694419860839844,2107.3287,3,0.0001666116634572,7.286611579883123e-06,569,802,True,1000000.0,False,False,False,False,0.47673183839129424,0.043731477820438576,0.020876799452901957
ARGYGARSYARFDY,H3-23_A,K4-1,True,52,1,1,0.0001666116634572,7.286611579883123e-06,3.4785270525048872e-06,False,False,False,False,False,False,False,False,False,False,False,False,False,2,2,False,2.278571428571429,True,False,True,9.694419860839844,1652.7668,3,0.0001666116634572,7.286611579883123e-06,601,804,True,1000000.0,False,False,False,False,0.47673183839129424,0.043731477820438576,0.020876799452901957
ARLGRFSRYGFDI,H3-23_A,K4-1,True,52,1,1,0.0001666116634572,7.286611579883123e-06,3.4785270525048872e-06,False,False,False,False,False,False,False,False,False,False,False,False,False,2,2,False,0.3923076923076926,True,False,True,10.73751983642578,1557.7535999999998,3,0.0001666116634572,7.286611579883123e-06,840,807,True,1000000.0,False,False,False,False,0.47673183839129424,0.043731477820438576,0.020876799452901957
ARLKVWAWRYRYGFDY,H3-23_A,K1-39,True,52,1,1,0.0001666116634572,7.286611579883123e-06,3.4785270525048872e-06,False,False,False,False,False,False,False,False,False,False,False,False,True,3,3,False,-0.5999999999999999,True,False,True,9.989149475097657,2150.4410000000003,3,0.0001666116634572,7.286611579883123e-06,868,808,True,1000000.0,False,False,False,False,0.47673183839129424,0.043731477820438576,0.020876799452901957
ARPRYAVATRYPFDY,H3-23_A,K3-15,True,52,1,1,0.0001666116634572,7.286611579883123e-06,3.4785270525048872e-06,False,False,False,False,False,False,False,False,False,False,False,False,False,2,2,False,1.3133333333333337,True,False,True,9.694419860839844,1846.0522,3,0.0001666116634572,7.286611579883123e-06,1010,809,True,1000000.0,False,False,False,False,0.47673183839129424,0.043731477820438576,0.020876799452901957
ARVLLYWNWLFDY,H3-23_A,K3-20,True,52,1,1,0.0001666116634572,7.286611579883123e-06,3.4785270525048872e-06,False,False,False,False,False,False,False,False,False,False,False,False,False,0,0,True,-3.1538461538461537,False,False,False,5.87944984436035,1759.0127,1,0.0001666116634572,7.286611579883123e-06,1251,813,True,1000000.0,False,False,False,False,0.47673183839129424,0.043731477820438576,0.020876799452901957
ARVRPRLTYGSPYFDY,H3-23_A,K4-1,True,52,1,1,0.0001666116634572,7.286611579883123e-06,3.4785270525048872e-06,False,False,False,False,False,False,False,False,False,False,False,False,False,2,2,False,1.1562500000000002,True,False,True,9.694419860839844,1961.1826,3,0.0001666116634572,7.286611579883123e-06,1286,814,True,1000000.0,False,False,False,False,0.47673183839129424,0.043731477820438576,0.020876799452901957
ARVRYRATASKGFDY,H3-23_A,K3-15,True,52,1,1,0.0001666116634572,7.286611579883123e-06,3.4785270525048872e-06,False,False,False,False,False,False,False,False,False,False,False,False,True,3,3,False,2.353333333333333,True,False,True,10.267314147949218,1760.9495000000002,3,0.0001666116634572,7.286611579883123e-06,1303,816,True,1000000.0,False,False,False,False,0.47673183839129424,0.043731477820438576,0.020876799452901957
ARYKFTYPWYIFDY,H1-69,K3-15,True,52,1,1,0.0001666116634572,7.286611579883123e-06,3.4785270525048872e-06,False,False,False,False,False,False,False,False,False,False,False,False,False,1,1,True,-1.0499999999999998,False,False,False,8.420884704589842,1933.1656,1,0.0001666116634572,7.286611579883123e-06,1425,817,True,1000000.0,False,False,False,False,0.47673183839129424,0.043731477820438576,0.020876799452901957
ARAQRNYGYGRFDY,H3-23_A,UNK,True,51,1,1,0.0001634075930061,7.286611579883123e-06,3.4785270525048872e-06,False,False,False,False,False,False,False,False,False,False,False,False,False,2,2,False,2.592857142857143,True,False,True,9.694419860839844,1736.8434,3,0.0001634075930061,7.286611579883123e-06,66,818,True,1000000.0,False,False,False,False,0.47673183839129424,0.04458890530599806,0.021286123412520473
ARARYRSSYGFDY,H3-23_A,K3-20,True,51,1,1,0.0001634075930061,7.286611579883123e-06,3.4785270525048872e-06,False,False,False,False,False,False,False,False,False,False,False,False,False,2,2,False,2.353846153846154,True,False,True,9.694419860839844,1611.7149,3,0.0001634075930061,7.286611579883123e-06,81,820,True,1000000.0,False,False,False,False,0.47673183839129424,0.04458890530599806,0.021286123412520473
ARDLRPYSWRFDY,H3-23_A,UNK,True,51,1,1,0.0001634075930061,7.286611579883123e-06,3.4785270525048872e-06,False,False,False,False,False,False,False,False,False,False,False,False,False,1,1,False,0.8538461538461539,True,False,False,8.631455993652345,1744.9053,3,0.0001634075930061,7.286611579883123e-06,165,822,True,1000000.0,False,False,False,False,0.47673183839129424,0.04458890530599806,0.021286123412520473
ARGYLYRGNRFDY,H3-23_A,K3-20,True,51,1,1,0.0001634075930061,7.286611579883123e-06,3.4785270525048872e-06,False,False,False,False,False,False,False,False,False,False,False,False,False,2,2,False,1.461538461538462,True,False,True,9.694419860839844,1650.7939,3,0.0001634075930061,7.286611579883123e-06,610,829,True,1000000.0,False,False,False,False,0.47673183839129424,0.04458890530599806,0.021286123412520473
ARPNKGIRWRSLGFDP,H4-34,K1-39,True,51,1,1,0.0001634075930061,7.286611579883123e-06,3.4785270525048872e-06,False,False,False,False,True,False,False,False,False,False,False,False,True,3,3,False,1.44375,True,False,True,11.711412048339843,1870.1218,3,0.0001634075930061,7.286611579883123e-06,991,832,True,1000000.0,False,False,False,False,0.47673183839129424,0.04458890530599806,0.021286123412520473
ARFVRGWGRGFDP,H3-23_A,K3-20,True,50,1,1,0.000160203522555,7.286611579883123e-06,3.4785270525048872e-06,False,False,False,False,True,False,False,False,False,False,False,False,False,2,2,False,0.907692307692308,True,False,True,11.698988342285158,1520.6953,3,0.000160203522555,7.286611579883123e-06,383,844,True,1000000.0,False,False,False,False,0.47673183839129424,0.04548062775026802,0.021711819308577636
ARGRIGARFDY,H3-23_A,UNK,True,50,1,1,0.000160203522555,7.286611579883123e-06,3.4785270525048872e-06,False,False,False,False,False,False,False,False,False,False,False,False,False,2,2,False,1.7363636363636366,True,False,True,10.73751983642578,1281.4228,3,0.000160203522555,7.286611579883123e-06,513,846,True,1000000.0,False,False,False,False,0.47673183839129424,0.04548062775026802,0.021711819308577636
ARIPSRGRNPPFDY,H3-23_A,K3-20,True,50,1,1,0.000160203522555,7.286611579883123e-06,3.4785270525048872e-06,False,False,False,False,False,False,False,False,False,False,False,False,False,2,2,False,2.2214285714285715,True,False,True,10.73751983642578,1645.8191,3,0.000160203522555,7.286611579883123e-06,775,849,True,1000000.0,False,False,False,False,0.47673183839129424,0.04548062775026802,0.021711819308577636
ARLIWYRGLQLFDY,H4-34,K1-39,True,50,1,1,0.000160203522555,7.286611579883123e-06,3.4785270525048872e-06,False,False,False,False,False,False,False,False,False,False,False,False,False,1,1,True,-1.8857142857142852,False,False,False,8.632579040527343,1814.093,2,0.000160203522555,7.286611579883123e-06,865,851,True,1000000.0,False,False,False,False,0.47673183839129424,0.04548062775026802,0.021711819308577636
ARQGFRGWGRVLRVFDI,H3-23_A,K3-20,True,50,1,1,0.000160203522555,7.286611579883123e-06,3.4785270525048872e-06,False,False,False,False,False,False,False,False,False,False,False,False,True,3,3,False,-0.0588235294117645,True,False,True,11.999964904785156,2033.3412,4,0.000160203522555,7.286611579883123e-06,1041,857,True,1000000.0,False,False,False,False,0.47673183839129424,0.04548062775026802,0.021711819308577636
ARVRGYPYRYSFDY,H3-23_A,K3-15,True,50,1,1,0.000160203522555,7.286611579883123e-06,3.4785270525048872e-06,False,False,False,False,False,False,False,False,False,False,False,False,False,2,2,False,1.3214285714285714,True,False,True,9.52378692626953,1812.9791,3,0.000160203522555,7.286611579883123e-06,1277,859,True,1000000.0,False,False,False,False,0.47673183839129424,0.04548062775026802,0.021711819308577636
ARVRPYAGRYVIFDY,H1-69,K3-20,True,50,1,1,0.000160203522555,7.286611579883123e-06,3.4785270525048872e-06,False,False,False,False,False,False,False,False,False,False,False,False,False,2,2,False,0.2866666666666668,True,False,True,9.694419860839844,1846.0951,3,0.000160203522555,7.286611579883123e-06,1288,860,True,1000000.0,False,False,False,False,0.47673183839129424,0.04548062775026802,0.021711819308577636
ARYRSTRSFPFDY,H3-23_A,K3-15,True,50,1,1,0.000160203522555,7.286611579883123e-06,3.4785270525048872e-06,False,False,False,False,False,False,False,False,False,False,False,False,False,2,2,False,1.7538461538461545,True,False,True,9.97897186279297,1665.8054,3,0.000160203522555,7.286611579883123e-06,1465,864,True,1000000.0,False,False,False,False,0.47673183839129424,0.04548062775026802,0.021711819308577636
ARALYSTRGRLLFDI,H3-23_A,K3-15,True,49,1,1,0.0001569994521039,7.286611579883123e-06,3.4785270525048872e-06,False,False,False,False,False,False,False,False,False,False,False,False,False,2,2,False,-0.1666666666666664,True,False,True,10.73751983642578,1752.0255000000002,3,0.0001569994521039,7.286611579883123e-06,56,865,True,1000000.0,False,False,False,False,0.47673183839129424,0.04640874471086782,0.022154889440687903
ARAVYWYWGVYLFDY,H1-69,K3-15,True,49,1,1,0.0001569994521039,7.286611579883123e-06,3.4785270525048872e-06,False,False,False,True,False,False,False,False,False,False,False,False,False,0,0,True,-1.9533333333333327,False,False,False,5.877711868286132,1972.2015,1,0.0001569994521039,7.286611579883123e-06,113,868,True,1000000.0,False,False,False,False,0.47673183839129424,0.04640874471086782,0.022154889440687903
ARFSSWYHLLFDY,H3-23_A,K3-20,True,49,1,1,0.0001569994521039,7.286611579883123e-06,3.4785270525048872e-06,False,False,False,True,False,False,False,False,False,False,False,False,False,0,1,True,-1.4769230769230766,False,False,False,6.787184524536133,1704.8792999999998,1,0.0001569994521039,7.286611579883123e-06,380,869,True,1000000.0,False,False,False,False,0.47673183839129424,0.04640874471086782,0.022154889440687903
ARLRGSYRGRLYIFDY,H3-23_A,K1-39,True,49,1,1,0.0001569994521039,7.286611579883123e-06,3.4785270525048872e-06,False,False,False,False,False,False,False,False,False,False,False,False,True,3,3,False,0.3437500000000002,True,False,True,10.256925964355467,2006.2695,4,0.0001569994521039,7.286611579883123e-06,887,880,True,1000000.0,False,False,False,False,0.47673183839129424,0.04640874471086782,0.022154889440687903
ARLSQSFRSARLAFDY,H3-23_A,K3-20,True,49,1,1,0.0001569994521039,7.286611579883123e-06,3.4785270525048872e-06,False,False,False,False,False,False,False,False,False,False,False,False,False,2,2,False,0.9812500000000002,True,False,True,10.73751983642578,1888.0906,3,0.0001569994521039,7.286611579883123e-06,916,881,True,1000000.0,False,False,False,False,0.47673183839129424,0.04640874471086782,0.022154889440687903
ARQGRYSAWRYRFDP,H4-34,K1-39,True,49,1,1,0.0001569994521039,7.286611579883123e-06,3.4785270525048872e-06,False,False,False,False,True,False,False,False,False,False,False,False,True,3,3,False,1.8866666666666667,True,False,True,10.83466339111328,1929.1044,4,0.0001569994521039,7.286611579883123e-06,1044,886,True,1000000.0,False,False,False,False,0.47673183839129424,0.04640874471086782,0.022154889440687903
ARWGRGLRTLHDYFDY,H3-23_A,K3-20,True,49,1,1,0.0001569994521039,7.286611579883123e-06,3.4785270525048872e-06,False,False,False,False,False,False,False,False,False,False,False,False,False,1,2,False,0.7500000000000002,True,False,False,8.637562561035157,2026.2162,3,0.0001569994521039,7.286611579883123e-06,1361,888,True,1000000.0,False,False,False,False,0.47673183839129424,0.04640874471086782,0.022154889440687903
ARAFSWRWRGYWFDP,H1-69,K1-39,True,48,1,1,0.0001537953816528,7.286611579883123e-06,3.4785270525048872e-06,False,False,False,True,True,False,False,False,False,False,False,False,False,2,2,False,-0.6133333333333332,True,True,True,10.73751983642578,2001.2099000000003,3,0.0001537953816528,7.286611579883123e-06,19,893,True,1000000.0,False,False,False,False,0.47673183839129424,0.04737553069717618,0.022616419628003058
ARDAPWRGRYLFDY,H3-23_A,K3-20,True,48,1,1,0.0001537953816528,7.286611579883123e-06,3.4785270525048872e-06,False,False,False,False,False,False,False,False,False,False,False,False,False,1,1,False,0.8857142857142859,True,False,False,8.631455993652345,1785.9571999999998,3,0.0001537953816528,7.286611579883123e-06,129,895,True,1000000.0,False,False,False,False,0.47673183839129424,0.04737553069717618,0.022616419628003058
ARGTWGRYVRYPFDY,H3-23_A,K3-15,True,48,1,1,0.0001537953816528,7.286611579883123e-06,3.4785270525048872e-06,False,False,False,False,False,False,False,False,False,False,False,False,False,2,2,False,0.9866666666666668,True,False,True,9.694419860839844,1907.0937,3,0.0001537953816528,7.286611579883123e-06,577,901,True,1000000.0,False,False,False,False,0.47673183839129424,0.04737553069717618,0.022616419628003058
ARHLWYSLRNLFDY,H3-23_A,K3-20,True,48,1,1,0.0001537953816528,7.286611579883123e-06,3.4785270525048872e-06,False,False,False,False,False,False,False,False,False,False,False,False,False,1,2,True,-1.0357142857142854,False,False,False,8.638685607910158,1854.0741,2,0.0001537953816528,7.286611579883123e-06,666,902,True,1000000.0,False,False,False,False,0.47673183839129424,0.04737553069717618,0.022616419628003058
ARTLRSRWGLAFDY,H3-23_A,K3-15,True,48,1,1,0.0001537953816528,7.286611579883123e-06,3.4785270525048872e-06,False,False,False,False,False,False,False,False,False,False,False,False,False,2,2,False,0.3357142857142859,True,False,True,10.73751983642578,1711.9201999999998,3,0.0001537953816528,7.286611579883123e-06,1166,909,True,1000000.0,False,False,False,False,0.47673183839129424,0.04737553069717618,0.022616419628003058
ARAFRARSGHGFDY,H3-23_A,K3-20,True,47,1,1,0.0001505913112017,7.286611579883123e-06,3.4785270525048872e-06,False,False,False,False,False,False,False,False,False,False,False,False,False,2,3,False,2.042857142857143,True,False,True,10.73751983642578,1610.7334999999998,3,0.0001505913112017,7.286611579883123e-06,17,913,True,1000000.0,False,False,False,False,0.47673183839129424,0.04838345378098455,0.02309758809367937
ARILYLYSRPRLFDP,H3-23_A,K4-1,True,47,1,1,0.0001505913112017,7.286611579883123e-06,3.4785270525048872e-06,False,False,False,False,True,False,False,False,False,False,False,False,False,2,2,False,-0.8799999999999997,True,False,True,9.97897186279297,1880.196,3,0.0001505913112017,7.286611579883123e-06,770,926,True,1000000.0,False,False,False,False,0.47673183839129424,0.04838345378098455,0.02309758809367937
ARIPIEYWPSYWRFDI,H3-23_A,K1-39,True,47,1,1,0.0001505913112017,7.286611579883123e-06,3.4785270525048872e-06,False,False,False,False,False,False,False,False,False,False,False,False,False,0,0,True,-1.125,False,False,False,6.113258743286132,2112.3865,2,0.0001505913112017,7.286611579883123e-06,773,927,True,1000000.0,False,False,False,False,0.47673183839129424,0.04838345378098455,0.02309758809367937
ARLRTDYASTRFDY,H3-23_A,K3-20,True,47,1,1,0.0001505913112017,7.286611579883123e-06,3.4785270525048872e-06,False,False,False,False,False,False,False,False,False,False,False,False,False,1,1,False,2.2500000000000004,True,False,False,8.631455993652345,1734.8659,3,0.0001505913112017,7.286611579883123e-06,902,931,True,1000000.0,False,False,False,False,0.47673183839129424,0.04838345378098455,0.02309758809367937
ARPGRYWIPRVNNAFDI,H3-23_A,UNK,True,47,1,1,0.0001505913112017,7.286611579883123e-06,3.4785270525048872e-06,False,False,True,False,False,False,False,False,False,False,False,False,False,2,2,False,0.5823529411764707,True,False,True,10.73751983642578,2045.3056,3,0.0001505913112017,7.286611579883123e-06,974,933,True,1000000.0,False,False,False,False,0.47673183839129424,0.04838345378098455,0.02309758809367937
ARSRTTYWGRFSFDP,H3-23_A,K4-1,True,47,1,1,0.0001505913112017,7.286611579883123e-06,3.4785270525048872e-06,False,False,False,False,True,False,False,False,False,False,False,False,False,2,2,False,1.7066666666666668,True,False,True,10.73751983642578,1846.9973,3,0.0001505913112017,7.286611579883123e-06,1118,937,True,1000000.0,False,False,False,False,0.47673183839129424,0.04838345378098455,0.02309758809367937
ARVYRWLSRGVDYFDI,H3-23_A,K3-15,True,47,1,1,0.0001505913112017,7.286611579883123e-06,3.4785270525048872e-06,False,False,False,False,False,False,False,False,False,False,False,False,False,1,1,False,-0.0437499999999998,True,False,False,8.631455993652345,2016.261,3,0.0001505913112017,7.286611579883123e-06,1348,938,True,1000000.0,False,False,False,False,0.47673183839129424,0.04838345378098455,0.02309758809367937
ARDRYSYGRAGFDY,H3-23_A,K3-20,True,46,1,1,0.0001473872407506,7.286611579883123e-06,3.4785270525048872e-06,False,False,False,False,False,False,False,False,False,False,False,False,False,1,1,False,2.842857142857143,True,False,False,8.538594055175782,1696.7762999999998,3,0.0001473872407506,7.286611579883123e-06,235,942,True,1000000.0,False,False,False,False,0.47673183839129424,0.04943519663446252,0.023599675508109725
ARGIYALWYFRHFDI,H1-69,K4-1,True,46,1,1,0.0001473872407506,7.286611579883123e-06,3.4785270525048872e-06,False,False,False,True,False,False,False,False,False,False,False,False,False,1,2,True,-1.7999999999999998,False,False,False,8.638685607910158,1928.1972,2,0.0001473872407506,7.286611579883123e-06,422,945,True,1000000.0,False,False,False,False,0.47673183839129424,0.04943519663446252,0.023599675508109725
ARHIRLFGYSRGFDP,H3-23_A,K3-20,True,46,1,1,0.0001473872407506,7.286611579883123e-06,3.4785270525048872e-06,False,False,False,False,True,False,False,False,False,False,False,False,False,2,3,False,0.6200000000000003,True,False,True,10.73751983642578,1792.0081,3,0.0001473872407506,7.286611579883123e-06,656,951,True,1000000.0,False,False,False,False,0.47673183839129424,0.04943519663446252,0.023599675508109725
ARHRALSYGSRYWGFDY,H3-23_A,K3-15,True,46,1,1,0.0001473872407506,7.286611579883123e-06,3.4785270525048872e-06,False,False,False,False,False,False,False,False,False,False,False,False,False,2,3,False,1.1294117647058826,True,False,True,9.694560241699218,2105.273,3,0.0001473872407506,7.286611579883123e-06,687,952,True,1000000.0,False,False,False,False,0.47673183839129424,0.04943519663446252,0.023599675508109725
ARHYRPARGSYFGFDI,H3-23_A,K3-20,True,46,1,1,0.0001473872407506,7.286611579883123e-06,3.4785270525048872e-06,False,False,False,False,False,False,False,False,False,False,False,False,False,2,3,False,1.1687500000000002,True,False,True,9.979042053222656,1913.1016,3,0.0001473872407506,7.286611579883123e-06,742,955,True,1000000.0,False,False,False,False,0.47673183839129424,0.04943519663446252,0.023599675508109725
ARPGLYRSYRSGFDP,H3-23_A,K1-39,True,46,1,1,0.0001473872407506,7.286611579883123e-06,3.4785270525048872e-06,False,False,False,False,True,False,False,False,False,False,False,False,False,2,2,False,2.0733333333333333,True,False,True,9.97897186279297,1741.9031,3,0.0001473872407506,7.286611579883123e-06,970,959,True,1000000.0,False,False,False,False,0.47673183839129424,0.04943519663446252,0.023599675508109725
ARQGKRYVSGRWVFDI,H3-23_A,K1-39,True,46,1,1,0.0001473872407506,7.286611579883123e-06,3.4785270525048872e-06,False,False,False,False,False,False,False,False,False,False,False,False,True,3,3,False,1.1125,True,False,True,10.903590393066406,1938.1956,3,0.0001473872407506,7.286611579883123e-06,1042,960,True,1000000.0,False,False,False,False,0.47673183839129424,0.04943519663446252,0.023599675508109725
ARSWTRWSRSFDY,H3-23_A,K3-20,True,46,1,1,0.0001473872407506,7.286611579883123e-06,3.4785270525048872e-06,False,False,False,False,False,False,False,False,False,False,False,False,False,2,2,False,1.4076923076923078,True,False,True,10.73751983642578,1717.8402999999998,3,0.0001473872407506,7.286611579883123e-06,1147,963,True,1000000.0,False,False,False,False,0.47673183839129424,0.04943519663446252,0.023599675508109725
ARWRYSRLHGFDY,H3-23_A,K3-15,True,46,1,1,0.0001473872407506,7.286611579883123e-06,3.4785270525048872e-06,False,False,False,False,False,False,False,False,False,False,False,False,False,2,3,False,0.5230769230769232,True,False,True,9.979042053222656,1726.8933,3,0.0001473872407506,7.286611579883123e-06,1384,967,True,1000000.0,False,False,False,False,0.47673183839129424,0.04943519663446252,0.023599675508109725
ARYRSGYRYWGFDY,H3-23_A,K1-39,True,46,1,1,0.0001473872407506,7.286611579883123e-06,3.4785270525048872e-06,False,False,False,False,False,False,False,False,False,False,False,False,False,2,2,False,1.1285714285714288,True,False,True,9.52378692626953,1859.9941,3,0.0001473872407506,7.286611579883123e-06,1463,969,True,1000000.0,False,False,False,False,0.47673183839129424,0.04943519663446252,0.023599675508109725
ARYWRYRGSAVYNPFDY,H3-23_A,K1-39,True,46,1,1,0.0001473872407506,7.286611579883123e-06,3.4785270525048872e-06,False,False,False,False,False,False,False,False,False,False,False,False,False,2,2,False,1.035294117647059,True,False,True,9.52378692626953,2184.3695,3,0.0001473872407506,7.286611579883123e-06,1490,970,True,1000000.0,False,False,False,False,0.47673183839129424,0.04943519663446252,0.023599675508109725
AREIRWYSRYGYGFDY,H3-23_A,K3-20,True,45,1,1,0.0001441831702995,7.286611579883123e-06,3.4785270525048872e-06,False,False,False,False,False,False,False,False,False,False,False,False,False,1,1,False,0.975,True,False,True,8.47212371826172,2102.2657,3,0.0001441831702995,7.286611579883123e-06,310,978,True,1000000.0,False,False,False,False,0.47673183839129424,0.050533680372990525,0.024124076371160482
ARFRTLAGYRTYFDY,H3-23_A,K3-20,True,45,1,1,0.0001441831702995,7.286611579883123e-06,3.4785270525048872e-06,False,False,False,False,False,False,False,False,False,False,False,False,False,2,2,False,0.6400000000000002,True,False,True,9.694419860839844,1900.0995000000005,3,0.0001441831702995,7.286611579883123e-06,373,979,True,1000000.0,False,False,False,False,0.47673183839129424,0.050533680372990525,0.024124076371160482
ARFYLHRSYRFDY,H4-34,K1-39,True,45,1,1,0.0001441831702995,7.286611579883123e-06,3.4785270525048872e-06,False,False,False,False,False,False,False,False,False,False,False,False,False,2,3,False,2.391249591500337e-16,True,False,True,9.694560241699218,1793.9790999999998,3,0.0001441831702995,7.286611579883123e-06,385,981,True,1000000.0,False,False,False,False,0.47673183839129424,0.050533680372990525,0.024124076371160482
ARGLGLRTRYFGFDY,H3-23_A,K4-1,True,45,1,1,0.0001441831702995,7.286611579883123e-06,3.4785270525048872e-06,False,False,False,False,False,False,False,False,False,False,False,False,False,2,2,False,0.4266666666666669,True,False,True,9.97897186279297,1792.0047,3,0.0001441831702995,7.286611579883123e-06,430,983,True,1000000.0,False,False,False,False,0.47673183839129424,0.050533680372990525,0.024124076371160482
ARGRGHYITHPRHGFDY,H3-23_A,K4-1,True,45,1,1,0.0001441831702995,7.286611579883123e-06,3.4785270525048872e-06,False,False,False,False,False,False,False,False,False,False,False,False,False,2,5,False,2.0235294117647062,True,False,True,9.97918243408203,2040.2064,3,0.0001441831702995,7.286611579883123e-06,508,985,True,1000000.0,False,False,False,False,0.47673183839129424,0.050533680372990525,0.024124076371160482
ARGSRARLYGFDY,H3-23_A,K4-1,True,45,1,1,0.0001441831702995,7.286611579883123e-06,3.4785270525048872e-06,False,False,False,False,False,False,False,False,False,False,False,False,False,2,2,False,1.730769230769231,True,False,True,9.97897186279297,1531.6733,3,0.0001441831702995,7.286611579883123e-06,553,986,True,1000000.0,False,False,False,False,0.47673183839129424,0.050533680372990525,0.024124076371160482
ARHRVRSRGYLVYGFDY,H3-23_A,K1-39,True,45,1,1,0.0001441831702995,7.286611579883123e-06,3.4785270525048872e-06,False,False,False,False,False,False,False,False,False,False,False,False,True,3,4,False,1.023529411764706,True,False,True,10.256925964355467,2115.3556,4,0.0001441831702995,7.286611579883123e-06,704,988,True,1000000.0,False,False,False,False,0.47673183839129424,0.050533680372990525,0.024124076371160482
ARIARGWYRGRFDY,H3-23_A,K4-1,True,45,1,1,0.0001441831702995,7.286611579883123e-06,3.4785270525048872e-06,False,False,False,False,False,False,False,False,False,False,False,False,True,3,3,False,0.8142857142857144,True,False,True,10.83466339111328,1786.9915999999998,4,0.0001441831702995,7.286611579883123e-06,746,991,True,1000000.0,False,False,False,False,0.47673183839129424,0.050533680372990525,0.024124076371160482
ARPRGTARGRYGFDY,H3-23_A,K3-20,True,45,1,1,0.0001441831702995,7.286611579883123e-06,3.4785270525048872e-06,False,False,False,False,False,False,False,False,False,False,False,False,True,3,3,False,2.826666666666667,True,False,True,10.83466339111328,1742.8945,4,0.0001441831702995,7.286611579883123e-06,1001,995,True,1000000.0,False,False,False,False,0.47673183839129424,0.050533680372990525,0.024124076371160482
ARSRWYTSRYFDY,H3-23_A,K3-15,True,45,1,1,0.0001441831702995,7.286611579883123e-06,3.4785270525048872e-06,False,False,False,False,False,False,False,False,False,False,False,False,False,2,2,False,1.3846153846153846,True,False,True,9.694419860839844,1770.8995,3,0.0001441831702995,7.286611579883123e-06,1122,1001,True,1000000.0,False,False,False,False,0.47673183839129424,0.050533680372990525,0.024124076371160482
ARSTRGSSYRLFDY,H3-23_A,K3-20,True,45,1,1,0.0001441831702995,7.286611579883123e-06,3.4785270525048872e-06,False,False,False,False,False,False,False,False,False,False,False,False,False,2,2,False,2.3500000000000005,True,False,True,9.97897186279297,1678.8026,3,0.0001441831702995,7.286611579883123e-06,1137,1002,True,1000000.0,False,False,False,False,0.47673183839129424,0.050533680372990525,0.024124076371160482
ARSVRWSYSVRYNWFDP,H3-23_A,K3-20,True,45,1,1,0.0001441831702995,7.286611579883123e-06,3.4785270525048872e-06,False,False,False,False,True,False,False,False,False,False,False,False,False,2,2,False,0.7588235294117648,True,False,True,9.97897186279297,2189.3894,3,0.0001441831702995,7.286611579883123e-06,1141,1003,True,1000000.0,False,False,False,False,0.47673183839129424,0.050533680372990525,0.024124076371160482
ARVHQSRSYVDRYGFDP,H3-23_A,K1-39,True,45,1,1,0.0001441831702995,7.286611579883123e-06,3.4785270525048872e-06,False,False,False,False,True,False,False,False,False,False,False,False,False,1,2,False,2.541176470588236,True,False,False,8.637562561035157,2053.1969,3,0.0001441831702995,7.286611579883123e-06,1228,1007,True,1000000.0,False,False,False,False,0.47673183839129424,0.050533680372990525,0.024124076371160482
ARVRLYAYSRFHYPFDY,H3-23_A,K3-15,True,45,1,1,0.0001441831702995,7.286611579883123e-06,3.4785270525048872e-06,False,False,False,True,False,False,False,False,False,False,False,False,False,2,3,False,-0.0823529411764704,True,False,True,9.523927307128908,2224.4764,3,0.0001441831702995,7.286611579883123e-06,1283,1009,True,1000000.0,False,False,False,False,0.47673183839129424,0.050533680372990525,0.024124076371160482
ARVRSSASSRFDY,H3-23_A,K4-1,True,45,1,1,0.0001441831702995,7.286611579883123e-06,3.4785270525048872e-06,False,False,False,False,False,False,False,False,False,False,False,False,False,2,2,False,2.923076923076923,True,False,True,10.73751983642578,1501.6028,3,0.0001441831702995,7.286611579883123e-06,1292,1010,True,1000000.0,False,False,False,False,0.47673183839129424,0.050533680372990525,0.024124076371160482
ARWTLKSLLYTLYGFDI,H1-69,K1-39,True,45,1,1,0.0001441831702995,7.286611579883123e-06,3.4785270525048872e-06,False,False,False,False,False,False,False,False,False,False,False,False,False,1,1,True,-1.364705882352941,False,False,False,8.54006805419922,2060.3931,1,0.0001441831702995,7.286611579883123e-06,1390,1013,True,1000000.0,False,False,False,False,0.47673183839129424,0.050533680372990525,0.024124076371160482
ARYRSRFTSEGRFDI,H3-23_A,K3-15,True,45,1,1,0.0001441831702995,7.286611579883123e-06,3.4785270525048872e-06,False,False,False,False,False,False,False,False,False,False,False,False,False,2,2,False,2.1533333333333338,True,False,True,10.667610168457031,1861.0256,4,0.0001441831702995,7.286611579883123e-06,1464,1015,True,1000000.0,False,False,False,False,0.47673183839129424,0.050533680372990525,0.024124076371160482
ARDRHRNWGFDY,H3-23_A,K4-1,True,44,1,1,0.0001409790998484,7.286611579883123e-06,3.4785270525048872e-06,False,False,False,False,False,False,False,False,False,False,False,False,False,1,2,False,2.3666666666666667,True,False,False,8.793876647949219,1592.6752,3,0.0001409790998484,7.286611579883123e-06,200,1017,True,1000000.0,False,False,False,False,0.47673183839129424,0.05168209164905747,0.024672311946421457
ARHGKRFYGRVNFGFDI,H3-23_A,K4-1,True,44,1,1,0.0001409790998484,7.286611579883123e-06,3.4785270525048872e-06,False,False,False,False,False,False,False,False,False,False,False,False,True,3,4,False,0.9058823529411768,True,False,True,10.903660583496094,2040.289,3,0.0001409790998484,7.286611579883123e-06,636,1022,True,1000000.0,False,False,False,False,0.47673183839129424,0.05168209164905747,0.024672311946421457
ARIRLGWLGWRFDY,H4-34,K1-39,True,44,1,1,0.0001409790998484,7.286611579883123e-06,3.4785270525048872e-06,False,False,False,False,False,False,False,False,False,False,False,False,False,2,2,True,-1.5285714285714285,True,False,True,10.73751983642578,1809.0799,3,0.0001409790998484,7.286611579883123e-06,779,1024,True,1000000.0,False,False,False,False,0.47673183839129424,0.05168209164905747,0.024672311946421457
ARNLEKRWRTTFDY,H3-23_A,K3-20,True,44,1,1,0.0001409790998484,7.286611579883123e-06,3.4785270525048872e-06,False,False,False,False,False,False,False,False,False,False,False,False,False,2,2,False,1.8071428571428572,True,False,True,9.97897186279297,1856.0489,3,0.0001409790998484,7.286611579883123e-06,954,1028,True,1000000.0,False,False,False,False,0.47673183839129424,0.05168209164905747,0.024672311946421457
ARNPYRGRARSFDY,H3-23_A,K4-1,True,44,1,1,0.0001409790998484,7.286611579883123e-06,3.4785270525048872e-06,False,False,False,False,False,False,False,False,False,False,False,False,True,3,3,False,2.8071428571428574,True,False,True,10.83466339111328,1728.8679,4,0.0001409790998484,7.286611579883123e-06,957,1029,True,1000000.0,False,False,False,False,0.47673183839129424,0.05168209164905747,0.024672311946421457
ARPARSLGVYGRAFDY,H3-23_A,K3-20,True,44,1,1,0.0001409790998484,7.286611579883123e-06,3.4785270525048872e-06,False,False,False,False,False,False,False,False,False,False,False,False,False,2,2,False,1.4375000000000002,True,False,True,9.97897186279297,1798.9974000000002,3,0.0001409790998484,7.286611579883123e-06,965,1030,True,1000000.0,False,False,False,False,0.47673183839129424,0.05168209164905747,0.024672311946421457
ARVRPYSPYRKGFDI,H1-69,K3-15,True,44,1,1,0.0001409790998484,7.286611579883123e-06,3.4785270525048872e-06,False,False,False,False,False,False,False,False,False,False,False,False,True,3,3,False,1.4733333333333334,True,False,True,10.267314147949218,1825.0778,3,0.0001409790998484,7.286611579883123e-06,1289,1033,True,1000000.0,False,False,False,False,0.47673183839129424,0.05168209164905747,0.024672311946421457
ARVYSRIFRTLFDY,H3-23_A,K3-15,True,44,1,1,0.0001409790998484,7.286611579883123e-06,3.4785270525048872e-06,False,False,False,False,False,False,False,False,False,False,False,False,False,2,2,False,-0.4785714285714283,True,False,True,9.97897186279297,1807.0591,3,0.0001409790998484,7.286611579883123e-06,1351,1035,True,1000000.0,False,False,False,False,0.47673183839129424,0.05168209164905747,0.024672311946421457
ARWVYRDRGAYHFDI,H3-23_A,K1-39,True,44,1,1,0.0001409790998484,7.286611579883123e-06,3.4785270525048872e-06,False,False,False,True,False,False,False,False,False,False,False,False,False,1,2,False,0.6600000000000001,True,False,False,8.637562561035157,1925.1123,3,0.0001409790998484,7.286611579883123e-06,1398,1038,True,1000000.0,False,False,False,False,0.47673183839129424,0.05168209164905747,0.024672311946421457
ARYLRTLRTAFDY,H3-23_A,K4-1,True,44,1,1,0.0001409790998484,7.286611579883123e-06,3.4785270525048872e-06,False,False,False,False,False,False,False,False,False,False,False,False,False,2,2,False,0.4461538461538464,True,False,True,9.97897186279297,1645.8588,3,0.0001409790998484,7.286611579883123e-06,1438,1040,True,1000000.0,False,False,False,False,0.47673183839129424,0.05168209164905747,0.024672311946421457
ARATRGYVRAFDY,H5-51,K3-20,True,43,1,1,0.0001377750293973,7.286611579883123e-06,3.4785270525048872e-06,False,False,False,False,False,False,False,False,False,False,False,False,False,2,2,False,1.776923076923077,True,False,True,9.97897186279297,1545.6998999999998,3,0.0001377750293973,7.286611579883123e-06,104,1044,True,1000000.0,False,False,False,False,0.47673183839129424,0.05288391352642778,0.025246045000103995
ARDFRWVAKWRYFDY,H3-23_A,K3-20,True,43,1,1,0.0001377750293973,7.286611579883123e-06,3.4785270525048872e-06,False,False,False,False,False,False,False,False,False,False,False,False,False,2,2,False,-0.2266666666666665,True,False,False,9.694419860839844,2079.3201,3,0.0001377750293973,7.286611579883123e-06,142,1046,True,1000000.0,False,False,False,False,0.47673183839129424,0.05288391352642778,0.025246045000103995
ARDRAHRWYAYTYAFDP,H3-23_A,K3-20,True,43,1,1,0.0001377750293973,7.286611579883123e-06,3.4785270525048872e-06,False,False,False,False,True,False,False,False,False,False,False,False,False,1,2,False,1.5000000000000002,True,False,False,8.544841003417972,2159.3205,3,0.0001377750293973,7.286611579883123e-06,194,1049,True,1000000.0,False,False,False,False,0.47673183839129424,0.05288391352642778,0.025246045000103995
ARFRPYRGYAFDP,H3-23_A,K3-15,True,43,1,1,0.0001377750293973,7.286611579883123e-06,3.4785270525048872e-06,False,False,False,False,True,False,False,False,False,False,False,False,False,2,2,False,1.1153846153846156,True,False,True,9.97897186279297,1615.7913,3,0.0001377750293973,7.286611579883123e-06,372,1052,True,1000000.0,False,False,False,False,0.47673183839129424,0.05288391352642778,0.025246045000103995
ARGRYSYTGTYRFDY,H3-23_A,K3-15,True,43,1,1,0.0001377750293973,7.286611579883123e-06,3.4785270525048872e-06,False,False,False,False,False,False,False,False,False,False,False,False,False,2,2,False,2.4133333333333336,True,False,True,9.52378692626953,1875.992,3,0.0001377750293973,7.286611579883123e-06,541,1055,True,1000000.0,False,False,False,False,0.47673183839129424,0.05288391352642778,0.025246045000103995
ARHRWGHHRFDY,H3-23_A,K1-39,True,43,1,1,0.0001377750293973,7.286611579883123e-06,3.4785270525048872e-06,False,False,False,False,False,False,False,False,False,False,False,False,False,2,5,False,1.3,True,False,True,10.737590026855468,1637.7638,3,0.0001377750293973,7.286611579883123e-06,709,1058,True,1000000.0,False,False,False,False,0.47673183839129424,0.05288391352642778,0.025246045000103995
ARIWRYSYSYRSYFDP,H3-23_A,K3-15,True,43,1,1,0.0001377750293973,7.286611579883123e-06,3.4785270525048872e-06,False,False,False,False,True,False,False,False,False,False,False,False,False,2,2,False,0.7187500000000001,True,False,True,9.52378692626953,2130.3189,3,0.0001377750293973,7.286611579883123e-06,794,1063,True,1000000.0,False,False,False,False,0.47673183839129424,0.05288391352642778,0.025246045000103995
ARLHSWLWRNVFDY,H1-69,K1-39,True,43,1,1,0.0001377750293973,7.286611579883123e-06,3.4785270525048872e-06,False,False,False,False,False,False,False,False,False,False,False,False,False,1,2,True,-1.2214285714285713,False,False,False,8.796192932128907,1863.0842,2,0.0001377750293973,7.286611579883123e-06,857,1064,True,1000000.0,False,False,False,False,0.47673183839129424,0.05288391352642778,0.025246045000103995
ARLSLYFPALFDY,H3-23_A,K1-39,True,43,1,1,0.0001377750293973,7.286611579883123e-06,3.4785270525048872e-06,False,False,False,False,False,False,False,False,False,False,False,False,False,0,0,True,-1.7538461538461536,False,False,False,5.87944984436035,1575.8035,1,0.0001377750293973,7.286611579883123e-06,913,1066,True,1000000.0,False,False,False,False,0.47673183839129424,0.05288391352642778,0.025246045000103995
ARWKLKAYRFDY,H4-34,K4-1,True,43,1,1,0.0001377750293973,7.286611579883123e-06,3.4785270525048872e-06,False,False,False,False,False,False,False,False,False,False,False,False,True,3,3,False,0.1500000000000002,False,False,False,9.99322052001953,1616.8622,2,0.0001377750293973,7.286611579883123e-06,1369,1082,True,1000000.0,False,False,False,False,0.47673183839129424,0.05288391352642778,0.025246045000103995
ARWSRTTGSRYRFDY,H5-51,K3-15,True,43,1,1,0.0001377750293973,7.286611579883123e-06,3.4785270525048872e-06,False,False,False,False,False,False,False,False,False,False,False,False,True,3,3,False,2.333333333333333,True,False,True,10.83466339111328,1922.0672,4,0.0001377750293973,7.286611579883123e-06,1387,1083,True,1000000.0,False,False,False,False,0.47673183839129424,0.05288391352642778,0.025246045000103995
ARWVRSYPAREGFDI,H3-23_A,K3-20,True,43,1,1,0.0001377750293973,7.286611579883123e-06,3.4785270525048872e-06,False,False,False,False,False,False,False,False,False,False,False,False,False,1,1,False,1.0733333333333337,True,False,True,8.788050842285156,1823.0189,3,0.0001377750293973,7.286611579883123e-06,1395,1084,True,1000000.0,False,False,False,False,0.47673183839129424,0.05288391352642778,0.025246045000103995
ARWYRVDWRYFDY,H3-23_A,K3-20,True,43,1,1,0.0001377750293973,7.286611579883123e-06,3.4785270525048872e-06,False,False,False,False,False,False,False,False,False,False,False,False,False,1,1,False,-0.2999999999999999,True,False,False,8.538594055175782,1896.0693,3,0.0001377750293973,7.286611579883123e-06,1401,1085,True,1000000.0,False,False,False,False,0.47673183839129424,0.05288391352642778,0.025246045000103995
ARAHVYRIRYGFDY,H3-23_A,K3-15,True,42,1,1,0.0001345709589462,7.286611579883123e-06,3.4785270525048872e-06,False,False,False,False,False,False,False,False,False,False,False,False,False,2,3,False,0.5714285714285715,True,False,True,9.694560241699218,1786.9881999999998,3,0.0001345709589462,7.286611579883123e-06,35,1087,True,1000000.0,False,False,False,False,0.47673183839129424,0.05414296076457603,0.025847096645339417
ARAKYRLARGTYAFDP,H3-23_A,K3-20,True,42,1,1,0.0001345709589462,7.286611579883123e-06,3.4785270525048872e-06,False,False,False,False,True,False,False,False,False,False,False,False,True,3,3,False,1.7187500000000002,True,False,True,10.267314147949218,1856.0919,3,0.0001345709589462,7.286611579883123e-06,46,1088,True,1000000.0,False,False,False,False,0.47673183839129424,0.05414296076457603,0.025847096645339417
ARDRWRLGWGYPRGFDI,H3-23_A,K3-20,True,42,1,1,0.0001345709589462,7.286611579883123e-06,3.4785270525048872e-06,False,False,False,False,False,False,False,False,False,False,False,False,False,2,2,False,0.5764705882352943,True,False,True,10.667610168457031,2121.3619,4,0.0001345709589462,7.286611579883123e-06,229,1089,True,1000000.0,False,False,False,False,0.47673183839129424,0.05414296076457603,0.025847096645339417
ARDRYSWGRVDFDY,H3-23_A,K1-39,True,42,1,1,0.0001345709589462,7.286611579883123e-06,3.4785270525048872e-06,False,False,False,False,False,False,False,False,False,True,False,False,False,0,0,False,2.157142857142857,True,False,False,6.083355331420899,1805.9022,3,0.0001345709589462,7.286611579883123e-06,234,1090,True,1000000.0,False,False,False,False,0.47673183839129424,0.05414296076457603,0.025847096645339417
ARGRYVSYLRPFDY,H3-23_A,K3-20,True,42,1,1,0.0001345709589462,7.286611579883123e-06,3.4785270525048872e-06,False,False,False,False,False,False,False,False,False,False,False,False,False,2,2,False,0.8000000000000002,True,False,True,9.694419860839844,1762.9634999999998,3,0.0001345709589462,7.286611579883123e-06,543,1094,True,1000000.0,False,False,False,False,0.47673183839129424,0.05414296076457603,0.025847096645339417
ARKPAPRYRGLNLYFDP,H3-23_A,K3-20,True,42,1,1,0.0001345709589462,7.286611579883123e-06,3.4785270525048872e-06,False,False,False,False,True,False,False,False,False,False,False,False,True,3,3,False,1.1823529411764708,True,False,True,10.267314147949218,2034.3228,3,0.0001345709589462,7.286611579883123e-06,807,1098,True,1000000.0,False,False,False,False,0.47673183839129424,0.05414296076457603,0.025847096645339417
ARLRWAGWYNWYFDY,H3-23_A,K4-1,True,42,1,1,0.0001345709589462,7.286611579883123e-06,3.4785270525048872e-06,False,False,False,True,False,False,False,False,False,False,False,False,False,1,1,True,-1.2533333333333332,False,True,False,8.539295959472657,2067.2645,2,0.0001345709589462,7.286611579883123e-06,906,1100,True,1000000.0,False,False,False,False,0.47673183839129424,0.05414296076457603,0.025847096645339417
ARLVYWYFYDAFDY,H4-34,K1-39,True,42,1,1,0.0001345709589462,7.286611579883123e-06,3.4785270525048872e-06,False,False,False,True,False,False,False,False,False,False,False,False,False,-1,-1,True,-1.464285714285714,False,False,False,4.207874679565429,1892.0705,1,0.0001345709589462,7.286611579883123e-06,946,1102,True,1000000.0,False,False,False,False,0.47673183839129424,0.05414296076457603,0.025847096645339417
ARTLLRWYGVYLAFDY,H3-23_A,K1-39,True,42,1,1,0.0001345709589462,7.286611579883123e-06,3.4785270525048872e-06,False,False,False,False,False,False,False,False,False,False,False,False,False,1,1,True,-1.4187499999999995,False,False,False,8.539295959472657,2007.2922,2,0.0001345709589462,7.286611579883123e-06,1165,1106,True,1000000.0,False,False,False,False,0.47673183839129424,0.05414296076457603,0.025847096645339417
ARWKRYLFRKWGFDY,H4-34,K3-15,True,42,1,1,0.0001345709589462,7.286611579883123e-06,3.4785270525048872e-06,False,False,False,False,False,False,False,False,False,False,False,False,True,4,4,False,-0.6399999999999998,True,False,True,10.433174133300778,2092.405,3,0.0001345709589462,7.286611579883123e-06,1370,1109,True,1000000.0,False,False,False,False,0.47673183839129424,0.05414296076457603,0.025847096645339417
ARYLPRGYTRSWFDP,H3-23_A,K3-15,True,42,1,1,0.0001345709589462,7.286611579883123e-06,3.4785270525048872e-06,False,False,False,False,True,False,False,False,False,False,False,False,False,2,2,False,0.9400000000000002,True,False,True,9.97897186279297,1885.0883,3,0.0001345709589462,7.286611579883123e-06,1434,1110,True,1000000.0,False,False,False,False,0.47673183839129424,0.05414296076457603,0.025847096645339417
ARASWRGYGRFDY,H3-23_A,K3-20,True,41,1,1,0.0001313668884951,7.286611579883123e-06,3.4785270525048872e-06,False,False,False,False,False,False,False,False,False,False,False,False,False,2,2,False,1.6692307692307695,True,False,True,9.97897186279297,1604.7256,3,0.0001313668884951,7.286611579883123e-06,95,1113,True,1000000.0,False,False,False,False,0.47673183839129424,0.05546342026630425,0.026477465651309186
ARAWQYARYSYRFDP,H4-34,K1-39,True,41,1,1,0.0001313668884951,7.286611579883123e-06,3.4785270525048872e-06,False,False,False,False,True,False,False,False,False,False,False,False,False,2,2,False,1.24,True,False,True,9.694419860839844,1950.1185,3,0.0001313668884951,7.286611579883123e-06,115,1114,True,1000000.0,False,False,False,False,0.47673183839129424,0.05546342026630425,0.026477465651309186
ARAWYRWLGIPFDY,H3-23_A,K3-15,True,41,1,1,0.0001313668884951,7.286611579883123e-06,3.4785270525048872e-06,False,False,False,False,False,False,False,False,False,False,False,False,False,1,1,True,-1.414285714285714,False,False,False,8.632579040527343,1814.0516,2,0.0001313668884951,7.286611579883123e-06,122,1116,True,1000000.0,False,False,False,False,0.47673183839129424,0.05546342026630425,0.026477465651309186
ARGRGHIRSHRFDY,H3-23_A,K4-1,True,41,1,1,0.0001313668884951,7.286611579883123e-06,3.4785270525048872e-06,False,False,False,False,False,False,False,False,False,False,False,False,True,3,5,False,2.278571428571429,True,False,True,11.539094543457033,1727.8864999999998,4,0.0001313668884951,7.286611579883123e-06,507,1123,True,1000000.0,False,False,False,False,0.47673183839129424,0.05546342026630425,0.026477465651309186
ARGRLSGVLARFDY,H3-23_A,K1-39,True,41,1,1,0.0001313668884951,7.286611579883123e-06,3.4785270525048872e-06,False,False,False,False,False,False,False,False,False,False,False,False,False,2,2,False,0.8214285714285717,True,False,True,10.73751983642578,1580.7886999999998,3,0.0001313668884951,7.286611579883123e-06,517,1124,True,1000000.0,False,False,False,False,0.47673183839129424,0.05546342026630425,0.026477465651309186
ARIRPPGVYGRFDY,H3-23_A,K3-20,True,41,1,1,0.0001313668884951,7.286611579883123e-06,3.4785270525048872e-06,False,False,False,False,False,False,False,False,False,False,False,False,False,2,2,False,1.1142857142857143,True,False,True,9.97897186279297,1666.8794999999998,3,0.0001313668884951,7.286611579883123e-06,780,1129,True,1000000.0,False,False,False,False,0.47673183839129424,0.05546342026630425,0.026477465651309186
ARKLEPVSRTRYFDY,H3-23_A,K3-20,True,41,1,1,0.0001313668884951,7.286611579883123e-06,3.4785270525048872e-06,False,False,False,False,False,False,False,False,False,False,False,False,False,2,2,False,1.74,True,False,True,9.694419860839844,1901.1292000000003,3,0.0001313668884951,7.286611579883123e-06,804,1130,True,1000000.0,False,False,False,False,0.47673183839129424,0.05546342026630425,0.026477465651309186
ARNRVFVDWARFDY,H4-34,K1-39,True,41,1,1,0.0001313668884951,7.286611579883123e-06,3.4785270525048872e-06,False,False,False,False,False,False,False,False,False,False,False,False,False,1,1,False,0.4357142857142858,True,False,False,8.787910461425781,1814.9983,3,0.0001313668884951,7.286611579883123e-06,959,1133,True,1000000.0,False,False,False,False,0.47673183839129424,0.05546342026630425,0.026477465651309186
ARPRLWAAYLFDY,H3-23_A,K3-20,True,41,1,1,0.0001313668884951,7.286611579883123e-06,3.4785270525048872e-06,False,False,False,False,False,False,False,False,False,False,False,False,False,1,1,True,-1.1230769230769229,False,False,False,8.632579040527343,1641.8683,2,0.0001313668884951,7.286611579883123e-06,1005,1135,True,1000000.0,False,False,False,False,0.47673183839129424,0.05546342026630425,0.026477465651309186
ARQRAHVRPGPYGFDI,H3-23_A,K1-39,True,41,1,1,0.0001313668884951,7.286611579883123e-06,3.4785270525048872e-06,False,False,False,False,False,False,False,False,False,False,False,False,False,2,3,False,1.7312500000000002,True,False,True,10.73751983642578,1840.0527,3,0.0001313668884951,7.286611579883123e-06,1061,1136,True,1000000.0,False,False,False,False,0.47673183839129424,0.05546342026630425,0.026477465651309186
ARSRGVDYSRFDY,H5-51,K3-15,True,41,1,1,0.0001313668884951,7.286611579883123e-06,3.4785270525048872e-06,False,False,False,False,False,False,False,False,False,False,False,False,False,1,1,False,2.8230769230769237,True,False,False,8.631455993652345,1591.6822,3,0.0001313668884951,7.286611579883123e-06,1109,1138,True,1000000.0,False,False,False,False,0.47673183839129424,0.05546342026630425,0.026477465651309186
ARVYQRSSSRFDY,H3-23_A,K3-15,True,41,1,1,0.0001313668884951,7.286611579883123e-06,3.4785270525048872e-06,False,False,False,False,False,False,False,False,False,False,False,False,False,2,2,False,2.576923076923077,True,False,True,9.97897186279297,1634.75,3,0.0001313668884951,7.286611579883123e-06,1342,1143,True,1000000.0,False,False,False,False,0.47673183839129424,0.05546342026630425,0.026477465651309186
ARWRHKWYGLRNYFDY,H4-34,K3-20,True,41,1,1,0.0001313668884951,7.286611579883123e-06,3.4785270525048872e-06,False,False,False,False,False,False,False,False,False,False,False,False,True,3,4,False,0.0687500000000001,True,False,True,9.989149475097657,2231.474,3,0.0001313668884951,7.286611579883123e-06,1381,1144,True,1000000.0,False,False,False,False,0.47673183839129424,0.05546342026630425,0.026477465651309186
ARARIRRYTSGYFDP,H3-23_A,K3-15,True,40,1,1,0.000128162818044,7.286611579883123e-06,3.4785270525048872e-06,False,False,False,False,True,True,True,False,False,False,False,False,True,3,3,False,1.966666666666667,True,False,True,10.83466339111328,1829.0268,4,0.000128162818044,7.286611579883123e-06,69,1148,True,1000000.0,False,False,False,False,0.47673183839129424,0.056849897592028666,0.027139350648518596
ARARVRYGYGSYFDP,H3-23_A,K3-20,True,40,1,1,0.000128162818044,7.286611579883123e-06,3.4785270525048872e-06,False,False,False,False,True,False,False,False,False,False,False,False,False,2,2,False,1.88,True,False,True,9.694419860839844,1777.9351,3,0.000128162818044,7.286611579883123e-06,78,1149,True,1000000.0,False,False,False,False,0.47673183839129424,0.056849897592028666,0.027139350648518596
ARDRSWYEYWRGFDY,H3-23_A,K3-15,True,40,1,1,0.000128162818044,7.286611579883123e-06,3.4785270525048872e-06,False,False,False,False,False,False,False,False,False,False,False,False,False,0,0,False,1.32,True,False,False,6.164375686645509,2070.1809000000003,3,0.000128162818044,7.286611579883123e-06,222,1155,True,1000000.0,False,False,False,False,0.47673183839129424,0.056849897592028666,0.027139350648518596
ARDVRSYRYVYGFDP,H3-23_A,K3-15,True,40,1,1,0.000128162818044,7.286611579883123e-06,3.4785270525048872e-06,False,False,False,False,True,False,False,False,False,False,False,False,False,1,1,False,1.7800000000000002,True,False,False,8.538594055175782,1864.0243,3,0.000128162818044,7.286611579883123e-06,247,1159,True,1000000.0,False,False,False,False,0.47673183839129424,0.056849897592028666,0.027139350648518596
ARDVRYGRSLRYFDY,H3-23_A,K3-20,True,40,1,1,0.000128162818044,7.286611579883123e-06,3.4785270525048872e-06,False,False,False,False,False,False,False,False,False,False,False,False,False,2,2,False,1.5533333333333337,True,False,True,9.691331481933592,1937.1214,4,0.000128162818044,7.286611579883123e-06,249,1160,True,1000000.0,False,False,False,False,0.47673183839129424,0.056849897592028666,0.027139350648518596
ARGLGRSRWRYKGFDY,H4-34,K4-1,True,40,1,1,0.000128162818044,7.286611579883123e-06,3.4785270525048872e-06,False,False,False,False,False,False,False,False,False,False,False,False,True,4,4,False,1.6250000000000002,True,False,True,10.93159637451172,1988.2146,4,0.000128162818044,7.286611579883123e-06,431,1164,True,1000000.0,False,False,False,False,0.47673183839129424,0.056849897592028666,0.027139350648518596
ARGRGRYWSPWYAFDP,H1-69,K1-39,True,40,1,1,0.000128162818044,7.286611579883123e-06,3.4785270525048872e-06,False,False,False,False,True,False,False,False,False,False,False,False,False,2,2,False,0.99375,True,False,True,9.97897186279297,1985.1659,3,0.000128162818044,7.286611579883123e-06,509,1166,True,1000000.0,False,False,False,False,0.47673183839129424,0.056849897592028666,0.027139350648518596
ARGSRLKARWYQYWFDP,H4-34,K3-20,True,40,1,1,0.000128162818044,7.286611579883123e-06,3.4785270525048872e-06,False,False,False,True,True,False,False,False,False,False,False,False,True,3,3,False,0.6235294117647061,True,False,True,10.267314147949218,2200.4585,3,0.000128162818044,7.286611579883123e-06,555,1167,True,1000000.0,False,False,False,False,0.47673183839129424,0.056849897592028666,0.027139350648518596
ARGYRAWGYRWGFDY,H4-34,K4-1,True,40,1,1,0.000128162818044,7.286611579883123e-06,3.4785270525048872e-06,False,False,False,False,False,False,False,False,False,False,False,False,False,2,2,False,0.6000000000000001,True,False,True,9.694419860839844,1924.0827,3,0.000128162818044,7.286611579883123e-06,613,1169,True,1000000.0,False,False,False,False,0.47673183839129424,0.056849897592028666,0.027139350648518596
ARIKYRITVYRSRFDY,H3-23_A,K1-39,True,40,1,1,0.000128162818044,7.286611579883123e-06,3.4785270525048872e-06,False,False,False,False,False,False,False,False,False,False,False,False,True,4,4,False,0.7312500000000002,True,False,True,10.420399475097652,2107.4165000000003,4,0.000128162818044,7.286611579883123e-06,765,1175,True,1000000.0,False,False,False,False,0.47673183839129424,0.056849897592028666,0.027139350648518596
ARLHVPGLGWRTRGFDI,H3-23_A,K4-1,True,40,1,1,0.000128162818044,7.286611579883123e-06,3.4785270525048872e-06,False,False,False,False,False,False,False,False,False,False,False,False,False,2,3,False,0.1117647058823531,True,False,True,11.698988342285158,1951.2375,3,0.000128162818044,7.286611579883123e-06,858,1179,True,1000000.0,False,False,False,False,0.47673183839129424,0.056849897592028666,0.027139350648518596
ARLLRSYTASYRSFDY,H3-23_A,K3-20,True,40,1,1,0.000128162818044,7.286611579883123e-06,3.4785270525048872e-06,False,False,False,False,False,False,False,False,False,False,False,False,False,2,2,False,1.1375000000000002,True,False,True,9.694419860839844,1969.1600000000003,3,0.000128162818044,7.286611579883123e-06,875,1181,True,1000000.0,False,False,False,False,0.47673183839129424,0.056849897592028666,0.027139350648518596
ARNNRYRSWFSFDY,H3-23_A,K1-39,True,40,1,1,0.000128162818044,7.286611579883123e-06,3.4785270525048872e-06,False,False,True,False,False,False,False,False,False,False,False,False,False,2,2,False,1.392857142857143,True,False,True,9.97897186279297,1882.0014,3,0.000128162818044,7.286611579883123e-06,956,1184,True,1000000.0,False,False,False,False,0.47673183839129424,0.056849897592028666,0.027139350648518596
ARPARLSRTLVWYFDP,H3-23_A,K3-20,True,40,1,1,0.000128162818044,7.286611579883123e-06,3.4785270525048872e-06,False,False,False,True,True,False,False,False,False,False,False,False,False,2,2,False,-0.0312499999999998,True,False,True,10.73751983642578,1948.2303,3,0.000128162818044,7.286611579883123e-06,964,1185,True,1000000.0,False,False,False,False,0.47673183839129424,0.056849897592028666,0.027139350648518596
ARPRGWQRDVSFPWFDP,H3-23_A,K3-20,True,40,1,1,0.000128162818044,7.286611579883123e-06,3.4785270525048872e-06,False,False,False,False,True,False,False,False,False,False,False,False,False,1,1,False,1.0058823529411764,True,False,False,9.555021667480467,2117.3269,3,0.000128162818044,7.286611579883123e-06,1003,1186,True,1000000.0,False,False,False,False,0.47673183839129424,0.056849897592028666,0.027139350648518596
ARSRILWYGYGRAFDY,H4-34,K4-1,True,40,1,1,0.000128162818044,7.286611579883123e-06,3.4785270525048872e-06,False,False,False,False,False,False,False,False,False,False,False,False,False,2,2,False,0.1625000000000001,True,False,True,9.694419860839844,1994.214,3,0.000128162818044,7.286611579883123e-06,1112,1189,True,1000000.0,False,False,False,False,0.47673183839129424,0.056849897592028666,0.027139350648518596
ARSRLSERHRFDY,H5-51,K3-15,True,40,1,1,0.000128162818044,7.286611579883123e-06,3.4785270525048872e-06,False,False,False,False,False,False,False,False,False,False,False,False,False,2,3,False,2.423076923076924,True,False,True,10.667610168457031,1692.8358999999998,4,0.000128162818044,7.286611579883123e-06,1114,1190,True,1000000.0,False,False,False,False,0.47673183839129424,0.056849897592028666,0.027139350648518596
ARTRGRSSWYGYIFDY,H3-23_A,K3-15,True,40,1,1,0.000128162818044,7.286611579883123e-06,3.4785270525048872e-06,False,False,False,False,False,False,False,False,False,False,False,False,False,2,2,False,1.3375,True,False,True,9.694419860839844,1998.1597,3,0.000128162818044,7.286611579883123e-06,1173,1195,True,1000000.0,False,False,False,False,0.47673183839129424,0.056849897592028666,0.027139350648518596
ARWLGAALFDY,H3-23_A,K1-39,True,40,1,1,0.000128162818044,7.286611579883123e-06,3.4785270525048872e-06,False,False,False,False,False,False,False,False,False,False,False,False,False,0,0,True,-1.2090909090909088,False,False,False,5.880318832397459,1282.4455,1,0.000128162818044,7.286611579883123e-06,1372,1199,True,1000000.0,False,False,False,False,0.47673183839129424,0.056849897592028666,0.027139350648518596
ARDRSGRGWYRGFDP,H3-23_A,K4-1,True,39,1,1,0.0001249587475929,7.286611579883123e-06,3.4785270525048872e-06,False,False,False,False,True,False,False,False,False,False,False,False,False,2,2,False,2.9,True,False,True,10.667610168457031,1795.9141,4,0.0001249587475929,7.286611579883123e-06,218,1207,True,1000000.0,False,False,False,False,0.47673183839129424,0.058307470629537665,0.027835175749993005
ARGQSSGRHRFDY,H3-23_A,K3-20,True,39,1,1,0.0001249587475929,7.286611579883123e-06,3.4785270525048872e-06,False,False,False,False,False,False,False,False,False,False,False,False,False,2,3,False,3.5461538461538464,True,False,True,10.73751983642578,1536.6103999999998,3,0.0001249587475929,7.286611579883123e-06,501,1212,True,1000000.0,False,False,False,False,0.47673183839129424,0.058307470629537665,0.027835175749993005
ARGSRARGYAFDY,H5-51,K3-15,True,39,1,1,0.0001249587475929,7.286611579883123e-06,3.4785270525048872e-06,False,False,False,False,False,False,False,False,False,False,False,False,False,2,2,False,2.6000000000000005,True,False,True,9.97897186279297,1489.5936,3,0.0001249587475929,7.286611579883123e-06,552,1214,True,1000000.0,False,False,False,False,0.47673183839129424,0.058307470629537665,0.027835175749993005
ARGTRYGRLRSWFDP,H5-51,UNK,True,39,1,1,0.0001249587475929,7.286611579883123e-06,3.4785270525048872e-06,False,False,False,False,True,False,False,False,False,False,False,False,True,3,3,False,1.586666666666667,True,False,True,11.539094543457033,1838.0369,4,0.0001249587475929,7.286611579883123e-06,575,1215,True,1000000.0,False,False,False,False,0.47673183839129424,0.058307470629537665,0.027835175749993005
ARHRLRLYPRSFDY,H3-23_A,K3-20,True,39,1,1,0.0001249587475929,7.286611579883123e-06,3.4785270525048872e-06,False,False,False,False,False,False,False,False,False,False,False,False,True,3,4,False,0.585714285714286,True,False,True,10.83466339111328,1850.0906,4,0.0001249587475929,7.286611579883123e-06,694,1218,True,1000000.0,False,False,False,False,0.47673183839129424,0.058307470629537665,0.027835175749993005
ARHSRYGARYRFDY,H3-23_A,K3-15,True,39,1,1,0.0001249587475929,7.286611579883123e-06,3.4785270525048872e-06,False,False,False,False,False,False,False,False,False,False,False,False,True,3,4,False,2.171428571428572,True,False,True,10.256925964355467,1817.9626,4,0.0001249587475929,7.286611579883123e-06,720,1219,True,1000000.0,False,False,False,False,0.47673183839129424,0.058307470629537665,0.027835175749993005
ARTLLQRGLGYHYRFDY,H4-34,K3-20,True,39,1,1,0.0001249587475929,7.286611579883123e-06,3.4785270525048872e-06,False,False,False,True,False,False,False,False,False,False,False,False,False,2,3,False,0.4058823529411767,True,False,True,9.694560241699218,2129.3789,3,0.0001249587475929,7.286611579883123e-06,1164,1231,True,1000000.0,False,False,False,False,0.47673183839129424,0.058307470629537665,0.027835175749993005
ARWPYLLWLFDY,H3-23_A,K3-15,True,39,1,1,0.0001249587475929,7.286611579883123e-06,3.4785270525048872e-06,False,False,False,False,False,False,False,False,False,False,False,False,False,0,0,True,-3.516666666666666,False,False,False,5.87944984436035,1642.8943,1,0.0001249587475929,7.286611579883123e-06,1378,1237,True,1000000.0,False,False,False,False,0.47673183839129424,0.058307470629537665,0.027835175749993005
ARATLPYWSWYIFDY,H3-23_A,K4-1,True,38,1,1,0.0001217546771418,7.286611579883123e-06,3.4785270525048872e-06,False,False,False,False,False,False,False,False,False,False,False,False,False,0,0,True,-1.3266666666666669,False,False,False,5.87858085632324,1952.1690000000003,1,0.0001217546771418,7.286611579883123e-06,102,1242,True,1000000.0,False,False,False,False,0.47673183839129424,0.05984175173722641,0.028567620217593966
ARDRTGSYRFDY,H3-23_A,K3-15,True,38,1,1,0.0001217546771418,7.286611579883123e-06,3.4785270525048872e-06,False,False,False,False,False,False,False,False,False,False,False,False,False,1,1,False,3.2583333333333333,True,False,False,8.631455993652345,1506.5778,3,0.0001217546771418,7.286611579883123e-06,223,1247,True,1000000.0,False,False,False,False,0.47673183839129424,0.05984175173722641,0.028567620217593966
ARFTYRFGHRFDY,H1-69,K1-39,True,38,1,1,0.0001217546771418,7.286611579883123e-06,3.4785270525048872e-06,False,False,False,False,False,False,False,False,False,False,False,False,False,2,3,False,0.4846153846153849,True,False,True,9.979042053222656,1735.9,3,0.0001217546771418,7.286611579883123e-06,382,1256,True,1000000.0,False,False,False,False,0.47673183839129424,0.05984175173722641,0.028567620217593966
ARGPRFDLIWFSLFDY,H3-23_A,K1-39,True,38,1,1,0.0001217546771418,7.286611579883123e-06,3.4785270525048872e-06,False,False,False,False,False,False,False,False,False,False,False,False,False,0,0,True,-1.3187499999999996,False,False,False,6.004890823364257,2003.2605,2,0.0001217546771418,7.286611579883123e-06,471,1260,True,1000000.0,False,False,False,False,0.47673183839129424,0.05984175173722641,0.028567620217593966
ARGRWRSTSLSYAFDY,H3-23_A,K3-20,True,38,1,1,0.0001217546771418,7.286611579883123e-06,3.4785270525048872e-06,False,False,False,False,False,False,False,False,False,False,False,False,False,2,2,False,1.5625000000000002,True,False,True,9.97897186279297,1936.0904,3,0.0001217546771418,7.286611579883123e-06,531,1263,True,1000000.0,False,False,False,False,0.47673183839129424,0.05984175173722641,0.028567620217593966
ARGRYVARWLYFDY,H3-23_A,K3-20,True,38,1,1,0.0001217546771418,7.286611579883123e-06,3.4785270525048872e-06,False,False,False,False,False,False,False,False,False,False,False,False,False,2,2,False,-0.3785714285714284,True,False,True,9.694419860839844,1836.0588,3,0.0001217546771418,7.286611579883123e-06,542,1266,True,1000000.0,False,False,False,False,0.47673183839129424,0.05984175173722641,0.028567620217593966
ARGYLFYLLGYASFDI,H3-23_A,K3-15,True,38,1,1,0.0001217546771418,7.286611579883123e-06,3.4785270525048872e-06,False,False,False,False,False,False,False,False,False,False,False,False,False,0,0,True,-1.4624999999999997,False,False,False,5.87858085632324,1869.1217,1,0.0001217546771418,7.286611579883123e-06,608,1268,True,1000000.0,False,False,False,False,0.47673183839129424,0.05984175173722641,0.028567620217593966
ARLHRPPDVRFDY,H3-23_A,K3-20,True,38,1,1,0.0001217546771418,7.286611579883123e-06,3.4785270525048872e-06,False,False,False,False,False,False,False,False,False,False,False,False,False,1,2,False,1.307692307692308,True,False,False,8.793876647949219,1641.8303999999998,3,0.0001217546771418,7.286611579883123e-06,854,1276,True,1000000.0,False,False,False,False,0.47673183839129424,0.05984175173722641,0.028567620217593966
ARLRAGYRFDY,H4-34,K3-15,True,38,1,1,0.0001217546771418,7.286611579883123e-06,3.4785270525048872e-06,False,False,False,False,False,False,False,False,False,False,False,False,False,2,2,False,0.9363636363636366,True,False,True,9.97897186279297,1387.5447,3,0.0001217546771418,7.286611579883123e-06,883,1279,True,1000000.0,False,False,False,False,0.47673183839129424,0.05984175173722641,0.028567620217593966
ARPRYRWGPAWYFDI,H1-69,K1-39,True,38,1,1,0.0001217546771418,7.286611579883123e-06,3.4785270525048872e-06,False,False,False,True,False,False,False,False,False,False,False,False,False,2,2,False,-0.2866666666666665,True,False,True,9.97897186279297,1954.1949,3,0.0001217546771418,7.286611579883123e-06,1015,1281,True,1000000.0,False,False,False,False,0.47673183839129424,0.05984175173722641,0.028567620217593966
ARPYRSRSYRPPFDY,H3-23_A,K4-1,True,38,1,1,0.0001217546771418,7.286611579883123e-06,3.4785270525048872e-06,False,False,False,False,False,False,False,False,False,False,False,False,True,3,3,False,2.22,True,False,True,10.256925964355467,1931.117,4,0.0001217546771418,7.286611579883123e-06,1034,1282,True,1000000.0,False,False,False,False,0.47673183839129424,0.05984175173722641,0.028567620217593966
ARQHHRWVFRYGFDY,H4-34,K3-15,True,38,1,1,0.0001217546771418,7.286611579883123e-06,3.4785270525048872e-06,False,False,False,False,False,False,False,False,False,False,False,False,False,2,4,False,0.3133333333333335,True,False,True,9.979112243652343,2038.2317,3,0.0001217546771418,7.286611579883123e-06,1050,1284,True,1000000.0,False,False,False,False,0.47673183839129424,0.05984175173722641,0.028567620217593966
ARQRPSRSSGFDY,H3-23_A,K3-20,True,38,1,1,0.0001217546771418,7.286611579883123e-06,3.4785270525048872e-06,False,False,False,False,False,False,False,False,False,False,False,False,False,2,2,False,3.607692307692308,True,False,True,10.73751983642578,1526.6123,3,0.0001217546771418,7.286611579883123e-06,1064,1286,True,1000000.0,False,False,False,False,0.47673183839129424,0.05984175173722641,0.028567620217593966
ARSGYHRQWYRYWFDP,H1-69,K1-39,True,38,1,1,0.0001217546771418,7.286611579883123e-06,3.4785270525048872e-06,False,False,False,True,True,False,False,False,False,False,False,False,False,2,3,False,0.7625000000000002,True,False,True,9.694560241699218,2188.3632,3,0.0001217546771418,7.286611579883123e-06,1083,1287,True,1000000.0,False,False,False,False,0.47673183839129424,0.05984175173722641,0.028567620217593966
ARSPIGSSIRNRFDI,H5-51,UNK,True,38,1,1,0.0001217546771418,7.286611579883123e-06,3.4785270525048872e-06,False,False,False,False,False,False,False,False,False,False,False,False,False,2,2,False,1.72,True,False,True,11.698988342285158,1688.8853,3,0.0001217546771418,7.286611579883123e-06,1101,1289,True,1000000.0,False,False,False,False,0.47673183839129424,0.05984175173722641,0.028567620217593966
ARVHAYSANPRLRWFDP,H3-7_A,K3-15,True,38,1,1,0.0001217546771418,7.286611579883123e-06,3.4785270525048872e-06,False,False,False,False,True,False,False,False,False,False,False,False,False,2,3,False,0.8647058823529413,True,False,True,10.73751983642578,2056.2886,3,0.0001217546771418,7.286611579883123e-06,1217,1291,True,1000000.0,False,False,False,False,0.47673183839129424,0.05984175173722641,0.028567620217593966
ARVHGRLFYRYKYFDY,H1-69,K1-39,True,38,1,1,0.0001217546771418,7.286611579883123e-06,3.4785270525048872e-06,False,False,False,False,False,False,False,False,False,False,False,False,True,3,4,False,-0.0437499999999997,True,False,True,9.81893768310547,2154.4296,3,0.0001217546771418,7.286611579883123e-06,1219,1292,True,1000000.0,False,False,False,False,0.47673183839129424,0.05984175173722641,0.028567620217593966
ARVRFFSLVY,H3-23_A,K3-15,True,38,1,1,0.0001217546771418,7.286611579883123e-06,3.4785270525048872e-06,False,False,False,False,False,False,False,False,False,False,False,False,False,2,2,True,-1.99,False,False,True,10.835224914550782,1257.4823,2,0.0001217546771418,7.286611579883123e-06,1273,1293,True,1000000.0,False,False,False,False,0.47673183839129424,0.05984175173722641,0.028567620217593966
ARVRISRWAPLTGFDP,H3-23_A,K3-20,True,38,1,1,0.0001217546771418,7.286611579883123e-06,3.4785270525048872e-06,False,False,False,False,True,False,False,False,False,False,False,False,False,2,2,False,0.5187500000000002,True,False,True,11.698988342285158,1842.1084,3,0.0001217546771418,7.286611579883123e-06,1278,1294,True,1000000.0,False,False,False,False,0.47673183839129424,0.05984175173722641,0.028567620217593966
ARARSRWPWGFAYGFDY,H1-69,K3-15,True,37,1,1,0.0001185506066907,7.286611579883123e-06,3.4785270525048872e-06,False,False,False,False,False,False,False,False,False,False,False,False,False,2,2,False,0.3941176470588237,True,False,True,9.97897186279297,2106.3024,3,0.0001185506066907,7.286611579883123e-06,76,1304,True,1000000.0,False,False,False,False,0.47673183839129424,0.061458959963762494,0.029339652938683434
AREKRPFYGYRYPFDY,H3-23_A,K4-1,True,37,1,1,0.0001185506066907,7.286611579883123e-06,3.4785270525048872e-06,False,False,False,False,False,False,False,False,False,False,False,False,False,2,2,False,1.38125,True,False,True,9.402076721191406,2128.3461,3,0.0001185506066907,7.286611579883123e-06,314,1310,True,1000000.0,False,False,False,False,0.47673183839129424,0.061458959963762494,0.029339652938683434
ARFRILGHLYAFDY,H3-23_A,K3-20,True,37,1,1,0.0001185506066907,7.286611579883123e-06,3.4785270525048872e-06,False,False,False,False,False,False,False,False,False,False,False,False,False,1,2,True,-1.2999999999999996,False,False,False,8.638685607910158,1741.9872999999998,2,0.0001185506066907,7.286611579883123e-06,370,1312,True,1000000.0,False,False,False,False,0.47673183839129424,0.061458959963762494,0.029339652938683434
ARGRASSRGFDY,H3-23_A,K4-1,True,37,1,1,0.0001185506066907,7.286611579883123e-06,3.4785270525048872e-06,False,False,False,False,False,False,False,False,False,False,False,False,False,2,2,False,3.341666666666667,True,False,True,10.73751983642578,1342.4198,3,0.0001185506066907,7.286611579883123e-06,504,1317,True,1000000.0,False,False,False,False,0.47673183839129424,0.061458959963762494,0.029339652938683434
ARGRVYRGWRTGFDY,H3-23_A,K3-20,True,37,1,1,0.0001185506066907,7.286611579883123e-06,3.4785270525048872e-06,False,False,False,False,False,False,False,False,False,False,False,False,True,3,3,False,1.6333333333333335,True,False,True,10.83466339111328,1860.0423,4,0.0001185506066907,7.286611579883123e-06,510,1318,True,1000000.0,False,False,False,False,0.47673183839129424,0.061458959963762494,0.029339652938683434
ARHIFYVIRYGFDY,H4-34,K1-39,True,37,1,1,0.0001185506066907,7.286611579883123e-06,3.4785270525048872e-06,False,False,False,False,False,False,False,False,False,False,False,False,False,1,2,True,-1.107142857142857,False,False,False,8.545542907714843,1820.056,2,0.0001185506066907,7.286611579883123e-06,655,1323,True,1000000.0,False,False,False,False,0.47673183839129424,0.061458959963762494,0.029339652938683434
ARLARQRWSAFDY,H5-51,UNK,True,37,1,1,0.0001185506066907,7.286611579883123e-06,3.4785270525048872e-06,False,False,False,False,False,False,False,False,False,False,False,False,False,2,2,False,0.8538461538461539,True,False,True,10.73751983642578,1639.8145,3,0.0001185506066907,7.286611579883123e-06,824,1327,True,1000000.0,False,False,False,False,0.47673183839129424,0.061458959963762494,0.029339652938683434
ARLPYGLSPWLYWGFDI,H1-69,K1-39,True,37,1,1,0.0001185506066907,7.286611579883123e-06,3.4785270525048872e-06,False,False,False,False,False,False,False,False,False,False,False,False,False,0,0,True,-1.7764705882352938,False,False,False,5.87944984436035,2054.347,1,0.0001185506066907,7.286611579883123e-06,879,1328,True,1000000.0,False,False,False,False,0.47673183839129424,0.061458959963762494,0.029339652938683434
ARLTYSRILRGFDY,H3-23_A,K3-15,True,37,1,1,0.0001185506066907,7.286611579883123e-06,3.4785270525048872e-06,False,False,False,False,False,False,False,False,False,False,False,False,False,2,2,False,0.1928571428571431,True,False,True,9.97897186279297,1730.9632,3,0.0001185506066907,7.286611579883123e-06,935,1329,True,1000000.0,False,False,False,False,0.47673183839129424,0.061458959963762494,0.029339652938683434
ARTHFRGYRNFDY,H3-23_A,K3-15,True,37,1,1,0.0001185506066907,7.286611579883123e-06,3.4785270525048872e-06,False,False,False,False,False,False,False,False,False,False,False,False,False,2,3,False,1.730769230769231,True,False,True,9.979042053222656,1702.8288,3,0.0001185506066907,7.286611579883123e-06,1160,1335,True,1000000.0,False,False,False,False,0.47673183839129424,0.061458959963762494,0.029339652938683434
ARVKLRIRIAGHYGFDP,H3-23_A,K3-15,True,37,1,1,0.0001185506066907,7.286611579883123e-06,3.4785270525048872e-06,False,False,False,False,True,False,False,False,False,False,False,False,True,3,4,False,0.4764705882352943,True,False,True,10.903660583496094,1969.2958,3,0.0001185506066907,7.286611579883123e-06,1239,1337,True,1000000.0,False,False,False,False,0.47673183839129424,0.061458959963762494,0.029339652938683434
ARVPILLYWTFDY,H3-23_A,K3-15,True,37,1,1,0.0001185506066907,7.286611579883123e-06,3.4785270525048872e-06,False,False,False,False,False,False,False,False,False,False,False,False,False,0,0,True,-2.269230769230769,False,False,False,5.87944984436035,1656.9193,1,0.0001185506066907,7.286611579883123e-06,1262,1340,True,1000000.0,False,False,False,False,0.47673183839129424,0.061458959963762494,0.029339652938683434
ARVPRGRSAYRFDY,H3-23_A,K4-1,True,37,1,1,0.0001185506066907,7.286611579883123e-06,3.4785270525048872e-06,False,False,False,False,False,False,False,False,False,False,False,False,True,3,3,False,2.042857142857143,True,False,True,10.83466339111328,1713.8963,4,0.0001185506066907,7.286611579883123e-06,1264,1341,True,1000000.0,False,False,False,False,0.47673183839129424,0.061458959963762494,0.029339652938683434
ARWRFLIWNPGAFDI,H3-23_A,UNK,True,37,1,1,0.0001185506066907,7.286611579883123e-06,3.4785270525048872e-06,False,False,False,False,False,False,False,False,False,False,False,False,False,1,1,True,-1.7466666666666664,False,False,False,9.643601989746092,1862.1392,2,0.0001185506066907,7.286611579883123e-06,1380,1348,True,1000000.0,False,False,False,False,0.47673183839129424,0.061458959963762494,0.029339652938683434
ARYRGWRTLDY,H1-69,K3-15,True,37,1,1,0.0001185506066907,7.286611579883123e-06,3.4785270525048872e-06,False,False,False,False,False,False,False,False,False,False,False,False,False,2,2,False,1.1454545454545455,True,False,True,9.97897186279297,1456.6068,3,0.0001185506066907,7.286611579883123e-06,1455,1351,True,1000000.0,False,False,False,False,0.47673183839129424,0.061458959963762494,0.029339652938683434
ARARSYRLIAALFDP,H3-23_A,K3-15,True,36,1,1,0.0001153465362396,7.286611579883123e-06,3.4785270525048872e-06,False,False,False,False,True,False,False,False,False,False,False,False,False,2,2,False,0.1400000000000002,True,False,True,10.73751983642578,1719.9836999999998,3,0.0001153465362396,7.286611579883123e-06,77,1356,True,1000000.0,False,False,False,False,0.47673183839129424,0.06316600530331934,0.03015457264840071
ARDRWRIFRYFDY,H3-23_A,K1-39,True,36,1,1,0.0001153465362396,7.286611579883123e-06,3.4785270525048872e-06,False,False,False,False,False,False,False,False,False,False,False,False,False,2,2,False,-0.0999999999999998,True,False,True,9.971391296386717,1864.0723,4,0.0001153465362396,7.286611579883123e-06,228,1363,True,1000000.0,False,False,False,False,0.47673183839129424,0.06316600530331934,0.03015457264840071
ARESRGTRSRFDY,H5-51,K3-15,True,36,1,1,0.0001153465362396,7.286611579883123e-06,3.4785270525048872e-06,False,False,False,False,False,False,False,False,False,False,False,False,False,2,2,False,3.807692307692308,True,False,True,10.667610168457031,1600.6942,4,0.0001153465362396,7.286611579883123e-06,334,1368,True,1000000.0,False,False,False,False,0.47673183839129424,0.06316600530331934,0.03015457264840071
ARFPRVAGRNRGFDP,H3-23_A,K3-20,True,36,1,1,0.0001153465362396,7.286611579883123e-06,3.4785270525048872e-06,False,False,False,False,True,False,False,False,False,False,False,False,True,3,3,False,2.1,True,False,True,11.999964904785156,1715.9155,4,0.0001153465362396,7.286611579883123e-06,365,1370,True,1000000.0,False,False,False,False,0.47673183839129424,0.06316600530331934,0.03015457264840071
ARGPRVRAPFDY,H5-51,K3-15,True,36,1,1,0.0001153465362396,7.286611579883123e-06,3.4785270525048872e-06,False,False,False,False,False,False,False,False,False,False,False,False,False,2,2,False,1.825,True,False,True,10.73751983642578,1404.5753,3,0.0001153465362396,7.286611579883123e-06,474,1376,True,1000000.0,False,False,False,False,0.47673183839129424,0.06316600530331934,0.03015457264840071
ARGRGVYGYWRGFDY,H3-23_A,K3-20,True,36,1,1,0.0001153465362396,7.286611579883123e-06,3.4785270525048872e-06,False,False,False,False,False,False,False,False,False,False,False,False,False,2,2,False,1.2600000000000002,True,False,True,9.694419860839844,1822.9772000000005,3,0.0001153465362396,7.286611579883123e-06,510,1379,True,1000000.0,False,False,False,False,0.47673183839129424,0.06316600530331934,0.03015457264840071
ARHRATARFDY,H3-23_A,K3-15,True,36,1,1,0.0001153465362396,7.286611579883123e-06,3.4785270525048872e-06,False,False,False,False,False,False,False,False,False,False,False,False,False,2,3,False,2.2818181818181817,True,False,True,10.73751983642578,1363.4837,3,0.0001153465362396,7.286611579883123e-06,688,1385,True,1000000.0,False,False,False,False,0.47673183839129424,0.06316600530331934,0.03015457264840071
ARHRYVLGVSRYFDY,H3-23_A,K3-20,True,36,1,1,0.0001153465362396,7.286611579883123e-06,3.4785270525048872e-06,False,False,False,False,False,False,False,False,False,False,False,False,False,2,3,False,0.5000000000000001,True,False,True,9.694560241699218,1902.1186,3,0.0001153465362396,7.286611579883123e-06,713,1386,True,1000000.0,False,False,False,False,0.47673183839129424,0.06316600530331934,0.03015457264840071
ARIGDIARGRFDY,H3-23_A,K4-1,True,36,1,1,0.0001153465362396,7.286611579883123e-06,3.4785270525048872e-06,False,False,False,False,False,False,False,False,False,False,False,False,False,1,1,False,1.623076923076923,True,False,False,8.787910461425781,1509.6678,3,0.0001153465362396,7.286611579883123e-06,751,1388,True,1000000.0,False,False,False,False,0.47673183839129424,0.06316600530331934,0.03015457264840071
ARKGRLSRAFDY,H5-51,K3-20,True,36,1,1,0.0001153465362396,7.286611579883123e-06,3.4785270525048872e-06,False,False,False,False,False,False,False,False,False,False,False,False,True,3,3,False,2.0333333333333337,True,False,True,10.903590393066406,1439.6210999999998,3,0.0001153465362396,7.286611579883123e-06,798,1390,True,1000000.0,False,False,False,False,0.47673183839129424,0.06316600530331934,0.03015457264840071
ARLGRTVRWGFDY,H3-23_A,K4-1,True,36,1,1,0.0001153465362396,7.286611579883123e-06,3.4785270525048872e-06,False,False,False,False,False,False,False,False,False,False,False,False,False,2,2,False,0.5615384615384618,True,False,True,10.73751983642578,1596.7896999999998,3,0.0001153465362396,7.286611579883123e-06,844,1392,True,1000000.0,False,False,False,False,0.47673183839129424,0.06316600530331934,0.03015457264840071
ARNRDLYWYRAFDY,H3-23_A,K3-20,True,36,1,1,0.0001153465362396,7.286611579883123e-06,3.4785270525048872e-06,False,False,False,True,False,False,False,False,False,False,False,False,False,1,1,False,0.6928571428571431,True,False,False,8.538594055175782,1909.0665,3,0.0001153465362396,7.286611579883123e-06,958,1396,True,1000000.0,False,False,False,False,0.47673183839129424,0.06316600530331934,0.03015457264840071
ARSWYFGRLRAFDY,H4-34,K3-20,True,36,1,1,0.0001153465362396,7.286611579883123e-06,3.4785270525048872e-06,False,False,False,True,False,False,False,False,False,False,False,False,False,2,2,False,-0.1714285714285712,True,False,True,9.97897186279297,1808.0057,3,0.0001153465362396,7.286611579883123e-06,1149,1400,True,1000000.0,False,False,False,False,0.47673183839129424,0.06316600530331934,0.03015457264840071
ARTTLIRWIYASYLFDI,H4-34,K1-39,True,36,1,1,0.0001153465362396,7.286611579883123e-06,3.4785270525048872e-06,False,False,False,False,False,False,False,False,False,False,False,False,False,1,1,True,-1.5235294117647058,False,False,False,8.632579040527343,2102.4331,2,0.0001153465362396,7.286611579883123e-06,1190,1401,True,1000000.0,False,False,False,False,0.47673183839129424,0.06316600530331934,0.03015457264840071
ARTYWRGSWLFRYFDY,H1-69,K3-15,True,36,1,1,0.0001153465362396,7.286611579883123e-06,3.4785270525048872e-06,False,False,False,False,False,False,False,False,False,False,False,False,False,2,2,False,-0.6999999999999997,True,False,True,9.694419860839844,2187.4148,3,0.0001153465362396,7.286611579883123e-06,1206,1402,True,1000000.0,False,False,False,False,0.47673183839129424,0.06316600530331934,0.03015457264840071
ARVRTRILGAFYPFDP,H4-34,K3-15,True,36,1,1,0.0001153465362396,7.286611579883123e-06,3.4785270525048872e-06,False,False,False,False,True,False,False,False,False,False,False,False,False,2,2,False,0.0437500000000002,True,False,True,10.73751983642578,1879.1682,3,0.0001153465362396,7.286611579883123e-06,1294,1406,True,1000000.0,False,False,False,False,0.47673183839129424,0.06316600530331934,0.03015457264840071
ARAATRYQWARFDY,H3-23_A,K3-20,True,35,1,1,0.0001121424657885,7.286611579883123e-06,3.4785270525048872e-06,False,False,False,False,False,False,False,False,False,False,False,False,False,2,2,False,1.3714285714285717,True,False,True,9.97897186279297,1774.9345999999998,3,0.0001121424657885,7.286611579883123e-06,7,1414,True,1000000.0,False,False,False,False,0.47673183839129424,0.06497058739327588,0.031016055046571896
ARAPVYWYGLAIFDY,H1-69,K1-39,True,35,1,1,0.0001121424657885,7.286611579883123e-06,3.4785270525048872e-06,False,False,False,True,False,False,False,False,False,False,False,False,False,0,0,True,-1.1666666666666663,False,False,False,5.87858085632324,1805.0381,1,0.0001121424657885,7.286611579883123e-06,61,1417,True,1000000.0,False,False,False,False,0.47673183839129424,0.06497058739327588,0.031016055046571896
ARDRAYGRAYQFDY,H3-23_A,K3-20,True,35,1,1,0.0001121424657885,7.286611579883123e-06,3.4785270525048872e-06,False,False,False,False,False,False,False,False,False,False,False,False,False,1,1,False,2.5500000000000003,True,False,False,8.538594055175782,1751.8547999999998,3,0.0001121424657885,7.286611579883123e-06,195,1423,True,1000000.0,False,False,False,False,0.47673183839129424,0.06497058739327588,0.031016055046571896
ARELTGQRSRSPGFDY,H4-34,K1-39,True,35,1,1,0.0001121424657885,7.286611579883123e-06,3.4785270525048872e-06,False,False,False,False,False,False,False,False,False,False,False,False,False,1,1,False,3.1187500000000004,True,False,True,8.788050842285156,1839.9618,3,0.0001121424657885,7.286611579883123e-06,321,1428,True,1000000.0,False,False,False,False,0.47673183839129424,0.06497058739327588,0.031016055046571896
ARETYRVYTYLGRWFDP,H3-23_A,K1-39,True,35,1,1,0.0001121424657885,7.286611579883123e-06,3.4785270525048872e-06,False,False,False,False,True,False,False,False,False,False,False,False,False,1,1,False,0.7588235294117648,True,False,True,8.53866424560547,2193.4179,3,0.0001121424657885,7.286611579883123e-06,337,1430,True,1000000.0,False,False,False,False,0.47673183839129424,0.06497058739327588,0.031016055046571896
ARGIREWKRWYSYAFDP,H3-23_A,K1-39,True,35,1,1,0.0001121424657885,7.286611579883123e-06,3.4785270525048872e-06,False,False,False,False,True,False,False,False,False,False,False,False,False,2,2,False,0.8,True,False,True,9.694419860839844,2201.4433,3,0.0001121424657885,7.286611579883123e-06,420,1438,True,1000000.0,False,False,False,False,0.47673183839129424,0.06497058739327588,0.031016055046571896
ARGLPFGKYWLFDY,H3-23_A,K3-20,True,35,1,1,0.0001121424657885,7.286611579883123e-06,3.4785270525048872e-06,False,False,False,False,False,False,False,False,False,False,False,False,False,1,1,True,-1.0785714285714283,False,False,False,8.54006805419922,1732.9754999999998,1,0.0001121424657885,7.286611579883123e-06,438,1440,True,1000000.0,False,False,False,False,0.47673183839129424,0.06497058739327588,0.031016055046571896
ARGPIGYWILFDY,H4-34,K1-39,True,35,1,1,0.0001121424657885,7.286611579883123e-06,3.4785270525048872e-06,False,False,False,False,False,False,False,False,False,False,False,False,False,0,0,True,-1.4153846153846152,False,False,False,5.87944984436035,1570.7869999999998,1,0.0001121424657885,7.286611579883123e-06,461,1441,True,1000000.0,False,False,False,False,0.47673183839129424,0.06497058739327588,0.031016055046571896
ARGRLRLYGYSFDY,H3-23_A,K3-20,True,35,1,1,0.0001121424657885,7.286611579883123e-06,3.4785270525048872e-06,False,False,False,False,False,False,False,False,False,False,False,False,False,2,2,False,0.6642857142857146,True,False,True,9.694419860839844,1736.9262,3,0.0001121424657885,7.286611579883123e-06,352,1445,True,1000000.0,False,False,False,False,0.47673183839129424,0.06497058739327588,0.031016055046571896
ARGRSFVLWAYALFDY,H1-69,K1-39,True,35,1,1,0.0001121424657885,7.286611579883123e-06,3.4785270525048872e-06,False,False,False,False,False,False,False,False,False,False,False,False,False,1,1,True,-1.0874999999999997,False,False,False,8.632579040527343,1935.1865000000005,2,0.0001121424657885,7.286611579883123e-06,520,1446,True,1000000.0,False,False,False,False,0.47673183839129424,0.06497058739327588,0.031016055046571896
ARGWVRWPRWSYRAFDY,H1-69,K1-39,True,35,1,1,0.0001121424657885,7.286611579883123e-06,3.4785270525048872e-06,False,False,False,False,False,False,False,False,False,False,False,False,True,3,3,False,-0.0823529411764704,True,True,True,10.83466339111328,2272.526,4,0.0001121424657885,7.286611579883123e-06,597,1447,True,1000000.0,False,False,False,False,0.47673183839129424,0.06497058739327588,0.031016055046571896
ARHGRPISVSGSRFDP,H3-23_A,K3-20,True,35,1,1,0.0001121424657885,7.286611579883123e-06,3.4785270525048872e-06,False,False,False,False,True,False,False,False,False,False,False,False,False,2,3,False,2.5625,True,False,True,11.698988342285158,1738.9043,3,0.0001121424657885,7.286611579883123e-06,639,1450,True,1000000.0,False,False,False,False,0.47673183839129424,0.06497058739327588,0.031016055046571896
ARLGRLSTYRFDY,H3-23_A,K3-15,True,35,1,1,0.0001121424657885,7.286611579883123e-06,3.4785270525048872e-06,False,False,False,False,False,False,False,False,False,False,False,False,False,2,2,False,0.8230769230769233,True,False,True,9.97897186279297,1617.8056,3,0.0001121424657885,7.286611579883123e-06,843,1455,True,1000000.0,False,False,False,False,0.47673183839129424,0.06497058739327588,0.031016055046571896
ARLTRSYGRTFDY,H3-23_A,K3-20,True,35,1,1,0.0001121424657885,7.286611579883123e-06,3.4785270525048872e-06,False,False,False,False,False,False,False,False,False,False,False,False,False,2,2,False,1.9307692307692308,True,False,True,9.97897186279297,1605.7519,3,0.0001121424657885,7.286611579883123e-06,929,1457,True,1000000.0,False,False,False,False,0.47673183839129424,0.06497058739327588,0.031016055046571896
ARLYRVPAGARFDY,H3-23_A,K4-1,True,35,1,1,0.0001121424657885,7.286611579883123e-06,3.4785270525048872e-06,False,False,False,False,False,False,False,False,False,False,False,False,False,2,2,False,0.7714285714285716,True,False,True,9.97897186279297,1654.8688,3,0.0001121424657885,7.286611579883123e-06,952,1459,True,1000000.0,False,False,False,False,0.47673183839129424,0.06497058739327588,0.031016055046571896
ARPLGYRARYHPHFDP,H3-23_A,K1-39,True,35,1,1,0.0001121424657885,7.286611579883123e-06,3.4785270525048872e-06,False,False,False,False,True,False,False,False,False,False,False,False,False,2,4,False,1.3000000000000005,True,False,True,9.979112243652343,1953.1689,3,0.0001121424657885,7.286611579883123e-06,985,1460,True,1000000.0,False,False,False,False,0.47673183839129424,0.06497058739327588,0.031016055046571896
ARSYRDAAWRFDY,H3-23_A,K3-15,True,35,1,1,0.0001121424657885,7.286611579883123e-06,3.4785270525048872e-06,False,False,False,False,False,False,False,False,False,False,False,False,False,1,1,False,1.7230769230769232,True,False,False,8.631455993652345,1676.7883,3,0.0001121424657885,7.286611579883123e-06,1153,1465,True,1000000.0,False,False,False,False,0.47673183839129424,0.06497058739327588,0.031016055046571896
ARTRLRSWLYLPYAFDI,H3-23_A,K1-39,True,35,1,1,0.0001121424657885,7.286611579883123e-06,3.4785270525048872e-06,False,False,False,False,False,False,False,False,False,False,False,False,False,2,2,True,-1.0588235294117645,True,False,True,9.97897186279297,2141.4725,3,0.0001121424657885,7.286611579883123e-06,1178,1466,True,1000000.0,False,False,False,False,0.47673183839129424,0.06497058739327588,0.031016055046571896
ARTRVSSYRFYFDY,H3-23_A,K3-15,True,35,1,1,0.0001121424657885,7.286611579883123e-06,3.4785270525048872e-06,False,False,False,True,False,False,False,False,False,False,False,False,False,2,2,False,1.0785714285714287,True,False,True,9.694419860839844,1830.9944,3,0.0001121424657885,7.286611579883123e-06,1181,1467,True,1000000.0,False,False,False,False,0.47673183839129424,0.06497058739327588,0.031016055046571896
ARVYRYLRQDNFDY,H3-23_A,K4-1,True,35,1,1,0.0001121424657885,7.286611579883123e-06,3.4785270525048872e-06,False,False,False,False,False,False,False,False,False,False,False,False,False,1,1,False,1.4214285714285717,True,False,False,8.538594055175782,1879.0389,3,0.0001121424657885,7.286611579883123e-06,1349,1471,True,1000000.0,False,False,False,False,0.47673183839129424,0.06497058739327588,0.031016055046571896
ARYIRVSSYRHIGFDY,H1-69,K1-39,True,35,1,1,0.0001121424657885,7.286611579883123e-06,3.4785270525048872e-06,False,False,False,False,False,False,False,False,False,False,False,False,False,2,3,False,0.6812500000000001,True,False,True,9.694560241699218,2003.2225,3,0.0001121424657885,7.286611579883123e-06,1424,1473,True,1000000.0,False,False,False,False,0.47673183839129424,0.06497058739327588,0.031016055046571896
ARYLPWLGWRSYFDY,H4-34,K3-15,True,35,1,1,0.0001121424657885,7.286611579883123e-06,3.4785270525048872e-06,False,False,False,False,False,False,False,False,False,False,False,False,False,1,1,True,-1.2333333333333332,False,False,False,8.539295959472657,1993.2242,2,0.0001121424657885,7.286611579883123e-06,1435,1474,True,1000000.0,False,False,False,False,0.47673183839129424,0.06497058739327588,0.031016055046571896
ARYRGVHRGFDY,H3-23_A,K3-15,True,35,1,1,0.0001121424657885,7.286611579883123e-06,3.4785270525048872e-06,False,False,False,False,False,False,False,False,False,False,False,False,False,2,3,False,1.7916666666666667,True,False,True,9.979042053222656,1496.6308,3,0.0001121424657885,7.286611579883123e-06,1454,1476,True,1000000.0,False,False,False,False,0.47673183839129424,0.06497058739327588,0.031016055046571896
ARALWAGWLGFDY,H3-23_A,K3-15,True,34,1,1,0.0001089383953374,7.286611579883123e-06,3.4785270525048872e-06,False,False,False,False,False,False,False,False,False,False,False,False,False,0,0,True,-1.3538461538461537,False,False,False,5.880318832397459,1525.7067,1,0.0001089383953374,7.286611579883123e-06,53,1481,True,1000000.0,False,False,False,False,0.47673183839129424,0.0668813116275588,0.031928208228605016
ARAQLVAWDRGRFDY,H3-23_A,K3-20,True,34,1,1,0.0001089383953374,7.286611579883123e-06,3.4785270525048872e-06,False,False,False,False,False,False,False,False,False,False,False,False,False,1,1,False,1.106666666666667,True,False,False,8.787910461425781,1824.0069,3,0.0001089383953374,7.286611579883123e-06,64,1482,True,1000000.0,False,False,False,False,0.47673183839129424,0.0668813116275588,0.031928208228605016
ARAQRYALGRFDY,H3-23_A,K4-1,True,34,1,1,0.0001089383953374,7.286611579883123e-06,3.4785270525048872e-06,False,False,False,False,False,False,False,False,False,False,False,False,False,2,2,False,1.4153846153846157,True,False,True,9.97897186279297,1586.7517999999998,3,0.0001089383953374,7.286611579883123e-06,67,1483,True,1000000.0,False,False,False,False,0.47673183839129424,0.0668813116275588,0.031928208228605016
ARARSRLATYRGYGFDI,H3-23_A,K3-20,True,34,1,1,0.0001089383953374,7.286611579883123e-06,3.4785270525048872e-06,False,False,False,False,False,False,False,False,False,False,False,False,True,3,3,False,1.5294117647058825,True,False,True,10.83466339111328,1973.1984,4,0.0001089383953374,7.286611579883123e-06,75,1485,True,1000000.0,False,False,False,False,0.47673183839129424,0.0668813116275588,0.031928208228605016
ARDRPYRTYSNYRPFDY,H3-23_A,K1-39,True,34,1,1,0.0001089383953374,7.286611579883123e-06,3.4785270525048872e-06,False,False,False,False,False,False,False,False,False,False,False,False,False,2,2,False,2.647058823529412,True,False,True,9.521891784667968,2240.3916,4,0.0001089383953374,7.286611579883123e-06,211,1491,True,1000000.0,False,False,False,False,0.47673183839129424,0.0668813116275588,0.031928208228605016
ARDYTYAWRSRYFDY,H3-23_A,K4-1,True,34,1,1,0.0001089383953374,7.286611579883123e-06,3.4785270525048872e-06,False,False,False,False,False,False,False,False,False,False,False,False,False,1,1,False,1.4466666666666668,True,False,False,8.472053527832031,2033.1607,3,0.0001089383953374,7.286611579883123e-06,291,1493,True,1000000.0,False,False,False,False,0.47673183839129424,0.0668813116275588,0.031928208228605016
AREIRYIWLPYDYFDI,H3-23_A,K3-15,True,34,1,1,0.0001089383953374,7.286611579883123e-06,3.4785270525048872e-06,False,False,False,False,False,False,False,False,False,False,False,False,False,-1,-1,True,-1.10625,False,False,False,4.558281326293945,2133.4023,2,0.0001089383953374,7.286611579883123e-06,312,1496,True,1000000.0,False,False,False,False,0.47673183839129424,0.0668813116275588,0.031928208228605016
ARGRQRAGLAFDY,H5-51,K3-20,True,34,1,1,0.0001089383953374,7.286611579883123e-06,3.4785270525048872e-06,False,False,False,False,False,False,False,False,False,False,False,False,False,2,2,False,2.0000000000000004,True,False,True,10.73751983642578,1480.6299,3,0.0001089383953374,7.286611579883123e-06,519,1506,True,1000000.0,False,False,False,False,0.47673183839129424,0.0668813116275588,0.031928208228605016
ARGRYRYNKPFDY,H5-51,K3-20,True,34,1,1,0.0001089383953374,7.286611579883123e-06,3.4785270525048872e-06,False,False,False,False,False,False,False,False,False,False,False,False,True,3,3,False,2.330769230769231,True,False,True,9.989149475097657,1705.8725,3,0.0001089383953374,7.286611579883123e-06,539,1508,True,1000000.0,False,False,False,False,0.47673183839129424,0.0668813116275588,0.031928208228605016
ARHPYIYRYAGYRFDY,H1-69,K1-39,True,34,1,1,0.0001089383953374,7.286611579883123e-06,3.4785270525048872e-06,False,False,False,False,False,False,False,False,False,False,False,False,False,2,3,False,0.6250000000000001,True,False,True,9.40228729248047,2111.3188,3,0.0001089383953374,7.286611579883123e-06,681,1512,True,1000000.0,False,False,False,False,0.47673183839129424,0.0668813116275588,0.031928208228605016
ARIHRDYSGRYTNWFDP,H4-34,K3-20,True,34,1,1,0.0001089383953374,7.286611579883123e-06,3.4785270525048872e-06,False,False,False,False,True,False,False,False,False,False,False,False,False,1,2,False,1.9000000000000004,True,False,False,8.637562561035157,2154.3024,3,0.0001089383953374,7.286611579883123e-06,762,1515,True,1000000.0,False,False,False,False,0.47673183839129424,0.0668813116275588,0.031928208228605016
ARPRYRDYGVWGYPFDP,H3-23_A,K3-15,True,34,1,1,0.0001089383953374,7.286611579883123e-06,3.4785270525048872e-06,False,False,False,False,True,False,False,False,False,False,False,False,False,1,1,False,1.4,True,False,False,8.538594055175782,2115.3076,3,0.0001089383953374,7.286611579883123e-06,1014,1527,True,1000000.0,False,False,False,False,0.47673183839129424,0.0668813116275588,0.031928208228605016
ARSTHRFNKPRFDY,H5-51,K3-15,True,34,1,1,0.0001089383953374,7.286611579883123e-06,3.4785270525048872e-06,False,False,False,False,False,False,False,False,False,False,False,False,True,3,4,False,2.357142857142857,True,False,True,10.903660583496094,1794.9690999999998,3,0.0001089383953374,7.286611579883123e-06,1136,1533,True,1000000.0,False,False,False,False,0.47673183839129424,0.0668813116275588,0.031928208228605016
ARTTARGRLFDY,H5-51,K3-20,True,34,1,1,0.0001089383953374,7.286611579883123e-06,3.4785270525048872e-06,False,False,False,False,False,False,False,False,False,False,False,False,False,2,2,False,1.8833333333333333,True,False,True,10.73751983642578,1426.5793,3,0.0001089383953374,7.286611579883123e-06,1189,1534,True,1000000.0,False,False,False,False,0.47673183839129424,0.0668813116275588,0.031928208228605016
ARVRVYSRYDFYFDI,H3-23_A,K3-20,True,34,1,1,0.0001089383953374,7.286611579883123e-06,3.4785270525048872e-06,False,False,False,True,False,False,False,False,False,False,False,False,False,1,1,False,0.1133333333333334,True,False,False,8.538594055175782,1970.1892000000005,3,0.0001089383953374,7.286611579883123e-06,1299,1539,True,1000000.0,False,False,False,False,0.47673183839129424,0.0668813116275588,0.031928208228605016
ARVRWVSFYALFDY,H3-23_A,K3-15,True,34,1,1,0.0001089383953374,7.286611579883123e-06,3.4785270525048872e-06,False,False,False,False,False,False,False,False,False,False,False,False,False,1,1,True,-1.4071428571428568,False,False,False,8.632579040527343,1793.0306999999998,2,0.0001089383953374,7.286611579883123e-06,1301,1540,True,1000000.0,False,False,False,False,0.47673183839129424,0.0668813116275588,0.031928208228605016
ARVWTGREYKHRFDP,H3-23_A,K3-15,True,34,1,1,0.0001089383953374,7.286611579883123e-06,3.4785270525048872e-06,False,False,False,False,True,False,False,False,False,False,False,False,False,2,3,False,1.9,True,False,True,9.979042053222656,1918.1216,3,0.0001089383953374,7.286611579883123e-06,1338,1545,True,1000000.0,False,False,False,False,0.47673183839129424,0.0668813116275588,0.031928208228605016
ARWPLWYVYSAFDY,H3-23_A,K3-20,True,34,1,1,0.0001089383953374,7.286611579883123e-06,3.4785270525048872e-06,False,False,False,False,False,False,False,False,False,False,False,False,False,0,0,True,-1.4857142857142855,False,False,False,5.87858085632324,1837.0385,1,0.0001089383953374,7.286611579883123e-06,1376,1546,True,1000000.0,False,False,False,False,0.47673183839129424,0.0668813116275588,0.031928208228605016
ARASRSYSWSRLFDY,H4-34,K3-20,True,33,1,1,0.0001057343248863,7.286611579883123e-06,3.4785270525048872e-06,False,False,False,False,False,False,False,False,False,False,False,False,False,2,2,False,1.3733333333333335,True,False,True,9.97897186279297,1865.0125000000005,3,0.0001057343248863,7.286611579883123e-06,89,1553,True,1000000.0,False,False,False,False,0.47673183839129424,0.06890782637950493,0.032895638193776555
ARDRRYAYRFGFDY,H3-23_A,K3-20,True,33,1,1,0.0001057343248863,7.286611579883123e-06,3.4785270525048872e-06,False,False,False,False,False,True,True,False,False,False,False,False,False,2,2,False,1.6142857142857143,True,False,True,9.691331481933592,1856.0072,4,0.0001057343248863,7.286611579883123e-06,216,1560,True,1000000.0,False,False,False,False,0.47673183839129424,0.06890782637950493,0.032895638193776555
ARGIPYSVSPRLRWFDP,H3-23_A,K3-20,True,33,1,1,0.0001057343248863,7.286611579883123e-06,3.4785270525048872e-06,False,False,False,False,True,False,False,False,False,False,False,False,False,2,2,False,0.4529411764705884,True,False,True,10.73751983642578,2017.2923,3,0.0001057343248863,7.286611579883123e-06,418,1569,True,1000000.0,False,False,False,False,0.47673183839129424,0.06890782637950493,0.032895638193776555
ARGRPTFRGWYSWAFDI,H3-23_A,K3-15,True,33,1,1,0.0001057343248863,7.286611579883123e-06,3.4785270525048872e-06,False,False,False,False,False,False,False,False,False,False,False,False,False,2,2,False,0.2176470588235295,True,False,True,10.73751983642578,2086.3128,3,0.0001057343248863,7.286611579883123e-06,518,1572,True,1000000.0,False,False,False,False,0.47673183839129424,0.06890782637950493,0.032895638193776555
ARGSRLYPRFDY,H3-23_A,K4-1,True,33,1,1,0.0001057343248863,7.286611579883123e-06,3.4785270525048872e-06,False,False,False,False,False,False,False,False,False,False,False,False,False,2,2,False,1.4000000000000004,True,False,True,9.97897186279297,1500.6593,3,0.0001057343248863,7.286611579883123e-06,557,1573,True,1000000.0,False,False,False,False,0.47673183839129424,0.06890782637950493,0.032895638193776555
ARGYGRSFRSGRFDY,H3-23_A,K3-20,True,33,1,1,0.0001057343248863,7.286611579883123e-06,3.4785270525048872e-06,False,False,False,False,False,False,False,False,False,False,False,False,True,3,3,False,2.4533333333333336,True,False,True,10.83466339111328,1794.9259000000002,4,0.0001057343248863,7.286611579883123e-06,605,1574,True,1000000.0,False,False,False,False,0.47673183839129424,0.06890782637950493,0.032895638193776555
ARGYLYNYSGFDY,H3-23_A,K3-20,True,33,1,1,0.0001057343248863,7.286611579883123e-06,3.4785270525048872e-06,True,False,False,False,False,False,False,False,False,False,False,False,False,0,0,False,1.1692307692307695,False,False,False,5.877711868286132,1588.673,1,0.0001057343248863,7.286611579883123e-06,609,1575,True,1000000.0,False,False,False,False,0.47673183839129424,0.06890782637950493,0.032895638193776555
ARHLRFGSSHRFDY,H1-69,K3-20,True,33,1,1,0.0001057343248863,7.286611579883123e-06,3.4785270525048872e-06,False,False,False,False,False,False,False,False,False,False,False,False,False,2,4,False,1.292857142857143,True,False,True,10.73751983642578,1748.9006,3,0.0001057343248863,7.286611579883123e-06,663,1579,True,1000000.0,False,False,False,False,0.47673183839129424,0.06890782637950493,0.032895638193776555
ARHYRARSRGLFDY,H4-34,K3-20,True,33,1,1,0.0001057343248863,7.286611579883123e-06,3.4785270525048872e-06,False,False,False,False,False,False,False,False,False,False,False,False,True,3,4,False,1.65,True,False,True,10.83466339111328,1767.947,4,0.0001057343248863,7.286611579883123e-06,741,1581,True,1000000.0,False,False,False,False,0.47673183839129424,0.06890782637950493,0.032895638193776555
ARIYSTYRWRYVAFDY,H3-23_A,K3-15,True,33,1,1,0.0001057343248863,7.286611579883123e-06,3.4785270525048872e-06,False,False,False,False,False,False,False,False,False,False,False,False,False,2,2,False,1.1102230246251563e-16,True,False,True,9.52378692626953,2130.3619,3,0.0001057343248863,7.286611579883123e-06,795,1582,True,1000000.0,False,False,False,False,0.47673183839129424,0.06890782637950493,0.032895638193776555
ARLRSYRTRFAFDY,H3-23_A,K3-15,True,33,1,1,0.0001057343248863,7.286611579883123e-06,3.4785270525048872e-06,False,False,False,False,False,False,False,False,False,False,False,False,True,3,3,False,0.8071428571428575,True,False,True,10.83466339111328,1822.0341,4,0.0001057343248863,7.286611579883123e-06,900,1586,True,1000000.0,False,False,False,False,0.47673183839129424,0.06890782637950493,0.032895638193776555
ARLYRIYSSARSAFDY,H4-34,K4-1,True,33,1,1,0.0001057343248863,7.286611579883123e-06,3.4785270525048872e-06,False,False,False,False,False,False,False,False,False,False,False,False,False,2,2,False,1.0187500000000005,True,False,True,9.694419860839844,1939.134,3,0.0001057343248863,7.286611579883123e-06,950,1589,True,1000000.0,False,False,False,False,0.47673183839129424,0.06890782637950493,0.032895638193776555
ARPRYLAGYRPFDY,H3-23_A,K3-15,True,33,1,1,0.0001057343248863,7.286611579883123e-06,3.4785270525048872e-06,False,False,False,False,False,False,False,False,False,False,False,False,False,2,2,False,0.9000000000000002,True,False,True,9.694419860839844,1744.9482999999998,3,0.0001057343248863,7.286611579883123e-06,1013,1590,True,1000000.0,False,False,False,False,0.47673183839129424,0.06890782637950493,0.032895638193776555
ARQRGWLRYTRPFDI,H3-23_A,K3-20,True,33,1,1,0.0001057343248863,7.286611579883123e-06,3.4785270525048872e-06,False,False,False,False,False,False,False,False,False,False,False,False,True,3,3,False,0.6400000000000002,True,False,True,11.539094543457033,1935.1951,4,0.0001057343248863,7.286611579883123e-06,1062,1594,True,1000000.0,False,False,False,False,0.47673183839129424,0.06890782637950493,0.032895638193776555
ARTRHYRWTLFDY,H1-69,K3-20,True,33,1,1,0.0001057343248863,7.286611579883123e-06,3.4785270525048872e-06,False,False,False,False,False,False,False,False,False,False,False,False,False,2,3,False,0.3846153846153848,True,False,True,9.979042053222656,1784.9725,3,0.0001057343248863,7.286611579883123e-06,1175,1597,True,1000000.0,False,False,False,False,0.47673183839129424,0.06890782637950493,0.032895638193776555
ARTRKRWYGYGYSWFDP,H4-34,K3-20,True,33,1,1,0.0001057343248863,7.286611579883123e-06,3.4785270525048872e-06,False,False,False,False,True,False,False,False,False,False,False,False,True,3,3,False,1.2176470588235295,True,False,True,9.989149475097657,2209.4222,3,0.0001057343248863,7.286611579883123e-06,1177,1598,True,1000000.0,False,False,False,False,0.47673183839129424,0.06890782637950493,0.032895638193776555
ARTWRGLGRNRFDY,H4-34,K4-1,True,33,1,1,0.0001057343248863,7.286611579883123e-06,3.4785270525048872e-06,False,False,False,False,False,False,False,False,False,False,False,False,True,3,3,False,1.585714285714286,True,False,True,11.539094543457033,1767.947,4,0.0001057343248863,7.286611579883123e-06,1199,1599,True,1000000.0,False,False,False,False,0.47673183839129424,0.06890782637950493,0.032895638193776555
ARVRLWRAWYSEYFDY,H3-23_A,K4-1,True,33,1,1,0.0001057343248863,7.286611579883123e-06,3.4785270525048872e-06,False,False,False,False,False,False,False,False,False,False,False,False,False,1,1,False,-0.4187499999999998,True,False,True,8.53866424560547,2181.4087,3,0.0001057343248863,7.286611579883123e-06,1282,1604,True,1000000.0,False,False,False,False,0.47673183839129424,0.06890782637950493,0.032895638193776555
ARVWLDLWYGFDY,H3-23_A,K3-15,True,33,1,1,0.0001057343248863,7.286611579883123e-06,3.4785270525048872e-06,False,False,False,False,False,False,False,False,False,False,False,False,False,-1,-1,True,-1.7769230769230768,False,False,False,4.207874679565429,1703.8911999999998,1,0.0001057343248863,7.286611579883123e-06,1335,1605,True,1000000.0,False,False,False,False,0.47673183839129424,0.06890782637950493,0.032895638193776555
ARWITLWTRYFDY,H3-23_A,K1-39,True,33,1,1,0.0001057343248863,7.286611579883123e-06,3.4785270525048872e-06,False,False,False,False,False,False,False,False,False,False,False,False,False,1,1,True,-1.4846153846153844,False,False,False,8.632579040527343,1791.015,2,0.0001057343248863,7.286611579883123e-06,1366,1606,True,1000000.0,False,False,False,False,0.47673183839129424,0.06890782637950493,0.032895638193776555
ARYRVAAYGSVRFDP,H4-34,K3-20,True,33,1,1,0.0001057343248863,7.286611579883123e-06,3.4785270525048872e-06,False,False,False,False,True,False,False,False,False,False,False,False,False,2,2,False,1.52,True,False,True,9.97897186279297,1727.9195,3,0.0001057343248863,7.286611579883123e-06,1468,1609,True,1000000.0,False,False,False,False,0.47673183839129424,0.06890782637950493,0.032895638193776555
ARAKLIRSVWYLLFDY,H5-51,K3-20,True,32,1,1,0.0001025302544352,7.286611579883123e-06,3.4785270525048872e-06,False,False,False,False,False,False,False,False,False,False,False,False,False,2,2,True,-1.7187499999999998,False,False,False,9.69757843017578,2014.371,2,0.0001025302544352,7.286611579883123e-06,43,1612,True,1000000.0,False,False,False,False,0.47673183839129424,0.07106098595150137,0.033923526635123886
ARDARWPRLDY,H3-23_A,K3-15,True,32,1,1,0.0001025302544352,7.286611579883123e-06,3.4785270525048872e-06,False,False,False,False,False,False,False,False,False,False,False,False,False,1,1,False,1.6181818181818182,True,False,False,8.787910461425781,1418.5589,3,0.0001025302544352,7.286611579883123e-06,131,1619,True,1000000.0,False,False,False,False,0.47673183839129424,0.07106098595150137,0.033923526635123886
ARDLILSSRYARHFDY,H3-23_A,K3-15,True,32,1,1,0.0001025302544352,7.286611579883123e-06,3.4785270525048872e-06,False,False,False,False,False,False,False,False,False,False,False,False,False,1,2,False,0.7812500000000002,True,False,False,8.637562561035157,1983.1899,3,0.0001025302544352,7.286611579883123e-06,163,1621,True,1000000.0,False,False,False,False,0.47673183839129424,0.07106098595150137,0.033923526635123886
ARFHRYWYQRGFDY,H3-23_A,K1-39,True,32,1,1,0.0001025302544352,7.286611579883123e-06,3.4785270525048872e-06,False,False,False,True,False,False,False,False,False,False,False,False,False,2,3,False,0.3142857142857144,True,False,True,9.694560241699218,1965.1346,3,0.0001025302544352,7.286611579883123e-06,355,1626,True,1000000.0,False,False,False,False,0.47673183839129424,0.07106098595150137,0.033923526635123886
ARHESRSARYFDY,H5-51,K3-20,True,32,1,1,0.0001025302544352,7.286611579883123e-06,3.4785270525048872e-06,False,False,False,False,False,False,False,False,False,False,False,False,False,1,2,False,2.8230769230769237,True,False,True,8.637702941894531,1657.7437,3,0.0001025302544352,7.286611579883123e-06,630,1636,True,1000000.0,False,False,False,False,0.47673183839129424,0.07106098595150137,0.033923526635123886
ARLGQRFYGAGRYGFDP,H3-23_A,K4-1,True,32,1,1,0.0001025302544352,7.286611579883123e-06,3.4785270525048872e-06,False,False,False,False,True,False,False,False,False,False,False,False,False,2,2,False,1.547058823529412,True,False,True,9.97897186279297,1931.1168,3,0.0001025302544352,7.286611579883123e-06,839,1643,True,1000000.0,False,False,False,False,0.47673183839129424,0.07106098595150137,0.033923526635123886
ARLHGLWLRNFDY,H3-23_A,K1-39,True,32,1,1,0.0001025302544352,7.286611579883123e-06,3.4785270525048872e-06,False,False,False,False,False,False,False,False,False,False,False,False,False,1,2,True,-1.0307692307692304,False,False,False,8.796192932128907,1660.8748999999998,2,0.0001025302544352,7.286611579883123e-06,851,1644,True,1000000.0,False,False,False,False,0.47673183839129424,0.07106098595150137,0.033923526635123886
ARLRHRFLVPHYAFDP,H3-23_A,K3-15,True,32,1,1,0.0001025302544352,7.286611579883123e-06,3.4785270525048872e-06,False,False,False,False,True,False,False,False,False,False,False,False,False,2,4,False,-0.4499999999999997,True,False,True,10.73751983642578,1995.2916,3,0.0001025302544352,7.286611579883123e-06,890,1647,True,1000000.0,False,False,False,False,0.47673183839129424,0.07106098595150137,0.033923526635123886
ARLRYHRPGWLFDY,H1-69,K1-39,True,32,1,1,0.0001025302544352,7.286611579883123e-06,3.4785270525048872e-06,False,False,False,False,False,False,False,False,False,False,False,False,False,2,3,False,-0.4857142857142855,True,False,True,9.979042053222656,1850.0888,3,0.0001025302544352,7.286611579883123e-06,910,1649,True,1000000.0,False,False,False,False,0.47673183839129424,0.07106098595150137,0.033923526635123886
ARLSRVLRSYVFDY,H5-51,K3-20,True,32,1,1,0.0001025302544352,7.286611579883123e-06,3.4785270525048872e-06,False,False,False,False,False,False,False,False,False,False,False,False,False,2,2,False,-0.0785714285714283,True,False,True,9.97897186279297,1744.9897,3,0.0001025302544352,7.286611579883123e-06,918,1650,True,1000000.0,False,False,False,False,0.47673183839129424,0.07106098595150137,0.033923526635123886
ARQAPRWRSAHFDY,H3-23_A,K4-1,True,32,1,1,0.0001025302544352,7.286611579883123e-06,3.4785270525048872e-06,False,False,False,False,False,False,False,False,False,False,False,False,False,2,3,False,1.75,True,False,True,10.73751983642578,1760.9114,3,0.0001025302544352,7.286611579883123e-06,1037,1658,True,1000000.0,False,False,False,False,0.47673183839129424,0.07106098595150137,0.033923526635123886
ARQSGRSTGRDAFDY,H5-51,K3-15,True,32,1,1,0.0001025302544352,7.286611579883123e-06,3.4785270525048872e-06,False,False,False,False,False,False,False,False,False,False,False,False,False,1,1,False,4.086666666666667,True,False,False,8.787910461425781,1686.7403,3,0.0001025302544352,7.286611579883123e-06,1068,1662,True,1000000.0,False,False,False,False,0.47673183839129424,0.07106098595150137,0.033923526635123886
ARSSGRSYRAYFDY,H5-51,K3-15,True,32,1,1,0.0001025302544352,7.286611579883123e-06,3.4785270525048872e-06,False,False,False,False,False,False,False,False,False,False,False,False,False,2,2,False,2.65,True,False,True,9.694419860839844,1698.7922,3,0.0001025302544352,7.286611579883123e-06,1129,1666,True,1000000.0,False,False,False,False,0.47673183839129424,0.07106098595150137,0.033923526635123886
ARVRPQYRWGAYDYFDY,H3-23_A,K1-39,True,32,1,1,0.0001025302544352,7.286611579883123e-06,3.4785270525048872e-06,False,False,False,False,False,False,False,False,False,False,False,False,False,1,1,False,1.1823529411764706,True,False,False,8.472053527832031,2226.4062,3,0.0001025302544352,7.286611579883123e-06,1285,1672,True,1000000.0,False,False,False,False,0.47673183839129424,0.07106098595150137,0.033923526635123886
ARVRQWFGLWYFDY,H3-23_A,K3-15,True,32,1,1,0.0001025302544352,7.286611579883123e-06,3.4785270525048872e-06,False,False,False,True,False,False,False,False,False,False,False,False,False,1,1,True,-1.6357142857142857,False,False,False,8.632579040527343,1907.1349,2,0.0001025302544352,7.286611579883123e-06,1290,1673,True,1000000.0,False,False,False,False,0.47673183839129424,0.07106098595150137,0.033923526635123886
ARWGRSRNAFDY,H5-51,UNK,True,32,1,1,0.0001025302544352,7.286611579883123e-06,3.4785270525048872e-06,False,False,False,False,False,False,False,False,False,False,False,False,False,2,2,False,2.075,True,False,True,10.73751983642578,1498.6037,3,0.0001025302544352,7.286611579883123e-06,1363,1679,True,1000000.0,False,False,False,False,0.47673183839129424,0.07106098595150137,0.033923526635123886
ARYKRGRYYSFDY,H3-23_A,K3-15,True,32,1,1,0.0001025302544352,7.286611579883123e-06,3.4785270525048872e-06,False,False,False,False,False,False,False,False,False,False,False,False,True,3,3,False,1.984615384615385,True,False,True,9.81893768310547,1744.9052,3,0.0001025302544352,7.286611579883123e-06,1426,1686,True,1000000.0,False,False,False,False,0.47673183839129424,0.07106098595150137,0.033923526635123886
ARYRSTSGVRPYGFDY,H3-23_A,K3-15,True,32,1,1,0.0001025302544352,7.286611579883123e-06,3.4785270525048872e-06,False,False,False,False,False,False,False,False,False,False,False,False,False,2,2,False,2.3625000000000003,True,False,True,9.694419860839844,1895.0384,3,0.0001025302544352,7.286611579883123e-06,1466,1688,True,1000000.0,False,False,False,False,0.47673183839129424,0.07106098595150137,0.033923526635123886
