cdr3_aa,vh_scaffold,vl_scaffold,cdr3_functional,count hCNTN2_33-1003__Block163__Round3__M_P__100nM_Block163.csv,count hCNTN2_33-1003__Block163__Round4__F_P__20nM_Block163.csv,count hCNTN2_33-1003__Block163__Round5__F_P__4nM_Block163.csv,freq hCNTN2_33-1003__Block163__Round3__M_P__100nM_Block163.csv,freq hCNTN2_33-1003__Block163__Round4__F_P__20nM_Block163.csv,freq hCNTN2_33-1003__Block163__Round5__F_P__4nM_Block163.csv,l_glyco,l_asp_isomer,l_asn_deamid,l_aromatic,l_frag,l_poly,l_RR,l_WW,l_VV,l_neg_patch,l_cys,l_neg_charge,l_pos_charge,l_charge_value,l_charge_value2,l_hydrophobic,l_hydrophobic_value,l_arg,l_trp,l_rmd,l_isoelectricpoint,l_molecular_weight,l_arg_value,max_freq,max_freq_20_4,greedy_cluster_85,rank,critical,rank_adjusted,cdr3_repeat,vh_repeat,ab_repeat,LEAD,ratio_4nM_20nM,ratio_20nM_100nM,ratio_4nM_100nM
ARGALQYWDEEFDY,H1-69,K1-39,True,6170,40781,92021,0.0283875242122116,0.1344057847780447,0.2969041895881394,False,False,False,False,False,False,False,False,False,True,False,False,False,-3,-3,False,1.6785714285714286,False,False,False,4.050025558471679,1762.8277999999998,1,0.2969041895881394,0.2969041895881394,203,1,False,1.0,True,True,True,True,2.209013309868385,4.734676276329303,10.458963690492665
ARFEDSADEGFDY,H3-23_A,K3-20,True,3369,30550,67148,0.0155004163810277,0.1006865139395617,0.2166518786197105,False,True,False,False,False,False,False,False,False,True,False,False,False,-4,-4,False,3.5307692307692307,False,False,False,4.050025558471679,1521.4964,1,0.2166518786197105,0.2166518786197105,166,2,False,2.0,True,True,True,True,2.151746531142126,6.495725437772508,13.977156066164044
ARGIKWAQWAPFDY,H1-69,K3-15,True,1507,6825,12980,0.0069335492686876,0.0224937956673488,0.0418797489796247,False,False,False,False,False,False,False,False,False,False,False,False,False,1,1,False,0.0642857142857144,False,False,False,8.63377227783203,1708.9145,1,0.0418797489796247,0.0418797489796247,226,3,False,3.0,True,True,True,True,1.8618347468172465,3.2441917340971225,6.040151581130393
ARARGWASWSPFDY,H1-69,K3-15,True,448,3779,11509,0.0020612011097359,0.0124548064215254,0.0371335925274654,False,False,False,False,False,False,False,False,False,False,False,False,False,1,1,False,1.0285714285714287,False,False,False,8.79022674560547,1669.7957,2,0.0371335925274654,0.0371335925274654,56,4,False,4.0,True,True,True,True,2.981464460872196,6.04247006174987,18.015424209615905
ARAKAWATWAPFDY,H1-69,K3-15,True,711,4249,11384,0.0032712365826389,0.0140038297129033,0.0367302821559359,False,False,False,False,False,False,False,False,False,False,False,False,False,1,1,False,0.4714285714285715,False,False,False,8.63377227783203,1653.8361,1,0.0367302821559359,0.0367302821559359,41,5,False,5.0,True,True,True,True,2.6228722199735115,4.280884781729439,11.228221788864888
ARGSITDPGWPFDY,H4-34,K3-15,True,1217,4671,8629,0.0055992896217603,0.0153946548809064,0.0278413215674254,False,False,False,False,True,False,False,False,False,False,False,False,False,-1,-1,False,1.75,False,False,False,4.207874679565429,1581.6824,1,0.0278413215674254,0.0278413215674254,256,6,False,6.0,True,True,True,True,1.8085045554941739,2.7493893738207658,4.972286437258503
ARFLPDVTGNEFDY,H3-23_A,K1-39,True,987,6914,6650,0.004541083694887,0.0227871213544396,0.0214561117653701,False,False,False,False,False,False,False,False,False,True,False,False,False,-2,-2,False,1.492857142857143,False,False,False,4.050025558471679,1643.7501,1,0.0227871213544396,0.0227871213544396,178,7,False,7.0,True,True,True,True,0.9415889798339984,5.017980884229836,4.724877575093506
ARSYVWGEEFDY,H4-34,K1-39,True,1166,7766,5470,0.0053646439597145,0.0255951380443416,0.0176488618581315,False,False,False,False,False,False,False,False,False,True,False,False,False,-2,-2,False,1.4500000000000002,False,False,False,4.137435531616211,1521.584,1,0.0255951380443416,0.0255951380443416,440,8,False,8.0,True,True,True,True,0.6895393543946775,4.771069716061191,3.289841617122822
ARFSDRGSYAYGSDFDP,H3-23_A,K1-39,True,582,4501,3621,0.002677721084523,0.0148343698606208,0.0116830948424669,False,False,False,False,True,False,False,False,False,True,False,False,False,-1,-1,False,3.141176470588236,False,False,False,4.429057693481445,1910.9484,2,0.0148343698606208,0.0148343698606208,186,9,False,9.0,True,True,True,True,0.7875688065316926,5.539902773046135,4.363057556449168
ARTEVEYWPGETFDY,H1-69,K1-39,True,895,4203,3460,0.0041178013241376,0.0138522231780025,0.0111636310839369,False,False,False,False,False,False,False,False,False,True,False,False,False,-3,-3,False,2.08,False,False,False,4.050025558471679,1862.9437000000005,1,0.0138522231780025,0.0138522231780025,442,10,False,10.0,True,True,True,True,0.8059084005072099,3.363977144072669,2.711059396650456
ARGYAWASWAPFDY,H1-69,K3-15,True,337,1935,3232,0.0015505017276361,0.006377361848545,0.0104279929662671,False,False,False,False,False,False,False,False,False,False,False,False,False,0,0,False,0.2785714285714287,False,False,False,5.87944984436035,1660.7838,1,0.0104279929662671,0.0104279929662671,56,11,False,11.0,True,True,True,True,1.6351552354041032,4.113069082210609,6.725516989262345
ARAEDWGSWSPFDY,H1-69,K3-15,True,764,4759,2853,0.0035150840353532,0.0156846847737602,0.0092051559197896,False,False,False,False,False,False,False,False,False,True,False,False,False,-2,-2,False,1.85,False,False,False,4.050025558471679,1686.7334999999998,1,0.0156846847737602,0.0156846847737602,9,12,False,12.0,True,True,True,True,0.5868877942839804,4.4620953567702175,2.618750971441553
ARFEDSADEGFDY,UNK,K3-20,True,138,1353,2816,0.000634923556124,0.004459209602626,0.0090857760498168,False,True,False,False,False,False,False,False,False,True,False,False,False,-4,-4,False,3.5307692307692307,False,False,False,4.050025558471679,1521.4964,1,0.0090857760498168,0.0090857760498168,166,13,False,13.0,True,False,False,False,2.037526038068692,7.023112197514938,14.309806061096548
ARAGDWGAWSPFDY,H1-69,K3-15,True,530,3857,2603,0.0024384745271429,0.0127118783720094,0.0083985351767306,False,False,False,False,False,False,False,False,False,False,False,False,False,-1,-1,False,1.385714285714286,False,False,False,4.207874679565429,1598.6714,1,0.0127118783720094,0.0127118783720094,9,14,False,14.0,False,False,False,True,0.6606835216727931,5.213024003438534,3.4441617665587216
ARDPYGVFGDPYHRFDY,H1-69,K1-39,True,139,676,2588,0.0006395244514582,0.0022279569041945,0.008350137932147,False,False,False,False,True,False,False,False,False,False,False,False,False,-1,0,False,1.7882352941176471,False,False,False,5.2989147186279295,2075.1973,2,0.008350137932147,0.008350137932147,109,15,False,15.0,True,True,True,True,3.7478734160846576,3.483716786663399,13.056588137054828
ARGALQYWDEEFDY,UNK,K1-39,True,151,1169,2464,0.000694735195469,0.0038527834630228,0.0079500540435897,False,False,False,False,False,False,False,False,False,True,False,False,False,-3,-3,False,1.6785714285714286,False,False,False,4.050025558471679,1762.8277999999998,1,0.0079500540435897,0.0079500540435897,203,16,False,16.0,True,False,False,False,2.0634519134987053,5.54560648731354,11.443122018602626
ARDANWAAWEKFDY,H1-69,K3-15,True,881,2023,2307,0.0040533887894584,0.0066673917413988,0.0074434962169487,False,False,False,False,False,False,False,False,False,False,False,False,False,-1,-1,False,1.5714285714285714,False,False,False,4.558281326293945,1742.8430999999998,1,0.0074434962169487,0.0074434962169487,86,17,False,17.0,False,False,False,True,1.116401336780267,1.6448891628276405,1.8363592144712886
ARSEEAIAWRGYNAFDP,H1-69,K1-39,True,168,933,2161,0.0007729504161509,0.0030749760230969,0.0069724297030022,False,False,False,False,True,False,False,False,False,True,False,False,False,-1,-1,False,2.0352941176470587,False,False,False,4.6793262481689455,1953.0746,2,0.0069724297030022,0.0069724297030022,378,18,False,18.0,True,True,True,True,2.267467120380626,3.978180458980441,9.02042272452024
AREGHSVRWGYANYFDY,H3-23_A,K4-1,True,131,1029,2080,0.0006027172887843,0.0033913722698464,0.0067110845822511,False,False,False,False,False,False,False,False,False,False,False,False,False,0,1,False,1.6941176470588235,False,False,False,6.794238662719727,2091.2,2,0.0067110845822511,0.0067110845822511,136,19,False,19.0,True,True,True,True,1.97886408793281,5.626711006708843,11.134529176184053
AREEIPRSPFTGTFDY,H4-34,K1-39,True,2390,6665,1600,0.0109961398488145,0.021966468589433,0.0051623727555777,False,False,False,False,False,False,False,False,False,True,False,False,False,-1,-1,False,2.1625,False,False,False,4.6793262481689455,1886.0252,2,0.021966468589433,0.021966468589433,130,20,False,20.0,False,False,False,True,0.23501139404570134,1.997650895217767,0.46947093542329804
ARAGIPASYDADFDI,H1-69,K1-39,True,377,1312,1591,0.0017345375410054,0.0043240820389101,0.0051333344088276,False,False,False,False,False,False,False,False,False,True,False,False,False,-2,-2,False,1.9866666666666668,False,False,False,4.050025558471679,1581.6808,1,0.0051333344088276,0.0051333344088276,15,21,False,21.0,True,True,True,True,1.1871473508509018,2.492916415772451,2.9594659630096696
ARGALQYWDEEFDY,H3-23_A,K1-39,True,201,980,1444,0.0009247799621806,0.0032298783522347,0.0046590414119089,False,False,False,False,False,False,False,False,False,True,False,False,False,-3,-3,False,1.6785714285714286,False,False,False,4.050025558471679,1762.8277999999998,1,0.0046590414119089,0.0046590414119089,203,22,False,22.0,True,False,False,False,1.4424775421990657,3.492553427611647,5.03794548215376
ARFEDSADEGFDY,H3-23_A,K1-39,True,82,776,1417,0.000377273417407,0.0025575363278919,0.0045719263716585,False,True,False,False,False,False,False,False,False,True,False,False,False,-4,-4,False,3.5307692307692307,False,False,False,4.050025558471679,1521.4964,1,0.0045719263716585,0.0045719263716585,166,23,False,23.0,True,True,False,False,1.7876221133507233,6.778819873583048,12.118015689850655
ARGALQYWDEEFDY,H1-69,K3-15,True,54,568,1404,0.0002484483480485,0.0018720111266013,0.0045299820930195,False,False,False,False,False,False,False,False,False,True,False,False,False,-3,-3,False,1.6785714285714286,False,False,False,4.050025558471679,1762.8277999999998,1,0.0045299820930195,0.0045299820930195,203,24,False,24.0,True,True,False,False,2.419834919942273,7.534506855192793,18.232360186727277
ARATGSRAGNAFDY,H3-23_A,K4-1,True,365,1092,1244,0.0016793267969946,0.0035990073067758,0.0040137448174617,False,False,False,False,False,False,False,False,False,False,False,False,False,1,1,False,3.271428571428572,False,False,False,8.79022674560547,1456.5190999999998,2,0.0040137448174617,0.0040137448174617,20,25,False,25.0,True,True,True,True,1.1152335416406864,2.1431122769516575,2.390077335674916
ARFEDSADEGFDY,H3-23_A,UNK,True,74,557,1240,0.0003404662547331,0.0018357573899946,0.0040008388855727,False,True,False,False,False,False,False,False,False,True,False,False,False,-4,-4,False,3.5307692307692307,False,False,False,4.050025558471679,1521.4964,1,0.0040008388855727,0.0040008388855727,166,26,False,26.0,True,True,False,False,2.1793822612702956,5.391733974028978,11.750713390303725
ARFEDSADEGFDY,H1-69,K3-20,True,190,901,1159,0.000874170113504,0.0029695106075137,0.0037394937648216,False,True,False,False,False,False,False,False,False,True,False,False,False,-4,-4,False,3.5307692307692307,False,False,False,4.050025558471679,1521.4964,1,0.0037394937648216,0.0037394937648216,166,27,False,27.0,True,False,False,False,1.2592920740673283,3.3969093572844264,4.277715435360895
ARDNAAISWSGYSAFDP,H1-69,K1-39,True,354,955,1114,0.0016287169483181,0.0031474834963103,0.003594302031071,False,False,False,False,True,False,False,False,False,False,False,False,False,-1,-1,False,2.223529411764706,False,False,False,4.207874679565429,1827.9029,1,0.003594302031071,0.003594302031071,102,28,False,28.0,False,False,False,True,1.141956936617813,1.9324807633105965,2.2068168238897536
ARFLDAAVDPFDY,H3-23_A,K4-1,True,518,1997,1096,0.0023832637831321,0.0065817010912374,0.0035362253375707,False,False,False,False,True,False,False,False,False,False,False,False,False,-2,-2,False,0.7230769230769233,False,False,False,4.050025558471679,1499.6215,1,0.0065817010912374,0.0065817010912374,176,29,False,29.0,True,True,True,True,0.5372805473456097,2.761621907571074,1.4837679844417164
ARVDFISTEEGFDY,H3-23_A,K1-39,True,731,2742,963,0.0033632544893236,0.0090370677977832,0.0031071031022633,False,False,False,False,False,False,False,False,False,True,False,False,False,-3,-3,False,1.95,False,False,False,4.050025558471679,1648.7235999999998,1,0.0090370677977832,0.0090370677977832,456,30,False,30.0,True,True,True,True,0.3438172351493394,2.6869928982601907,0.9238354914180962
ARVSGWASWSPFDY,H1-69,K3-15,True,152,1171,715,0.0006993360908032,0.0038593750514967,0.0023069353251488,False,False,False,False,False,False,False,False,False,False,False,False,False,0,0,False,0.7785714285714287,False,False,False,5.880318832397459,1628.7404,1,0.0038593750514967,0.0038593750514967,469,32,False,32.0,False,False,False,True,0.5977468675363584,5.518548115517743,3.2987033966248114
ARASGSRAGNNFDY,H3-23_A,K4-1,True,408,592,709,0.0018771652963666,0.0019511101882887,0.0022875764273154,False,False,True,False,False,False,False,False,False,False,False,False,False,1,1,False,3.7142857142857135,False,False,False,8.79022674560547,1485.5171999999998,2,0.0022875764273154,0.0022875764273154,69,33,False,33.0,False,False,False,True,1.172442600433447,1.039386248085198,1.2186269613408824
ARFEDSADEGFDY,H3-23_A,K3-15,True,23,266,695,0.0001058205926873,0.0008766812670351,0.002242405665704,False,True,False,False,False,False,False,False,False,True,False,False,False,-4,-4,False,3.5307692307692307,False,False,False,4.050025558471679,1521.4964,1,0.002242405665704,0.002242405665704,166,34,False,34.0,True,True,False,False,2.557805409979316,8.28381703979916,21.188633728336814
ARGALQYWDEEFDY,H1-69,K3-20,True,38,277,635,0.0001748340227008,0.0009129350036418,0.0020488166873699,False,False,False,False,False,False,False,False,False,True,False,False,False,-3,-3,False,1.6785714285714286,False,False,False,4.050025558471679,1762.8277999999998,1,0.0020488166873699,0.0020488166873699,203,35,False,35.0,True,True,False,False,2.2441841285039406,5.221425299760178,11.717968139385103
ARGPYNDWAGANLFDP,H1-69,K1-39,True,193,718,618,0.0008879727995067,0.0023663802621474,0.0019939664768419,False,False,False,False,True,False,False,False,False,False,False,False,False,-1,-1,False,1.8625000000000005,False,False,False,4.207874679565429,1763.8622,1,0.0023663802621474,0.0023663802621474,243,36,False,36.0,False,False,False,True,0.8426194566201684,2.6648942563549567,2.24550123938167
ARFVPDRLDVYLFDP,H3-23_A,K1-39,True,33,256,562,0.0001518295460296,0.0008437233246653,0.0018132834303966,False,False,False,False,True,False,False,False,False,False,False,False,False,-1,-1,False,-0.0933333333333331,False,False,False,4.429057693481445,1823.0552,2,0.0018132834303966,0.0018132834303966,194,37,False,37.0,False,False,False,True,2.149119132062148,5.556677076081499,11.942102553725455
ARHFPEVYPRWAFDY,H3-23_A,K3-15,True,451,626,541,0.0020750037957386,0.0020631671923458,0.0017455272879797,False,False,False,False,False,False,False,False,False,False,False,False,False,0,1,False,0.0533333333333334,False,False,False,6.795363235473633,1954.1485,2,0.0020750037957386,0.0020631671923458,284,38,False,38.0,False,False,False,True,0.846038476217868,0.9942908315033235,0.8412123772692222
ARGDIRYSGDEFDY,H1-69,K1-39,True,138,668,519,0.000634923556124,0.0022015905502987,0.0016745446625905,False,False,False,False,False,False,False,False,False,True,False,False,False,-2,-2,False,3.2285714285714286,False,False,False,4.226021194458009,1663.6985,2,0.0022015905502987,0.0022015905502987,209,39,False,39.0,False,False,False,True,0.7606033085172094,3.467434551322939,2.637354171061433
ARPEWTGTGYGAFDP,H3-23_A,K4-1,True,354,1240,513,0.0016287169483181,0.004086784853848,0.0016551857647571,False,False,False,False,True,False,False,False,False,False,False,False,False,-1,-1,False,2.4533333333333336,False,False,False,4.370375442504883,1624.7071999999998,1,0.004086784853848,0.004086784853848,344,40,False,40.0,True,True,True,True,0.40500828251719767,2.509189682204378,1.016245090354969
ARGALQYWDEEFDY,H1-69,UNK,True,38,221,454,0.0001748340227008,0.0007283705263712,0.0014648232693951,False,False,False,False,False,False,False,False,False,True,False,False,False,-3,-3,False,1.6785714285714286,False,False,False,4.050025558471679,1762.8277999999998,1,0.0014648232693951,0.0014648232693951,203,41,False,41.0,True,True,False,False,2.0110686878091952,4.165830293310149,8.377885882331611
ARGALQYWDEEFDY,H4-34,K1-39,True,103,501,452,0.0004738922194259,0.001651192912724,0.0014583703034507,False,False,False,False,False,False,False,False,False,True,False,False,False,-3,-3,False,1.6785714285714286,False,False,False,4.050025558471679,1762.8277999999998,1,0.001651192912724,0.001651192912724,203,42,False,42.0,True,False,False,False,0.8832168912812886,3.4842481107691516,3.0773654219585964
ARNYARSGPGNAFDY,H3-23_A,K4-1,True,74,350,421,0.0003404662547331,0.0011535279829409,0.0013583493313114,False,False,False,False,False,False,False,False,False,False,False,False,False,1,1,False,3.046666666666667,False,False,False,8.632579040527343,1658.7282999999998,2,0.0013583493313114,0.0013583493313114,333,43,False,43.0,False,False,False,True,1.177550589056757,3.3879836461580934,3.989556723643511
ARGYIWGEEFDY,H4-34,K3-20,True,200,558,420,0.0009201790668464,0.0018390531842316,0.0013551228483391,False,False,False,False,False,False,False,False,False,True,False,False,False,-2,-2,False,1.025,False,False,False,4.137435531616211,1505.5846,1,0.0018390531842316,0.0018390531842316,220,44,False,44.0,False,False,False,True,0.7368549704861279,1.998560133445466,1.472656975792237
ARFLPDVTGNEFDY,H1-69,K1-39,True,72,328,420,0.0003312644640647,0.0010810205097275,0.0013551228483391,False,False,False,False,False,False,False,False,False,True,False,False,False,-2,-2,False,1.492857142857143,False,False,False,4.050025558471679,1643.7501,1,0.0013551228483391,0.0013551228483391,178,45,False,45.0,True,False,False,False,1.2535472737773994,3.2632171416519746,4.090634791803439
ARGIKWAQWAPFDY,H1-69,K1-39,True,44,208,414,0.0002024393947062,0.0006855252012906,0.0013357639505057,False,False,False,False,False,False,False,False,False,False,False,False,False,1,1,False,0.0642857142857144,False,False,False,8.63377227783203,1708.9145,1,0.0013357639505057,0.0013357639505057,226,46,False,46.0,True,True,False,False,1.9484979735409185,3.386155845442031,6.598014049111861
ARARGWASWSPFDY,H3-23_A,K3-15,True,33,165,402,0.0001518295460296,0.0005438060491007,0.0012970461548389,False,False,False,False,False,False,False,False,False,False,False,False,False,1,1,False,1.0285714285714287,False,False,False,8.79022674560547,1669.7957,2,0.0012970461548389,0.0012970461548389,56,47,False,47.0,True,False,False,False,2.385082523739056,3.5814520216932753,8.542215705690074
ARARGWASWSPFDY,H1-69,K1-39,True,18,115,402,8.281611601617674e-05,0.000379016337252,0.0012970461548389,False,False,False,False,False,False,False,False,False,False,False,False,False,1,1,False,1.0285714285714287,False,False,False,8.79022674560547,1669.7957,2,0.0012970461548389,0.0012970461548389,56,48,False,48.0,True,True,False,False,3.4220475659889145,4.576048660521211,15.659869341037004
ARGIKWAQWAPFDY,UNK,K3-15,True,42,205,399,0.0001932376040377,0.0006756378185797,0.0012873667059222,False,False,False,False,False,False,False,False,False,False,False,False,False,1,1,False,0.0642857142857144,False,False,False,8.63377227783203,1708.9145,1,0.0012873667059222,0.0012873667059222,226,49,False,49.0,True,False,False,False,1.905381280780885,3.4962286955334885,6.66174730772368
ARGIKWAQWAPFDY,H3-23_A,K3-15,True,58,282,394,0.0002668519293854,0.0009294139748267,0.001271234291061,False,False,False,False,False,False,False,False,False,False,False,False,False,1,1,False,0.0642857142857144,False,False,False,8.63377227783203,1708.9145,1,0.001271234291061,0.001271234291061,226,50,False,50.0,True,False,False,False,1.3677657619043384,3.4827522118542706,4.763640486257195
ARAKAWATWAPFDY,H3-23_A,K3-15,True,47,176,379,0.0002162420807089,0.0005800597857074,0.0012228370464774,False,False,False,False,False,False,False,False,False,False,False,False,False,1,1,False,0.4714285714285715,False,False,False,8.63377227783203,1653.8361,1,0.0012228370464774,0.0012228370464774,41,51,False,51.0,True,False,False,False,2.108086089997154,2.6823315817627984,5.654683379086087
ARAKAWATWAPFDY,H1-69,K1-39,True,17,108,376,7.82152206819447e-05,0.0003559457775932,0.0012131575975607,False,False,False,False,False,False,False,False,False,False,False,False,False,1,1,False,0.4714285714285715,False,False,False,8.63377227783203,1653.8361,1,0.0012131575975607,0.0012131575975607,41,52,False,52.0,True,True,False,False,3.408169424200619,4.550268755909773,15.508522532563607
ARAYLWGEDFDY,H4-34,K1-39,True,1015,2033,371,0.0046699087642455,0.0067003496837685,0.0011970251826995,False,False,False,False,False,False,False,False,False,True,False,False,False,-2,-2,False,0.8083333333333336,False,False,False,4.050025558471679,1505.5846,1,0.0067003496837685,0.0067003496837685,81,53,False,53.0,False,False,False,True,0.17865088430987847,1.4347893447459248,0.25632676779397867
ARGWVWGEEFDY,H4-34,K1-39,True,1488,3735,347,0.0068461322573372,0.0123097914750986,0.0011195895913659,False,False,False,False,False,False,False,False,False,True,False,False,False,-2,-2,False,0.7083333333333334,False,False,False,4.137435531616211,1514.5947,1,0.0123097914750986,0.0123097914750986,271,54,False,54.0,False,False,False,True,0.090951068027434,1.798062472614538,0.16353583511444056
ARFLPDVTGNEFDY,H3-23_A,K3-20,True,15,196,344,6.901343001348062e-05,0.0006459756704469,0.0011099101424492,False,False,False,False,False,False,False,False,False,True,False,False,False,-2,-2,False,1.492857142857143,False,False,False,4.050025558471679,1643.7501,1,0.0011099101424492,0.0011099101424492,178,55,False,55.0,True,True,False,False,1.7181652677858192,9.358788317542865,16.08019396069464
ARDRGWASWGEFDY,H1-69,K3-15,True,299,1096,339,0.0013756677049353,0.0036121904837237,0.001093777727588,False,False,False,False,False,False,False,False,False,True,False,False,False,-1,-1,False,1.942857142857143,False,False,False,4.558281326293945,1715.7779999999998,2,0.0036121904837237,0.0036121904837237,111,56,False,56.0,True,True,True,True,0.3028009471003836,2.6257534528362414,0.7950828334747505
ARAKAWATWAPFDY,UNK,K3-15,True,17,130,319,7.82152206819447e-05,0.0004284532508066,0.0010292480681433,False,False,False,False,False,False,False,False,False,False,False,False,False,1,1,False,0.4714285714285715,False,False,False,8.63377227783203,1653.8361,1,0.0010292480681433,0.0010292480681433,41,57,False,57.0,True,False,False,False,2.4021851727206416,5.4771753543354595,13.157496510340463
ARARGWASWSPFDY,UNK,K3-15,True,11,123,314,5.060984867655246e-05,0.0004053826911478,0.0010131156532821,False,False,False,False,False,False,False,False,False,False,False,False,False,1,1,False,1.0285714285714287,False,False,False,8.79022674560547,1669.7957,2,0.0010131156532821,0.0010131156532821,56,58,False,58.0,True,False,False,False,2.4990969876976235,8.008374219727303,20.01419758789962
ARGSITDPGWPFDY,H4-34,K1-39,True,32,167,313,0.0001472286506954,0.0005503976375746,0.0010098891703099,False,False,False,False,True,False,False,False,False,False,False,False,False,-1,-1,False,1.75,False,False,False,4.207874679565429,1581.6824,1,0.0010098891703099,0.0010098891703099,256,59,False,59.0,True,True,False,False,1.8348022472217669,3.738132854213907,6.858859175496715
ARGWYWGEEFDY,H4-34,K1-39,True,222,1150,282,0.0010213987641995,0.0037901633725203,0.0009098681981705,False,False,False,True,False,False,False,False,False,True,False,False,False,-2,-2,False,0.8583333333333334,False,False,False,4.137435531616211,1578.6369,1,0.0037901633725203,0.0037901633725203,271,62,False,62.0,True,True,True,True,0.24005978321922444,3.7107214127839723,0.8907973282210704
ARFEDSADEGFDY,H4-34,K3-20,True,68,391,279,0.0003128608827277,0.0012886555466569,0.0009001887492538,False,True,False,False,False,False,False,False,False,True,False,False,False,-4,-4,False,3.5307692307692307,False,False,False,4.050025558471679,1521.4964,1,0.0012886555466569,0.0012886555466569,166,63,False,63.0,True,False,False,False,0.6985433509797017,4.118809444400909,2.8771892782277813
ARFDALRVDPFDY,H3-23_A,K4-1,True,5,235,277,2.3004476671160207e-05,0.0007745116456889,0.0008937357833094,False,False,False,False,True,False,False,False,False,False,False,False,False,-1,-1,False,0.8846153846153849,False,False,False,4.429057693481445,1584.7293,2,0.0008937357833094,0.0008937357833094,163,64,False,64.0,False,False,False,True,1.1539196977696662,33.65323734080177,38.833634849900974
ARTGTAYWDEEFDY,H1-69,K1-39,True,1297,3381,268,0.0059673612484989,0.0111430803152097,0.0008646974365592,False,False,False,False,False,False,False,False,False,True,False,False,False,-3,-3,False,2.65,False,False,False,4.050025558471679,1723.7487999999998,1,0.0111430803152097,0.0111430803152097,203,65,False,65.0,False,False,False,True,0.07759942817469011,1.8673348533515082,0.1449042468702975
ARFLPDVTGNEFDY,UNK,K1-39,True,49,273,252,0.0002254438713773,0.0008997518266939,0.0008130737090035,False,False,False,False,False,False,False,False,False,True,False,False,False,-2,-2,False,1.492857142857143,False,False,False,4.050025558471679,1643.7501,1,0.0008997518266939,0.0008997518266939,178,66,False,66.0,True,False,False,False,0.9036543726144414,3.990846647242325,3.606386104777995
ARGPFLEEFDY,H1-69,K1-39,True,1468,2510,230,0.0067541143506526,0.0082724435348052,0.0007420910836143,False,False,False,False,False,False,False,False,False,True,False,False,False,-2,-2,False,0.9272727272727276,False,False,False,4.137435531616211,1343.4392,1,0.0082724435348052,0.0082724435348052,17,68,False,68.0,False,False,False,True,0.0897062861087167,1.2247988199989086,0.10987228618948915
ARFEDSADEGFDY,H3-23_A,K4-1,True,220,567,229,0.001012196973531,0.0018687153323643,0.000738864600642,False,True,False,False,False,False,False,False,False,True,False,False,False,-4,-4,False,3.5307692307692307,False,False,False,4.050025558471679,1521.4964,1,0.0018687153323643,0.0018687153323643,166,69,False,69.0,True,True,False,False,0.3953842696118391,1.8461790732832453,0.7299540706230586
ARFSDRGSYAYGSDFDP,H1-69,K1-39,True,35,195,220,0.0001610313366981,0.0006426798762099,0.0007098262538919,False,False,False,False,True,False,False,False,False,True,False,False,False,-1,-1,False,3.141176470588236,False,False,False,4.429057693481445,1910.9484,2,0.0007098262538919,0.0007098262538919,186,70,False,70.0,True,False,False,False,1.1044615454002786,3.9907758429422087,4.407727037329508
ARWDELRDPYPFDY,H3-23_A,K3-15,True,989,1692,219,0.0045502854855554,0.0055764838489603,0.0007065997709197,False,False,False,False,True,False,False,False,False,True,False,False,False,-2,-2,False,1.45,False,False,False,4.226021194458009,1842.9589,2,0.0055764838489603,0.0055764838489603,480,71,False,71.0,False,False,False,True,0.12671040084648186,1.2255212582704715,0.1552865683476496
ARFSDAIDRGYEFDP,H3-23_A,K1-39,True,352,2509,211,0.0016195151576496,0.0082691477405682,0.0006807879071418,False,False,False,False,True,False,False,False,False,True,False,False,False,-2,-2,False,2.426666666666667,False,False,False,4.226021194458009,1758.8409,2,0.0082691477405682,0.0082691477405682,185,72,False,72.0,True,True,True,True,0.08232856700772295,5.105908791543028,0.4203626624299066
ARGAFPEEFDY,H1-69,K1-39,True,1321,2419,206,0.0060777827365205,0.0079725262592405,0.0006646554922806,False,False,False,False,False,False,False,False,False,True,False,False,False,-2,-2,False,1.9545454545454544,False,False,False,4.137435531616211,1301.3595,1,0.0079725262592405,0.0079725262592405,199,73,False,73.0,False,False,False,True,0.08336813664663321,1.3117469786909388,0.10935803853375745
ARGSITDPGWPFDY,UNK,K3-15,True,31,89,206,0.0001426277553611,0.0002933256870907,0.0006646554922806,False,False,False,False,True,False,False,False,False,False,False,False,False,-1,-1,False,1.75,False,False,False,4.207874679565429,1581.6824,1,0.0006646554922806,0.0006646554922806,256,74,False,74.0,True,False,False,False,2.265852814816518,2.056437906977156,4.6597444736701465
ARAGYPYGYFDY,H3-23_A,K4-1,True,6,9,195,2.760537200539225e-05,2.9662148132767776e-05,0.000629164179586,False,False,False,False,False,False,False,False,False,False,False,False,False,0,0,False,1.2583333333333335,False,False,False,5.877711868286132,1442.5286,1,0.000629164179586,0.000629164179586,28,75,False,75.0,False,False,False,True,21.203863527871665,1.0741172752254022,22.783114399586857
ARVDFISTEEGFDY,H3-23_A,K3-20,True,17,285,190,7.82152206819447e-05,0.0009393013575376,0.0006130317647248,False,False,False,False,False,False,False,False,False,True,False,False,False,-3,-3,False,1.95,False,False,False,4.050025558471679,1648.7235999999998,1,0.0009393013575376,0.0009393013575376,456,76,False,76.0,True,True,False,False,0.652639574519635,12.007653661428428,7.836753407412181
ARTGTWFATGAFDY,H1-69,K1-39,True,16,49,186,7.361432534771267e-05,0.0001614939176117,0.0006001258328359,False,False,False,False,False,False,False,False,False,False,False,False,False,0,0,False,1.2285714285714289,False,False,False,5.880318832397459,1563.6671,1,0.0006001258328359,0.0006001258328359,446,77,False,77.0,False,False,False,True,3.715859291282136,2.1934858737108582,8.151189569502039
ARTEVEYWPGETFDY,H3-23_A,K1-39,True,37,212,164,0.0001702331273665,0.0006987083782385,0.0005291432074467,False,False,False,False,False,False,False,False,False,True,False,False,False,-3,-3,False,2.08,False,False,False,4.050025558471679,1862.9437000000005,1,0.0006987083782385,0.0006987083782385,442,78,False,78.0,True,False,False,False,0.7573054093420206,4.10417964617343,3.1081619307166437
ARSYVWGEEFDY,H4-34,K3-15,True,11,152,162,5.060984867655246e-05,0.00050096072402,0.0005226902415022,False,False,False,False,False,False,False,False,False,True,False,False,False,-2,-2,False,1.4500000000000002,False,False,False,4.137435531616211,1521.584,1,0.0005226902415022,0.0005226902415022,440,79,False,79.0,True,True,False,False,1.0433548637491494,9.896527491044225,10.325796207769276
ARDARYWVSGYVPFDI,H1-69,K1-39,True,110,153,160,0.0005060984867655,0.000504256518257,0.0005162372755577,False,False,False,False,False,False,False,False,False,False,False,False,False,0,0,False,0.5312500000000001,False,False,False,6.004021835327148,1915.1108,2,0.0005162372755577,0.0005162372755577,87,80,False,80.0,False,False,False,True,1.0237389492803863,0.9963407677268251,1.020013078336094
ARFEDSADEGFDY,UNK,UNK,True,8,57,152,3.6807162673856334e-05,0.0001878602715075,0.0004904254117798,False,True,False,False,False,False,False,False,False,True,False,False,False,-4,-4,False,3.5307692307692307,False,False,False,4.050025558471679,1521.4964,1,0.0004904254117798,0.0004904254117798,166,81,False,81.0,True,False,False,False,2.610447133783067,5.1025189847369345,13.320565088739126
ARFSDRGSYAYGSDFDP,H3-23_A,K3-20,True,4,129,149,1.8403581336928167e-05,0.0004251574565696,0.0004807459628631,False,False,False,False,True,False,False,False,False,True,False,False,False,-1,-1,False,3.141176470588236,False,False,False,4.429057693481445,1910.9484,2,0.0004807459628631,0.0004807459628631,186,82,False,82.0,True,True,False,False,1.1307214497128422,23.089340894101515,26.108227077965054
ARFLPDVTGNEFDY,H3-23_A,K3-15,True,7,100,149,3.220626733962429e-05,0.0003295794236974,0.0004807459628631,False,False,False,False,False,False,False,False,False,True,False,False,False,-2,-2,False,1.492857142857143,False,False,False,4.050025558471679,1643.7501,1,0.0004807459628631,0.0004807459628631,178,83,False,83.0,True,True,False,False,1.4586207211080857,10.230217555093196,14.922460066371752
ARGSITDPGWPFDY,H1-69,K3-15,True,32,106,146,0.0001472286506954,0.0003493541891192,0.0004710665139464,False,False,False,False,True,False,False,False,False,False,False,False,False,-1,-1,False,1.75,False,False,False,4.207874679565429,1581.6824,1,0.0004710665139464,0.0004710665139464,256,84,False,84.0,True,False,False,False,1.348353748373667,2.3727070811177606,3.199340062691277
ARGIFLDEFDY,H1-69,K1-39,True,3508,3254,144,0.016139940832486,0.010724514447114,0.000464613548002,False,False,False,False,False,False,False,False,False,True,False,False,False,-2,-2,False,0.2090909090909093,False,False,False,4.050025558471679,1345.455,1,0.016139940832486,0.010724514447114,225,85,False,85.0,False,False,False,True,0.04332253148315857,0.6644700816267682,0.028786552872691534
ARSKRGLNAFDY,H3-23_A,K4-1,True,880,2015,143,0.0040487878941241,0.006641025387503,0.0004613870650297,False,False,False,False,False,False,False,False,False,False,False,False,False,2,2,False,2.266666666666667,False,False,False,9.98676300048828,1397.538,2,0.006641025387503,0.006641025387503,43,86,False,86.0,False,False,False,True,0.06947517037748831,1.6402462066928365,0.11395655626557634
ARGYAWASWAPFDY,H1-69,K1-39,True,10,62,143,4.6008953342320415e-05,0.0002043392426924,0.0004613870650297,False,False,False,False,False,False,False,False,False,False,False,False,False,0,0,False,0.2785714285714287,False,False,False,5.87944984436035,1660.7838,1,0.0004613870650297,0.0004613870650297,56,87,False,87.0,True,True,False,False,2.2578359427747445,4.440327905165185,10.026022573733648
ARGSITDPGWPFDY,H4-34,K3-20,True,9,39,142,4.140805800808837e-05,0.0001285359752419,0.0004581605820575,False,False,False,False,True,False,False,False,False,False,False,False,False,-1,-1,False,1.75,False,False,False,4.207874679565429,1581.6824,1,0.0004581605820575,0.0004581605820575,256,88,False,88.0,True,True,False,False,3.564176795075269,3.1033800574811767,11.061855724090869
ARSYVWGEEFDY,H4-34,K3-20,True,11,123,139,5.060984867655246e-05,0.0004053826911478,0.0004484811331408,False,False,False,False,False,False,False,False,False,True,False,False,False,-2,-2,False,1.4500000000000002,False,False,False,4.137435531616211,1521.584,1,0.0004484811331408,0.0004484811331408,440,89,False,89.0,True,True,False,False,1.1062881569744203,8.008374219727303,8.859788104197559
ARGYLPGFTDEFDY,H1-69,K1-39,True,474,357,137,0.0021808243884259,0.0011765985425997,0.0004420281671963,False,False,False,False,False,False,False,False,False,True,False,False,False,-2,-2,False,1.5285714285714287,False,False,False,4.050025558471679,1650.741,1,0.0021808243884259,0.0011765985425997,279,90,False,90.0,False,False,False,True,0.3756798894385426,0.5395176033742547,0.20268763622869623
ARDLYGWGEEFDY,H1-69,K1-39,True,237,702,133,0.0010904121942129,0.0023136475543558,0.0004291222353074,False,False,False,False,False,False,False,False,False,True,False,False,False,-3,-3,False,1.623076923076923,False,False,False,4.050025558471679,1620.6719999999998,1,0.0023136475543558,0.0023136475543558,101,91,False,91.0,False,False,False,True,0.18547353064394273,2.1217905932535257,0.39353769355103196
ARLARYDYVSADAFDY,H3-23_A,K4-1,True,79,467,125,0.0003634707314043,0.0015391359086669,0.0004033103715295,False,False,False,False,False,False,False,False,False,False,False,False,False,-1,-1,False,1.5937500000000002,False,False,False,4.429057693481445,1896.0198,2,0.0015391359086669,0.0015391359086669,314,92,False,92.0,False,False,False,True,0.2620351775997762,4.234436039347895,1.109578408658195
ARGIKWAQWAPFDY,H4-34,K3-15,True,32,109,122,0.0001472286506954,0.0003592415718301,0.0003936309226128,False,False,False,False,False,False,False,False,False,False,False,False,False,1,1,False,0.0642857142857144,False,False,False,8.63377227783203,1708.9145,1,0.0003936309226128,0.0003936309226128,226,93,False,93.0,True,False,False,False,1.0956971478442383,2.439859168319065,2.6734211482766446
ARFSDRGSYAYGSDFDP,UNK,K1-39,True,22,153,120,0.0001012196973531,0.000504256518257,0.0003871779566683,False,False,False,False,True,False,False,False,False,True,False,False,False,-1,-1,False,3.141176470588236,False,False,False,4.429057693481445,1910.9484,2,0.000504256518257,0.000504256518257,186,94,False,94.0,True,False,False,False,0.7678042119603393,4.981310143584639,3.8247467570487936
ARAKAWATWAPFDY,H4-34,K3-15,True,26,78,119,0.00011962327869,0.0002570719504839,0.000383951473696,False,False,False,False,False,False,False,False,False,False,False,False,False,1,1,False,0.4714285714285715,False,False,False,8.63377227783203,1653.8361,1,0.000383951473696,0.000383951473696,41,95,False,95.0,True,False,False,False,1.4934983688014507,2.148833111479276,3.2094035865297577
ARGALQYWDEEFDY,H1-69,K4-1,True,129,283,118,0.0005935154981159,0.0009327097690636,0.0003807249907238,False,False,False,False,False,False,False,False,False,True,False,False,False,-3,-3,False,1.6785714285714286,False,False,False,4.050025558471679,1762.8277999999998,1,0.0009327097690636,0.0009327097690636,203,96,False,96.0,True,True,False,False,0.4081879717270571,1.5714737985552665,0.6414635797996574
AREGHSVRWGYANYFDY,H1-69,K4-1,True,6,39,118,2.760537200539225e-05,0.0001285359752419,0.0003807249907238,False,False,False,False,False,False,False,False,False,False,False,False,False,0,1,False,1.6941176470588235,False,False,False,6.794238662719727,2091.2,2,0.0003807249907238,0.0003807249907238,136,97,False,97.0,True,False,False,False,2.961780717034083,4.654508192640017,13.78670512385126
ARVRLSGSSPGTDFDI,H1-69,K3-20,True,237,566,117,0.0010904121942129,0.0018654195381273,0.0003774985077516,False,False,False,False,False,False,False,False,False,True,False,False,False,0,0,False,2.4125,False,False,False,6.005810928344727,1677.813,2,0.0018654195381273,0.0018654195381273,467,98,False,98.0,False,False,False,True,0.2023654606276739,1.7107314469821635,0.34619481312381944
ARGFIWGEEFDY,H4-34,K1-39,True,258,1008,116,0.0011870309962318,0.0033221605908699,0.0003742720247793,False,False,False,False,False,False,False,False,False,True,False,False,False,-2,-2,False,0.4166666666666668,False,False,False,4.137435531616211,1489.5852,1,0.0033221605908699,0.0033221605908699,220,99,False,99.0,False,False,False,True,0.11265888205978551,2.7986906951115644,0.3152983140156129
ARSYVWGEEFDY,UNK,K1-39,True,23,181,114,0.0001058205926873,0.0005965387568923,0.0003678190588349,False,False,False,False,False,False,False,False,False,True,False,False,False,-2,-2,False,1.4500000000000002,False,False,False,4.137435531616211,1521.584,1,0.0005965387568923,0.0005965387568923,440,100,False,100.0,True,False,False,False,0.6165783677951833,5.636732647382089,3.475545676302722
ARAEDWGSWSPFDY,H1-69,K1-39,True,13,102,114,5.981163934501654e-05,0.0003361710121713,0.0003678190588349,False,False,False,False,False,False,False,False,False,True,False,False,False,-2,-2,False,1.85,False,False,False,4.050025558471679,1686.7334999999998,1,0.0003678190588349,0.0003678190588349,9,101,False,101.0,True,True,False,False,1.0941101535130096,5.619555329008295,6.1485954390773685
ARGIKWAQWAPFDY,H1-69,K3-20,True,13,46,107,5.981163934501654e-05,0.0001516065349008,0.0003452336780292,False,False,False,False,False,False,False,False,False,False,False,False,False,1,1,False,0.0642857142857144,False,False,False,8.63377227783203,1708.9145,1,0.0003452336780292,0.0003452336780292,226,102,False,102.0,True,True,False,False,2.27701865271542,2.5343092660236435,5.771050105098128
ARGYAWASWAPFDY,H3-23_A,K3-15,True,14,87,105,6.441253467924858e-05,0.0002867340986167,0.0003387807120847,False,False,False,False,False,False,False,False,False,False,False,False,False,0,0,False,0.2785714285714287,False,False,False,5.87944984436035,1660.7838,1,0.0003387807120847,0.0003387807120847,56,103,False,103.0,True,False,False,False,1.1814740520172275,4.450835410998835,5.258729942425351
ARDANWAAWEKFDY,H1-69,K1-39,True,30,78,105,0.0001380268600269,0.0002570719504839,0.0003387807120847,False,False,False,False,False,False,False,False,False,False,False,False,False,-1,-1,False,1.5714285714285714,False,False,False,4.558281326293945,1742.8430999999998,1,0.0003387807120847,0.0003387807120847,86,104,False,104.0,False,False,False,False,1.3177926783541984,1.8623427860775954,2.454277154802565
ARTEVEYWPGETFDY,UNK,K1-39,True,29,130,104,0.0001334259646927,0.0004284532508066,0.0003355542291125,False,False,False,False,False,False,False,False,False,True,False,False,False,-3,-3,False,2.08,False,False,False,4.050025558471679,1862.9437000000005,1,0.0004284532508066,0.0004284532508066,442,105,False,105.0,True,False,False,False,0.7831575484730723,3.2109278168994257,2.5147210490460634
ARARGWASWSPFDY,H4-34,K3-15,True,7,65,102,3.220626733962429e-05,0.0002142266254033,0.000329101263168,False,False,False,False,False,False,False,False,False,False,False,False,False,1,1,False,1.0285714285714287,False,False,False,8.79022674560547,1669.7957,2,0.000329101263168,0.000329101263168,56,106,False,106.0,True,False,False,False,1.5361578000422085,6.649641410810267,10.215375347448244
ARSEEAIAWRGYNAFDP,H3-23_A,K1-39,True,8,67,101,3.6807162673856334e-05,0.0002208182138772,0.0003258747801958,False,False,False,False,True,False,False,False,False,True,False,False,False,-1,-1,False,2.0352941176470587,False,False,False,4.6793262481689455,1953.0746,2,0.0003258747801958,0.0003258747801958,378,107,False,107.0,True,False,False,False,1.4756935922011087,5.997697753988028,8.851164960280926
ARDANWAAWEKFDY,H3-23_A,K3-15,True,50,117,99,0.0002300447667116,0.0003856079257259,0.0003194218142513,False,False,False,False,False,False,False,False,False,False,False,False,False,-1,-1,False,1.5714285714285714,False,False,False,4.558281326293945,1742.8430999999998,1,0.0003856079257259,0.0003856079257259,86,108,False,108.0,False,False,False,False,0.8283375666471151,1.6761570787590059,1.3884598820407483
ARGSITDPGWPFDY,H3-23_A,K3-15,True,31,82,94,0.0001426277553611,0.0002702551274318,0.0003032893993901,False,False,False,False,True,False,False,False,False,False,False,False,False,-1,-1,False,1.75,False,False,False,4.207874679565429,1581.6824,1,0.0003032893993901,0.0003032893993901,256,109,False,109.0,True,False,False,False,1.1221921313789678,1.8946955996862502,2.1262911675965195
ARAGDWGAWSPFDY,H1-69,K1-39,True,11,108,93,5.060984867655246e-05,0.0003559457775932,0.0003000629164179,False,False,False,False,False,False,False,False,False,False,False,False,False,-1,-1,False,1.385714285714286,False,False,False,4.207874679565429,1598.6714,1,0.0003559457775932,0.0003559457775932,9,110,False,110.0,False,False,False,False,0.8429780756665326,7.031743217321727,5.927771897052147
ARDPYGVFGDPYHRFDY,H3-23_A,K1-39,True,11,17,93,5.060984867655246e-05,5.602850202856136e-05,0.0003000629164179,False,False,False,False,True,False,False,False,False,False,False,False,False,-1,0,False,1.7882352941176471,False,False,False,5.2989147186279295,2075.1973,2,0.0003000629164179,0.0003000629164179,109,111,False,111.0,True,False,False,False,5.354584893524915,1.1068484693932765,5.927771897052147
ARAEDWGSWSPFDY,H3-23_A,K3-15,True,51,176,92,0.0002346456620458,0.0005800597857074,0.0002968364334457,False,False,False,False,False,False,False,False,False,True,False,False,False,-2,-2,False,1.85,False,False,False,4.050025558471679,1686.7334999999998,1,0.0005800597857074,0.0005800597857074,9,112,False,112.0,True,False,False,False,0.5117253833238451,2.471961599606253,1.2649873046223943
ARGYNVYWDDEFDY,H1-69,K1-39,True,72,384,91,0.0003312644640647,0.001265584986998,0.0002936099504734,False,True,False,False,False,False,False,False,False,True,False,False,False,-3,-3,False,2.0142857142857147,False,False,False,4.050025558471679,1812.8433,1,0.001265584986998,0.001265584986998,281,113,False,113.0,False,False,False,True,0.23199361050713768,3.820351775592408,0.8863042048905289
ARGYAWASWAPFDY,UNK,K3-15,True,14,52,90,6.441253467924858e-05,0.0001713813003226,0.0002903834675012,False,False,False,False,False,False,False,False,False,False,False,False,False,0,0,False,0.2785714285714287,False,False,False,5.87944984436035,1660.7838,1,0.0002903834675012,0.0002903834675012,56,114,False,114.0,True,False,False,False,1.6942719201886436,2.660269441056382,4.5074828077936
ARSEEAIAWRGYNAFDP,UNK,K1-39,True,6,26,89,2.760537200539225e-05,8.569065016132913e-05,0.000287156984529,False,False,False,False,True,False,False,False,False,True,False,False,False,-1,-1,False,2.0352941176470587,False,False,False,4.6793262481689455,1953.0746,2,0.000287156984529,0.000287156984529,378,115,False,115.0,True,False,False,False,3.3506978533819156,3.103005461762273,10.398447084939828
ARAKAWATWAPFDY,H1-69,K3-20,True,1,25,89,4.600895334232042e-06,8.239485592435494e-05,0.000287156984529,False,False,False,False,False,False,False,False,False,False,False,False,False,1,1,False,0.4714285714285715,False,False,False,8.63377227783203,1653.8361,1,0.000287156984529,0.000287156984529,41,116,False,116.0,True,True,False,False,3.484709502952121,17.86960014308762,62.277922987559386
ARDPYGVFGDPYHRFDY,UNK,K1-39,True,5,28,88,2.3004476671160207e-05,9.228223863527752e-05,0.0002839305015567,False,False,False,False,True,False,False,False,False,False,False,False,False,-1,0,False,1.7882352941176471,False,False,False,5.2989147186279295,2075.1973,2,0.0002839305015567,0.0002839305015567,109,117,False,117.0,True,False,False,False,3.076428806529905,4.0097474278403995,12.337039230290108
ARGYLWGEEFDY,H3-7_A,K1-39,True,18,58,87,8.281611601617674e-05,0.0001911560657445,0.0002807040185845,False,False,False,False,False,False,False,False,False,True,False,False,False,-2,-2,False,0.9250000000000002,False,False,False,4.137435531616211,1505.5846,1,0.0002807040185845,0.0002807040185845,16,118,False,118.0,False,False,False,True,1.4683778603241777,2.30792019400216,3.389076200671728
ARATGSRAGNAFDY,H1-69,K4-1,True,19,64,86,8.741701135040879e-05,0.0002109308311663,0.0002774775356123,False,False,False,False,False,False,False,False,False,False,False,False,False,1,1,False,3.271428571428572,False,False,False,8.79022674560547,1456.5190999999998,2,0.0002774775356123,0.0002774775356123,20,119,False,119.0,True,False,False,False,1.315428284216555,2.41265059743248,3.1738192959629585
ARAGDWGAWSPFDY,H3-23_A,K3-15,True,31,154,82,0.0001426277553611,0.000507552312494,0.0002645716037233,False,False,False,False,False,False,False,False,False,False,False,False,False,-1,-1,False,1.385714285714286,False,False,False,4.207874679565429,1598.6714,1,0.000507552312494,0.000507552312494,9,120,False,120.0,False,False,False,False,0.5212593551780453,3.5583307603872956,1.854849741946049
ARGALKYWDEEFDY,H1-69,K1-39,True,9,32,82,4.140805800808837e-05,0.0001054654155831,0.0002645716037233,False,False,False,False,False,False,False,False,False,True,False,False,False,-2,-2,False,1.6571428571428573,False,False,False,4.316753768920899,1762.8709,1,0.0002645716037233,0.0002645716037233,203,121,False,121.0,False,False,False,False,2.5083722330997054,2.5463631240871814,6.387832178699272
AREEIPRSPFTGTFDY,H4-34,K3-15,True,27,140,81,0.0001242241740242,0.0004614111931763,0.0002613451207511,False,False,False,False,False,False,False,False,False,True,False,False,False,-1,-1,False,2.1625,False,False,False,4.6793262481689455,1886.0252,2,0.0004614111931763,0.0004614111931763,130,122,False,122.0,False,False,False,False,0.5663916712452459,3.7140440365983367,2.1036491996171014
ARARGWASWSPFDY,H1-69,K3-20,True,2,22,81,9.201790668464084e-06,7.250747321343234e-05,0.0002613451207511,False,False,False,False,False,False,False,False,False,False,False,False,False,1,1,False,1.0285714285714287,False,False,False,8.79022674560547,1669.7957,2,0.0002613451207511,0.0002613451207511,56,123,False,123.0,True,True,False,False,3.6038917128553694,7.871159454551715,28.370718588492963
ARAEDWGSWSPFDY,UNK,K3-15,True,24,157,79,0.0001104214880215,0.0005174396952049,0.0002548921548066,False,False,False,False,False,False,False,False,False,True,False,False,False,-2,-2,False,1.85,False,False,False,4.050025558471679,1686.7334999999998,1,0.0005174396952049,0.0005174396952049,9,124,False,124.0,True,False,False,False,0.49259311034219017,4.68561734044695,2.3081474258227406
ARDANWAAWEKFDY,UNK,K3-15,True,22,73,74,0.0001012196973531,0.0002405929792991,0.0002387597399454,False,False,False,False,False,False,False,False,False,False,False,False,False,-1,-1,False,1.5714285714285714,False,False,False,4.558281326293945,1742.8430999999998,1,0.0002405929792991,0.0002405929792991,86,125,False,125.0,False,False,False,False,0.9923390834183785,2.3767035325600747,2.358593833512912
AREGHSVRWGYANYFDY,UNK,K4-1,True,6,48,72,2.760537200539225e-05,0.0001581981233747,0.000232306774001,False,False,False,False,False,False,False,False,False,False,False,False,False,0,1,False,1.6941176470588235,False,False,False,6.794238662719727,2091.2,2,0.000232306774001,0.000232306774001,136,126,False,126.0,True,False,False,False,1.4683618580747895,5.728625467866585,8.412226855232628
ARARGWASWSPFDY,H1-69,UNK,True,4,18,72,1.8403581336928167e-05,5.932429626553555e-05,0.000232306774001,False,False,False,False,False,False,False,False,False,False,False,False,False,1,1,False,1.0285714285714287,False,False,False,8.79022674560547,1669.7957,2,0.000232306774001,0.000232306774001,56,127,False,127.0,True,True,False,False,3.915219167028966,3.2217684968519156,12.616056037676504
ARAGDWGAWSPFDY,UNK,K3-15,True,14,122,71,6.441253467924858e-05,0.0004020868969108,0.0002290802910287,False,False,False,False,False,False,False,False,False,False,False,False,False,-1,-1,False,1.385714285714286,False,False,False,4.207874679565429,1598.6714,1,0.0004020868969108,0.0004020868969108,9,128,False,128.0,False,False,False,False,0.5697141479794073,6.241401380941286,3.5559031039256834
ARGALQYWDEEFDY,UNK,UNK,True,2,29,70,9.201790668464084e-06,9.557803287225173e-05,0.0002258538080565,False,False,False,False,False,False,False,False,False,True,False,False,False,-3,-3,False,1.6785714285714286,False,False,False,4.050025558471679,1762.8277999999998,1,0.0002258538080565,0.0002258538080565,203,129,False,129.0,True,False,False,False,2.3627833032022063,10.37561928099999,24.51790495301794
ARSYVWGEEFDY,H1-69,K1-39,True,19,79,68,8.741701135040879e-05,0.0002603677447209,0.000219400842112,False,False,False,False,False,False,False,False,False,True,False,False,False,-2,-2,False,1.4500000000000002,False,False,False,4.137435531616211,1521.584,1,0.0002603677447209,0.0002603677447209,440,130,False,130.0,True,False,False,False,0.8426251726973698,2.9781155812057,2.509531536342219
ARAKAWATWAPFDY,H1-69,UNK,True,2,14,68,9.201790668464084e-06,4.614111931763876e-05,0.000219400842112,False,False,False,False,False,False,False,False,False,False,False,False,False,1,1,False,0.4714285714285715,False,False,False,8.63377227783203,1653.8361,1,0.000219400842112,0.000219400842112,41,131,False,131.0,True,True,False,False,4.753965783623928,5.008919652896546,23.81739338292861
ARVDFISTEEGFDY,H1-69,K1-39,True,59,133,65,0.0002714528247196,0.0004383406335175,0.0002097213931953,False,False,False,False,False,False,False,False,False,True,False,False,False,-3,-3,False,1.95,False,False,False,4.050025558471679,1648.7235999999998,1,0.0004383406335175,0.0004383406335175,456,132,False,132.0,True,False,False,False,0.47843296475338026,1.6147354024267295,0.7725602701287954
ARSHYSARSNDFDY,H3-23_A,K4-1,True,348,1062,64,0.0016011115763127,0.0035001334796665,0.0002064949102231,False,False,False,False,False,False,False,False,False,True,False,False,False,0,1,False,3.442857142857143,False,False,False,6.790507125854492,1688.7113,2,0.0035001334796665,0.0035001334796665,394,133,False,133.0,False,False,False,True,0.05899612727955233,2.186051035379291,0.12896891359033902
ARGIKWAQWAPFDY,H1-69,UNK,True,10,32,64,4.6008953342320415e-05,0.0001054654155831,0.0002064949102231,False,False,False,False,False,False,False,False,False,False,False,False,False,1,1,False,0.0642857142857144,False,False,False,8.63377227783203,1708.9145,1,0.0002064949102231,0.0002064949102231,226,134,False,134.0,True,True,False,False,1.9577539380293851,2.2917821445997735,4.487170942090964
ARGYIWGEEFDY,H4-34,K1-39,True,60,152,63,0.0002760537200539,0.00050096072402,0.0002032684272508,False,False,False,False,False,False,False,False,False,True,False,False,False,-2,-2,False,1.025,False,False,False,4.137435531616211,1505.5846,1,0.00050096072402,0.00050096072402,220,135,False,135.0,False,False,False,False,0.4057491136801139,1.8146561378010486,0.7363098172085522
ARFLPDVTGNEFDY,H4-34,K1-39,True,22,115,63,0.0001012196973531,0.000379016337252,0.0002032684272508,False,False,False,False,False,False,False,False,False,True,False,False,False,-2,-2,False,1.492857142857143,False,False,False,4.050025558471679,1643.7501,1,0.000379016337252,0.000379016337252,178,136,False,136.0,True,False,False,False,0.5362910364607583,3.7441220033479956,2.0079920474500486
AREGYDWVSGARGFDY,H1-69,K3-20,True,195,704,60,0.0008971745901752,0.0023202391428298,0.0001935889783341,False,False,False,False,False,False,False,False,False,False,False,False,False,-1,-1,False,2.3312500000000003,False,False,False,4.558281326293945,1848.9236,2,0.0023202391428298,0.0023202391428298,142,138,False,138.0,False,False,False,True,0.08343456517690892,2.5861335206133105,0.21577385574165558
ARAGIPASYDADFDI,H3-23_A,K1-39,True,28,62,58,0.0001288250693584,0.0002043392426924,0.0001871360123896,False,False,False,False,False,False,False,False,False,True,False,False,False,-2,-2,False,1.9866666666666668,False,False,False,4.050025558471679,1581.6808,1,0.0002043392426924,0.0002043392426924,15,139,False,139.0,True,False,False,False,0.9157656271390715,1.586052956776533,1.4525238611003923
ARGAMQYWDEEFDY,H1-69,K1-39,True,6,24,57,2.760537200539225e-05,7.909906168738073e-05,0.0001839095294174,False,False,False,False,False,False,False,False,False,True,False,False,False,-3,-3,False,2.0357142857142856,False,False,False,4.050025558471679,1780.8662,1,0.0001839095294174,0.0001839095294174,203,140,False,140.0,False,False,False,False,2.3247593321756814,2.8643127339344057,6.659679593723718
ARASGSRAGNNFDY,H1-69,K4-1,True,11,22,57,5.060984867655246e-05,7.250747321343234e-05,0.0001839095294174,False,False,True,False,False,False,False,False,False,False,False,False,False,1,1,False,3.7142857142857135,False,False,False,8.79022674560547,1485.5171999999998,2,0.0001839095294174,0.0001839095294174,69,141,False,141.0,False,False,False,False,2.5360719460828465,1.4323921368618868,3.6331505175476444
ARGDPWTSLGAFDY,H1-69,K3-20,True,159,473,56,0.0007315423581428,0.0015589106740887,0.0001806830464452,False,False,False,False,True,False,False,False,False,False,False,False,False,-1,-1,False,1.6642857142857146,False,False,False,4.207874679565429,1555.6451,1,0.0015589106740887,0.0015589106740887,210,142,False,142.0,False,False,False,True,0.11590265588774883,2.1309625438790514,0.2469858027713861
ARFLDAAVDPFDY,UNK,K4-1,True,22,85,56,0.0001012196973531,0.0002801425101428,0.0001806830464452,False,False,False,False,True,False,False,False,False,False,False,False,False,-2,-2,False,0.7230769230769233,False,False,False,4.050025558471679,1499.6215,1,0.0002801425101428,0.0002801425101428,176,143,False,143.0,True,False,False,False,0.6449453062301738,2.7673945242139077,1.7848818199560377
ARTEVEYWPGETFDY,H1-69,K3-15,True,11,50,55,5.060984867655246e-05,0.0001647897118487,0.0001774565634729,False,False,False,False,False,False,False,False,False,True,False,False,False,-3,-3,False,2.08,False,False,False,4.050025558471679,1862.9437000000005,1,0.0001774565634729,0.0001774565634729,442,144,False,144.0,True,True,False,False,1.0768014184140082,3.255436674685912,3.5056715520190673
ARFLPDVTGNEFDY,H3-23_A,UNK,True,6,37,55,2.760537200539225e-05,0.000121944386768,0.0001774565634729,False,False,False,False,False,False,False,False,False,True,False,False,False,-2,-2,False,1.492857142857143,False,False,False,4.050025558471679,1643.7501,1,0.0001774565634729,0.0001774565634729,178,145,False,145.0,True,True,False,False,1.455106029195035,4.415815464813901,6.426006625521805
ARFEDSADEGFDY,UNK,K1-39,True,6,36,55,2.760537200539225e-05,0.000118648592531,0.0001774565634729,False,True,False,False,False,False,False,False,False,True,False,False,False,-4,-4,False,3.5307692307692307,False,False,False,4.050025558471679,1521.4964,1,0.0001774565634729,0.0001774565634729,166,146,False,146.0,True,False,False,False,1.4955222347386163,4.296469100899033,6.426006625521805
ARFLDAAVDPFDY,H1-69,K4-1,True,15,86,53,6.901343001348062e-05,0.0002834383043797,0.0001710035975285,False,False,False,False,True,False,False,False,False,False,False,False,False,-2,-2,False,0.7230769230769233,False,False,False,4.050025558471679,1499.6215,1,0.0002834383043797,0.0002834383043797,176,147,False,147.0,True,False,False,False,0.603297302845841,4.106407118920968,2.47747174394408
ARFLPDVTGNEFDY,H3-23_A,K4-1,True,91,296,51,0.0004186814754151,0.0009755550941443,0.000164550631584,False,False,False,False,False,False,False,False,False,True,False,False,False,-2,-2,False,1.492857142857143,False,False,False,4.050025558471679,1643.7501,1,0.0009755550941443,0.0009755550941443,178,148,False,148.0,True,True,False,False,0.1686721189305494,2.330009449504825,0.39301165953011313
ARHFPEVYPRWAFDY,H1-69,K3-15,True,25,45,51,0.0001150223833558,0.0001483107406638,0.000164550631584,False,False,False,False,False,False,False,False,False,False,False,False,False,0,1,False,0.0533333333333334,False,False,False,6.795363235473633,1954.1485,2,0.000164550631584,0.000164550631584,284,150,False,150.0,False,False,False,False,1.109424284476764,1.2892955560615367,1.430472244281317
ARDNAAISWSGYSAFDP,H3-23_A,K1-39,True,32,39,50,0.0001472286506954,0.0001285359752419,0.0001613241486118,False,False,False,False,True,False,False,False,False,False,False,False,False,-1,-1,False,2.223529411764706,False,False,False,4.207874679565429,1827.9029,1,0.0001613241486118,0.0001613241486118,102,151,False,151.0,False,False,False,False,1.254991829251888,0.8729771336183245,1.0956644050313893
ARGSITDPGWPFDY,H4-34,UNK,True,6,24,50,2.760537200539225e-05,7.909906168738073e-05,0.0001613241486118,False,False,False,False,True,False,False,False,False,False,False,False,False,-1,-1,False,1.75,False,False,False,4.207874679565429,1581.6824,1,0.0001613241486118,0.0001613241486118,256,152,False,152.0,True,True,False,False,2.0392625720845077,2.8643127339344057,5.841824205022457
ARGSVIYFADEFDY,H1-69,K1-39,True,142,19,50,0.0006533271374609,6.262009050250975e-05,0.0001613241486118,False,False,False,False,False,False,False,False,False,True,False,False,False,-2,-2,False,1.0357142857142858,False,False,False,4.050025558471679,1652.7568,1,0.0006533271374609,0.0001613241486118,202,153,False,153.0,False,False,False,True,2.5758249320322366,0.09584651921957726,0.24692327951654927
AREYGTDVSESWGEFDI,H3-7_A,K1-39,True,10,107,48,4.6008953342320415e-05,0.0003526499833562,0.0001548711826673,False,False,False,False,False,False,False,False,False,True,False,False,False,-4,-4,False,2.735294117647059,False,False,False,4.050025558471679,1961.0023,1,0.0003526499833562,0.0003526499833562,156,154,False,154.0,False,False,False,True,0.4391515623446117,7.663146546010042,3.365378206567679
ARDRDWASWGTFDY,H1-69,K3-15,True,91,51,46,0.0004186814754151,0.0001680855060856,0.0001484182167228,False,False,False,False,False,False,False,False,False,True,False,False,False,-1,-1,False,2.0642857142857145,False,False,False,4.429057693481445,1745.804,2,0.0004186814754151,0.0001680855060856,111,156,False,156.0,False,False,False,True,0.8829398249779525,0.4014543308266697,0.3544811046741635
ARAGIPASYDADFDI,UNK,K1-39,True,9,37,46,4.140805800808837e-05,0.000121944386768,0.0001484182167228,False,False,False,False,False,False,False,False,False,True,False,False,False,-2,-2,False,1.9866666666666668,False,False,False,4.050025558471679,1581.6808,1,0.0001484182167228,0.0001484182167228,15,157,False,157.0,True,False,False,False,1.2169977698723007,2.944232362226784,3.583418051464798
ARFEDSADEGFDY,H1-69,K1-39,True,6,43,45,2.760537200539225e-05,0.0001417191521898,0.0001451917337506,False,True,False,False,False,False,False,False,False,True,False,False,False,-4,-4,False,3.5307692307692307,False,False,False,4.050025558471679,1521.4964,1,0.0001451917337506,0.0001451917337506,166,158,False,158.0,True,False,False,False,1.02443097631857,5.131893648295867,5.257641784519486
ARATGSRAGNAFDY,UNK,K4-1,True,11,44,44,5.060984867655246e-05,0.0001450149464268,0.0001419652507783,False,False,False,False,False,False,False,False,False,False,False,False,False,1,1,False,3.271428571428572,False,False,False,8.79022674560547,1456.5190999999998,2,0.0001450149464268,0.0001450149464268,20,159,False,159.0,True,False,False,False,0.9789022804428731,2.864784273722496,2.804537241614859
ARATGSRAGNAFDY,H3-23_A,K3-20,True,7,24,43,3.220626733962429e-05,7.909906168738073e-05,0.0001387387678061,False,False,False,False,False,False,False,False,False,False,False,False,False,1,1,False,3.271428571428572,False,False,False,8.79022674560547,1456.5190999999998,2,0.0001387387678061,0.0001387387678061,20,160,False,160.0,True,True,False,False,1.7537658119920696,2.4552522132225136,4.3064817641197894
AREEIPRSPFTGTFDY,H4-34,K3-20,True,26,109,42,0.00011962327869,0.0003592415718301,0.0001355122848339,False,False,False,False,False,False,False,False,False,True,False,False,False,-1,-1,False,2.1625,False,False,False,4.6793262481689455,1886.0252,2,0.0003592415718301,0.0003592415718301,130,161,False,161.0,False,False,False,False,0.37720721483158187,3.0028565275803025,1.1327306775988855
DRGALQYWDEEFDY,H1-69,K1-39,True,1,15,42,4.600895334232042e-06,4.943691355461296e-05,0.0001355122848339,False,False,False,False,False,False,False,False,False,True,False,False,False,-4,-4,False,2.242857142857143,False,False,False,4.050025558471679,1806.8373,1,0.0001355122848339,0.0001355122848339,203,162,False,162.0,False,False,False,False,2.7405610399571216,10.721760085852573,29.389581634576395
ARDPYGVFGDPYHRFDY,H1-69,K3-15,True,2,6,42,9.201790668464084e-06,1.9774765421845183e-05,0.0001355122848339,False,False,False,False,True,False,False,False,False,False,False,False,False,-1,0,False,1.7882352941176471,False,False,False,5.2989147186279295,2075.1973,2,0.0001355122848339,0.0001355122848339,109,163,False,163.0,True,True,False,False,6.849324818593766,2.1466798512413767,14.710742971810763
ARVDFISTEEGFDY,UNK,K1-39,True,33,105,41,0.0001518295460296,0.0003460583948822,0.0001322858018616,False,False,False,False,False,False,False,False,False,True,False,False,False,-3,-3,False,1.95,False,False,False,4.050025558471679,1648.7235999999998,1,0.0003460583948822,0.0003460583948822,456,164,False,164.0,True,False,False,False,0.3822533459220668,2.2791058319862105,0.8712210048086674
ARTEVEYWPGETFDY,H4-34,K1-39,True,24,91,41,0.0001104214880215,0.0002999172755646,0.0001322858018616,False,False,False,False,False,False,False,False,False,True,False,False,False,-3,-3,False,2.08,False,False,False,4.050025558471679,1862.9437000000005,1,0.0002999172755646,0.0002999172755646,442,165,False,165.0,True,False,False,False,0.44105959223807756,2.7158673756728597,1.197899296945498
ARGYAWASWAPFDY,H4-34,K3-15,True,12,38,41,5.52107440107845e-05,0.000125240181005,0.0001322858018616,False,False,False,False,False,False,False,False,False,False,False,False,False,0,0,False,0.2785714285714287,False,False,False,5.87944984436035,1660.7838,1,0.0001322858018616,0.0001322858018616,56,166,False,166.0,True,False,False,False,1.056172540431851,2.2679915536911426,2.3955816646687134
AREGHSVRWGYANYFDY,H3-23_A,K3-20,True,4,15,40,1.8403581336928167e-05,4.943691355461296e-05,0.0001290593188894,False,False,False,False,False,False,False,False,False,False,False,False,False,0,1,False,1.6941176470588235,False,False,False,6.794238662719727,2091.2,2,0.0001290593188894,0.0001290593188894,136,168,False,168.0,True,True,False,False,2.610058133291919,2.6848070807099296,7.008920020928977
ARFSDRGSYAYGSDFDP,H4-34,K1-39,True,8,86,39,3.6807162673856334e-05,0.0002834383043797,0.0001258328359172,False,False,False,False,True,False,False,False,False,True,False,False,False,-1,-1,False,3.141176470588236,False,False,False,4.429057693481445,1910.9484,2,0.0002834383043797,0.0002834383043797,186,169,False,169.0,True,False,False,False,0.44393575115071987,7.698537415567006,3.4177765688216164
AREGHSVRWGYANYFDY,H3-23_A,K1-39,True,5,15,39,2.3004476671160207e-05,4.943691355461296e-05,0.0001258328359172,False,False,False,False,False,False,False,False,False,False,False,False,False,0,1,False,1.6941176470588235,False,False,False,6.794238662719727,2091.2,2,0.0001258328359172,0.0001258328359172,136,170,False,170.0,True,True,False,False,2.544806679960329,2.1480789792002137,5.467551477061525
ASGALQYWDEEFDY,H1-69,K1-39,True,3,12,39,1.3802686002696124e-05,3.9549530843690366e-05,0.0001258328359172,False,False,False,False,False,False,False,False,False,True,False,False,False,-4,-4,False,1.842857142857143,False,False,False,4.050025558471679,1693.7194,0,0.0001258328359172,0.0001258328359172,203,171,False,171.0,False,False,False,False,3.180847528611932,2.8632758926084776,9.109946891765906
ARGALQYWDEGFDY,H1-69,K3-20,True,1,9,39,4.600895334232042e-06,2.9662148132767776e-05,0.0001258328359172,False,False,False,False,False,False,False,False,False,True,False,False,False,-2,-2,False,1.5285714285714287,False,False,False,4.050025558471679,1690.7650999999998,1,0.0001258328359172,0.0001258328359172,203,172,False,172.0,False,False,False,False,4.240772705574333,6.433056051511543,27.290325803536774
ARFSDRGSYAYGSDFDP,H3-23_A,K3-15,True,7,60,38,3.220626733962429e-05,0.0001977476542184,0.0001226063529449,False,False,False,False,True,False,False,False,False,True,False,False,False,-1,-1,False,3.141176470588236,False,False,False,4.429057693481445,1910.9484,2,0.0001977476542184,0.0001977476542184,186,173,False,173.0,True,True,False,False,0.6199828443024296,6.138130533054676,3.8057280706166945
ARDNAAISWSGYSAFDP,UNK,K1-39,True,18,33,38,8.281611601617674e-05,0.0001087612098201,0.0001226063529449,False,False,False,False,True,False,False,False,False,False,False,False,False,-1,-1,False,2.223529411764706,False,False,False,4.207874679565429,1827.9029,1,0.0001226063529449,0.0001226063529449,102,174,False,174.0,False,False,False,False,1.1271948997136498,1.3131270069317011,1.480286156614585
ARFLDAAVDPFDY,H3-23_A,K1-39,True,14,49,37,6.441253467924858e-05,0.0001614939176117,0.0001193798699727,False,False,False,False,True,False,False,False,False,False,False,False,False,-2,-2,False,0.7230769230769233,False,False,False,4.050025558471679,1499.6215,1,0.0001614939176117,0.0001614939176117,176,175,False,175.0,True,True,False,False,0.7391763106311895,2.5067923579188123,1.8530762654260167
ARVDFISTEEGFDY,H3-23_A,K3-15,True,6,54,36,2.760537200539225e-05,0.0001779728887966,0.0001161533870005,False,False,False,False,False,False,False,False,False,True,False,False,False,-3,-3,False,1.95,False,False,False,4.050025558471679,1648.7235999999998,1,0.0001779728887966,0.0001779728887966,456,176,False,176.0,True,True,False,False,0.6526098535980099,6.444703651352172,4.206113427616314
ARATGSRAGNAFDY,H3-23_A,K1-39,True,8,35,36,3.6807162673856334e-05,0.000115352798294,0.0001161533870005,False,False,False,False,False,False,False,False,False,False,False,False,False,1,1,False,3.271428571428572,False,False,False,8.79022674560547,1456.5190999999998,2,0.0001161533870005,0.0001161533870005,20,177,False,177.0,True,True,False,False,1.0068530645770677,3.133125692380184,3.1548706789124705
ARLEDSADEGFDY,H3-23_A,K3-20,True,3,15,36,1.3802686002696124e-05,4.943691355461296e-05,0.0001161533870005,False,True,False,False,False,False,False,False,False,True,False,False,False,-4,-4,False,3.5307692307692307,False,False,False,4.050025558471679,1487.4802,1,0.0001161533870005,0.0001161533870005,166,178,False,178.0,False,False,False,False,2.3490523199635365,3.579094865760597,8.40918174624601
ARSEEAIAWRGYNAFDP,H1-69,K3-15,True,1,13,36,4.600895334232042e-06,4.284532508066456e-05,0.0001161533870005,False,False,False,False,True,False,False,False,False,True,False,False,False,-1,-1,False,2.0352941176470587,False,False,False,4.6793262481689455,1953.0746,2,0.0001161533870005,0.0001161533870005,378,179,False,179.0,True,True,False,False,2.710360656041459,9.292192074405563,25.19106997249715
ARFVPDRLDVYLFDP,UNK,K1-39,True,6,11,35,2.760537200539225e-05,3.625373660671617e-05,0.0001129269040282,False,False,False,False,True,False,False,False,False,False,False,False,False,-1,-1,False,-0.0933333333333331,False,False,False,4.429057693481445,1823.0552,2,0.0001129269040282,0.0001129269040282,194,180,False,180.0,False,False,False,False,3.114044899810064,1.3128100030532692,4.089276943513547
ARARGWASWAPFDY,H1-69,K3-15,True,1,7,35,4.600895334232042e-06,2.307055965881938e-05,0.0001129269040282,False,False,False,False,False,False,False,False,False,False,False,False,False,1,1,False,0.7142857142857144,False,False,False,8.79022674560547,1653.7963,2,0.0001129269040282,0.0001129269040282,56,181,False,181.0,False,False,False,False,4.8927281529349385,5.003488040064534,24.49131802880282
AREEIPRSPFTGTFDY,H1-69,K1-39,True,47,115,33,0.0002162420807089,0.000379016337252,0.0001064739380837,False,False,False,False,False,False,False,False,False,True,False,False,False,-1,-1,False,2.1625,False,False,False,4.6793262481689455,1886.0252,2,0.000379016337252,0.000379016337252,130,182,False,182.0,False,False,False,False,0.28091435243168755,1.7526598403564002,0.4923602942208269
AREEIPRSPFTGTFDY,UNK,K1-39,True,36,112,33,0.0001656322320323,0.0003691289545411,0.0001064739380837,False,False,False,False,False,False,False,False,False,True,False,False,False,-1,-1,False,2.1625,False,False,False,4.6793262481689455,1886.0252,2,0.0003691289545411,0.0003691289545411,130,183,False,183.0,False,False,False,False,0.28843864017566095,2.228471266126868,0.6427946350236197
ARAGIPASYDADFDI,H1-69,K3-15,True,7,30,33,3.220626733962429e-05,9.887382710922592e-05,0.0001064739380837,False,False,False,False,False,False,False,False,False,True,False,False,False,-2,-2,False,1.9866666666666668,False,False,False,4.050025558471679,1581.6808,1,0.0001064739380837,0.0001064739380837,15,184,False,184.0,True,True,False,False,1.0767578601715135,3.0690652665281424,3.3049743771135995
ARGSITDPGWPFDY,H4-34,K4-1,True,37,65,32,0.0001702331273665,0.0002142266254033,0.0001032474551115,False,False,False,False,True,False,False,False,False,False,False,False,False,-1,-1,False,1.75,False,False,False,4.207874679565429,1581.6824,1,0.0002142266254033,0.0002142266254033,256,185,False,185.0,True,True,False,False,0.4819318588366339,1.258356966987056,0.6064706206273368
ARAGDWGAWSPFDY,H4-34,K3-15,True,8,64,32,3.6807162673856334e-05,0.0002109308311663,0.0001032474551115,False,False,False,False,False,False,False,False,False,False,False,False,False,-1,-1,False,1.385714285714286,False,False,False,4.207874679565429,1598.6714,1,0.0002109308311663,0.0002109308311663,9,186,False,186.0,False,False,False,False,0.4894616871500924,5.729144123212971,2.8043294923651314
ARGPYNDWAGANLFDP,H3-23_A,K1-39,True,10,42,32,4.6008953342320415e-05,0.0001384233579529,0.0001032474551115,False,False,False,False,True,False,False,False,False,False,False,False,False,-1,-1,False,1.8625000000000005,False,False,False,4.207874679565429,1763.8622,1,0.0001384233579529,0.0001384233579529,243,187,False,187.0,False,False,False,False,0.7458278599774232,3.0079640647889683,2.243585471044395
AREGHSVRWGYANYFDY,H4-34,K4-1,True,5,26,32,2.3004476671160207e-05,8.569065016132913e-05,0.0001032474551115,False,False,False,False,False,False,False,False,False,False,False,False,False,0,1,False,1.6941176470588235,False,False,False,6.794238662719727,2091.2,2,0.0001032474551115,0.0001032474551115,136,188,False,188.0,True,False,False,False,1.204745295597402,3.7233368972803706,4.486196083740673
ARGDLQYWDEEFDY,H1-69,K1-39,True,3,16,32,1.3802686002696124e-05,5.273270779158716e-05,0.0001032474551115,False,False,False,False,False,False,False,False,False,True,False,False,False,-4,-4,False,2.242857142857143,False,False,False,4.050025558471679,1806.8373,1,0.0001032474551115,0.0001032474551115,203,189,False,189.0,False,False,False,False,1.9575683432766169,3.8177011901446374,7.474828218881319
ARHFPEVYPRWAFDY,H3-23_A,K3-20,True,2,14,32,9.201790668464084e-06,4.614111931763876e-05,0.0001032474551115,False,False,False,False,False,False,False,False,False,False,False,False,False,0,1,False,0.0533333333333334,False,False,False,6.795363235473633,1954.1485,2,0.0001032474551115,0.0001032474551115,284,190,False,190.0,False,False,False,False,2.2371603687635644,5.008919652896546,11.208185121374978
ARSYVWGEEFDY,H3-23_A,K1-39,True,6,79,31,2.760537200539225e-05,0.0002603677447209,0.0001000209721393,False,False,False,False,False,False,False,False,False,True,False,False,False,-2,-2,False,1.4500000000000002,False,False,False,4.137435531616211,1521.584,1,0.0002603677447209,0.0002603677447209,440,191,False,191.0,True,False,False,False,0.3841379463767647,9.428362749198522,3.6219310071133437
ARFLDAAVDPFDY,H3-23_A,K3-20,True,6,50,31,2.760537200539225e-05,0.0001647897118487,0.0001000209721393,False,False,False,False,True,False,False,False,False,False,False,False,False,-2,-2,False,0.7230769230769233,False,False,False,4.050025558471679,1499.6215,1,0.0001647897118487,0.0001647897118487,176,192,False,192.0,True,True,False,False,0.6069244358335266,5.967318195696322,3.6219310071133437
ARDPYGVFGDPYHRFDY,H4-34,K1-39,True,7,12,31,3.220626733962429e-05,3.9549530843690366e-05,0.0001000209721393,False,False,False,False,True,False,False,False,False,False,False,False,False,-1,0,False,1.7882352941176471,False,False,False,5.2989147186279295,2075.1973,2,0.0001000209721393,0.0001000209721393,109,193,False,193.0,True,False,False,False,2.5283659842809554,1.2276261066112568,3.1046728997148447
TRGALQYWDEEFDY,H1-69,K1-39,True,1,10,31,4.600895334232042e-06,3.295794236974197e-05,0.0001000209721393,False,False,False,False,False,False,False,False,False,True,False,False,False,-3,-3,False,1.9,False,False,False,4.050025558471679,1792.8538,1,0.0001000209721393,0.0001000209721393,203,194,False,194.0,False,False,False,False,3.033885797831878,7.147840057235047,21.692310254090554
ARGAPQYWDEEFDY,H1-69,K1-39,True,1,5,31,4.600895334232042e-06,1.6478971184870985e-05,0.0001000209721393,False,False,False,False,False,False,False,False,False,True,False,False,False,-3,-3,False,2.485714285714286,False,False,False,4.050025558471679,1746.7854,1,0.0001000209721393,0.0001000209721393,203,195,False,195.0,False,False,False,False,6.065931647152829,3.5739200286175237,21.692310254090554
ARFSDRGSYAYGSDFDP,H3-23_A,K4-1,True,30,113,30,0.0001380268600269,0.000372424748778,9.679448916708342e-05,False,False,False,False,True,False,False,False,False,True,False,False,False,-1,-1,False,3.141176470588236,False,False,False,4.429057693481445,1910.9484,2,0.000372424748778,0.000372424748778,186,196,False,196.0,True,True,False,False,0.25989650397734626,2.69800942085631,0.7012220442294945
ARPEWTGTGYGAFDP,H1-69,K4-1,True,12,40,29,5.52107440107845e-05,0.0001318317694789,9.356800619484732e-05,False,False,False,False,True,False,False,False,False,False,False,False,False,-1,-1,False,2.4533333333333336,False,False,False,4.370375442504883,1624.7071999999998,1,0.0001318317694789,0.0001318317694789,344,197,False,197.0,True,False,False,False,0.7096992596858462,2.387359530200345,1.694435811595977
ARDANWAAWEKFDY,H4-34,K3-15,True,22,44,27,0.0001012196973531,0.0001450149464268,8.711504025037508e-05,False,False,False,False,False,False,False,False,False,False,False,False,False,-1,-1,False,1.5714285714285714,False,False,False,4.558281326293945,1742.8430999999998,1,0.0001450149464268,0.0001450149464268,86,198,False,198.0,False,False,False,False,0.6006900357266851,1.4325336360630654,0.8605680203360533
AREEIPRSPFTGTFDY,H3-23_A,K1-39,True,43,97,26,0.0001978384993719,0.0003196920409864,8.388855727813897e-05,False,False,False,False,False,False,False,False,False,True,False,False,False,-1,-1,False,2.1625,False,False,False,4.6793262481689455,1886.0252,2,0.0003196920409864,0.0003196920409864,130,199,False,199.0,False,False,False,False,0.2623960642206459,1.6158426371759744,0.4240040108692049
ARASGSRAGNNFDY,UNK,K4-1,True,17,33,26,7.82152206819447e-05,0.0001087612098201,8.388855727813897e-05,False,False,True,False,False,False,False,False,False,False,False,False,False,1,1,False,3.7142857142857135,False,False,False,8.79022674560547,1485.5171999999998,2,0.0001087612098201,0.0001087612098201,69,201,False,201.0,False,False,False,False,0.7712386155940051,1.3903598976385294,1.072397834698617
ARVSGWASWSPFDY,H1-69,K1-39,True,3,37,24,1.3802686002696124e-05,0.000121944386768,7.743559133366673e-05,False,False,False,False,False,False,False,False,False,False,False,False,False,0,0,False,0.7785714285714287,False,False,False,5.880318832397459,1628.7404,1,0.000121944386768,0.000121944386768,469,202,False,202.0,False,False,False,False,0.6349553581945058,8.828434002206192,5.606121164164011
ARGLDWNPSQGDFDY,H1-69,K1-39,True,443,429,22,0.0020381966330647,0.0014138957276619,7.098262538919451e-05,False,False,False,False,False,False,False,False,False,True,False,False,False,-2,-2,False,2.6,False,False,False,4.050025558471679,1740.7824999999998,1,0.0020381966330647,0.0014138957276619,232,204,False,204.0,False,False,False,True,0.05020322359580131,0.6936959701362222,0.034826020207020525
ARAYLWGEDFDY,H4-34,K3-15,True,20,84,22,9.201790668464084e-05,0.0002768467159058,7.098262538919451e-05,False,False,False,False,False,False,False,False,False,True,False,False,False,-2,-2,False,0.8083333333333336,False,False,False,4.050025558471679,1505.5846,1,0.0002768467159058,0.0002768467159058,81,205,False,205.0,False,False,False,False,0.2563875871927421,3.00829091825909,0.7713163098714847
ARGIKWAQWAPFDY,H1-69,K4-1,True,32,51,22,0.0001472286506954,0.0001680855060856,7.098262538919451e-05,False,False,False,False,False,False,False,False,False,False,False,False,False,1,1,False,0.0642857142857144,False,False,False,8.63377227783203,1708.9145,1,0.0001680855060856,0.0001680855060856,226,206,False,206.0,True,True,False,False,0.42227556846789066,1.141585482424224,0.4820923382138284
ARAYLWGEDFDY,H4-34,K3-20,True,18,41,22,8.281611601617674e-05,0.0001351275637159,7.098262538919451e-05,False,False,False,False,False,False,False,False,False,True,False,False,False,-2,-2,False,0.8083333333333336,False,False,False,4.050025558471679,1505.5846,1,0.0001351275637159,0.0001351275637159,81,207,False,207.0,False,False,False,False,0.5252619881354488,1.6314608267941513,0.8570077748826339
ARARGWASWSPFDY,H1-69,K4-1,True,8,33,22,3.6807162673856334e-05,0.0001087612098201,7.098262538919451e-05,False,False,False,False,False,False,False,False,False,False,False,False,False,1,1,False,1.0285714285714287,False,False,False,8.79022674560547,1669.7957,2,0.0001087612098201,0.0001087612098201,56,208,False,208.0,True,True,False,False,0.652586520887235,2.9540899385310517,1.927976526002067
ARPEWTGTGYGAFDP,UNK,K4-1,True,19,60,21,8.741701135040879e-05,0.0001977476542184,6.77561424169584e-05,False,False,False,False,True,False,False,False,False,False,False,False,False,-1,-1,False,2.4533333333333336,False,False,False,4.370375442504883,1624.7071999999998,1,0.0001977476542184,0.0001977476542184,344,209,False,209.0,True,False,False,False,0.3426220981673343,2.261859935092879,0.7750023862235295
ARAEDWGSWSPFDY,H4-34,K3-15,True,9,89,20,4.140805800808837e-05,0.0002933256870907,6.452965944472228e-05,False,False,False,False,False,False,False,False,False,True,False,False,False,-2,-2,False,1.85,False,False,False,4.050025558471679,1686.7334999999998,1,0.0002933256870907,0.0002933256870907,9,210,False,210.0,True,False,False,False,0.21998571017637403,7.082072438872378,1.5580078484635984
ARGWVWGEEFDY,H4-34,K3-15,True,23,84,20,0.0001058205926873,0.0002768467159058,6.452965944472228e-05,False,False,False,False,False,False,False,False,False,True,False,False,False,-2,-2,False,0.7083333333333334,False,False,False,4.137435531616211,1514.5947,1,0.0002768467159058,0.0002768467159058,271,211,False,211.0,False,False,False,False,0.23307962472067456,2.6159422230942724,0.6097448554917339
ARVSGWASWSPFDY,H3-23_A,K3-15,True,15,56,20,6.901343001348062e-05,0.0001845644772705,6.452965944472228e-05,False,False,False,False,False,False,False,False,False,False,False,False,False,0,0,False,0.7785714285714287,False,False,False,5.880318832397459,1628.7404,1,0.0001845644772705,0.0001845644772705,469,212,False,212.0,False,False,False,False,0.34961312310884635,2.673939519297341,0.9348949977148241
ARFEDSADEGFDY,H3-7_A,K3-20,True,13,48,20,5.981163934501654e-05,0.0001581981233747,6.452965944472228e-05,False,True,False,False,False,False,False,False,False,True,False,False,False,-4,-4,False,3.5307692307692307,False,False,False,4.050025558471679,1521.4964,1,0.0001581981233747,0.0001581981233747,166,213,False,213.0,True,False,False,False,0.40787829390966407,2.6444966254151763,1.0787009542241497
ARSYVWGEEFDY,H4-34,UNK,True,6,39,20,2.760537200539225e-05,0.0001285359752419,6.452965944472228e-05,False,False,False,False,False,False,False,False,False,True,False,False,False,-2,-2,False,1.4500000000000002,False,False,False,4.137435531616211,1521.584,1,0.0001285359752419,0.0001285359752419,440,214,False,214.0,True,True,False,False,0.501996731700773,4.654508192640017,2.3367296820090653
ARGDIRYSGDEFDY,H3-23_A,K1-39,True,4,32,18,1.8403581336928167e-05,0.0001054654155831,5.8076693500250056e-05,False,False,False,False,False,False,False,False,False,True,False,False,False,-2,-2,False,3.2285714285714286,False,False,False,4.226021194458009,1663.6985,2,0.0001054654155831,0.0001054654155831,209,216,False,216.0,False,False,False,False,0.5506182950707947,5.7275884388438145,3.1540140094191287
ARAKAWATWAPFDY,H1-69,K4-1,True,15,31,17,6.901343001348062e-05,0.0001021696213462,5.485021052801394e-05,False,False,False,False,False,False,False,False,False,False,False,False,False,1,1,False,0.4714285714285715,False,False,False,8.63377227783203,1653.8361,1,0.0001021696213462,0.0001021696213462,41,217,False,217.0,True,True,False,False,0.5368018574092494,1.4802165196114678,0.7946607480576005
ARGYIWGEEFDY,H4-34,K3-15,True,305,258,16,0.0014032730769407,0.0008503149131393,5.162372755577782e-05,False,False,False,False,False,False,False,False,False,True,False,False,False,-2,-2,False,1.025,False,False,False,4.137435531616211,1505.5846,1,0.0014032730769407,0.0008503149131393,220,218,False,218.0,False,False,False,False,0.06071059045558134,0.6059468165133675,0.036787821647733976
ARVSGWASWSPFDY,UNK,K3-15,True,6,42,16,2.760537200539225e-05,0.0001384233579529,5.162372755577782e-05,False,False,False,False,False,False,False,False,False,False,False,False,False,0,0,False,0.7785714285714287,False,False,False,5.880318832397459,1628.7404,1,0.0001384233579529,0.0001384233579529,469,219,False,219.0,False,False,False,False,0.37291392998891254,5.01254728438462,1.8693837456072522
ARAEDWGSWSPFDY,H1-69,K3-20,True,5,34,16,2.3004476671160207e-05,0.0001120570040571,5.162372755577782e-05,False,False,False,False,False,False,False,False,False,True,False,False,False,-2,-2,False,1.85,False,False,False,4.050025558471679,1686.7334999999998,1,0.0001120570040571,0.0001120570040571,9,220,False,220.0,True,True,False,False,0.46065055446181713,4.868979019519498,2.243098041871545
ARFSDAIDRGYEFDP,H1-69,K1-39,True,28,121,15,0.0001288250693584,0.0003987911026738,4.839724458354171e-05,False,False,False,False,True,False,False,False,False,True,False,False,False,-2,-2,False,2.426666666666667,False,False,False,4.226021194458009,1758.8409,2,0.0003987911026738,0.0003987911026738,185,221,False,221.0,True,False,False,False,0.12135684745868999,3.095361415643923,0.37565272269856725
ARSYVWGEEFDY,H4-34,K4-1,True,42,107,15,0.0001932376040377,0.0003526499833562,4.839724458354171e-05,False,False,False,False,False,False,False,False,False,True,False,False,False,-2,-2,False,1.4500000000000002,False,False,False,4.137435531616211,1521.584,1,0.0003526499833562,0.0003526499833562,440,222,False,222.0,True,True,False,False,0.13723486323272083,1.8248608313270613,0.25044162810991466
ARVDFISTEEGFDY,H4-34,K1-39,True,17,60,15,7.82152206819447e-05,0.0001977476542184,4.839724458354171e-05,False,False,False,False,False,False,False,False,False,True,False,False,False,-3,-3,False,1.95,False,False,False,4.050025558471679,1648.7235999999998,1,0.0001977476542184,0.0001977476542184,456,223,False,223.0,True,False,False,False,0.2447300701195245,2.5279270866159727,0.6186910584799713
ARDRGWASWGEFDY,H1-69,K1-39,True,16,46,15,7.361432534771267e-05,0.0001516065349008,4.839724458354171e-05,False,False,False,False,False,False,False,False,False,True,False,False,False,-1,-1,False,1.942857142857143,False,False,False,4.558281326293945,1715.7779999999998,2,0.0001516065349008,0.0001516065349008,111,224,False,224.0,True,True,False,False,0.3192082223433425,2.059190820218634,0.6573539975405058
ARVRLSGSSPGTDFDI,H3-23_A,K3-20,True,13,43,14,5.981163934501654e-05,0.0001417191521898,4.51707616113056e-05,False,False,False,False,False,False,False,False,False,True,False,False,False,0,0,False,2.4125,False,False,False,6.005810928344727,1677.813,2,0.0001417191521898,0.0001417191521898,467,226,False,226.0,False,False,False,False,0.3187118592991659,2.3690282269338367,0.7550906679569048
ARTGTAYWDEEFDY,H3-23_A,K1-39,True,49,137,13,0.0002254438713773,0.0004515238104654,4.194427863906948e-05,False,False,False,False,False,False,False,False,False,True,False,False,False,-3,-3,False,2.65,False,False,False,4.050025558471679,1723.7487999999998,1,0.0004515238104654,0.0004515238104654,203,227,False,227.0,False,False,False,False,0.0928928856863169,2.0027325665646654,0.18604372762743643
ARTEVEYWPGETFDY,H1-69,K3-20,True,7,35,13,3.220626733962429e-05,0.000115352798294,4.194427863906948e-05,False,False,False,False,False,False,False,False,False,True,False,False,False,-3,-3,False,2.08,False,False,False,4.050025558471679,1862.9437000000005,1,0.000115352798294,0.000115352798294,442,228,False,228.0,True,True,False,False,0.36358582887505253,3.5805761442798247,1.3019596031064795
ARGFIWGEEFDY,H4-34,K3-15,True,2,34,13,9.201790668464084e-06,0.0001120570040571,4.194427863906948e-05,False,False,False,False,False,False,False,False,False,True,False,False,False,-2,-2,False,0.4166666666666668,False,False,False,4.137435531616211,1489.5852,1,0.0001120570040571,0.0001120570040571,220,229,False,229.0,False,False,False,False,0.3742785755002265,12.164519157032004,4.5533252055610385
ARFSDAIDRGYEFDP,UNK,K1-39,True,18,112,12,8.281611601617674e-05,0.0003691289545411,3.8717795666833366e-05,False,False,False,False,True,False,False,False,False,True,False,False,False,-2,-2,False,2.426666666666667,False,False,False,4.226021194458009,1758.8409,2,0.0003691289545411,0.0003691289545411,185,230,False,230.0,True,False,False,False,0.10488677824578527,4.456673478073094,0.46745878629961846
AREEIPRSPFTGTFDY,H4-34,K4-1,True,84,104,12,0.0003864752080754,0.0003427626006453,3.8717795666833366e-05,False,False,False,False,False,False,False,False,False,True,False,False,False,-1,-1,False,2.1625,False,False,False,4.6793262481689455,1886.0252,2,0.0003864752080754,0.0003427626006453,130,231,False,231.0,False,False,False,False,0.11295475657606138,0.8868712009760279,0.10017924323582353
ARTGTAYWDEEFDY,H1-69,K3-15,True,16,52,12,7.361432534771267e-05,0.0001713813003226,3.8717795666833366e-05,False,False,False,False,False,False,False,False,False,True,False,False,False,-3,-3,False,2.65,False,False,False,4.050025558471679,1723.7487999999998,1,0.0001713813003226,0.0001713813003226,203,232,False,232.0,False,False,False,False,0.22590292269185824,2.3277809272030825,0.5258831980324046
ARAYLWGEDFDY,H1-69,K1-39,True,19,42,12,8.741701135040879e-05,0.0001384233579529,3.8717795666833366e-05,False,False,False,False,False,False,False,False,False,True,False,False,False,-2,-2,False,0.8083333333333336,False,False,False,4.050025558471679,1505.5846,1,0.0001384233579529,0.0001384233579529,81,233,False,233.0,False,False,False,False,0.27968544749168445,1.583301954565244,0.4428585064134453
ARFSDAIDRGYEFDP,H3-23_A,K3-20,True,1,40,12,4.600895334232042e-06,0.0001318317694789,3.8717795666833366e-05,False,False,False,False,True,False,False,False,False,True,False,False,False,-2,-2,False,2.426666666666667,False,False,False,4.226021194458009,1758.8409,2,0.0001318317694789,0.0001318317694789,185,234,False,234.0,True,True,False,False,0.29366865918035007,28.59136022892547,8.397023324165724
ARGPFLEEFDY,H3-23_A,K1-39,True,76,108,11,0.0003496680454016,0.0003559457775932,3.549131269459725e-05,False,False,False,False,False,False,False,False,False,True,False,False,False,-2,-2,False,0.9272727272727276,False,False,False,4.137435531616211,1343.4392,1,0.0003559457775932,0.0003559457775932,17,236,False,236.0,False,False,False,False,0.09970708421864159,1.0179242942873397,0.10149711473545904
ARGWVWGEEFDY,H4-34,K3-20,True,17,67,11,7.82152206819447e-05,0.0002208182138772,3.549131269459725e-05,False,False,False,False,False,False,False,False,False,True,False,False,False,-2,-2,False,0.7083333333333334,False,False,False,4.137435531616211,1514.5947,1,0.0002208182138772,0.0002208182138772,271,237,False,237.0,False,False,False,False,0.16071910410113427,2.822851913387666,0.4537067762186456
ARGPFLEEFDY,H1-69,K3-15,True,16,66,11,7.361432534771267e-05,0.0002175224196402,3.549131269459725e-05,False,False,False,False,False,False,False,False,False,True,False,False,False,-2,-2,False,0.9272727272727276,False,False,False,4.137435531616211,1343.4392,1,0.0002175224196402,0.0002175224196402,17,238,False,238.0,False,False,False,False,0.16315413009840146,2.9544911768343685,0.48205959819637084
ARSKRGLNAFDY,H3-23_A,K1-39,True,16,62,11,7.361432534771267e-05,0.0002043392426924,3.549131269459725e-05,False,False,False,False,False,False,False,False,False,False,False,False,False,2,2,False,2.266666666666667,False,False,False,9.98676300048828,1397.538,2,0.0002043392426924,0.0002043392426924,43,239,False,239.0,False,False,False,False,0.17367968790577376,2.775431105512308,0.48205959819637084
AREGYDWVSGARGFDY,H1-69,K1-39,True,9,58,11,4.140805800808837e-05,0.0001911560657445,3.549131269459725e-05,False,False,False,False,False,False,False,False,False,False,False,False,False,-1,-1,False,2.3312500000000003,False,False,False,4.558281326293945,1848.9236,2,0.0001911560657445,0.0001911560657445,142,240,False,240.0,False,False,False,False,0.1856569708456134,4.615283162411185,0.856904316654979
ARWDELRDPYPFDY,H3-23_A,K3-20,True,6,40,11,2.760537200539225e-05,0.0001318317694789,3.549131269459725e-05,False,False,False,False,True,False,False,False,False,True,False,False,False,-2,-2,False,1.45,False,False,False,4.226021194458009,1842.9589,2,0.0001318317694789,0.0001318317694789,480,241,False,241.0,False,False,False,False,0.2691962709153209,4.773854556554885,1.2852013251049856
ARGALQYWDEEFDY,H3-7_A,K1-39,True,17,37,11,7.82152206819447e-05,0.000121944386768,3.549131269459725e-05,False,False,False,False,False,False,False,False,False,True,False,False,False,-3,-3,False,1.6785714285714286,False,False,False,4.050025558471679,1762.8277999999998,1,0.000121944386768,0.000121944386768,203,242,False,242.0,True,False,False,False,0.2910212058391484,1.5588883700796794,0.4537067762186456
ARGYLPGFTDEFDY,H3-23_A,K1-39,True,22,18,11,0.0001012196973531,5.932429626553555e-05,3.549131269459725e-05,False,False,False,False,False,False,False,False,False,True,False,False,False,-2,-2,False,1.5285714285714287,False,False,False,4.050025558471679,1650.741,1,0.0001012196973531,5.932429626553555e-05,279,243,False,243.0,False,False,False,False,0.598158483851648,0.5860364874806063,0.3506017860628365
ARDRGWASWGEFDY,H3-23_A,K3-15,True,21,52,10,9.661880201887288e-05,0.0001713813003226,3.226482972236114e-05,False,False,False,False,False,False,False,False,False,True,False,False,False,-1,-1,False,1.942857142857143,False,False,False,4.558281326293945,1715.7779999999998,2,0.0001713813003226,0.0001713813003226,111,244,False,244.0,True,False,False,False,0.18825243557654853,1.7736047300796194,0.33390489220863356
ARWDELRDPYPFDY,H3-23_A,K1-39,True,12,47,10,5.52107440107845e-05,0.0001549023291377,3.226482972236114e-05,False,False,False,False,True,False,False,False,False,True,False,False,False,-2,-2,False,1.45,False,False,False,4.226021194458009,1842.9589,2,0.0001549023291377,0.0001549023291377,480,245,False,245.0,False,False,False,False,0.2082779976387887,2.8051474479852696,0.5842882108951644
ARAYLWGEDFDY,UNK,K1-39,True,20,36,10,9.201790668464084e-05,0.000118648592531,3.226482972236114e-05,False,False,False,False,False,False,False,False,False,True,False,False,False,-2,-2,False,0.8083333333333336,False,False,False,4.050025558471679,1505.5846,1,0.000118648592531,0.000118648592531,81,246,False,246.0,False,False,False,False,0.2719131335889715,1.2892675363961317,0.35059832266885665
AREEIPRSPFTGTFDY,H4-34,UNK,True,16,33,10,7.361432534771267e-05,0.0001087612098201,3.226482972236114e-05,False,False,False,False,False,False,False,False,False,True,False,False,False,-1,-1,False,2.1625,False,False,False,4.6793262481689455,1886.0252,2,0.0001087612098201,0.0001087612098201,130,247,False,247.0,False,False,False,False,0.296630236766925,1.4772455884171842,0.43823599836033716
ARAGDWGAWSPFDY,H1-69,K4-1,True,7,42,9,3.220626733962429e-05,0.0001384233579529,2.9038346750125028e-05,False,False,False,False,False,False,False,False,False,False,False,False,False,-1,-1,False,1.385714285714286,False,False,False,4.207874679565429,1598.6714,1,0.0001384233579529,0.0001384233579529,9,250,False,250.0,False,False,False,False,0.20976408561876334,4.296691373138894,0.9013566483044858
ARWDELRDPYPFDY,H1-69,K3-15,True,36,77,8,0.0001656322320323,0.000253776156247,2.581186377788891e-05,False,False,False,False,True,False,False,False,False,True,False,False,False,-2,-2,False,1.45,False,False,False,4.226021194458009,1842.9589,2,0.000253776156247,0.000253776156247,480,251,False,251.0,False,False,False,False,0.10170713863827643,1.5320739954621838,0.1558290024301027
ARDANWAAWEKFDY,H1-69,K4-1,True,29,26,8,0.0001334259646927,8.569065016132913e-05,2.581186377788891e-05,False,False,False,False,False,False,False,False,False,False,False,False,False,-1,-1,False,1.5714285714285714,False,False,False,4.558281326293945,1742.8430999999998,1,0.0001334259646927,8.569065016132913e-05,86,252,False,252.0,False,False,False,False,0.30118632389951283,0.6421855633799535,0.19344008069588323
ARGIFLDEFDY,UNK,K1-39,True,111,111,7,0.0005106993820997,0.0003658331603041,2.25853808056528e-05,False,False,False,False,False,False,False,False,False,True,False,False,False,-2,-2,False,0.2090909090909093,False,False,False,4.050025558471679,1345.455,1,0.0005106993820997,0.0003658331603041,225,254,False,254.0,False,False,False,False,0.06173514570254407,0.7163235552870312,0.044223547867471354
ARGAFPEEFDY,H3-23_A,K1-39,True,66,88,7,0.0003036590920593,0.0002900298928537,2.25853808056528e-05,False,False,False,False,False,False,False,False,False,True,False,False,False,-2,-2,False,1.9545454545454544,False,False,False,4.137435531616211,1301.3595,1,0.0003036590920593,0.0002900298928537,199,255,False,255.0,False,False,False,False,0.07786991156090782,0.9550853229312632,0.07437497393130271
ARGPFLEEFDY,UNK,K1-39,True,39,85,7,0.000179434918035,0.0002801425101428,2.25853808056528e-05,False,False,False,False,False,False,False,False,False,True,False,False,False,-2,-2,False,0.9272727272727276,False,False,False,4.137435531616211,1343.4392,1,0.0002801425101428,0.0002801425101428,17,256,False,256.0,False,False,False,False,0.08061816327878171,1.5611615709738815,0.1258624710745367
ARVDFISTEEGFDY,H3-23_A,K4-1,True,52,74,7,0.00023924655738,0.000243888773536,2.25853808056528e-05,False,False,False,False,False,False,False,False,False,True,False,False,False,-3,-3,False,1.95,False,False,False,4.050025558471679,1648.7235999999998,1,0.000243888773536,0.000243888773536,456,257,False,257.0,True,True,False,False,0.0926014529643346,1.0193608743966123,0.09439816844719327
ARSHYSARSNDFDY,H1-69,K4-1,True,17,63,7,7.82152206819447e-05,0.0002076350369293,2.25853808056528e-05,False,False,False,False,False,False,False,False,False,True,False,False,False,0,1,False,3.442857142857143,False,False,False,6.790507125854492,1688.7113,2,0.0002076350369293,0.0002076350369293,394,258,False,258.0,False,False,False,False,0.10876918196384719,2.6543234409465155,0.28872249395731997
ARGAFPEEFDY,H1-69,K3-15,True,14,46,7,6.441253467924858e-05,0.0001516065349008,2.25853808056528e-05,False,False,False,False,False,False,False,False,False,True,False,False,False,-2,-2,False,1.9545454545454544,False,False,False,4.137435531616211,1301.3595,1,0.0001516065349008,0.0001516065349008,199,259,False,259.0,False,False,False,False,0.14896383709355984,2.3533152747812425,0.3505819961617852
ARGIFLDEFDY,H3-23_A,K1-39,True,123,105,6,0.0005659101261105,0.0003460583948822,1.9358897833416683e-05,False,False,False,False,False,False,False,False,False,True,False,False,False,-2,-2,False,0.2090909090909093,False,False,False,4.050025558471679,1345.455,1,0.0005659101261105,0.0003460583948822,225,260,False,260.0,False,False,False,False,0.05593951403740974,0.6114968860722751,0.03420782711240193
ARTGTAYWDEEFDY,UNK,K1-39,True,40,94,6,0.0001840358133692,0.0003098046582755,1.9358897833416683e-05,False,False,False,False,False,False,False,False,False,True,False,False,False,-3,-3,False,2.65,False,False,False,4.050025558471679,1723.7487999999998,1,0.0003098046582755,0.0003098046582755,203,261,False,261.0,False,False,False,False,0.06248541609093897,1.6833018507952962,0.10518521165478675
ARSKRGLNAFDY,H1-69,K4-1,True,32,85,6,0.0001472286506954,0.0002801425101428,1.9358897833416683e-05,False,False,False,False,False,False,False,False,False,False,False,False,False,2,2,False,2.266666666666667,False,False,False,9.98676300048828,1397.538,2,0.0002801425101428,0.0002801425101428,43,262,False,262.0,False,False,False,False,0.06910128281038432,1.9026424707079457,0.13147972860377136
ARSKRGLNAFDY,UNK,K4-1,True,17,73,6,7.82152206819447e-05,0.0002405929792991,1.9358897833416683e-05,False,False,False,False,False,False,False,False,False,False,False,False,False,2,2,False,2.266666666666667,False,False,False,9.98676300048828,1397.538,2,0.0002405929792991,0.0002405929792991,43,263,False,263.0,False,False,False,False,0.08045992568259563,3.07564462205003,0.2474764233919885
ARGIFLDEFDY,H1-69,K3-15,True,44,59,6,0.0002024393947062,0.0001944518599814,1.9358897833416683e-05,False,False,False,False,False,False,False,False,False,True,False,False,False,-2,-2,False,0.2090909090909093,False,False,False,4.050025558471679,1345.455,1,0.0002024393947062,0.0001944518599814,225,264,False,264.0,False,False,False,False,0.0995511296419171,0.9604961292356234,0.0956233920161176
ARWDELRDPYPFDY,UNK,K3-15,True,30,51,6,0.0001380268600269,0.0001680855060856,1.9358897833416683e-05,False,False,False,False,True,False,False,False,False,True,False,False,False,-2,-2,False,1.45,False,False,False,4.226021194458009,1842.9589,2,0.0001680855060856,0.0001680855060856,480,265,False,265.0,False,False,False,False,0.11516606412760653,1.2176856678197712,0.1402444088458989
ARAEDWGSWSPFDY,H1-69,K4-1,True,13,45,6,5.981163934501654e-05,0.0001483107406638,1.9358897833416683e-05,False,False,False,False,False,False,False,False,False,True,False,False,False,-2,-2,False,1.85,False,False,False,4.050025558471679,1686.7334999999998,1,0.0001483107406638,0.0001483107406638,9,266,False,266.0,True,True,False,False,0.13052050405612306,2.4792155863270415,0.3236102862672449
AREGYDWVSGARGFDY,H3-23_A,K3-20,True,21,73,5,9.661880201887288e-05,0.0002405929792991,1.613241486118057e-05,False,False,False,False,False,False,False,False,False,False,False,False,False,-1,-1,False,2.3312500000000003,False,False,False,4.558281326293945,1848.9236,2,0.0002405929792991,0.0002405929792991,142,267,False,267.0,False,False,False,False,0.0670499380688297,2.4898681787662964,0.16695244610431678
ARGAFPEEFDY,UNK,K1-39,True,41,70,5,0.0001886367087035,0.0002307055965881,1.613241486118057e-05,False,False,False,False,False,False,False,False,False,True,False,False,False,-2,-2,False,1.9545454545454544,False,False,False,4.137435531616211,1301.3595,1,0.0002307055965881,0.0002307055965881,199,268,False,268.0,False,False,False,False,0.0699233822929709,1.222950552244751,0.08551654556844787
ARGWVWGEEFDY,H3-23_A,K1-39,True,19,42,5,8.741701135040879e-05,0.0001384233579529,1.613241486118057e-05,False,False,False,False,False,False,False,False,False,True,False,False,False,-2,-2,False,0.7083333333333334,False,False,False,4.137435531616211,1514.5947,1,0.0001384233579529,0.0001384233579529,271,269,False,269.0,False,False,False,False,0.11653560312153517,1.583301954565244,0.18452437767226887
ARGIFLDEFDY,H1-69,K3-20,True,27,38,5,0.0001242241740242,0.000125240181005,1.613241486118057e-05,False,False,False,False,False,False,False,False,False,True,False,False,False,-2,-2,False,0.2090909090909093,False,False,False,4.050025558471679,1345.455,1,0.000125240181005,0.000125240181005,225,270,False,270.0,False,False,False,False,0.12880152932103595,1.0080976670767259,0.1298548888652657
ARGDPWTSLGAFDY,H1-69,K1-39,True,7,34,5,3.220626733962429e-05,0.0001120570040571,1.613241486118057e-05,False,False,False,False,True,False,False,False,False,False,False,False,False,-1,-1,False,1.6642857142857146,False,False,False,4.207874679565429,1555.6451,1,0.0001120570040571,0.0001120570040571,210,271,False,271.0,False,False,False,False,0.14395329826931785,3.4782739687311897,0.5007536935024921
ARGPFLEEFDY,H1-69,K3-20,True,9,32,5,4.140805800808837e-05,0.0001054654155831,1.613241486118057e-05,False,False,False,False,False,False,False,False,False,True,False,False,False,-2,-2,False,0.9272727272727276,False,False,False,4.137435531616211,1343.4392,1,0.0001054654155831,0.0001054654155831,17,272,False,272.0,False,False,False,False,0.15294952640855408,2.5463631240871814,0.3895019621158996
ARHFPEVYPRWAFDY,H3-23_A,K4-1,True,33,23,5,0.0001518295460296,7.580326745040654e-05,1.613241486118057e-05,False,False,False,False,False,False,False,False,False,False,False,False,False,0,1,False,0.0533333333333334,False,False,False,6.795363235473633,1954.1485,2,0.0001518295460296,7.580326745040654e-05,284,273,False,273.0,False,False,False,False,0.21279144671786682,0.4992327060542532,0.10624646400112177
ARESWYWTAPPSHGFDI,H1-69,K3-20,True,98,177,4,0.0004508877427547,0.0005833555799444,1.2905931888944455e-05,False,False,False,True,False,False,False,False,False,False,False,False,False,-1,0,False,1.0176470588235291,False,False,False,5.322224044799805,2020.1621,1,0.0005833555799444,0.0005833555799444,152,274,False,274.0,False,False,False,True,0.022123231696622392,1.293764693476766,0.028622746723231247
ARGWVWGEEFDY,UNK,K1-39,True,41,74,4,0.0001886367087035,0.000243888773536,1.2905931888944455e-05,False,False,False,False,False,False,False,False,False,True,False,False,False,-2,-2,False,0.7083333333333334,False,False,False,4.137435531616211,1514.5947,1,0.000243888773536,0.000243888773536,271,276,False,276.0,False,False,False,False,0.052915115979619766,1.2928334409444966,0.0684132364547583
ARGWVWGEEFDY,H1-69,K1-39,True,42,67,4,0.0001932376040377,0.0002208182138772,1.2905931888944455e-05,False,False,False,False,False,False,False,False,False,True,False,False,False,-2,-2,False,0.7083333333333334,False,False,False,4.137435531616211,1514.5947,1,0.0002208182138772,0.0002208182138772,271,277,False,277.0,False,False,False,False,0.058443310582230644,1.1426698663447405,0.06678443416264392
ARGIFLDEFDY,H4-34,K1-39,True,60,52,4,0.0002760537200539,0.0001713813003226,1.2905931888944455e-05,False,False,False,False,False,False,False,False,False,True,False,False,False,-2,-2,False,0.2090909090909093,False,False,False,4.050025558471679,1345.455,1,0.0002760537200539,0.0001713813003226,225,278,False,278.0,False,False,False,False,0.07530097423061942,0.6208034155634022,0.04674982966405235
ARTGTAYWDEEFDY,H4-34,K1-39,True,22,52,4,0.0001012196973531,0.0001713813003226,1.2905931888944455e-05,False,False,False,False,False,False,False,False,False,True,False,False,False,-3,-3,False,2.65,False,False,False,4.050025558471679,1723.7487999999998,1,0.0001713813003226,0.0001713813003226,203,279,False,279.0,False,False,False,False,0.07530097423061942,1.6929942971656207,0.1274915585683042
ARFSDAIDRGYEFDP,H4-34,K1-39,True,10,41,4,4.6008953342320415e-05,0.0001351275637159,1.2905931888944455e-05,False,False,False,False,True,False,False,False,False,True,False,False,False,-2,-2,False,2.426666666666667,False,False,False,4.226021194458009,1758.8409,2,0.0001351275637159,0.0001351275637159,185,280,False,280.0,True,False,False,False,0.09550217966099067,2.936345872769614,0.28044818388070053
ARSKRGLNAFDY,H3-23_A,K3-20,True,9,36,4,4.140805800808837e-05,0.000118648592531,1.2905931888944455e-05,False,False,False,False,False,False,False,False,False,False,False,False,False,2,2,False,2.266666666666667,False,False,False,9.98676300048828,1397.538,2,0.000118648592531,0.000118648592531,43,281,False,281.0,False,False,False,False,0.10876525343558861,2.8646585145983803,0.3116015696927197
ARGYIWGEEFDY,H4-34,K4-1,True,26,14,4,0.00011962327869,4.614111931763876e-05,1.2905931888944455e-05,False,False,False,False,False,False,False,False,False,True,False,False,False,-2,-2,False,1.025,False,False,False,4.137435531616211,1505.5846,1,0.00011962327869,4.614111931763876e-05,220,282,False,282.0,False,False,False,False,0.27964504609559626,0.3856879943682062,0.10787911215228817
ARGPFLEEFDY,H4-34,K1-39,True,34,44,3,0.0001564304413638,0.0001450149464268,9.67944891670834e-06,False,False,False,False,False,False,False,False,False,True,False,False,False,-2,-2,False,0.9272727272727276,False,False,False,4.137435531616211,1343.4392,1,0.0001564304413638,0.0001450149464268,17,283,False,283.0,False,False,False,False,0.066743337302965,0.9269658482333851,0.06187306065059559
ARAYLWGEDFDY,H3-23_A,K1-39,True,22,35,3,0.0001012196973531,0.000115352798294,9.67944891670834e-06,False,False,False,False,False,False,False,False,False,True,False,False,False,-2,-2,False,0.8083333333333336,False,False,False,4.050025558471679,1505.5846,1,0.000115352798294,0.000115352798294,81,284,False,284.0,False,False,False,False,0.08390442204808903,1.139515392322444,0.09561866892622813
ARDLYGWGEEFDY,H3-23_A,K1-39,True,12,34,3,5.52107440107845e-05,0.0001120570040571,9.67944891670834e-06,False,False,False,False,False,False,False,False,False,True,False,False,False,-3,-3,False,1.623076923076923,False,False,False,4.050025558471679,1620.6719999999998,1,0.0001120570040571,0.0001120570040571,101,285,False,285.0,False,False,False,False,0.0863719789615907,2.029255600670927,0.17528646326854927
AREYGAYSSTSWGEFDI,H3-7_A,K1-39,True,243,440,2,0.0011180175662183,0.0014501494642686,6.452965944472228e-06,False,False,False,False,False,False,False,False,False,True,False,False,False,-2,-2,False,2.3000000000000003,False,False,False,4.137435531616211,1938.9983,1,0.0014501494642686,0.0014501494642686,155,286,False,286.0,False,False,False,True,0.004449831969153016,1.2970605628032001,0.005771741359025004
ARGLFSEEFDY,H1-69,K1-39,True,340,145,2,0.0015643044136388,0.0004778901643612,6.452965944472228e-06,False,False,False,False,False,False,False,False,False,True,False,False,False,-2,-2,False,1.3272727272727274,False,False,False,4.137435531616211,1333.4013,1,0.0015643044136388,0.0004778901643612,234,287,False,287.0,False,False,False,True,0.013502748954057765,0.3054949568926908,0.004125108027012156
ARGWVWGEEFDY,H4-34,K4-1,True,78,68,2,0.00035886983607,0.0002241140081142,6.452965944472228e-06,False,False,False,False,False,False,False,False,False,True,False,False,False,-2,-2,False,0.7083333333333334,False,False,False,4.137435531616211,1514.5947,1,0.00035886983607,0.0002241140081142,271,288,False,288.0,False,False,False,False,0.028791944240012825,0.6244820287715642,0.017980854023834227
ARFSDAIDRGYEFDP,H3-23_A,K4-1,True,14,47,2,6.441253467924858e-05,0.0001549023291377,6.452965944472228e-06,False,False,False,False,True,False,False,False,False,True,False,False,False,-2,-2,False,2.426666666666667,False,False,False,4.226021194458009,1758.8409,2,0.0001549023291377,0.0001549023291377,185,289,False,289.0,True,True,False,False,0.04165559952775774,2.4044743024927313,0.10016628461765291
ARSHYSARSNDFDY,UNK,K4-1,True,19,42,2,8.741701135040879e-05,0.0001384233579529,6.452965944472228e-06,False,False,False,False,False,False,False,False,False,True,False,False,False,0,1,False,3.442857142857143,False,False,False,6.790507125854492,1688.7113,2,0.0001384233579529,0.0001384233579529,394,290,False,290.0,False,False,False,False,0.04661424124861407,1.583301954565244,0.07380975106890755
ARAYLWGEDFDY,H4-34,K4-1,True,47,38,2,0.0002162420807089,0.000125240181005,6.452965944472228e-06,False,False,False,False,False,False,False,False,False,True,False,False,False,-2,-2,False,0.8083333333333336,False,False,False,4.050025558471679,1505.5846,1,0.0002162420807089,0.000125240181005,81,291,False,291.0,False,False,False,False,0.051520611728414385,0.5791397733351181,0.02984001783159098
ARSKRGLNAFDY,H4-34,K4-1,True,11,36,2,5.060984867655246e-05,0.000118648592531,6.452965944472228e-06,False,False,False,False,False,False,False,False,False,False,False,False,False,2,2,False,2.266666666666667,False,False,False,9.98676300048828,1397.538,2,0.000118648592531,0.000118648592531,43,292,False,292.0,False,False,False,False,0.054382626717794307,2.3439144057725922,0.12747896552802807
ARWDELRDPYPFDY,H4-34,K3-15,True,21,35,2,9.661880201887288e-05,0.000115352798294,6.452965944472228e-06,False,False,False,False,True,False,False,False,False,True,False,False,False,-2,-2,False,1.45,False,False,False,4.226021194458009,1842.9589,2,0.000115352798294,0.000115352798294,480,294,False,294.0,False,False,False,False,0.05593628136539269,1.1937724144760697,0.0667809784417267
ARTGTAYWDEEFDY,H1-69,K3-20,True,7,31,2,3.220626733962429e-05,0.0001021696213462,6.452965944472228e-06,False,False,False,False,False,False,False,False,False,True,False,False,False,-3,-3,False,2.65,False,False,False,4.050025558471679,1723.7487999999998,1,0.0001021696213462,0.0001021696213462,203,295,False,295.0,False,False,False,False,0.0631531596952058,3.171367442079077,0.20030147740099682
ARTGTAYWDEEFDY,H1-69,K4-1,True,28,24,2,0.0001288250693584,7.909906168738073e-05,6.452965944472228e-06,False,False,False,False,False,False,False,False,False,True,False,False,False,-3,-3,False,2.65,False,False,False,4.050025558471679,1723.7487999999998,1,0.0001288250693584,7.909906168738073e-05,203,296,False,296.0,False,False,False,False,0.08157050288338319,0.613955983268336,0.0500870296931423
ARGLDWNPSQGDFDY,H3-23_A,K1-39,True,25,23,2,0.0001150223833558,7.580326745040654e-05,6.452965944472228e-06,False,False,False,False,False,False,False,False,False,True,False,False,False,-2,-2,False,2.6,False,False,False,4.050025558471679,1740.7824999999998,1,0.0001150223833558,7.580326745040654e-05,232,297,False,297.0,False,False,False,False,0.08511657868714673,0.6589732842094026,0.05609695075614432
ARAGGIKYGNAFDY,H3-23_A,K4-1,True,1603,2547,1,0.0073752352207739,0.0083943879215732,3.226482972236114e-06,False,False,False,False,False,False,False,False,False,False,False,False,False,1,1,False,2.092857142857143,False,False,False,8.54006805419922,1502.6287,1,0.0083943879215732,0.0083943879215732,14,299,False,299.0,False,False,False,True,0.00038436145181350144,1.1381842461222407,0.0004374746704215419
ARFEDAWDRGFDY,H3-23_A,K3-20,True,382,2031,1,0.0017575420176766,0.0066937580952945,3.226482972236114e-06,False,False,False,False,False,False,False,False,False,True,False,False,False,-2,-2,False,1.984615384615385,False,False,False,4.226021194458009,1647.7007,2,0.0066937580952945,0.0066937580952945,164,300,False,300.0,False,False,False,True,0.0004820129598610125,3.8085689800199085,0.0018357823494188075
ARARLQTAGAFDY,H3-23_A,K4-1,True,1072,1904,1,0.0049321597982967,0.0062751922271988,3.226482972236114e-06,False,False,False,False,False,False,False,False,False,False,False,False,False,1,1,False,1.8000000000000005,False,False,False,8.79022674560547,1439.5747,2,0.0062751922271988,0.0062751922271988,31,301,False,301.0,False,False,False,True,0.0005141639831544345,1.2722984981915884,0.0006541711060617507
ARFDADFTDPFDY,H3-23_A,K3-20,True,1264,1681,1,0.0058155317024693,0.0055402301123536,3.226482972236114e-06,False,False,False,False,True,False,False,False,False,True,False,False,False,-3,-3,False,2.015384615384616,False,False,False,4.050025558471679,1579.6201,1,0.0058155317024693,0.0055402301123536,158,302,False,302.0,False,False,False,True,0.0005823724074777406,0.9526593386822758,0.0005548035139815329
ARGSISSPDWPFDY,H4-34,K1-39,True,427,1528,1,0.001964582307717,0.0050359735940965,3.226482972236114e-06,False,False,False,False,False,False,False,False,False,False,False,False,False,-1,-1,False,1.9,False,False,False,4.207874679565429,1597.6817999999998,1,0.0050359735940965,0.0050359735940965,255,303,False,303.0,False,False,False,True,0.0006406857591868254,2.5633682745855144,0.0016423168102421835
ARDIRYGNAFDY,H3-23_A,K4-1,True,1768,1484,1,0.0081343829509222,0.0048909586476697,3.226482972236114e-06,False,False,False,False,False,False,False,False,False,False,False,False,False,0,0,False,2.025,False,False,False,6.004021835327148,1460.549,2,0.0081343829509222,0.0048909586476697,95,304,False,304.0,False,False,False,True,0.0006596817940702545,0.6012690408711089,0.0003966470505792723
ARFDAGVETGFDY,H3-23_A,K3-20,True,100,1476,1,0.0004600895334232,0.0048645922937739,3.226482972236114e-06,False,False,False,False,False,False,False,False,False,False,False,False,False,-2,-2,False,2.2153846153846155,False,False,False,4.050025558471679,1447.5039,1,0.0048645922937739,0.0048645922937739,161,305,False,305.0,False,False,False,True,0.0006632572977991685,10.572912903390067,0.007012576057686178
ARGEVRYIPDEFDY,H1-69,K1-39,True,1307,1124,1,0.0060133702018412,0.0037044727223589,3.226482972236114e-06,False,False,False,False,False,False,False,False,False,True,False,False,False,-2,-2,False,2.085714285714286,False,False,False,4.316753768920899,1729.8427,2,0.0060133702018412,0.0037044727223589,218,306,False,306.0,False,False,False,True,0.0008709672075840022,0.6160383341842663,0.0005365506360712428
ARGFYWGEEFDY,H4-34,K1-39,True,427,963,1,0.001964582307717,0.0031738498502061,3.226482972236114e-06,False,False,False,True,False,False,False,False,False,True,False,False,False,-2,-2,False,0.9250000000000002,False,False,False,4.137435531616211,1539.6008,1,0.0031738498502061,0.0031738498502061,220,307,False,307.0,False,False,False,True,0.0010165801656385669,1.6155259479226738,0.0016423168102421835
ARARVHEGYVFDY,H1-69,K4-1,True,503,952,1,0.0023142503531187,0.0031375961135994,3.226482972236114e-06,False,False,False,False,False,False,False,False,False,False,False,False,False,0,1,False,1.3692307692307693,False,False,False,6.795363235473633,1582.7167,2,0.0031375961135994,0.0031375961135994,62,308,False,308.0,False,False,False,True,0.0010283263275946246,1.3557662643147181,0.0013941745870934968
ARGYLFGEDFDY,H4-34,K1-39,True,1337,912,1,0.0061513970618682,0.0030057643441204,3.226482972236114e-06,False,False,False,False,False,False,False,False,False,True,False,False,False,-2,-2,False,1.1750000000000005,False,False,False,4.050025558471679,1452.5219,1,0.0061513970618682,0.0030057643441204,272,309,False,309.0,False,False,False,True,0.0010734282094553912,0.4886303757643931,0.0005245113743547679
ARFIAVESDPFAFDP,H3-23_A,K3-20,True,1194,861,1,0.005493469029073,0.0028376788380347,3.226482972236114e-06,False,False,False,False,True,False,False,False,False,True,False,False,False,-2,-2,False,0.6466666666666668,False,False,False,4.050025558471679,1681.8411999999998,1,0.005493469029073,0.0028376788380347,175,310,False,310.0,False,False,False,True,0.0011370108410021027,0.5165540494497065,0.0005873296239342463
ARGRGDYSSWYSWYFDP,H1-69,K3-15,True,473,830,1,0.0021762234930917,0.0027355092166885,3.226482972236114e-06,False,False,False,True,True,False,False,False,False,False,False,False,False,0,0,False,1.6823529411764706,False,False,False,6.003152847290039,2113.2023,2,0.0027355092166885,0.0027355092166885,249,311,False,311.0,False,False,False,True,0.0011794773557255258,1.2569925172883247,0.001482599630268699
ARARVYEGYVFDY,H1-69,K3-20,True,312,814,1,0.0014354793442803,0.0026827765088969,3.226482972236114e-06,False,False,False,False,False,False,False,False,False,False,False,False,False,0,0,False,1.0615384615384615,False,False,False,6.112389755249024,1608.7505999999998,2,0.0026827765088969,0.0026827765088969,62,312,False,312.0,False,False,False,True,0.0012026610993965262,1.8688933634975484,0.002247653725255446
ARSASVRGLNAFDY,H3-23_A,K4-1,True,1187,784,1,0.0054612627617334,0.0025839026817877,3.226482972236114e-06,False,False,False,False,False,False,False,False,False,False,False,False,False,1,1,False,1.885714285714286,False,False,False,8.79022674560547,1526.6518999999998,2,0.0054612627617334,0.0025839026817877,377,313,False,313.0,False,False,False,True,0.0012486811164237356,0.4731319592555148,0.0005907932295276958
ARGVWLEEFDY,H1-69,K1-39,True,1968,771,1,0.0090545620177686,0.0025410573567071,3.226482972236114e-06,False,False,False,False,False,False,False,False,False,True,False,False,False,-2,-2,False,0.3272727272727274,False,False,False,4.137435531616211,1384.4911,1,0.0090545620177686,0.0025410573567071,261,314,False,314.0,False,False,False,True,0.0012697353195773706,0.28063804139174714,0.00035633743548612755
ARARVEIGYVFDY,H1-69,K3-20,True,1612,749,1,0.007416643278782,0.0024685498834936,3.226482972236114e-06,False,False,False,False,False,False,False,False,False,False,False,False,False,0,0,False,0.5923076923076924,False,False,False,6.113258743286132,1558.735,2,0.007416643278782,0.0024685498834936,62,315,False,315.0,False,False,False,True,0.0013070304649324012,0.33283878734843564,0.00043503219726701085
ARGAFLEEFDY,H1-69,K1-39,True,375,721,1,0.001725335750337,0.0023762676448583,3.226482972236114e-06,False,False,False,False,False,False,False,False,False,True,False,False,False,-2,-2,False,0.9272727272727276,False,False,False,4.137435531616211,1317.4019,1,0.0023762676448583,0.0023762676448583,199,316,False,316.0,False,False,False,True,0.0013577887159850434,1.3772704076236082,0.001870050087993034
ARAIDPSGRYGYFDY,H5-51,K3-20,True,238,707,1,0.0010950130895472,0.0023301265255407,3.226482972236114e-06,False,False,False,False,True,False,False,False,False,False,False,False,False,0,0,False,1.98,False,False,False,6.003152847290039,1750.8634000000002,2,0.0023301265255407,0.0023301265255407,34,317,False,317.0,False,False,False,True,0.0013846755058643698,2.1279245595672545,0.0029464976611317736
ARHIWQYAGYIAAFDP,H3-23_A,K1-39,True,43,651,1,0.0001978384993719,0.0021455620482702,3.226482972236114e-06,False,False,False,False,True,False,False,False,False,False,False,False,False,0,1,False,-0.0312499999999998,False,False,False,6.787184524536133,1879.0803,1,0.0021455620482702,0.0021455620482702,295,318,False,318.0,False,False,False,True,0.0015037868221844913,10.844469657751318,0.016307846571892496
ARFSDRGSYPNLFDP,H3-23_A,K3-20,True,26,640,1,0.00011962327869,0.0021093083116634,3.226482972236114e-06,False,False,False,False,True,False,False,False,False,False,False,False,False,0,0,False,2.06,False,False,False,6.004890823364257,1741.8566999999998,2,0.0021093083116634,0.0021093083116634,187,319,False,319.0,False,False,False,True,0.001529633035656777,17.631451171117277,0.026969778038072042
ARGYWLEEFDY,H1-69,K1-39,True,793,636,1,0.003648510000046,0.0020961251347155,3.226482972236114e-06,False,False,False,False,False,False,False,False,False,True,False,False,False,-2,-2,False,0.4909090909090911,False,False,False,4.137435531616211,1448.5333,1,0.003648510000046,0.0020961251347155,247,320,False,320.0,False,False,False,True,0.0015392533233187906,0.5745138123647595,0.0008843265138180509
ARGYAPGWDEEFDY,H1-69,K1-39,True,1349,609,1,0.006206607805879,0.0020071386903172,3.226482972236114e-06,False,False,False,False,False,False,False,False,False,True,False,False,False,-3,-3,False,2.4642857142857144,False,False,False,4.050025558471679,1675.7075,1,0.006206607805879,0.0020071386903172,273,322,False,322.0,False,False,False,True,0.0016074957414969671,0.323386867549023,0.0005198456024116616
ARIAGYGRANVFDY,H3-23_A,K4-1,True,1218,602,1,0.0056038905170946,0.0019840681306584,3.226482972236114e-06,False,False,False,False,False,False,False,False,False,False,False,False,False,1,1,False,1.3142857142857145,False,False,False,8.632579040527343,1572.7217999999998,2,0.0056038905170946,0.0019840681306584,78,323,False,323.0,False,False,False,True,0.0016261874582355442,0.3540512763576076,0.0005757566470699799
ARGDFPEEFDY,H1-69,K1-39,True,270,593,1,0.0012422417402426,0.0019544059825256,3.226482972236114e-06,False,False,False,False,False,False,False,False,False,True,False,False,False,-3,-3,False,2.672727272727273,False,False,False,4.050025558471679,1345.369,1,0.0019544059825256,0.0019544059825256,208,324,False,324.0,False,False,False,True,0.001650868085957157,1.5732769125716204,0.0025972859346576668
ARGSGYRAGNAFDY,H3-23_A,K4-1,True,840,591,1,0.0038647520807549,0.0019478143940517,3.226482972236114e-06,False,False,False,False,False,False,False,False,False,False,False,False,False,1,1,False,3.021428571428572,False,False,False,8.632579040527343,1504.5618,2,0.0038647520807549,0.0019478143940517,70,325,False,325.0,False,False,False,True,0.001656454751305715,0.5039933515574225,0.0008348464678596433
ARAIWRGNAFDY,H3-23_A,K4-1,True,210,586,1,0.0009661880201887,0.0019313354228668,3.226482972236114e-06,False,False,False,False,False,False,False,False,False,False,False,False,False,1,1,False,0.6916666666666668,False,False,False,8.79022674560547,1439.5762,2,0.0019313354228668,0.0019313354228668,39,326,False,326.0,False,False,False,True,0.0016705882510891666,1.9989022772884661,0.0033393599498433837
ARGYEWGEEFDY,H4-34,K1-39,True,579,580,1,0.0026639183985203,0.001911560657445,3.226482972236114e-06,False,False,False,False,False,False,False,False,False,True,False,False,False,-3,-3,False,2.341666666666667,False,False,False,4.050025558471679,1521.541,1,0.0026639183985203,0.001911560657445,274,327,False,327.0,False,False,False,True,0.0016878701081071321,0.7175720858363879,0.0012111748101143744
ARGFVFGEDFDY,H4-34,K1-39,True,151,580,1,0.000694735195469,0.001911560657445,3.226482972236114e-06,False,False,False,False,False,False,False,False,False,True,False,False,False,-2,-2,False,1.025,False,False,False,4.050025558471679,1422.4959,1,0.001911560657445,0.001911560657445,222,328,False,328.0,False,False,False,True,0.0016878701081071321,2.7514557422085764,0.004644124195861505
ARASGYRAANAFDY,H3-23_A,K4-1,True,1151,541,1,0.005295630529701,0.001783024682203,3.226482972236114e-06,False,False,False,False,False,False,False,False,False,False,False,False,False,1,1,False,2.507142857142857,False,False,False,8.632579040527343,1532.6149999999998,2,0.005295630529701,0.001783024682203,70,329,False,329.0,False,False,False,True,0.001809545829052346,0.33669669838856536,0.0006092715232728015
ARAYSLEHANAFDY,H3-23_A,K4-1,True,1131,536,1,0.0052036126230164,0.0017665457110181,3.226482972236114e-06,False,False,False,False,False,False,False,False,False,False,False,False,False,-1,0,False,1.7,False,False,False,5.322224044799805,1627.7109999999998,1,0.0052036126230164,0.0017665457110181,82,330,False,330.0,False,False,False,True,0.0018264258251876073,0.3394838248270358,0.0006200455348097109
ARASGAYGYDWDFDY,H1-69,K1-39,True,1131,498,1,0.0052036126230164,0.0016413055300131,3.226482972236114e-06,False,False,False,False,False,False,False,False,False,True,False,False,False,-2,-2,False,2.2333333333333334,False,False,False,4.050025558471679,1756.7801,1,0.0052036126230164,0.0016413055300131,3,331,False,331.0,False,False,False,True,0.0019657908020954155,0.31541594172362936,0.0006200455348097109
ARVSTSYHANAFDY,H3-23_A,K4-1,True,938,497,1,0.0043156398235096,0.0016380097357761,3.226482972236114e-06,False,False,False,False,False,False,False,False,False,False,False,False,False,0,1,False,2.2214285714285715,False,False,False,6.787184524536133,1601.6736999999998,1,0.0043156398235096,0.0016380097357761,472,332,False,332.0,False,False,False,True,0.0019697460914336264,0.37955112271922636,0.0007476239046689503
ARGIWLEEFDY,H1-69,K1-39,True,1143,474,1,0.0052588233670272,0.0015622064683257,3.226482972236114e-06,False,False,False,False,False,False,False,False,False,True,False,False,False,-2,-2,False,-0.0636363636363634,False,False,False,4.137435531616211,1398.5177,1,0.0052588233670272,0.0015622064683257,220,333,False,333.0,False,False,False,True,0.0020653238764625787,0.29706331410322095,0.0006135358827807913
ARGAISYFADEFDY,H1-69,K1-39,True,464,474,1,0.0021348154350836,0.0015622064683257,3.226482972236114e-06,False,False,False,False,False,False,False,False,False,True,False,False,False,-2,-2,False,1.45,False,False,False,4.050025558471679,1624.7036999999998,1,0.0021348154350836,0.0015622064683257,202,334,False,334.0,False,False,False,True,0.0020653238764625787,0.7317724637586228,0.0015113568159776792
ARFSDRSDVPYEFDP,H3-23_A,K3-20,True,25,461,1,0.0001150223833558,0.0015193611432451,3.226482972236114e-06,False,False,False,False,True,False,False,False,False,True,False,False,False,-2,-2,False,2.7666666666666666,False,False,False,4.226021194458009,1800.8776000000005,2,0.0015193611432451,0.0015193611432451,188,335,False,335.0,False,False,False,True,0.0021235647304350762,13.208116696544938,0.02804847537807216
ARFSTQNDRGFDY,H3-23_A,K3-20,True,44,427,1,0.0002024393947062,0.0014073041391879,3.226482972236114e-06,False,False,False,False,False,False,False,False,False,False,False,False,False,0,0,False,3.123076923076923,False,False,False,6.004890823364257,1576.6245,2,0.0014073041391879,0.0014073041391879,190,336,False,336.0,False,False,False,True,0.002292652992243777,6.951387240402559,0.015937232002686267
ARFETLAADPFDY,H3-23_A,K3-15,True,236,412,1,0.0010858112988787,0.0013578672256333,3.226482972236114e-06,False,False,False,False,True,False,False,False,False,False,False,False,False,-2,-2,False,1.2384615384615385,False,False,False,4.050025558471679,1515.621,1,0.0013578672256333,0.0013578672256333,168,337,False,337.0,False,False,False,True,0.0023761227534627185,1.2505439219469494,0.002971467750326892
ARAIYRGNAFDY,H3-23_A,K4-1,True,316,393,1,0.0014538829256173,0.0012952471351308,3.226482972236114e-06,False,False,False,False,False,False,False,False,False,False,False,False,False,1,1,False,1.366666666666667,False,False,False,8.632579040527343,1416.5395,2,0.0014538829256173,0.0012952471351308,39,338,False,338.0,False,False,False,True,0.0024909980302175996,0.8908820672477368,0.0022192026079679837
ARFYDLGDPPFDY,H3-23_A,K4-1,True,390,390,1,0.0017943491803504,0.0012853597524199,3.226482972236114e-06,False,False,False,False,True,False,False,False,False,False,False,False,False,-2,-2,False,1.1384615384615386,False,False,False,4.050025558471679,1575.6744,1,0.0017943491803504,0.0012853597524199,196,339,False,339.0,False,False,False,True,0.002510159404452905,0.7163335894482936,0.0017981254854482652
ARFLPQSQGNEFDY,H3-23_A,K1-39,True,55,377,1,0.0002530492433827,0.0012425144273392,3.226482972236114e-06,False,False,False,False,False,False,False,False,False,True,False,False,False,-1,-1,False,1.992857142857143,False,False,False,4.370375442504883,1671.7634999999998,1,0.0012425144273392,0.0012425144273392,179,340,False,340.0,False,False,False,True,0.0025967159286722882,4.909974481588696,0.012749911558680837
ARHIPSVLSYRAFDI,H1-69,K3-20,True,125,367,1,0.000575111916779,0.0012095564849695,3.226482972236114e-06,False,False,False,False,False,False,False,False,False,False,False,False,False,1,2,False,-0.0133333333333331,False,False,False,8.796192932128907,1744.9897999999998,2,0.0012095564849695,0.0012095564849695,294,341,False,341.0,False,False,False,True,0.002667470546125021,2.103130570546995,0.00561008523254721
ARDATGWGEEFDY,H1-69,K1-39,True,140,363,1,0.0006441253467924,0.0011963733080216,3.226482972236114e-06,False,False,False,False,False,False,False,False,False,True,False,False,False,-3,-3,False,3.0384615384615383,False,False,False,4.050025558471679,1516.523,1,0.0011963733080216,0.0011963733080216,16,342,False,342.0,False,False,False,True,0.002696863915271093,1.857332180230721,0.0050090140035056714
AREGIPWSYDADFDI,H1-69,K1-39,True,187,361,1,0.0008603674275013,0.0011897817195476,3.226482972236114e-06,False,False,False,False,False,False,False,False,False,True,False,False,False,-3,-3,False,1.56,False,False,False,4.050025558471679,1754.8489,1,0.0011897817195476,0.0011897817195476,15,343,False,343.0,False,False,False,True,0.0027118048640168164,1.3828602210113217,0.0037500785923759473
ARNWGSRTGNAFDY,H3-23_A,K4-1,True,81,358,1,0.0003726725220727,0.0011798943368367,3.226482972236114e-06,False,False,False,False,False,False,False,False,False,False,False,False,False,1,1,False,2.757142857142857,False,False,False,8.79022674560547,1614.6757999999998,2,0.0011798943368367,0.0011798943368367,332,344,False,344.0,False,False,False,True,0.002734529293185116,3.1659502846407572,0.008657457168347479
ARSRLGLNAFDY,H3-23_A,K4-1,True,412,349,1,0.0018955688777036,0.0011502321887039,3.226482972236114e-06,False,False,False,False,False,False,False,False,False,False,False,False,False,1,1,False,1.025,False,False,False,8.79022674560547,1382.5232999999998,2,0.0018955688777036,0.0011502321887039,418,345,False,345.0,False,False,False,True,0.0028050466275034956,0.6067973230939085,0.0017021095825592014
ARDIYRGNAFDY,H3-23_A,K4-1,True,143,347,1,0.0006579280327951,0.00114364060023,3.226482972236114e-06,False,False,False,False,False,False,False,False,False,False,False,False,False,0,0,False,2.025,False,False,False,6.004021835327148,1460.549,2,0.00114364060023,0.00114364060023,95,346,False,346.0,False,False,False,True,0.0028212139018571184,1.7382193203993743,0.004903931390816753
ARDWGIGSPDVFDY,H1-69,K1-39,True,770,340,1,0.0035426894073586,0.0011205700405712,3.226482972236114e-06,False,False,False,False,False,False,False,False,False,False,False,False,False,-2,-2,False,1.6785714285714286,False,False,False,4.050025558471679,1597.6817,1,0.0035426894073586,0.0011205700405712,114,347,False,347.0,False,False,False,True,0.0028792971991464878,0.3163040133305257,0.0009107413870717714
ARAGDWGSYAPFDY,H1-69,K3-15,True,293,337,1,0.0013480623329299,0.0011106826578603,3.226482972236114e-06,False,False,False,False,False,False,False,False,False,False,False,False,False,-1,-1,False,1.9642857142857144,False,False,False,4.207874679565429,1575.6346999999998,1,0.0013480623329299,0.0011106826578603,12,348,False,348.0,False,False,False,True,0.002904928694182412,0.8239043489946439,0.002393404933416056
AREGYDALSFDY,H4-34,K4-1,True,422,335,1,0.0019415778310459,0.0011040910693863,3.226482972236114e-06,False,False,False,False,False,False,False,False,False,False,False,False,False,-2,-2,False,2.1833333333333336,False,False,False,4.050025558471679,1406.452,1,0.0019415778310459,0.0011040910693863,137,349,False,349.0,False,False,False,True,0.0029222713949815407,0.5686536821728766,0.0016617754400006016
ARGLFLEEFDY,H1-69,K1-39,True,243,321,1,0.0011180175662183,0.0010579499500687,3.226482972236114e-06,False,False,False,False,False,False,False,False,False,True,False,False,False,-2,-2,False,-0.0999999999999997,False,False,False,4.137435531616211,1359.4815999999998,1,0.0011180175662183,0.0010579499500687,199,350,False,350.0,False,False,False,True,0.003049721279171861,0.9462646378632588,0.002885870679512502
AREGYEQLGSFDY,H4-34,K4-1,True,382,315,1,0.0017575420176766,0.0010381751846468,3.226482972236114e-06,False,False,False,False,False,False,False,False,False,False,False,False,False,-2,-2,False,2.5846153846153848,False,False,False,4.137435531616211,1534.5812,1,0.0017575420176766,0.0010381751846468,139,351,False,351.0,False,False,False,True,0.0031078106487657047,0.5906938595303814,0.0018357823494188075
ARTSSWLQWSGYDAFDI,H1-69,K3-20,True,58,311,1,0.0002668519293854,0.0010249920076989,3.226482972236114e-06,False,False,False,False,False,False,False,False,False,False,False,False,False,-1,-1,False,0.970588235294118,False,False,False,4.207874679565429,2003.1299,1,0.0010249920076989,0.0010249920076989,451,352,False,352.0,False,False,False,True,0.00314778209993898,3.8409075811582487,0.01209045808694747
ARFSDRSVSSYGSDFDP,H3-23_A,K4-1,True,289,309,1,0.001329658751593,0.001018400419225,3.226482972236114e-06,False,False,False,False,True,False,False,False,False,True,False,False,False,-1,-1,False,3.3411764705882354,False,False,False,4.429057693481445,1892.9316,2,0.001329658751593,0.001018400419225,189,353,False,353.0,False,False,False,True,0.003168155894056381,0.7659053565069592,0.0024265313961621265
ARFIADLGTPWEFDP,H3-23_A,K4-1,True,176,281,1,0.0008097575788248,0.0009261181805897,3.226482972236114e-06,False,False,False,False,True,False,False,False,False,True,False,False,False,-2,-2,False,0.3800000000000001,False,False,False,4.050025558471679,1734.9038999999998,1,0.0009261181805897,0.0009261181805897,172,355,False,355.0,False,False,False,True,0.003483840617161323,1.1436839468601068,0.003984455609989531
ARAIYGEEFDY,H4-34,K1-39,True,634,279,1,0.0029169676419031,0.0009195265921158,3.226482972236114e-06,False,False,False,False,False,False,False,False,False,True,False,False,False,-2,-2,False,1.7000000000000002,False,False,False,4.137435531616211,1333.4013,1,0.0029169676419031,0.0009195265921158,40,356,False,356.0,False,False,False,True,0.0035088141134352953,0.31523265002328943,0.0011061048003546184
ARAKRYTNAFDY,H3-23_A,K4-1,True,241,271,1,0.0011088157755499,0.00089316023822,3.226482972236114e-06,False,False,False,False,False,False,False,False,False,False,False,False,False,2,2,False,2.466666666666667,False,False,False,9.69757843017578,1475.6068,2,0.0011088157755499,0.00089316023822,44,357,False,357.0,False,False,False,True,0.003612394182173127,0.8055009704090392,0.002909819597795699
ARWEDRGSSTPFDY,H3-23_A,K4-1,True,111,270,1,0.0005106993820997,0.000889864443983,3.226482972236114e-06,False,False,False,False,False,False,False,False,False,True,False,False,False,-1,-1,False,3.085714285714286,False,False,False,4.558281326293945,1686.7352999999998,2,0.000889864443983,0.000889864443983,483,358,False,358.0,False,False,False,True,0.00362577326953526,1.7424086479955871,0.006317649695353049
ARSQRNANAFDY,H3-23_A,K4-1,True,160,268,1,0.0007361432534771,0.000883272855509,3.226482972236114e-06,False,False,False,False,False,False,False,False,False,False,False,False,False,1,1,False,3.341666666666667,False,False,False,8.79022674560547,1412.4665,2,0.000883272855509,0.000883272855509,412,359,False,359.0,False,False,False,True,0.003652830972675025,1.1998491500743962,0.004382895758452941
ARGPWYEELDY,H1-69,K1-39,True,550,251,1,0.0025304924338276,0.0008272443534805,3.226482972236114e-06,False,False,False,False,False,False,False,False,False,True,False,False,False,-2,-2,False,1.5181818181818183,False,False,False,4.137435531616211,1398.4747,1,0.0025304924338276,0.0008272443534805,242,360,False,360.0,False,False,False,True,0.003900230876587546,0.32690913172892017,0.0012750365022790294
ARSARGANYFDY,H3-23_A,K4-1,True,70,246,1,0.0003220626733962,0.0008107653822956,3.226482972236114e-06,False,False,False,False,False,False,False,False,False,False,False,False,False,1,1,False,2.575,False,False,False,8.632579040527343,1390.4592,2,0.0008107653822956,0.0008107653822956,7,361,False,361.0,False,False,False,True,0.003979502884141311,2.517336766718582,0.010017872482671117
ARSIRYGNAFDY,H3-23_A,K4-1,True,411,245,1,0.0018909679823693,0.0008074695880586,3.226482972236114e-06,False,False,False,False,False,False,False,False,False,False,False,False,False,1,1,False,1.7333333333333334,False,False,False,8.632579040527343,1432.5389,2,0.0018909679823693,0.0008074695880586,395,362,False,362.0,False,False,False,True,0.003995745551901137,0.42701162868479375,0.0017062509465041436
ARARTGAGNYFDY,H3-23_A,K4-1,True,207,244,1,0.000952385334186,0.0008041737938217,3.226482972236114e-06,False,False,False,False,False,False,False,False,False,False,False,False,False,1,1,False,2.7153846153846155,False,False,False,8.632579040527343,1461.5370999999998,2,0.000952385334186,0.0008041737938217,7,363,False,363.0,False,False,False,True,0.0040121213546258985,0.8443697327738559,0.003387755962699825
ARESGPGWEWEFDY,H1-69,K1-39,True,400,235,1,0.0018403581336928,0.0007745116456889,3.226482972236114e-06,False,False,False,False,False,False,False,False,False,True,False,False,False,-3,-3,False,2.042857142857143,False,False,False,4.050025558471679,1728.7702,1,0.0018403581336928,0.0007745116456889,151,365,False,365.0,False,False,False,True,0.004165775082200977,0.4208460424354337,0.001753172592573638
AKQRKSTNAFDY,H3-23_A,K4-1,True,271,232,1,0.0012468426355768,0.000764624262978,3.226482972236114e-06,False,False,False,False,False,False,False,False,False,False,False,False,False,2,2,False,3.6166666666666663,False,False,False,9.70073699951172,1428.5488,1,0.0012468426355768,0.000764624262978,1,366,False,366.0,False,False,False,True,0.004219642158945401,0.6132434909794142,0.0025877019305842247
ARGRGVISSWGYFDI,H1-69,K3-15,True,88,228,1,0.0004048787894124,0.0007514410860301,3.226482972236114e-06,False,False,False,False,False,False,False,False,False,False,False,False,False,1,1,False,0.6533333333333334,False,False,False,8.79022674560547,1683.8636,2,0.0007514410860301,0.0007514410860301,250,368,False,368.0,False,False,False,True,0.004293669983606723,1.8559197134616605,0.007968812811336635
ARSSFEGTLDY,H1-69,K3-15,True,373,227,1,0.0017161339596685,0.0007481452917931,3.226482972236114e-06,False,False,False,False,False,False,False,False,False,False,False,False,False,-1,-1,False,2.5181818181818185,False,False,False,4.370375442504883,1245.2947,1,0.0017161339596685,0.0007481452917931,67,369,False,369.0,False,False,False,True,0.004312584576529852,0.4359455321787899,0.00188007710778492
AREGYDELAFDY,H4-34,K4-1,True,615,224,1,0.0028295506305527,0.0007382579090822,3.226482972236114e-06,False,False,False,False,False,False,False,False,False,True,False,False,False,-3,-3,False,2.2916666666666665,False,False,False,4.050025558471679,1448.4887,1,0.0028295506305527,0.0007382579090822,138,370,False,370.0,False,False,False,True,0.00437034162333727,0.2609090263381264,0.0011402770230111248
ARFSAYWESGYGFDP,H3-23_A,K3-20,True,4,216,1,1.8403581336928167e-05,0.0007118915551864,3.226482972236114e-06,False,False,False,False,True,False,False,False,False,False,False,False,False,-1,-1,False,1.366666666666667,False,False,False,4.370375442504883,1752.8345,1,0.0007118915551864,0.0007118915551864,184,371,False,371.0,False,False,False,True,0.004532203854213116,38.66122196222154,0.1752230005232849
AREESWLTPGYWYFDI,H1-69,K3-15,True,77,213,1,0.0003542689407358,0.0007020041724755,3.226482972236114e-06,False,False,False,True,False,False,False,False,False,True,False,False,False,-2,-2,False,0.0750000000000001,False,False,False,4.137435531616211,2033.1972,1,0.0007020041724755,0.0007020041724755,133,372,False,372.0,False,False,False,True,0.0045960368020187175,1.9815012741584679,0.009107182508604799
ARHGSSWERGNVFDY,H3-23_A,K4-1,True,18,203,1,8.281611601617674e-05,0.0006690462301057,3.226482972236114e-06,False,False,False,False,False,False,False,False,False,False,False,False,False,0,1,False,2.466666666666667,False,False,False,6.796487808227539,1780.853,2,0.0006690462301057,0.0006690462301057,292,373,False,373.0,False,False,False,True,0.004822439171856126,8.077720679006955,0.038954898858301536
ARHPRGANYFDY,H3-23_A,K4-1,True,390,201,1,0.0017943491803504,0.0006624546416318,3.226482972236114e-06,False,False,False,False,False,False,False,False,False,False,False,False,False,1,2,False,2.208333333333333,False,False,False,8.638685607910158,1466.5585,2,0.0017943491803504,0.0006624546416318,297,374,False,374.0,False,False,False,True,0.004870422916894941,0.3691873114848928,0.0017981254854482652
ARAGYWGEEFDY,H4-34,K1-39,True,157,201,1,0.0007223405674744,0.0006624546416318,3.226482972236114e-06,False,False,False,False,False,False,False,False,False,True,False,False,False,-2,-2,False,1.866666666666667,False,False,False,4.137435531616211,1463.5049,1,0.0007223405674744,0.0006624546416318,16,375,False,375.0,False,False,False,True,0.004870422916894941,0.9170819148768473,0.004466644199529143
ARDIVRGNAFDY,H3-23_A,K4-1,True,290,195,1,0.0013342596469272,0.0006426798762099,3.226482972236114e-06,False,False,False,False,False,False,False,False,False,False,False,False,False,0,0,False,1.875,False,False,False,6.004890823364257,1396.5068,2,0.0013342596469272,0.0006426798762099,95,376,False,376.0,False,False,False,True,0.005020279751819767,0.4816716603648901,0.00241816410923133
ARFYDLSESGFDY,H3-23_A,K3-20,True,157,183,1,0.0007223405674744,0.0006031303453662,3.226482972236114e-06,False,False,False,False,False,False,False,False,False,False,False,False,False,-2,-2,False,1.6461538461538463,False,False,False,4.050025558471679,1569.6252,1,0.0007223405674744,0.0006031303453662,197,377,False,377.0,False,False,False,True,0.00534947296599291,0.8349551762310684,0.004466644199529143
ARGLSVDPSWGYFDP,H1-69,K3-15,True,136,181,1,0.0006257217654555,0.0005965387568923,3.226482972236114e-06,False,False,False,False,True,False,False,False,False,False,False,False,False,-1,-1,False,1.3933333333333335,False,False,False,4.207874679565429,1666.7868,1,0.0006257217654555,0.0005965387568923,231,378,False,378.0,False,False,False,True,0.005408582173642209,0.9533458101780257,0.0051563355903585986
ARSARGANYFDY,UNK,K4-1,True,54,172,1,0.0002484483480485,0.0005668766087595,3.226482972236114e-06,False,False,False,False,False,False,False,False,False,False,False,False,False,1,1,False,2.575,False,False,False,8.632579040527343,1390.4592,2,0.0005668766087595,0.0005668766087595,7,379,False,379.0,False,False,False,False,0.00569158438809575,2.281576019530016,0.012986011529008044
ARGYVEYADEEFDY,H1-69,K1-39,True,2119,168,1,0.0097492972132376,0.0005536934318116,3.226482972236114e-06,False,False,False,False,False,False,False,False,False,True,False,False,False,-4,-4,False,2.7785714285714285,False,False,False,4.050025558471679,1726.7493,1,0.0097492972132376,0.0005536934318116,264,380,False,380.0,False,False,False,True,0.0058270958546883965,0.05679310536648138,0.0003309448457891652
ARASGAFGYDWDFDY,H1-69,K1-39,True,149,164,1,0.0006855334048005,0.0005405102548637,3.226482972236114e-06,False,False,False,False,False,False,False,False,False,True,False,False,False,-2,-2,False,1.7466666666666668,False,False,False,4.050025558471679,1740.7806999999998,1,0.0006855334048005,0.0005405102548637,68,381,False,381.0,False,False,False,True,0.005969217514429164,0.7884406021249579,0.004706460524078782
ARFDADSIDPFDY,H3-23_A,K4-1,True,81,164,1,0.0003726725220727,0.0005405102548637,3.226482972236114e-06,False,True,False,False,True,False,False,False,False,True,False,False,False,-3,-3,False,2.207692307692308,False,False,False,4.050025558471679,1531.5773,1,0.0005405102548637,0.0005405102548637,159,382,False,382.0,False,False,False,True,0.005969217514429164,1.4503235940811345,0.008657457168347479
ARDWGTSSPDVFDY,H1-69,K1-39,True,155,161,1,0.0007131387768059,0.0005306228721528,3.226482972236114e-06,False,False,False,False,False,False,False,False,False,False,False,False,False,-2,-2,False,2.6785714285714284,False,False,False,4.050025558471679,1615.654,1,0.0007131387768059,0.0005306228721528,114,383,False,383.0,False,False,False,True,0.006080443073845267,0.7440563447775796,0.004524277510068949
ARDERSLDWETIPFDY,H1-69,K3-20,True,142,160,1,0.0006533271374609,0.0005273270779158,3.226482972236114e-06,False,False,False,False,False,False,False,False,False,True,False,False,False,-3,-3,False,1.975,False,False,False,4.105078506469726,2013.1233,2,0.0006533271374609,0.0005273270779158,91,384,False,384.0,False,False,False,True,0.00611844512240288,0.8071285829015937,0.00493846559033116
ARAYGRAKANVFDY,H3-23_A,K4-1,True,226,159,1,0.0010398023455364,0.0005240312836788,3.226482972236114e-06,False,False,False,False,False,False,False,False,False,False,False,False,False,2,2,False,2.0357142857142856,False,False,False,9.69757843017578,1601.7631,2,0.0010398023455364,0.0005240312836788,78,385,False,385.0,False,False,False,True,0.0061569251750282295,0.5039671686225959,0.003102947359767779
ARFVPEEVTPYGFDP,H3-23_A,K3-20,True,238,158,1,0.0010950130895472,0.0005207354894419,3.226482972236114e-06,False,False,False,False,True,False,False,False,False,True,False,False,False,-2,-2,False,1.4266666666666667,False,False,False,4.137435531616211,1723.8779,1,0.0010950130895472,0.0005207354894419,195,386,False,386.0,False,False,False,True,0.0061958923075724395,0.475547497046138,0.0029464976611317736
ARAISSIGYVFDY,H1-69,K3-20,True,114,155,1,0.0005245020681024,0.000510848106731,3.226482972236114e-06,False,False,False,False,False,False,False,False,False,False,False,False,False,0,0,False,0.3384615384615385,False,False,False,5.87944984436035,1461.6165,1,0.0005245020681024,0.000510848106731,35,387,False,387.0,False,False,False,True,0.006315810456415184,0.973949195447811,0.0061513989256891805
ARGLLEGWDEEFDY,H1-69,K1-39,True,254,145,1,0.0011686274148949,0.0004778901643612,3.226482972236114e-06,False,False,False,False,False,False,False,False,False,True,False,False,False,-4,-4,False,1.542857142857143,False,False,False,4.050025558471679,1699.7704,1,0.0011686274148949,0.0004778901643612,236,388,False,388.0,False,False,False,True,0.006751374477028883,0.4089293721647433,0.0027608930974765034
ARSRIFGYGYGFDY,H1-69,K3-20,True,46,144,1,0.0002116411853746,0.0004745943701242,3.226482972236114e-06,False,False,False,False,False,False,False,False,False,False,False,False,False,1,1,False,0.8571428571428574,False,False,False,8.539295959472657,1671.8079999999998,2,0.0004745943701242,0.0004745943701242,419,389,False,389.0,False,False,False,True,0.006798258034142775,2.24234213139047,0.015244341611059649
ARHGAVARGNLFDY,H3-23_A,K4-1,True,118,141,1,0.0005429056494393,0.0004647069874133,3.226482972236114e-06,False,False,False,False,False,False,False,False,False,False,False,False,False,1,2,False,1.5142857142857145,False,False,False,8.796192932128907,1546.6879,2,0.0005429056494393,0.0004647069874133,285,390,False,390.0,False,False,False,True,0.0069428987095894856,0.8559469374169439,0.005942880768989228
ARDYGDLWGEFDY,H4-34,K1-39,True,1310,135,1,0.0060271728878439,0.0004449322219915,3.226482972236114e-06,False,False,False,False,False,False,False,False,False,True,False,False,False,-3,-3,False,1.7923076923076924,False,False,False,4.050025558471679,1606.6454,1,0.0060271728878439,0.0004449322219915,118,392,False,392.0,False,False,False,True,0.007251465050439181,0.07382092600655517,0.0005353218961952424
ARARVYTAGAFDY,H3-23_A,K4-1,True,617,130,1,0.0028387524212211,0.0004284532508066,3.226482972236114e-06,False,False,False,False,False,False,False,False,False,False,False,False,False,1,1,False,1.6153846153846154,False,False,False,8.632579040527343,1460.5920999999998,2,0.0028387524212211,0.0004284532508066,65,393,False,393.0,False,False,False,True,0.007530361043011564,0.15092959086808677,0.0011365808382260588
ARTVGYIKGNAFDY,H3-23_A,K4-1,True,204,130,1,0.0009385826481833,0.0004284532508066,3.226482972236114e-06,False,False,False,False,False,False,False,False,False,False,False,False,False,1,1,False,1.6428571428571428,False,False,False,8.54006805419922,1574.7343999999998,1,0.0009385826481833,0.0004284532508066,453,394,False,394.0,False,False,False,True,0.007530361043011564,0.4564847717866701,0.0034375753725337153
ARSHRAQYANDFDY,H3-23_A,K4-1,True,226,126,1,0.0010398023455364,0.0004152700738587,3.226482972236114e-06,False,False,False,False,False,False,False,False,False,True,False,False,False,0,1,False,3.092857142857143,False,False,False,6.790507125854492,1713.7638,2,0.0010398023455364,0.0004152700738587,392,395,False,395.0,False,False,False,True,0.007769414367167379,0.3993702090971788,0.003102947359767779
ARWDISETSRDPFDI,H3-23_A,K4-1,True,68,123,1,0.0003128608827277,0.0004053826911478,3.226482972236114e-06,False,False,False,False,True,False,False,False,False,False,False,False,False,-2,-2,False,2.2266666666666666,False,False,False,4.226021194458009,1807.9134,2,0.0004053826911478,0.0004053826911478,482,397,False,397.0,False,False,False,True,0.007958907604132872,1.2956868584687553,0.010312506373577146
ARAGGIKYGNAFDY,H1-69,K4-1,True,60,122,1,0.0002760537200539,0.0004020868969108,3.226482972236114e-06,False,False,False,False,False,False,False,False,False,False,False,False,False,1,1,False,2.092857142857143,False,False,False,8.54006805419922,1502.6287,1,0.0004020868969108,0.0004020868969108,14,398,False,398.0,False,False,False,False,0.008024142929289673,1.456500321129827,0.011687457416013087
AREGYEELAFDY,H4-34,K4-1,True,1064,117,1,0.0048953526356228,0.0003856079257259,3.226482972236114e-06,False,False,False,False,False,False,False,False,False,True,False,False,False,-3,-3,False,2.1083333333333334,False,False,False,4.050025558471679,1462.5153,1,0.0048953526356228,0.0003856079257259,143,399,False,399.0,False,False,False,True,0.00836704612775061,0.07877004308524369,0.0006590896757591551
ARHEIRQNPHFDY,H3-23_A,K4-1,True,155,115,1,0.0007131387768059,0.000379016337252,3.226482972236114e-06,False,False,False,False,False,False,False,False,False,False,False,False,False,0,2,False,2.1923076923076925,False,False,False,6.964509201049804,1682.7961999999998,2,0.0007131387768059,0.000379016337252,282,400,False,400.0,False,False,False,True,0.008512556134300898,0.5314688176982713,0.004524277510068949
ARALAYEGYVFDY,H1-69,UNK,True,182,112,1,0.0008373629508302,0.0003691289545411,3.226482972236114e-06,False,False,False,False,False,False,False,False,False,False,False,False,False,-1,-1,False,0.476923076923077,False,False,False,4.370375442504883,1537.6694,1,0.0008373629508302,0.0003691289545411,46,401,False,401.0,False,False,False,True,0.00874056485381544,0.4408178627875823,0.003853101499203275
AREGYEALSFDY,H4-34,K4-1,True,383,107,1,0.0017621429130108,0.0003526499833562,3.226482972236114e-06,False,False,False,False,False,False,False,False,False,False,False,False,False,-2,-2,False,2.0,False,False,False,4.137435531616211,1420.4786,1,0.0017621429130108,0.0003526499833562,137,402,False,402.0,False,False,False,True,0.009148990882181388,0.2001245072163829,0.0018309892112162796
AREGYDELSFDY,H4-34,K4-1,True,301,103,1,0.0013848694956038,0.0003394668064083,3.226482972236114e-06,False,False,False,False,False,False,False,False,False,True,False,False,False,-3,-3,False,2.6583333333333337,False,False,False,4.050025558471679,1464.4881,1,0.0013848694956038,0.0003394668064083,139,403,False,403.0,False,False,False,True,0.0095042810328418,0.24512371472457561,0.002329793301495438
ARAGSSIKGNAFDY,H3-23_A,K4-1,True,194,102,1,0.000892573694841,0.0003361710121713,3.226482972236114e-06,False,False,False,False,False,False,False,False,False,False,False,False,False,1,1,False,2.75,False,False,False,8.63377227783203,1456.5587999999998,1,0.000892573694841,0.0003361710121713,14,404,False,404.0,False,False,False,True,0.009597457486956668,0.37662688004981276,0.0036147679941776908
ARAGGIKYGNAFDY,UNK,K4-1,True,53,101,1,0.0002438474527142,0.0003328752179343,3.226482972236114e-06,False,False,False,False,False,False,False,False,False,False,False,False,False,1,1,False,2.092857142857143,False,False,False,8.54006805419922,1502.6287,1,0.0003328752179343,0.0003328752179343,14,406,False,406.0,False,False,False,False,0.009692478963943991,1.3650401668241343,0.013231020566829014
ARFDADFTDPFDY,UNK,K3-20,True,56,98,1,0.0002576501387169,0.0003229878352234,3.226482972236114e-06,False,False,False,False,True,False,False,False,False,True,False,False,False,-3,-3,False,2.015384615384616,False,False,False,4.050025558471679,1579.6201,1,0.0003229878352234,0.0003229878352234,158,408,False,408.0,False,False,False,False,0.009989178317571483,1.2535421149418762,0.01252224340289268
ARLSPDWGSGSALFDY,H1-69,K1-39,True,27,98,1,0.0001242241740242,0.0003229878352234,3.226482972236114e-06,False,False,False,False,False,False,False,False,False,False,False,False,False,-1,-1,False,1.36875,False,False,False,4.207874679565429,1741.8534,1,0.0003229878352234,0.0003229878352234,328,409,False,409.0,False,False,False,False,0.009989178317571483,2.599830825618755,0.025970977773053138
ARGARGANYFDY,H3-23_A,K4-1,True,1259,97,1,0.0057925272257981,0.0003196920409864,3.226482972236114e-06,False,False,False,False,False,False,False,False,False,False,False,False,False,1,1,False,2.5083333333333333,False,False,False,8.632579040527343,1360.4332,2,0.0057925272257981,0.0003196920409864,7,410,False,410.0,False,False,False,True,0.010092156316178687,0.05519032999263161,0.0005570068601141474
ARARVYAGYVFDY,H1-69,K4-1,True,25,97,1,0.0001150223833558,0.0003196920409864,3.226482972236114e-06,False,False,False,False,False,False,False,False,False,False,False,False,False,1,1,False,0.6230769230769232,False,False,False,8.539295959472657,1550.7144999999998,2,0.0003196920409864,0.0003196920409864,64,411,False,411.0,False,False,False,False,0.010092156316178687,2.7791481986214186,0.02804847537807216
ARFEDAWDRGFDY,UNK,K3-20,True,20,97,1,9.201790668464084e-05,0.0003196920409864,3.226482972236114e-06,False,False,False,False,False,False,False,False,False,True,False,False,False,-2,-2,False,1.984615384615385,False,False,False,4.226021194458009,1647.7007,2,0.0003196920409864,0.0003196920409864,164,412,False,412.0,False,False,False,False,0.010092156316178687,3.473859750846159,0.035059832266885665
ARARLQTAGAFDY,UNK,K4-1,True,59,96,1,0.0002714528247196,0.0003163962467495,3.226482972236114e-06,False,False,False,False,False,False,False,False,False,False,False,False,False,1,1,False,1.8000000000000005,False,False,False,8.79022674560547,1439.5747,2,0.0003163962467495,0.0003163962467495,31,413,False,413.0,False,False,False,False,0.010197279621949223,1.1655232979923227,0.011885542617368768
ARARLQTAGAFDY,H1-69,K4-1,True,46,95,1,0.0002116411853746,0.0003131004525125,3.226482972236114e-06,False,False,False,False,False,False,False,False,False,False,False,False,False,1,1,False,1.8000000000000005,False,False,False,8.79022674560547,1439.5747,2,0.0003131004525125,0.0003131004525125,31,414,False,414.0,False,False,False,False,0.010304615979267911,1.4793229339034677,0.015244341611059649
ARAAGEYGYDWDFDY,H1-69,K1-39,True,413,91,1,0.0019001697730378,0.0002999172755646,3.226482972236114e-06,False,False,False,False,False,False,False,False,False,True,False,False,False,-3,-3,False,2.3200000000000003,False,False,False,4.050025558471679,1798.8168,1,0.0019001697730378,0.0002999172755646,3,415,False,415.0,False,False,False,True,0.010757551030203573,0.15783626361053463,0.0016979882735400163
ARDYGVSSPDVFDY,H1-69,K1-39,True,40,91,1,0.0001840358133692,0.0002999172755646,3.226482972236114e-06,False,False,False,False,False,False,False,False,False,False,False,False,False,-2,-2,False,2.6214285714285714,False,False,False,4.050025558471679,1590.6444,1,0.0002999172755646,0.0002999172755646,121,416,False,416.0,False,False,False,False,0.010757551030203573,1.6295794513019393,0.017530868609131126
ARNAIFVEPRWAFDY,H3-23_A,K3-15,True,182,88,1,0.0008373629508302,0.0002900298928537,3.226482972236114e-06,False,False,False,False,False,False,False,False,False,False,False,False,False,0,0,False,-0.0266666666666665,False,False,False,6.114178848266601,1855.0589,2,0.0008373629508302,0.0002900298928537,331,417,False,417.0,False,False,False,True,0.011124273080129686,0.34635689219021765,0.003853101499203275
ARPGIRYTAGAFDY,H3-23_A,K4-1,True,136,87,1,0.0006257217654555,0.0002867340986167,3.226482972236114e-06,False,False,False,False,False,False,False,False,False,False,False,False,False,1,1,False,1.6,False,False,False,8.632579040527343,1557.7072999999998,2,0.0006257217654555,0.0002867340986167,345,418,False,418.0,False,False,False,True,0.011252133828738553,0.45823804135622326,0.0051563355903585986
ARDPYGAFGSPYHRFDY,H1-69,K3-20,True,84,87,1,0.0003864752080754,0.0002867340986167,3.226482972236114e-06,False,False,False,False,True,False,False,False,False,False,False,False,False,0,1,False,1.9235294117647064,False,False,False,6.789382553100586,2019.1341,2,0.0003864752080754,0.0002867340986167,109,419,False,419.0,False,False,False,True,0.011252133828738553,0.741901870047147,0.00834827026965196
ARGIDPYGSYGYFDI,H5-51,UNK,True,91,86,1,0.0004186814754151,0.0002834383043797,3.226482972236114e-06,False,False,False,False,True,False,False,False,False,False,False,False,False,-1,-1,False,1.4066666666666667,False,False,False,4.207874679565429,1693.8087,1,0.0004186814754151,0.0002834383043797,223,420,False,420.0,False,False,False,True,0.01138296797822435,0.676962204923549,0.007706110971180647
ARHEKGVLSWQSFDI,H1-69,K3-20,True,139,84,1,0.0006395244514582,0.0002768467159058,3.226482972236114e-06,False,False,False,False,False,False,False,False,False,False,False,False,False,0,1,False,1.1,False,False,False,6.796487808227539,1772.9569,1,0.0006395244514582,0.0002768467159058,283,421,False,421.0,False,False,False,True,0.011653981236033728,0.432887884733282,0.0050450495119995845
ARDADYWSYGSQAFDP,H1-69,K1-39,True,67,81,1,0.0003082599873935,0.0002669593331949,3.226482972236114e-06,False,False,False,False,True,False,False,False,False,True,False,False,False,-2,-2,False,2.7687500000000003,False,False,False,4.050025558471679,1848.8773,1,0.0003082599873935,0.0002669593331949,84,422,False,422.0,False,False,False,True,0.012085594002965995,0.8659919684433378,0.010466419386190775
ARFEDAVETGFDY,H3-23_A,K1-39,True,88,80,1,0.0004048787894124,0.0002636635389579,3.226482972236114e-06,False,False,False,False,False,False,False,False,False,True,False,False,False,-3,-3,False,2.376923076923077,False,False,False,4.050025558471679,1519.5666,1,0.0004048787894124,0.0002636635389579,161,424,False,424.0,False,False,False,True,0.012236658198573645,0.6511998994601581,0.007968812811336635
ARFEDAWDRGFDY,H1-69,K3-20,True,29,77,1,0.0001334259646927,0.000253776156247,3.226482972236114e-06,False,False,False,False,False,False,False,False,False,True,False,False,False,-2,-2,False,1.984615384615385,False,False,False,4.226021194458009,1647.7007,2,0.000253776156247,0.000253776156247,164,425,False,425.0,False,False,False,False,0.012713392329784554,1.9018572453943787,0.024180010086985403
ARFDAGVETGFDY,UNK,K3-20,True,5,74,1,2.3004476671160207e-05,0.000243888773536,3.226482972236114e-06,False,False,False,False,False,False,False,False,False,False,False,False,False,-2,-2,False,2.2153846153846155,False,False,False,4.050025558471679,1447.5039,1,0.000243888773536,0.000243888773536,161,426,False,426.0,False,False,False,False,0.013228778994904941,10.59718963071712,0.14019362761697157
ARGYTWGEEFDY,H4-34,K1-39,True,81,71,1,0.0003726725220727,0.0002340013908251,3.226482972236114e-06,False,False,False,False,False,False,False,False,False,True,False,False,False,-2,-2,False,2.125,False,False,False,4.137435531616211,1493.5309,1,0.0003726725220727,0.0002340013908251,261,427,False,427.0,False,False,False,True,0.01378771760152302,0.6278839949984368,0.008657457168347479
ARAVDPYGSYGAFDY,H5-51,UNK,True,287,67,1,0.0013204569609245,0.0002208182138772,3.226482972236114e-06,False,False,False,False,True,False,False,False,False,False,False,False,False,-1,-1,False,2.126666666666667,False,False,False,4.207874679565429,1651.7289999999998,1,0.0013204569609245,0.0002208182138772,73,428,False,428.0,False,False,False,True,0.014610827645557661,0.16722736759926074,0.002443440894558356
ARAWVFGEEFDY,H3-7_A,K1-39,True,41,65,1,0.0001886367087035,0.0002142266254033,3.226482972236114e-06,False,False,False,False,False,False,False,False,False,True,False,False,False,-2,-2,False,0.4750000000000001,False,False,False,4.137435531616211,1489.5852,1,0.0002142266254033,0.0002142266254033,77,429,False,429.0,False,False,False,False,0.015060370588652927,1.1355969413704667,0.017103309113689576
ARFEDAWDRGFDY,H3-23_A,UNK,True,13,62,1,5.981163934501654e-05,0.0002043392426924,3.226482972236114e-06,False,False,False,False,False,False,False,False,False,True,False,False,False,-2,-2,False,1.984615384615385,False,False,False,4.226021194458009,1647.7007,2,0.0002043392426924,0.0002043392426924,164,430,False,430.0,False,False,False,False,0.015789062536888523,3.4158081411625933,0.05393504771120748
ARARVEIGYVFDY,H3-23_A,K3-20,True,100,61,1,0.0004600895334232,0.0002010434484554,3.226482972236114e-06,False,False,False,False,False,False,False,False,False,False,False,False,False,0,0,False,0.5923076923076924,False,False,False,6.113258743286132,1558.735,2,0.0004600895334232,0.0002010434484554,62,431,False,431.0,False,False,False,False,0.016047886753615417,0.4369564275790735,0.007012576057686178
ARARVYEGYVFDY,H3-23_A,K3-20,True,23,60,1,0.0001058205926873,0.0001977476542184,3.226482972236114e-06,False,False,False,False,False,False,False,False,False,False,False,False,False,0,0,False,1.0615384615384615,False,False,False,6.112389755249024,1608.7505999999998,2,0.0001977476542184,0.0001977476542184,62,432,False,432.0,False,False,False,False,0.0163153380079683,1.8685301593527819,0.03048724277458669
ARFEDAWDRGFDY,H3-23_A,K4-1,True,21,60,1,9.661880201887288e-05,0.0001977476542184,3.226482972236114e-06,False,False,False,False,False,False,False,False,False,True,False,False,False,-2,-2,False,1.984615384615385,False,False,False,4.226021194458009,1647.7007,2,0.0001977476542184,0.0001977476542184,164,433,False,433.0,False,False,False,False,0.0163153380079683,2.046466996245874,0.03339048922086335
ARSLYWISEEFDY,H1-69,K1-39,True,136,59,1,0.0006257217654555,0.0001944518599814,3.226482972236114e-06,False,False,False,False,False,False,False,False,False,True,False,False,False,-2,-2,False,0.3615384615384616,False,False,False,4.137435531616211,1678.7942,1,0.0006257217654555,0.0001944518599814,408,434,False,434.0,False,False,False,True,0.016591854940319516,0.31075913149438594,0.0051563355903585986
ARAGSWGSYAPFDY,H1-69,K4-1,True,127,56,1,0.0005843137074474,0.0001845644772705,3.226482972236114e-06,False,False,False,False,False,False,False,False,False,False,False,False,False,0,0,False,1.7142857142857142,False,False,False,5.87944984436035,1547.6246,1,0.0005843137074474,0.0001845644772705,12,436,False,436.0,False,False,False,True,0.01748065615544232,0.3158599846594693,0.005521738945576767
ARDIRYGNAFDY,H1-69,K4-1,True,60,56,1,0.0002760537200539,0.0001845644772705,3.226482972236114e-06,False,False,False,False,False,False,False,False,False,False,False,False,False,0,0,False,2.025,False,False,False,6.004021835327148,1460.549,2,0.0002760537200539,0.0001845644772705,95,437,False,437.0,False,False,False,False,0.01748065615544232,0.6685575244529225,0.011687457416013087
ARTSLEGTLDY,H1-69,K4-1,True,1680,55,1,0.0077295041615098,0.0001812686830335,3.226482972236114e-06,False,False,False,False,False,False,False,False,False,False,False,False,False,-1,-1,False,2.4000000000000004,False,False,False,4.370375442504883,1225.3051,1,0.0077295041615098,0.0001812686830335,257,439,False,439.0,False,False,False,True,0.017798468734682195,0.023451497629198074,0.00041742377396794723
ARARVEIGYVFDY,H1-69,K1-39,True,75,54,1,0.0003450671500674,0.0001779728887966,3.226482972236114e-06,False,False,False,False,False,False,False,False,False,False,False,False,False,0,0,False,0.5923076923076924,False,False,False,6.113258743286132,1558.735,2,0.0003450671500674,0.0001779728887966,62,440,False,440.0,False,False,False,False,0.018128051488833626,0.5157481124491685,0.009350033671038264
ARAKSYIGYVFDY,H1-69,K4-1,True,37,54,1,0.0001702331273665,0.0001779728887966,3.226482972236114e-06,False,False,False,False,False,False,False,False,False,False,False,False,False,1,1,False,0.7461538461538463,False,False,False,8.47317657470703,1552.7270999999998,1,0.0001779728887966,0.0001779728887966,45,441,False,441.0,False,False,False,False,0.018128051488833626,1.045404249497011,0.01895220689461449
ARARVHEGYVFDY,H3-23_A,K4-1,True,26,54,1,0.00011962327869,0.0001779728887966,3.226482972236114e-06,False,False,False,False,False,False,False,False,False,False,False,False,False,0,1,False,1.3692307692307693,False,False,False,6.795363235473633,1582.7167,2,0.0001779728887966,0.0001779728887966,62,442,False,442.0,False,False,False,False,0.018128051488833626,1.4876536925630255,0.026969778038072042
ARFEDAWDRGFDY,H3-23_A,K1-39,True,8,53,1,3.6807162673856334e-05,0.0001746770945596,3.226482972236114e-06,False,False,False,False,False,False,False,False,False,True,False,False,False,-2,-2,False,1.984615384615385,False,False,False,4.226021194458009,1647.7007,2,0.0001746770945596,0.0001746770945596,164,443,False,443.0,False,False,False,False,0.018470070616094066,4.744447477035955,0.08763529663645758
ARAHTWTAGAFDY,H3-23_A,K4-1,True,271,51,1,0.0012468426355768,0.0001680855060856,3.226482972236114e-06,False,False,False,False,False,False,False,False,False,False,False,False,False,0,1,False,1.5153846153846156,False,False,False,6.788309097290039,1466.5553,1,0.0012468426355768,0.0001680855060856,29,444,False,444.0,False,False,False,True,0.019194344021267757,0.13480783637903035,0.0025877019305842247
ARDIRYGNAFDY,H3-23_A,K1-39,True,42,51,1,0.0001932376040377,0.0001680855060856,3.226482972236114e-06,False,False,False,False,False,False,False,False,False,False,False,False,False,0,0,False,2.025,False,False,False,6.004021835327148,1460.549,2,0.0001932376040377,0.0001680855060856,95,445,False,445.0,False,False,False,False,0.019194344021267757,0.8697934803518121,0.01669610854066098
ARGEVRYIPDEFDY,H3-23_A,K1-39,True,59,50,1,0.0002714528247196,0.0001647897118487,3.226482972236114e-06,False,False,False,False,False,False,False,False,False,True,False,False,False,-2,-2,False,2.085714285714286,False,False,False,4.316753768920899,1729.8427,2,0.0002714528247196,0.0001647897118487,218,446,False,446.0,False,False,False,False,0.019578207607536938,0.6070433843710091,0.011885542617368768
ARDIRYGNAFDY,UNK,K4-1,True,42,48,1,0.0001932376040377,0.0001581981233747,3.226482972236114e-06,False,False,False,False,False,False,False,False,False,False,False,False,False,0,0,False,2.025,False,False,False,6.004021835327148,1460.549,2,0.0001932376040377,0.0001581981233747,95,447,False,447.0,False,False,False,False,0.020393914695483205,0.8186291579782674,0.01669610854066098
ARAGGIKYGNAFDY,H3-23_A,K1-39,True,28,48,1,0.0001288250693584,0.0001581981233747,3.226482972236114e-06,False,False,False,False,False,False,False,False,False,False,False,False,False,1,1,False,2.092857142857143,False,False,False,8.54006805419922,1502.6287,1,0.0001581981233747,0.0001581981233747,14,448,False,448.0,False,False,False,False,0.020393914695483205,1.2279119665361948,0.02504351484657115
ARAGSFGEEFDY,H3-7_A,K1-39,True,12,48,1,5.52107440107845e-05,0.0001581981233747,3.226482972236114e-06,False,False,False,False,False,False,False,False,False,True,False,False,False,-2,-2,False,2.6333333333333333,False,False,False,4.137435531616211,1348.3728999999998,1,0.0001581981233747,0.0001581981233747,17,449,False,449.0,False,False,False,False,0.020393914695483205,2.8648314362407756,0.058428821089516435
ARDWGPSGDYGEFDY,H3-7_A,K1-39,True,36,47,1,0.0001656322320323,0.0001549023291377,3.226482972236114e-06,False,False,False,False,False,False,False,False,False,True,False,False,False,-3,-3,False,3.12,False,False,False,4.050025558471679,1734.7316,1,0.0001656322320323,0.0001549023291377,116,450,False,450.0,False,False,False,False,0.02082779976387887,0.9351620491777379,0.019478625303762837
ARGPYSGFDEEFDY,H1-69,K1-39,True,326,46,1,0.0014998918789596,0.0001516065349008,3.226482972236114e-06,False,False,False,False,False,False,False,False,False,True,False,False,False,-3,-3,False,2.835714285714286,False,False,False,4.050025558471679,1652.6708,1,0.0014998918789596,0.0001516065349008,19,451,False,451.0,False,False,False,True,0.021280548156222833,0.10107763516234887,0.0021511293621914447
ARARVHEGYVFDY,H1-69,K1-39,True,27,46,1,0.0001242241740242,0.0001516065349008,3.226482972236114e-06,False,False,False,False,False,False,False,False,False,False,False,False,False,0,1,False,1.3692307692307693,False,False,False,6.795363235473633,1582.7167,2,0.0001516065349008,0.0001516065349008,62,452,False,452.0,False,False,False,False,0.021280548156222833,1.220328754882437,0.025970977773053138
ARFDAGVETGFDY,H3-23_A,K1-39,True,1,46,1,4.600895334232042e-06,0.0001516065349008,3.226482972236114e-06,False,False,False,False,False,False,False,False,False,False,False,False,False,-2,-2,False,2.2153846153846155,False,False,False,4.050025558471679,1447.5039,1,0.0001516065349008,0.0001516065349008,161,453,False,453.0,False,False,False,False,0.021280548156222833,32.880064263278385,0.699751943680477
ARSASVRGLNAFDY,H1-69,K4-1,True,32,45,1,0.0001472286506954,0.0001483107406638,3.226482972236114e-06,False,False,False,False,False,False,False,False,False,False,False,False,False,1,1,False,1.885714285714286,False,False,False,8.79022674560547,1526.6518999999998,2,0.0001483107406638,0.0001483107406638,377,454,False,454.0,False,False,False,False,0.021753417342687174,1.0072813080216139,0.02191328810062856
ARGYLEGEEFDY,H3-7_A,K1-39,True,234,44,1,0.0010766095082102,0.0001450149464268,3.226482972236114e-06,False,False,False,False,False,False,False,False,False,True,False,False,False,-3,-3,False,2.4083333333333337,False,False,False,4.050025558471679,1448.4887,1,0.0010766095082102,0.0001450149464268,247,455,False,455.0,False,False,False,True,0.022247779100988335,0.13469470441593298,0.0029968646746889277
ARARLQTAGAFDY,H3-23_A,K3-20,True,19,44,1,8.741701135040879e-05,0.0001450149464268,3.226482972236114e-06,False,False,False,False,False,False,False,False,False,False,False,False,False,1,1,False,1.8000000000000005,False,False,False,8.79022674560547,1439.5747,2,0.0001450149464268,0.0001450149464268,31,456,False,456.0,False,False,False,False,0.022247779100988335,1.6586972857344728,0.03690487553445378
AREGYTELSFDY,H4-34,K4-1,True,106,43,1,0.0004876949054285,0.0001417191521898,3.226482972236114e-06,False,False,False,False,False,False,False,False,False,False,False,False,False,-2,-2,False,2.2583333333333333,False,False,False,4.137435531616211,1450.5046,1,0.0004876949054285,0.0001417191521898,139,457,False,457.0,False,False,False,True,0.022765132807083272,0.2905838153612271,0.006615645929173727
ARFIAVESDPFAFDP,UNK,K3-20,True,54,43,1,0.0002484483480485,0.0001417191521898,3.226482972236114e-06,False,False,False,False,True,False,False,False,False,True,False,False,False,-2,-2,False,0.6466666666666668,False,False,False,4.050025558471679,1681.8411999999998,1,0.0002484483480485,0.0001417191521898,175,458,False,458.0,False,False,False,False,0.022765132807083272,0.5703940048822023,0.012986011529008044
ARGAFPEEFDY,H4-34,K1-39,True,28,43,1,0.0001288250693584,0.0001417191521898,3.226482972236114e-06,False,False,False,False,False,False,False,False,False,True,False,False,False,-2,-2,False,1.9545454545454544,False,False,False,4.137435531616211,1301.3595,1,0.0001417191521898,0.0001417191521898,199,459,False,459.0,False,False,False,False,0.022765132807083272,1.100004470021733,0.02504351484657115
ARSVFAEEFDY,H1-69,K1-39,True,287,42,1,0.0013204569609245,0.0001384233579529,3.226482972236114e-06,False,False,False,False,False,False,False,False,False,True,False,False,False,-2,-2,False,1.5,False,False,False,4.137435531616211,1333.4013,1,0.0013204569609245,0.0001384233579529,432,460,False,460.0,False,False,False,True,0.023307120624307034,0.10482909610702074,0.002443440894558356
ARSIWRGNAFDY,H3-23_A,K4-1,True,206,42,1,0.0009477844388518,0.0001384233579529,3.226482972236114e-06,False,False,False,False,False,False,False,False,False,False,False,False,False,1,1,False,1.0583333333333331,False,False,False,8.79022674560547,1455.5756,2,0.0009477844388518,0.0001384233579529,39,461,False,461.0,False,False,False,True,0.023307120624307034,0.1460478689035063,0.0034042012064818797
ARFDADFTDPFDY,H1-69,K3-20,True,58,42,1,0.0002668519293854,0.0001384233579529,3.226482972236114e-06,False,False,False,False,True,False,False,False,False,True,False,False,False,-3,-3,False,2.015384615384616,False,False,False,4.050025558471679,1579.6201,1,0.0002668519293854,0.0001384233579529,158,462,False,462.0,False,False,False,False,0.023307120624307034,0.5187077762335669,0.01209045808694747
ARWDELRDPYPFDY,H3-23_A,K4-1,True,45,42,1,0.0002070402900404,0.0001384233579529,3.226482972236114e-06,False,False,False,False,True,False,False,False,False,True,False,False,False,-2,-2,False,1.45,False,False,False,4.226021194458009,1842.9589,2,0.0002070402900404,0.0001384233579529,480,463,False,463.0,False,False,False,False,0.023307120624307034,0.6685494520480536,0.01558308839657533
ARGPFLEEFDY,H1-69,K4-1,True,42,41,1,0.0001932376040377,0.0001351275637159,3.226482972236114e-06,False,False,False,False,False,False,False,False,False,True,False,False,False,-2,-2,False,0.9272727272727276,False,False,False,4.137435531616211,1343.4392,1,0.0001932376040377,0.0001351275637159,17,464,False,464.0,False,False,False,False,0.023875544915247668,0.6992457391064907,0.01669610854066098
ARFDAGVETGFDY,H1-69,K3-20,True,7,41,1,3.220626733962429e-05,0.0001351275637159,3.226482972236114e-06,False,False,False,False,False,False,False,False,False,False,False,False,False,-2,-2,False,2.2153846153846155,False,False,False,4.050025558471679,1447.5039,1,0.0001351275637159,0.0001351275637159,161,465,False,465.0,False,False,False,False,0.023875544915247668,4.194389197587155,0.10015073870049841
ARGYKWGEEFDY,H4-34,K3-20,True,81,40,1,0.0003726725220727,0.0001318317694789,3.226482972236114e-06,False,False,False,False,False,False,False,False,False,True,False,False,False,-1,-1,False,2.1666666666666665,False,False,False,4.6793262481689455,1520.5993,1,0.0003726725220727,0.0001318317694789,274,466,False,466.0,False,False,False,True,0.024472388265029173,0.353737461970871,0.008657457168347479
ARFDADFTDPFDY,H3-23_A,K4-1,True,72,40,1,0.0003312644640647,0.0001318317694789,3.226482972236114e-06,False,False,False,False,True,False,False,False,False,True,False,False,False,-3,-3,False,2.015384615384616,False,False,False,4.050025558471679,1579.6201,1,0.0003312644640647,0.0001318317694789,158,467,False,467.0,False,False,False,False,0.024472388265029173,0.3979533099573665,0.009739606647151533
ARGIFLDEFDY,H1-69,K4-1,True,75,39,1,0.0003450671500674,0.0001285359752419,3.226482972236114e-06,False,False,False,False,False,False,False,False,False,True,False,False,False,-2,-2,False,0.2090909090909093,False,False,False,4.050025558471679,1345.455,1,0.0003450671500674,0.0001285359752419,225,468,False,468.0,False,False,False,False,0.02509983658503865,0.37248474787969743,0.009350033671038264
ARFDADFTDPFDY,H3-23_A,UNK,True,28,39,1,0.0001288250693584,0.0001285359752419,3.226482972236114e-06,False,False,False,False,True,False,False,False,False,True,False,False,False,-3,-3,False,2.015384615384616,False,False,False,4.050025558471679,1579.6201,1,0.0001288250693584,0.0001285359752419,158,469,False,469.0,False,False,False,False,0.02509983658503865,0.9976784728103189,0.02504351484657115
ARFIAVESDPFAFDP,H1-69,K3-20,True,54,38,1,0.0002484483480485,0.000125240181005,3.226482972236114e-06,False,False,False,False,True,False,False,False,False,True,False,False,False,-2,-2,False,0.6466666666666668,False,False,False,4.050025558471679,1681.8411999999998,1,0.0002484483480485,0.000125240181005,175,470,False,470.0,False,False,False,False,0.025760305864207193,0.5040691205938175,0.012986011529008044
ARGSISSPDWPFDY,H4-34,K3-15,True,6,38,1,2.760537200539225e-05,0.000125240181005,3.226482972236114e-06,False,False,False,False,False,False,False,False,False,False,False,False,False,-1,-1,False,1.9,False,False,False,4.207874679565429,1597.6817999999998,1,0.000125240181005,0.000125240181005,255,471,False,471.0,False,False,False,False,0.025760305864207193,4.5351618287287705,0.11683648410045326
ARARLQTAGAFDY,H3-23_A,K1-39,True,32,37,1,0.0001472286506954,0.000121944386768,3.226482972236114e-06,False,False,False,False,False,False,False,False,False,False,False,False,False,1,1,False,1.8000000000000005,False,False,False,8.79022674560547,1439.5747,2,0.0001472286506954,0.000121944386768,31,472,False,472.0,False,False,False,False,0.026456473258104407,0.8282090754843475,0.02191328810062856
ARGEVRYIPDEFDY,H4-34,K1-39,True,28,37,1,0.0001288250693584,0.000121944386768,3.226482972236114e-06,False,False,False,False,False,False,False,False,False,True,False,False,False,-2,-2,False,2.085714285714286,False,False,False,4.316753768920899,1729.8427,2,0.0001288250693584,0.000121944386768,218,473,False,473.0,False,False,False,False,0.026456473258104407,0.9465154742049998,0.02504351484657115
ARARLQTAGAFDY,H4-34,K4-1,True,20,37,1,9.201790668464084e-05,0.000121944386768,3.226482972236114e-06,False,False,False,False,False,False,False,False,False,False,False,False,False,1,1,False,1.8000000000000005,False,False,False,8.79022674560547,1439.5747,2,0.000121944386768,0.000121944386768,31,474,False,474.0,False,False,False,False,0.026456473258104407,1.3250805235185483,0.035059832266885665
ARFDADFTDPFDY,H3-23_A,K1-39,True,34,35,1,0.0001564304413638,0.000115352798294,3.226482972236114e-06,False,False,False,False,True,False,False,False,False,True,False,False,False,-3,-3,False,2.015384615384616,False,False,False,4.050025558471679,1579.6201,1,0.0001564304413638,0.000115352798294,158,475,False,475.0,False,False,False,False,0.027968140682696346,0.737359197458084,0.020624353550198534
ARVSTSYHANAFDY,H1-69,K4-1,True,31,35,1,0.0001426277553611,0.000115352798294,3.226482972236114e-06,False,False,False,False,False,False,False,False,False,False,False,False,False,0,1,False,2.2214285714285715,False,False,False,6.787184524536133,1601.6736999999998,1,0.0001426277553611,0.000115352798294,472,476,False,476.0,False,False,False,False,0.027968140682696346,0.8087115364510208,0.022620118804225355
ARFDADFTDPFDY,H4-34,K3-20,True,28,35,1,0.0001288250693584,0.000115352798294,3.226482972236114e-06,False,False,False,False,True,False,False,False,False,True,False,False,False,-3,-3,False,2.015384615384616,False,False,False,4.050025558471679,1579.6201,1,0.0001288250693584,0.000115352798294,158,477,False,477.0,False,False,False,False,0.027968140682696346,0.8953524755989045,0.02504351484657115
ARGRGDYSSWYSWYFDP,H3-23_A,K3-15,True,20,35,1,9.201790668464084e-05,0.000115352798294,3.226482972236114e-06,False,False,False,True,True,False,False,False,False,False,False,False,False,0,0,False,1.6823529411764706,False,False,False,6.003152847290039,2113.2023,2,0.000115352798294,0.000115352798294,249,478,False,478.0,False,False,False,False,0.027968140682696346,1.2534545492737152,0.035059832266885665
ARGSISSPDWPFDY,UNK,K1-39,True,10,35,1,4.6008953342320415e-05,0.000115352798294,3.226482972236114e-06,False,False,False,False,False,False,False,False,False,False,False,False,False,-1,-1,False,1.9,False,False,False,4.207874679565429,1597.6817999999998,1,0.000115352798294,0.000115352798294,255,479,False,479.0,False,False,False,False,0.027968140682696346,2.5066367206556626,0.07011204597017513
ARARVYEGYVFDY,H1-69,K1-39,True,9,35,1,4.140805800808837e-05,0.000115352798294,3.226482972236114e-06,False,False,False,False,False,False,False,False,False,False,False,False,False,0,0,False,1.0615384615384615,False,False,False,6.112389755249024,1608.7505999999998,2,0.000115352798294,0.000115352798294,62,480,False,480.0,False,False,False,False,0.027968140682696346,2.785084666969977,0.07790039242317992
ARAGGIKYGNAFDY,H3-23_A,K3-20,True,14,34,1,6.441253467924858e-05,0.0001120570040571,3.226482972236114e-06,False,False,False,False,False,False,False,False,False,False,False,False,False,1,1,False,2.092857142857143,False,False,False,8.54006805419922,1502.6287,1,0.0001120570040571,0.0001120570040571,14,481,False,481.0,False,False,False,False,0.02879065965386357,1.7394069422294116,0.050083142308826455
ARFDAGVETGFDY,H3-23_A,UNK,True,2,34,1,9.201790668464084e-06,0.0001120570040571,3.226482972236114e-06,False,False,False,False,False,False,False,False,False,False,False,False,False,-2,-2,False,2.2153846153846155,False,False,False,4.050025558471679,1447.5039,1,0.0001120570040571,0.0001120570040571,161,482,False,482.0,False,False,False,False,0.02879065965386357,12.164519157032004,0.3502557850431568
ARGELEDEFDY,H1-69,K1-39,True,1384,33,1,0.0063676391425771,0.0001087612098201,3.226482972236114e-06,False,False,False,False,False,False,False,False,False,True,False,False,False,-4,-4,False,3.190909090909091,False,False,False,4.050025558471679,1343.3516,1,0.0063676391425771,0.0001087612098201,215,483,False,483.0,False,False,False,True,0.0296630236766925,0.017080276784232875,0.0005066992386031965
ARAITNLGYVFDY,H1-69,K3-20,True,148,33,1,0.0006809325094663,0.0001087612098201,3.226482972236114e-06,False,False,False,False,False,False,False,False,False,False,False,False,False,0,0,False,0.1846153846153848,False,False,False,5.87944984436035,1502.6683999999998,1,0.0006809325094663,0.0001087612098201,37,484,False,484.0,False,False,False,True,0.0296630236766925,0.1597215745942244,0.004738260466019258
ARAGGIKYGNAFDY,H4-34,K4-1,True,16,33,1,7.361432534771267e-05,0.0001087612098201,3.226482972236114e-06,False,False,False,False,False,False,False,False,False,False,False,False,False,1,1,False,2.092857142857143,False,False,False,8.54006805419922,1502.6287,1,0.0001087612098201,0.0001087612098201,14,485,False,485.0,False,False,False,False,0.0296630236766925,1.4772455884171842,0.04382359983603372
ARGDFPEEFDY,UNK,K1-39,True,11,33,1,5.060984867655246e-05,0.0001087612098201,3.226482972236114e-06,False,False,False,False,False,False,False,False,False,True,False,False,False,-3,-3,False,2.672727272727273,False,False,False,4.050025558471679,1345.369,1,0.0001087612098201,0.0001087612098201,208,486,False,486.0,False,False,False,False,0.0296630236766925,2.148588205291872,0.06373948276401403
ARFDAGVETGFDY,H3-23_A,K4-1,True,7,33,1,3.220626733962429e-05,0.0001087612098201,3.226482972236114e-06,False,False,False,False,False,False,False,False,False,False,False,False,False,-2,-2,False,2.2153846153846155,False,False,False,4.050025558471679,1447.5039,1,0.0001087612098201,0.0001087612098201,161,487,False,487.0,False,False,False,False,0.0296630236766925,3.375971793179451,0.10015073870049841
ARFSDRGSYPNLFDP,H1-69,K3-20,True,3,33,1,1.3802686002696124e-05,0.0001087612098201,3.226482972236114e-06,False,False,False,False,True,False,False,False,False,False,False,False,False,0,0,False,2.06,False,False,False,6.004890823364257,1741.8566999999998,2,0.0001087612098201,0.0001087612098201,187,488,False,488.0,False,False,False,False,0.0296630236766925,7.8740087046698015,0.23358838184016711
ARGAFPEEFDY,H1-69,K4-1,True,28,32,1,0.0001288250693584,0.0001054654155831,3.226482972236114e-06,False,False,False,False,False,False,False,False,False,True,False,False,False,-2,-2,False,1.9545454545454544,False,False,False,4.137435531616211,1301.3595,1,0.0001288250693584,0.0001054654155831,199,489,False,489.0,False,False,False,False,0.030589905281710815,0.818607977690538,0.02504351484657115
AREYGAYSSTSWGEFDI,UNK,K1-39,True,19,32,1,8.741701135040879e-05,0.0001054654155831,3.226482972236114e-06,False,False,False,False,False,False,False,False,False,True,False,False,False,-2,-2,False,2.3000000000000003,False,False,False,4.137435531616211,1938.9983,1,0.0001054654155831,0.0001054654155831,155,490,False,490.0,False,False,False,False,0.030589905281710815,1.2063252987156683,0.03690487553445378
ARFEDAWDRGFDY,H4-34,K3-20,True,14,32,1,6.441253467924858e-05,0.0001054654155831,3.226482972236114e-06,False,False,False,False,False,False,False,False,False,True,False,False,False,-2,-2,False,1.984615384615385,False,False,False,4.226021194458009,1647.7007,2,0.0001054654155831,0.0001054654155831,164,491,False,491.0,False,False,False,False,0.030589905281710815,1.6370888868033304,0.050083142308826455
ARSASVRGLNAFDY,UNK,K4-1,True,36,31,1,0.0001656322320323,0.0001021696213462,3.226482972236114e-06,False,False,False,False,False,False,False,False,False,False,False,False,False,1,1,False,1.885714285714286,False,False,False,8.79022674560547,1526.6518999999998,2,0.0001656322320323,0.0001021696213462,377,492,False,492.0,False,False,False,False,0.0315765798476029,0.6168090111601313,0.019478625303762837
ARAIDPSGRYGYFDY,UNK,K3-20,True,13,31,1,5.981163934501654e-05,0.0001021696213462,3.226482972236114e-06,False,False,False,False,True,False,False,False,False,False,False,False,False,0,0,False,1.98,False,False,False,6.003152847290039,1750.8634000000002,2,0.0001021696213462,0.0001021696213462,34,493,False,493.0,False,False,False,False,0.0315765798476029,1.7079040705812967,0.05393504771120748
ARFETLAADPFDY,H1-69,K3-15,True,13,31,1,5.981163934501654e-05,0.0001021696213462,3.226482972236114e-06,False,False,False,False,True,False,False,False,False,False,False,False,False,-2,-2,False,1.2384615384615385,False,False,False,4.050025558471679,1515.621,1,0.0001021696213462,0.0001021696213462,168,494,False,494.0,False,False,False,False,0.0315765798476029,1.7079040705812967,0.05393504771120748
ARGYWLEEFDY,H3-23_A,K1-39,True,29,29,1,0.0001334259646927,9.557803287225173e-05,3.226482972236114e-06,False,False,False,False,False,False,False,False,False,True,False,False,False,-2,-2,False,0.4909090909090911,False,False,False,4.137435531616211,1448.5333,1,0.0001334259646927,9.557803287225173e-05,247,495,False,495.0,False,False,False,False,0.033754047188607125,0.716283897616102,0.024180010086985403
ARASGAYGYDWDFDY,H3-23_A,K1-39,True,60,28,1,0.0002760537200539,9.228223863527752e-05,3.226482972236114e-06,False,False,False,False,False,False,False,False,False,True,False,False,False,-2,-2,False,2.2333333333333334,False,False,False,4.050025558471679,1756.7801,1,0.0002760537200539,9.228223863527752e-05,3,497,False,497.0,False,False,False,False,0.03495941825603125,0.334278762226561,0.011687457416013087
ARIAGYGRANVFDY,UNK,K4-1,True,45,28,1,0.0002070402900404,9.228223863527752e-05,3.226482972236114e-06,False,False,False,False,False,False,False,False,False,False,False,False,False,1,1,False,1.3142857142857145,False,False,False,8.632579040527343,1572.7217999999998,2,0.0002070402900404,9.228223863527752e-05,78,498,False,498.0,False,False,False,False,0.03495941825603125,0.44569963469875484,0.01558308839657533
ARFIAVESDPFAFDP,H3-23_A,UNK,True,28,27,1,0.0001288250693584,8.898644439830333e-05,3.226482972236114e-06,False,False,False,False,True,False,False,False,False,True,False,False,False,-2,-2,False,0.6466666666666668,False,False,False,4.050025558471679,1681.8411999999998,1,0.0001288250693584,8.898644439830333e-05,175,500,False,500.0,False,False,False,False,0.03625406603657107,0.6907004811768781,0.02504351484657115
ARARVEIGYVFDY,H4-34,K3-20,True,43,26,1,0.0001978384993719,8.569065016132913e-05,3.226482972236114e-06,False,False,False,False,False,False,False,False,False,False,False,False,False,0,0,False,0.5923076923076924,False,False,False,6.113258743286132,1558.735,2,0.0001978384993719,8.569065016132913e-05,62,501,False,501.0,False,False,False,False,0.037648290487439104,0.43311245944936183,0.016307846571892496
ARASGYRAANAFDY,H1-69,K4-1,True,35,26,1,0.0001610313366981,8.569065016132913e-05,3.226482972236114e-06,False,False,False,False,False,False,False,False,False,False,False,False,False,1,1,False,2.507142857142857,False,False,False,8.632579040527343,1532.6149999999998,2,0.0001610313366981,8.569065016132913e-05,70,502,False,502.0,False,False,False,False,0.037648290487439104,0.5321034457256845,0.02003512289695358
ARAYSLEHANAFDY,UNK,K4-1,True,23,26,1,0.0001058205926873,8.569065016132913e-05,3.226482972236114e-06,False,False,False,False,False,False,False,False,False,False,False,False,False,-1,0,False,1.7,False,False,False,5.322224044799805,1627.7109999999998,1,0.0001058205926873,8.569065016132913e-05,82,503,False,503.0,False,False,False,False,0.037648290487439104,0.8096964023864177,0.03048724277458669
ARARVEIGYVFDY,H1-69,K3-15,True,22,26,1,0.0001012196973531,8.569065016132913e-05,3.226482972236114e-06,False,False,False,False,False,False,False,False,False,False,False,False,False,0,0,False,0.5923076923076924,False,False,False,6.113258743286132,1558.735,2,0.0001012196973531,8.569065016132913e-05,62,504,False,504.0,False,False,False,False,0.037648290487439104,0.846497148583098,0.03187288964207605
ARAYSLEHANAFDY,H1-69,K4-1,True,42,25,1,0.0001932376040377,8.239485592435494e-05,3.226482972236114e-06,False,False,False,False,False,False,False,False,False,False,False,False,False,-1,0,False,1.7,False,False,False,5.322224044799805,1627.7109999999998,1,0.0001932376040377,8.239485592435494e-05,82,505,False,505.0,False,False,False,False,0.03915403935901452,0.42636935311384666,0.01669610854066098
ARARVEIGYVFDY,H1-69,UNK,True,58,23,1,0.0002668519293854,7.580326745040654e-05,3.226482972236114e-06,False,False,False,False,False,False,False,False,False,False,False,False,False,0,0,False,0.5923076923076924,False,False,False,6.113258743286132,1558.735,2,0.0002668519293854,7.580326745040654e-05,62,506,False,506.0,False,False,False,False,0.04255828934357336,0.28405425841365345,0.01209045808694747
ARIAGYGRANVFDY,H1-69,K4-1,True,37,23,1,0.0001702331273665,7.580326745040654e-05,3.226482972236114e-06,False,False,False,False,False,False,False,False,False,False,False,False,False,1,1,False,1.3142857142857145,False,False,False,8.632579040527343,1572.7217999999998,2,0.0001702331273665,7.580326745040654e-05,78,507,False,507.0,False,False,False,False,0.04255828934357336,0.4452647729339288,0.01895220689461449
ARGVWLEEFDY,H3-23_A,K1-39,True,84,22,1,0.0003864752080754,7.250747321343234e-05,3.226482972236114e-06,False,False,False,False,False,False,False,False,False,True,False,False,False,-2,-2,False,0.3272727272727274,False,False,False,4.137435531616211,1384.4911,1,0.0003864752080754,7.250747321343234e-05,261,508,False,508.0,False,False,False,False,0.044492490282169346,0.18760736943724568,0.00834827026965196
ARGYGPDYADPYGEFDI,H3-7_A,K1-39,True,64,22,1,0.0002944573013908,7.250747321343234e-05,3.226482972236114e-06,False,False,False,False,True,False,False,False,False,True,False,False,False,-3,-3,False,2.623529411764706,False,False,False,4.050025558471679,1905.9683,1,0.0002944573013908,7.250747321343234e-05,276,509,False,509.0,False,False,False,False,0.044492490282169346,0.24623268142497293,0.01095701613386986
ARGSGYRAGNAFDY,H1-69,K4-1,True,34,22,1,0.0001564304413638,7.250747321343234e-05,3.226482972236114e-06,False,False,False,False,False,False,False,False,False,False,False,False,False,1,1,False,3.021428571428572,False,False,False,8.632579040527343,1504.5618,2,0.0001564304413638,7.250747321343234e-05,70,510,False,510.0,False,False,False,False,0.044492490282169346,0.46348292411689923,0.020624353550198534
ARGVWLEEFDY,UNK,K1-39,True,53,21,1,0.0002438474527142,6.921167897645814e-05,3.226482972236114e-06,False,False,False,False,False,False,False,False,False,True,False,False,False,-2,-2,False,0.3272727272727274,False,False,False,4.137435531616211,1384.4911,1,0.0002438474527142,6.921167897645814e-05,261,511,False,511.0,False,False,False,False,0.0466108742224155,0.2838202327060882,0.013231020566829014
ARVSTSYHANAFDY,UNK,K4-1,True,33,21,1,0.0001518295460296,6.921167897645814e-05,3.226482972236114e-06,False,False,False,False,False,False,False,False,False,False,False,False,False,0,1,False,2.2214285714285715,False,False,False,6.787184524536133,1601.6736999999998,1,0.0001518295460296,6.921167897645814e-05,472,512,False,512.0,False,False,False,False,0.0466108742224155,0.4558211663973616,0.021249292800224355
ARGYLFGEDFDY,UNK,K1-39,True,25,21,1,0.0001150223833558,6.921167897645814e-05,3.226482972236114e-06,False,False,False,False,False,False,False,False,False,True,False,False,False,-2,-2,False,1.1750000000000005,False,False,False,4.050025558471679,1452.5219,1,0.0001150223833558,6.921167897645814e-05,272,513,False,513.0,False,False,False,False,0.0466108742224155,0.6016712594955415,0.02804847537807216
ARAYSLEHANAFDY,H3-23_A,K1-39,True,22,21,1,0.0001012196973531,6.921167897645814e-05,3.226482972236114e-06,False,False,False,False,False,False,False,False,False,False,False,False,False,-1,0,False,1.7,False,False,False,5.322224044799805,1627.7109999999998,1,0.0001012196973531,6.921167897645814e-05,82,514,False,514.0,False,False,False,False,0.0466108742224155,0.6837092353940407,0.03187288964207605
ARYLGASATTYPDYFDY,H5-51,K3-15,True,165,20,1,0.0007591477301482,6.591588473948394e-05,3.226482972236114e-06,False,False,False,False,False,False,False,False,False,False,False,False,False,-1,-1,False,1.7176470588235295,False,False,False,4.207874679565429,1974.0853,1,0.0007591477301482,6.591588473948394e-05,494,515,False,515.0,False,False,False,True,0.04894106442387611,0.0868276540194303,0.004250082484974831
ARASGYRAANAFDY,UNK,K4-1,True,39,20,1,0.000179434918035,6.591588473948394e-05,3.226482972236114e-06,False,False,False,False,False,False,False,False,False,False,False,False,False,1,1,False,2.507142857142857,False,False,False,8.632579040527343,1532.6149999999998,2,0.000179434918035,6.591588473948394e-05,70,516,False,516.0,False,False,False,False,0.04894106442387611,0.3673321343468045,0.0179803530106481
ARDIRYGNAFDY,H4-34,K4-1,True,24,20,1,0.0001104214880215,6.591588473948394e-05,3.226482972236114e-06,False,False,False,False,False,False,False,False,False,False,False,False,False,0,0,False,2.025,False,False,False,6.004021835327148,1460.549,2,0.0001104214880215,6.591588473948394e-05,95,517,False,517.0,False,False,False,False,0.04894106442387611,0.5968939287194132,0.02921705602307874
ARGSGYRAGNAFDY,UNK,K4-1,True,24,20,1,0.0001104214880215,6.591588473948394e-05,3.226482972236114e-06,False,False,False,False,False,False,False,False,False,False,False,False,False,1,1,False,3.021428571428572,False,False,False,8.632579040527343,1504.5618,2,0.0001104214880215,6.591588473948394e-05,70,518,False,518.0,False,False,False,False,0.04894106442387611,0.5968939287194132,0.02921705602307874
ARGEVRYIPDEFDY,H1-69,K4-1,True,43,19,1,0.0001978384993719,6.262009050250975e-05,3.226482972236114e-06,False,False,False,False,False,False,False,False,False,True,False,False,False,-2,-2,False,2.085714285714286,False,False,False,4.316753768920899,1729.8427,2,0.0001978384993719,6.262009050250975e-05,218,519,False,519.0,False,False,False,False,0.05151649864064655,0.3165052588283798,0.016307846571892496
ARARVEIGYVFDY,UNK,K3-20,True,47,18,1,0.0002162420807089,5.932429626553555e-05,3.226482972236114e-06,False,False,False,False,False,False,False,False,False,False,False,False,False,0,0,False,0.5923076923076924,False,False,False,6.113258743286132,1558.735,2,0.0002162420807089,5.932429626553555e-05,62,520,False,520.0,False,False,False,False,0.05437804398651346,0.2743293663166776,0.01492000891579549
ARGEVRYIPDEFDY,UNK,K1-39,True,38,18,1,0.0001748340227008,5.932429626553555e-05,3.226482972236114e-06,False,False,False,False,False,False,False,False,False,True,False,False,False,-2,-2,False,2.085714285714286,False,False,False,4.316753768920899,1729.8427,2,0.0001748340227008,5.932429626553555e-05,218,521,False,521.0,False,False,False,False,0.05437804398651346,0.33929839493028385,0.018453493132890218
ARGIWLEEFDY,UNK,K1-39,True,36,18,1,0.0001656322320323,5.932429626553555e-05,3.226482972236114e-06,False,False,False,False,False,False,False,False,False,True,False,False,False,-2,-2,False,-0.0636363636363634,False,False,False,4.137435531616211,1398.5177,1,0.0001656322320323,5.932429626553555e-05,220,522,False,522.0,False,False,False,False,0.05437804398651346,0.3581471677703993,0.019478625303762837
ARASGYRAANAFDY,H3-23_A,K1-39,True,30,18,1,0.0001380268600269,5.932429626553555e-05,3.226482972236114e-06,False,False,False,False,False,False,False,False,False,False,False,False,False,1,1,False,2.507142857142857,False,False,False,8.632579040527343,1532.6149999999998,2,0.0001380268600269,5.932429626553555e-05,70,523,False,523.0,False,False,False,False,0.05437804398651346,0.42977141217189885,0.02337406814098315
ARGYAPGWDEEFDY,H3-23_A,K1-39,True,71,17,1,0.0003266635687304,5.602850202856136e-05,3.226482972236114e-06,False,False,False,False,False,False,False,False,False,True,False,False,False,-3,-3,False,2.4642857142857144,False,False,False,4.050025558471679,1675.7075,1,0.0003266635687304,5.602850202856136e-05,273,524,False,524.0,False,False,False,False,0.057576181650816786,0.17151219869520895,0.009876780006339889
ARGYLYGEDFDY,H3-7_A,K1-39,True,42,17,1,0.0001932376040377,5.602850202856136e-05,3.226482972236114e-06,False,False,False,False,False,False,False,False,False,True,False,False,False,-2,-2,False,1.7833333333333334,False,False,False,4.050025558471679,1468.5213,1,0.0001932376040377,5.602850202856136e-05,280,525,False,525.0,False,False,False,False,0.057576181650816786,0.28993116011741576,0.01669610854066098
ARGAISYFADEFDY,H3-23_A,K1-39,True,36,17,1,0.0001656322320323,5.602850202856136e-05,3.226482972236114e-06,False,False,False,False,False,False,False,False,False,True,False,False,False,-2,-2,False,1.45,False,False,False,4.050025558471679,1624.7036999999998,1,0.0001656322320323,5.602850202856136e-05,202,526,False,526.0,False,False,False,False,0.057576181650816786,0.338250102894266,0.019478625303762837
ARGYLFGEDFDY,H1-69,K1-39,True,27,17,1,0.0001242241740242,5.602850202856136e-05,3.226482972236114e-06,False,False,False,False,False,False,False,False,False,True,False,False,False,-2,-2,False,1.1750000000000005,False,False,False,4.050025558471679,1452.5219,1,0.0001242241740242,5.602850202856136e-05,272,527,False,527.0,False,False,False,False,0.057576181650816786,0.45099106158702656,0.025970977773053138
ARDWGIGSPDVFDY,H3-23_A,K1-39,True,33,16,1,0.0001518295460296,5.273270779158716e-05,3.226482972236114e-06,False,False,False,False,False,False,False,False,False,False,False,False,False,-2,-2,False,1.6785714285714286,False,False,False,4.050025558471679,1597.6817,1,0.0001518295460296,5.273270779158716e-05,114,528,False,528.0,False,False,False,False,0.061174010727427244,0.34729231725513265,0.021249292800224355
ARASIAFSYDVDFDI,H1-69,K1-39,True,202,15,1,0.0009293808575148,4.943691355461296e-05,3.226482972236114e-06,False,False,False,False,False,False,False,False,False,True,False,False,False,-2,-2,False,0.9000000000000001,False,False,False,4.050025558471679,1689.8185,1,0.0009293808575148,4.943691355461296e-05,71,529,False,529.0,False,False,False,True,0.0652514533323205,0.053192812426418455,0.0034716104060500013
ARGYLFGEDFDY,H4-34,K4-1,True,52,15,1,0.00023924655738,4.943691355461296e-05,3.226482972236114e-06,False,False,False,False,False,False,False,False,False,True,False,False,False,-2,-2,False,1.1750000000000005,False,False,False,4.050025558471679,1452.5219,1,0.00023924655738,4.943691355461296e-05,272,530,False,530.0,False,False,False,False,0.0652514533323205,0.2066272042696603,0.013485452635313321
ARGIWLEEFDY,H3-23_A,K1-39,True,47,15,1,0.0002162420807089,4.943691355461296e-05,3.226482972236114e-06,False,False,False,False,False,False,False,False,False,True,False,False,False,-2,-2,False,-0.0636363636363634,False,False,False,4.137435531616211,1398.5177,1,0.0002162420807089,4.943691355461296e-05,220,531,False,531.0,False,False,False,False,0.0652514533323205,0.22860780526389798,0.01492000891579549
ARGYAPGWDEEFDY,UNK,K1-39,True,29,15,1,0.0001334259646927,4.943691355461296e-05,3.226482972236114e-06,False,False,False,False,False,False,False,False,False,True,False,False,False,-3,-3,False,2.4642857142857144,False,False,False,4.050025558471679,1675.7075,1,0.0001334259646927,4.943691355461296e-05,273,532,False,532.0,False,False,False,False,0.0652514533323205,0.3704916711807424,0.024180010086985403
ARASGAYGYDWDFDY,UNK,K1-39,True,28,15,1,0.0001288250693584,4.943691355461296e-05,3.226482972236114e-06,False,False,False,False,False,False,False,False,False,True,False,False,False,-2,-2,False,2.2333333333333334,False,False,False,4.050025558471679,1756.7801,1,0.0001288250693584,4.943691355461296e-05,3,533,False,533.0,False,False,False,False,0.0652514533323205,0.38372248954271004,0.02504351484657115
ARAGQSGFDEEFDY,H1-69,K1-39,True,26,15,1,0.00011962327869,4.943691355461296e-05,3.226482972236114e-06,False,False,False,False,False,False,False,False,False,True,False,False,False,-3,-3,False,3.4,False,False,False,4.050025558471679,1591.5894999999998,1,0.00011962327869,4.943691355461296e-05,19,534,False,534.0,False,False,False,False,0.0652514533323205,0.4132371368230781,0.026969778038072042
AREGYEQLGSFDY,H4-34,K1-39,True,22,14,1,0.0001012196973531,4.614111931763876e-05,3.226482972236114e-06,False,False,False,False,False,False,False,False,False,False,False,False,False,-2,-2,False,2.5846153846153848,False,False,False,4.137435531616211,1534.5812,1,0.0001012196973531,4.614111931763876e-05,139,535,False,535.0,False,False,False,False,0.06991126152389907,0.4558061569293605,0.03187288964207605
ARGYLFGEDFDY,H3-23_A,K1-39,True,24,12,1,0.0001104214880215,3.9549530843690366e-05,3.226482972236114e-06,False,False,False,False,False,False,False,False,False,True,False,False,False,-2,-2,False,1.1750000000000005,False,False,False,4.050025558471679,1452.5219,1,0.0001104214880215,3.9549530843690366e-05,272,536,False,536.0,False,False,False,False,0.08156019304133706,0.3581363572316479,0.02921705602307874
ARARDLGYGFAFDY,H1-69,UNK,True,47,11,1,0.0002162420807089,3.625373660671617e-05,3.226482972236114e-06,False,False,False,False,False,False,False,False,False,False,False,False,False,0,0,False,1.0500000000000005,False,False,False,6.004021835327148,1621.7494,2,0.0002162420807089,3.625373660671617e-05,55,537,False,537.0,False,False,False,False,0.0889727114231951,0.16764572386019186,0.01492000891579549
ARARVEIGYVFDY,H1-69,K4-1,True,41,11,1,0.0001886367087035,3.625373660671617e-05,3.226482972236114e-06,False,False,False,False,False,False,False,False,False,False,False,False,False,0,0,False,0.5923076923076924,False,False,False,6.113258743286132,1558.735,2,0.0001886367087035,3.625373660671617e-05,62,538,False,538.0,False,False,False,False,0.0889727114231951,0.1921779439242533,0.017103309113689576
ARGPWYEELDY,H3-23_A,K1-39,True,27,11,1,0.0001242241740242,3.625373660671617e-05,3.226482972236114e-06,False,False,False,False,False,False,False,False,False,True,False,False,False,-2,-2,False,1.5181818181818183,False,False,False,4.137435531616211,1398.4747,1,0.0001242241740242,3.625373660671617e-05,242,539,False,539.0,False,False,False,False,0.0889727114231951,0.29181774573278185,0.025970977773053138
ARDWGIGSPDVFDY,H4-34,K1-39,True,22,11,1,0.0001012196973531,3.625373660671617e-05,3.226482972236114e-06,False,False,False,False,False,False,False,False,False,False,False,False,False,-2,-2,False,1.6785714285714286,False,False,False,4.050025558471679,1597.6817,1,0.0001012196973531,3.625373660671617e-05,114,540,False,540.0,False,False,False,False,0.0889727114231951,0.35813340901592605,0.03187288964207605
ARAYVYGEEFDY,H3-7_A,K1-39,True,49,10,1,0.0002254438713773,3.295794236974197e-05,3.226482972236114e-06,False,False,False,False,False,False,False,False,False,True,False,False,False,-2,-2,False,1.7583333333333335,False,False,False,4.137435531616211,1482.5479,1,0.0002254438713773,3.295794236974197e-05,40,541,False,541.0,False,False,False,False,0.09786728380104744,0.1461848588733543,0.014311055971341262
ARGVWLEEFDY,H1-69,K4-1,True,45,10,1,0.0002070402900404,3.295794236974197e-05,3.226482972236114e-06,False,False,False,False,False,False,False,False,False,True,False,False,False,-2,-2,False,0.3272727272727274,False,False,False,4.137435531616211,1384.4911,1,0.0002070402900404,3.295794236974197e-05,261,542,False,542.0,False,False,False,False,0.09786728380104744,0.159178440963841,0.01558308839657533
ARGVWLEEFDY,H4-34,K1-39,True,41,10,1,0.0001886367087035,3.295794236974197e-05,3.226482972236114e-06,False,False,False,False,False,False,False,False,False,True,False,False,False,-2,-2,False,0.3272727272727274,False,False,False,4.137435531616211,1384.4911,1,0.0001886367087035,3.295794236974197e-05,261,543,False,543.0,False,False,False,False,0.09786728380104744,0.17470722174932118,0.017103309113689576
ARGYAPGWDEEFDY,H4-34,K1-39,True,32,10,1,0.0001472286506954,3.295794236974197e-05,3.226482972236114e-06,False,False,False,False,False,False,False,False,False,True,False,False,False,-3,-3,False,2.4642857142857144,False,False,False,4.050025558471679,1675.7075,1,0.0001472286506954,3.295794236974197e-05,273,544,False,544.0,False,False,False,False,0.09786728380104744,0.22384029067152839,0.02191328810062856
ARGYAPGWDEEFDY,H1-69,K4-1,True,31,10,1,0.0001426277553611,3.295794236974197e-05,3.226482972236114e-06,False,False,False,False,False,False,False,False,False,True,False,False,False,-3,-3,False,2.4642857142857144,False,False,False,4.050025558471679,1675.7075,1,0.0001426277553611,3.295794236974197e-05,273,545,False,545.0,False,False,False,False,0.09786728380104744,0.23106043898620005,0.022620118804225355
ARSSFEGTLDY,H3-23_A,K3-15,True,29,10,1,0.0001334259646927,3.295794236974197e-05,3.226482972236114e-06,False,False,False,False,False,False,False,False,False,False,False,False,False,-1,-1,False,2.5181818181818185,False,False,False,4.370375442504883,1245.2947,1,0.0001334259646927,3.295794236974197e-05,67,546,False,546.0,False,False,False,False,0.09786728380104744,0.24699444745382826,0.024180010086985403
ARFIAVESDPFAFDP,H3-23_A,K4-1,True,57,9,1,0.0002622510340512,2.9662148132767776e-05,3.226482972236114e-06,False,False,False,False,True,False,False,False,False,True,False,False,False,-2,-2,False,0.6466666666666668,False,False,False,4.050025558471679,1681.8411999999998,1,0.0002622510340512,2.9662148132767776e-05,175,547,False,547.0,False,False,False,False,0.10873776168140045,0.11310162121520873,0.012302563298847602
ARGYWLEEFDY,H1-69,K4-1,True,23,9,1,0.0001058205926873,2.9662148132767776e-05,3.226482972236114e-06,False,False,False,False,False,False,False,False,False,True,False,False,False,-2,-2,False,0.4909090909090911,False,False,False,4.137435531616211,1448.5333,1,0.0001058205926873,2.9662148132767776e-05,247,548,False,548.0,False,False,False,False,0.10873776168140045,0.28027952390299077,0.03048724277458669
AREGYDWSSGPTGFDY,H1-69,K3-20,True,117,7,1,0.0005383047541051,2.307055965881938e-05,3.226482972236114e-06,False,False,False,False,False,False,False,False,False,False,False,False,False,-2,-2,False,3.03125,False,False,False,4.050025558471679,1807.8254,1,0.0005383047541051,2.307055965881938e-05,141,549,False,549.0,False,False,False,True,0.13979223294107743,0.04285700788040283,0.005993673678143658
ARDYGDLWGEFDY,H1-69,K1-39,True,39,7,1,0.000179434918035,2.307055965881938e-05,3.226482972236114e-06,False,False,False,False,False,False,False,False,False,True,False,False,False,-3,-3,False,1.7923076923076924,False,False,False,4.050025558471679,1606.6454,1,0.000179434918035,2.307055965881938e-05,118,550,False,550.0,False,False,False,False,0.13979223294107743,0.12856624702138159,0.0179803530106481
ARAVDPYGSYGAFDY,H5-51,K3-20,True,23,7,1,0.0001058205926873,2.307055965881938e-05,3.226482972236114e-06,False,False,False,False,True,False,False,False,False,False,False,False,False,-1,-1,False,2.126666666666667,False,False,False,4.207874679565429,1651.7289999999998,1,0.0001058205926873,2.307055965881938e-05,73,551,False,551.0,False,False,False,False,0.13979223294107743,0.2179951852578817,0.03048724277458669
AREGYEELAFDY,H4-34,K1-39,True,41,6,1,0.0001886367087035,1.9774765421845183e-05,3.226482972236114e-06,False,False,False,False,False,False,False,False,False,True,False,False,False,-3,-3,False,2.1083333333333334,False,False,False,4.050025558471679,1462.5153,1,0.0001886367087035,1.9774765421845183e-05,143,552,False,552.0,False,False,False,False,0.16307916234749084,0.10482433304959271,0.017103309113689576
ARGARGANYFDY,H1-69,K4-1,True,33,6,1,0.0001518295460296,1.9774765421845183e-05,3.226482972236114e-06,False,False,False,False,False,False,False,False,False,False,False,False,False,1,1,False,2.5083333333333333,False,False,False,8.632579040527343,1360.4332,2,0.0001518295460296,1.9774765421845183e-05,7,553,False,553.0,False,False,False,False,0.16307916234749084,0.13023461897067473,0.021249292800224355
ARAAGEYGYDWDFDY,H3-23_A,K1-39,True,26,6,1,0.00011962327869,1.9774765421845183e-05,3.226482972236114e-06,False,False,False,False,False,False,False,False,False,True,False,False,False,-3,-3,False,2.3200000000000003,False,False,False,4.050025558471679,1798.8168,1,0.00011962327869,1.9774765421845183e-05,3,554,False,554.0,False,False,False,False,0.16307916234749084,0.16529485472923122,0.026969778038072042
ARASGAYGYDWDFDY,H4-34,K1-39,True,25,6,1,0.0001150223833558,1.9774765421845183e-05,3.226482972236114e-06,False,False,False,False,False,False,False,False,False,True,False,False,False,-2,-2,False,2.2333333333333334,False,False,False,4.050025558471679,1756.7801,1,0.0001150223833558,1.9774765421845183e-05,3,555,False,555.0,False,False,False,False,0.16307916234749084,0.17190607414158326,0.02804847537807216
ARDWGIGSPDVFDY,H1-69,K4-1,True,25,6,1,0.0001150223833558,1.9774765421845183e-05,3.226482972236114e-06,False,False,False,False,False,False,False,False,False,False,False,False,False,-2,-2,False,1.6785714285714286,False,False,False,4.050025558471679,1597.6817,1,0.0001150223833558,1.9774765421845183e-05,114,556,False,556.0,False,False,False,False,0.16307916234749084,0.17190607414158326,0.02804847537807216
ARARVYTAGAFDY,UNK,K4-1,True,23,6,1,0.0001058205926873,1.9774765421845183e-05,3.226482972236114e-06,False,False,False,False,False,False,False,False,False,False,False,False,False,1,1,False,1.6153846153846154,False,False,False,8.632579040527343,1460.5920999999998,2,0.0001058205926873,1.9774765421845183e-05,65,557,False,557.0,False,False,False,False,0.16307916234749084,0.18685301593532716,0.03048724277458669
ARTSLEGTLDY,H3-23_A,K4-1,True,119,5,1,0.0005475065447736,1.6478971184870985e-05,3.226482972236114e-06,False,False,False,False,False,False,False,False,False,False,False,False,False,-1,-1,False,2.4000000000000004,False,False,False,4.370375442504883,1225.3051,1,0.0005475065447736,1.6478971184870985e-05,257,558,False,558.0,False,False,False,False,0.195675214424323,0.030097667992270614,0.005892941506580911
ARTSLEGTLDY,H1-69,K1-39,True,96,5,1,0.0004416859520862,1.6478971184870985e-05,3.226482972236114e-06,False,False,False,False,False,False,False,False,False,False,False,False,False,-1,-1,False,2.4000000000000004,False,False,False,4.370375442504883,1225.3051,1,0.0004416859520862,1.6478971184870985e-05,257,559,False,559.0,False,False,False,False,0.195675214424323,0.037308404360597354,0.007304760111558468
ARGYVEYADEEFDY,UNK,K1-39,True,63,5,1,0.0002898564060566,1.6478971184870985e-05,3.226482972236114e-06,False,False,False,False,False,False,False,False,False,True,False,False,False,-4,-4,False,2.7785714285714285,False,False,False,4.050025558471679,1726.7493,1,0.0002898564060566,1.6478971184870985e-05,264,560,False,560.0,False,False,False,False,0.195675214424323,0.0568502276930058,0.011130931024846333
ARTSLEGTLDY,UNK,K4-1,True,41,5,1,0.0001886367087035,1.6478971184870985e-05,3.226482972236114e-06,False,False,False,False,False,False,False,False,False,False,False,False,False,-1,-1,False,2.4000000000000004,False,False,False,4.370375442504883,1225.3051,1,0.0001886367087035,1.6478971184870985e-05,257,562,False,562.0,False,False,False,False,0.195675214424323,0.08735361087466059,0.017103309113689576
ARGARGANYFDY,H3-23_A,K1-39,True,31,5,1,0.0001426277553611,1.6478971184870985e-05,3.226482972236114e-06,False,False,False,False,False,False,False,False,False,False,False,False,False,1,1,False,2.5083333333333333,False,False,False,8.632579040527343,1360.4332,2,0.0001426277553611,1.6478971184870985e-05,7,563,False,563.0,False,False,False,False,0.195675214424323,0.11553021949310002,0.022620118804225355
ARAVDPYGSYGAFDY,UNK,UNK,True,25,5,1,0.0001150223833558,1.6478971184870985e-05,3.226482972236114e-06,False,False,False,False,True,False,False,False,False,False,False,False,False,-1,-1,False,2.126666666666667,False,False,False,4.207874679565429,1651.7289999999998,1,0.0001150223833558,1.6478971184870985e-05,73,564,False,564.0,False,False,False,False,0.195675214424323,0.14325506178465272,0.02804847537807216
AREGYDELAFDY,H4-34,K1-39,True,23,5,1,0.0001058205926873,1.6478971184870985e-05,3.226482972236114e-06,False,False,False,False,False,False,False,False,False,True,False,False,False,-3,-3,False,2.2916666666666665,False,False,False,4.050025558471679,1448.4887,1,0.0001058205926873,1.6478971184870985e-05,138,566,False,566.0,False,False,False,False,0.195675214424323,0.15571084661277262,0.03048724277458669
ARDYGDLWGEFDY,H4-34,K4-1,True,51,4,1,0.0002346456620458,1.3183176947896787e-05,3.226482972236114e-06,False,False,False,False,False,False,False,False,False,True,False,False,False,-3,-3,False,1.7923076923076924,False,False,False,4.050025558471679,1606.6454,1,0.0002346456620458,1.3183176947896787e-05,118,567,False,567.0,False,False,False,False,0.2445569391647149,0.05618094544560233,0.013749862006766195
ARAISSIGYVFDY,H1-69,K4-1,True,44,4,1,0.0002024393947062,1.3183176947896787e-05,3.226482972236114e-06,False,False,False,False,False,False,False,False,False,False,False,False,False,0,0,False,0.3384615384615385,False,False,False,5.87944984436035,1461.6165,1,0.0002024393947062,1.3183176947896787e-05,35,568,False,568.0,False,False,False,False,0.2445569391647149,0.0651183816431191,0.015937232002686267
ARGARGANYFDY,UNK,K4-1,True,39,4,1,0.000179434918035,1.3183176947896787e-05,3.226482972236114e-06,False,False,False,False,False,False,False,False,False,False,False,False,False,1,1,False,2.5083333333333333,False,False,False,8.632579040527343,1360.4332,2,0.000179434918035,1.3183176947896787e-05,7,569,False,569.0,False,False,False,False,0.2445569391647149,0.07346642686936089,0.0179803530106481
ARAIYGEEFDY,H4-34,K4-1,True,35,4,1,0.0001610313366981,1.3183176947896787e-05,3.226482972236114e-06,False,False,False,False,False,False,False,False,False,True,False,False,False,-2,-2,False,1.7000000000000002,False,False,False,4.137435531616211,1333.4013,1,0.0001610313366981,1.3183176947896787e-05,40,570,False,570.0,False,False,False,False,0.2445569391647149,0.08186206857318222,0.02003512289695358
ARGYVEYADEEFDY,H3-23_A,K1-39,True,93,3,1,0.0004278832660835,9.887382710922591e-06,3.226482972236114e-06,False,False,False,False,False,False,False,False,False,True,False,False,False,-4,-4,False,2.7785714285714285,False,False,False,4.050025558471679,1726.7493,1,0.0004278832660835,9.887382710922591e-06,264,571,False,571.0,False,False,False,False,0.32599355470769253,0.02310712388961304,0.0075403920275915045
ARGELEDEFDY,H3-23_A,K1-39,True,46,3,1,0.0002116411853746,9.887382710922591e-06,3.226482972236114e-06,False,False,False,False,False,False,False,False,False,True,False,False,False,-4,-4,False,3.190909090909091,False,False,False,4.050025558471679,1343.3516,1,0.0002116411853746,9.887382710922591e-06,215,573,False,573.0,False,False,False,False,0.32599355470769253,0.046715461070643095,0.015244341611059649
ARTSLEGTLDY,H1-69,K3-15,True,46,3,1,0.0002116411853746,9.887382710922591e-06,3.226482972236114e-06,False,False,False,False,False,False,False,False,False,False,False,False,False,-1,-1,False,2.4000000000000004,False,False,False,4.370375442504883,1225.3051,1,0.0002116411853746,9.887382710922591e-06,257,574,False,574.0,False,False,False,False,0.32599355470769253,0.046715461070643095,0.015244341611059649
ARTSLEGTLDY,H1-69,K3-20,True,29,3,1,0.0001334259646927,9.887382710922591e-06,3.226482972236114e-06,False,False,False,False,False,False,False,False,False,False,False,False,False,-1,-1,False,2.4000000000000004,False,False,False,4.370375442504883,1225.3051,1,0.0001334259646927,9.887382710922591e-06,257,575,False,575.0,False,False,False,False,0.32599355470769253,0.07409833423614848,0.024180010086985403
ARGELEDEFDY,H4-34,K1-39,True,27,3,1,0.0001242241740242,9.887382710922591e-06,3.226482972236114e-06,False,False,False,False,False,False,False,False,False,True,False,False,False,-4,-4,False,3.190909090909091,False,False,False,4.050025558471679,1343.3516,1,0.0001242241740242,9.887382710922591e-06,215,576,False,576.0,False,False,False,False,0.32599355470769253,0.07958665792712233,0.025970977773053138
ARAKRGLNAFDY,H3-23_A,K4-1,True,212,2,1,0.0009753898108571,6.5915884739483946e-06,3.226482972236114e-06,False,False,False,False,False,False,False,False,False,False,False,False,False,2,2,False,1.9000000000000004,False,False,False,9.98676300048828,1381.5386,2,0.0009753898108571,6.5915884739483946e-06,43,577,False,577.0,False,False,False,True,0.48874342667202975,0.006757832429920461,0.00330785687706967
ARAARGANYFDY,H3-23_A,K4-1,True,187,2,1,0.0008603674275013,6.5915884739483946e-06,3.226482972236114e-06,False,False,False,False,False,False,False,False,False,False,False,False,False,1,1,False,2.208333333333333,False,False,False,8.632579040527343,1374.4598,2,0.0008603674275013,6.5915884739483946e-06,7,578,False,578.0,False,False,False,True,0.48874342667202975,0.00766127546266715,0.0037500785923759473
ARGAFSEEFDY,H1-69,K1-39,True,162,2,1,0.0007453450441455,6.5915884739483946e-06,3.226482972236114e-06,False,False,False,False,False,False,False,False,False,True,False,False,False,-2,-2,False,2.354545454545455,False,False,False,4.137435531616211,1291.3216,1,0.0007453450441455,6.5915884739483946e-06,199,579,False,579.0,False,False,False,True,0.48874342667202975,0.008843555196577776,0.004328786660235273
ARGELEDEFDY,UNK,K1-39,True,46,2,1,0.0002116411853746,6.5915884739483946e-06,3.226482972236114e-06,False,False,False,False,False,False,False,False,False,True,False,False,False,-4,-4,False,3.190909090909091,False,False,False,4.050025558471679,1343.3516,1,0.0002116411853746,6.5915884739483946e-06,215,580,False,580.0,False,False,False,False,0.48874342667202975,0.031143640713762067,0.015244341611059649
ARGYVEYADEEFDY,H4-34,K1-39,True,36,2,1,0.0001656322320323,6.5915884739483946e-06,3.226482972236114e-06,False,False,False,False,False,False,False,False,False,True,False,False,False,-4,-4,False,2.7785714285714285,False,False,False,4.050025558471679,1726.7493,1,0.0001656322320323,6.5915884739483946e-06,264,581,False,581.0,False,False,False,False,0.48874342667202975,0.03979412975226659,0.019478625303762837
AREGYEELAFDY,H1-69,K4-1,True,27,2,1,0.0001242241740242,6.5915884739483946e-06,3.226482972236114e-06,False,False,False,False,False,False,False,False,False,True,False,False,False,-3,-3,False,2.1083333333333334,False,False,False,4.050025558471679,1462.5153,1,0.0001242241740242,6.5915884739483946e-06,143,582,False,582.0,False,False,False,False,0.48874342667202975,0.05305777195141489,0.025970977773053138
AREGYEELAFDY,H3-23_A,K4-1,True,23,2,1,0.0001058205926873,6.5915884739483946e-06,3.226482972236114e-06,False,False,False,False,False,False,False,False,False,True,False,False,False,-3,-3,False,2.1083333333333334,False,False,False,4.050025558471679,1462.5153,1,0.0001058205926873,6.5915884739483946e-06,143,583,False,583.0,False,False,False,False,0.48874342667202975,0.06228433864510906,0.03048724277458669
ARAKRLTNAFDY,H3-23_A,K4-1,True,2073,1,1,0.009537656027863,3.2957942369741973e-06,3.226482972236114e-06,False,False,False,False,False,False,False,False,False,False,False,False,False,2,2,False,1.8583333333333336,False,False,False,9.98676300048828,1425.5911999999998,2,0.009537656027863,3.2957942369741973e-06,43,584,False,584.0,False,False,False,True,0.9760084085539827,0.00034555563461186213,0.00033828852497145326
ARAKRGSNAFDY,H3-23_A,K4-1,True,1703,1,1,0.0078353247541971,3.2957942369741973e-06,3.226482972236114e-06,False,False,False,False,False,False,False,False,False,False,False,False,False,2,2,False,3.208333333333333,False,False,False,9.98676300048828,1355.4583,2,0.0078353247541971,3.2957942369741973e-06,42,585,False,585.0,False,False,False,True,0.9760084085539827,0.0004206322180694018,0.0004117862316613602
ARFEDLEDPPFDY,H3-23_A,K3-20,True,1266,1,1,0.0058247334931377,3.2957942369741973e-06,3.226482972236114e-06,False,False,False,False,True,False,False,False,False,True,False,False,False,-4,-4,False,2.0461538461538464,False,False,False,4.050025558471679,1613.6779,1,0.0058247334931377,3.2957942369741973e-06,165,586,False,586.0,False,False,False,True,0.9760084085539827,0.0005658265022068471,0.000553927048639537
ARSKRGTNAFDY,H3-23_A,K4-1,True,812,1,1,0.0037359270113964,3.2957942369741973e-06,3.226482972236114e-06,False,False,False,False,False,False,False,False,False,False,False,False,False,2,2,False,3.466666666666667,False,False,False,9.98676300048828,1385.4842999999998,2,0.0037359270113964,3.2957942369741973e-06,230,587,False,587.0,False,False,False,True,0.9760084085539827,0.0008821867785566095,0.0008636342000397205
ARPSWSGDEPGYFDY,H1-69,K3-15,True,799,1,1,0.0036761153720514,3.2957942369741973e-06,3.226482972236114e-06,False,False,False,False,False,False,False,False,False,True,False,False,False,-2,-2,False,2.646666666666667,False,False,False,4.050025558471679,1746.7854000000002,1,0.0036761153720514,3.2957942369741973e-06,362,588,False,588.0,False,False,False,True,0.9760084085539827,0.000896540216509274,0.0008776857820917107
ARGWQRGFGPAYQFDY,H4-34,K1-39,True,705,1,1,0.0032436312106335,3.2957942369741973e-06,3.226482972236114e-06,False,False,False,False,False,False,False,False,False,False,False,False,False,1,1,False,1.35,False,False,False,8.632579040527343,1919.0613,2,0.0032436312106335,3.2957942369741973e-06,269,589,False,589.0,False,False,False,True,0.9760084085539827,0.0010160785435114482,0.0009947101922551924
AREHGSEGAFDY,H1-69,K3-20,True,689,1,1,0.0031700168852858,3.2957942369741973e-06,3.226482972236114e-06,False,False,False,False,False,False,False,False,False,False,False,False,False,-2,-1,False,3.575,False,False,False,4.651314163208007,1338.3384,1,0.0031700168852858,3.2957942369741973e-06,144,590,False,590.0,False,False,False,True,0.9760084085539827,0.0010396739069539653,0.0010178093401076074
ARARIHTAGAFDY,H3-23_A,K4-1,True,651,1,1,0.002995182862585,3.2957942369741973e-06,3.226482972236114e-06,False,False,False,False,False,False,False,False,False,False,False,False,False,1,2,False,1.5923076923076924,False,False,False,8.796192932128907,1448.5848,2,0.002995182862585,3.2957942369741973e-06,57,591,False,591.0,False,False,False,True,0.9760084085539827,0.0011003612749429976,0.0010772204396385678
ARGVYLEEFDY,H1-69,K1-39,True,637,1,1,0.0029307703279058,3.2957942369741973e-06,3.226482972236114e-06,False,False,False,False,False,False,False,False,False,True,False,False,False,-2,-2,False,1.0636363636363635,False,False,False,4.137435531616211,1361.4544,1,0.0029307703279058,3.2957942369741973e-06,247,592,False,592.0,False,False,False,True,0.9760084085539827,0.0011245449567109725,0.0011008955333549715
ARSIARGNAFDY,H3-23_A,K4-1,True,619,1,1,0.0028479542118896,3.2957942369741973e-06,3.226482972236114e-06,False,False,False,False,False,False,False,False,False,False,False,False,False,1,1,False,2.066666666666667,False,False,False,8.79022674560547,1340.4435999999998,2,0.0028479542118896,3.2957942369741973e-06,95,593,False,593.0,False,False,False,True,0.9760084085539827,0.0011572456645399579,0.0011329085382345342
ARGTFSEEFDY,H1-69,K1-39,True,605,1,1,0.0027835416772103,3.2957942369741973e-06,3.226482972236114e-06,False,False,False,False,False,False,False,False,False,True,False,False,False,-2,-2,False,2.636363636363636,False,False,False,4.137435531616211,1321.3476,1,0.0027835416772103,3.2957942369741973e-06,234,594,False,594.0,False,False,False,True,0.9760084085539827,0.001184024806852974,0.0011591245094000639
ARGKRGTNAFDY,H3-23_A,K4-1,True,603,1,1,0.0027743398865419,3.2957942369741973e-06,3.226482972236114e-06,False,False,False,False,False,False,False,False,False,False,False,False,False,2,2,False,3.4000000000000004,False,False,False,9.98676300048828,1355.4583,2,0.0027743398865419,3.2957942369741973e-06,230,595,False,595.0,False,False,False,True,0.9760084085539827,0.0011879519064851094,0.0011629690212786308
AREGYEPLAFDY,H4-34,K4-1,True,583,1,1,0.0026823219798572,3.2957942369741973e-06,3.226482972236114e-06,False,False,False,False,False,False,False,False,False,False,False,False,False,-2,-2,False,1.6333333333333335,False,False,False,4.137435531616211,1430.5165,1,0.0026823219798572,3.2957942369741973e-06,143,596,False,596.0,False,False,False,True,0.9760084085539827,0.0012287048216714982,0.0012028648938554889
ARGERGVDLWDPGAFDY,H1-69,K3-20,True,569,1,1,0.002617909445178,3.2957942369741973e-06,3.226482972236114e-06,False,False,False,False,True,False,False,False,False,False,False,False,False,-2,-2,False,2.094117647058824,False,False,False,4.226021194458009,1924.0333,2,0.002617909445178,3.2957942369741973e-06,217,597,False,597.0,False,False,False,True,0.9760084085539827,0.0012589364592729502,0.0012324607535877546
ARSKRQTNAFDY,H3-23_A,K4-1,True,486,1,1,0.0022360351324367,3.2957942369741973e-06,3.226482972236114e-06,False,False,False,False,False,False,False,False,False,False,False,False,False,2,2,False,3.4916666666666667,False,False,False,9.98676300048828,1456.5621999999998,2,0.0022360351324367,3.2957942369741973e-06,400,598,False,598.0,False,False,False,True,0.9760084085539827,0.001473939049424575,0.0014429417928251286
ARSRLGSNAFDY,H3-23_A,K4-1,True,481,1,1,0.0022130306557656,3.2957942369741973e-06,3.226482972236114e-06,False,False,False,False,False,False,False,False,False,False,False,False,False,1,1,False,2.333333333333333,False,False,False,8.79022674560547,1356.443,2,0.0022130306557656,3.2957942369741973e-06,406,599,False,599.0,False,False,False,True,0.9760084085539827,0.0014892605919316106,0.0014579411199835883
AREEVIGPWLGPFDY,H1-69,K1-39,True,459,1,1,0.0021118109584125,3.2957942369741973e-06,3.226482972236114e-06,False,False,False,False,False,False,False,False,False,True,False,False,False,-2,-2,False,0.3666666666666668,False,False,False,4.137435531616211,1748.9304000000002,1,0.0021118109584125,3.2957942369741973e-06,134,600,False,600.0,False,False,False,True,0.9760084085539827,0.0015606409358924608,0.0015278203198918572
ARGRFLEEFDY,H1-69,K1-39,True,433,1,1,0.0019921876797224,3.2957942369741973e-06,3.226482972236114e-06,False,False,False,False,False,False,False,False,False,True,False,False,False,-1,-1,False,1.1181818181818184,False,False,False,4.6793262481689455,1402.5096999999998,2,0.0019921876797224,3.2957942369741973e-06,199,601,False,601.0,False,False,False,True,0.9760084085539827,0.0016543510066899811,0.0016195596476579089
ARGEVSGSDEEFDY,H1-69,K1-39,True,412,1,1,0.0018955688777036,3.2957942369741973e-06,3.226482972236114e-06,False,False,False,False,False,False,False,False,False,True,False,False,False,-4,-4,False,4.235714285714286,False,False,False,4.050025558471679,1560.5309,1,0.0018955688777036,3.2957942369741973e-06,219,602,False,602.0,False,False,False,True,0.9760084085539827,0.0017386742782061853,0.0017021095825592014
ARSRQGSNAFDY,H3-23_A,K4-1,True,411,1,1,0.0018909679823693,3.2957942369741973e-06,3.226482972236114e-06,False,False,False,False,False,False,False,False,False,False,False,False,False,1,1,False,3.6,False,False,False,8.79022674560547,1371.4145999999998,2,0.0018909679823693,3.2957942369741973e-06,421,603,False,603.0,False,False,False,True,0.9760084085539827,0.0017429046068768784,0.0017062509465041436
ARHGQAATGPDFDY,H3-23_A,K4-1,True,388,1,1,0.001785147389682,3.2957942369741973e-06,3.226482972236114e-06,False,False,False,False,False,False,False,False,False,True,False,False,False,-1,0,False,3.3000000000000003,False,False,False,5.212373733520507,1505.5467,1,0.001785147389682,3.2957942369741973e-06,288,604,False,604.0,False,False,False,True,0.9760084085539827,0.0018462205383253606,0.0018073941215966764
ARAGLWGEEFDY,H4-34,K1-39,True,387,1,1,0.0017805464943478,3.2957942369741973e-06,3.226482972236114e-06,False,False,False,False,False,False,False,False,False,True,False,False,False,-2,-2,False,1.2583333333333335,False,False,False,4.137435531616211,1413.4893,1,0.0017805464943478,3.2957942369741973e-06,16,605,False,605.0,False,False,False,True,0.9760084085539827,0.0018509911072388714,0.001812064364415431
ARASFEGTLDY,H1-69,K3-15,True,386,1,1,0.0017759455990135,3.2957942369741973e-06,3.226482972236114e-06,False,False,False,False,False,False,False,False,False,False,False,False,False,-1,-1,False,2.118181818181818,False,False,False,4.370375442504883,1229.2953,1,0.0017759455990135,3.2957942369741973e-06,67,606,False,606.0,False,False,False,True,0.9760084085539827,0.0018557863939869504,0.0018167588052473533
ARHGIRHANVFDY,H3-23_A,K4-1,True,376,1,1,0.0017299366456712,3.2957942369741973e-06,3.226482972236114e-06,False,False,False,False,False,False,False,False,False,False,False,False,False,1,3,False,1.284615384615385,False,False,False,8.801948547363281,1555.698,2,0.0017299366456712,3.2957942369741973e-06,286,607,False,607.0,False,False,False,True,0.9760084085539827,0.0019051421297998853,0.00186507657927466
ARDYGEGWGEFDY,H4-34,K1-39,True,372,1,1,0.0017115330643343,3.2957942369741973e-06,3.226482972236114e-06,False,False,False,False,False,False,False,False,False,True,False,False,False,-3,-3,False,2.769230769230769,False,False,False,4.050025558471679,1564.5657,1,0.0017115330643343,3.2957942369741973e-06,120,608,False,608.0,False,False,False,True,0.9760084085539827,0.001925627409355363,0.0018851310489759986
ARAYLPISEETFDY,H1-69,K1-39,True,367,1,1,0.0016885285876631,3.2957942369741973e-06,3.226482972236114e-06,False,False,False,False,False,False,False,False,False,True,False,False,False,-2,-2,False,1.2571428571428571,False,False,False,4.137435531616211,1674.804,1,0.0016885285876631,3.2957942369741973e-06,80,609,False,609.0,False,False,False,True,0.9760084085539827,0.0019518619598356375,0.001910813881192668
ARGIWPEEFDY,H1-69,K1-39,True,356,1,1,0.0016379187389866,3.2957942369741973e-06,3.226482972236114e-06,False,False,False,False,False,False,False,False,False,True,False,False,False,-2,-2,False,0.9636363636363636,False,False,False,4.137435531616211,1382.4753,1,0.0016379187389866,3.2957942369741973e-06,220,610,False,610.0,False,False,False,True,0.9760084085539827,0.002012171933080149,0.001969855522672107
ARDYLDVADWSYLPFDY,H1-69,K3-20,True,350,1,1,0.0016103133669812,3.2957942369741973e-06,3.226482972236114e-06,False,False,False,False,False,False,False,False,False,False,False,False,False,-3,-3,False,0.5882352941176473,False,False,False,4.050025558471679,2109.2484,1,0.0016103133669812,3.2957942369741973e-06,124,611,False,611.0,False,False,False,True,0.9760084085539827,0.0020466660948680595,0.002003624264786429
ARSVIRGNAFDY,H3-23_A,K4-1,True,345,1,1,0.00158730889031,3.2957942369741973e-06,3.226482972236114e-06,False,False,False,False,False,False,False,False,False,False,False,False,False,1,1,False,1.5833333333333333,False,False,False,8.79022674560547,1368.4967,2,0.00158730889031,3.2957942369741973e-06,396,612,False,612.0,False,False,False,True,0.9760084085539827,0.002076327735462492,0.0020326621146718594
ARGAGNVYDWANFDI,H1-69,UNK,True,339,1,1,0.0015597035183046,3.2957942369741973e-06,3.226482972236114e-06,False,False,False,False,False,False,False,False,False,False,False,False,False,-1,-1,False,1.54,False,False,False,4.207874679565429,1668.7628,1,0.0015597035183046,3.2957942369741973e-06,200,613,False,613.0,False,False,False,True,0.9760084085539827,0.002113076663307187,0.0020686382046257337
ARSRGAWSGNVFDY,H3-23_A,K4-1,True,333,1,1,0.0015320981462992,3.2957942369741973e-06,3.226482972236114e-06,False,False,False,False,False,False,False,False,False,False,False,False,False,1,1,False,2.085714285714286,False,False,False,8.79022674560547,1585.6775999999998,2,0.0015320981462992,3.2957942369741973e-06,415,614,False,614.0,False,False,False,True,0.9760084085539827,0.0021511498681964277,0.002105910721791845
ARFTATGADPFDY,H3-23_A,K3-15,True,330,1,1,0.0015182954602965,3.2957942369741973e-06,3.226482972236114e-06,False,False,False,False,True,False,False,False,False,False,False,False,False,-1,-1,False,2.184615384615385,False,False,False,4.207874679565429,1431.5046,1,0.0015182954602965,3.2957942369741973e-06,191,615,False,615.0,False,False,False,True,0.9760084085539827,0.0021707056472882492,0.0021250552386250622
ARAISSRSGNAFDY,H3-23_A,K4-1,True,324,1,1,0.0014906900882911,3.2957942369741973e-06,3.226482972236114e-06,False,False,False,False,False,False,False,False,False,False,False,False,False,1,1,False,2.7,False,False,False,8.79022674560547,1514.5982,2,0.0014906900882911,3.2957942369741973e-06,36,616,False,616.0,False,False,False,True,0.9760084085539827,0.002210903630355594,0.0021644078494252126
ARSLRGTNAFDY,H3-23_A,K4-1,True,323,1,1,0.0014860891929569,3.2957942369741973e-06,3.226482972236114e-06,False,False,False,False,False,False,False,False,False,False,False,False,False,1,1,False,2.225,False,False,False,8.79022674560547,1370.4696,2,0.0014860891929569,3.2957942369741973e-06,355,617,False,617.0,False,False,False,True,0.9760084085539827,0.0022177484871763755,0.0021711087574284747
ARQLRGSNAFDY,H3-23_A,K4-1,True,322,1,1,0.0014814882976227,3.2957942369741973e-06,3.226482972236114e-06,False,False,False,False,False,False,False,False,False,False,False,False,False,1,1,False,2.291666666666667,False,False,False,8.79022674560547,1397.4949,2,0.0014814882976227,3.2957942369741973e-06,371,618,False,618.0,False,False,False,True,0.9760084085539827,0.0022246358583488247,0.002177851285697405
ARSKIGLNAFDY,H3-23_A,K4-1,True,317,1,1,0.0014584838209515,3.2957942369741973e-06,3.226482972236114e-06,False,False,False,False,False,False,False,False,False,False,False,False,False,1,1,False,1.2500000000000002,False,False,False,8.63377227783203,1354.5099,1,0.0014584838209515,3.2957942369741973e-06,399,619,False,619.0,False,False,False,True,0.9760084085539827,0.002259724511430614,0.002212202016825278
ARQGSIGDALSPFDY,H1-69,K1-39,True,315,1,1,0.001449282030283,3.2957942369741973e-06,3.226482972236114e-06,False,False,False,False,False,False,False,False,False,False,False,False,False,-1,-1,False,2.1733333333333333,False,False,False,4.207874679565429,1596.6954,1,0.001449282030283,3.2957942369741973e-06,367,620,False,620.0,False,False,False,True,0.9760084085539827,0.002274071869649787,0.0022262476470018854
ARVRLSSSGPGTDFDI,H1-69,K3-15,True,314,1,1,0.0014446811349488,3.2957942369741973e-06,3.226482972236114e-06,False,False,False,False,False,False,False,False,False,True,False,False,False,0,0,False,2.4125,False,False,False,6.005810928344727,1677.813,2,0.0014446811349488,3.2957942369741973e-06,467,621,False,621.0,False,False,False,True,0.9760084085539827,0.0022813140866203216,0.0022333375585851167
ARGPISSSSEVPYFDY,H1-69,K3-20,True,310,1,1,0.0014262775536119,3.2957942369741973e-06,3.226482972236114e-06,False,False,False,False,False,False,False,False,False,False,False,False,False,-1,-1,False,2.2062500000000003,False,False,False,4.370375442504883,1774.88,1,0.0014262775536119,3.2957942369741973e-06,240,622,False,622.0,False,False,False,True,0.9760084085539827,0.0023107501910312536,0.0022621546153617045
ARSYGALKGNAFDY,H3-23_A,K4-1,True,310,1,1,0.0014262775536119,3.2957942369741973e-06,3.226482972236114e-06,False,False,False,False,False,False,False,False,False,False,False,False,False,1,1,False,2.0642857142857145,False,False,False,8.54006805419922,1532.6546999999998,1,0.0014262775536119,3.2957942369741973e-06,436,623,False,623.0,False,False,False,True,0.9760084085539827,0.0023107501910312536,0.0022621546153617045
ARAGVRYSNAFDY,H3-23_A,K4-1,True,305,1,1,0.0014032730769407,3.2957942369741973e-06,3.226482972236114e-06,False,False,False,False,False,False,False,False,False,False,False,False,False,1,1,False,2.0923076923076924,False,False,False,8.632579040527343,1489.5902,2,0.0014032730769407,3.2957942369741973e-06,27,624,False,624.0,False,False,False,True,0.9760084085539827,0.002348631071757357,0.0022992388529833735
ARSKSYTNAFDY,H3-23_A,K4-1,True,301,1,1,0.0013848694956038,3.2957942369741973e-06,3.226482972236114e-06,False,False,False,False,False,False,False,False,False,False,False,False,False,1,1,False,3.0250000000000004,False,False,False,8.54006805419922,1422.4978,1,0.0013848694956038,3.2957942369741973e-06,401,625,False,625.0,False,False,False,True,0.9760084085539827,0.002379841890530157,0.002329793301495438
ARFLEGADADRPNAFDY,H1-69,K3-15,True,300,1,1,0.0013802686002696,3.2957942369741973e-06,3.226482972236114e-06,False,False,False,False,False,False,False,False,False,True,False,False,False,-2,-2,False,2.3470588235294123,False,False,False,4.226021194458009,1928.022,2,0.0013802686002696,3.2957942369741973e-06,177,626,False,626.0,False,False,False,True,0.9760084085539827,0.002387774639359368,0.0023375592229031936
ARFETAAEDPFDY,H3-23_A,K4-1,True,297,1,1,0.0013664659142669,3.2957942369741973e-06,3.226482972236114e-06,False,False,False,False,True,False,False,False,False,True,False,False,False,-3,-3,False,2.5461538461538464,False,False,False,4.050025558471679,1531.5774,1,0.0013664659142669,3.2957942369741973e-06,168,627,False,627.0,False,False,False,True,0.9760084085539827,0.0024118933986058268,0.002361170759432733
ARHPRGANPFDY,H3-23_A,K4-1,True,297,1,1,0.0013664659142669,3.2957942369741973e-06,3.226482972236114e-06,False,False,False,False,False,False,False,False,False,False,False,False,False,1,2,False,2.5416666666666665,False,False,False,8.796192932128907,1400.5005,2,0.0013664659142669,3.2957942369741973e-06,297,628,False,628.0,False,False,False,True,0.9760084085539827,0.0024118933986058268,0.002361170759432733
ARSILYGNAFDY,H3-23_A,K4-1,True,295,1,1,0.0013572641235984,3.2957942369741973e-06,3.226482972236114e-06,False,False,False,False,False,False,False,False,False,False,False,False,False,0,0,False,0.6166666666666668,False,False,False,5.87944984436035,1389.5108,1,0.0013572641235984,3.2957942369741973e-06,395,629,False,629.0,False,False,False,True,0.9760084085539827,0.0024282450977820167,0.0023771785788430674
AREPYPGDAPFYFDP,H1-69,K3-15,True,294,1,1,0.0013526632282642,3.2957942369741973e-06,3.226482972236114e-06,False,False,False,True,True,False,False,False,False,False,False,False,False,-2,-2,False,1.8733333333333333,False,False,False,4.050025558471679,1741.8517000000002,1,0.0013526632282642,3.2957942369741973e-06,149,630,False,630.0,False,False,False,True,0.9760084085539827,0.0024365043737898783,0.0023852641604923722
ARAATYTAGAFDY,H3-23_A,K4-1,True,292,1,1,0.0013434614375957,3.2957942369741973e-06,3.226482972236114e-06,False,False,False,False,False,False,False,False,False,False,False,False,False,0,0,False,2.1384615384615384,False,False,False,5.87944984436035,1377.4571999999998,1,0.0013434614375957,3.2957942369741973e-06,6,631,False,631.0,False,False,False,True,0.9760084085539827,0.002453192635693401,0.0024016014646431817
ARSIVAGNAFDY,H3-23_A,K4-1,True,289,1,1,0.001329658751593,3.2957942369741973e-06,3.226482972236114e-06,False,False,False,False,False,False,False,False,False,False,False,False,False,0,0,False,1.4083333333333334,False,False,False,5.880318832397459,1283.3889,1,0.001329658751593,3.2957942369741973e-06,397,632,False,632.0,False,False,False,True,0.9760084085539827,0.002478658111673073,0.0024265313961621265
ARAGRILGNLFDY,H3-23_A,K4-1,True,285,1,1,0.0013112551702561,3.2957942369741973e-06,3.226482972236114e-06,False,False,False,False,False,False,False,False,False,False,False,False,False,1,1,False,0.2692307692307695,False,False,False,8.79022674560547,1465.6548999999998,2,0.0013112551702561,3.2957942369741973e-06,21,633,False,633.0,False,False,False,True,0.9760084085539827,0.002513446030394069,0.0024605877174377765
ARSASYRGDNAFDY,H3-23_A,K4-1,True,285,1,1,0.0013112551702561,3.2957942369741973e-06,3.226482972236114e-06,False,False,False,False,False,False,False,False,False,False,False,False,False,0,0,False,3.3857142857142857,False,False,False,6.004021835327148,1592.6238999999998,2,0.0013112551702561,3.2957942369741973e-06,377,634,False,634.0,False,False,False,True,0.9760084085539827,0.002513446030394069,0.0024605877174377765
ARDIAGTTLKGLWFDP,H3-23_A,K4-1,True,275,1,1,0.0012652462169138,3.2957942369741973e-06,3.226482972236114e-06,False,False,False,False,True,False,False,False,False,False,False,False,False,0,0,False,0.7750000000000002,False,False,False,6.004941940307616,1760.986,1,0.0012652462169138,3.2957942369741973e-06,94,635,False,635.0,False,False,False,True,0.9760084085539827,0.002604843345495085,0.0025500629272592066
AREYLAGWFVPFDY,H1-69,K3-20,True,273,1,1,0.0012560444262453,3.2957942369741973e-06,3.226482972236114e-06,False,False,False,False,False,False,False,False,False,False,False,False,False,-1,-1,False,-0.7928571428571427,False,False,False,4.370375442504883,1733.9172,1,0.0012560444262453,3.2957942369741973e-06,157,636,False,636.0,False,False,False,True,0.9760084085539827,0.002623926294998421,0.0025687445582123214
ARSGIWGEEFDY,H4-34,K1-39,True,271,1,1,0.0012468426355768,3.2957942369741973e-06,3.226482972236114e-06,False,False,False,False,False,False,False,False,False,True,False,False,False,-2,-2,False,1.7250000000000003,False,False,False,4.137435531616211,1429.4887,1,0.0012468426355768,3.2957942369741973e-06,220,637,False,637.0,False,False,False,True,0.9760084085539827,0.002643290909394074,0.0025877019305842247
ARGEVSASDEEFDY,H1-69,K1-39,True,266,1,1,0.0012238381589057,3.2957942369741973e-06,3.226482972236114e-06,False,False,False,False,False,False,False,False,False,True,False,False,False,-4,-4,False,3.9785714285714286,False,False,False,4.050025558471679,1574.5575,1,0.0012238381589057,3.2957942369741973e-06,219,638,False,638.0,False,False,False,True,0.9760084085539827,0.002692976422762381,0.0026363425468736773
ARGAVERFTDEFDY,H1-69,K1-39,True,263,1,1,0.001210035472903,3.2957942369741973e-06,3.226482972236114e-06,False,False,False,False,False,False,False,False,False,True,False,False,False,-2,-2,False,2.507142857142857,False,False,False,4.316753768920899,1675.7523,2,0.001210035472903,3.2957942369741973e-06,205,639,False,639.0,False,False,False,True,0.9760084085539827,0.0027236945311380012,0.002666414646794647
ARDYGELWGEFDY,H4-34,K1-39,True,259,1,1,0.001191631891566,3.2957942369741973e-06,3.226482972236114e-06,False,False,False,False,False,False,False,False,False,True,False,False,False,-3,-3,False,1.623076923076923,False,False,False,4.050025558471679,1620.6719999999998,1,0.001191631891566,3.2957942369741973e-06,117,640,False,640.0,False,False,False,True,0.9760084085539827,0.0027657589585433416,0.002707594450205188
ARGLRGTNAFDY,H3-23_A,K4-1,True,250,1,1,0.001150223833558,3.2957942369741973e-06,3.226482972236114e-06,False,False,False,False,False,False,False,False,False,False,False,False,False,1,1,False,2.1583333333333337,False,False,False,8.79022674560547,1340.4435999999998,2,0.001150223833558,3.2957942369741973e-06,230,641,False,641.0,False,False,False,True,0.9760084085539827,0.0028653254154238964,0.0028050670029898923
ARAKLGSNAFDY,H3-23_A,K4-1,True,248,1,1,0.0011410220428895,3.2957942369741973e-06,3.226482972236114e-06,False,False,False,False,False,False,False,False,False,False,False,False,False,1,1,False,2.091666666666667,False,False,False,8.63377227783203,1312.4302,1,0.0011410220428895,3.2957942369741973e-06,42,642,False,642.0,False,False,False,True,0.9760084085539827,0.002888432675937892,0.002827688312823809
ARSHIQYSGDEFDY,H1-69,K1-39,True,242,1,1,0.0011134166708841,3.2957942369741973e-06,3.226482972236114e-06,False,False,False,False,False,False,False,False,False,True,False,False,False,-2,-1,False,2.85,False,False,False,4.536607742309571,1687.7198999999998,1,0.0011134166708841,3.2957942369741973e-06,391,643,False,643.0,False,False,False,True,0.9760084085539827,0.002960046066039734,0.002897795657862384
ARQLIGTNAFDY,H3-23_A,K4-1,True,241,1,1,0.0011088157755499,3.2957942369741973e-06,3.226482972236114e-06,False,False,False,False,False,False,False,False,False,False,False,False,False,0,0,False,1.1666666666666667,False,False,False,5.880318832397459,1368.4933999999998,1,0.0011088157755499,3.2957942369741973e-06,370,644,False,644.0,False,False,False,True,0.9760084085539827,0.0029723283040924203,0.002909819597795699
ARGATSRHGNEFDY,H3-23_A,K4-1,True,239,1,1,0.0010996139848814,3.2957942369741973e-06,3.226482972236114e-06,False,False,False,False,False,False,False,False,False,True,False,False,False,0,1,False,3.678571428571429,False,False,False,6.796487808227539,1580.6165999999998,2,0.0010996139848814,3.2957942369741973e-06,204,645,False,645.0,False,False,False,True,0.9760084085539827,0.0029972011180982613,0.0029341693311501446
ARDYGYTYSGVEAWFDP,H1-69,K3-20,True,233,1,1,0.001072008612876,3.2957942369741973e-06,3.226482972236114e-06,False,False,False,False,True,False,False,False,False,False,False,False,False,-2,-2,False,1.9294117647058824,False,False,False,4.050025558471679,1997.0789,1,0.001072008612876,3.2957942369741973e-06,122,646,False,646.0,False,False,False,True,0.9760084085539827,0.003074381542809482,0.0030097266348577106
ARSIVRGNAFDY,H3-23_A,K4-1,True,232,1,1,0.0010674077175418,3.2957942369741973e-06,3.226482972236114e-06,False,False,False,False,False,False,False,False,False,False,False,False,False,1,1,False,1.5833333333333333,False,False,False,8.79022674560547,1368.4967,2,0.0010674077175418,3.2957942369741973e-06,396,647,False,647.0,False,False,False,True,0.9760084085539827,0.00308763306324371,0.0030226994729547056
ARTSLEGTFDY,H1-69,K3-15,True,232,1,1,0.0010674077175418,3.2957942369741973e-06,3.226482972236114e-06,False,False,False,False,False,False,False,False,False,False,False,False,False,-1,-1,False,2.4000000000000004,False,False,False,4.370375442504883,1259.3213,1,0.0010674077175418,3.2957942369741973e-06,450,648,False,648.0,False,False,False,True,0.9760084085539827,0.00308763306324371,0.0030226994729547056
ARSPGQSHGNVFDP,H3-23_A,K4-1,True,230,1,1,0.0010582059268733,3.2957942369741973e-06,3.226482972236114e-06,False,False,False,False,True,False,False,False,False,False,False,False,False,0,1,False,3.3642857142857143,False,False,False,6.7894336700439455,1468.5297999999998,1,0.0010582059268733,3.2957942369741973e-06,409,649,False,649.0,False,False,False,True,0.9760084085539827,0.0031144817926831323,0.0030489835678143415
ARSGWRANYFDY,H3-23_A,K4-1,True,226,1,1,0.0010398023455364,3.2957942369741973e-06,3.226482972236114e-06,False,False,False,False,False,False,False,False,False,False,False,False,False,1,1,False,1.5666666666666669,False,False,False,8.632579040527343,1505.5911999999998,2,0.0010398023455364,3.2957942369741973e-06,389,650,False,650.0,False,False,False,True,0.9760084085539827,0.0031696048341049664,0.003102947359767779
ARSLYGSNAFDY,H3-23_A,K4-1,True,225,1,1,0.0010352014502022,3.2957942369741973e-06,3.226482972236114e-06,False,False,False,False,False,False,False,False,False,False,False,False,False,0,0,False,1.825,False,False,False,5.87944984436035,1363.4305,1,0.0010352014502022,3.2957942369741973e-06,395,652,False,652.0,False,False,False,True,0.9760084085539827,0.0031836918306211302,0.0031167381037042327
ARVSQSILDAGSPFDP,H1-69,K3-15,True,220,1,1,0.001012196973531,3.2957942369741973e-06,3.226482972236114e-06,False,False,False,False,True,False,False,False,False,False,False,False,False,-1,-1,False,2.10625,False,False,False,4.207874679565429,1659.7944,1,0.001012196973531,3.2957942369741973e-06,471,653,False,653.0,False,False,False,True,0.9760084085539827,0.0032560477482950867,0.003187572360799685
ARAGPRTTNAFDY,H3-23_A,K4-1,True,219,1,1,0.0010075960781968,3.2957942369741973e-06,3.226482972236114e-06,False,False,False,False,False,False,False,False,False,False,False,False,False,1,1,False,2.984615384615385,False,False,False,8.79022674560547,1439.5317,2,0.0010075960781968,3.2957942369741973e-06,18,654,False,654.0,False,False,False,True,0.9760084085539827,0.0032709153986767445,0.00320212734128221
ARASIGYSYDVDFDI,H1-69,K1-39,True,218,1,1,0.0010029951828625,3.2957942369741973e-06,3.226482972236114e-06,False,False,False,False,False,False,False,False,False,True,False,False,False,-2,-2,False,1.6266666666666667,False,False,False,4.050025558471679,1691.7913,1,0.0010029951828625,3.2957942369741973e-06,26,655,False,655.0,False,False,False,True,0.9760084085539827,0.0032859194481610287,0.0032168158523647695
ARHTGSGRANVFDY,H3-23_A,K4-1,True,218,1,1,0.0010029951828625,3.2957942369741973e-06,3.226482972236114e-06,False,False,False,False,False,False,False,False,False,False,False,False,False,1,2,False,2.857142857142857,False,False,False,8.796192932128907,1550.6336,2,0.0010029951828625,3.2957942369741973e-06,303,656,False,656.0,False,False,False,True,0.9760084085539827,0.0032859194481610287,0.0032168158523647695
ARSGYWGEEFDY,H4-34,K1-39,True,217,1,1,0.0009983942875283,3.2957942369741973e-06,3.226482972236114e-06,False,False,False,False,False,False,False,False,False,True,False,False,False,-2,-2,False,2.2333333333333334,False,False,False,4.137435531616211,1479.5042999999998,1,0.0009983942875283,3.2957942369741973e-06,274,657,False,657.0,False,False,False,True,0.9760084085539827,0.0033010617824302734,0.0032316397400733903
ARDIRAGNAFDY,H3-23_A,K4-1,True,215,1,1,0.0009891924968598,3.2957942369741973e-06,3.226482972236114e-06,False,False,False,False,False,False,False,False,False,False,False,False,False,0,0,False,2.3583333333333334,False,False,False,6.004890823364257,1368.4536999999998,2,0.0009891924968598,3.2957942369741973e-06,95,658,False,658.0,False,False,False,True,0.9760084085539827,0.0033317690234675092,0.0032617012011984486
ARAAGHSLANIFDY,H3-23_A,K4-1,True,213,1,1,0.0009799907061914,3.2957942369741973e-06,3.226482972236114e-06,False,False,False,False,False,False,False,False,False,False,False,False,False,0,1,False,1.1142857142857143,False,False,False,6.788309097290039,1505.6327,1,0.0009799907061914,3.2957942369741973e-06,4,659,False,659.0,False,False,False,True,0.9760084085539827,0.0033630529204236193,0.0032923271910438425
ARAHLTTAGAFDY,H3-23_A,K4-1,True,213,1,1,0.0009799907061914,3.2957942369741973e-06,3.226482972236114e-06,False,False,False,False,False,False,False,False,False,False,False,False,False,0,1,False,1.576923076923077,False,False,False,6.788309097290039,1393.503,1,0.0009799907061914,3.2957942369741973e-06,29,660,False,660.0,False,False,False,True,0.9760084085539827,0.0033630529204236193,0.0032923271910438425
ARGYFSDASSGFDY,H1-69,K1-39,True,213,1,1,0.0009799907061914,3.2957942369741973e-06,3.226482972236114e-06,False,False,False,False,False,False,False,False,False,False,False,False,False,-1,-1,False,2.65,False,False,False,4.207874679565429,1542.5601,1,0.0009799907061914,3.2957942369741973e-06,275,661,False,661.0,False,False,False,True,0.9760084085539827,0.0033630529204236193,0.0032923271910438425
ARGWFPEAFDY,H1-69,K1-39,True,211,1,1,0.0009707889155229,3.2957942369741973e-06,3.226482972236114e-06,False,False,False,False,False,False,False,False,False,False,False,False,False,-1,-1,False,0.3363636363636365,False,False,False,4.370375442504883,1358.4554,1,0.0009707889155229,3.2957942369741973e-06,268,662,False,662.0,False,False,False,True,0.9760084085539827,0.0033949298709290256,0.003323533762394283
ARDEWFAGESFDY,H1-69,K1-39,True,210,1,1,0.0009661880201887,3.2957942369741973e-06,3.226482972236114e-06,False,False,False,False,False,False,False,False,False,True,False,False,False,-3,-3,False,1.9923076923076928,False,False,False,4.050025558471679,1592.6189,1,0.0009661880201887,3.2957942369741973e-06,92,663,False,663.0,False,False,False,True,0.9760084085539827,0.0034110960363285814,0.0033393599498433837
ARSASGANYFDY,H3-23_A,K4-1,True,208,1,1,0.0009569862295202,3.2957942369741973e-06,3.226482972236114e-06,False,False,False,False,False,False,False,False,False,False,False,False,False,0,0,False,2.766666666666667,False,False,False,5.87944984436035,1321.3508,1,0.0009569862295202,3.2957942369741973e-06,376,664,False,664.0,False,False,False,True,0.9760084085539827,0.0034438946939493982,0.003371468844609497
ARFDAGYETGFDY,H3-23_A,K3-15,True,207,1,1,0.000952385334186,3.2957942369741973e-06,3.226482972236114e-06,False,False,False,False,False,False,False,False,False,False,False,False,False,-2,-2,False,2.353846153846154,False,False,False,4.050025558471679,1511.5460999999998,1,0.000952385334186,3.2957942369741973e-06,161,665,False,665.0,False,False,False,True,0.9760084085539827,0.0034605316916961485,0.003387755962699825
ARGDVEYFGPEEFDY,H1-69,K1-39,True,204,1,1,0.0009385826481833,3.2957942369741973e-06,3.226482972236114e-06,False,False,False,False,False,False,False,False,False,True,False,False,False,-4,-4,False,2.486666666666667,False,False,False,4.050025558471679,1793.8384999999998,1,0.0009385826481833,3.2957942369741973e-06,211,666,False,666.0,False,False,False,True,0.9760084085539827,0.0035114213214362975,0.0034375753725337153
ARGLQVDPSWGYFDP,H1-69,K3-15,True,204,1,1,0.0009385826481833,3.2957942369741973e-06,3.226482972236114e-06,False,False,False,False,True,False,False,False,False,False,False,False,False,-1,-1,False,1.36,False,False,False,4.207874679565429,1707.8386999999998,1,0.0009385826481833,3.2957942369741973e-06,231,667,False,667.0,False,False,False,True,0.9760084085539827,0.0035114213214362975,0.0034375753725337153
ARPHRVTAGAFDY,H3-23_A,K4-1,True,204,1,1,0.0009385826481833,3.2957942369741973e-06,3.226482972236114e-06,False,False,False,False,False,False,False,False,False,False,False,False,False,1,2,False,1.9230769230769231,False,False,False,8.796192932128907,1460.5955,2,0.0009385826481833,3.2957942369741973e-06,349,668,False,668.0,False,False,False,True,0.9760084085539827,0.0035114213214362975,0.0034375753725337153
ARWAVSISGDPFDY,H3-23_A,K4-1,True,202,1,1,0.0009293808575148,3.2957942369741973e-06,3.226482972236114e-06,False,False,False,False,True,False,False,False,False,False,False,False,False,-1,-1,False,1.1714285714285717,False,False,False,4.207874679565429,1583.6981999999998,1,0.0009293808575148,3.2957942369741973e-06,478,669,False,669.0,False,False,False,True,0.9760084085539827,0.0035461874950945636,0.0034716104060500013
AREGYSELSFDY,H4-34,K4-1,True,200,1,1,0.0009201790668464,3.2957942369741973e-06,3.226482972236114e-06,False,False,False,False,False,False,False,False,False,False,False,False,False,-2,-2,False,2.3666666666666667,False,False,False,4.137435531616211,1436.4779999999998,1,0.0009201790668464,3.2957942369741973e-06,139,670,False,670.0,False,False,False,True,0.9760084085539827,0.0035816489846692977,0.0035063261328388347
ARPKRSTAGAFDY,H3-23_A,K4-1,True,199,1,1,0.0009155781715121,3.2957942369741973e-06,3.226482972236114e-06,False,False,False,False,False,False,False,False,False,False,False,False,False,2,2,False,2.984615384615385,False,False,False,9.98676300048828,1439.5748,2,0.0009155781715121,3.2957942369741973e-06,351,671,False,671.0,False,False,False,True,0.9760084085539827,0.003599647024197758,0.0035239456697082
ARGVLEDEFDY,H1-69,K1-39,True,188,1,1,0.0008649683228356,3.2957942369741973e-06,3.226482972236114e-06,False,False,False,False,False,False,False,False,False,True,False,False,False,-3,-3,False,2.145454545454545,False,False,False,4.050025558471679,1313.3686,1,0.0008649683228356,3.2957942369741973e-06,215,672,False,672.0,False,False,False,True,0.9760084085539827,0.003810262234283303,0.0037301315964300154
ARGRTYGDYPQAFDI,H1-69,K4-1,True,187,1,1,0.0008603674275013,3.2957942369741973e-06,3.226482972236114e-06,False,False,False,False,False,False,False,False,False,False,False,False,False,0,0,False,2.4200000000000004,False,False,False,6.004021835327148,1729.846,2,0.0008603674275013,3.2957942369741973e-06,252,673,False,673.0,False,False,False,True,0.9760084085539827,0.003830637731333575,0.0037500785923759473
ARAKSYTAGAFDY,H3-23_A,K4-1,True,185,1,1,0.0008511656368329,3.2957942369741973e-06,3.226482972236114e-06,False,False,False,False,False,False,False,False,False,False,False,False,False,1,1,False,2.515384615384616,False,False,False,8.54006805419922,1420.525,1,0.0008511656368329,3.2957942369741973e-06,6,674,False,674.0,False,False,False,True,0.9760084085539827,0.0038720495446008833,0.0037906195062647526
ARDAGSGRGNEFDY,H3-23_A,K4-1,True,184,1,1,0.0008465647414986,3.2957942369741973e-06,3.226482972236114e-06,False,False,False,False,False,False,False,False,False,True,False,False,False,-1,-1,False,4.2785714285714285,False,False,False,4.558281326293945,1514.5121,2,0.0008465647414986,3.2957942369741973e-06,85,675,False,675.0,False,False,False,True,0.9760084085539827,0.0038930930435510133,0.0038112204558862915
ARAVKYGNAFDY,H3-23_A,K4-1,True,181,1,1,0.0008327620554959,3.2957942369741973e-06,3.226482972236114e-06,False,False,False,False,False,False,False,False,False,False,False,False,False,1,1,False,1.8500000000000003,False,False,False,8.54006805419922,1374.4995,1,0.0008327620554959,3.2957942369741973e-06,75,676,False,676.0,False,False,False,True,0.9760084085539827,0.003957618672749068,0.0038743890971639342
ARDIQRGNAFDY,H3-23_A,K4-1,True,181,1,1,0.0008327620554959,3.2957942369741973e-06,3.226482972236114e-06,False,False,False,False,False,False,False,False,False,False,False,False,False,0,0,False,2.6833333333333336,False,False,False,6.004890823364257,1425.505,2,0.0008327620554959,3.2957942369741973e-06,95,677,False,677.0,False,False,False,True,0.9760084085539827,0.003957618672749068,0.0038743890971639342
ARAHRQTAGAFDY,H3-23_A,K4-1,True,177,1,1,0.000814358474159,3.2957942369741973e-06,3.226482972236114e-06,False,False,False,False,False,False,False,False,False,False,False,False,False,1,2,False,2.669230769230769,False,False,False,8.796192932128907,1463.5564,2,0.000814358474159,3.2957942369741973e-06,31,678,False,678.0,False,False,False,True,0.9760084085539827,0.004047055284621339,0.003961944837769057
ARDLIEGDEPGPFDI,H1-69,K4-1,True,177,1,1,0.000814358474159,3.2957942369741973e-06,3.226482972236114e-06,False,False,False,False,False,False,False,False,False,True,False,False,False,-4,-4,False,2.2066666666666666,False,False,False,4.050025558471679,1643.7487,1,0.000814358474159,3.2957942369741973e-06,100,679,False,679.0,False,False,False,True,0.9760084085539827,0.004047055284621339,0.003961944837769057
ARAGVAYSYDVDFDI,H1-69,K1-39,True,176,1,1,0.0008097575788248,3.2957942369741973e-06,3.226482972236114e-06,False,False,False,False,False,False,False,False,False,True,False,False,False,-2,-2,False,1.62,False,False,False,4.050025558471679,1661.7653,1,0.0008097575788248,3.2957942369741973e-06,26,680,False,680.0,False,False,False,True,0.9760084085539827,0.004070049632954334,0.003984455609989531
ARSLFQEEFDY,H1-69,K1-39,True,176,1,1,0.0008097575788248,3.2957942369741973e-06,3.226482972236114e-06,False,False,False,False,False,False,False,False,False,True,False,False,False,-2,-2,False,1.3545454545454547,False,False,False,4.137435531616211,1404.4792,1,0.0008097575788248,3.2957942369741973e-06,404,681,False,681.0,False,False,False,True,0.9760084085539827,0.004070049632954334,0.003984455609989531
ARDIRPYDPGTFDY,H1-69,K3-15,True,171,1,1,0.0007867531021536,3.2957942369741973e-06,3.226482972236114e-06,False,False,False,False,True,False,False,False,False,False,False,False,False,-1,-1,False,2.4714285714285715,False,False,False,4.429057693481445,1685.7902,2,0.0007867531021536,3.2957942369741973e-06,98,682,False,682.0,False,False,False,True,0.9760084085539827,0.00418905541954452,0.004100958679180924
ARPVTYTAGAFDY,H3-23_A,K4-1,True,168,1,1,0.0007729504161509,3.2957942369741973e-06,3.226482972236114e-06,False,False,False,False,False,False,False,False,False,False,False,False,False,0,0,False,1.6923076923076923,False,False,False,5.87944984436035,1431.5476,1,0.0007729504161509,3.2957942369741973e-06,364,683,False,683.0,False,False,False,True,0.9760084085539827,0.004263859012840808,0.00417418913675164
ARSRAGSNAFDY,H3-23_A,K4-1,True,167,1,1,0.0007683495208167,3.2957942369741973e-06,3.226482972236114e-06,False,False,False,False,False,False,False,False,False,False,False,False,False,1,1,False,3.2750000000000004,False,False,False,8.79022674560547,1314.3633,2,0.0007683495208167,3.2957942369741973e-06,54,684,False,684.0,False,False,False,True,0.9760084085539827,0.004289390770444351,0.0041991839559775875
ARDIQHGNAFDY,H3-23_A,K4-1,True,165,1,1,0.0007591477301482,3.2957942369741973e-06,3.226482972236114e-06,False,False,False,False,False,False,False,False,False,False,False,False,False,-1,0,False,2.5083333333333333,False,False,False,5.212373733520507,1406.4586,1,0.0007591477301482,3.2957942369741973e-06,97,686,False,686.0,False,False,False,True,0.9760084085539827,0.004341382700971515,0.004250082484974831
ARWFSDESDAPSAFDI,H1-69,K3-20,True,163,1,1,0.0007499459394798,3.2957942369741973e-06,3.226482972236114e-06,False,False,False,False,False,False,False,False,False,True,False,False,False,-3,-3,False,2.09375,False,False,False,4.050025558471679,1813.8731,1,0.0007499459394798,3.2957942369741973e-06,487,687,False,687.0,False,False,False,True,0.9760084085539827,0.004394650490081183,0.004302230040972985
ARSARNANYFDY,H3-23_A,K4-1,True,162,1,1,0.0007453450441455,3.2957942369741973e-06,3.226482972236114e-06,False,False,False,False,False,False,False,False,False,False,False,False,False,1,1,False,2.6833333333333336,False,False,False,8.632579040527343,1447.5105,2,0.0007453450441455,3.2957942369741973e-06,375,688,False,688.0,False,False,False,True,0.9760084085539827,0.004421777598288888,0.004328786660235273
ARSTGIGDRPAAFDI,H1-69,K4-1,True,162,1,1,0.0007453450441455,3.2957942369741973e-06,3.226482972236114e-06,False,False,False,False,False,False,False,False,False,False,False,False,False,0,0,False,2.313333333333333,False,False,False,6.005810928344727,1546.6832,2,0.0007453450441455,3.2957942369741973e-06,431,689,False,689.0,False,False,False,True,0.9760084085539827,0.004421777598288888,0.004328786660235273
ARAGSTAQSGNVFDY,H3-23_A,K4-1,True,161,1,1,0.0007407441488113,3.2957942369741973e-06,3.226482972236114e-06,False,False,False,False,False,False,False,False,False,False,False,False,False,0,0,False,3.22,False,False,False,5.880318832397459,1543.5929999999998,1,0.0007407441488113,3.2957942369741973e-06,25,690,False,690.0,False,False,False,True,0.9760084085539827,0.004449241684657468,0.004355673170934922
ARELGLDFYGWPFDY,H1-69,K1-39,True,161,1,1,0.0007407441488113,3.2957942369741973e-06,3.226482972236114e-06,False,False,False,False,False,False,False,False,False,False,False,False,False,-2,-2,False,-0.1999999999999997,False,False,False,4.050025558471679,1849.0046,1,0.0007407441488113,3.2957942369741973e-06,146,691,False,691.0,False,False,False,True,0.9760084085539827,0.004449241684657468,0.004355673170934922
ARSRGASYGNVFDY,H3-23_A,K4-1,True,161,1,1,0.0007407441488113,3.2957942369741973e-06,3.226482972236114e-06,False,False,False,False,False,False,False,False,False,False,False,False,False,1,1,False,2.6642857142857146,False,False,False,8.632579040527343,1562.6409,2,0.0007407441488113,3.2957942369741973e-06,415,692,False,692.0,False,False,False,True,0.9760084085539827,0.004449241684657468,0.004355673170934922
ARSSGARSGNAFDY,H3-23_A,K4-1,True,161,1,1,0.0007407441488113,3.2957942369741973e-06,3.226482972236114e-06,False,False,False,False,False,False,False,False,False,False,False,False,False,1,1,False,3.678571428571429,False,False,False,8.79022674560547,1458.4918999999998,2,0.0007407441488113,3.2957942369741973e-06,36,693,False,693.0,False,False,False,True,0.9760084085539827,0.004449241684657468,0.004355673170934922
ARTKNVLAGWGYFDY,H1-69,K4-1,True,161,1,1,0.0007407441488113,3.2957942369741973e-06,3.226482972236114e-06,False,False,False,False,False,False,False,False,False,False,False,False,False,1,1,False,0.7866666666666668,False,False,False,8.54006805419922,1760.9443,1,0.0007407441488113,3.2957942369741973e-06,447,694,False,694.0,False,False,False,True,0.9760084085539827,0.004449241684657468,0.004355673170934922
ARWAVEPVLSETAFDY,H3-23_A,K3-20,True,160,1,1,0.0007361432534771,3.2957942369741973e-06,3.226482972236114e-06,False,False,False,False,False,False,False,False,False,False,False,False,False,-2,-2,False,0.7625000000000001,False,False,False,4.137435531616211,1854.023,1,0.0007361432534771,3.2957942369741973e-06,477,695,False,695.0,False,False,False,True,0.9760084085539827,0.004477049067442207,0.004382895758452941
ARAYLAGDASPGFDY,H1-69,K3-15,True,158,1,1,0.0007269414628086,3.2957942369741973e-06,3.226482972236114e-06,False,False,False,False,False,False,False,False,False,False,False,False,False,-1,-1,False,2.026666666666667,False,False,False,4.207874679565429,1573.6603,1,0.0007269414628086,3.2957942369741973e-06,79,696,False,696.0,False,False,False,True,0.9760084085539827,0.004533719795047652,0.004438374688415227
ARPHRYTAGAFDY,H3-23_A,K4-1,True,158,1,1,0.0007269414628086,3.2957942369741973e-06,3.226482972236114e-06,False,False,False,False,False,False,False,False,False,False,False,False,False,1,2,False,2.0615384615384618,False,False,False,8.638685607910158,1524.6377,2,0.0007269414628086,3.2957942369741973e-06,345,697,False,697.0,False,False,False,True,0.9760084085539827,0.004533719795047652,0.004438374688415227
ARSRLSTNAFDY,H3-23_A,K4-1,True,156,1,1,0.0007177396721401,3.2957942369741973e-06,3.226482972236114e-06,False,False,False,False,False,False,False,False,False,False,False,False,False,1,1,False,2.291666666666667,False,False,False,8.79022674560547,1400.4956,2,0.0007177396721401,3.2957942369741973e-06,407,698,False,698.0,False,False,False,True,0.9760084085539827,0.004591843597987573,0.004495276135223821
ARAEQAQTGPGFDY,H4-34,K1-39,True,154,1,1,0.0007085378814717,3.2957942369741973e-06,3.226482972236114e-06,False,False,False,False,False,False,False,False,False,False,False,False,False,-1,-1,False,3.4214285714285717,False,False,False,4.370375442504883,1510.5631999999998,1,0.0007085378814717,3.2957942369741973e-06,10,699,False,699.0,False,False,False,True,0.9760084085539827,0.004651477088787025,0.00455365552083015
ARGAHGANYFDY,H3-23_A,K4-1,True,154,1,1,0.0007085378814717,3.2957942369741973e-06,3.226482972236114e-06,False,False,False,False,False,False,False,False,False,False,False,False,False,0,1,False,2.333333333333333,False,False,False,6.787184524536133,1341.3868,1,0.0007085378814717,3.2957942369741973e-06,201,700,False,700.0,False,False,False,True,0.9760084085539827,0.004651477088787025,0.00455365552083015
ARGPLAYWYDEFDY,H1-69,K1-39,True,154,1,1,0.0007085378814717,3.2957942369741973e-06,3.226482972236114e-06,False,False,False,True,False,False,False,False,False,True,False,False,False,-2,-2,False,0.7071428571428573,False,False,False,4.050025558471679,1765.8729999999998,1,0.0007085378814717,3.2957942369741973e-06,241,701,False,701.0,False,False,False,True,0.9760084085539827,0.004651477088787025,0.00455365552083015
ARGFLQGQDEEFDY,H1-69,K1-39,True,153,1,1,0.0007039369861375,3.2957942369741973e-06,3.226482972236114e-06,False,False,False,False,False,False,False,False,False,True,False,False,False,-3,-3,False,2.5571428571428574,False,False,False,4.050025558471679,1674.7211,1,0.0007039369861375,3.2957942369741973e-06,221,702,False,702.0,False,False,False,True,0.9760084085539827,0.004681878467948208,0.00458341755242048
ARGVYPGDVLYSFDY,H1-69,K3-15,True,151,1,1,0.000694735195469,3.2957942369741973e-06,3.226482972236114e-06,False,False,False,False,False,False,False,False,False,False,False,False,False,-1,-1,False,0.9866666666666668,False,False,False,4.207874679565429,1721.8618,1,0.000694735195469,3.2957942369741973e-06,266,703,False,703.0,False,False,False,True,0.9760084085539827,0.004743889210704528,0.004644124195861505
ARVLRAGESGTDFDI,H1-69,K3-15,True,151,1,1,0.000694735195469,3.2957942369741973e-06,3.226482972236114e-06,False,False,False,False,False,False,False,False,False,True,False,False,False,-1,-1,False,2.226666666666667,False,False,False,4.558281326293945,1606.7351,2,0.000694735195469,3.2957942369741973e-06,461,704,False,704.0,False,False,False,True,0.9760084085539827,0.004743889210704528,0.004644124195861505
ARANVIPYDVFDY,H3-23_A,K4-1,True,148,1,1,0.0006809325094663,3.2957942369741973e-06,3.226482972236114e-06,False,False,False,False,False,False,False,False,False,False,False,False,False,-1,-1,False,0.7000000000000001,False,False,False,4.207874679565429,1542.6891999999998,1,0.0006809325094663,3.2957942369741973e-06,51,705,False,705.0,False,False,False,True,0.9760084085539827,0.004840047714978656,0.004738260466019258
ARGSWVEASFDY,H1-69,K3-15,True,148,1,1,0.0006809325094663,3.2957942369741973e-06,3.226482972236114e-06,False,False,False,False,False,False,False,False,False,False,False,False,False,-1,-1,False,1.675,False,False,False,4.370375442504883,1387.452,1,0.0006809325094663,3.2957942369741973e-06,258,706,False,706.0,False,False,False,True,0.9760084085539827,0.004840047714978656,0.004738260466019258
ARQQIYWPGHAFDY,H3-23_A,K4-1,True,146,1,1,0.0006717307187978,3.2957942369741973e-06,3.226482972236114e-06,False,False,False,False,False,False,False,False,False,False,False,False,False,0,1,False,0.6642857142857144,False,False,False,6.787184524536133,1751.8961,1,0.0006717307187978,3.2957942369741973e-06,372,707,False,707.0,False,False,False,True,0.9760084085539827,0.0049063487514537,0.004803167177375344
AREALDWSKYEGFDP,H4-34,K1-39,True,145,1,1,0.0006671298234636,3.2957942369741973e-06,3.226482972236114e-06,False,False,False,False,True,False,False,False,False,False,False,False,False,-2,-2,False,2.246666666666667,False,False,False,4.316753768920899,1783.8901999999998,1,0.0006671298234636,3.2957942369741973e-06,127,708,False,708.0,False,False,False,True,0.9760084085539827,0.004940185132201181,0.004836291971726606
ARESYEALAFDY,H4-34,K4-1,True,144,1,1,0.0006625289281294,3.2957942369741973e-06,3.226482972236114e-06,False,False,False,False,False,False,False,False,False,False,False,False,False,-2,-2,False,1.7000000000000002,False,False,False,4.137435531616211,1434.5051999999998,1,0.0006625289281294,3.2957942369741973e-06,153,709,False,709.0,False,False,False,True,0.9760084085539827,0.004974491455588098,0.004869876825722083
ARDYLPGDPPPAFDY,H1-69,K3-15,True,143,1,1,0.0006579280327951,3.2957942369741973e-06,3.226482972236114e-06,False,False,False,False,True,False,False,False,False,False,False,False,False,-2,-2,False,2.0200000000000005,False,False,False,4.050025558471679,1693.8089,1,0.0006579280327951,3.2957942369741973e-06,125,710,False,710.0,False,False,False,True,0.9760084085539827,0.005009277580401859,0.004903931390816753
ARPLRYTAGSFDY,H3-23_A,K4-1,True,142,1,1,0.0006533271374609,3.2957942369741973e-06,3.226482972236114e-06,False,False,False,False,False,False,False,False,False,False,False,False,False,1,1,False,1.5307692307692309,False,False,False,8.632579040527343,1516.6554,2,0.0006533271374609,3.2957942369741973e-06,356,711,False,711.0,False,False,False,True,0.9760084085539827,0.005044553643135646,0.00493846559033116
ARDRSPPDEPSAFDY,H1-69,K3-15,True,141,1,1,0.0006487262421267,3.2957942369741973e-06,3.226482972236114e-06,False,False,False,False,False,False,False,False,False,True,False,False,False,-2,-2,False,3.9066666666666663,False,False,False,4.226021194458009,1722.7659,2,0.0006487262421267,3.2957942369741973e-06,113,712,False,712.0,False,False,False,True,0.9760084085539827,0.005080330067840606,0.0049734896290964
ARDIYQGNAFDY,H3-23_A,K4-1,True,140,1,1,0.0006441253467924,3.2957942369741973e-06,3.226482972236114e-06,False,False,False,False,False,False,False,False,False,False,False,False,False,-1,-1,False,2.1750000000000003,False,False,False,4.207874679565429,1432.4924999999998,1,0.0006441253467924,3.2957942369741973e-06,97,713,False,713.0,False,False,False,True,0.9760084085539827,0.005116617576393315,0.0050090140035056714
AREGYESLSFDY,H4-34,K4-1,True,140,1,1,0.0006441253467924,3.2957942369741973e-06,3.226482972236114e-06,False,False,False,False,False,False,False,False,False,False,False,False,False,-2,-2,False,2.3666666666666667,False,False,False,4.137435531616211,1436.4779999999998,1,0.0006441253467924,3.2957942369741973e-06,139,714,False,714.0,False,False,False,True,0.9760084085539827,0.005116617576393315,0.0050090140035056714
ARTEESGYSSAYDYFDP,H1-69,K3-15,True,140,1,1,0.0006441253467924,3.2957942369741973e-06,3.226482972236114e-06,False,False,False,False,True,False,False,False,False,True,False,False,False,-3,-3,False,3.623529411764706,False,False,False,4.050025558471679,1957.9553,1,0.0006441253467924,3.2957942369741973e-06,441,715,False,715.0,False,False,False,True,0.9760084085539827,0.005116617576393315,0.0050090140035056714
ARAGAWKGNVFDY,H3-23_A,K4-1,True,139,1,1,0.0006395244514582,3.2957942369741973e-06,3.226482972236114e-06,False,False,False,False,False,False,False,False,False,False,False,False,False,1,1,False,1.5230769230769232,False,False,False,8.63377227783203,1454.5875,1,0.0006395244514582,3.2957942369741973e-06,11,716,False,716.0,False,False,False,True,0.9760084085539827,0.005153427199206344,0.0050450495119995845
AREDEWDALYGFDY,H4-34,K1-39,True,139,1,1,0.0006395244514582,3.2957942369741973e-06,3.226482972236114e-06,False,False,False,False,False,False,False,False,False,True,False,False,False,-4,-4,False,1.9642857142857144,False,False,False,4.050025558471679,1749.7859999999998,1,0.0006395244514582,3.2957942369741973e-06,128,717,False,717.0,False,False,False,True,0.9760084085539827,0.005153427199206344,0.0050450495119995845
ARGSFEGTLDY,H1-69,K4-1,True,139,1,1,0.0006395244514582,3.2957942369741973e-06,3.226482972236114e-06,False,False,False,False,False,False,False,False,False,False,False,False,False,-1,-1,False,2.4454545454545458,False,False,False,4.370375442504883,1215.2687,1,0.0006395244514582,3.2957942369741973e-06,67,718,False,718.0,False,False,False,True,0.9760084085539827,0.005153427199206344,0.0050450495119995845
ARSFYRGNAFDY,H3-23_A,K4-1,True,138,1,1,0.000634923556124,3.2957942369741973e-06,3.226482972236114e-06,False,False,False,False,False,False,False,False,False,False,False,False,False,1,1,False,1.6333333333333335,False,False,False,8.632579040527343,1466.5550999999998,2,0.000634923556124,3.2957942369741973e-06,380,719,False,719.0,False,False,False,True,0.9760084085539827,0.005190770286411735,0.005081607266014453
ARAHRGYGADFDY,H3-23_A,K4-1,True,137,1,1,0.0006303226607897,3.2957942369741973e-06,3.226482972236114e-06,False,False,False,False,False,False,False,False,False,True,False,False,False,0,1,False,2.707692307692308,False,False,False,6.790507125854492,1498.5573,2,0.0006303226607897,3.2957942369741973e-06,30,721,False,721.0,False,False,False,True,0.9760084085539827,0.005228658519527015,0.005118698701402966
ARGSFLEEFDY,H1-69,K1-39,True,137,1,1,0.0006303226607897,3.2957942369741973e-06,3.226482972236114e-06,False,False,False,False,False,False,False,False,False,True,False,False,False,-2,-2,False,1.3272727272727274,False,False,False,4.137435531616211,1333.4013,1,0.0006303226607897,3.2957942369741973e-06,199,722,False,722.0,False,False,False,True,0.9760084085539827,0.005228658519527015,0.005118698701402966
ARELQWRGPPGTFDY,H4-34,K4-1,True,136,1,1,0.0006257217654555,3.2957942369741973e-06,3.226482972236114e-06,False,False,False,False,False,False,False,False,False,False,False,False,False,0,0,False,1.6533333333333335,False,False,False,6.114178848266601,1792.9465999999998,2,0.0006257217654555,3.2957942369741973e-06,148,723,False,723.0,False,False,False,True,0.9760084085539827,0.005267103923635763,0.0051563355903585986
ARSGSTRIGNAFDY,H3-23_A,K4-1,True,136,1,1,0.0006257217654555,3.2957942369741973e-06,3.226482972236114e-06,False,False,False,False,False,False,False,False,False,False,False,False,False,1,1,False,2.8642857142857143,False,False,False,8.79022674560547,1514.5982,2,0.0006257217654555,3.2957942369741973e-06,385,724,False,724.0,False,False,False,True,0.9760084085539827,0.005267103923635763,0.0051563355903585986
ARAGLWGEEFDY,H4-34,K4-1,True,135,1,1,0.0006211208701213,3.2957942369741973e-06,3.226482972236114e-06,False,False,False,False,False,False,False,False,False,True,False,False,False,-2,-2,False,1.2583333333333335,False,False,False,4.137435531616211,1413.4893,1,0.0006211208701213,3.2957942369741973e-06,16,725,False,725.0,False,False,False,False,0.9760084085539827,0.005306118880117108,0.005194530053877402
ARGTRWATWAYFDY,H1-69,K3-15,True,135,1,1,0.0006211208701213,3.2957942369741973e-06,3.226482972236114e-06,False,False,False,False,False,False,False,False,False,False,False,False,False,1,1,False,0.5571428571428573,False,False,False,8.632579040527343,1763.9069,2,0.0006211208701213,3.2957942369741973e-06,260,726,False,726.0,False,False,False,True,0.9760084085539827,0.005306118880117108,0.005194530053877402
ARGWFPESFDY,H1-69,K1-39,True,134,1,1,0.000616519974787,3.2957942369741973e-06,3.226482972236114e-06,False,False,False,False,False,False,False,False,False,False,False,False,False,-1,-1,False,0.7363636363636364,False,False,False,4.370375442504883,1374.4548,1,0.000616519974787,3.2957942369741973e-06,268,727,False,727.0,False,False,False,True,0.9760084085539827,0.005345716139937616,0.005233294574770359
ARGYFPEAFDY,H1-69,K1-39,True,132,1,1,0.0006073181841186,3.2957942369741973e-06,3.226482972236114e-06,False,False,False,False,False,False,False,False,False,False,False,False,False,-1,-1,False,1.072727272727273,False,False,False,4.370375442504883,1335.4187,1,0.0006073181841186,3.2957942369741973e-06,268,728,False,728.0,False,False,False,True,0.9760084085539827,0.0054267105053872975,0.005312585611218796
ARSKAGSNAFDY,H3-23_A,K4-1,True,132,1,1,0.0006073181841186,3.2957942369741973e-06,3.226482972236114e-06,False,False,False,False,False,False,False,False,False,False,False,False,False,1,1,False,3.4000000000000004,False,False,False,8.63377227783203,1286.3499,1,0.0006073181841186,3.2957942369741973e-06,398,729,False,729.0,False,False,False,True,0.9760084085539827,0.0054267105053872975,0.005312585611218796
ARSLLGSNAFDY,H3-23_A,K4-1,True,132,1,1,0.0006073181841186,3.2957942369741973e-06,3.226482972236114e-06,False,False,False,False,False,False,False,False,False,False,False,False,False,0,0,False,1.216666666666667,False,False,False,5.880318832397459,1313.4149,1,0.0006073181841186,3.2957942369741973e-06,406,730,False,730.0,False,False,False,True,0.9760084085539827,0.0054267105053872975,0.005312585611218796
ARSRGYGSNVFDY,H3-23_A,K4-1,True,132,1,1,0.0006073181841186,3.2957942369741973e-06,3.226482972236114e-06,False,False,False,False,False,False,False,False,False,False,False,False,False,1,1,False,2.707692307692308,False,False,False,8.632579040527343,1491.563,2,0.0006073181841186,3.2957942369741973e-06,415,731,False,731.0,False,False,False,True,0.9760084085539827,0.0054267105053872975,0.005312585611218796
ARAKYRTNAFDY,H3-23_A,K4-1,True,131,1,1,0.0006027172887843,3.2957942369741973e-06,3.226482972236114e-06,False,False,False,False,False,False,False,False,False,False,False,False,False,2,2,False,2.466666666666667,False,False,False,9.69757843017578,1475.6068,2,0.0006027172887843,3.2957942369741973e-06,44,732,False,732.0,False,False,False,True,0.9760084085539827,0.005468135089124319,0.005353139027011578
ARARLGTNAFDY,H3-23_A,K4-1,True,128,1,1,0.0005889146027817,3.2957942369741973e-06,3.226482972236114e-06,False,False,False,False,False,False,False,False,False,False,False,False,False,1,1,False,1.8583333333333336,False,False,False,8.79022674560547,1354.4702,2,0.0005889146027817,3.2957942369741973e-06,59,733,False,733.0,False,False,False,True,0.9760084085539827,0.005596292329114781,0.005478601092561405
ARGYQFGEDFDY,H4-34,K1-39,True,128,1,1,0.0005889146027817,3.2957942369741973e-06,3.226482972236114e-06,False,False,False,False,False,False,False,False,False,True,False,False,False,-2,-2,False,2.441666666666667,False,False,False,4.050025558471679,1467.4934999999998,1,0.0005889146027817,3.2957942369741973e-06,272,734,False,734.0,False,False,False,True,0.9760084085539827,0.005596292329114781,0.005478601092561405
ARSPGYGRGNLFDY,H3-23_A,K4-1,True,126,1,1,0.0005797128121132,3.2957942369741973e-06,3.226482972236114e-06,False,False,False,False,False,False,False,False,False,False,False,False,False,1,1,False,2.2142857142857144,False,False,False,8.632579040527343,1572.6788,2,0.0005797128121132,3.2957942369741973e-06,410,735,False,735.0,False,False,False,True,0.9760084085539827,0.005685120833800554,0.005565561514605522
ARAHSYTAGAFDY,H3-23_A,K4-1,True,125,1,1,0.000575111916779,3.2957942369741973e-06,3.226482972236114e-06,False,False,False,False,False,False,False,False,False,False,False,False,False,0,1,False,2.2384615384615385,False,False,False,6.787184524536133,1429.492,1,0.000575111916779,3.2957942369741973e-06,32,736,False,736.0,False,False,False,True,0.9760084085539827,0.005730601009664982,0.00561008523254721
ARGVYTTEPFDY,H3-23_A,K3-15,True,125,1,1,0.000575111916779,3.2957942369741973e-06,3.226482972236114e-06,False,False,False,False,False,False,False,False,False,False,False,False,False,-1,-1,False,2.1333333333333333,False,False,False,4.370375442504883,1418.5058,1,0.000575111916779,3.2957942369741973e-06,267,737,False,737.0,False,False,False,True,0.9760084085539827,0.005730601009664982,0.00561008523254721
ARGRGVLYSWGYFDI,H1-69,K3-15,True,123,1,1,0.0005659101261105,3.2957942369741973e-06,3.226482972236114e-06,False,False,False,False,False,False,False,False,False,False,False,False,False,1,1,False,0.0133333333333334,False,False,False,8.632579040527343,1759.9595,2,0.0005659101261105,3.2957942369741973e-06,250,738,False,738.0,False,False,False,True,0.9760084085539827,0.005823779867356528,0.005701304518733656
ARPAYRTAGAFDY,H3-23_A,K4-1,True,121,1,1,0.000556708335442,3.2957942369741973e-06,3.226482972236114e-06,False,False,False,False,False,False,False,False,False,False,False,False,False,1,1,False,2.0615384615384618,False,False,False,8.632579040527343,1458.5763,2,0.000556708335442,3.2957942369741973e-06,337,739,False,739.0,False,False,False,True,0.9760084085539827,0.005920038962534869,0.0057955392643471776
ARSIPYGNAFDY,H3-23_A,K4-1,True,121,1,1,0.000556708335442,3.2957942369741973e-06,3.226482972236114e-06,False,False,False,False,False,False,False,False,False,False,False,False,False,0,0,False,1.5583333333333336,False,False,False,5.87944984436035,1373.4684,1,0.000556708335442,3.2957942369741973e-06,395,740,False,740.0,False,False,False,True,0.9760084085539827,0.005920038962534869,0.0057955392643471776
ARDYRGWGEFDY,H4-34,K3-20,True,120,1,1,0.0005521074401078,3.2957942369741973e-06,3.226482972236114e-06,False,False,False,False,False,False,False,False,False,True,False,False,False,-1,-1,False,2.225,False,False,False,4.558281326293945,1534.5861,2,0.0005521074401078,3.2957942369741973e-06,101,741,False,741.0,False,False,False,True,0.9760084085539827,0.0059693717270200685,0.005843834550138732
ARAGPFGEEFDY,H3-7_A,K1-39,True,119,1,1,0.0005475065447736,3.2957942369741973e-06,3.226482972236114e-06,False,False,False,False,False,False,False,False,False,True,False,False,False,-2,-2,False,2.266666666666667,False,False,False,4.137435531616211,1358.4108,1,0.0005475065447736,3.2957942369741973e-06,17,742,False,742.0,False,False,False,True,0.9760084085539827,0.006019533598454124,0.005892941506580911
ARESYEGLSFDY,H4-34,K4-1,True,117,1,1,0.0005383047541051,3.2957942369741973e-06,3.226482972236114e-06,False,False,False,False,False,False,False,False,False,False,False,False,False,-2,-2,False,2.3666666666666667,False,False,False,4.137435531616211,1436.4779999999998,1,0.0005383047541051,3.2957942369741973e-06,154,743,False,743.0,False,False,False,True,0.9760084085539827,0.006122429697200404,0.005993673678143658
ARGLLQYFADEFDY,H1-69,K1-39,True,117,1,1,0.0005383047541051,3.2957942369741973e-06,3.226482972236114e-06,False,False,False,False,False,False,False,False,False,True,False,False,False,-2,-2,False,0.5214285714285717,False,False,False,4.050025558471679,1707.8353,1,0.0005383047541051,3.2957942369741973e-06,237,744,False,744.0,False,False,False,True,0.9760084085539827,0.006122429697200404,0.005993673678143658
ARQLYGSNAFDY,H3-23_A,K4-1,True,117,1,1,0.0005383047541051,3.2957942369741973e-06,3.226482972236114e-06,False,False,False,False,False,False,False,False,False,False,False,False,False,0,0,False,1.7833333333333334,False,False,False,5.87944984436035,1404.4824,1,0.0005383047541051,3.2957942369741973e-06,371,745,False,745.0,False,False,False,True,0.9760084085539827,0.006122429697200404,0.005993673678143658
ARGDIIESGDEFDY,H1-69,K1-39,True,116,1,1,0.0005337038587709,3.2957942369741973e-06,3.226482972236114e-06,False,False,False,False,False,False,False,False,False,True,False,False,False,-4,-4,False,3.0500000000000003,False,False,False,4.050025558471679,1586.6111999999998,1,0.0005337038587709,3.2957942369741973e-06,209,746,False,746.0,False,False,False,True,0.9760084085539827,0.006175208274643918,0.006045342310702674
ARHLGLGDYPWYFDY,H1-69,K4-1,True,116,1,1,0.0005337038587709,3.2957942369741973e-06,3.226482972236114e-06,False,False,False,True,False,False,False,False,False,False,False,False,False,-1,0,False,-0.0933333333333331,False,False,False,5.212322616577147,1873.0293,1,0.0005337038587709,3.2957942369741973e-06,147,747,False,747.0,False,False,False,True,0.9760084085539827,0.006175208274643918,0.006045342310702674
ARIATDWTYGTGYFDY,H1-69,K1-39,True,116,1,1,0.0005337038587709,3.2957942369741973e-06,3.226482972236114e-06,False,False,False,False,False,False,False,False,False,False,False,False,False,-1,-1,False,1.4062500000000002,False,False,False,4.207874679565429,1900.0068,1,0.0005337038587709,3.2957942369741973e-06,306,748,False,748.0,False,False,False,True,0.9760084085539827,0.006175208274643918,0.006045342310702674
ARINRLEEGWGPFDY,H1-69,K3-20,True,116,1,1,0.0005337038587709,3.2957942369741973e-06,3.226482972236114e-06,False,False,False,False,False,False,False,False,False,True,False,False,False,-1,-1,False,1.22,False,False,False,4.6793262481689455,1822.9725,2,0.0005337038587709,3.2957942369741973e-06,310,749,False,749.0,False,False,False,True,0.9760084085539827,0.006175208274643918,0.006045342310702674
ARSKSGTNAFDY,H3-23_A,K4-1,True,116,1,1,0.0005337038587709,3.2957942369741973e-06,3.226482972236114e-06,False,False,False,False,False,False,False,False,False,False,False,False,False,1,1,False,3.658333333333333,False,False,False,8.63377227783203,1316.3759,1,0.0005337038587709,3.2957942369741973e-06,401,750,False,750.0,False,False,False,True,0.9760084085539827,0.006175208274643918,0.006045342310702674
ARSGYRVAGAFDY,H3-23_A,K4-1,True,115,1,1,0.0005291029634366,3.2957942369741973e-06,3.226482972236114e-06,False,False,False,False,False,False,False,False,False,False,False,False,False,1,1,False,1.9923076923076928,False,False,False,8.632579040527343,1432.5388999999998,2,0.0005291029634366,3.2957942369741973e-06,390,751,False,751.0,False,False,False,True,0.9760084085539827,0.006228904723044287,0.006097909511194052
ARHRTSDWLAAGAFDI,H3-23_A,K4-1,True,114,1,1,0.0005245020681024,3.2957942369741973e-06,3.226482972236114e-06,False,False,False,False,False,False,False,False,False,False,False,False,False,0,1,False,1.24375,False,False,False,6.792705154418946,1786.9438,2,0.0005245020681024,3.2957942369741973e-06,300,752,False,752.0,False,False,False,True,0.9760084085539827,0.006283543196437498,0.0061513989256891805
ARQLRGTNAFDY,H3-23_A,K4-1,True,114,1,1,0.0005245020681024,3.2957942369741973e-06,3.226482972236114e-06,False,False,False,False,False,False,False,False,False,False,False,False,False,1,1,False,2.1833333333333336,False,False,False,8.79022674560547,1411.5214999999998,2,0.0005245020681024,3.2957942369741973e-06,355,753,False,753.0,False,False,False,True,0.9760084085539827,0.006283543196437498,0.0061513989256891805
ARSSGTYKGNVFDY,H3-23_A,K4-1,True,114,1,1,0.0005245020681024,3.2957942369741973e-06,3.226482972236114e-06,False,False,False,False,False,False,False,False,False,False,False,False,False,1,1,False,2.992857142857143,False,False,False,8.54006805419922,1564.6535,1,0.0005245020681024,3.2957942369741973e-06,427,754,False,754.0,False,False,False,True,0.9760084085539827,0.006283543196437498,0.0061513989256891805
ARFLVDRGSSDPFDI,H3-23_A,K4-1,True,113,1,1,0.0005199011727682,3.2957942369741973e-06,3.226482972236114e-06,False,False,False,False,True,False,False,False,False,False,False,False,False,-1,-1,False,1.466666666666667,False,False,False,4.429057693481445,1694.8417,2,0.0005199011727682,3.2957942369741973e-06,181,755,False,755.0,False,False,False,True,0.9760084085539827,0.006339148703856786,0.006205835037275927
ARGRGEVYDWANFDI,H1-69,K3-15,True,113,1,1,0.0005199011727682,3.2957942369741973e-06,3.226482972236114e-06,False,False,False,False,False,False,False,False,False,False,False,False,False,-1,-1,False,1.7333333333333334,False,False,False,4.558281326293945,1768.882,2,0.0005199011727682,3.2957942369741973e-06,200,756,False,756.0,False,False,False,True,0.9760084085539827,0.006339148703856786,0.006205835037275927
ARSSTSADRGNVFDY,H3-23_A,K4-1,True,113,1,1,0.0005199011727682,3.2957942369741973e-06,3.226482972236114e-06,False,False,False,False,False,False,False,False,False,False,False,False,False,0,0,False,3.68,False,False,False,6.004890823364257,1645.685,2,0.0005199011727682,3.2957942369741973e-06,430,757,False,757.0,False,False,False,True,0.9760084085539827,0.006339148703856786,0.006205835037275927
ARSVLEDEFDY,H1-69,K1-39,True,112,1,1,0.0005153002774339,3.2957942369741973e-06,3.226482972236114e-06,False,False,False,False,False,False,False,False,False,True,False,False,False,-3,-3,False,2.2181818181818183,False,False,False,4.050025558471679,1343.3946,1,0.0005153002774339,3.2957942369741973e-06,433,758,False,758.0,False,False,False,True,0.9760084085539827,0.0063957471474978605,0.006261243203421228
ARPEWKAESWDAFDP,H3-23_A,K1-39,True,111,1,1,0.0005106993820997,3.2957942369741973e-06,3.226482972236114e-06,False,False,False,False,True,False,False,False,False,False,False,False,False,-2,-2,False,2.22,False,False,False,4.316753768920899,1804.9111000000005,1,0.0005106993820997,3.2957942369741973e-06,341,759,False,759.0,False,False,False,True,0.9760084085539827,0.00645336536294686,0.006317649695353049
AREHTYAAPPGTFDY,H4-34,K4-1,True,110,1,1,0.0005060984867655,3.2957942369741973e-06,3.226482972236114e-06,False,False,False,False,False,False,False,False,False,False,False,False,False,-1,0,False,2.5133333333333336,False,False,False,5.322224044799805,1695.7851,1,0.0005060984867655,3.2957942369741973e-06,145,760,False,760.0,False,False,False,True,0.9760084085539827,0.006512031161613909,0.006375081739601553
ARSAWGANYFDY,H3-23_A,K4-1,True,110,1,1,0.0005060984867655,3.2957942369741973e-06,3.226482972236114e-06,False,False,False,False,False,False,False,False,False,False,False,False,False,0,0,False,1.3916666666666668,False,False,False,5.87944984436035,1420.4833999999998,1,0.0005060984867655,3.2957942369741973e-06,376,761,False,761.0,False,False,False,True,0.9760084085539827,0.006512031161613909,0.006375081739601553
ARALVSVGYVFDY,H1-69,K3-20,True,109,1,1,0.0005014975914312,3.2957942369741973e-06,3.226482972236114e-06,False,False,False,False,False,False,False,False,False,False,False,False,False,0,0,False,-0.2076923076923075,False,False,False,5.87944984436035,1459.6436,1,0.0005014975914312,3.2957942369741973e-06,50,762,False,762.0,False,False,False,True,0.9760084085539827,0.006571773375491037,0.006433567561815748
ARWDERVYSSGYGFDP,H3-23_A,K3-20,True,109,1,1,0.0005014975914312,3.2957942369741973e-06,3.226482972236114e-06,False,False,False,False,True,False,False,False,False,True,False,False,False,-1,-1,False,2.38125,False,False,False,4.558281326293945,1904.9869,2,0.0005014975914312,3.2957942369741973e-06,481,763,False,763.0,False,False,False,True,0.9760084085539827,0.006571773375491037,0.006433567561815748
ARPGPRYNNAFDY,H3-23_A,K4-1,True,108,1,1,0.000496896696097,3.2957942369741973e-06,3.226482972236114e-06,False,False,True,False,False,False,False,False,False,False,False,False,False,1,1,False,2.576923076923077,False,False,False,8.632579040527343,1540.637,2,0.000496896696097,3.2957942369741973e-06,346,764,False,764.0,False,False,False,True,0.9760084085539827,0.00663262190439638,0.006493136433014136
ARSLFGEDLDY,H3-7_A,K1-39,True,108,1,1,0.000496896696097,3.2957942369741973e-06,3.226482972236114e-06,False,False,False,False,False,False,False,False,False,True,False,False,False,-2,-2,False,1.5272727272727276,False,False,False,4.050025558471679,1285.3585,1,0.000496896696097,3.2957942369741973e-06,403,765,False,765.0,False,False,False,True,0.9760084085539827,0.00663262190439638,0.006493136433014136
AREGYDELTFDY,H4-34,K4-1,True,106,1,1,0.0004876949054285,3.2957942369741973e-06,3.226482972236114e-06,False,False,False,False,False,False,False,False,False,True,False,False,False,-3,-3,False,2.5500000000000003,False,False,False,4.050025558471679,1478.5147,1,0.0004876949054285,3.2957942369741973e-06,139,766,False,766.0,False,False,False,False,0.9760084085539827,0.00675776314793983,0.006615645929173727
ARSIRSGNAFDY,H3-23_A,K4-1,True,106,1,1,0.0004876949054285,3.2957942369741973e-06,3.226482972236114e-06,False,False,False,False,False,False,False,False,False,False,False,False,False,1,1,False,2.4333333333333336,False,False,False,8.79022674560547,1356.443,2,0.0004876949054285,3.2957942369741973e-06,396,767,False,767.0,False,False,False,False,0.9760084085539827,0.00675776314793983,0.006615645929173727
ARSRYGLNAFDY,H3-23_A,K4-1,True,106,1,1,0.0004876949054285,3.2957942369741973e-06,3.226482972236114e-06,False,False,False,False,False,False,False,False,False,False,False,False,False,1,1,False,1.6333333333333335,False,False,False,8.632579040527343,1432.5389,2,0.0004876949054285,3.2957942369741973e-06,360,768,False,768.0,False,False,False,False,0.9760084085539827,0.00675776314793983,0.006615645929173727
ARSRVQSNAFDY,H3-23_A,K4-1,True,105,1,1,0.0004830940100943,3.2957942369741973e-06,3.226482972236114e-06,False,False,False,False,False,False,False,False,False,False,False,False,False,1,1,False,2.816666666666667,False,False,False,8.79022674560547,1413.4942999999998,2,0.0004830940100943,3.2957942369741973e-06,422,769,False,769.0,False,False,False,False,0.9760084085539827,0.00682212146475636,0.006678650776685371
ARAGSFTKGNAFDY,H3-23_A,K4-1,True,104,1,1,0.0004784931147601,3.2957942369741973e-06,3.226482972236114e-06,False,False,False,False,False,False,False,False,False,False,False,False,False,1,1,False,2.571428571428572,False,False,False,8.63377227783203,1504.6016,1,0.0004784931147601,3.2957942369741973e-06,24,770,False,770.0,False,False,False,False,0.9760084085539827,0.006887717415646418,0.00674286723055863
ARGLKGSNAFDY,H3-23_A,K4-1,True,104,1,1,0.0004784931147601,3.2957942369741973e-06,3.226482972236114e-06,False,False,False,False,False,False,False,False,False,False,False,False,False,1,1,False,2.391666666666667,False,False,False,8.63377227783203,1298.4036,1,0.0004784931147601,3.2957942369741973e-06,235,771,False,771.0,False,False,False,False,0.9760084085539827,0.006887717415646418,0.00674286723055863
ARVFGYIEKGPAFDI,H3-23_A,K4-1,True,103,1,1,0.0004738922194259,3.2957942369741973e-06,3.226482972236114e-06,False,False,False,False,False,False,False,False,False,False,False,False,False,0,0,False,0.3600000000000001,False,False,False,6.113258743286132,1682.9153,1,0.0004738922194259,3.2957942369741973e-06,458,772,False,772.0,False,False,False,False,0.9760084085539827,0.006954587047443723,0.006808330579554526
ARAKHYTAGAFDY,H3-23_A,K4-1,True,102,1,1,0.0004692913240916,3.2957942369741973e-06,3.226482972236114e-06,False,False,False,False,False,False,False,False,False,False,False,False,False,1,2,False,2.176923076923077,False,False,False,8.546315002441407,1470.587,1,0.0004692913240916,3.2957942369741973e-06,6,773,False,773.0,False,False,False,False,0.9760084085539827,0.007022767820554693,0.006875077496279036
AREGYDALGAFDY,H4-34,K4-1,True,102,1,1,0.0004692913240916,3.2957942369741973e-06,3.226482972236114e-06,False,False,False,False,False,False,False,False,False,False,False,False,False,-2,-2,False,2.115384615384616,False,False,False,4.050025558471679,1447.5039,1,0.0004692913240916,3.2957942369741973e-06,138,774,False,774.0,False,False,False,False,0.9760084085539827,0.007022767820554693,0.006875077496279036
ARSRIYTNAFDY,H3-23_A,K4-1,True,102,1,1,0.0004692913240916,3.2957942369741973e-06,3.226482972236114e-06,False,False,False,False,False,False,False,False,False,False,False,False,False,1,1,False,1.6916666666666669,False,False,False,8.632579040527343,1476.5915,2,0.0004692913240916,3.2957942369741973e-06,420,775,False,775.0,False,False,False,False,0.9760084085539827,0.007022767820554693,0.006875077496279036
ARTFLADPSVDPFDI,H3-23_A,K3-20,True,102,1,1,0.0004692913240916,3.2957942369741973e-06,3.226482972236114e-06,False,False,False,False,True,False,False,False,False,False,False,False,False,-2,-2,False,1.0000000000000002,False,False,False,4.050025558471679,1663.8244,1,0.0004692913240916,3.2957942369741973e-06,443,776,False,776.0,False,False,False,False,0.9760084085539827,0.007022767820554693,0.006875077496279036
AREEVWSSGAGFDY,H4-34,K1-39,True,100,1,1,0.0004600895334232,3.2957942369741973e-06,3.226482972236114e-06,False,False,False,False,False,False,False,False,False,True,False,False,False,-2,-2,False,2.4,False,False,False,4.137435531616211,1573.6173,1,0.0004600895334232,3.2957942369741973e-06,135,777,False,777.0,False,False,False,False,0.9760084085539827,0.007163220124248034,0.007012576057686178
ARIFSPAHANAFDY,H3-23_A,K4-1,True,100,1,1,0.0004600895334232,3.2957942369741973e-06,3.226482972236114e-06,False,False,False,False,False,False,False,False,False,False,False,False,False,0,1,False,0.8571428571428573,False,False,False,6.788309097290039,1579.7127999999998,1,0.0004600895334232,3.2957942369741973e-06,307,778,False,778.0,False,False,False,False,0.9760084085539827,0.007163220124248034,0.007012576057686178
ARFIAEYGTGNDFDP,H3-23_A,K3-15,True,98,1,1,0.0004508877427547,3.2957942369741973e-06,3.226482972236114e-06,False,False,False,False,True,False,False,False,False,True,False,False,False,-2,-2,False,2.24,False,False,False,4.050025558471679,1672.7482999999995,1,0.0004508877427547,3.2957942369741973e-06,174,779,False,779.0,False,False,False,False,0.9760084085539827,0.007309405047891744,0.007155686680807812
ARVAYRSGTAYLDFDI,H1-69,K3-20,True,98,1,1,0.0004508877427547,3.2957942369741973e-06,3.226482972236114e-06,False,False,False,False,False,False,False,False,False,True,False,False,False,0,0,False,1.1375000000000002,False,False,False,6.004021835327148,1817.9941,2,0.0004508877427547,3.2957942369741973e-06,455,780,False,780.0,False,False,False,False,0.9760084085539827,0.007309405047891744,0.007155686680807812
ARARHSTAGAFDY,H3-23_A,K4-1,True,97,1,1,0.0004462868474205,3.2957942369741973e-06,3.226482972236114e-06,False,False,False,False,False,False,False,False,False,False,False,False,False,1,2,False,2.707692307692308,False,False,False,8.796192932128907,1422.5044999999998,2,0.0004462868474205,3.2957942369741973e-06,32,781,False,781.0,False,False,False,False,0.9760084085539827,0.007384758050663322,0.0072294549936538725
ARGVLEYWADEFDY,H1-69,K1-39,True,97,1,1,0.0004462868474205,3.2957942369741973e-06,3.226482972236114e-06,False,False,False,False,False,False,False,False,False,True,False,False,False,-3,-3,False,0.9857142857142858,False,False,False,4.050025558471679,1733.8295999999998,1,0.0004462868474205,3.2957942369741973e-06,264,782,False,782.0,False,False,False,False,0.9760084085539827,0.007384758050663322,0.0072294549936538725
ARLDPAGLWYDRWVFDI,H1-69,K3-20,True,97,1,1,0.0004462868474205,3.2957942369741973e-06,3.226482972236114e-06,False,False,False,False,True,False,False,False,False,False,False,False,False,-1,-1,False,-0.6352941176470587,False,False,False,4.429057693481445,2093.3418,2,0.0004462868474205,3.2957942369741973e-06,315,783,False,783.0,False,False,False,False,0.9760084085539827,0.007384758050663322,0.0072294549936538725
ARSRYGSNAFDY,H3-23_A,K4-1,True,97,1,1,0.0004462868474205,3.2957942369741973e-06,3.226482972236114e-06,False,False,False,False,False,False,False,False,False,False,False,False,False,1,1,False,2.941666666666667,False,False,False,8.632579040527343,1406.4586,2,0.0004462868474205,3.2957942369741973e-06,421,784,False,784.0,False,False,False,False,0.9760084085539827,0.007384758050663322,0.0072294549936538725
ARAADVSLGWGYFDY,H1-69,K3-15,True,96,1,1,0.0004416859520862,3.2957942369741973e-06,3.226482972236114e-06,False,False,False,False,False,False,False,False,False,False,False,False,False,-1,-1,False,0.8333333333333335,False,False,False,4.207874679565429,1690.8081000000002,1,0.0004416859520862,3.2957942369741973e-06,2,785,False,785.0,False,False,False,False,0.9760084085539827,0.007461680872119472,0.007304760111558468
ARPRYGSNAFDY,H3-23_A,K4-1,True,96,1,1,0.0004416859520862,3.2957942369741973e-06,3.226482972236114e-06,False,False,False,False,False,False,False,False,False,False,False,False,False,1,1,False,2.575,False,False,False,8.632579040527343,1416.4965,2,0.0004416859520862,3.2957942369741973e-06,360,786,False,786.0,False,False,False,False,0.9760084085539827,0.007461680872119472,0.007304760111558468
ARSHYGANYFDY,H3-23_A,K4-1,True,96,1,1,0.0004416859520862,3.2957942369741973e-06,3.226482972236114e-06,False,False,False,False,False,False,False,False,False,False,False,False,False,0,1,False,2.066666666666667,False,False,False,6.786059951782226,1463.5081,1,0.0004416859520862,3.2957942369741973e-06,393,787,False,787.0,False,False,False,False,0.9760084085539827,0.007461680872119472,0.007304760111558468
ARDPTGEYLSLGFDY,H3-23_A,K1-39,True,95,1,1,0.000437085056752,3.2957942369741973e-06,3.226482972236114e-06,False,False,False,False,True,False,False,False,False,False,False,False,False,-2,-2,False,1.86,False,False,False,4.050025558471679,1703.8021,1,0.000437085056752,3.2957942369741973e-06,108,788,False,788.0,False,False,False,False,0.9760084085539827,0.0075402230843442655,0.007381650564094032
ARPLDVSYGYDAFDY,H1-69,K3-20,True,94,1,1,0.0004324841614178,3.2957942369741973e-06,3.226482972236114e-06,False,False,False,False,False,False,False,False,False,False,False,False,False,-2,-2,False,1.66,False,False,False,4.050025558471679,1751.8448,1,0.0004324841614178,3.2957942369741973e-06,354,789,False,789.0,False,False,False,False,0.9760084085539827,0.0076204363688285245,0.007460176945878472
ARDIARGNAFDY,H3-23_A,K4-1,True,93,1,1,0.0004278832660835,3.2957942369741973e-06,3.226482972236114e-06,False,False,False,False,False,False,False,False,False,False,False,False,False,0,0,False,2.3583333333333334,False,False,False,6.004890823364257,1368.4536999999998,2,0.0004278832660835,3.2957942369741973e-06,95,790,False,790.0,False,False,False,False,0.9760084085539827,0.0077023746298710135,0.0075403920275915045
ARVYDIDWYPIAYAFDP,H3-23_A,K1-39,True,93,1,1,0.0004278832660835,3.2957942369741973e-06,3.226482972236114e-06,False,False,False,False,True,False,False,False,False,True,False,False,False,-2,-2,False,0.0058823529411765,False,False,False,4.050025558471679,2075.2768,1,0.0004278832660835,3.2957942369741973e-06,474,791,False,791.0,False,False,False,False,0.9760084085539827,0.0077023746298710135,0.0075403920275915045
ARGTWLEEFDY,H1-69,K1-39,True,92,1,1,0.0004232823707493,3.2957942369741973e-06,3.226482972236114e-06,False,False,False,False,False,False,False,False,False,True,False,False,False,-2,-2,False,1.1363636363636365,False,False,False,4.137435531616211,1386.464,1,0.0004232823707493,3.2957942369741973e-06,261,792,False,792.0,False,False,False,False,0.9760084085539827,0.007786094115374858,0.007622350874230703
ARPSWSGAAYEPFDP,H3-23_A,K3-20,True,92,1,1,0.0004232823707493,3.2957942369741973e-06,3.226482972236114e-06,False,False,False,False,True,False,False,False,False,False,False,False,False,-1,-1,False,2.146666666666667,False,False,False,4.370375442504883,1650.7444999999998,1,0.0004232823707493,3.2957942369741973e-06,361,793,False,793.0,False,False,False,False,0.9760084085539827,0.007786094115374858,0.007622350874230703
ARSGAFGEDFDY,H3-7_A,K1-39,True,92,1,1,0.0004232823707493,3.2957942369741973e-06,3.226482972236114e-06,False,False,False,False,False,False,False,False,False,True,False,False,False,-2,-2,False,2.816666666666667,False,False,False,4.050025558471679,1334.3463,1,0.0004232823707493,3.2957942369741973e-06,381,794,False,794.0,False,False,False,False,0.9760084085539827,0.007786094115374858,0.007622350874230703
ARLAGHYDYVHGFDY,H3-23_A,K4-1,True,91,1,1,0.0004186814754151,3.2957942369741973e-06,3.226482972236114e-06,False,False,False,False,False,False,False,False,False,False,False,False,False,-1,1,False,1.0800000000000003,False,False,False,5.982092666625976,1783.8948,1,0.0004186814754151,3.2957942369741973e-06,312,796,False,796.0,False,False,False,False,0.9760084085539827,0.00787165354562491,0.007706110971180647
ARSSGVRGGNAFDY,H3-23_A,K4-1,True,91,1,1,0.0004186814754151,3.2957942369741973e-06,3.226482972236114e-06,False,False,False,False,False,False,False,False,False,False,False,False,False,1,1,False,3.207142857142857,False,False,False,8.79022674560547,1456.5189999999998,2,0.0004186814754151,3.2957942369741973e-06,377,797,False,797.0,False,False,False,False,0.9760084085539827,0.00787165354562491,0.007706110971180647
ARGSGPWGYDWDFDY,H1-69,K1-39,True,90,1,1,0.0004140805800808,3.2957942369741973e-06,3.226482972236114e-06,False,False,False,False,False,False,False,False,False,True,False,False,False,-2,-2,False,1.9333333333333331,False,False,False,4.050025558471679,1791.8275,1,0.0004140805800808,3.2957942369741973e-06,253,798,False,798.0,False,False,False,False,0.9760084085539827,0.007959114250633522,0.007791732358670274
ARQKAGLNAFDY,H3-23_A,K4-1,True,89,1,1,0.0004094796847466,3.2957942369741973e-06,3.226482972236114e-06,False,False,False,False,False,False,False,False,False,False,False,False,False,1,1,False,2.0500000000000003,False,False,False,8.63377227783203,1353.4821,1,0.0004094796847466,3.2957942369741973e-06,369,800,False,800.0,False,False,False,False,0.9760084085539827,0.008048540316744969,0.007879277775294201
ARSRGWSGNEFDY,H3-23_A,K4-1,True,87,1,1,0.0004002778940781,3.2957942369741973e-06,3.226482972236114e-06,False,False,False,False,False,False,False,False,False,True,False,False,False,0,0,False,2.9692307692307693,False,False,False,6.114178848266601,1544.5827,2,0.0004002778940781,3.2957942369741973e-06,417,801,False,801.0,False,False,False,False,0.9760084085539827,0.00823355960980213,0.00806040607265179
ARSRTEGDNPGAFDI,H1-69,UNK,True,87,1,1,0.0004002778940781,3.2957942369741973e-06,3.226482972236114e-06,False,False,False,False,False,False,False,False,False,True,False,False,False,-1,-1,False,3.693333333333333,False,False,False,4.558281326293945,1605.6643,2,0.0004002778940781,3.2957942369741973e-06,423,802,False,802.0,False,False,False,False,0.9760084085539827,0.00823355960980213,0.00806040607265179
ARSVYRGNAFDY,H3-23_A,K4-1,True,85,1,1,0.0003910761034097,3.2957942369741973e-06,3.226482972236114e-06,False,False,False,False,False,False,False,False,False,False,False,False,False,1,1,False,2.091666666666667,False,False,False,8.632579040527343,1418.5123,2,0.0003910761034097,3.2957942369741973e-06,380,803,False,803.0,False,False,False,False,0.9760084085539827,0.008427285470487655,0.008250057836639789
ARSGTAGNRFDY,H3-23_A,K4-1,True,84,1,1,0.0003864752080754,3.2957942369741973e-06,3.226482972236114e-06,False,False,False,False,False,False,False,False,False,False,False,False,False,1,1,False,3.466666666666667,False,False,False,8.79022674560547,1314.3633,2,0.0003864752080754,3.2957942369741973e-06,387,804,False,804.0,False,False,False,False,0.9760084085539827,0.008527607701692986,0.00834827026965196
ARVHQAGDASAYFDY,H1-69,K3-20,True,84,1,1,0.0003864752080754,3.2957942369741973e-06,3.226482972236114e-06,False,False,False,False,False,False,False,False,False,False,False,False,False,-1,0,False,2.4133333333333336,False,False,False,5.212373733520507,1670.7357000000002,1,0.0003864752080754,3.2957942369741973e-06,459,805,False,805.0,False,False,False,False,0.9760084085539827,0.008527607701692986,0.00834827026965196
ARPKYGTAGAFDY,H3-23_A,K4-1,True,83,1,1,0.0003818743127412,3.2957942369741973e-06,3.226482972236114e-06,False,False,False,False,False,False,False,False,False,False,False,False,False,1,1,False,2.453846153846154,False,False,False,8.54006805419922,1416.5363,1,0.0003818743127412,3.2957942369741973e-06,353,806,False,806.0,False,False,False,False,0.9760084085539827,0.008630347272755693,0.008448849205342132
ARSPLGSNPFDY,H3-23_A,K4-1,True,83,1,1,0.0003818743127412,3.2957942369741973e-06,3.226482972236114e-06,False,False,False,False,False,False,False,False,False,False,False,False,False,0,0,False,2.1583333333333337,False,False,False,5.880318832397459,1323.4098,1,0.0003818743127412,3.2957942369741973e-06,411,807,False,807.0,False,False,False,False,0.9760084085539827,0.008630347272755693,0.008448849205342132
ARARSYTAGAFDY,H3-23_A,K4-1,True,82,1,1,0.000377273417407,3.2957942369741973e-06,3.226482972236114e-06,False,False,False,False,False,False,False,False,False,False,False,False,False,1,1,False,2.4000000000000004,False,False,False,8.632579040527343,1448.5384,2,0.000377273417407,3.2957942369741973e-06,32,808,False,808.0,False,False,False,False,0.9760084085539827,0.008735592620596975,0.008551881220783946
ARNYARTGYGNAFDY,H3-23_A,K4-1,True,82,1,1,0.000377273417407,3.2957942369741973e-06,3.226482972236114e-06,False,False,False,False,False,False,False,False,False,False,False,False,False,1,1,False,2.693333333333334,False,False,False,8.539295959472657,1738.8129,2,0.000377273417407,3.2957942369741973e-06,333,809,False,809.0,False,False,False,False,0.9760084085539827,0.008735592620596975,0.008551881220783946
ARWNAAPIGEPFDY,H3-23_A,K1-39,True,82,1,1,0.000377273417407,3.2957942369741973e-06,3.226482972236114e-06,False,False,False,False,False,False,False,False,False,False,False,False,False,-1,-1,False,1.15,False,False,False,4.370375442504883,1606.7349,1,0.000377273417407,3.2957942369741973e-06,488,810,False,810.0,False,False,False,False,0.9760084085539827,0.008735592620596975,0.008551881220783946
ARSGLWGEEFDY,H4-34,K1-39,True,81,1,1,0.0003726725220727,3.2957942369741973e-06,3.226482972236114e-06,False,False,False,False,False,False,False,False,False,True,False,False,False,-2,-2,False,1.625,False,False,False,4.137435531616211,1429.4887,1,0.0003726725220727,3.2957942369741973e-06,16,812,False,812.0,False,False,False,False,0.9760084085539827,0.008843436549276329,0.008657457168347479
ARLLEPESERYFDY,H1-69,K3-15,True,80,1,1,0.0003680716267385,3.2957942369741973e-06,3.226482972236114e-06,False,False,False,False,False,False,False,False,False,True,False,False,False,-2,-2,False,1.5071428571428571,False,False,False,4.407384109497071,1787.9218999999998,2,0.0003680716267385,3.2957942369741973e-06,322,814,False,814.0,False,False,False,False,0.9760084085539827,0.008953976502922983,0.008765672442890874
ARLVQSYGDYPGAFDY,H1-69,K3-15,True,80,1,1,0.0003680716267385,3.2957942369741973e-06,3.226482972236114e-06,False,False,False,False,False,False,False,False,False,False,False,False,False,-1,-1,False,1.6625,False,False,False,4.207874679565429,1821.9379,1,0.0003680716267385,3.2957942369741973e-06,329,815,False,815.0,False,False,False,False,0.9760084085539827,0.008953976502922983,0.008765672442890874
ARVAVWAAWSPFDY,H1-69,K3-15,True,80,1,1,0.0003680716267385,3.2957942369741973e-06,3.226482972236114e-06,False,False,False,False,False,False,False,False,False,False,False,False,False,0,0,False,-0.5214285714285714,False,False,False,5.880318832397459,1638.8212999999998,1,0.0003680716267385,3.2957942369741973e-06,454,816,False,816.0,False,False,False,False,0.9760084085539827,0.008953976502922983,0.008765672442890874
ARAAGRIAGNVFDY,H3-23_A,K4-1,True,79,1,1,0.0003634707314043,3.2957942369741973e-06,3.226482972236114e-06,False,False,False,False,False,False,False,False,False,False,False,False,False,1,1,False,1.6,False,False,False,8.79022674560547,1480.6265,2,0.0003634707314043,3.2957942369741973e-06,5,817,False,817.0,False,False,False,False,0.9760084085539827,0.009067314859417629,0.008876627269265873
ARGSIQSSFESDFDY,H1-69,K1-39,True,79,1,1,0.0003634707314043,3.2957942369741973e-06,3.226482972236114e-06,False,False,False,False,False,False,False,False,False,True,False,False,False,-2,-2,False,2.9,False,False,False,4.050025558471679,1708.7358,1,0.0003634707314043,3.2957942369741973e-06,254,818,False,818.0,False,False,False,False,0.9760084085539827,0.009067314859417629,0.008876627269265873
ARPTYRTAGAFDY,H3-23_A,K4-1,True,79,1,1,0.0003634707314043,3.2957942369741973e-06,3.226482972236114e-06,False,False,False,False,False,False,False,False,False,False,False,False,False,1,1,False,2.3000000000000003,False,False,False,8.632579040527343,1488.6023,2,0.0003634707314043,3.2957942369741973e-06,337,819,False,819.0,False,False,False,False,0.9760084085539827,0.009067314859417629,0.008876627269265873
ARPAIGTAGAFDY,H3-23_A,K4-1,True,78,1,1,0.00035886983607,3.2957942369741973e-06,3.226482972236114e-06,False,False,False,False,False,False,False,False,False,False,False,False,False,0,0,False,1.7076923076923078,False,False,False,5.880318832397459,1309.4263,1,0.00035886983607,3.2957942369741973e-06,334,820,False,820.0,False,False,False,False,0.9760084085539827,0.009183559246642511,0.008990427011917114
ARAISVIGYVFDY,H1-69,K3-20,True,77,1,1,0.0003542689407358,3.2957942369741973e-06,3.226482972236114e-06,False,False,False,False,False,False,False,False,False,False,False,False,False,0,0,False,-0.446153846153846,False,False,False,5.87944984436035,1473.6701999999998,1,0.0003542689407358,3.2957942369741973e-06,35,821,False,821.0,False,False,False,False,0.9760084085539827,0.009302822883373143,0.009107182508604799
ARAWSYGDAGAAFDI,H1-69,K3-15,True,77,1,1,0.0003542689407358,3.2957942369741973e-06,3.226482972236114e-06,False,False,False,False,False,False,False,False,False,False,False,False,False,-1,-1,False,1.5666666666666669,False,False,False,4.207874679565429,1570.6597000000002,1,0.0003542689407358,3.2957942369741973e-06,76,822,False,822.0,False,False,False,False,0.9760084085539827,0.009302822883373143,0.009107182508604799
ARFEDLEDPPFDY,H1-69,K3-20,True,77,1,1,0.0003542689407358,3.2957942369741973e-06,3.226482972236114e-06,False,False,False,False,True,False,False,False,False,True,False,False,False,-4,-4,False,2.0461538461538464,False,False,False,4.050025558471679,1613.6779,1,0.0003542689407358,3.2957942369741973e-06,165,823,False,823.0,False,False,False,False,0.9760084085539827,0.009302822883373143,0.009107182508604799
ARLWVDWGSGAGAFDP,H1-69,K1-39,True,77,1,1,0.0003542689407358,3.2957942369741973e-06,3.226482972236114e-06,False,False,False,False,True,False,False,False,False,False,False,False,False,-1,-1,False,0.8812500000000001,False,False,False,4.207874679565429,1704.8381,1,0.0003542689407358,3.2957942369741973e-06,330,824,False,824.0,False,False,False,False,0.9760084085539827,0.009302822883373143,0.009107182508604799
ARSRTGGNAFDY,H3-23_A,K4-1,True,77,1,1,0.0003542689407358,3.2957942369741973e-06,3.226482972236114e-06,False,False,False,False,False,False,False,False,False,False,False,False,False,1,1,False,3.466666666666667,False,False,False,8.79022674560547,1314.3633,2,0.0003542689407358,3.2957942369741973e-06,424,825,False,825.0,False,False,False,False,0.9760084085539827,0.009302822883373143,0.009107182508604799
ARGVDEGDAPGYFDY,H1-69,K4-1,True,76,1,1,0.0003496680454016,3.2957942369741973e-06,3.226482972236114e-06,False,False,False,False,False,False,False,False,False,True,False,False,False,-3,-3,False,3.246666666666667,False,False,False,4.050025558471679,1631.6533,1,0.0003496680454016,3.2957942369741973e-06,262,826,False,826.0,False,False,False,False,0.9760084085539827,0.00942522494710535,0.009227010430496277
ARGLDVDPSWGYFDP,H1-69,K3-15,True,74,1,1,0.0003404662547331,3.2957942369741973e-06,3.226482972236114e-06,False,False,False,False,True,False,False,False,False,True,False,False,False,-2,-2,False,1.6266666666666667,False,False,False,4.050025558471679,1694.7968999999998,1,0.0003404662547331,3.2957942369741973e-06,231,827,False,827.0,False,False,False,False,0.9760084085539827,0.009679953274737989,0.009476381766374165
ARGRGVSISWGYFDP,H1-69,K3-15,True,74,1,1,0.0003404662547331,3.2957942369741973e-06,3.226482972236114e-06,False,False,False,False,True,False,False,False,False,False,False,False,False,1,1,False,1.3266666666666669,False,False,False,8.79022674560547,1667.8212,2,0.0003404662547331,3.2957942369741973e-06,250,828,False,828.0,False,False,False,False,0.9760084085539827,0.009679953274737989,0.009476381766374165
ARGYKYGEEFDY,H3-7_A,K1-39,True,73,1,1,0.0003358653593989,3.2957942369741973e-06,3.226482972236114e-06,False,False,False,False,False,False,False,False,False,True,False,False,False,-1,-1,False,2.841666666666667,False,False,False,4.679275131225586,1497.5626,1,0.0003358653593989,3.2957942369741973e-06,277,829,False,829.0,False,False,False,False,0.9760084085539827,0.009812551426435456,0.009606191350298502
ARGPDVPVEGEFDY,H4-34,K3-15,True,72,1,1,0.0003312644640647,3.2957942369741973e-06,3.226482972236114e-06,False,False,False,False,False,False,False,False,False,True,False,False,False,-3,-3,False,2.7857142857142856,False,False,False,4.050025558471679,1550.6237,1,0.0003312644640647,3.2957942369741973e-06,238,830,False,830.0,False,False,False,False,0.9760084085539827,0.009948832748939285,0.009739606647151533
ARIHRGSGNNFDY,H3-23_A,K4-1,True,72,1,1,0.0003312644640647,3.2957942369741973e-06,3.226482972236114e-06,False,False,True,False,False,False,False,False,False,False,False,False,False,1,2,False,2.723076923076923,False,False,False,8.796192932128907,1506.581,2,0.0003312644640647,3.2957942369741973e-06,309,831,False,831.0,False,False,False,False,0.9760084085539827,0.009948832748939285,0.009739606647151533
ARAKRGSNAFDY,H1-69,K4-1,True,71,1,1,0.0003266635687304,3.2957942369741973e-06,3.226482972236114e-06,False,False,False,False,False,False,False,False,False,False,False,False,False,2,2,False,3.208333333333333,False,False,False,9.98676300048828,1355.4583,2,0.0003266635687304,3.2957942369741973e-06,42,832,False,832.0,False,False,False,False,0.9760084085539827,0.010088952864424055,0.009876780006339889
ARASEWGAYSPFDY,H1-69,K3-15,True,71,1,1,0.0003266635687304,3.2957942369741973e-06,3.226482972236114e-06,False,False,False,False,False,False,False,False,False,False,False,False,False,-1,-1,False,1.8642857142857143,False,False,False,4.370375442504883,1619.6872999999998,1,0.0003266635687304,3.2957942369741973e-06,66,833,False,833.0,False,False,False,False,0.9760084085539827,0.010088952864424055,0.009876780006339889
ARPIVYTAGAFDY,H3-23_A,K4-1,True,71,1,1,0.0003266635687304,3.2957942369741973e-06,3.226482972236114e-06,False,False,False,False,False,False,False,False,False,False,False,False,False,0,0,False,0.676923076923077,False,False,False,5.87944984436035,1443.6012999999998,1,0.0003266635687304,3.2957942369741973e-06,345,834,False,834.0,False,False,False,False,0.9760084085539827,0.010088952864424055,0.009876780006339889
ARPLGIKGNAFDY,H3-23_A,K4-1,True,71,1,1,0.0003266635687304,3.2957942369741973e-06,3.226482972236114e-06,False,False,False,False,False,False,False,False,False,False,False,False,False,1,1,False,1.2538461538461545,False,False,False,8.63377227783203,1421.5991,1,0.0003266635687304,3.2957942369741973e-06,347,835,False,835.0,False,False,False,False,0.9760084085539827,0.010088952864424055,0.009876780006339889
ARPRVATAGAFDY,H3-23_A,K4-1,True,71,1,1,0.0003266635687304,3.2957942369741973e-06,3.226482972236114e-06,False,False,False,False,False,False,False,False,False,False,False,False,False,1,1,False,1.9230769230769231,False,False,False,8.79022674560547,1394.5341,2,0.0003266635687304,3.2957942369741973e-06,349,836,False,836.0,False,False,False,False,0.9760084085539827,0.010088952864424055,0.009876780006339889
ARSGRGANYFDY,H3-23_A,K4-1,True,71,1,1,0.0003266635687304,3.2957942369741973e-06,3.226482972236114e-06,False,False,False,False,False,False,False,False,False,False,False,False,False,1,1,False,2.875,False,False,False,8.632579040527343,1376.4326,2,0.0003266635687304,3.2957942369741973e-06,229,837,False,837.0,False,False,False,False,0.9760084085539827,0.010088952864424055,0.009876780006339889
ARSRPGSNAFDY,H3-23_A,K4-1,True,71,1,1,0.0003266635687304,3.2957942369741973e-06,3.226482972236114e-06,False,False,False,False,False,False,False,False,False,False,False,False,False,1,1,False,3.2750000000000004,False,False,False,8.79022674560547,1340.4006,2,0.0003266635687304,3.2957942369741973e-06,421,838,False,838.0,False,False,False,False,0.9760084085539827,0.010088952864424055,0.009876780006339889
ARLGREYTGPAFDY,H3-23_A,K4-1,True,70,1,1,0.0003220626733962,3.2957942369741973e-06,3.226482972236114e-06,False,False,False,False,False,False,False,False,False,False,False,False,False,0,0,False,1.9214285714285717,False,False,False,6.113258743286132,1615.7433999999998,2,0.0003220626733962,3.2957942369741973e-06,317,839,False,839.0,False,False,False,False,0.9760084085539827,0.010233076287474574,0.010017872482671117
ARPEGLGVAFDY,H1-69,K3-20,True,70,1,1,0.0003220626733962,3.2957942369741973e-06,3.226482972236114e-06,False,False,False,False,False,False,False,False,False,False,False,False,False,-1,-1,False,1.3083333333333336,False,False,False,4.370375442504883,1294.4116,1,0.0003220626733962,3.2957942369741973e-06,340,840,False,840.0,False,False,False,False,0.9760084085539827,0.010233076287474574,0.010017872482671117
AREGYESLAFDY,H4-34,K4-1,True,69,1,1,0.000317461778062,3.2957942369741973e-06,3.226482972236114e-06,False,False,False,False,False,False,False,False,False,False,False,False,False,-2,-2,False,2.0,False,False,False,4.137435531616211,1420.4786,1,0.000317461778062,3.2957942369741973e-06,143,841,False,841.0,False,False,False,False,0.9760084085539827,0.010381377069462069,0.010163054467178512
ARAHRYTAGAFDY,H3-23_A,K4-1,True,68,1,1,0.0003128608827277,3.2957942369741973e-06,3.226482972236114e-06,False,False,False,False,False,False,False,False,False,False,False,False,False,1,2,False,2.0615384615384618,False,False,False,8.638685607910158,1498.6003999999998,2,0.0003128608827277,3.2957942369741973e-06,31,842,False,842.0,False,False,False,False,0.9760084085539827,0.010534039499746661,0.010312506373577146
ARDPGSLRSLTYHDFDI,H1-69,K3-20,True,68,1,1,0.0003128608827277,3.2957942369741973e-06,3.226482972236114e-06,False,False,False,False,True,False,False,False,False,True,False,False,False,-1,0,False,1.8294117647058823,False,False,False,5.298965835571289,1963.1109,2,0.0003128608827277,3.2957942369741973e-06,104,843,False,843.0,False,False,False,False,0.9760084085539827,0.010534039499746661,0.010312506373577146
ARFQPEYEGEEFDY,H3-23_A,K3-20,True,68,1,1,0.0003128608827277,3.2957942369741973e-06,3.226482972236114e-06,False,False,False,False,False,False,False,False,False,True,False,False,False,-4,-4,False,2.792857142857143,False,False,False,4.050025558471679,1779.812,1,0.0003128608827277,3.2957942369741973e-06,183,844,False,844.0,False,False,False,False,0.9760084085539827,0.010534039499746661,0.010312506373577146
ARHGVLYTNAFDY,H3-23_A,K4-1,True,68,1,1,0.0003128608827277,3.2957942369741973e-06,3.226482972236114e-06,False,False,False,False,False,False,False,False,False,False,False,False,False,0,1,False,0.9615384615384616,False,False,False,6.787184524536133,1526.6500999999998,1,0.0003128608827277,3.2957942369741973e-06,293,845,False,845.0,False,False,False,False,0.9760084085539827,0.010534039499746661,0.010312506373577146
ARLLRLDWYSGTAFDY,H3-23_A,K4-1,True,68,1,1,0.0003128608827277,3.2957942369741973e-06,3.226482972236114e-06,False,False,False,False,False,False,False,False,False,False,False,False,False,0,0,False,-0.0374999999999997,False,False,False,6.004021835327148,1947.1527,2,0.0003128608827277,3.2957942369741973e-06,323,846,False,846.0,True,True,True,False,0.9760084085539827,0.010534039499746661,0.010312506373577146
ARGEVREIDEEFDY,H1-69,K1-39,True,67,1,1,0.0003082599873935,3.2957942369741973e-06,3.226482972236114e-06,False,False,False,False,False,False,False,False,False,True,False,False,False,-4,-4,False,3.185714285714286,False,False,False,4.079111099243165,1727.7823,2,0.0003082599873935,3.2957942369741973e-06,218,847,False,847.0,False,False,False,False,0.9760084085539827,0.010691258869671238,0.010466419386190775
ARPRYGLNAFDY,H3-23_A,K4-1,True,66,1,1,0.0003036590920593,3.2957942369741973e-06,3.226482972236114e-06,False,False,False,False,False,False,False,False,False,False,False,False,False,1,1,False,1.2666666666666668,False,False,False,8.632579040527343,1442.5767999999998,2,0.0003036590920593,3.2957942369741973e-06,360,848,False,848.0,False,False,False,False,0.9760084085539827,0.01085324230603818,0.010624996275900387
ARFGDAYDPPFDY,H3-23_A,K4-1,True,65,1,1,0.000299058196725,3.2957942369741973e-06,3.226482972236114e-06,False,False,False,False,True,False,False,False,False,False,False,False,False,-2,-2,False,2.007692307692308,False,False,False,4.050025558471679,1533.5947,1,0.000299058196725,3.2957942369741973e-06,170,850,False,850.0,False,False,False,False,0.9760084085539827,0.01102020968148865,0.010788452291378004
ARPASYGDFIPAFDI,H1-69,K3-20,True,65,1,1,0.000299058196725,3.2957942369741973e-06,3.226482972236114e-06,False,False,False,False,False,False,False,False,False,False,False,False,False,-1,-1,False,0.7066666666666668,False,False,False,4.207874679565429,1639.8045000000002,1,0.000299058196725,3.2957942369741973e-06,336,851,False,851.0,False,False,False,False,0.9760084085539827,0.01102020968148865,0.010788452291378004
ARPLRGTNAFDY,H3-23_A,K4-1,True,65,1,1,0.000299058196725,3.2957942369741973e-06,3.226482972236114e-06,False,False,False,False,False,False,False,False,False,False,False,False,False,1,1,False,1.8583333333333336,False,False,False,8.79022674560547,1380.5075,2,0.000299058196725,3.2957942369741973e-06,355,852,False,852.0,False,False,False,False,0.9760084085539827,0.01102020968148865,0.010788452291378004
ARSYLQGESGEFDY,H1-69,K4-1,True,65,1,1,0.000299058196725,3.2957942369741973e-06,3.226482972236114e-06,False,False,False,False,False,False,False,False,False,True,False,False,False,-2,-2,False,2.8642857142857143,False,False,False,4.137435531616211,1621.6584999999998,1,0.000299058196725,3.2957942369741973e-06,438,853,False,853.0,False,False,False,False,0.9760084085539827,0.01102020968148865,0.010788452291378004
ARGLISYFADEFDY,H1-69,K1-39,True,64,1,1,0.0002944573013908,3.2957942369741973e-06,3.226482972236114e-06,False,False,False,False,False,False,False,False,False,True,False,False,False,-2,-2,False,0.6428571428571431,False,False,False,4.050025558471679,1666.7833999999998,1,0.0002944573013908,3.2957942369741973e-06,202,855,False,855.0,False,False,False,False,0.9760084085539827,0.011192394610226043,0.01095701613386986
ARGQIPYWHPEEFDY,H1-69,K1-39,True,64,1,1,0.0002944573013908,3.2957942369741973e-06,3.226482972236114e-06,False,False,False,True,False,False,False,False,False,True,False,False,False,-2,-1,False,1.2600000000000002,False,False,False,4.651314163208007,1908.0322,1,0.0002944573013908,3.2957942369741973e-06,245,856,False,856.0,False,False,False,False,0.9760084085539827,0.011192394610226043,0.01095701613386986
ARPSRYTAGAFDY,H3-23_A,K4-1,True,64,1,1,0.0002944573013908,3.2957942369741973e-06,3.226482972236114e-06,False,False,False,False,False,False,False,False,False,False,False,False,False,1,1,False,2.4000000000000004,False,False,False,8.632579040527343,1474.5757,2,0.0002944573013908,3.2957942369741973e-06,345,857,False,857.0,False,False,False,False,0.9760084085539827,0.011192394610226043,0.01095701613386986
ARSIRWGNAFDY,H3-23_A,K4-1,True,64,1,1,0.0002944573013908,3.2957942369741973e-06,3.226482972236114e-06,False,False,False,False,False,False,False,False,False,False,False,False,False,1,1,False,1.0583333333333331,False,False,False,8.79022674560547,1455.5756,2,0.0002944573013908,3.2957942369741973e-06,396,858,False,858.0,False,False,False,False,0.9760084085539827,0.011192394610226043,0.01095701613386986
ARSASVRFANAFDY,H3-23_A,K4-1,True,63,1,1,0.0002898564060566,3.2957942369741973e-06,3.226482972236114e-06,False,False,False,False,False,False,False,False,False,False,False,False,False,1,1,False,1.6285714285714286,False,False,False,8.79022674560547,1574.6946999999998,2,0.0002898564060566,3.2957942369741973e-06,83,859,False,859.0,False,False,False,False,0.9760084085539827,0.011370045538601162,0.011130931024846333
ARSKYSTNAFDY,H3-23_A,K4-1,True,63,1,1,0.0002898564060566,3.2957942369741973e-06,3.226482972236114e-06,False,False,False,False,False,False,False,False,False,False,False,False,False,1,1,False,3.0250000000000004,False,False,False,8.54006805419922,1422.4978,1,0.0002898564060566,3.2957942369741973e-06,401,860,False,860.0,False,False,False,False,0.9760084085539827,0.011370045538601162,0.011130931024846333
ARSSRGFNAFDY,H3-23_A,K4-1,True,63,1,1,0.0002898564060566,3.2957942369741973e-06,3.226482972236114e-06,False,False,False,False,False,False,False,False,False,False,False,False,False,1,1,False,2.333333333333333,False,False,False,8.79022674560547,1390.4592,2,0.0002898564060566,3.2957942369741973e-06,428,861,False,861.0,False,False,False,False,0.9760084085539827,0.011370045538601162,0.011130931024846333
ARAAKYTAGAFDY,H3-23_A,K4-1,True,62,1,1,0.0002852555107223,3.2957942369741973e-06,3.226482972236114e-06,False,False,False,False,False,False,False,False,False,False,False,False,False,1,1,False,2.176923076923077,False,False,False,8.54006805419922,1404.5256,1,0.0002852555107223,3.2957942369741973e-06,6,862,False,862.0,False,False,False,False,0.9760084085539827,0.011553426941199997,0.011310455876935742
ARDPYGYSIPRHFDY,H1-69,K3-20,True,62,1,1,0.0002852555107223,3.2957942369741973e-06,3.226482972236114e-06,False,False,False,False,True,False,False,False,False,False,False,False,False,0,1,False,1.74,False,False,False,6.789382553100586,1856.9887,2,0.0002852555107223,3.2957942369741973e-06,110,863,False,863.0,False,False,False,False,0.9760084085539827,0.011553426941199997,0.011310455876935742
ARFDALQEDPFDY,H3-23_A,K4-1,True,62,1,1,0.0002852555107223,3.2957942369741973e-06,3.226482972236114e-06,False,False,False,False,True,False,False,False,False,True,False,False,False,-3,-3,False,1.907692307692308,False,False,False,4.050025558471679,1586.6558,1,0.0002852555107223,3.2957942369741973e-06,162,864,False,864.0,False,False,False,False,0.9760084085539827,0.011553426941199997,0.011310455876935742
ARGKRGANYFDY,H3-23_A,K4-1,True,62,1,1,0.0002852555107223,3.2957942369741973e-06,3.226482972236114e-06,False,False,False,False,False,False,False,False,False,False,False,False,False,2,2,False,2.8083333333333336,False,False,False,9.69757843017578,1417.5276,2,0.0002852555107223,3.2957942369741973e-06,229,865,False,865.0,False,False,False,False,0.9760084085539827,0.011553426941199997,0.011310455876935742
ARPEWSGQGWHAFDP,H3-23_A,K3-15,True,62,1,1,0.0002852555107223,3.2957942369741973e-06,3.226482972236114e-06,False,False,False,False,True,False,False,False,False,False,False,False,False,-1,0,False,1.8133333333333332,False,False,False,5.322275161743165,1740.8305999999998,1,0.0002852555107223,3.2957942369741973e-06,342,866,False,866.0,False,False,False,False,0.9760084085539827,0.011553426941199997,0.011310455876935742
ARSRWGSNAFDY,H3-23_A,K4-1,True,62,1,1,0.0002852555107223,3.2957942369741973e-06,3.226482972236114e-06,False,False,False,False,False,False,False,False,False,False,False,False,False,1,1,False,2.266666666666667,False,False,False,8.79022674560547,1429.4952999999998,2,0.0002852555107223,3.2957942369741973e-06,421,867,False,867.0,False,False,False,False,0.9760084085539827,0.011553426941199997,0.011310455876935742
ARAKRLTNAFDY,H1-69,K4-1,True,61,1,1,0.0002806546153881,3.2957942369741973e-06,3.226482972236114e-06,False,False,False,False,False,False,False,False,False,False,False,False,False,2,2,False,1.8583333333333336,False,False,False,9.98676300048828,1425.5911999999998,2,0.0002806546153881,3.2957942369741973e-06,43,868,False,868.0,False,False,False,False,0.9760084085539827,0.011742820634574148,0.011495866580026728
ARALGLDWLYVDYFDY,H1-69,K1-39,True,61,1,1,0.0002806546153881,3.2957942369741973e-06,3.226482972236114e-06,False,False,False,False,False,False,False,False,False,False,False,False,False,-2,-2,False,-0.7562499999999998,False,False,False,4.050025558471679,1980.1774,1,0.0002806546153881,3.2957942369741973e-06,47,869,False,869.0,False,False,False,False,0.9760084085539827,0.011742820634574148,0.011495866580026728
ARELGLSGYPWYFDY,H1-69,K4-1,True,61,1,1,0.0002806546153881,3.2957942369741973e-06,3.226482972236114e-06,False,False,False,True,False,False,False,False,False,False,False,False,False,-1,-1,False,0.0533333333333335,False,False,False,4.370375442504883,1836.9939,1,0.0002806546153881,3.2957942369741973e-06,147,870,False,870.0,False,False,False,False,0.9760084085539827,0.011742820634574148,0.011495866580026728
ARALLPYSDEEFDY,H1-69,K1-39,True,60,1,1,0.0002760537200539,3.2957942369741973e-06,3.226482972236114e-06,False,False,False,False,False,False,False,False,False,True,False,False,False,-3,-3,False,1.5142857142857145,False,False,False,4.050025558471679,1688.7875,1,0.0002760537200539,3.2957942369741973e-06,49,872,False,872.0,False,False,False,False,0.9760084085539827,0.011938527222377178,0.011687457416013087
ARAVYGEEFDY,H3-7_A,K1-39,True,60,1,1,0.0002760537200539,3.2957942369741973e-06,3.226482972236114e-06,False,False,False,False,False,False,False,False,False,True,False,False,False,-2,-2,False,2.090909090909091,False,False,False,4.137435531616211,1319.3747,1,0.0002760537200539,3.2957942369741973e-06,40,873,False,873.0,False,False,False,False,0.9760084085539827,0.011938527222377178,0.011687457416013087
ARSGVRWANVFDY,H3-23_A,K4-1,True,60,1,1,0.0002760537200539,3.2957942369741973e-06,3.226482972236114e-06,False,False,False,False,False,False,False,False,False,False,False,False,False,1,1,False,1.0230769230769232,False,False,False,8.79022674560547,1540.6799999999998,2,0.0002760537200539,3.2957942369741973e-06,388,874,False,874.0,False,False,False,False,0.9760084085539827,0.011938527222377178,0.011687457416013087
ARWDEFGSPYPFDY,H3-23_A,K3-20,True,60,1,1,0.0002760537200539,3.2957942369741973e-06,3.226482972236114e-06,False,False,False,False,False,False,False,False,False,True,False,False,False,-2,-2,False,1.3071428571428572,False,False,False,4.050025558471679,1749.8306,1,0.0002760537200539,3.2957942369741973e-06,479,875,False,875.0,False,False,False,False,0.9760084085539827,0.011938527222377178,0.011687457416013087
ARSGSWGEEFDY,H3-7_A,K1-39,True,59,1,1,0.0002714528247196,3.2957942369741973e-06,3.226482972236114e-06,False,False,False,False,False,False,False,False,False,True,False,False,False,-2,-2,False,2.9333333333333336,False,False,False,4.137435531616211,1403.4084,1,0.0002714528247196,3.2957942369741973e-06,382,876,False,876.0,False,False,False,False,0.9760084085539827,0.012140867687420908,0.011885542617368768
ARVIDEAGVETGYFDI,H1-69,K4-1,True,59,1,1,0.0002714528247196,3.2957942369741973e-06,3.226482972236114e-06,False,False,False,False,False,False,False,False,False,True,False,False,False,-3,-3,False,1.63125,False,False,False,4.050025558471679,1754.8903,1,0.0002714528247196,3.2957942369741973e-06,460,877,False,877.0,False,False,False,False,0.9760084085539827,0.012140867687420908,0.011885542617368768
ARAGRPASGHGKFDY,H3-23_A,K4-1,True,58,1,1,0.0002668519293854,3.2957942369741973e-06,3.226482972236114e-06,False,False,False,False,False,False,False,False,False,False,False,False,False,2,3,False,3.14,False,False,False,9.98683319091797,1589.7127999999998,2,0.0002668519293854,3.2957942369741973e-06,23,878,False,878.0,False,False,False,False,0.9760084085539827,0.012350185148419714,0.01209045808694747
ARGEISSFEEEFDY,H1-69,K1-39,True,58,1,1,0.0002668519293854,3.2957942369741973e-06,3.226482972236114e-06,False,False,False,False,False,False,False,False,False,True,False,False,False,-4,-4,False,2.707142857142857,False,False,False,4.050025558471679,1678.7066,1,0.0002668519293854,3.2957942369741973e-06,214,879,False,879.0,False,False,False,False,0.9760084085539827,0.012350185148419714,0.01209045808694747
ARLPPDAWYGNYHAFDI,H5-51,K3-15,True,58,1,1,0.0002668519293854,3.2957942369741973e-06,3.226482972236114e-06,False,False,False,False,False,False,False,False,False,False,False,False,False,-1,0,False,0.5470588235294119,False,False,False,5.212373733520507,2006.1784,1,0.0002668519293854,3.2957942369741973e-06,325,880,False,880.0,False,False,False,False,0.9760084085539827,0.012350185148419714,0.01209045808694747
ARDITRGNAFDY,H3-23_A,K4-1,True,57,1,1,0.0002622510340512,3.2957942369741973e-06,3.226482972236114e-06,False,False,False,False,False,False,False,False,False,False,False,False,False,0,0,False,2.6166666666666667,False,False,False,6.004890823364257,1398.4797,2,0.0002622510340512,3.2957942369741973e-06,95,881,False,881.0,False,False,False,False,0.9760084085539827,0.012566846801689858,0.012302563298847602
ARDYGDPGYGEFDY,H4-34,K1-39,True,57,1,1,0.0002622510340512,3.2957942369741973e-06,3.226482972236114e-06,False,False,False,False,True,False,False,False,False,True,False,False,False,-3,-3,False,3.457142857142857,False,False,False,4.050025558471679,1624.6175999999998,1,0.0002622510340512,3.2957942369741973e-06,119,882,False,882.0,False,False,False,False,0.9760084085539827,0.012566846801689858,0.012302563298847602
ARGAAWADFSRFDY,H1-69,K3-15,True,57,1,1,0.0002622510340512,3.2957942369741973e-06,3.226482972236114e-06,False,False,False,False,False,False,False,False,False,False,False,False,False,0,0,False,1.335714285714286,False,False,False,6.004890823364257,1632.7324,2,0.0002622510340512,3.2957942369741973e-06,198,883,False,883.0,False,False,False,False,0.9760084085539827,0.012566846801689858,0.012302563298847602
ARFEDLEDPPFDY,H3-23_A,K4-1,True,56,1,1,0.0002576501387169,3.2957942369741973e-06,3.226482972236114e-06,False,False,False,False,True,False,False,False,False,True,False,False,False,-4,-4,False,2.0461538461538464,False,False,False,4.050025558471679,1613.6779,1,0.0002576501387169,3.2957942369741973e-06,165,884,False,884.0,False,False,False,False,0.9760084085539827,0.012791246070838296,0.01252224340289268
ARSSGAGSNVFDY,H3-23_A,K4-1,True,56,1,1,0.0002576501387169,3.2957942369741973e-06,3.226482972236114e-06,False,False,False,False,False,False,False,False,False,False,False,False,False,0,0,False,3.1923076923076925,False,False,False,5.880318832397459,1330.3592999999998,1,0.0002576501387169,3.2957942369741973e-06,426,885,False,885.0,False,False,False,False,0.9760084085539827,0.012791246070838296,0.01252224340289268
ARPTIYTAGAFDY,H3-23_A,K4-1,True,55,1,1,0.0002530492433827,3.2957942369741973e-06,3.226482972236114e-06,False,False,False,False,False,False,False,False,False,False,False,False,False,0,0,False,1.3615384615384618,False,False,False,5.87944984436035,1445.5742,1,0.0002530492433827,3.2957942369741973e-06,345,886,False,886.0,False,False,False,False,0.9760084085539827,0.013023804990952207,0.012749911558680837
ARSGAWGEEFDY,H3-7_A,K1-39,True,54,1,1,0.0002484483480485,3.2957942369741973e-06,3.226482972236114e-06,False,False,False,False,False,False,False,False,False,True,False,False,False,-2,-2,False,2.566666666666667,False,False,False,4.137435531616211,1387.409,1,0.0002484483480485,3.2957942369741973e-06,382,887,False,887.0,False,False,False,False,0.9760084085539827,0.013264976857734104,0.012986011529008044
ARAYSSVRANAFDY,H3-23_A,K4-1,True,53,1,1,0.0002438474527142,3.2957942369741973e-06,3.226482972236114e-06,False,False,False,False,False,False,False,False,False,False,False,False,False,1,1,False,2.15,False,False,False,8.632579040527343,1590.6941,2,0.0002438474527142,3.2957942369741973e-06,83,888,False,888.0,False,False,False,False,0.9760084085539827,0.013515249176480391,0.013231020566829014
ARSAGRYGNVFDY,H3-23_A,K4-1,True,53,1,1,0.0002438474527142,3.2957942369741973e-06,3.226482972236114e-06,False,False,False,False,False,False,False,False,False,False,False,False,False,1,1,False,2.3692307692307693,False,False,False,8.632579040527343,1475.5636,2,0.0002438474527142,3.2957942369741973e-06,374,890,False,890.0,False,False,False,False,0.9760084085539827,0.013515249176480391,0.013231020566829014
ARSKSTARANVFDY,H3-23_A,K4-1,True,53,1,1,0.0002438474527142,3.2957942369741973e-06,3.226482972236114e-06,False,False,False,False,False,False,False,False,False,False,False,False,False,2,2,False,2.9142857142857146,False,False,False,9.98676300048828,1585.7191999999998,2,0.0002438474527142,3.2957942369741973e-06,402,891,False,891.0,False,False,False,False,0.9760084085539827,0.013515249176480391,0.013231020566829014
ARHGQVPDVPPYFDY,H1-69,K3-20,True,52,1,1,0.00023924655738,3.2957942369741973e-06,3.226482972236114e-06,False,False,False,False,False,False,False,False,False,False,False,False,False,-1,0,False,1.7333333333333334,False,False,False,5.212373733520507,1760.9013,1,0.00023924655738,3.2957942369741973e-06,289,892,False,892.0,False,False,False,False,0.9760084085539827,0.013775146951310687,0.013485452635313321
ARPIHHGNAFDY,H3-23_A,K4-1,True,52,1,1,0.00023924655738,3.2957942369741973e-06,3.226482972236114e-06,False,False,False,False,False,False,False,False,False,False,False,False,False,0,2,False,1.525,False,False,False,6.960470962524414,1397.4965,1,0.00023924655738,3.2957942369741973e-06,350,893,False,893.0,False,False,False,False,0.9760084085539827,0.013775146951310687,0.013485452635313321
ARDIGVPYQYTGAFDY,H1-69,K4-1,True,51,1,1,0.0002346456620458,3.2957942369741973e-06,3.226482972236114e-06,False,False,False,False,False,False,False,False,False,False,False,False,False,-1,-1,False,1.65625,False,False,False,4.207874679565429,1835.9645,1,0.0002346456620458,3.2957942369741973e-06,96,894,False,894.0,False,False,False,False,0.9760084085539827,0.014045236361400584,0.013749862006766195
ARFEDLEDPPFDY,UNK,K3-20,True,51,1,1,0.0002346456620458,3.2957942369741973e-06,3.226482972236114e-06,False,False,False,False,True,False,False,False,False,True,False,False,False,-4,-4,False,2.0461538461538464,False,False,False,4.050025558471679,1613.6779,1,0.0002346456620458,3.2957942369741973e-06,165,895,False,895.0,False,False,False,False,0.9760084085539827,0.014045236361400584,0.013749862006766195
ARGAYSWTGKAGYWFDP,H1-69,K1-39,True,51,1,1,0.0002346456620458,3.2957942369741973e-06,3.226482972236114e-06,False,False,False,True,True,False,False,False,False,False,False,False,False,1,1,False,1.4176470588235297,False,False,False,8.54006805419922,1933.0847,1,0.0002346456620458,3.2957942369741973e-06,207,896,False,896.0,False,False,False,False,0.9760084085539827,0.014045236361400584,0.013749862006766195
ARGIRGGNAFDY,H3-23_A,K4-1,True,51,1,1,0.0002346456620458,3.2957942369741973e-06,3.226482972236114e-06,False,False,False,False,False,False,False,False,False,False,False,False,False,1,1,False,2.3000000000000003,False,False,False,8.79022674560547,1296.3909999999998,2,0.0002346456620458,3.2957942369741973e-06,227,897,False,897.0,False,False,False,False,0.9760084085539827,0.014045236361400584,0.013749862006766195
ARGTRGYNAFDY,H3-23_A,K4-1,True,51,1,1,0.0002346456620458,3.2957942369741973e-06,3.226482972236114e-06,False,False,False,False,False,False,False,False,False,False,False,False,False,1,1,False,2.766666666666667,False,False,False,8.632579040527343,1390.4592,2,0.0002346456620458,3.2957942369741973e-06,259,898,False,898.0,False,False,False,False,0.9760084085539827,0.014045236361400584,0.013749862006766195
ARPVLHTPGAFDY,H3-23_A,K4-1,True,51,1,1,0.0002346456620458,3.2957942369741973e-06,3.226482972236114e-06,False,False,False,False,False,False,False,False,False,False,False,False,False,0,1,False,0.8923076923076925,False,False,False,6.788309097290039,1443.6047,1,0.0002346456620458,3.2957942369741973e-06,363,899,False,899.0,False,False,False,False,0.9760084085539827,0.014045236361400584,0.013749862006766195
ARAGSWGEEFDY,H3-7_A,K1-39,True,50,1,1,0.0002300447667116,3.2957942369741973e-06,3.226482972236114e-06,False,False,False,False,False,False,False,False,False,True,False,False,False,-2,-2,False,2.566666666666667,False,False,False,4.137435531616211,1387.409,1,0.0002300447667116,3.2957942369741973e-06,16,900,False,900.0,False,False,False,False,0.9760084085539827,0.014326128878285114,0.014024847293344198
ARFLPYVDRGEFDY,H3-23_A,K3-20,True,50,1,1,0.0002300447667116,3.2957942369741973e-06,3.226482972236114e-06,False,False,False,False,False,False,False,False,False,True,False,False,False,-1,-1,False,0.7857142857142859,False,False,False,4.558281326293945,1747.9025,2,0.0002300447667116,3.2957942369741973e-06,180,901,False,901.0,False,False,False,False,0.9760084085539827,0.014326128878285114,0.014024847293344198
ARSRPYTNAFDY,H3-23_A,K4-1,True,50,1,1,0.0002300447667116,3.2957942369741973e-06,3.226482972236114e-06,False,False,False,False,False,False,False,False,False,False,False,False,False,1,1,False,2.5333333333333337,False,False,False,8.632579040527343,1460.5491,2,0.0002300447667116,3.2957942369741973e-06,420,902,False,902.0,False,False,False,False,0.9760084085539827,0.014326128878285114,0.014024847293344198
ARARIYTAGAFDY,H3-23_A,K4-1,True,49,1,1,0.0002254438713773,3.2957942369741973e-06,3.226482972236114e-06,False,False,False,False,False,False,False,False,False,False,False,False,False,1,1,False,1.284615384615385,False,False,False,8.632579040527343,1474.6187,2,0.0002254438713773,3.2957942369741973e-06,57,904,False,904.0,False,False,False,False,0.9760084085539827,0.014618485887335431,0.014311055971341262
ARDAYVWTGRPAFDP,H1-69,K1-39,True,49,1,1,0.0002254438713773,3.2957942369741973e-06,3.226482972236114e-06,False,False,False,False,True,False,False,False,False,False,False,False,False,0,0,False,1.6666666666666667,False,False,False,6.004890823364257,1721.8687,2,0.0002254438713773,3.2957942369741973e-06,89,905,False,905.0,False,False,False,False,0.9760084085539827,0.014618485887335431,0.014311055971341262
AREGYETLSFDY,H4-34,K4-1,True,49,1,1,0.0002254438713773,3.2957942369741973e-06,3.226482972236114e-06,False,False,False,False,False,False,False,False,False,False,False,False,False,-2,-2,False,2.2583333333333333,False,False,False,4.137435531616211,1450.5046,1,0.0002254438713773,3.2957942369741973e-06,139,906,False,906.0,False,False,False,False,0.9760084085539827,0.014618485887335431,0.014311055971341262
AREGYTGLSFDY,H4-34,K4-1,True,49,1,1,0.0002254438713773,3.2957942369741973e-06,3.226482972236114e-06,False,False,False,False,False,False,False,False,False,False,False,False,False,-1,-1,False,2.083333333333333,False,False,False,4.370375442504883,1378.4419,1,0.0002254438713773,3.2957942369741973e-06,137,907,False,907.0,False,False,False,False,0.9760084085539827,0.014618485887335431,0.014311055971341262
ARPASSTAGAFDY,H3-23_A,K4-1,True,49,1,1,0.0002254438713773,3.2957942369741973e-06,3.226482972236114e-06,False,False,False,False,False,False,False,False,False,False,False,False,False,0,0,False,2.8846153846153846,False,False,False,5.880318832397459,1313.3719999999998,1,0.0002254438713773,3.2957942369741973e-06,335,908,False,908.0,False,False,False,False,0.9760084085539827,0.014618485887335431,0.014311055971341262
ARQFLWSGSNVFDY,H3-23_A,K4-1,True,49,1,1,0.0002254438713773,3.2957942369741973e-06,3.226482972236114e-06,False,False,False,False,False,False,False,False,False,False,False,False,False,0,0,False,0.342857142857143,False,False,False,5.880318832397459,1689.8232999999998,1,0.0002254438713773,3.2957942369741973e-06,365,909,False,909.0,False,False,False,False,0.9760084085539827,0.014618485887335431,0.014311055971341262
ARVRISGTNPGTDFDI,H1-69,K3-20,True,49,1,1,0.0002254438713773,3.2957942369741973e-06,3.226482972236114e-06,False,False,False,False,False,False,False,False,False,True,False,False,False,0,0,False,2.4375,False,False,False,6.005810928344727,1718.8649,2,0.0002254438713773,3.2957942369741973e-06,465,910,False,910.0,False,False,False,False,0.9760084085539827,0.014618485887335431,0.014311055971341262
ARARAGSNAFDY,H3-23_A,K4-1,True,48,1,1,0.0002208429760431,3.2957942369741973e-06,3.226482972236114e-06,False,False,False,False,False,False,False,False,False,False,False,False,False,1,1,False,2.908333333333333,False,False,False,8.79022674560547,1298.3638999999998,2,0.0002208429760431,3.2957942369741973e-06,54,911,False,911.0,False,False,False,False,0.9760084085539827,0.014923023886855005,0.01460918947094676
ARARVYTGYVFDY,H1-69,K4-1,True,48,1,1,0.0002208429760431,3.2957942369741973e-06,3.226482972236114e-06,False,False,False,False,False,False,False,False,False,False,False,False,False,1,1,False,0.8615384615384616,False,False,False,8.539295959472657,1580.7405,2,0.0002208429760431,3.2957942369741973e-06,64,912,False,912.0,False,False,False,False,0.9760084085539827,0.014923023886855005,0.01460918947094676
ARFDAETVDPFDY,H3-23_A,K4-1,True,48,1,1,0.0002208429760431,3.2957942369741973e-06,3.226482972236114e-06,False,False,False,False,True,False,False,False,False,True,False,False,False,-3,-3,False,2.269230769230769,False,False,False,4.050025558471679,1545.6038999999998,1,0.0002208429760431,3.2957942369741973e-06,160,913,False,913.0,False,False,False,False,0.9760084085539827,0.014923023886855005,0.01460918947094676
ARIAGSPYSELGHGFDY,H1-69,K3-15,True,48,1,1,0.0002208429760431,3.2957942369741973e-06,3.226482972236114e-06,False,False,False,False,False,False,False,False,False,False,False,False,False,-1,0,False,1.782352941176471,False,False,False,5.322224044799805,1839.9566,1,0.0002208429760431,3.2957942369741973e-06,305,914,False,914.0,False,False,False,False,0.9760084085539827,0.014923023886855005,0.01460918947094676
ARPDFAGDRYNNFDP,H3-23_A,K3-15,True,48,1,1,0.0002208429760431,3.2957942369741973e-06,3.226482972236114e-06,False,False,True,False,True,False,False,False,False,False,False,False,False,-1,-1,False,3.08,False,False,False,4.429057693481445,1754.8123999999998,2,0.0002208429760431,3.2957942369741973e-06,338,915,False,915.0,False,False,False,False,0.9760084085539827,0.014923023886855005,0.01460918947094676
AREEPPWNVFDY,H1-69,K3-20,True,47,1,1,0.0002162420807089,3.2957942369741973e-06,3.226482972236114e-06,False,False,False,False,False,False,False,False,False,True,False,False,False,-2,-2,False,1.525,False,False,False,4.137435531616211,1522.6152,1,0.0002162420807089,3.2957942369741973e-06,131,916,False,916.0,False,False,False,False,0.9760084085539827,0.015240520350926533,0.01492000891579549
ARGQYLEEFDY,H1-69,K1-39,True,47,1,1,0.0002162420807089,3.2957942369741973e-06,3.226482972236114e-06,False,False,False,False,False,False,False,False,False,True,False,False,False,-2,-2,False,1.945454545454545,False,False,False,4.137435531616211,1390.4525999999998,1,0.0002162420807089,3.2957942369741973e-06,247,917,False,917.0,False,False,False,False,0.9760084085539827,0.015240520350926533,0.01492000891579549
ARGTWYEELDY,H1-69,K1-39,True,47,1,1,0.0002162420807089,3.2957942369741973e-06,3.226482972236114e-06,False,False,False,False,False,False,False,False,False,True,False,False,False,-2,-2,False,1.8,False,False,False,4.137435531616211,1402.4634,1,0.0002162420807089,3.2957942369741973e-06,242,918,False,918.0,False,False,False,False,0.9760084085539827,0.015240520350926533,0.01492000891579549
ARDWGISSPNLFDY,H1-69,K1-39,True,46,1,1,0.0002116411853746,3.2957942369741973e-06,3.226482972236114e-06,False,False,False,False,False,False,False,False,False,False,False,False,False,-1,-1,False,1.1285714285714288,False,False,False,4.207874679565429,1640.7495,1,0.0002116411853746,3.2957942369741973e-06,115,919,False,919.0,False,False,False,False,0.9760084085539827,0.015571820356881034,0.015244341611059649
AREHGSEGAFDY,H3-23_A,K3-20,True,46,1,1,0.0002116411853746,3.2957942369741973e-06,3.226482972236114e-06,False,False,False,False,False,False,False,False,False,False,False,False,False,-2,-1,False,3.575,False,False,False,4.651314163208007,1338.3384,1,0.0002116411853746,3.2957942369741973e-06,144,920,False,920.0,False,False,False,False,0.9760084085539827,0.015571820356881034,0.015244341611059649
ARHKGLYGGPAFDY,H3-23_A,K4-1,True,46,1,1,0.0002116411853746,3.2957942369741973e-06,3.226482972236114e-06,False,False,False,False,False,False,False,False,False,False,False,False,False,1,2,False,1.6571428571428573,False,False,False,8.546315002441407,1551.7026999999998,1,0.0002116411853746,3.2957942369741973e-06,296,921,False,921.0,False,False,False,False,0.9760084085539827,0.015571820356881034,0.015244341611059649
ARPSWSGDEPGYFDY,H3-23_A,K3-15,True,46,1,1,0.0002116411853746,3.2957942369741973e-06,3.226482972236114e-06,False,False,False,False,False,False,False,False,False,True,False,False,False,-2,-2,False,2.646666666666667,False,False,False,4.050025558471679,1746.7854000000002,1,0.0002116411853746,3.2957942369741973e-06,362,922,False,922.0,False,False,False,False,0.9760084085539827,0.015571820356881034,0.015244341611059649
ARVDFSAISSTGFDI,H3-23_A,K4-1,True,46,1,1,0.0002116411853746,3.2957942369741973e-06,3.226482972236114e-06,False,False,False,False,False,False,False,False,False,False,False,False,False,-1,-1,False,1.38,False,False,False,4.207874679565429,1585.7125,1,0.0002116411853746,3.2957942369741973e-06,457,923,False,923.0,False,False,False,False,0.9760084085539827,0.015571820356881034,0.015244341611059649
ARGSLEGTLDY,H1-69,K4-1,True,45,1,1,0.0002070402900404,3.2957942369741973e-06,3.226482972236114e-06,False,False,False,False,False,False,False,False,False,False,False,False,False,-1,-1,False,2.4454545454545458,False,False,False,4.370375442504883,1181.2525,1,0.0002070402900404,3.2957942369741973e-06,257,924,False,924.0,False,False,False,False,0.9760084085539827,0.015917844096384103,0.01558308839657533
ARTSWEGTLDY,H1-69,K3-15,True,45,1,1,0.0002070402900404,3.2957942369741973e-06,3.226482972236114e-06,False,False,False,False,False,False,False,False,False,False,False,False,False,-1,-1,False,2.327272727272728,False,False,False,4.370375442504883,1298.3574,1,0.0002070402900404,3.2957942369741973e-06,452,925,False,925.0,False,False,False,False,0.9760084085539827,0.015917844096384103,0.01558308839657533
ARAITWYGYAFDY,H1-69,K1-39,True,44,1,1,0.0002024393947062,3.2957942369741973e-06,3.226482972236114e-06,False,False,False,False,False,False,False,False,False,False,False,False,False,0,0,False,-0.1153846153846152,False,False,False,5.87858085632324,1596.7382,1,0.0002024393947062,3.2957942369741973e-06,38,926,False,926.0,False,False,False,False,0.9760084085539827,0.01627959541077978,0.015937232002686267
ARAKRLTNAFDY,H3-23_A,K1-39,True,44,1,1,0.0002024393947062,3.2957942369741973e-06,3.226482972236114e-06,False,False,False,False,False,False,False,False,False,False,False,False,False,2,2,False,1.8583333333333336,False,False,False,9.98676300048828,1425.5911999999998,2,0.0002024393947062,3.2957942369741973e-06,43,927,False,927.0,False,False,False,False,0.9760084085539827,0.01627959541077978,0.015937232002686267
ARARADLGYVFDY,H1-69,K4-1,True,44,1,1,0.0002024393947062,3.2957942369741973e-06,3.226482972236114e-06,False,False,False,False,False,False,False,False,False,False,False,False,False,0,0,False,1.1153846153846154,False,False,False,6.004021835327148,1516.6553,2,0.0002024393947062,3.2957942369741973e-06,53,928,False,928.0,False,False,False,False,0.9760084085539827,0.01627959541077978,0.015937232002686267
ARAVFRGNAFDY,H3-23_A,K4-1,True,44,1,1,0.0002024393947062,3.2957942369741973e-06,3.226482972236114e-06,False,False,False,False,False,False,False,False,False,False,False,False,False,1,1,False,1.116666666666667,False,False,False,8.79022674560547,1386.5134999999998,2,0.0002024393947062,3.2957942369741973e-06,74,929,False,929.0,False,False,False,False,0.9760084085539827,0.01627959541077978,0.015937232002686267
ARDYEYLWGEFDY,H4-34,K1-39,True,44,1,1,0.0002024393947062,3.2957942369741973e-06,3.226482972236114e-06,False,False,False,False,False,False,False,False,False,True,False,False,False,-3,-3,False,1.0384615384615383,False,False,False,4.050025558471679,1726.7939,1,0.0002024393947062,3.2957942369741973e-06,117,930,False,930.0,False,False,False,False,0.9760084085539827,0.01627959541077978,0.015937232002686267
AREGYAGLSFDY,H4-34,K4-1,True,44,1,1,0.0002024393947062,3.2957942369741973e-06,3.226482972236114e-06,False,False,False,False,False,False,False,False,False,False,False,False,False,-1,-1,False,1.825,False,False,False,4.370375442504883,1348.4159,1,0.0002024393947062,3.2957942369741973e-06,137,931,False,931.0,False,False,False,False,0.9760084085539827,0.01627959541077978,0.015937232002686267
ARFEDLEDPPFDY,H3-23_A,UNK,True,44,1,1,0.0002024393947062,3.2957942369741973e-06,3.226482972236114e-06,False,False,False,False,True,False,False,False,False,True,False,False,False,-4,-4,False,2.0461538461538464,False,False,False,4.050025558471679,1613.6779,1,0.0002024393947062,3.2957942369741973e-06,165,932,False,932.0,False,False,False,False,0.9760084085539827,0.01627959541077978,0.015937232002686267
ARFNADVETGFDY,H3-23_A,K3-15,True,44,1,1,0.0002024393947062,3.2957942369741973e-06,3.226482972236114e-06,False,False,False,False,False,False,False,False,False,True,False,False,False,-2,-2,False,2.315384615384616,False,False,False,4.050025558471679,1504.5552,1,0.0002024393947062,3.2957942369741973e-06,182,933,False,933.0,False,False,False,False,0.9760084085539827,0.01627959541077978,0.015937232002686267
ARGWTDYWGDEFDY,H1-69,K1-39,True,44,1,1,0.0002024393947062,3.2957942369741973e-06,3.226482972236114e-06,False,False,False,False,False,False,False,False,False,True,False,False,False,-3,-3,False,1.9785714285714289,False,False,False,4.050025558471679,1780.8016,1,0.0002024393947062,3.2957942369741973e-06,270,934,False,934.0,False,False,False,False,0.9760084085539827,0.01627959541077978,0.015937232002686267
ARGYLASGEEFDY,H1-69,K1-39,True,44,1,1,0.0002024393947062,3.2957942369741973e-06,3.226482972236114e-06,False,False,False,False,False,False,False,False,False,True,False,False,False,-2,-2,False,2.284615384615385,False,False,False,4.137435531616211,1477.5299,1,0.0002024393947062,3.2957942369741973e-06,278,935,False,935.0,False,False,False,False,0.9760084085539827,0.01627959541077978,0.015937232002686267
ARLKAEDYVSSGPFDY,H3-23_A,K4-1,True,44,1,1,0.0002024393947062,3.2957942369741973e-06,3.226482972236114e-06,False,False,False,False,False,False,False,False,False,True,False,False,False,-1,-1,False,2.3000000000000003,False,False,False,4.558281326293945,1817.9478,1,0.0002024393947062,3.2957942369741973e-06,321,936,False,936.0,False,False,False,False,0.9760084085539827,0.01627959541077978,0.015937232002686267
ARWSLSDLGDPFDY,H3-23_A,K4-1,True,44,1,1,0.0002024393947062,3.2957942369741973e-06,3.226482972236114e-06,False,False,False,False,True,False,False,False,False,False,False,False,False,-2,-2,False,1.2571428571428571,False,False,False,4.050025558471679,1641.7342999999998,1,0.0002024393947062,3.2957942369741973e-06,491,937,False,937.0,False,False,False,False,0.9760084085539827,0.01627959541077978,0.015937232002686267
ARARADIGYVFDY,H1-69,K3-20,True,43,1,1,0.0001978384993719,3.2957942369741973e-06,3.226482972236114e-06,False,False,False,False,False,False,False,False,False,False,False,False,False,0,0,False,1.2076923076923078,False,False,False,6.004021835327148,1516.6553,2,0.0001978384993719,3.2957942369741973e-06,53,938,False,938.0,False,False,False,False,0.9760084085539827,0.01665817151728315,0.016307846571892496
ARARKSTNAFDY,H3-23_A,K4-1,True,43,1,1,0.0001978384993719,3.2957942369741973e-06,3.226482972236114e-06,False,False,False,False,False,False,False,False,False,False,False,False,False,2,2,False,3.1666666666666665,False,False,False,9.98676300048828,1399.5109,2,0.0001978384993719,3.2957942369741973e-06,58,939,False,939.0,False,False,False,False,0.9760084085539827,0.01665817151728315,0.016307846571892496
ARARVSEGYVFDY,H1-69,K3-20,True,43,1,1,0.0001978384993719,3.2957942369741973e-06,3.226482972236114e-06,False,False,False,False,False,False,False,False,False,False,False,False,False,0,0,False,1.7076923076923078,False,False,False,6.113258743286132,1532.6546999999998,2,0.0001978384993719,3.2957942369741973e-06,62,940,False,940.0,False,False,False,False,0.9760084085539827,0.01665817151728315,0.016307846571892496
ARGRKGSNAFDY,H3-23_A,K4-1,True,43,1,1,0.0001978384993719,3.2957942369741973e-06,3.226482972236114e-06,False,False,False,False,False,False,False,False,False,False,False,False,False,2,2,False,3.5083333333333333,False,False,False,9.98676300048828,1341.4317,2,0.0001978384993719,3.2957942369741973e-06,235,941,False,941.0,False,False,False,False,0.9760084085539827,0.01665817151728315,0.016307846571892496
ARPGSSGIKGNAFDY,H3-23_A,K4-1,True,43,1,1,0.0001978384993719,3.2957942369741973e-06,3.226482972236114e-06,False,False,False,False,False,False,False,False,False,False,False,False,False,1,1,False,2.9466666666666668,False,False,False,8.63377227783203,1539.6473999999998,1,0.0001978384993719,3.2957942369741973e-06,347,942,False,942.0,False,False,False,False,0.9760084085539827,0.01665817151728315,0.016307846571892496
ARSLWGEEFDY,H3-7_A,K1-39,True,43,1,1,0.0001978384993719,3.2957942369741973e-06,3.226482972236114e-06,False,False,False,False,False,False,False,False,False,True,False,False,False,-2,-2,False,1.2545454545454546,False,False,False,4.137435531616211,1372.4374,1,0.0001978384993719,3.2957942369741973e-06,16,943,False,943.0,False,False,False,False,0.9760084085539827,0.01665817151728315,0.016307846571892496
ARHGITTGPEFDY,H3-23_A,K4-1,True,42,1,1,0.0001932376040377,3.2957942369741973e-06,3.226482972236114e-06,False,False,False,False,False,False,False,False,False,True,False,False,False,-1,0,False,2.3846153846153846,False,False,False,5.322224044799805,1463.5498,1,0.0001932376040377,3.2957942369741973e-06,287,944,False,944.0,False,False,False,False,0.9760084085539827,0.017054774124553865,0.01669610854066098
ARLEPGYADYVFDY,H1-69,K3-15,True,42,1,1,0.0001932376040377,3.2957942369741973e-06,3.226482972236114e-06,False,False,False,False,False,False,False,False,False,False,False,False,False,-2,-2,False,1.1571428571428573,False,False,False,4.050025558471679,1678.7940999999998,1,0.0001932376040377,3.2957942369741973e-06,316,945,False,945.0,False,False,False,False,0.9760084085539827,0.017054774124553865,0.01669610854066098
ARSPRGSNPFDY,H3-23_A,K4-1,True,42,1,1,0.0001932376040377,3.2957942369741973e-06,3.226482972236114e-06,False,False,False,False,False,False,False,False,False,False,False,False,False,1,1,False,3.2750000000000004,False,False,False,8.79022674560547,1366.4379,2,0.0001932376040377,3.2957942369741973e-06,411,946,False,946.0,False,False,False,False,0.9760084085539827,0.017054774124553865,0.01669610854066098
ARARVYSNAFDY,H3-23_A,K4-1,True,41,1,1,0.0001886367087035,3.2957942369741973e-06,3.226482972236114e-06,False,False,False,False,False,False,False,False,False,False,False,False,False,1,1,False,1.7916666666666667,False,False,False,8.632579040527343,1432.5389,2,0.0001886367087035,3.2957942369741973e-06,27,947,False,947.0,False,False,False,False,0.9760084085539827,0.01747072217493212,0.017103309113689576
ARDPHTYTKGHTFDY,H3-23_A,K4-1,True,41,1,1,0.0001886367087035,3.2957942369741973e-06,3.226482972236114e-06,False,False,False,False,True,False,False,False,False,False,False,False,False,0,2,False,3.106666666666667,False,False,False,6.959704208374023,1808.903,1,0.0001886367087035,3.2957942369741973e-06,105,948,False,948.0,False,False,False,False,0.9760084085539827,0.01747072217493212,0.017103309113689576
ARDYLGWGEFDY,H4-34,K4-1,True,41,1,1,0.0001886367087035,3.2957942369741973e-06,3.226482972236114e-06,False,False,False,False,False,False,False,False,False,True,False,False,False,-2,-2,False,1.1083333333333336,False,False,False,4.050025558471679,1491.558,1,0.0001886367087035,3.2957942369741973e-06,101,949,False,949.0,False,False,False,False,0.9760084085539827,0.01747072217493212,0.017103309113689576
ARLGTWSSGPAFDY,H3-23_A,K4-1,True,41,1,1,0.0001886367087035,3.2957942369741973e-06,3.226482972236114e-06,False,False,False,False,False,False,False,False,False,False,False,False,False,0,0,False,1.4142857142857146,False,False,False,5.880318832397459,1527.635,1,0.0001886367087035,3.2957942369741973e-06,319,950,False,950.0,False,False,False,False,0.9760084085539827,0.01747072217493212,0.017103309113689576
ARPDYISESGRYQAFDP,H3-23_A,K4-1,True,41,1,1,0.0001886367087035,3.2957942369741973e-06,3.226482972236114e-06,False,False,False,False,True,False,False,False,False,False,False,False,False,-1,-1,False,2.8411764705882354,False,False,False,4.558281326293945,1972.0746,2,0.0001886367087035,3.2957942369741973e-06,339,951,False,951.0,False,False,False,False,0.9760084085539827,0.01747072217493212,0.017103309113689576
ARSQVIGYGWGFDY,H1-69,K3-20,True,41,1,1,0.0001886367087035,3.2957942369741973e-06,3.226482972236114e-06,False,False,False,False,False,False,False,False,False,False,False,False,False,0,0,False,0.8,False,False,False,5.87944984436035,1618.7453999999998,1,0.0001886367087035,3.2957942369741973e-06,413,952,False,952.0,False,False,False,False,0.9760084085539827,0.01747072217493212,0.017103309113689576
ARSVWGEEFDY,H3-7_A,K1-39,True,41,1,1,0.0001886367087035,3.2957942369741973e-06,3.226482972236114e-06,False,False,False,False,False,False,False,False,False,True,False,False,False,-2,-2,False,1.7545454545454546,False,False,False,4.137435531616211,1358.4108,1,0.0001886367087035,3.2957942369741973e-06,271,953,False,953.0,False,False,False,False,0.9760084085539827,0.01747072217493212,0.017103309113689576
ARSWGTLYGNVFDY,H3-23_A,K4-1,True,41,1,1,0.0001886367087035,3.2957942369741973e-06,3.226482972236114e-06,False,False,False,False,False,False,False,False,False,False,False,False,False,0,0,False,0.7500000000000001,False,False,False,5.87944984436035,1648.7714,1,0.0001886367087035,3.2957942369741973e-06,427,954,False,954.0,False,False,False,False,0.9760084085539827,0.01747072217493212,0.017103309113689576
ARAQLPDFADEFDY,H1-69,K1-39,True,40,1,1,0.0001840358133692,3.2957942369741973e-06,3.226482972236114e-06,False,False,False,False,False,False,False,False,False,True,False,False,False,-3,-3,False,1.9214285714285717,False,False,False,4.050025558471679,1657.7336999999998,1,0.0001840358133692,3.2957942369741973e-06,52,955,False,955.0,False,False,False,False,0.9760084085539827,0.01790746649782661,0.017530868609131126
ARGQGYLPTWRYEDFDY,H1-69,K3-20,True,40,1,1,0.0001840358133692,3.2957942369741973e-06,3.226482972236114e-06,False,False,False,False,False,False,False,False,False,True,False,False,False,-1,-1,False,1.7000000000000002,False,False,False,4.558281326293945,2137.2652,2,0.0001840358133692,3.2957942369741973e-06,244,956,False,956.0,False,False,False,False,0.9760084085539827,0.01790746649782661,0.017530868609131126
ARGRGDYIWTVHQPFDI,H5-51,K3-20,True,40,1,1,0.0001840358133692,3.2957942369741973e-06,3.226482972236114e-06,False,False,False,False,False,False,False,False,False,False,False,False,False,0,1,False,0.9705882352941176,False,False,False,6.791580581665039,2031.2327,2,0.0001840358133692,3.2957942369741973e-06,248,957,False,957.0,False,False,False,False,0.9760084085539827,0.01790746649782661,0.017530868609131126
ARLAGRAGIGANLFDP,H3-23_A,K4-1,True,40,1,1,0.0001840358133692,3.2957942369741973e-06,3.226482972236114e-06,False,False,False,False,True,False,False,False,False,False,False,False,False,1,1,False,1.0875,False,False,False,9.643601989746092,1598.804,2,0.0001840358133692,3.2957942369741973e-06,313,958,False,958.0,False,False,False,False,0.9760084085539827,0.01790746649782661,0.017530868609131126
ARVSLSPHVEYGTFDY,H1-69,K3-15,True,40,1,1,0.0001840358133692,3.2957942369741973e-06,3.226482972236114e-06,False,False,False,False,False,False,False,False,False,False,False,False,False,-1,0,False,1.4125,False,False,False,5.322224044799805,1840.9844000000005,1,0.0001840358133692,3.2957942369741973e-06,470,959,False,959.0,False,False,False,False,0.9760084085539827,0.01790746649782661,0.017530868609131126
ARAKRGSNAFDY,UNK,K4-1,True,39,1,1,0.000179434918035,3.2957942369741973e-06,3.226482972236114e-06,False,False,False,False,False,False,False,False,False,False,False,False,False,2,2,False,3.208333333333333,False,False,False,9.98676300048828,1355.4583,2,0.000179434918035,3.2957942369741973e-06,42,960,False,960.0,False,False,False,False,0.9760084085539827,0.018366606717340226,0.0179803530106481
ARAKRLTNAFDY,UNK,K4-1,True,39,1,1,0.000179434918035,3.2957942369741973e-06,3.226482972236114e-06,False,False,False,False,False,False,False,False,False,False,False,False,False,2,2,False,1.8583333333333336,False,False,False,9.98676300048828,1425.5911999999998,2,0.000179434918035,3.2957942369741973e-06,43,961,False,961.0,False,False,False,False,0.9760084085539827,0.018366606717340226,0.0179803530106481
ARDYLGWGEFDY,H4-34,K3-15,True,39,1,1,0.000179434918035,3.2957942369741973e-06,3.226482972236114e-06,False,False,False,False,False,False,False,False,False,True,False,False,False,-2,-2,False,1.1083333333333336,False,False,False,4.050025558471679,1491.558,1,0.000179434918035,3.2957942369741973e-06,101,962,False,962.0,False,False,False,False,0.9760084085539827,0.018366606717340226,0.0179803530106481
ARHVRGANYFDY,H3-23_A,K4-1,True,39,1,1,0.000179434918035,3.2957942369741973e-06,3.226482972236114e-06,False,False,False,False,False,False,False,False,False,False,False,False,False,1,2,False,1.7250000000000003,False,False,False,8.638685607910158,1468.5743,2,0.000179434918035,3.2957942369741973e-06,304,963,False,963.0,False,False,False,False,0.9760084085539827,0.018366606717340226,0.0179803530106481
ARSRHGLNAFDY,H3-23_A,K4-1,True,39,1,1,0.000179434918035,3.2957942369741973e-06,3.226482972236114e-06,False,False,False,False,False,False,False,False,False,False,False,False,False,1,2,False,1.9666666666666668,False,False,False,8.796192932128907,1406.505,2,0.000179434918035,3.2957942369741973e-06,418,964,False,964.0,False,False,False,False,0.9760084085539827,0.018366606717340226,0.0179803530106481
ARVSYASDAGSPFDY,H1-69,K3-15,True,39,1,1,0.000179434918035,3.2957942369741973e-06,3.226482972236114e-06,False,False,False,False,False,False,False,False,False,False,False,False,False,-1,-1,False,2.74,False,False,False,4.207874679565429,1605.6591,1,0.000179434918035,3.2957942369741973e-06,473,965,False,965.0,False,False,False,False,0.9760084085539827,0.018366606717340226,0.0179803530106481
ARFTPQIYGEEFDY,H3-23_A,K4-1,True,38,1,1,0.0001748340227008,3.2957942369741973e-06,3.226482972236114e-06,False,False,False,False,False,False,False,False,False,True,False,False,False,-2,-2,False,1.4785714285714289,False,False,False,4.137435531616211,1735.8455,1,0.0001748340227008,3.2957942369741973e-06,193,966,False,966.0,False,False,False,False,0.9760084085539827,0.018849910829460213,0.018453493132890218
ARGLIIESDEEFDY,H1-69,K1-39,True,38,1,1,0.0001748340227008,3.2957942369741973e-06,3.226482972236114e-06,False,False,False,False,False,False,False,False,False,True,False,False,False,-4,-4,False,1.8285714285714287,False,False,False,4.050025558471679,1656.7441,1,0.0001748340227008,3.2957942369741973e-06,209,967,False,967.0,False,False,False,False,0.9760084085539827,0.018849910829460213,0.018453493132890218
ARHQRGSPYFDY,H3-23_A,K4-1,True,38,1,1,0.0001748340227008,3.2957942369741973e-06,3.226482972236114e-06,False,False,False,False,False,False,False,False,False,False,False,False,False,1,2,False,2.4916666666666667,False,False,False,8.638685607910158,1496.5845,2,0.0001748340227008,3.2957942369741973e-06,299,968,False,968.0,False,False,False,False,0.9760084085539827,0.018849910829460213,0.018453493132890218
ARSLGHPYGNAFDY,H3-23_A,K4-1,True,38,1,1,0.0001748340227008,3.2957942369741973e-06,3.226482972236114e-06,False,False,False,False,False,False,False,False,False,False,False,False,False,0,1,False,1.8071428571428572,False,False,False,6.787184524536133,1567.659,1,0.0001748340227008,3.2957942369741973e-06,405,969,False,969.0,False,False,False,False,0.9760084085539827,0.018849910829460213,0.018453493132890218
ARSRQYSNAFDY,H3-23_A,K4-1,True,38,1,1,0.0001748340227008,3.2957942369741973e-06,3.226482972236114e-06,False,False,False,False,False,False,False,False,False,False,False,False,False,1,1,False,2.966666666666667,False,False,False,8.632579040527343,1477.5365,2,0.0001748340227008,3.2957942369741973e-06,422,970,False,970.0,False,False,False,False,0.9760084085539827,0.018849910829460213,0.018453493132890218
ARTSLEGTLDY,H4-34,K4-1,True,38,1,1,0.0001748340227008,3.2957942369741973e-06,3.226482972236114e-06,False,False,False,False,False,False,False,False,False,False,False,False,False,-1,-1,False,2.4000000000000004,False,False,False,4.370375442504883,1225.3051,1,0.0001748340227008,3.2957942369741973e-06,257,971,False,971.0,False,False,False,False,0.9760084085539827,0.018849910829460213,0.018453493132890218
ARDEWGETFDY,H1-69,K1-39,True,37,1,1,0.0001702331273665,3.2957942369741973e-06,3.226482972236114e-06,False,False,False,False,False,False,False,False,False,True,False,False,False,-3,-3,False,2.8818181818181823,False,False,False,4.050025558471679,1388.3938,1,0.0001702331273665,3.2957942369741973e-06,93,972,False,972.0,False,False,False,False,0.9760084085539827,0.019359337953649077,0.01895220689461449
AREHGSEGAFDY,H1-69,K1-39,True,37,1,1,0.0001702331273665,3.2957942369741973e-06,3.226482972236114e-06,False,False,False,False,False,False,False,False,False,False,False,False,False,-2,-1,False,3.575,False,False,False,4.651314163208007,1338.3384,1,0.0001702331273665,3.2957942369741973e-06,144,973,False,973.0,False,False,False,False,0.9760084085539827,0.019359337953649077,0.01895220689461449
ARGELWDWSLYGFDP,H1-69,K1-39,True,37,1,1,0.0001702331273665,3.2957942369741973e-06,3.226482972236114e-06,False,False,False,False,True,False,False,False,False,False,False,False,False,-2,-2,False,0.3066666666666668,False,False,False,4.050025558471679,1811.9448,1,0.0001702331273665,3.2957942369741973e-06,216,974,False,974.0,True,True,True,False,0.9760084085539827,0.019359337953649077,0.01895220689461449
ARGVYAEEFDY,H1-69,K1-39,True,37,1,1,0.0001702331273665,3.2957942369741973e-06,3.226482972236114e-06,False,False,False,False,False,False,False,False,False,True,False,False,False,-2,-2,False,2.090909090909091,False,False,False,4.137435531616211,1319.3747,1,0.0001702331273665,3.2957942369741973e-06,265,975,False,975.0,False,False,False,False,0.9760084085539827,0.019359337953649077,0.01895220689461449
ARLNYDITDIYVFDI,H1-69,K3-20,True,37,1,1,0.0001702331273665,3.2957942369741973e-06,3.226482972236114e-06,False,False,False,False,False,False,False,False,False,False,False,False,False,-2,-2,False,-0.0933333333333332,False,False,False,4.050025558471679,1831.0292,1,0.0001702331273665,3.2957942369741973e-06,324,976,False,976.0,False,False,False,False,0.9760084085539827,0.019359337953649077,0.01895220689461449
ARSRVYSNAFDY,H3-23_A,K4-1,True,37,1,1,0.0001702331273665,3.2957942369741973e-06,3.226482972236114e-06,False,False,False,False,False,False,False,False,False,False,False,False,False,1,1,False,2.1583333333333337,False,False,False,8.632579040527343,1448.5383,2,0.0001702331273665,3.2957942369741973e-06,422,977,False,977.0,False,False,False,False,0.9760084085539827,0.019359337953649077,0.01895220689461449
ARALYGEEFDY,H4-34,K1-39,True,36,1,1,0.0001656322320323,3.2957942369741973e-06,3.226482972236114e-06,False,False,False,False,False,False,False,False,False,True,False,False,False,-2,-2,False,1.5909090909090908,False,False,False,4.137435531616211,1333.4013,1,0.0001656322320323,3.2957942369741973e-06,16,978,False,978.0,False,False,False,False,0.9760084085539827,0.019897064876133293,0.019478625303762837
AREESWHLGSFDY,H1-69,K3-20,True,36,1,1,0.0001656322320323,3.2957942369741973e-06,3.226482972236114e-06,False,False,False,False,False,False,False,False,False,True,False,False,False,-2,-1,False,1.7230769230769232,False,False,False,4.651314163208007,1596.654,1,0.0001656322320323,3.2957942369741973e-06,132,979,False,979.0,False,False,False,False,0.9760084085539827,0.019897064876133293,0.019478625303762837
AREGYEPLAFDY,H4-34,K1-39,True,36,1,1,0.0001656322320323,3.2957942369741973e-06,3.226482972236114e-06,False,False,False,False,False,False,False,False,False,False,False,False,False,-2,-2,False,1.6333333333333335,False,False,False,4.137435531616211,1430.5165,1,0.0001656322320323,3.2957942369741973e-06,143,980,False,980.0,False,False,False,False,0.9760084085539827,0.019897064876133293,0.019478625303762837
ARFETYSIDPFDY,H3-23_A,K3-15,True,36,1,1,0.0001656322320323,3.2957942369741973e-06,3.226482972236114e-06,False,False,False,False,True,False,False,False,False,False,False,False,False,-2,-2,False,1.3615384615384618,False,False,False,4.050025558471679,1623.7157,1,0.0001656322320323,3.2957942369741973e-06,169,981,False,981.0,False,False,False,False,0.9760084085539827,0.019897064876133293,0.019478625303762837
ARLGRYPNAFDY,H3-23_A,K4-1,True,36,1,1,0.0001656322320323,3.2957942369741973e-06,3.226482972236114e-06,False,False,False,False,False,False,False,False,False,False,False,False,False,1,1,False,1.2666666666666668,False,False,False,8.632579040527343,1442.5767999999998,2,0.0001656322320323,3.2957942369741973e-06,318,982,False,982.0,False,False,False,False,0.9760084085539827,0.019897064876133293,0.019478625303762837
ARPKSRTNAFDY,H3-23_A,K4-1,True,36,1,1,0.0001656322320323,3.2957942369741973e-06,3.226482972236114e-06,False,False,False,False,False,False,False,False,False,False,False,False,False,2,2,False,3.1666666666666665,False,False,False,9.98676300048828,1425.5482,2,0.0001656322320323,3.2957942369741973e-06,352,983,False,983.0,False,False,False,False,0.9760084085539827,0.019897064876133293,0.019478625303762837
ARSARYANYFDY,H3-23_A,K4-1,True,36,1,1,0.0001656322320323,3.2957942369741973e-06,3.226482972236114e-06,False,False,False,False,False,False,False,False,False,False,False,False,False,1,1,False,1.9416666666666669,False,False,False,8.539295959472657,1496.5811,2,0.0001656322320323,3.2957942369741973e-06,375,984,False,984.0,False,False,False,False,0.9760084085539827,0.019897064876133293,0.019478625303762837
ARSGRNFGLDY,H1-69,K3-20,True,36,1,1,0.0001656322320323,3.2957942369741973e-06,3.226482972236114e-06,False,False,False,False,False,False,False,False,False,False,False,False,False,1,1,False,2.2818181818181817,False,False,False,8.79022674560547,1255.3391,2,0.0001656322320323,3.2957942369741973e-06,384,985,False,985.0,False,False,False,False,0.9760084085539827,0.019897064876133293,0.019478625303762837
ARDIRQGNAFDY,H3-23_A,K4-1,True,35,1,1,0.0001610313366981,3.2957942369741973e-06,3.226482972236114e-06,False,False,False,False,False,False,False,False,False,False,False,False,False,0,0,False,2.6833333333333336,False,False,False,6.004890823364257,1425.505,2,0.0001610313366981,3.2957942369741973e-06,95,986,False,986.0,False,False,False,False,0.9760084085539827,0.02046551714329556,0.02003512289695358
ARGRLHLNAFDY,H3-23_A,K4-1,True,35,1,1,0.0001610313366981,3.2957942369741973e-06,3.226482972236114e-06,False,False,False,False,False,False,False,False,False,False,False,False,False,1,2,False,0.6583333333333335,False,False,False,8.796192932128907,1432.5853,2,0.0001610313366981,3.2957942369741973e-06,251,987,False,987.0,False,False,False,False,0.9760084085539827,0.02046551714329556,0.02003512289695358
ARGVEFGDHPSYFDP,H1-69,K4-1,True,35,1,1,0.0001610313366981,3.2957942369741973e-06,3.226482972236114e-06,False,False,False,False,True,False,False,False,False,False,False,False,False,-2,-1,False,2.286666666666667,False,False,False,4.536607742309571,1693.7691,1,0.0001610313366981,3.2957942369741973e-06,263,988,False,988.0,False,False,False,False,0.9760084085539827,0.02046551714329556,0.02003512289695358
ARLHYSAHANDFDY,H3-23_A,K4-1,True,35,1,1,0.0001610313366981,3.2957942369741973e-06,3.226482972236114e-06,False,False,False,False,False,False,False,False,False,True,False,False,False,-1,1,False,1.8571428571428572,False,False,False,5.982194900512695,1679.7458,1,0.0001610313366981,3.2957942369741973e-06,320,989,False,989.0,False,False,False,False,0.9760084085539827,0.02046551714329556,0.02003512289695358
ARPRTYTNAFDY,H3-23_A,K4-1,True,35,1,1,0.0001610313366981,3.2957942369741973e-06,3.226482972236114e-06,False,False,False,False,False,False,False,False,False,False,False,False,False,1,1,False,2.4250000000000003,False,False,False,8.632579040527343,1474.5757,2,0.0001610313366981,3.2957942369741973e-06,18,990,False,990.0,False,False,False,False,0.9760084085539827,0.02046551714329556,0.02003512289695358
ARSLRYSNAFDY,H3-23_A,K4-1,True,35,1,1,0.0001610313366981,3.2957942369741973e-06,3.226482972236114e-06,False,False,False,False,False,False,False,False,False,False,False,False,False,1,1,False,1.7000000000000002,False,False,False,8.632579040527343,1462.5649,2,0.0001610313366981,3.2957942369741973e-06,407,991,False,991.0,False,False,False,False,0.9760084085539827,0.02046551714329556,0.02003512289695358
ARSRVFGYGWAFDY,H1-69,K3-20,True,35,1,1,0.0001610313366981,3.2957942369741973e-06,3.226482972236114e-06,False,False,False,False,False,False,False,False,False,False,False,False,False,1,1,False,0.3285714285714287,False,False,False,8.632579040527343,1694.8447,2,0.0001610313366981,3.2957942369741973e-06,425,993,False,993.0,False,False,False,False,0.9760084085539827,0.02046551714329556,0.02003512289695358
ARSSGYRGNLFDY,H3-23_A,K4-1,True,35,1,1,0.0001610313366981,3.2957942369741973e-06,3.226482972236114e-06,False,False,False,False,False,False,False,False,False,False,False,False,False,1,1,False,2.284615384615385,False,False,False,8.632579040527343,1505.5896,2,0.0001610313366981,3.2957942369741973e-06,410,994,False,994.0,False,False,False,False,0.9760084085539827,0.02046551714329556,0.02003512289695358
ARFIAEYATPYGFDP,H3-23_A,K1-39,True,34,1,1,0.0001564304413638,3.2957942369741973e-06,3.226482972236114e-06,False,False,False,False,True,False,False,False,False,False,False,False,False,-1,-1,False,0.8800000000000002,False,False,False,4.370375442504883,1717.8733000000002,1,0.0001564304413638,3.2957942369741973e-06,173,995,False,995.0,False,False,False,False,0.9760084085539827,0.02106740564167724,0.020624353550198534
ARGERGVDLWDPGAFDY,H1-69,K1-39,True,34,1,1,0.0001564304413638,3.2957942369741973e-06,3.226482972236114e-06,False,False,False,False,True,False,False,False,False,False,False,False,False,-2,-2,False,2.094117647058824,False,False,False,4.226021194458009,1924.0333,2,0.0001564304413638,3.2957942369741973e-06,217,996,False,996.0,False,False,False,False,0.9760084085539827,0.02106740564167724,0.020624353550198534
ARSLAGSNAFDY,H3-23_A,K4-1,True,34,1,1,0.0001564304413638,3.2957942369741973e-06,3.226482972236114e-06,False,False,False,False,False,False,False,False,False,False,False,False,False,0,0,False,2.1583333333333337,False,False,False,5.880318832397459,1271.3352,1,0.0001564304413638,3.2957942369741973e-06,398,997,False,997.0,False,False,False,False,0.9760084085539827,0.02106740564167724,0.020624353550198534
ARYSHGVFDAPSAFDI,H1-69,K1-39,True,34,1,1,0.0001564304413638,3.2957942369741973e-06,3.226482972236114e-06,False,False,False,False,False,False,False,False,False,False,False,False,False,-1,0,False,1.3375,False,False,False,5.212373733520507,1752.8793,1,0.0001564304413638,3.2957942369741973e-06,495,998,False,998.0,False,False,False,False,0.9760084085539827,0.02106740564167724,0.020624353550198534
ARAKRGSNAFDY,H3-23_A,K1-39,True,33,1,1,0.0001518295460296,3.2957942369741973e-06,3.226482972236114e-06,False,False,False,False,False,False,False,False,False,False,False,False,False,2,2,False,3.208333333333333,False,False,False,9.98676300048828,1355.4583,2,0.0001518295460296,3.2957942369741973e-06,42,999,False,999.0,False,False,False,False,0.9760084085539827,0.021705769828445787,0.021249292800224355
ARDEDRGLAFDY,H1-69,K3-20,True,33,1,1,0.0001518295460296,3.2957942369741973e-06,3.226482972236114e-06,False,False,False,False,False,False,False,False,False,True,False,False,False,-2,-2,False,2.983333333333334,False,False,False,4.226021194458009,1427.4746,2,0.0001518295460296,3.2957942369741973e-06,90,1000,False,1000.0,False,False,False,False,0.9760084085539827,0.021705769828445787,0.021249292800224355
ARGQVALYTEEFDY,H1-69,K1-39,True,33,1,1,0.0001518295460296,3.2957942369741973e-06,3.226482972236114e-06,False,False,False,False,False,False,False,False,False,True,False,False,False,-2,-2,False,1.7857142857142858,False,False,False,4.137435531616211,1661.7654,1,0.0001518295460296,3.2957942369741973e-06,246,1001,False,1001.0,False,False,False,False,0.9760084085539827,0.021705769828445787,0.021249292800224355
ARPEWSGYSYVPFDP,H3-23_A,K3-20,True,33,1,1,0.0001518295460296,3.2957942369741973e-06,3.226482972236114e-06,False,False,False,False,True,False,False,False,False,False,False,False,False,-1,-1,False,1.4933333333333334,False,False,False,4.370375442504883,1770.8928999999998,1,0.0001518295460296,3.2957942369741973e-06,343,1002,False,1002.0,False,False,False,False,0.9760084085539827,0.021705769828445787,0.021249292800224355
ARSGEFGEEFDY,H3-7_A,K1-39,True,33,1,1,0.0001518295460296,3.2957942369741973e-06,3.226482972236114e-06,False,False,False,False,False,False,False,False,False,True,False,False,False,-3,-3,False,3.108333333333334,False,False,False,4.050025558471679,1406.409,1,0.0001518295460296,3.2957942369741973e-06,383,1003,False,1003.0,False,False,False,False,0.9760084085539827,0.021705769828445787,0.021249292800224355
ARWARTIQHEPFDY,H3-23_A,K1-39,True,33,1,1,0.0001518295460296,3.2957942369741973e-06,3.226482972236114e-06,False,False,False,False,False,False,False,False,False,False,False,False,False,0,1,False,1.192857142857143,False,False,False,6.796487808227539,1789.946,2,0.0001518295460296,3.2957942369741973e-06,476,1004,False,1004.0,False,False,False,False,0.9760084085539827,0.021705769828445787,0.021249292800224355
ARDIWLGNAFDY,H3-23_A,K4-1,True,32,1,1,0.0001472286506954,3.2957942369741973e-06,3.226482972236114e-06,False,False,False,False,False,False,False,False,False,False,False,False,False,-1,-1,False,0.2333333333333335,False,False,False,4.207874679565429,1440.5576,1,0.0001472286506954,3.2957942369741973e-06,99,1005,False,1005.0,False,False,False,False,0.9760084085539827,0.022384029067152842,0.02191328810062856
ARDPPWSSIWPDFDP,H3-23_A,K4-1,True,32,1,1,0.0001472286506954,3.2957942369741973e-06,3.226482972236114e-06,False,False,False,False,True,False,False,False,False,True,False,False,False,-2,-2,False,1.3666666666666667,False,False,False,4.050025558471679,1785.9077000000002,1,0.0001472286506954,3.2957942369741973e-06,106,1006,False,1006.0,False,False,False,False,0.9760084085539827,0.022384029067152842,0.02191328810062856
ARDYLGWGEFDY,H4-34,K1-39,True,32,1,1,0.0001472286506954,3.2957942369741973e-06,3.226482972236114e-06,False,False,False,False,False,False,False,False,False,True,False,False,False,-2,-2,False,1.1083333333333336,False,False,False,4.050025558471679,1491.558,1,0.0001472286506954,3.2957942369741973e-06,101,1007,False,1007.0,False,False,False,False,0.9760084085539827,0.022384029067152842,0.02191328810062856
AREPYPGDAPFYFDP,H3-23_A,K3-15,True,32,1,1,0.0001472286506954,3.2957942369741973e-06,3.226482972236114e-06,False,False,False,True,True,False,False,False,False,False,False,False,False,-2,-2,False,1.8733333333333333,False,False,False,4.050025558471679,1741.8517000000002,1,0.0001472286506954,3.2957942369741973e-06,149,1008,False,1008.0,False,False,False,False,0.9760084085539827,0.022384029067152842,0.02191328810062856
ARGTRGANYFDY,H3-23_A,K4-1,True,32,1,1,0.0001472286506954,3.2957942369741973e-06,3.226482972236114e-06,False,False,False,False,False,False,False,False,False,False,False,False,False,1,1,False,2.766666666666667,False,False,False,8.632579040527343,1390.4592,2,0.0001472286506954,3.2957942369741973e-06,229,1009,False,1009.0,True,False,False,False,0.9760084085539827,0.022384029067152842,0.02191328810062856
ARSGSFGEDFDY,H3-7_A,K1-39,True,32,1,1,0.0001472286506954,3.2957942369741973e-06,3.226482972236114e-06,False,False,False,False,False,False,False,False,False,True,False,False,False,-2,-2,False,3.1833333333333336,False,False,False,4.050025558471679,1350.3457,1,0.0001472286506954,3.2957942369741973e-06,381,1010,False,1010.0,False,False,False,False,0.9760084085539827,0.022384029067152842,0.02191328810062856
ARSLRSTNAFDY,H3-23_A,K4-1,True,32,1,1,0.0001472286506954,3.2957942369741973e-06,3.226482972236114e-06,False,False,False,False,False,False,False,False,False,False,False,False,False,1,1,False,2.291666666666667,False,False,False,8.79022674560547,1400.4956,2,0.0001472286506954,3.2957942369741973e-06,407,1011,False,1011.0,False,False,False,False,0.9760084085539827,0.022384029067152842,0.02191328810062856
ARGIYGEEFDY,H4-34,K1-39,True,31,1,1,0.0001426277553611,3.2957942369741973e-06,3.226482972236114e-06,False,False,False,False,False,False,False,False,False,True,False,False,False,-2,-2,False,2.027272727272728,False,False,False,4.137435531616211,1319.3747,1,0.0001426277553611,3.2957942369741973e-06,40,1012,False,1012.0,False,False,False,False,0.9760084085539827,0.023106043898620005,0.022620118804225355
ARGNLWGEEFDY,H4-34,K4-1,True,31,1,1,0.0001426277553611,3.2957942369741973e-06,3.226482972236114e-06,False,False,False,False,False,False,False,False,False,True,False,False,False,-2,-2,False,1.6666666666666667,False,False,False,4.137435531616211,1456.514,1,0.0001426277553611,3.2957942369741973e-06,16,1013,False,1013.0,False,False,False,False,0.9760084085539827,0.023106043898620005,0.022620118804225355
ARGYVEYADEEFDY,H1-69,K4-1,True,31,1,1,0.0001426277553611,3.2957942369741973e-06,3.226482972236114e-06,False,False,False,False,False,False,False,False,False,True,False,False,False,-4,-4,False,2.7785714285714285,False,False,False,4.050025558471679,1726.7493,1,0.0001426277553611,3.2957942369741973e-06,264,1014,False,1014.0,False,False,False,False,0.9760084085539827,0.023106043898620005,0.022620118804225355
ARTPTAYWAYDPFDP,H3-23_A,K3-15,True,31,1,1,0.0001426277553611,3.2957942369741973e-06,3.226482972236114e-06,False,False,False,False,True,False,False,False,False,False,False,False,False,-1,-1,False,1.6133333333333335,False,False,False,4.207874679565429,1770.893,1,0.0001426277553611,3.2957942369741973e-06,448,1015,False,1015.0,False,False,False,False,0.9760084085539827,0.023106043898620005,0.022620118804225355
ARAIAWYGYVFDY,H1-69,K1-39,True,30,1,1,0.0001380268600269,3.2957942369741973e-06,3.226482972236114e-06,False,False,False,False,False,False,False,False,False,False,False,False,False,0,0,False,-0.7999999999999999,False,False,False,5.87858085632324,1594.7652999999998,1,0.0001380268600269,3.2957942369741973e-06,33,1017,False,1017.0,False,False,False,False,0.9760084085539827,0.023876189565105493,0.02337406814098315
ARAVWGEEFDY,H3-7_A,K1-39,True,30,1,1,0.0001380268600269,3.2957942369741973e-06,3.226482972236114e-06,False,False,False,False,False,False,False,False,False,True,False,False,False,-2,-2,False,1.3545454545454545,False,False,False,4.137435531616211,1342.4114,1,0.0001380268600269,3.2957942369741973e-06,16,1018,False,1018.0,False,False,False,False,0.9760084085539827,0.023876189565105493,0.02337406814098315
ARFEDLEDPPFDY,H4-34,K3-20,True,30,1,1,0.0001380268600269,3.2957942369741973e-06,3.226482972236114e-06,False,False,False,False,True,False,False,False,False,True,False,False,False,-4,-4,False,2.0461538461538464,False,False,False,4.050025558471679,1613.6779,1,0.0001380268600269,3.2957942369741973e-06,165,1019,False,1019.0,False,False,False,False,0.9760084085539827,0.023876189565105493,0.02337406814098315
ARGIFEFSPSEEFDY,H1-69,K1-39,True,30,1,1,0.0001380268600269,3.2957942369741973e-06,3.226482972236114e-06,False,False,False,False,False,False,False,False,False,True,False,False,False,-3,-3,False,1.5333333333333337,False,False,False,4.050025558471679,1793.8816000000002,1,0.0001380268600269,3.2957942369741973e-06,224,1020,False,1020.0,False,False,False,False,0.9760084085539827,0.023876189565105493,0.02337406814098315
ARPHYRTAGAFDY,H3-23_A,K4-1,True,30,1,1,0.0001380268600269,3.2957942369741973e-06,3.226482972236114e-06,False,False,False,False,False,False,False,False,False,False,False,False,False,1,2,False,2.0615384615384618,False,False,False,8.638685607910158,1524.6377,2,0.0001380268600269,3.2957942369741973e-06,337,1021,False,1021.0,False,False,False,False,0.9760084085539827,0.023876189565105493,0.02337406814098315
ARQYVAARSNAFDY,H3-23_A,K4-1,True,30,1,1,0.0001380268600269,3.2957942369741973e-06,3.226482972236114e-06,False,False,False,False,False,False,False,False,False,False,False,False,False,1,1,False,2.1142857142857143,False,False,False,8.632579040527343,1631.746,2,0.0001380268600269,3.2957942369741973e-06,373,1022,False,1022.0,False,False,False,False,0.9760084085539827,0.023876189565105493,0.02337406814098315
ARSISYGNAFDY,H3-23_A,K4-1,True,30,1,1,0.0001380268600269,3.2957942369741973e-06,3.226482972236114e-06,False,False,False,False,False,False,False,False,False,False,False,False,False,0,0,False,1.925,False,False,False,5.87944984436035,1363.4305,1,0.0001380268600269,3.2957942369741973e-06,395,1023,False,1023.0,False,False,False,False,0.9760084085539827,0.023876189565105493,0.02337406814098315
ARSFLYGEEFDY,H3-7_A,K1-39,True,29,1,1,0.0001334259646927,3.2957942369741973e-06,3.226482972236114e-06,False,False,False,False,False,False,False,False,False,True,False,False,False,-2,-2,False,1.0583333333333336,False,False,False,4.137435531616211,1496.5745,1,0.0001334259646927,3.2957942369741973e-06,379,1024,False,1024.0,False,False,False,False,0.9760084085539827,0.02469944474538283,0.024180010086985403
ARAATHTAGAFDY,H3-23_A,K4-1,True,28,1,1,0.0001288250693584,3.2957942369741973e-06,3.226482972236114e-06,False,False,False,False,False,False,False,False,False,False,False,False,False,0,1,False,2.4461538461538463,False,False,False,6.788309097290039,1351.4233,1,0.0001288250693584,3.2957942369741973e-06,8,1025,False,1025.0,False,False,False,False,0.9760084085539827,0.025581499302847335,0.02504351484657115
ARAGFDYTGYWYFDI,H1-69,K3-15,True,28,1,1,0.0001288250693584,3.2957942369741973e-06,3.226482972236114e-06,False,False,False,True,False,False,False,False,False,False,False,False,False,-1,-1,False,0.1933333333333335,False,False,False,4.207874679565429,1844.9728,1,0.0001288250693584,3.2957942369741973e-06,13,1026,False,1026.0,False,False,False,False,0.9760084085539827,0.025581499302847335,0.02504351484657115
ARAKRLTNAFDY,H4-34,K4-1,True,28,1,1,0.0001288250693584,3.2957942369741973e-06,3.226482972236114e-06,False,False,False,False,False,False,False,False,False,False,False,False,False,2,2,False,1.8583333333333336,False,False,False,9.98676300048828,1425.5911999999998,2,0.0001288250693584,3.2957942369741973e-06,43,1027,False,1027.0,False,False,False,False,0.9760084085539827,0.025581499302847335,0.02504351484657115
ARDATRNYWHDFDY,H3-23_A,K1-39,True,28,1,1,0.0001288250693584,3.2957942369741973e-06,3.226482972236114e-06,False,False,False,True,False,False,False,False,False,True,False,False,False,-1,0,False,2.4214285714285717,False,False,False,5.298965835571289,1829.8806,2,0.0001288250693584,3.2957942369741973e-06,88,1028,False,1028.0,False,False,False,False,0.9760084085539827,0.025581499302847335,0.02504351484657115
ARDYLGWGEFDY,H4-34,K3-20,True,28,1,1,0.0001288250693584,3.2957942369741973e-06,3.226482972236114e-06,False,False,False,False,False,False,False,False,False,True,False,False,False,-2,-2,False,1.1083333333333336,False,False,False,4.050025558471679,1491.558,1,0.0001288250693584,3.2957942369741973e-06,101,1029,False,1029.0,False,False,False,False,0.9760084085539827,0.025581499302847335,0.02504351484657115
AREDYVEGEFDY,H4-34,K1-39,True,28,1,1,0.0001288250693584,3.2957942369741973e-06,3.226482972236114e-06,False,False,False,False,False,False,False,False,False,True,False,False,False,-4,-4,False,3.225,False,False,False,4.050025558471679,1492.4982,1,0.0001288250693584,3.2957942369741973e-06,129,1030,False,1030.0,False,False,False,False,0.9760084085539827,0.025581499302847335,0.02504351484657115
AREHGSEGAFDY,H1-69,UNK,True,28,1,1,0.0001288250693584,3.2957942369741973e-06,3.226482972236114e-06,False,False,False,False,False,False,False,False,False,False,False,False,False,-2,-1,False,3.575,False,False,False,4.651314163208007,1338.3384,1,0.0001288250693584,3.2957942369741973e-06,144,1031,False,1031.0,False,False,False,False,0.9760084085539827,0.025581499302847335,0.02504351484657115
ARFEDLEDPPFDY,H3-23_A,K1-39,True,28,1,1,0.0001288250693584,3.2957942369741973e-06,3.226482972236114e-06,False,False,False,False,True,False,False,False,False,True,False,False,False,-4,-4,False,2.0461538461538464,False,False,False,4.050025558471679,1613.6779,1,0.0001288250693584,3.2957942369741973e-06,165,1032,False,1032.0,False,False,False,False,0.9760084085539827,0.025581499302847335,0.02504351484657115
ARGKLGSNAFDY,H3-23_A,K4-1,True,28,1,1,0.0001288250693584,3.2957942369741973e-06,3.226482972236114e-06,False,False,False,False,False,False,False,False,False,False,False,False,False,1,1,False,2.391666666666667,False,False,False,8.63377227783203,1298.4036,1,0.0001288250693584,3.2957942369741973e-06,42,1033,False,1033.0,False,False,False,False,0.9760084085539827,0.025581499302847335,0.02504351484657115
ARGPFPWYTEEFDY,H1-69,K1-39,True,28,1,1,0.0001288250693584,3.2957942369741973e-06,3.226482972236114e-06,False,False,False,False,False,False,False,False,False,True,False,False,False,-2,-2,False,1.0571428571428574,False,False,False,4.137435531616211,1777.8837999999998,1,0.0001288250693584,3.2957942369741973e-06,239,1034,False,1034.0,False,False,False,False,0.9760084085539827,0.025581499302847335,0.02504351484657115
ARGWQRGFGPAYQFDY,H1-69,K1-39,True,28,1,1,0.0001288250693584,3.2957942369741973e-06,3.226482972236114e-06,False,False,False,False,False,False,False,False,False,False,False,False,False,1,1,False,1.35,False,False,False,8.632579040527343,1919.0613,2,0.0001288250693584,3.2957942369741973e-06,269,1035,False,1035.0,False,False,False,False,0.9760084085539827,0.025581499302847335,0.02504351484657115
ARGWYFGEDFDY,H4-34,K1-39,True,28,1,1,0.0001288250693584,3.2957942369741973e-06,3.226482972236114e-06,False,False,False,True,False,False,False,False,False,True,False,False,False,-2,-2,False,1.1083333333333336,False,False,False,4.050025558471679,1525.5742,1,0.0001288250693584,3.2957942369741973e-06,272,1036,False,1036.0,False,False,False,False,0.9760084085539827,0.025581499302847335,0.02504351484657115
ARHGRIQSGPDFDY,H3-23_A,K4-1,True,28,1,1,0.0001288250693584,3.2957942369741973e-06,3.226482972236114e-06,False,False,False,False,False,False,False,False,False,True,False,False,False,0,1,False,2.821428571428572,False,False,False,6.791580581665039,1618.7076,2,0.0001288250693584,3.2957942369741973e-06,291,1037,False,1037.0,False,False,False,False,0.9760084085539827,0.025581499302847335,0.02504351484657115
ARSSRYANYFDY,H3-23_A,K4-1,True,28,1,1,0.0001288250693584,3.2957942369741973e-06,3.226482972236114e-06,False,False,False,False,False,False,False,False,False,False,False,False,False,1,1,False,2.3083333333333336,False,False,False,8.539295959472657,1512.5805,2,0.0001288250693584,3.2957942369741973e-06,429,1038,False,1038.0,False,False,False,False,0.9760084085539827,0.025581499302847335,0.02504351484657115
ARSWGKLGGNVFDY,H3-23_A,K4-1,True,28,1,1,0.0001288250693584,3.2957942369741973e-06,3.226482972236114e-06,False,False,False,False,False,False,False,False,False,False,False,False,False,1,1,False,1.3285714285714287,False,False,False,8.63377227783203,1569.7179,1,0.0001288250693584,3.2957942369741973e-06,435,1039,False,1039.0,False,False,False,False,0.9760084085539827,0.025581499302847335,0.02504351484657115
ARVRVLEQSWLAFDI,H1-69,K3-20,True,28,1,1,0.0001288250693584,3.2957942369741973e-06,3.226482972236114e-06,False,False,False,False,False,False,False,False,False,False,False,False,False,0,0,False,-0.6733333333333332,False,False,False,6.1150478363037095,1803.0689,2,0.0001288250693584,3.2957942369741973e-06,468,1040,False,1040.0,False,False,False,False,0.9760084085539827,0.025581499302847335,0.02504351484657115
ARAKRGSNAFDY,H4-34,K4-1,True,27,1,1,0.0001242241740242,3.2957942369741973e-06,3.226482972236114e-06,False,False,False,False,False,False,False,False,False,False,False,False,False,2,2,False,3.208333333333333,False,False,False,9.98676300048828,1355.4583,2,0.0001242241740242,3.2957942369741973e-06,42,1041,False,1041.0,False,False,False,False,0.9760084085539827,0.026528885975707444,0.025970977773053138
ARARIHTAGAFDY,H1-69,K4-1,True,27,1,1,0.0001242241740242,3.2957942369741973e-06,3.226482972236114e-06,False,False,False,False,False,False,False,False,False,False,False,False,False,1,2,False,1.5923076923076924,False,False,False,8.796192932128907,1448.5848,2,0.0001242241740242,3.2957942369741973e-06,57,1042,False,1042.0,False,False,False,False,0.9760084085539827,0.026528885975707444,0.025970977773053138
ARARVDIGYLFDY,H1-69,K3-20,True,27,1,1,0.0001242241740242,3.2957942369741973e-06,3.226482972236114e-06,False,False,False,False,False,False,False,False,False,False,False,False,False,0,0,False,0.3384615384615386,False,False,False,6.004021835327148,1558.735,2,0.0001242241740242,3.2957942369741973e-06,61,1043,False,1043.0,False,False,False,False,0.9760084085539827,0.026528885975707444,0.025970977773053138
ARARVSLGYVFDY,H1-69,K4-1,True,27,1,1,0.0001242241740242,3.2957942369741973e-06,3.226482972236114e-06,False,False,False,False,False,False,False,False,False,False,False,False,False,1,1,False,0.4000000000000001,False,False,False,8.632579040527343,1516.6982999999998,2,0.0001242241740242,3.2957942369741973e-06,63,1044,False,1044.0,False,False,False,False,0.9760084085539827,0.026528885975707444,0.025970977773053138
AREAILALGYGYGFDY,H3-23_A,K3-20,True,27,1,1,0.0001242241740242,3.2957942369741973e-06,3.226482972236114e-06,False,False,False,False,False,False,False,False,False,False,False,False,False,-1,-1,False,0.2562500000000002,False,False,False,4.370375442504883,1778.9562,1,0.0001242241740242,3.2957942369741973e-06,126,1045,False,1045.0,False,False,False,False,0.9760084085539827,0.026528885975707444,0.025970977773053138
AREEVIGPWLGPFDY,H3-23_A,K1-39,True,27,1,1,0.0001242241740242,3.2957942369741973e-06,3.226482972236114e-06,False,False,False,False,False,False,False,False,False,True,False,False,False,-2,-2,False,0.3666666666666668,False,False,False,4.137435531616211,1748.9304000000002,1,0.0001242241740242,3.2957942369741973e-06,134,1046,False,1046.0,False,False,False,False,0.9760084085539827,0.026528885975707444,0.025970977773053138
ARGEIQYWGDEFDY,H1-69,K1-39,True,27,1,1,0.0001242241740242,3.2957942369741973e-06,3.226482972236114e-06,False,False,False,False,False,False,False,False,False,True,False,False,False,-3,-3,False,2.021428571428572,False,False,False,4.050025558471679,1748.8012,1,0.0001242241740242,3.2957942369741973e-06,213,1047,False,1047.0,False,False,False,False,0.9760084085539827,0.026528885975707444,0.025970977773053138
ARHSRYDYSSSDAFDY,H3-23_A,K4-1,True,27,1,1,0.0001242241740242,3.2957942369741973e-06,3.226482972236114e-06,False,False,False,False,False,False,False,False,False,False,False,False,False,-1,0,False,3.4875000000000003,False,False,False,5.2989147186279295,1939.9466,2,0.0001242241740242,3.2957942369741973e-06,302,1048,False,1048.0,False,False,False,False,0.9760084085539827,0.026528885975707444,0.025970977773053138
ARPPKGSNAFDY,H3-23_A,K4-1,True,27,1,1,0.0001242241740242,3.2957942369741973e-06,3.226482972236114e-06,False,False,False,False,False,False,False,False,False,False,False,False,False,1,1,False,3.033333333333333,False,False,False,8.63377227783203,1322.4251,1,0.0001242241740242,3.2957942369741973e-06,357,1049,False,1049.0,False,False,False,False,0.9760084085539827,0.026528885975707444,0.025970977773053138
ARTASWASYSPFDY,H1-69,K4-1,True,27,1,1,0.0001242241740242,3.2957942369741973e-06,3.226482972236114e-06,False,False,False,False,False,False,False,False,False,False,False,False,False,0,0,False,1.7357142857142858,False,False,False,5.87944984436035,1621.7032,1,0.0001242241740242,3.2957942369741973e-06,66,1050,False,1050.0,False,False,False,False,0.9760084085539827,0.026528885975707444,0.025970977773053138
ARAKRLTNAFDY,H3-23_A,K3-20,True,26,1,1,0.00011962327869,3.2957942369741973e-06,3.226482972236114e-06,False,False,False,False,False,False,False,False,False,False,False,False,False,2,2,False,1.8583333333333336,False,False,False,9.98676300048828,1425.5911999999998,2,0.00011962327869,3.2957942369741973e-06,43,1052,False,1052.0,False,False,False,False,0.9760084085539827,0.027549142454871875,0.026969778038072042
ARFESYTLLGFDY,H5-51,K4-1,True,26,1,1,0.00011962327869,3.2957942369741973e-06,3.226482972236114e-06,False,False,False,False,False,False,False,False,False,False,False,False,False,-1,-1,False,0.0692307692307695,False,False,False,4.370375442504883,1581.722,1,0.00011962327869,3.2957942369741973e-06,167,1053,False,1053.0,False,False,False,False,0.9760084085539827,0.027549142454871875,0.026969778038072042
ARGERGVDLWDPGAFDY,UNK,K3-20,True,26,1,1,0.00011962327869,3.2957942369741973e-06,3.226482972236114e-06,False,False,False,False,True,False,False,False,False,False,False,False,False,-2,-2,False,2.094117647058824,False,False,False,4.226021194458009,1924.0333,2,0.00011962327869,3.2957942369741973e-06,217,1054,False,1054.0,False,False,False,False,0.9760084085539827,0.027549142454871875,0.026969778038072042
ARGTFSEEFDY,H3-23_A,K1-39,True,26,1,1,0.00011962327869,3.2957942369741973e-06,3.226482972236114e-06,False,False,False,False,False,False,False,False,False,True,False,False,False,-2,-2,False,2.636363636363636,False,False,False,4.137435531616211,1321.3476,1,0.00011962327869,3.2957942369741973e-06,234,1055,False,1055.0,False,False,False,False,0.9760084085539827,0.027549142454871875,0.026969778038072042
ARIPVYRIWDAFDY,H4-34,K3-20,True,26,1,1,0.00011962327869,3.2957942369741973e-06,3.226482972236114e-06,False,False,False,False,False,False,False,False,False,False,False,False,False,0,0,False,-0.5714285714285713,False,False,False,6.004021835327148,1785.0087999999998,2,0.00011962327869,3.2957942369741973e-06,311,1056,False,1056.0,False,False,False,False,0.9760084085539827,0.027549142454871875,0.026969778038072042
ARKRLGTNAFDY,H3-23_A,K4-1,True,26,1,1,0.00011962327869,3.2957942369741973e-06,3.226482972236114e-06,False,False,False,False,False,False,False,False,False,False,False,False,False,2,2,False,2.1583333333333337,False,False,False,9.98676300048828,1411.5646,2,0.00011962327869,3.2957942369741973e-06,59,1057,False,1057.0,False,False,False,False,0.9760084085539827,0.027549142454871875,0.026969778038072042
ARPGYPGDAPYDFDY,H1-69,K4-1,True,26,1,1,0.00011962327869,3.2957942369741973e-06,3.226482972236114e-06,False,False,False,False,False,False,False,False,False,True,False,False,False,-2,-2,False,2.746666666666667,False,False,False,4.050025558471679,1703.7606,1,0.00011962327869,3.2957942369741973e-06,348,1058,False,1058.0,False,False,False,False,0.9760084085539827,0.027549142454871875,0.026969778038072042
ARSRLGSNAFDY,H1-69,K4-1,True,26,1,1,0.00011962327869,3.2957942369741973e-06,3.226482972236114e-06,False,False,False,False,False,False,False,False,False,False,False,False,False,1,1,False,2.333333333333333,False,False,False,8.79022674560547,1356.443,2,0.00011962327869,3.2957942369741973e-06,406,1059,False,1059.0,False,False,False,False,0.9760084085539827,0.027549142454871875,0.026969778038072042
ARTGQQHSNIFDY,H3-23_A,K4-1,True,26,1,1,0.00011962327869,3.2957942369741973e-06,3.226482972236114e-06,False,False,False,False,False,False,False,False,False,False,False,False,False,0,1,False,2.746153846153846,False,False,False,6.788309097290039,1536.6037,1,0.00011962327869,3.2957942369741973e-06,444,1060,False,1060.0,False,False,False,False,0.9760084085539827,0.027549142454871875,0.026969778038072042
ARDWGISSYDVFDY,H1-69,K1-39,True,25,1,1,0.0001150223833558,3.2957942369741973e-06,3.226482972236114e-06,False,False,False,False,False,False,False,False,False,False,False,False,False,-2,-2,False,1.45,False,False,False,4.050025558471679,1693.7657,1,0.0001150223833558,3.2957942369741973e-06,114,1063,False,1063.0,False,False,False,False,0.9760084085539827,0.028651012356930548,0.02804847537807216
ARDYAYLWGEFDY,H4-34,K1-39,True,25,1,1,0.0001150223833558,3.2957942369741973e-06,3.226482972236114e-06,False,False,False,False,False,False,False,False,False,True,False,False,False,-2,-2,False,0.6000000000000002,False,False,False,4.050025558471679,1668.7578,1,0.0001150223833558,3.2957942369741973e-06,81,1064,False,1064.0,False,False,False,False,0.9760084085539827,0.028651012356930548,0.02804847537807216
ARGLFAETFDY,H1-69,K1-39,True,25,1,1,0.0001150223833558,3.2957942369741973e-06,3.226482972236114e-06,False,False,False,False,False,False,False,False,False,False,False,False,False,-1,-1,False,0.6909090909090913,False,False,False,4.370375442504883,1289.3918,1,0.0001150223833558,3.2957942369741973e-06,233,1065,False,1065.0,False,False,False,False,0.9760084085539827,0.028651012356930548,0.02804847537807216
ARHSPAVLSWQAFDI,H1-69,K4-1,True,25,1,1,0.0001150223833558,3.2957942369741973e-06,3.226482972236114e-06,False,False,False,False,False,False,False,False,False,False,False,False,False,0,1,False,0.2400000000000001,False,False,False,6.7894336700439455,1697.8903,1,0.0001150223833558,3.2957942369741973e-06,301,1066,False,1066.0,False,False,False,False,0.9760084085539827,0.028651012356930548,0.02804847537807216
ARSYGNDRGNVFDY,H3-23_A,K4-1,True,25,1,1,0.0001150223833558,3.2957942369741973e-06,3.226482972236114e-06,False,False,False,False,False,False,False,False,False,False,False,False,False,0,0,False,3.2642857142857147,False,False,False,6.004021835327148,1633.6756999999998,2,0.0001150223833558,3.2957942369741973e-06,437,1067,False,1067.0,False,False,False,False,0.9760084085539827,0.028651012356930548,0.02804847537807216
ARASFEGTLDY,H3-23_A,K3-15,True,24,1,1,0.0001104214880215,3.2957942369741973e-06,3.226482972236114e-06,False,False,False,False,False,False,False,False,False,False,False,False,False,-1,-1,False,2.118181818181818,False,False,False,4.370375442504883,1229.2953,1,0.0001104214880215,3.2957942369741973e-06,67,1068,False,1068.0,False,False,False,False,0.9760084085539827,0.02984469643597066,0.02921705602307874
AREHGSEGAFDY,H4-34,K3-20,True,24,1,1,0.0001104214880215,3.2957942369741973e-06,3.226482972236114e-06,False,False,False,False,False,False,False,False,False,False,False,False,False,-2,-1,False,3.575,False,False,False,4.651314163208007,1338.3384,1,0.0001104214880215,3.2957942369741973e-06,144,1069,False,1069.0,False,False,False,False,0.9760084085539827,0.02984469643597066,0.02921705602307874
AREQRGEHAFDY,H1-69,K3-20,True,24,1,1,0.0001104214880215,3.2957942369741973e-06,3.226482972236114e-06,False,False,False,False,False,False,False,False,False,False,False,False,False,-1,0,False,3.408333333333333,False,False,False,5.447204971313476,1478.5247,2,0.0001104214880215,3.2957942369741973e-06,150,1070,False,1070.0,False,False,False,False,0.9760084085539827,0.02984469643597066,0.02921705602307874
ARGELEDEFDY,H1-69,K4-1,True,24,1,1,0.0001104214880215,3.2957942369741973e-06,3.226482972236114e-06,False,False,False,False,False,False,False,False,False,True,False,False,False,-4,-4,False,3.190909090909091,False,False,False,4.050025558471679,1343.3516,1,0.0001104214880215,3.2957942369741973e-06,215,1071,False,1071.0,False,False,False,False,0.9760084085539827,0.02984469643597066,0.02921705602307874
ARGERGVDLWDPGAFDY,H3-23_A,K3-20,True,24,1,1,0.0001104214880215,3.2957942369741973e-06,3.226482972236114e-06,False,False,False,False,True,False,False,False,False,False,False,False,False,-2,-2,False,2.094117647058824,False,False,False,4.226021194458009,1924.0333,2,0.0001104214880215,3.2957942369741973e-06,217,1072,False,1072.0,False,False,False,False,0.9760084085539827,0.02984469643597066,0.02921705602307874
ARTRLWSGYGPNFDP,H1-69,K1-39,True,24,1,1,0.0001104214880215,3.2957942369741973e-06,3.226482972236114e-06,False,False,False,False,True,False,False,False,False,False,False,False,False,1,1,False,1.6333333333333335,False,False,False,8.79022674560547,1736.8833,2,0.0001104214880215,3.2957942369741973e-06,449,1073,False,1073.0,False,False,False,False,0.9760084085539827,0.02984469643597066,0.02921705602307874
ARASSSGSRGNVFDY,H3-23_A,K4-1,True,23,1,1,0.0001058205926873,3.2957942369741973e-06,3.226482972236114e-06,False,False,False,False,False,False,False,False,False,False,False,False,False,1,1,False,3.48,False,False,False,8.79022674560547,1573.6223,2,0.0001058205926873,3.2957942369741973e-06,72,1074,False,1074.0,False,False,False,False,0.9760084085539827,0.03114216932255453,0.03048724277458669
ARDYGDLWGEFDY,H3-23_A,K1-39,True,23,1,1,0.0001058205926873,3.2957942369741973e-06,3.226482972236114e-06,False,False,False,False,False,False,False,False,False,True,False,False,False,-3,-3,False,1.7923076923076924,False,False,False,4.050025558471679,1606.6454,1,0.0001058205926873,3.2957942369741973e-06,118,1075,False,1075.0,False,False,False,False,0.9760084085539827,0.03114216932255453,0.03048724277458669
AREGYDRVAIEYGFDY,H1-69,K3-20,True,23,1,1,0.0001058205926873,3.2957942369741973e-06,3.226482972236114e-06,False,False,False,False,False,False,False,False,False,False,False,False,False,-2,-2,False,2.0625,False,False,False,4.316753768920899,1924.0299,2,0.0001058205926873,3.2957942369741973e-06,140,1076,False,1076.0,False,False,False,False,0.9760084085539827,0.03114216932255453,0.03048724277458669
ARFIAAPESVDPFDI,H3-23_A,K3-15,True,23,1,1,0.0001058205926873,3.2957942369741973e-06,3.226482972236114e-06,False,False,False,False,True,False,False,False,False,False,False,False,False,-2,-2,False,0.7266666666666668,False,False,False,4.050025558471679,1647.8249999999998,1,0.0001058205926873,3.2957942369741973e-06,171,1077,False,1077.0,False,False,False,False,0.9760084085539827,0.03114216932255453,0.03048724277458669
ARFTDSYAVAYGFDP,H3-23_A,K4-1,True,23,1,1,0.0001058205926873,3.2957942369741973e-06,3.226482972236114e-06,False,True,False,False,True,False,False,False,False,False,False,False,False,-1,-1,False,1.606666666666667,False,False,False,4.207874679565429,1679.7822,1,0.0001058205926873,3.2957942369741973e-06,192,1078,False,1078.0,False,False,False,False,0.9760084085539827,0.03114216932255453,0.03048724277458669
ARGKLGLNAFDY,H3-23_A,K4-1,True,23,1,1,0.0001058205926873,3.2957942369741973e-06,3.226482972236114e-06,False,False,False,False,False,False,False,False,False,False,False,False,False,1,1,False,1.0833333333333337,False,False,False,8.63377227783203,1324.4839,1,0.0001058205926873,3.2957942369741973e-06,228,1079,False,1079.0,False,False,False,False,0.9760084085539827,0.03114216932255453,0.03048724277458669
ARGTFSEEFDY,UNK,K1-39,True,23,1,1,0.0001058205926873,3.2957942369741973e-06,3.226482972236114e-06,False,False,False,False,False,False,False,False,False,True,False,False,False,-2,-2,False,2.636363636363636,False,False,False,4.137435531616211,1321.3476,1,0.0001058205926873,3.2957942369741973e-06,234,1080,False,1080.0,False,False,False,False,0.9760084085539827,0.03114216932255453,0.03048724277458669
ARLRTAITFGYDYFDY,H4-34,K3-15,True,23,1,1,0.0001058205926873,3.2957942369741973e-06,3.226482972236114e-06,False,False,False,False,False,False,False,False,False,False,False,False,False,0,0,False,0.4625000000000002,False,False,False,6.003152847290039,1972.1588,2,0.0001058205926873,3.2957942369741973e-06,327,1081,False,1081.0,False,False,False,False,0.9760084085539827,0.03114216932255453,0.03048724277458669
ARPRLQTAGAFDY,H3-23_A,K4-1,True,23,1,1,0.0001058205926873,3.2957942369741973e-06,3.226482972236114e-06,False,False,False,False,False,False,False,False,False,False,False,False,False,1,1,False,1.8000000000000005,False,False,False,8.79022674560547,1465.612,2,0.0001058205926873,3.2957942369741973e-06,359,1082,False,1082.0,False,False,False,False,0.9760084085539827,0.03114216932255453,0.03048724277458669
ARSGSYGNRFDY,H3-23_A,K4-1,True,23,1,1,0.0001058205926873,3.2957942369741973e-06,3.226482972236114e-06,False,False,False,False,False,False,False,False,False,False,False,False,False,1,1,False,3.2416666666666667,False,False,False,8.632579040527343,1392.432,2,0.0001058205926873,3.2957942369741973e-06,386,1083,False,1083.0,False,False,False,False,0.9760084085539827,0.03114216932255453,0.03048724277458669
ARSYRFGEEFDY,H3-7_A,K1-39,True,23,1,1,0.0001058205926873,3.2957942369741973e-06,3.226482972236114e-06,False,False,False,False,False,False,False,False,False,True,False,False,False,-1,-1,False,2.1750000000000003,False,False,False,4.6793262481689455,1539.6026,2,0.0001058205926873,3.2957942369741973e-06,439,1084,False,1084.0,False,False,False,False,0.9760084085539827,0.03114216932255453,0.03048724277458669
ARVPDYPAHLSYQGFDI,H5-51,K4-1,True,23,1,1,0.0001058205926873,3.2957942369741973e-06,3.226482972236114e-06,False,False,False,False,False,False,False,False,False,False,False,False,False,-1,0,False,1.1176470588235297,False,False,False,5.212373733520507,1949.1255,1,0.0001058205926873,3.2957942369741973e-06,462,1085,False,1085.0,False,False,False,False,0.9760084085539827,0.03114216932255453,0.03048724277458669
ARALIRTNAFDY,H3-23_A,K4-1,True,22,1,1,0.0001012196973531,3.2957942369741973e-06,3.226482972236114e-06,False,False,False,False,False,False,False,False,False,False,False,False,False,1,1,False,0.7166666666666668,False,False,False,8.79022674560547,1410.5765,2,0.0001012196973531,3.2957942369741973e-06,48,1086,False,1086.0,False,False,False,False,0.9760084085539827,0.032557582637811465,0.03187288964207605
ARDRQSGVPWEAFDY,H1-69,K3-20,True,22,1,1,0.0001012196973531,3.2957942369741973e-06,3.226482972236114e-06,False,False,False,False,False,False,False,False,False,False,False,False,False,-1,-1,False,2.393333333333333,False,False,False,4.558281326293945,1796.8922000000002,2,0.0001012196973531,3.2957942369741973e-06,112,1087,False,1087.0,False,False,False,False,0.9760084085539827,0.032557582637811465,0.03187288964207605
ARDYKSWGEFDY,H4-34,K4-1,True,22,1,1,0.0001012196973531,3.2957942369741973e-06,3.226482972236114e-06,False,False,False,False,False,False,False,False,False,True,False,False,False,-1,-1,False,2.4166666666666665,False,False,False,4.558281326293945,1536.5987,1,0.0001012196973531,3.2957942369741973e-06,123,1088,False,1088.0,False,False,False,False,0.9760084085539827,0.032557582637811465,0.03187288964207605
AREGYEALAFDY,H4-34,K4-1,True,22,1,1,0.0001012196973531,3.2957942369741973e-06,3.226482972236114e-06,False,False,False,False,False,False,False,False,False,False,False,False,False,-2,-2,False,1.6333333333333335,False,False,False,4.137435531616211,1404.4792,1,0.0001012196973531,3.2957942369741973e-06,138,1089,False,1089.0,False,False,False,False,0.9760084085539827,0.032557582637811465,0.03187288964207605
AREYLAGWFVPFDY,H3-23_A,K3-20,True,22,1,1,0.0001012196973531,3.2957942369741973e-06,3.226482972236114e-06,False,False,False,False,False,False,False,False,False,False,False,False,False,-1,-1,False,-0.7928571428571427,False,False,False,4.370375442504883,1733.9172,1,0.0001012196973531,3.2957942369741973e-06,157,1090,False,1090.0,False,False,False,False,0.9760084085539827,0.032557582637811465,0.03187288964207605
ARGIFSSGEEFDY,H1-69,K1-39,True,22,1,1,0.0001012196973531,3.2957942369741973e-06,3.226482972236114e-06,False,False,False,False,False,False,False,False,False,True,False,False,False,-2,-2,False,2.1538461538461537,False,False,False,4.137435531616211,1477.5299,1,0.0001012196973531,3.2957942369741973e-06,224,1091,False,1091.0,False,False,False,False,0.9760084085539827,0.032557582637811465,0.03187288964207605
ARHGIRHANVFDY,UNK,K4-1,True,22,1,1,0.0001012196973531,3.2957942369741973e-06,3.226482972236114e-06,False,False,False,False,False,False,False,False,False,False,False,False,False,1,3,False,1.284615384615385,False,False,False,8.801948547363281,1555.698,2,0.0001012196973531,3.2957942369741973e-06,286,1092,False,1092.0,False,False,False,False,0.9760084085539827,0.032557582637811465,0.03187288964207605
ARPSWSGDEPGYFDY,H1-69,K1-39,True,22,1,1,0.0001012196973531,3.2957942369741973e-06,3.226482972236114e-06,False,False,False,False,False,False,False,False,False,True,False,False,False,-2,-2,False,2.646666666666667,False,False,False,4.050025558471679,1746.7854000000002,1,0.0001012196973531,3.2957942369741973e-06,362,1093,False,1093.0,False,False,False,False,0.9760084085539827,0.032557582637811465,0.03187288964207605
ARPVRYTAGAFDY,H3-23_A,K4-1,True,22,1,1,0.0001012196973531,3.2957942369741973e-06,3.226482972236114e-06,False,False,False,False,False,False,False,False,False,False,False,False,False,1,1,False,1.6153846153846154,False,False,False,8.632579040527343,1486.6293999999998,2,0.0001012196973531,3.2957942369741973e-06,345,1094,False,1094.0,False,False,False,False,0.9760084085539827,0.032557582637811465,0.03187288964207605
ARQGATARANVFDY,H3-23_A,K4-1,True,22,1,1,0.0001012196973531,3.2957942369741973e-06,3.226482972236114e-06,False,False,False,False,False,False,False,False,False,False,False,False,False,1,1,False,2.564285714285714,False,False,False,8.79022674560547,1539.6507,2,0.0001012196973531,3.2957942369741973e-06,366,1095,False,1095.0,False,False,False,False,0.9760084085539827,0.032557582637811465,0.03187288964207605
ARQGYDWYGRSGYFDY,H1-69,K1-39,True,22,1,1,0.0001012196973531,3.2957942369741973e-06,3.226482972236114e-06,False,False,False,False,False,False,False,False,False,False,False,False,False,0,0,False,2.0812500000000003,False,False,False,6.0022838592529295,2004.0763,2,0.0001012196973531,3.2957942369741973e-06,368,1096,False,1096.0,False,False,False,False,0.9760084085539827,0.032557582637811465,0.03187288964207605
ARSVWGYAVQRAFDY,H3-23_A,K4-1,True,22,1,1,0.0001012196973531,3.2957942369741973e-06,3.226482972236114e-06,False,False,False,False,False,False,False,False,False,False,False,False,False,1,1,False,0.8333333333333335,False,False,False,8.632579040527343,1788.9577,2,0.0001012196973531,3.2957942369741973e-06,434,1097,False,1097.0,False,False,False,False,0.9760084085539827,0.032557582637811465,0.03187288964207605
ARVRDVYWGYTAFDI,H1-69,K4-1,True,22,1,1,0.0001012196973531,3.2957942369741973e-06,3.226482972236114e-06,False,False,False,False,False,False,False,False,False,False,False,False,False,0,0,False,0.3400000000000001,False,False,False,6.004021835327148,1832.0222,2,0.0001012196973531,3.2957942369741973e-06,464,1098,False,1098.0,False,False,False,False,0.9760084085539827,0.032557582637811465,0.03187288964207605
ARWSRSVSGDPFDY,H3-23_A,K1-39,True,22,1,1,0.0001012196973531,3.2957942369741973e-06,3.226482972236114e-06,False,False,False,False,True,False,False,False,False,False,False,False,False,0,0,False,2.357142857142857,False,False,False,6.004890823364257,1642.7257,2,0.0001012196973531,3.2957942369741973e-06,492,1099,False,1099.0,False,False,False,False,0.9760084085539827,0.032557582637811465,0.03187288964207605
ARWEDRSERGFDY,H3-23_A,K4-1,True,641,1358,868,0.0029491739092427,0.0044756885738109,0.0028005872199009,False,False,False,False,False,False,False,False,False,True,False,False,False,-1,-1,False,3.1846153846153844,True,False,False,4.783093643188476,1686.7386,3,0.0044756885738109,0.0044756885738109,485,31,True,1000000.0,False,False,False,True,0.6257318659232894,1.5176023983394715,0.9496143021545383
ARWEDRNVTPFDY,H3-23_A,K4-1,True,1959,6059,293,0.0090131539597605,0.0199692172818266,0.0009453595108651,True,False,False,False,False,False,False,False,False,True,False,False,False,-1,-1,False,2.1384615384615384,False,False,False,4.558281326293945,1668.763,2,0.0199692172818266,0.0199692172818266,484,60,True,1000000.0,False,False,False,True,0.04734081582242511,2.2155613024438123,0.10488653208636631
ARSSGRYRGNVFDY,H3-23_A,K4-1,True,301,899,283,0.0013848694956038,0.0029629190190398,0.0009130946811428,False,False,False,False,False,False,False,False,False,False,False,False,False,2,2,False,2.814285714285714,True,False,True,9.97897186279297,1647.7487,3,0.0029629190190398,0.0029629190190398,374,61,True,1000000.0,False,False,False,True,0.3081729853382406,2.139477859586609,0.6593315043231943
ARIGRVYDRFGFDY,H1-69,K1-39,True,119,674,243,0.0005475065447736,0.0022213653157206,0.0007840353622533,False,False,False,False,False,False,False,False,False,False,False,False,False,1,1,False,0.8714285714285717,True,False,False,8.631455993652345,1734.9102999999998,3,0.0022213653157206,0.0022213653157206,308,67,True,1000000.0,False,False,False,True,0.3529504252184255,4.057165645358063,1.4319847860990234
ARWEDRSERGFDY,H3-23_A,K3-20,True,10,43,63,4.6008953342320415e-05,0.0001417191521898,0.0002032684272508,False,False,False,False,False,False,False,False,False,True,False,False,False,-1,-1,False,3.1846153846153844,True,False,False,4.783093643188476,1686.7386,3,0.0002032684272508,0.0002032684272508,485,137,True,1000000.0,False,False,False,False,1.434203366845716,3.079582256806149,4.4170588961194
ARWEDRSERGFDY,H1-69,K4-1,True,20,63,51,9.201790668464084e-05,0.0002076350369293,0.000164550631584,False,False,False,False,False,False,False,False,False,True,False,False,False,-1,-1,False,3.1846153846153844,True,False,False,4.783093643188476,1686.7386,3,0.0002076350369293,0.0002076350369293,485,149,True,1000000.0,False,False,False,False,0.7924611828792567,2.256218188693774,1.7880514456107148
DRFEDSADEGFDY,H3-23_A,K3-20,True,1,14,48,4.600895334232042e-06,4.614111931763876e-05,0.0001548711826673,False,True,False,False,False,False,False,False,False,True,False,True,False,-5,-5,False,4.138461538461539,False,False,False,4.050025558471679,1565.5059,1,0.0001548711826673,0.0001548711826673,166,155,True,1000000.0,False,False,False,False,3.35574055314643,10.006976080129068,33.588093296655636
ARWEDRSERGFDY,H3-23_A,K1-39,True,28,34,40,0.0001288250693584,0.0001120570040571,0.0001290593188894,False,False,False,False,False,False,False,False,False,True,False,False,False,-1,-1,False,3.1846153846153844,True,False,False,4.783093643188476,1686.7386,3,0.0001290593188894,0.0001290593188894,485,167,True,1000000.0,False,False,False,False,1.1516263861541451,0.8697709762966331,1.0017405938625001
ARWEDRSERGFDY,UNK,K4-1,True,28,64,26,0.0001288250693584,0.0002109308311663,8.388855727813897e-05,False,False,False,False,False,False,False,False,False,True,False,False,False,-1,-1,False,3.1846153846153844,True,False,False,4.783093643188476,1686.7386,3,0.0002109308311663,0.0002109308311663,485,200,True,1000000.0,False,False,False,False,0.39768762080966447,1.637215955381852,0.65113138601085
ARWEDRNVTPFDY,H1-69,K4-1,True,56,224,23,0.0002576501387169,0.0007382579090822,7.420910836143062e-05,True,False,False,False,False,False,False,False,False,True,False,False,False,-1,-1,False,2.1384615384615384,False,False,False,4.558281326293945,1668.763,2,0.0007382579090822,0.0007382579090822,484,203,True,1000000.0,False,False,False,False,0.10051785733675721,2.8652391198677,0.28801159826653167
ARWEDRNVTPFDY,H3-23_A,K1-39,True,35,165,18,0.0001610313366981,0.0005438060491007,5.8076693500250056e-05,True,False,False,False,False,False,False,False,False,True,False,False,False,-1,-1,False,2.1384615384615384,False,False,False,4.558281326293945,1668.763,2,0.0005438060491007,0.0005438060491007,484,215,True,1000000.0,False,False,False,False,0.10679473986891441,3.376810328643503,0.36063221214516444
ARSSGRYRGNVFDY,H1-69,K4-1,True,9,44,15,4.140805800808837e-05,0.0001450149464268,4.839724458354171e-05,False,False,False,False,False,False,False,False,False,False,False,False,False,2,2,False,2.814285714285714,True,False,True,9.97897186279297,1647.7487,3,0.0001450149464268,0.0001450149464268,374,225,True,1000000.0,False,False,False,False,0.33371668651482506,3.5012492956207795,1.168505886347699
ARIGRVYDRFGFDY,H3-23_A,K1-39,True,4,33,12,1.8403581336928167e-05,0.0001087612098201,3.8717795666833366e-05,False,False,False,False,False,False,False,False,False,False,False,False,False,1,1,False,0.8714285714285717,True,False,False,8.631455993652345,1734.9102999999998,3,0.0001087612098201,0.0001087612098201,308,235,True,1000000.0,False,False,False,False,0.35595628412031,5.90657557755921,2.102676006279419
ARWEDRNVTPFDY,UNK,K4-1,True,66,270,9,0.0003036590920593,0.000889864443983,2.9038346750125028e-05,True,False,False,False,False,False,False,False,False,True,False,False,False,-1,-1,False,2.1384615384615384,False,False,False,4.558281326293945,1668.763,2,0.000889864443983,0.000889864443983,484,248,True,1000000.0,False,False,False,False,0.03263195942581735,2.930375422630199,0.0956249664831035
ARWEDRNVTPFDY,H3-23_A,K3-15,True,23,60,9,0.0001058205926873,0.0001977476542184,2.9038346750125028e-05,True,False,False,False,False,False,False,False,False,True,False,False,False,-1,-1,False,2.1384615384615384,False,False,False,4.558281326293945,1668.763,2,0.0001977476542184,0.0001977476542184,484,249,True,1000000.0,False,False,False,False,0.1468380420717147,1.8685301593527819,0.2743851849712803
ARWEDRNVTPFDY,H3-23_A,K3-20,True,16,114,7,7.361432534771267e-05,0.000375720543015,2.25853808056528e-05,True,False,False,False,False,False,False,False,False,True,False,False,False,-1,-1,False,2.1384615384615384,False,False,False,4.558281326293945,1668.763,2,0.000375720543015,0.000375720543015,484,253,True,1000000.0,False,False,False,False,0.06011057984378752,5.1032120327153905,0.3067651988522361
ARWEDRNVTPFDY,H4-34,K4-1,True,22,93,4,0.0001012196973531,0.0003065088640386,1.2905931888944455e-05,True,False,False,False,False,False,False,False,False,True,False,False,False,-1,-1,False,2.1384615384615384,False,False,False,4.558281326293945,1668.763,2,0.0003065088640386,0.0003065088640386,484,275,True,1000000.0,False,False,False,False,0.04210485357703534,3.0278551853164624,0.1274915585683042
ARWEDRNVTPFDY,H3-23_A,UNK,True,7,36,2,3.220626733962429e-05,0.000118648592531,6.452965944472228e-06,True,False,False,False,False,False,False,False,False,True,False,False,False,-1,-1,False,2.1384615384615384,False,False,False,4.558281326293945,1668.763,2,0.000118648592531,0.000118648592531,484,293,True,1000000.0,False,False,False,False,0.054382626717794307,3.6828783198315636,0.20030147740099682
ARSRGRQGNDFDY,H3-23_A,K4-1,True,1452,2789,1,0.0066805000253049,0.009191970126921,3.226482972236114e-06,False,False,False,False,False,False,False,False,False,True,False,False,False,1,1,False,4.1923076923076925,True,False,False,8.787910461425781,1541.5838,3,0.009191970126921,0.009191970126921,416,298,True,1000000.0,False,False,False,True,0.0003510106557766107,1.3759383777740049,0.0004829695577155962
ARSRKRTNAFDY,H3-23_A,K4-1,True,123,620,1,0.0005659101261105,0.002043392426924,3.226482972236114e-06,False,False,False,False,False,False,False,False,False,False,False,False,True,3,3,False,3.341666666666667,True,False,True,10.903590393066406,1484.6187,3,0.002043392426924,0.002043392426924,400,321,True,1000000.0,False,False,False,True,0.0015789757953322213,3.6107435177610427,0.005701304518733656
ARAGRNRNNFDY,H3-23_A,K4-1,True,277,294,1,0.0012744480075822,0.0009689635056704,3.226482972236114e-06,False,False,True,False,False,False,False,False,False,False,False,False,False,2,2,False,3.533333333333333,True,False,True,10.73751983642578,1453.5217,3,0.0012744480075822,0.0009689635056704,22,354,True,1000000.0,False,False,False,True,0.003329794832732624,0.7602945722069261,0.0025316510650336297
ARAGRARTGNAFDY,H3-23_A,K4-1,True,259,243,1,0.001191631891566,0.0008008779995847,3.226482972236114e-06,False,False,False,False,False,False,False,False,False,False,False,False,False,2,2,False,3.107142857142857,True,False,True,10.73751983642578,1525.6274999999998,3,0.001191631891566,0.0008008779995847,20,364,True,1000000.0,False,False,False,True,0.004028631935937614,0.6720794269260069,0.002707594450205188
ARDPDFPWRLEYRHFDI,H1-69,K3-15,True,107,231,1,0.0004922958007628,0.000761328468741,3.226482972236114e-06,False,False,False,False,True,False,False,False,False,True,False,False,False,-1,0,False,0.6647058823529414,True,False,False,5.431205368041991,2233.4421,3,0.000761328468741,0.000761328468741,103,367,True,1000000.0,False,False,False,True,0.004237908768187743,1.5464543939180981,0.006553818718440571
ARSRGRQGNDFDY,UNK,K4-1,True,58,141,1,0.0002668519293854,0.0004647069874133,3.226482972236114e-06,False,False,False,False,False,False,False,False,False,True,False,False,False,1,1,False,4.1923076923076925,True,False,False,8.787910461425781,1541.5838,3,0.0004647069874133,0.0004647069874133,416,391,True,1000000.0,False,False,False,False,0.0069428987095894856,1.741376105926948,0.01209045808694747
ARHPRVDAGNRFDY,H3-23_A,K4-1,True,35,125,1,0.0001610313366981,0.0004119742796217,3.226482972236114e-06,False,False,False,False,False,False,False,False,False,False,False,False,False,1,2,False,2.7785714285714285,True,False,False,8.793876647949219,1673.7894,3,0.0004119742796217,0.0004119742796217,298,396,True,1000000.0,False,False,False,True,0.007831568173423502,2.558189642911481,0.02003512289695358
ARSRGRQGNDFDY,H1-69,K4-1,True,45,102,1,0.0002070402900404,0.0003361710121713,3.226482972236114e-06,False,False,False,False,False,False,False,False,False,True,False,False,False,1,1,False,4.1923076923076925,True,False,False,8.787910461425781,1541.5838,3,0.0003361710121713,0.0003361710121713,416,405,True,1000000.0,False,False,False,False,0.009597457486956668,1.6236200978308495,0.01558308839657533
ARSRGRQGNDFDY,H3-23_A,K1-39,True,27,101,1,0.0001242241740242,0.0003328752179343,3.226482972236114e-06,False,False,False,False,False,False,False,False,False,True,False,False,False,1,1,False,4.1923076923076925,True,False,False,8.787910461425781,1541.5838,3,0.0003328752179343,0.0003328752179343,416,407,True,1000000.0,False,False,False,False,0.009692478963943991,2.679417483545696,0.025970977773053138
ARARRLTAGAFDY,H3-23_A,K4-1,True,1545,80,1,0.0071083832913885,0.0002636635389579,3.226482972236114e-06,False,False,False,False,False,True,True,False,False,False,False,False,False,2,2,False,1.6615384615384616,True,False,True,10.73751983642578,1467.6311999999998,3,0.0071083832913885,0.0002636635389579,60,423,True,1000000.0,False,False,False,True,0.012236658198573645,0.03709186143053122,0.00045389764465408145
ARVRLRSGDPGLDFDY,H1-69,K3-20,True,43,59,1,0.0001978384993719,0.0001944518599814,3.226482972236114e-06,False,False,False,False,True,False,False,False,False,True,False,False,False,0,0,False,1.96875,True,False,False,6.084224319458008,1837.0008000000005,3,0.0001978384993719,0.0001944518599814,466,435,True,1000000.0,False,False,False,False,0.016591854940319516,0.9828321195193134,0.016307846571892496
ARSRGRQGNDFDY,H3-23_A,K3-20,True,17,56,1,7.82152206819447e-05,0.0001845644772705,3.226482972236114e-06,False,False,False,False,False,False,False,False,False,True,False,False,False,1,1,False,4.1923076923076925,True,False,False,8.787910461425781,1541.5838,3,0.0001845644772705,0.0001845644772705,416,438,True,1000000.0,False,False,False,False,0.01748065615544232,2.3593986141748227,0.041246070565331416
ARSRGRQGNDFDY,H4-34,K4-1,True,23,29,1,0.0001058205926873,9.557803287225173e-05,3.226482972236114e-06,False,False,False,False,False,False,False,False,False,True,False,False,False,1,1,False,4.1923076923076925,True,False,False,8.787910461425781,1541.5838,3,0.0001058205926873,9.557803287225173e-05,416,496,True,1000000.0,False,False,False,False,0.033754047188607125,0.9031229103540813,0.03048724277458669
ARLQRGPRAGPYFDI,H3-23_A,K4-1,True,35,28,1,0.0001610313366981,9.228223863527752e-05,3.226482972236114e-06,False,False,False,False,False,False,False,False,False,False,False,False,False,2,2,False,1.34,True,False,True,10.73751983642578,1716.94,3,0.0001610313366981,9.228223863527752e-05,326,499,True,1000000.0,False,False,False,False,0.03495941825603125,0.5730344800122756,0.02003512289695358
ARARRLTAGAFDY,H1-69,K4-1,True,44,5,1,0.0002024393947062,1.6478971184870985e-05,3.226482972236114e-06,False,False,False,False,False,True,True,False,False,False,False,False,False,2,2,False,1.6615384615384616,True,False,True,10.73751983642578,1467.6311999999998,3,0.0002024393947062,1.6478971184870985e-05,60,561,True,1000000.0,False,False,False,False,0.195675214424323,0.08139797705389888,0.015937232002686267
ARARRLTAGAFDY,H3-23_A,K1-39,True,23,5,1,0.0001058205926873,1.6478971184870985e-05,3.226482972236114e-06,False,False,False,False,False,True,True,False,False,False,False,False,False,2,2,False,1.6615384615384616,True,False,True,10.73751983642578,1467.6311999999998,3,0.0001058205926873,1.6478971184870985e-05,60,565,True,1000000.0,False,False,False,False,0.195675214424323,0.15571084661277262,0.03048724277458669
ARARRLTAGAFDY,UNK,K4-1,True,68,3,1,0.0003128608827277,9.887382710922591e-06,3.226482972236114e-06,False,False,False,False,False,True,True,False,False,False,False,False,False,2,2,False,1.6615384615384616,True,False,True,10.73751983642578,1467.6311999999998,3,0.0003128608827277,9.887382710922591e-06,60,572,True,1000000.0,False,False,False,False,0.32599355470769253,0.03160211849923998,0.010312506373577146
ARPRFRGDVRGAFDI,H1-69,K3-15,True,225,1,1,0.0010352014502022,3.2957942369741973e-06,3.226482972236114e-06,False,False,False,False,False,False,False,False,False,False,False,False,False,2,2,False,1.6266666666666667,True,False,True,11.522950744628908,1732.9427,4,0.0010352014502022,3.2957942369741973e-06,358,651,True,1000000.0,False,False,False,True,0.9760084085539827,0.0031836918306211302,0.0031167381037042327
ARTGRSRNNFDY,H3-23_A,K4-1,True,167,1,1,0.0007683495208167,3.2957942369741973e-06,3.226482972236114e-06,False,False,True,False,False,False,False,False,False,False,False,False,False,2,2,False,3.75,True,False,True,10.73751983642578,1456.5223999999998,3,0.0007683495208167,3.2957942369741973e-06,445,685,True,1000000.0,False,False,False,True,0.9760084085539827,0.004289390770444351,0.0041991839559775875
ARVPRDRYANIFDY,H3-23_A,K4-1,True,138,1,1,0.000634923556124,3.2957942369741973e-06,3.226482972236114e-06,False,False,False,False,False,False,False,False,False,False,False,False,False,1,1,False,1.5142857142857145,True,False,False,8.631455993652345,1755.9296,3,0.000634923556124,3.2957942369741973e-06,463,720,True,1000000.0,False,False,False,True,0.9760084085539827,0.005190770286411735,0.005081607266014453
ARAGRSRNNFDY,H3-23_A,K4-1,True,91,1,1,0.0004186814754151,3.2957942369741973e-06,3.226482972236114e-06,False,False,True,False,False,False,False,False,False,False,False,False,False,2,2,False,3.4916666666666667,True,False,True,10.73751983642578,1426.4964,3,0.0004186814754151,3.2957942369741973e-06,22,795,True,1000000.0,False,False,False,False,0.9760084085539827,0.00787165354562491,0.007706110971180647
ARWNESSSTGFDY,H3-23_A,K3-20,True,90,1,1,0.0004140805800808,3.2957942369741973e-06,3.226482972236114e-06,True,False,False,False,False,False,False,False,False,False,False,False,False,-1,-1,False,3.107692307692308,False,False,False,4.370375442504883,1519.5268999999998,1,0.0004140805800808,3.2957942369741973e-06,489,799,True,1000000.0,False,False,False,False,0.9760084085539827,0.007959114250633522,0.007791732358670274
ARGAVTENWSYAFDY,H3-23_A,K3-20,True,81,1,1,0.0003726725220727,3.2957942369741973e-06,3.226482972236114e-06,True,False,False,False,False,False,False,False,False,False,False,False,False,-1,-1,False,1.7333333333333334,False,False,False,4.370375442504883,1749.8323,1,0.0003726725220727,3.2957942369741973e-06,206,811,True,1000000.0,False,False,False,False,0.9760084085539827,0.008843436549276329,0.008657457168347479
ARAKRRTNAFDY,H3-23_A,K4-1,True,80,1,1,0.0003680716267385,3.2957942369741973e-06,3.226482972236114e-06,False,False,False,False,False,True,True,False,False,False,False,False,True,3,3,False,2.975,True,False,True,10.903590393066406,1468.6192999999998,3,0.0003680716267385,3.2957942369741973e-06,44,813,True,1000000.0,False,False,False,False,0.9760084085539827,0.008953976502922983,0.008765672442890874
ARWETSNESGFDY,H3-23_A,K3-20,True,66,1,1,0.0003036590920593,3.2957942369741973e-06,3.226482972236114e-06,True,False,False,False,False,False,False,False,False,False,False,False,False,-2,-2,False,3.207692307692308,False,False,False,4.137435531616211,1561.5636,1,0.0003036590920593,3.2957942369741973e-06,486,849,True,1000000.0,False,False,False,False,0.9760084085539827,0.01085324230603818,0.010624996275900387
ARARVRTNAFDY,H3-23_A,K4-1,True,64,1,1,0.0002944573013908,3.2957942369741973e-06,3.226482972236114e-06,False,False,False,False,False,False,False,False,False,False,False,False,False,2,2,False,2.191666666666667,True,False,True,10.73751983642578,1439.578,3,0.0002944573013908,3.2957942369741973e-06,44,854,True,1000000.0,False,False,False,False,0.9760084085539827,0.011192394610226043,0.01095701613386986
ARHGRGRNNFDY,H3-23_A,K4-1,True,61,1,1,0.0002806546153881,3.2957942369741973e-06,3.226482972236114e-06,False,False,True,False,False,False,False,False,False,False,False,False,False,2,3,False,3.4250000000000003,True,False,True,10.73751983642578,1462.5318,3,0.0002806546153881,3.2957942369741973e-06,290,871,True,1000000.0,False,False,False,False,0.9760084085539827,0.011742820634574148,0.011495866580026728
ARGEIDLTDEEFDY,H1-69,K1-39,True,53,1,1,0.0002438474527142,3.2957942369741973e-06,3.226482972236114e-06,False,False,False,False,False,False,False,False,False,True,False,True,False,-5,-5,False,3.021428571428572,False,False,False,4.050025558471679,1672.7005,1,0.0002438474527142,3.2957942369741973e-06,212,889,True,1000000.0,False,False,False,False,0.9760084085539827,0.013515249176480391,0.013231020566829014
ARWNESTQYGFDY,H3-23_A,K3-20,True,50,1,1,0.0002300447667116,3.2957942369741973e-06,3.226482972236114e-06,True,False,False,False,False,False,False,False,False,False,False,False,False,-1,-1,False,2.423076923076923,False,False,False,4.370375442504883,1636.6746999999998,1,0.0002300447667116,3.2957942369741973e-06,490,903,True,1000000.0,False,False,False,False,0.9760084085539827,0.014326128878285114,0.014024847293344198
ARSRARSNAFDY,H3-23_A,K4-1,True,35,1,1,0.0001610313366981,3.2957942369741973e-06,3.226482972236114e-06,False,False,False,False,False,False,False,False,False,False,False,False,False,2,2,False,3.1500000000000004,True,False,True,10.73751983642578,1413.4977,3,0.0001610313366981,3.2957942369741973e-06,414,992,True,1000000.0,False,False,False,False,0.9760084085539827,0.02046551714329556,0.02003512289695358
ARWSRIDRGDPFDY,H3-23_A,UNK,True,31,1,1,0.0001426277553611,3.2957942369741973e-06,3.226482972236114e-06,False,False,False,False,True,False,False,False,False,False,False,False,False,0,0,False,2.1357142857142857,True,False,False,6.084224319458008,1753.8708,3,0.0001426277553611,3.2957942369741973e-06,493,1016,True,1000000.0,False,False,False,False,0.9760084085539827,0.023106043898620005,0.022620118804225355
ARWARDETRDLFDY,H3-23_A,K3-15,True,27,1,1,0.0001242241740242,3.2957942369741973e-06,3.226482972236114e-06,False,False,False,False,False,False,False,False,False,True,False,False,False,-1,-1,False,2.107142857142857,True,False,False,4.68464241027832,1813.9228,3,0.0001242241740242,3.2957942369741973e-06,475,1051,True,1000000.0,False,False,False,False,0.9760084085539827,0.026528885975707444,0.025970977773053138
ARWSREVRSDPFDY,H3-23_A,K1-39,True,26,1,1,0.00011962327869,3.2957942369741973e-06,3.226482972236114e-06,False,False,False,False,True,False,False,False,False,False,False,False,False,0,0,False,2.342857142857143,True,False,False,6.166164779663085,1783.8968,3,0.00011962327869,3.2957942369741973e-06,492,1061,True,1000000.0,False,False,False,False,0.9760084085539827,0.027549142454871875,0.026969778038072042
ARDPRWSARSYFDY,H1-69,K3-20,True,25,1,1,0.0001150223833558,3.2957942369741973e-06,3.226482972236114e-06,False,False,False,False,True,False,False,False,False,False,False,False,False,1,1,False,2.0642857142857145,True,False,False,8.631455993652345,1789.9028999999998,3,0.0001150223833558,3.2957942369741973e-06,107,1062,True,1000000.0,False,False,False,False,0.9760084085539827,0.028651012356930548,0.02804847537807216
