cdr3_aa,vh_scaffold,vl_scaffold,cdr3_functional,count hCNTN2_600-909__Block163__Round3__M_P__100nM_Block163.csv,count hCNTN2_600-909__Block163__Round4__F_P__20nM_Block163.csv,count hCNTN2_600-909__Block163__Round5__F_P__4nM_Block163.csv,count hCNTN2_600-909__Block163__Round6__F_N__2uM_ovalbum_Block163.csv,freq hCNTN2_600-909__Block163__Round3__M_P__100nM_Block163.csv,freq hCNTN2_600-909__Block163__Round4__F_P__20nM_Block163.csv,freq hCNTN2_600-909__Block163__Round5__F_P__4nM_Block163.csv,freq hCNTN2_600-909__Block163__Round6__F_N__2uM_ovalbum_Block163.csv,l_glyco,l_asp_isomer,l_asn_deamid,l_aromatic,l_frag,l_poly,l_RR,l_WW,l_VV,l_neg_patch,l_cys,l_neg_charge,l_pos_charge,l_charge_value,l_charge_value2,l_hydrophobic,l_hydrophobic_value,l_arg,l_trp,l_rmd,l_isoelectricpoint,l_molecular_weight,l_arg_value,max_freq,max_freq_20_4,greedy_cluster_85,rank,critical,rank_adjusted,cdr3_repeat,vh_repeat,ab_repeat,LEAD,ratio_4nM_20nM,ratio_2uM_20nM,ratio_2uM_4nM,ratio_2uM_100nM,ratio_20nM_100nM,ratio_4nM_100nM
ARAGYPYGYFDY,H3-23_A,K4-1,True,7712,122698,16421,195150,0.0528903854990364,0.4092416065746553,0.3814224658552448,0.6298656028506139,False,False,False,False,False,False,False,False,False,False,False,False,False,0,0,False,1.2583333333333335,False,False,False,5.877711868286132,1442.5286,1,0.6298656028506139,0.4092416065746553,1,1,False,1.0,False,False,False,True,0.9320226741545588,1.5391044735933193,1.6513594313976838,11.908884342944443,7.737541054729137,7.2115638814270895
ARAGYPWGYFDY,H3-23_A,K4-1,True,966,17561,9125,82228,0.0066250145736604,0.058572200468284,0.2119529870853851,0.2653988664678466,False,False,False,False,False,False,False,False,False,False,False,False,False,0,0,False,0.5833333333333335,False,False,False,5.87858085632324,1465.5653,1,0.2653988664678466,0.2119529870853851,21,2,False,2.0,False,False,False,True,3.6186612284362147,4.531139670946109,1.2521590641199138,40.06005766725946,8.841054069618675,31.992785042347204
ARAGYPYGYFDY,UNK,K4-1,True,196,3224,427,4897,0.0013442058555253,0.010753190268763,0.0099182384093654,0.0158055437210323,False,False,False,False,False,False,False,False,False,False,False,False,False,0,0,False,1.2583333333333335,False,False,False,5.877711868286132,1442.5286,1,0.0158055437210323,0.010753190268763,1,3,False,3.0,False,False,False,False,0.9223522450499613,1.469845564668396,1.593582159739795,11.758188728443265,7.999600826431862,7.378456643400845
ARYQRWVFANAFDY,H3-23_A,K1-39,True,219,4045,86,2193,0.0015019442977553,0.0134915181877005,0.0019975843166403,0.0070781207637786,False,False,False,False,False,False,False,False,False,False,False,False,False,1,1,False,0.1285714285714287,False,False,False,8.632579040527343,1806.9745,2,0.0134915181877005,0.0134915181877005,663,4,False,4.0,False,False,False,True,0.14806212378975647,0.5246344717443752,3.5433224378026367,4.712607283961296,8.982642286695299,1.3299900800082458
ARAGYPWGYFDY,UNK,K4-1,True,30,444,222,2090,0.000205745794213,0.001480898411703,0.0051565548638855,0.0067456782472855,False,False,False,False,False,False,False,False,False,False,False,False,False,0,0,False,0.5833333333333335,False,False,False,5.87858085632324,1465.5653,1,0.0067456782472855,0.0051565548638855,21,5,False,5.0,False,False,False,False,3.4820214559762124,4.555094828267046,1.3081728680520455,32.784876231977805,7.197359458902832,25.06152929305794
ARLGYPYGYFDY,H3-23_A,K4-1,True,4360,72514,291,1005,0.0299017220922975,0.2418600617708076,0.0067592678621202,0.0032437352337425,False,False,False,False,False,False,False,False,False,False,False,False,False,0,0,False,0.3166666666666669,False,False,False,5.877711868286132,1484.6083,1,0.2418600617708076,0.2418600617708076,191,6,False,6.0,True,True,True,True,0.0279470183425954,0.013411619412799733,0.4798937549114203,0.10847984403478973,8.088496713978293,0.22604937537586142
ARQGYPYGYFDY,H3-23_A,K4-1,True,1416,19983,126,998,0.0097112014868562,0.0666504345969888,0.0029266933011242,0.00322114205301,False,False,False,False,False,False,False,False,False,False,False,False,False,0,0,False,1.5833333333333333,False,False,False,5.877711868286132,1499.5799,1,0.0666504345969888,0.0666504345969888,191,7,False,7.0,False,False,False,True,0.043911084446935936,0.0483288907146394,1.1006042367781868,0.3316931216429287,6.863246124049295,0.30137262535013076
ARAGYPYGYFDY,H3-23_A,UNK,True,45,555,90,914,0.0003086186913195,0.0018511230146288,0.0020904952150887,0.0029500238842196,False,False,False,False,False,False,False,False,False,False,False,False,False,0,0,False,1.2583333333333335,False,False,False,5.877711868286132,1442.5286,1,0.0029500238842196,0.0020904952150887,1,8,False,8.0,False,False,False,False,1.1293057811450131,1.5936315007655761,1.4111535637065755,9.558488783421833,5.997896717620696,6.773496029001944
ARAGYPWGYFDY,H3-23_A,UNK,True,4,68,48,383,2.7432772561740883e-05,0.0002268042612518,0.0011149307813806,0.0012361697457944,False,False,False,False,False,False,False,False,False,False,False,False,False,0,0,False,0.5833333333333335,False,False,False,5.87858085632324,1465.5653,1,0.0012361697457944,0.0011149307813806,21,9,False,9.0,False,False,False,False,4.915611457706573,5.450141181475598,1.1087313034363004,45.04536642619689,8.264626350764473,40.62748320608726
ARYQRWVFANAFDY,H3-23_A,K4-1,True,13,339,8,170,8.915651082565787e-05,0.001130685949476,0.0001858217968967,0.0005486915320758,False,False,False,False,False,False,False,False,False,False,False,False,False,1,1,False,0.1285714285714287,False,False,False,8.632579040527343,1806.9745,2,0.001130685949476,0.001130685949476,663,10,False,10.0,False,False,False,False,0.1643428518363541,0.4852688579366371,2.9526245843751173,6.153560647322232,12.680612250116695,2.0839864112214355
ARAGYPYGYFDY,H3-23_A,K1-39,True,48,187,4,113,0.0003291932707408,0.0006237117184425,9.2910898448388e-05,0.000364718488968,False,False,False,False,False,False,False,False,False,False,False,False,False,0,0,False,1.2583333333333335,False,False,False,5.877711868286132,1442.5286,1,0.0006237117184425,0.0006237117184425,1,11,False,11.0,False,False,False,False,0.14896210233050158,0.5847455334387603,3.925042644422765,1.107882337096107,1.8946097255928631,0.28222957274790234
DRAGYPYGYFDY,H3-23_A,K4-1,True,3,53,6,94,2.0574579421305664e-05,0.000176773909505,0.0001393663476725,0.0003033941412654,False,False,False,False,False,False,False,False,False,False,False,False,False,-1,-1,False,1.9166666666666667,False,False,False,4.20782356262207,1486.5381,1,0.0003033941412654,0.000176773909505,672,13,False,13.0,False,False,False,True,0.7883429440084777,1.7161864001928244,2.176797902455453,14.738904062882035,8.587686242548811,6.770424832107651
ARAGYPYGYFDY,UNK,UNK,True,7,63,9,92,4.800735198304655e-05,0.0002101274773362,0.0002090495215088,0.0002969389467704,False,False,False,False,False,False,False,False,False,False,False,False,False,0,0,False,1.2583333333333335,False,False,False,5.877711868286132,1442.5286,1,0.0002969389467704,0.0002101274773362,1,14,False,14.0,False,False,False,False,0.994822647339297,1.413069912775844,1.420356004966274,6.183992546595239,4.376073828694043,4.353624531036384
ARAGYTYGYFDY,H3-23_A,K4-1,True,2,39,10,75,1.371638628087044e-05,0.0001300789145414,0.0002322772461209,0.0002420697935628,False,False,False,False,False,False,False,False,False,False,False,False,False,0,0,False,1.5166666666666668,False,False,False,5.877711868286132,1446.5173,1,0.0002420697935628,0.0002322772461209,27,15,False,15.0,False,False,False,True,1.785526821710694,1.8608026242371543,1.0421140101545154,17.635362185614486,9.476559371105736,16.921951733546177
ARYQRWVFANAFDY,UNK,K1-39,True,11,142,3,63,7.544012454478743e-05,0.0004736206632023,6.9683173836291e-05,0.0002033386265928,False,False,False,False,False,False,False,False,False,False,False,False,False,1,1,False,0.1285714285714287,False,False,False,8.632579040527343,1806.9745,2,0.0004736206632023,0.0004736206632023,663,16,False,16.0,False,False,False,False,0.14712555425603324,0.42931896600188824,2.9176261518874385,2.695007169565341,6.2772681431580315,0.9235660544857929
TRAGYPYGYFDY,H3-23_A,K4-1,True,4,33,6,50,2.7432772561740883e-05,0.0001100667738427,0.0001393663476725,0.0001613798623752,False,False,False,False,False,False,False,False,False,False,False,False,False,0,0,False,1.5166666666666668,False,False,False,5.497810745239257,1472.5546,1,0.0001613798623752,0.0001393663476725,674,17,False,17.0,False,False,False,False,1.266083141859289,1.466066425654991,1.1578712247102558,5.880596139188444,4.0107745525737695,5.078435400758175
ARAGYPYGYLDY,H3-23_A,K4-1,True,3,24,3,48,2.0574579421305664e-05,8.004856279476216e-05,6.9683173836291e-05,0.0001549246678802,False,False,False,False,False,False,False,False,False,False,False,False,False,0,0,False,1.2583333333333335,False,False,False,5.877711868286132,1408.5123999999998,1,0.0001549246678802,8.004856279476216e-05,26,18,False,18.0,False,False,False,False,0.870402507910747,1.935141757133017,2.2229532585804956,7.526248883173599,3.8887635815337314,3.385212416055817
ARAGYPWGYFDY,UNK,UNK,True,2,12,2,45,1.371638628087044e-05,4.002428139738108e-05,4.6455449224194e-05,0.0001452418761377,False,False,False,False,False,False,False,False,False,False,False,False,False,0,0,False,0.5833333333333335,False,False,False,5.87858085632324,1465.5653,1,0.0001452418761377,4.6455449224194e-05,21,19,False,19.0,False,False,False,False,1.160391734350775,3.627937634149748,3.125803765221628,10.581217311370148,2.9158644218806726,3.3843903467102554
ARARYPYGYFDY,H3-23_A,K4-1,True,3,31,5,43,2.0574579421305664e-05,0.0001033960602765,0.0001161386230604,0.0001387866816427,False,False,False,False,False,False,False,False,False,False,False,False,False,1,1,False,1.1333333333333335,False,False,False,8.472544860839843,1541.663,2,0.0001387866816427,0.0001161386230604,59,20,False,20.0,False,False,False,False,1.123131688315502,1.3421523000837174,1.1949059574346197,6.742264624510694,5.02298629281111,5.642020693422232
ARAGYPYSYFDY,H3-23_A,K4-1,True,4,22,6,41,2.7432772561740883e-05,7.337784922853198e-05,0.0001393663476725,0.0001323314871477,False,False,False,False,False,False,False,False,False,False,False,False,False,0,0,False,1.3250000000000002,False,False,False,5.877711868286132,1472.5546,1,0.0001393663476725,0.0001393663476725,23,21,False,21.0,False,False,False,False,1.8990384530620186,1.8031797980019248,0.949454404262668,4.822088834135835,2.673849701718226,5.078435400758175
ARAVYPYGYFDY,H3-23_A,K4-1,True,2,21,4,41,1.371638628087044e-05,7.004249244541689e-05,9.2910898448388e-05,0.0001323314871477,False,False,False,False,False,False,False,False,False,False,False,False,False,0,0,False,0.4750000000000001,False,False,False,5.877711868286132,1484.6083,1,0.0001323314871477,9.2910898448388e-05,59,22,False,22.0,False,False,False,False,1.3263039644275585,1.8890332453311254,1.42413051700315,9.640664661471874,5.102762738291177,6.768780693420511
DRAGYPWGYFDY,H3-23_A,K4-1,True,1,11,4,40,6.858193140435221e-06,3.668892461426599e-05,9.2910898448388e-05,0.0001291038899002,False,False,False,False,False,False,False,False,False,False,False,False,False,-1,-1,False,1.241666666666667,False,False,False,4.20782356262207,1509.5748,1,0.0001291038899002,9.2910898448388e-05,672,23,False,23.0,False,False,False,False,2.5317062945291506,3.51792024581596,1.3893956263445892,18.797358673582526,5.341859767784734,13.527706130072582
ARDIWYFGYGIFDY,H3-23_A,K1-39,True,8,31,7,39,5.4865545123481766e-05,0.0001033960602765,0.0001625940722846,0.0001258762926526,False,False,False,True,False,False,False,False,False,False,False,False,False,-1,-1,False,-0.8857142857142856,False,False,False,4.207874679565429,1785.9486,1,0.0001625940722846,0.0001625940722846,104,24,False,24.0,True,True,True,False,1.5723843636420896,1.2173009233309564,0.7741275534125818,2.2938504277151375,1.8841919482318883,2.962960493945498
ARAGYPSGYFDY,H3-23_A,K4-1,True,2,28,4,37,1.371638628087044e-05,9.338998992722252e-05,9.2910898448388e-05,0.0001194210981576,False,False,False,False,False,False,False,False,False,False,False,False,False,0,0,False,1.9583333333333333,False,False,False,5.87858085632324,1366.4326999999998,1,0.0001194210981576,9.338998992722252e-05,22,25,False,25.0,False,False,False,False,0.9947634739659434,1.2785986192359677,1.2851909543678304,8.700112011566317,6.803683651054903,6.768780693420511
AREGYPYGYFDY,H3-23_A,K4-1,True,2,24,3,37,1.371638628087044e-05,8.004856279476216e-05,6.9683173836291e-05,0.0001194210981576,False,False,False,False,False,False,False,False,False,False,False,False,False,-1,-1,False,1.7333333333333334,False,False,False,4.370324325561524,1500.5647,1,0.0001194210981576,8.004856279476216e-05,191,26,False,26.0,False,False,False,False,0.870402507910747,1.4916717711226906,1.7135264701550215,8.700112011566317,5.831728843761345,5.076585520065383
ARAGYPWGYFDY,H3-23_A,K1-39,True,10,38,7,36,6.85819314043522e-05,0.0001267435577583,0.0001625940722846,0.0001161935009101,False,False,False,False,False,False,False,False,False,False,False,False,False,0,0,False,0.5833333333333335,False,False,False,5.87858085632324,1465.5653,1,0.0001625940722846,0.0001625940722846,21,27,False,27.0,False,False,False,False,1.2827574638547226,0.9166882805109388,0.7145792800731997,1.693982054902852,1.8477910617670412,2.3704547890057417
AGAGYPYGYFDY,H3-23_A,K4-1,True,3,20,2,36,2.0574579421305664e-05,6.67071356623018e-05,4.6455449224194e-05,0.0001161935009101,False,False,False,False,False,False,False,False,False,False,False,False,False,-1,-1,False,1.3833333333333335,False,False,False,4.050025558471679,1343.3942,0,0.0001161935009101,6.67071356623018e-05,1,28,False,28.0,False,False,False,False,0.6963046114469724,1.7415840736663188,2.5006430121760115,5.64468666237777,3.2406363179447757,2.2568082773705447
ARAGYHWGYFDY,H3-23_A,K4-1,True,2,9,7,35,1.371638628087044e-05,3.0018211048035808e-05,0.0001625940722846,0.0001129659036626,False,False,False,True,False,False,False,False,False,False,False,False,False,0,1,False,0.5833333333333335,False,False,False,6.786059951782226,1505.5893999999998,1,0.0001625940722846,0.0001625940722846,21,29,False,29.0,False,False,False,False,5.414710587470562,3.7619924637498268,0.6947298556267391,8.229835686617179,2.1868983164105043,11.845366213480139
ARAGYPHGYFDY,H3-23_A,K4-1,True,3320,18357,28,33,0.0227692012262449,0.0612271444676437,0.0006503762891387,0.0001065107091676,False,False,False,False,False,False,False,False,False,False,False,False,False,0,1,False,1.5916666666666668,False,False,False,6.786059951782226,1416.4947,1,0.0612271444676437,0.0612271444676437,21,30,False,30.0,False,False,False,True,0.010622350406344622,0.0017395992038775378,0.16376530524444335,0.004677839214949641,2.68903230152612,0.028563848026015262
ASAGYPYGYFDY,H3-23_A,K4-1,True,2,14,6,33,1.371638628087044e-05,4.669499496361126e-05,0.0001393663476725,0.0001065107091676,False,False,False,False,False,False,False,False,False,False,False,False,False,-1,-1,False,1.4500000000000002,False,False,False,4.050025558471679,1373.4202,0,0.0001393663476725,0.0001393663476725,1,31,False,31.0,False,False,False,False,2.983970938891717,2.280499318126134,0.7641950083085394,7.7595593616680425,3.4018418255274514,10.153171040124793
ARAGYPYGYFEY,H3-23_A,K4-1,True,6,15,3,33,4.114915884261133e-05,5.003035174672634e-05,6.9683173836291e-05,0.0001065107091676,False,False,False,False,False,False,False,False,False,False,False,False,False,0,0,False,1.0750000000000002,False,False,False,6.043432998657226,1456.5552,1,0.0001065107091676,6.9683173836291e-05,25,32,False,32.0,False,False,False,False,1.392539648581701,2.128496412389187,1.5282803652735526,2.5877766252436483,1.2155338727411218,1.6930174424300741
ARAGYPYGYFGY,H3-23_A,K4-1,True,4,15,6,32,2.7432772561740883e-05,5.003035174672634e-05,0.0001393663476725,0.0001032831119201,False,False,False,False,False,False,False,False,False,False,False,False,False,1,1,False,0.9000000000000002,False,False,False,8.473106384277344,1384.4924999999998,1,0.0001393663476725,0.0001393663476725,25,34,False,34.0,False,False,False,False,2.7850792971617633,2.063996521104727,0.7410375838143629,3.7635815290795835,1.8230793420806082,5.078435400758175
ARAGYPFGYFDY,H3-23_A,K4-1,True,2,22,3,32,1.371638628087044e-05,7.337784922853198e-05,6.9683173836291e-05,0.0001032831119201,False,False,False,False,False,False,False,False,False,False,False,False,False,0,0,False,0.6500000000000002,False,False,False,5.87858085632324,1426.5292,1,0.0001032831119201,7.337784922853198e-05,22,35,False,35.0,False,False,False,False,0.949519226531568,1.4073598423422014,1.4819688390531853,7.5244211991934735,5.345751440114566,5.076585520065383
ARAGYPYGYFDH,H3-23_A,K4-1,True,1,9,5,29,6.858193140435221e-06,3.0018211048035808e-05,0.0001161386230604,9.360032017764695e-05,False,False,False,False,False,False,False,False,False,False,False,False,False,0,1,False,1.5916666666666668,False,False,False,6.786059951782226,1416.4947,1,0.0001161386230604,0.0001161386230604,24,36,False,36.0,False,False,False,False,3.8676504196208787,3.1170794699662765,0.8058668085025218,13.628085038347615,4.370612537278419,16.909632662578353
ARAGYPYDYFDY,H3-23_A,K4-1,True,1,17,5,28,6.858193140435221e-06,5.6701065312956525e-05,0.0001161386230604,9.037272293014188e-05,False,False,False,False,False,False,False,False,False,False,False,False,False,-1,-1,False,1.616666666666667,False,False,False,4.207874679565429,1500.5647,1,0.0001161386230604,0.0001161386230604,23,37,False,37.0,False,False,False,False,2.0479005714228107,1.5935641912460217,0.7780782978645038,13.158151071508042,8.255601459303678,16.909632662578353
ARVGYPYGYFDY,H3-23_A,K4-1,True,2,40,2,28,1.371638628087044e-05,0.0001334142713246,4.6455449224194e-05,9.037272293014188e-05,False,False,False,False,False,False,False,False,False,False,False,False,False,0,0,False,0.775,False,False,False,5.877711868286132,1470.5817,1,0.0001334142713246,0.0001334142713246,191,38,False,38.0,False,False,False,False,0.3481783993496603,0.6773334568961553,1.9449445650271662,6.583868549298251,9.719548072935313,3.3843903467102554
ARQGYPYGYFDY,UNK,K4-1,True,37,516,7,27,0.0002537531461961,0.0017210441000873,0.0001625940722846,8.714512568263682e-05,False,False,False,False,False,False,False,False,False,False,False,False,False,0,0,False,1.5833333333333333,False,False,False,5.877711868286132,1499.5799,1,0.0017210441000873,0.0017210441000873,191,39,False,39.0,False,False,False,False,0.09447353937122167,0.05063473930204542,0.53593446005528,0.3434112753917934,6.7820884391042835,0.6407316220730985
ARAGYTWGYFDY,H3-23_A,K4-1,True,1,6,5,27,6.858193140435221e-06,2.001214069869054e-05,0.0001161386230604,8.714512568263682e-05,False,False,False,False,False,False,False,False,False,False,False,False,False,0,0,False,0.8416666666666668,False,False,False,5.87858085632324,1469.554,1,0.0001161386230604,0.0001161386230604,21,40,False,40.0,False,False,False,False,5.800509786048778,4.352437983234038,0.7502897872264858,12.68821710466847,2.9137416915189456,16.909632662578353
ARAGYQYGYFDY,H3-23_A,K4-1,True,4,19,6,26,2.7432772561740883e-05,6.33717788791867e-05,0.0001393663476725,8.391752843513176e-05,False,False,False,False,False,False,False,False,False,False,False,False,False,0,0,False,1.5833333333333333,False,False,False,5.877711868286132,1473.5426,1,0.0001393663476725,0.0001393663476725,27,41,False,41.0,False,False,False,False,2.1988393215998094,1.32400083934357,0.6020930368495322,3.057909992379002,2.309233833302104,5.078435400758175
ARAGYPYGDFDY,H3-23_A,K4-1,True,4,20,5,25,2.7432772561740883e-05,6.67071356623018e-05,0.0001161386230604,8.068993118762668e-05,False,False,False,False,False,False,False,False,False,True,False,False,False,-1,-1,False,2.25,False,False,False,4.207874679565429,1394.4428,1,0.0001161386230604,0.0001161386230604,23,42,False,42.0,False,False,False,False,1.7407615286161573,1.2094333844913572,0.6947127659504498,2.940298069595194,2.430772456107478,4.232029500631205
ARLGYPYGYFDY,UNK,K4-1,True,96,1940,8,19,0.0006583865414817,0.0064705921592432,0.0001858217968967,6.132434770259627e-05,False,False,False,False,False,False,False,False,False,False,False,False,False,0,0,False,0.3166666666666669,False,False,False,5.877711868286132,1484.6083,1,0.0064705921592432,0.0064705921592432,191,43,False,43.0,True,False,False,False,0.028717852268394392,0.009477378796190547,0.3299992182537265,0.09314196512118338,9.827803992835902,0.2822338593676602
ASAGYPWGYFDY,H3-23_A,K4-1,True,1,3,6,17,6.858193140435221e-06,1.000607034934527e-05,0.0001393663476725,5.486915320758614e-05,False,False,False,False,False,False,False,False,False,False,False,False,False,-1,-1,False,0.775,False,False,False,4.050025558471679,1396.4569,0,0.0001393663476725,0.0001393663476725,670,45,False,45.0,False,False,False,False,13.91427404277468,5.4781118037148,0.39367621640161715,7.98887743627274,1.4568708457594728,20.291559195096937
ARAGYPYGYYDY,H3-23_A,K4-1,True,1,12,7,14,6.858193140435221e-06,4.002428139738108e-05,0.0001625940722846,4.518636146507094e-05,False,False,False,False,False,False,False,False,False,False,False,False,False,0,0,False,1.866666666666667,False,False,False,5.876893997192382,1458.528,1,0.0001625940722846,0.0001625940722846,26,46,False,46.0,False,False,False,False,4.061371070225739,1.1286917084023618,0.2778919422508859,6.579075535754021,5.827483383037891,23.673485727615518
ARAGYPSGYFDY,UNK,K4-1,True,2,10,5,13,1.371638628087044e-05,3.33535678311509e-05,0.0001161386230604,4.195876421756588e-05,False,False,False,False,False,False,False,False,False,False,False,False,False,0,0,False,1.9583333333333333,False,False,False,5.87858085632324,1366.4326999999998,1,0.0001161386230604,0.0001161386230604,22,47,False,47.0,False,False,False,False,3.4810013020239303,1.2576222192396886,0.36125063829423393,3.0567961121741885,2.429887018233894,8.460975866769447
ARYQRWVFANAFDY,H3-23_A,UNK,True,5,31,1,13,3.42909657021761e-05,0.0001033960602765,2.3227724612097e-05,4.195876421756588e-05,False,False,False,False,False,False,False,False,False,False,False,False,False,1,1,False,0.1285714285714287,False,False,False,8.632579040527343,1806.9745,2,0.0001033960602765,0.0001033960602765,663,48,False,48.0,False,False,False,False,0.22462633766326479,0.4057669744439669,1.805631356682967,1.2232531463364587,3.014377530191239,0.6771740718257212
ARVYPSAGIYSTGFDP,H5-51,K3-15,True,1,3,7,6,6.858193140435221e-06,1.000607034934527e-05,0.0001625940722846,1.9365583485030405e-05,False,False,False,False,True,False,False,False,False,False,False,False,False,0,0,False,1.71875,False,False,False,5.87944984436035,1700.8445000000002,1,0.0001625940722846,0.0001625940722846,635,49,False,49.0,True,True,False,True,16.233319716572122,1.9334512248405178,0.11909654667895112,2.819603801037438,1.4568708457594728,23.673485727615518
ARAGYPYGYFDY,H1-69,K4-1,True,207,360,1,5,0.00141964598007,0.0012007284419214,2.3227724612097e-05,1.6137986237525337e-05,False,False,False,False,False,False,False,False,False,False,False,False,False,0,0,False,1.2583333333333335,False,False,False,5.877711868286132,1442.5286,1,0.00141964598007,0.0012007284419214,1,50,False,50.0,False,False,False,False,0.019344533164881782,0.013440051283526515,0.694473598724218,0.01136753302495835,0.8457883168725108,0.016361516408328513
ARAGYPWGYFDY,H1-69,K4-1,True,43,43,1,5,0.0002949023050387,0.0001434203416739,2.3227724612097e-05,1.6137986237525337e-05,False,False,False,False,False,False,False,False,False,False,False,False,False,0,0,False,0.5833333333333335,False,False,False,5.87858085632324,1465.5653,1,0.0002949023050387,0.0001434203416739,21,51,False,51.0,False,False,False,False,0.1619442883633857,0.11251445160896499,0.694473598724218,0.054721305153434076,0.48631521717983117,0.0787614630357622
ARQKLYIWGVFDY,H1-69,K3-15,True,2,2,10,4,1.371638628087044e-05,6.670713566230179e-06,0.0002322772461209,1.2910388990020269e-05,False,False,False,False,False,False,False,False,False,False,False,False,False,1,1,False,-0.7846153846153844,False,False,False,8.54006805419922,1658.8954,1,0.0002322772461209,0.0002322772461209,522,52,False,52.0,True,False,False,True,34.76832883466524,1.9324865318698878,0.05557941387492587,0.9405526498997502,0.4859774036467787,16.921951733546177
ARLGYPYGYFDY,H3-23_A,UNK,True,35,322,1,4,0.0002400367599152,0.001073984884163,2.3227724612097e-05,1.2910388990020269e-05,False,False,False,False,False,False,False,False,False,False,False,False,False,0,0,False,0.3166666666666669,False,False,False,5.877711868286132,1484.6083,1,0.001073984884163,0.001073984884163,191,53,False,53.0,True,True,False,False,0.02162740712698938,0.012020903619184151,0.5555788789793744,0.05378280879350778,4.47406532186646,0.09676333319517635
ARQGYPYGYFDY,H3-23_A,UNK,True,9,95,1,4,6.172373826391699e-05,0.0003168588943959,2.3227724612097e-05,1.2910388990020269e-05,False,False,False,False,False,False,False,False,False,False,False,False,False,0,0,False,1.5833333333333333,False,False,False,5.877711868286132,1499.5799,1,0.0003168588943959,0.0003168588943959,191,54,False,54.0,False,False,False,False,0.07330389641551874,0.040743629994460316,0.5555788789793744,0.20913019935431834,5.132669805954424,0.3762565699941335
ARAGYPYGYFDY,H3-23_A,K3-20,True,97,11,1,4,0.0006652447346222,3.668892461426599e-05,2.3227724612097e-05,1.2910388990020269e-05,False,False,False,False,False,False,False,False,False,False,False,False,False,0,0,False,1.2583333333333335,False,False,False,5.877711868286132,1442.5286,1,0.0006652447346222,3.668892461426599e-05,1,55,False,55.0,False,False,False,False,0.6329265736322877,0.35179202458160336,0.5555788789793744,0.019406684865387862,0.0551501894009093,0.03491553446107841
ARAGYPHGYFDY,UNK,K4-1,True,95,439,2,3,0.0006515283483413,0.0014642216277875,4.6455449224194e-05,9.682791742515202e-06,False,False,False,False,False,False,False,False,False,False,False,False,False,0,1,False,1.5916666666666668,False,False,False,6.786059951782226,1416.4947,1,0.0014642216277875,0.0014642216277875,21,56,False,56.0,False,False,False,False,0.031726844539200154,0.006612882524021288,0.20838691768148213,0.014861430285977573,2.2473299254221124,0.07130117412499395
ARVKLYAWGVFDY,H1-69,K3-15,True,1,2,6,2,6.858193140435221e-06,6.670713566230179e-06,0.0001393663476725,6.455194495010134e-06,False,False,False,False,False,False,False,False,False,False,False,False,False,1,1,False,-0.7538461538461536,False,False,False,8.54006805419922,1587.8175,1,0.0001393663476725,0.0001393663476725,596,57,False,57.0,True,True,True,True,20.86099730079316,0.9662432659349439,0.04631484898842555,0.9398679336791459,0.9712472305063151,20.291559195096937
AREESWAPAFDY,H3-23_A,K1-39,True,1,1,5,2,6.858193140435221e-06,3.3353567831150897e-06,0.0001161386230604,6.455194495010134e-06,False,False,False,False,False,False,False,False,False,True,False,False,False,-2,-2,False,1.9666666666666668,False,False,False,4.137435531616211,1441.4995,1,0.0001161386230604,0.0001161386230604,180,59,False,59.0,True,True,True,False,34.71636378116161,1.9295982203127713,0.05557702127603598,0.9398679336791459,0.48562361525315756,16.909632662578353
ARAGYPYGYFDY,H5-51,K4-1,True,34,7,1,2,0.0002331785667747,2.334749748180563e-05,2.3227724612097e-05,6.455194495010134e-06,False,False,False,False,False,False,False,False,False,False,False,False,False,0,0,False,1.2583333333333335,False,False,False,5.877711868286132,1442.5286,1,0.0002331785667747,2.334749748180563e-05,1,60,False,60.0,False,False,False,False,0.9944440593514045,0.2763649873039019,0.2777894394896872,0.027682294137717976,0.10012282250683115,0.09960919153698883
ARAGYPYGYFDY,H3-7_A,K4-1,True,67,2,1,2,0.0004594989404091,6.670713566230179e-06,2.3227724612097e-05,6.455194495010134e-06,False,False,False,False,False,False,False,False,False,False,False,False,False,0,0,False,1.2583333333333335,False,False,False,5.877711868286132,1442.5286,1,0.0004594989404091,2.3227724612097e-05,1,61,False,61.0,False,False,False,False,3.476832883467572,0.9662432659349439,0.2777894394896872,0.014048028073758665,0.01451704848286794,0.05054901563268257
ARLGYPWGYFDY,H3-23_A,K4-1,True,2,34,4,1,1.371638628087044e-05,0.0001134021306259,9.2910898448388e-05,3.227597247505067e-06,False,False,False,False,False,False,False,False,False,False,False,False,False,0,0,False,-0.3583333333333331,False,False,False,5.87858085632324,1507.645,1,0.0001134021306259,0.0001134021306259,431,62,False,62.0,False,False,False,False,0.8192324571951025,0.028459012538540378,0.03473489065861545,0.23513816247493755,8.261615861994288,6.768780693420511
ARLSGDLWSGTFDY,H3-23_A,K1-39,True,9,32,4,1,6.172373826391699e-05,0.0001067314170596,9.2910898448388e-05,3.227597247505067e-06,False,False,False,False,False,False,False,False,False,False,False,False,False,-1,-1,False,1.1714285714285717,False,False,False,4.207874679565429,1587.6869,1,0.0001067314170596,0.0001067314170596,453,63,False,63.0,True,False,False,False,0.8704296889417384,0.03023753418696803,0.03473489065861545,0.052282549838579585,1.7288993030571727,1.505026279976534
ARLSGDLWSGTFDY,H1-69,K1-39,True,123,989,3,1,0.0008435577562735,0.0032986678585008,6.9683173836291e-05,3.227597247505067e-06,False,False,False,False,False,False,False,False,False,False,False,False,False,-1,-1,False,1.1714285714285717,False,False,False,4.207874679565429,1587.6869,1,0.0032986678585008,0.0032986678585008,453,64,False,64.0,True,True,True,True,0.021124576823018715,0.0009784517876419623,0.04631152622043991,0.003826126856440233,3.9103768890750628,0.08260530741966678
ARLGYPYGYFDY,H3-23_A,K1-39,True,27,131,2,1,0.0001851712147917,0.000436931738588,4.6455449224194e-05,3.227597247505067e-06,False,False,False,False,False,False,False,False,False,False,False,False,False,0,0,False,0.3166666666666669,False,False,False,5.877711868286132,1484.6083,1,0.000436931738588,0.000436931738588,191,65,False,65.0,True,True,False,False,0.10631955046070261,0.0073867908749922035,0.06946230589382738,0.01742939882501371,2.3594819759632752,0.2508648043833665
ARDEYSTSPSGLWIFDY,H1-69,K3-15,True,838,9883,1,1,0.0057471658516847,0.0329633310875264,2.3227724612097e-05,3.227597247505067e-06,False,False,False,False,False,False,False,False,False,True,False,False,False,-2,-2,False,1.5529411764705885,False,False,False,4.050025558471679,2007.1153,1,0.0329633310875264,0.0329633310875264,93,66,False,66.0,True,True,True,True,0.000704653225242588,9.791474835438985e-05,0.1388947197448436,0.0005615970923456161,5.735570293688454,0.004041589332139217
ARLTGDLQSGVFDY,H1-69,K1-39,True,374,730,1,1,0.0025649642345227,0.002434810451674,2.3227724612097e-05,3.227597247505067e-06,False,False,False,False,False,False,False,False,False,False,False,False,False,-1,-1,False,1.585714285714286,False,False,False,4.207874679565429,1541.6599,1,0.0025649642345227,0.002434810451674,459,67,False,67.0,False,False,False,True,0.00953981004887952,0.0013255996947479282,0.1388947197448436,0.0012583351536494753,0.9492533760780949,0.009055734088658127
ARDEYSTSPSGLWIFDY,H1-69,K4-1,True,18,411,1,1,0.0001234474765278,0.0013708316378603,2.3227724612097e-05,3.227597247505067e-06,False,False,False,False,False,False,False,False,False,True,False,False,False,-2,-2,False,1.5529411764705885,False,False,False,4.050025558471679,2007.1153,1,0.0013708316378603,0.0013708316378603,93,68,False,68.0,True,True,False,False,0.01694413415130311,0.00235446397188731,0.1388947197448436,0.026143392350792796,11.103674531623996,0.18814352330348022
ARGLRATDFPQAFDI,H1-69,UNK,True,1708,369,1,1,0.0117137938838633,0.0012307466529694,2.3227724612097e-05,3.227597247505067e-06,False,False,False,False,False,False,False,False,False,False,False,False,False,0,0,False,1.2066666666666668,False,False,False,6.005810928344727,1677.8575999999998,2,0.0117137938838633,0.0012307466529694,283,69,False,69.0,False,False,False,True,0.018872719116371502,0.0026224495636224805,0.1388947197448436,0.0002755379276881475,0.1050680603134266,0.001982936101917759
ARIYAQGDAPYPFDY,H1-69,K3-20,True,4427,303,1,1,0.0303612210327067,0.0010106131052838,2.3227724612097e-05,3.227597247505067e-06,False,False,False,False,False,False,False,False,False,False,False,False,False,-1,-1,False,1.5666666666666669,False,False,False,4.207874679565429,1746.8714,1,0.0303612210327067,0.0010106131052838,405,70,False,70.0,False,False,False,True,0.022983567752069417,0.0031936705490210457,0.1388947197448436,0.00010630653427814344,0.033286302001230283,0.0007650455472992806
ARGSGFGDNPAYFDI,H1-69,K3-20,True,3429,277,1,1,0.0235167442785523,0.0009238938289228,2.3227724612097e-05,3.227597247505067e-06,False,False,False,False,False,False,False,False,False,False,False,False,False,-1,-1,False,2.186666666666667,False,False,False,4.207874679565429,1586.659,1,0.0235167442785523,0.0009238938289228,322,71,False,71.0,False,False,False,True,0.025140846790491948,0.0034934342151912005,0.1388947197448436,0.00013724671395017694,0.03928662169870133,0.0009877096276538935
ARLGYPYGYFDY,H1-69,K4-1,True,115,267,1,1,0.00078869221115,0.0008905402610917,2.3227724612097e-05,3.227597247505067e-06,False,False,False,False,False,False,False,False,False,False,False,False,False,0,0,False,0.3166666666666669,False,False,False,5.877711868286132,1484.6083,1,0.0008905402610917,0.0008905402610917,191,72,False,72.0,True,False,False,False,0.026082440965906627,0.0036242729787630944,0.1388947197448436,0.004092288828249809,1.1291210402380016,0.029450563576116834
ARDEYSTSPSGLWIFDY,UNK,K3-15,True,30,264,1,1,0.000205745794213,0.0008805341907423,2.3227724612097e-05,3.227597247505067e-06,False,False,False,False,False,False,False,False,False,True,False,False,False,-2,-2,False,1.5529411764705885,False,False,False,4.050025558471679,2007.1153,1,0.0008805341907423,0.0008805341907423,93,73,False,73.0,True,False,False,False,0.02637882897451858,0.003665457431255322,0.1388947197448436,0.015686543651664234,4.279511029617781,0.11288977159035181
ARTSIAGDPPGYFDY,H1-69,K1-39,True,1786,239,1,1,0.0122487329488173,0.0007971502711645,2.3227724612097e-05,3.227597247505067e-06,False,False,False,False,True,False,False,False,False,False,False,False,False,-1,-1,False,2.313333333333333,False,False,False,4.207874679565429,1629.7235999999998,1,0.0122487329488173,0.0007971502711645,575,74,False,74.0,False,False,False,True,0.029138086094237608,0.004048868670775777,0.1388947197448436,0.00026350436620246924,0.06508016981787264,0.0018963353798146115
ARVILPSDAPYPFDY,H1-69,K3-20,True,906,177,1,1,0.0062135229852343,0.0005903581506113,2.3227724612097e-05,3.227597247505067e-06,False,False,False,False,False,False,False,False,False,False,False,False,False,-1,-1,False,0.4866666666666668,False,False,False,4.207874679565429,1723.9209,1,0.0062135229852343,0.0005903581506113,593,75,False,75.0,False,False,False,True,0.03934447444030596,0.005467092430652015,0.1388947197448436,0.0005194463850397281,0.09501167081823077,0.003738247574655971
ARDEYSTSPSGLWIFDY,H3-23_A,K3-15,True,27,151,1,1,0.0001851712147917,0.0005036388742503,2.3227724612097e-05,3.227597247505067e-06,False,False,False,False,False,False,False,False,False,True,False,False,False,-2,-2,False,1.5529411764705885,False,False,False,4.050025558471679,2007.1153,1,0.0005036388742503,0.0005036388742503,93,76,False,76.0,True,False,False,False,0.04611888519888449,0.006408427403534783,0.1388947197448436,0.01742939882501371,2.7197082318355847,0.12543240219168325
ARHLLSGDRLPYAFDP,H1-69,K3-20,True,2889,145,1,1,0.0198133199827173,0.0004836267335516,2.3227724612097e-05,3.227597247505067e-06,False,False,False,False,True,False,False,False,False,False,False,False,False,0,1,False,0.7750000000000002,False,False,False,6.791580581665039,1828.0354,2,0.0198133199827173,0.0004836267335516,372,77,False,77.0,False,False,False,True,0.04802721340358816,0.006673598226923575,0.1388947197448436,0.00016290029239509078,0.024409159589703303,0.0011723281564662777
ARYGVPWPVQNAFDP,H3-23_A,K3-20,True,25,134,1,1,0.0001714548285108,0.0004469378089374,2.3227724612097e-05,3.227597247505067e-06,False,False,False,False,True,False,False,False,False,False,False,False,False,0,0,False,0.9933333333333336,False,False,False,5.880318832397459,1716.8918,1,0.0004469378089374,0.0004469378089374,655,78,False,78.0,False,False,False,True,0.05196965763702916,0.0072214186599964475,0.1388947197448436,0.0188236694110231,2.6065859267998444,0.13546640913960942
ARAGYPYGYFDY,H3-23_A,K3-15,True,84,118,1,1,0.0005760882237965,0.0003935721004075,2.3227724612097e-05,3.227597247505067e-06,False,False,False,False,False,False,False,False,False,False,False,False,False,0,0,False,1.2583333333333335,False,False,False,5.877711868286132,1442.5286,1,0.0005760882237965,0.0003935721004075,1,79,False,79.0,False,False,False,False,0.05901621183495869,0.008200569192967199,0.1388947197448436,0.005602512061632702,0.6831683975934714,0.040319035283646214
ARQLVESWLFDY,H4-34,K3-20,True,8,103,1,1,5.4865545123481766e-05,0.0003435417486608,2.3227724612097e-05,3.227597247505067e-06,False,False,False,False,False,False,False,False,False,False,False,False,False,-1,-1,False,-0.5499999999999998,False,False,False,4.370375442504883,1526.6899,1,0.0003435417486608,0.0003435417486608,523,80,False,80.0,False,False,False,False,0.06761055562267126,0.009394792080338908,0.1388947197448436,0.0588166776337671,6.260379698967132,0.4232800705638482
ARAGYPHGYFDY,H3-23_A,UNK,True,29,91,1,1,0.0001988876010726,0.0003035174672634,2.3227724612097e-05,3.227597247505067e-06,False,False,False,False,False,False,False,False,False,False,False,False,False,0,1,False,1.5916666666666668,False,False,False,6.786059951782226,1416.4947,1,0.0003035174672634,0.0003035174672634,21,81,False,81.0,False,False,False,False,0.07652593955175749,0.01063362494539636,0.1388947197448436,0.016227431754327473,1.5259986325959383,0.11678232661850257
ARAAGASGDYPHAFDP,H1-69,K3-20,True,4239,89,1,1,0.0290718807223049,0.0002968467536972,2.3227724612097e-05,3.227597247505067e-06,False,False,False,False,True,False,False,False,False,False,False,False,False,-1,0,False,2.9875000000000003,False,False,False,5.212373733520507,1602.6619,1,0.0290718807223049,0.0002968467536972,3,82,False,82.0,False,False,False,True,0.07824556565686142,0.010872574759735071,0.1388947197448436,0.00011102123622901311,0.01021078252297672,0.0007989753688182356
ARLSGDLWSGTFDY,H1-69,K4-1,True,2,75,1,1,1.371638628087044e-05,0.0002501517587336,2.3227724612097e-05,3.227597247505067e-06,False,False,False,False,False,False,False,False,False,False,False,False,False,-1,-1,False,1.1714285714285717,False,False,False,4.207874679565429,1587.6869,1,0.0002501517587336,0.0002501517587336,453,83,False,83.0,True,True,False,False,0.09285082072369207,0.012902040918820735,0.1388947197448436,0.23513816247493755,18.22415263675189,1.6921951733551277
ARVTEGVSFVYWGPFDY,H4-34,K3-15,True,5,74,1,1,3.42909657021761e-05,0.0002468164019505,2.3227724612097e-05,3.227597247505067e-06,False,False,False,False,False,False,False,False,False,False,False,False,False,-1,-1,False,0.3529411764705883,False,False,False,4.370375442504883,1993.1762,1,0.0002468164019505,0.0002468164019505,625,84,False,84.0,False,False,False,False,0.09410551070932527,0.013076385759382211,0.1388947197448436,0.09409639587203528,7.195610878525254,0.6771740718257212
ARLGYPYGYFDY,H3-23_A,K3-15,True,56,69,1,1,0.0003840588158643,0.0002301396180349,2.3227724612097e-05,3.227597247505067e-06,False,False,False,False,False,False,False,False,False,False,False,False,False,0,0,False,0.3166666666666669,False,False,False,5.877711868286132,1484.6083,1,0.0003840588158643,0.0002301396180349,191,86,False,86.0,True,True,False,False,0.1009244543198622,0.014023908773186114,0.1388947197448436,0.008403695156144749,0.5992145379389859,0.06047802803210107
ARQGYPYGYFDY,H1-69,K4-1,True,39,69,1,1,0.0002674695324769,0.0002301396180349,2.3227724612097e-05,3.227597247505067e-06,False,False,False,False,False,False,False,False,False,False,False,False,False,0,0,False,1.5833333333333333,False,False,False,5.877711868286132,1499.5799,1,0.0002674695324769,0.0002301396180349,191,87,False,87.0,False,False,False,False,0.1009244543198622,0.014023908773186114,0.1388947197448436,0.012066707376138425,0.8604008534925013,0.08683925980057179
ARNLRDPAQEYPDYFDY,H4-34,K3-15,True,331,67,1,1,0.002270061929484,0.0002234689044687,2.3227724612097e-05,3.227597247505067e-06,False,False,False,False,True,False,False,False,False,False,False,False,False,-2,-2,False,2.5588235294117645,False,False,False,4.226021194458009,2133.2319,2,0.002270061929484,0.0002234689044687,470,88,False,88.0,False,False,False,True,0.1039369897902387,0.014442514183512646,0.1388947197448436,0.001421803955013319,0.09844133199757055,0.010232153576462571
ARAGYPHGYFDY,H1-69,K4-1,True,100,62,1,1,0.0006858193140435,0.0002067921205531,2.3227724612097e-05,3.227597247505067e-06,False,False,False,False,False,False,False,False,False,False,False,False,False,0,1,False,1.5916666666666668,False,False,False,6.786059951782226,1416.4947,1,0.0006858193140435,0.0002067921205531,21,89,False,89.0,False,False,False,False,0.11231859978018399,0.015607176748829934,0.1388947197448436,0.004706123202106742,0.3015212623880113,0.0338680837002306
ARLTGDLQSGVFDY,H1-69,K4-1,True,7,53,1,1,4.800735198304655e-05,0.000176773909505,2.3227724612097e-05,3.227597247505067e-06,False,False,False,False,False,False,False,False,False,False,False,False,False,-1,-1,False,1.585714285714286,False,False,False,4.207874679565429,1541.6599,1,0.000176773909505,0.000176773909505,459,90,False,90.0,False,False,False,False,0.13139049066815692,0.01825730212971549,0.1388947197448436,0.06721731028909367,3.681458935249354,0.4837360590042115
ARQGYPYGYFDY,H3-23_A,K1-39,True,11,47,1,1,7.544012454478743e-05,0.0001567617688064,2.3227724612097e-05,3.227597247505067e-06,False,False,False,False,False,False,False,False,False,False,False,False,False,0,0,False,1.5833333333333333,False,False,False,5.877711868286132,1499.5799,1,0.0001567617688064,0.0001567617688064,191,91,False,91.0,False,False,False,False,0.1481626748804582,0.02058787288093228,0.1388947197448436,0.042777891580406284,2.0776873431580056,0.3078553514952643
ARDEYSTSPSGLWIFDY,H1-69,UNK,True,8,46,1,1,5.4865545123481766e-05,0.0001534264120232,2.3227724612097e-05,3.227597247505067e-06,False,False,False,False,False,False,False,False,False,True,False,False,False,-2,-2,False,1.5529411764705885,False,False,False,4.050025558471679,2007.1153,1,0.0001534264120232,0.0001534264120232,93,92,False,92.0,True,True,False,False,0.15138339267595038,0.021035406165630658,0.1388947197448436,0.0588166776337671,2.7958977296345324,0.4232800705638482
ARENYQETEGLFDY,H1-69,K3-15,True,56,45,1,1,0.0003840588158643,0.0001500910552401,2.3227724612097e-05,3.227597247505067e-06,False,False,False,False,False,False,False,False,False,True,False,False,False,-3,-3,False,2.957142857142857,False,False,False,4.050025558471679,1734.7731,1,0.0003840588158643,0.0001500910552401,203,93,False,93.0,False,False,False,True,0.15474724394803346,0.021502828493392256,0.1388947197448436,0.008403695156144749,0.39079208996007236,0.06047802803210107
ARVDAVYGWSSHAFDY,H5-51,K4-1,True,18,43,1,1,0.0001234474765278,0.0001434203416739,2.3227724612097e-05,3.227597247505067e-06,False,False,False,False,False,False,False,False,False,False,False,False,False,-1,0,False,1.30625,False,False,False,5.212373733520507,1843.9468,1,0.0001434203416739,0.0001434203416739,584,94,False,94.0,False,False,False,False,0.1619442883633857,0.022502890321792996,0.1388947197448436,0.026143392350792796,1.161698308660997,0.18814352330348022
ARLGYPYGYFDY,UNK,UNK,True,6,42,1,1,4.114915884261133e-05,0.0001400849848908,2.3227724612097e-05,3.227597247505067e-06,False,False,False,False,False,False,False,False,False,False,False,False,False,0,0,False,0.3166666666666669,False,False,False,5.877711868286132,1484.6083,1,0.0001400849848908,0.0001400849848908,191,95,False,95.0,True,False,False,False,0.16579982952424985,0.023038635180416246,0.1388947197448436,0.07841747349228124,3.4034948436743213,0.5643391474766913
ARYQRWVFANAFDY,H1-69,K1-39,True,9,40,1,1,6.172373826391699e-05,0.0001334142713246,2.3227724612097e-05,3.227597247505067e-06,False,False,False,False,False,False,False,False,False,False,False,False,False,1,1,False,0.1285714285714287,False,False,False,8.632579040527343,1806.9745,2,0.0001334142713246,0.0001334142713246,663,96,False,96.0,False,False,False,False,0.17408919967483014,0.02419048060343412,0.1388947197448436,0.052282549838579585,2.1611241288230856,0.3762565699941335
DRLGYPYGYFDY,H3-23_A,K4-1,True,6,34,1,1,4.114915884261133e-05,0.0001134021306259,2.3227724612097e-05,3.227597247505067e-06,False,False,False,False,False,False,False,False,False,False,False,False,False,-1,-1,False,0.9750000000000002,False,False,False,4.20782356262207,1528.6178,1,0.0001134021306259,0.0001134021306259,673,97,False,97.0,False,False,False,False,0.20480811429877563,0.028459012538540378,0.1388947197448436,0.07841747349228124,2.755210111546226,0.5643391474766913
ARLGYTYGYFDY,H3-23_A,K4-1,True,5,31,1,1,3.42909657021761e-05,0.0001033960602765,2.3227724612097e-05,3.227597247505067e-06,False,False,False,False,False,False,False,False,False,False,False,False,False,0,0,False,0.5750000000000002,False,False,False,5.877711868286132,1488.597,1,0.0001033960602765,0.0001033960602765,432,98,False,98.0,False,False,False,False,0.22462633766326479,0.031212844187997454,0.1388947197448436,0.09409639587203528,3.014377530191239,0.6771740718257212
ARSVRVLAYSDYEGFDY,H1-69,K3-20,True,80,28,1,1,0.0005486554512348,9.338998992722252e-05,2.3227724612097e-05,3.227597247505067e-06,False,False,False,False,False,False,False,False,False,True,False,False,False,-1,-1,False,1.623529411764706,False,False,False,4.558281326293945,2011.1502,2,0.0005486554512348,9.338998992722252e-05,559,99,False,99.0,False,False,False,True,0.24869086849148586,0.03455671943883525,0.1388947197448436,0.005882632559132696,0.1702129954000995,0.04233495030500244
AREPIHLGYFDY,H1-69,K3-20,True,271,27,1,1,0.0018585703410579,9.005463314410743e-05,2.3227724612097e-05,3.227597247505067e-06,False,False,False,False,False,False,False,False,False,False,False,False,False,-1,0,False,0.3166666666666668,False,False,False,5.322224044799805,1480.6215,1,0.0018585703410579,9.005463314410743e-05,210,100,False,100.0,False,False,False,True,0.25790061871380304,0.03583645582990126,0.1388947197448436,0.001736592804843683,0.048453451892668,0.012497562843517343
ARAGYPHGYFDY,H3-23_A,K1-39,True,21,27,1,1,0.0001440220559491,9.005463314410743e-05,2.3227724612097e-05,3.227597247505067e-06,False,False,False,False,False,False,False,False,False,False,False,False,False,0,1,False,1.5916666666666668,False,False,False,6.786059951782226,1416.4947,1,0.0001440220559491,9.005463314410743e-05,21,101,False,101.0,False,False,False,False,0.25790061871380304,0.03583645582990126,0.1388947197448436,0.022408881316293084,0.6252402116368606,0.1612677432050649
ARGYGIWDEGTFDY,H1-69,K1-39,True,118,26,1,1,0.0008092667905713,8.671927636099234e-05,2.3227724612097e-05,3.227597247505067e-06,False,False,False,False,False,False,False,False,False,True,False,False,False,-2,-2,False,1.8142857142857145,False,False,False,4.050025558471679,1649.7132,1,0.0008092667905713,8.671927636099234e-05,343,102,False,102.0,False,False,False,True,0.2678187295765791,0.03721462213141124,0.1388947197448436,0.003988248872461275,0.1071565098262287,0.028701829686354458
ARAGYPHGYFDY,H3-23_A,K3-15,True,32,24,1,1,0.0002194621804939,8.004856279476216e-05,2.3227724612097e-05,3.227597247505067e-06,False,False,False,False,False,False,False,False,False,False,False,False,False,0,1,False,1.5916666666666668,False,False,False,6.786059951782226,1416.4947,1,0.0002194621804939,8.004856279476216e-05,21,103,False,103.0,False,False,False,False,0.2901341693035823,0.04031545327361576,0.1388947197448436,0.014706179344651724,0.3647321615642627,0.10583448234680745
ARSGVYAPWFAYAFDY,H4-34,K3-20,True,42,21,1,1,0.0002880441118982,7.004249244541689e-05,2.3227724612097e-05,3.227597247505067e-06,False,False,False,False,False,False,False,False,False,False,False,False,False,0,0,False,-0.0562499999999998,False,False,False,5.87858085632324,1884.0519,1,0.0002880441118982,7.004249244541689e-05,539,104,False,104.0,False,False,False,False,0.3315759911068896,0.046073981593444786,0.1388947197448436,0.011204829628141948,0.24315741227873988,0.08063667086379177
ARLTGDLQSGVFDY,H3-23_A,K1-39,True,18,21,1,1,0.0001234474765278,7.004249244541689e-05,2.3227724612097e-05,3.227597247505067e-06,False,False,False,False,False,False,False,False,False,False,False,False,False,-1,-1,False,1.585714285714286,False,False,False,4.207874679565429,1541.6599,1,0.0001234474765278,7.004249244541689e-05,459,105,False,105.0,False,False,False,False,0.3315759911068896,0.046073981593444786,0.1388947197448436,0.026143392350792796,0.5673410344625407,0.18814352330348022
ARGLRATDFPQAFDI,H1-69,K4-1,True,39,19,1,1,0.0002674695324769,6.33717788791867e-05,2.3227724612097e-05,3.227597247505067e-06,False,False,False,False,False,False,False,False,False,False,False,False,False,0,0,False,1.2066666666666668,False,False,False,6.005810928344727,1677.8575999999998,2,0.0002674695324769,6.33717788791867e-05,283,106,False,106.0,False,False,False,False,0.3664732202668505,0.05092310920552192,0.1388947197448436,0.012066707376138425,0.23692197415015145,0.08683925980057179
ARTSIAGDPPGYFDY,H1-69,K4-1,True,63,17,1,1,0.0004320661678474,5.6701065312956525e-05,2.3227724612097e-05,3.227597247505067e-06,False,False,False,False,True,False,False,False,False,False,False,False,False,-1,-1,False,2.313333333333333,False,False,False,4.207874679565429,1629.7235999999998,1,0.0004320661678474,5.6701065312956525e-05,575,107,False,107.0,False,False,False,False,0.40958011428486185,0.05691300683021506,0.1388947197448436,0.00746997286053737,0.13122932837383922,0.05375840266270028
ARDEYSTSPSGLWIFDY,H1-69,K3-20,True,36,17,1,1,0.0002468949530556,5.6701065312956525e-05,2.3227724612097e-05,3.227597247505067e-06,False,False,False,False,False,False,False,False,False,True,False,False,False,-2,-2,False,1.5529411764705885,False,False,False,4.050025558471679,2007.1153,1,0.0002468949530556,5.6701065312956525e-05,93,108,False,108.0,True,True,False,False,0.40958011428486185,0.05691300683021506,0.1388947197448436,0.013072225597589578,0.22964733842414306,0.09407557169121025
ARIYAQGDAPYPFDY,H1-69,K4-1,True,86,13,1,1,0.0005898046100774,4.335963818049617e-05,2.3227724612097e-05,3.227597247505067e-06,False,False,False,False,False,False,False,False,False,False,False,False,False,-1,-1,False,1.5666666666666669,False,False,False,4.207874679565429,1746.8714,1,0.0005898046100774,4.335963818049617e-05,405,109,False,109.0,False,False,False,False,0.5355757065675216,0.0744206634621304,0.1388947197448436,0.005472223292470691,0.07351401175838317,0.03938139919770532
ARAVSYGDRPNAFDY,H1-69,K4-1,True,796,12,1,1,0.0054591217397864,4.002428139738108e-05,2.3227724612097e-05,3.227597247505067e-06,False,False,False,False,False,False,False,False,False,False,False,False,False,0,0,False,2.62,False,False,False,6.004021835327148,1701.7928000000002,2,0.0054591217397864,4.002428139738108e-05,70,110,False,110.0,False,False,False,True,0.5801958671753875,0.08062083631445441,0.1388947197448436,0.0005912290454509812,0.00733162035744298,0.004254838629889125
ARIYAQGDAPYPFDY,UNK,K3-20,True,118,12,1,1,0.0008092667905713,4.002428139738108e-05,2.3227724612097e-05,3.227597247505067e-06,False,False,False,False,False,False,False,False,False,False,False,False,False,-1,-1,False,1.5666666666666669,False,False,False,4.207874679565429,1746.8714,1,0.0008092667905713,4.002428139738108e-05,405,111,False,111.0,False,False,False,False,0.5801958671753875,0.08062083631445441,0.1388947197448436,0.003988248872461275,0.04945685068902863,0.028701829686354458
ARGSGFGDNPAYFDI,H1-69,K4-1,True,72,12,1,1,0.0004937899061113,4.002428139738108e-05,2.3227724612097e-05,3.227597247505067e-06,False,False,False,False,False,False,False,False,False,False,False,False,False,-1,-1,False,2.186666666666667,False,False,False,4.207874679565429,1586.659,1,0.0004937899061113,4.002428139738108e-05,322,112,False,112.0,False,False,False,False,0.5801958671753875,0.08062083631445441,0.1388947197448436,0.006536245162382802,0.08105364319036505,0.047038738413331296
ARLGYPYGYFDY,H5-51,K4-1,True,19,12,1,1,0.0001303056696682,4.002428139738108e-05,2.3227724612097e-05,3.227597247505067e-06,False,False,False,False,False,False,False,False,False,False,False,False,False,0,0,False,0.3166666666666669,False,False,False,5.877711868286132,1484.6083,1,0.0001303056696682,4.002428139738108e-05,191,113,False,113.0,True,False,False,False,0.5801958671753875,0.08062083631445441,0.1388947197448436,0.024767529919640006,0.3071332979317676,0.17824199247287523
ARAGYPYGYFDY,H4-34,K4-1,True,85,11,1,1,0.0005829464169369,3.668892461426599e-05,2.3227724612097e-05,3.227597247505067e-06,False,False,False,False,False,False,False,False,False,False,False,False,False,0,0,False,1.2583333333333335,False,False,False,5.877711868286132,1442.5286,1,0.0005829464169369,3.668892461426599e-05,1,114,False,114.0,False,False,False,False,0.6329265736322877,0.08794800614540084,0.1388947197448436,0.005536601285674545,0.0629359649337855,0.039844701828903956
ARGLRATDFPQAFDI,H3-23_A,UNK,True,63,11,1,1,0.0004320661678474,3.668892461426599e-05,2.3227724612097e-05,3.227597247505067e-06,False,False,False,False,False,False,False,False,False,False,False,False,False,0,0,False,1.2066666666666668,False,False,False,6.005810928344727,1677.8575999999998,2,0.0004320661678474,3.668892461426599e-05,283,115,False,115.0,False,False,False,False,0.6329265736322877,0.08794800614540084,0.1388947197448436,0.00746997286053737,0.08491309483013126,0.05375840266270028
ARALVAGDAPSGFDY,H1-69,K4-1,True,2933,10,1,1,0.0201150804808965,3.33535678311509e-05,2.3227724612097e-05,3.227597247505067e-06,False,False,False,False,False,False,False,False,False,False,False,False,False,-1,-1,False,1.9066666666666667,False,False,False,4.207874679565429,1509.6181,1,0.0201150804808965,3.33535678311509e-05,40,116,False,116.0,False,False,False,True,0.6962002604052956,0.09674017071074527,0.1388947197448436,0.00016045651152155383,0.0016581366045967882,0.0011547412443486942
ARTSIAGDPPGYFDY,H3-23_A,K1-39,True,104,9,1,1,0.0007132520866052,3.0018211048035808e-05,2.3227724612097e-05,3.227597247505067e-06,False,False,False,False,True,False,False,False,False,False,False,False,False,-1,-1,False,2.313333333333333,False,False,False,4.207874679565429,1629.7235999999998,1,0.0007132520866052,3.0018211048035808e-05,575,117,False,117.0,False,False,False,False,0.7735300839247419,0.10748549896435436,0.1388947197448436,0.004525121001267497,0.04208580774411929,0.03256548335920994
ARGSGFGDNPAYFDI,H1-69,UNK,True,134,8,1,1,0.0009189978808183,2.668285426492072e-05,2.3227724612097e-05,3.227597247505067e-06,False,False,False,False,False,False,False,False,False,False,False,False,False,-1,-1,False,2.186666666666667,False,False,False,4.207874679565429,1586.659,1,0.0009189978808183,2.668285426492072e-05,322,118,False,118.0,False,False,False,False,0.87018512076554,0.12091615289514837,0.1388947197448436,0.0035120452336395206,0.029034412894437707,0.02527478283582796
ARLGYPYGYFDY,H3-23_A,K3-20,True,65,8,1,1,0.0004457825541282,2.668285426492072e-05,2.3227724612097e-05,3.227597247505067e-06,False,False,False,False,False,False,False,False,False,False,False,False,False,0,0,False,0.3166666666666669,False,False,False,5.877711868286132,1484.6083,1,0.0004457825541282,2.668285426492072e-05,191,119,False,119.0,True,True,False,False,0.87018512076554,0.12091615289514837,0.1388947197448436,0.007240132697633353,0.05985486751141951,0.052104335070202235
ARQGYPYGYFDY,H3-23_A,K3-20,True,17,8,1,1,0.0001165892833873,2.668285426492072e-05,2.3227724612097e-05,3.227597247505067e-06,False,False,False,False,False,False,False,False,False,False,False,False,False,0,0,False,1.5833333333333333,False,False,False,5.877711868286132,1499.5799,1,0.0001165892833873,2.668285426492072e-05,191,120,False,120.0,False,False,False,False,0.87018512076554,0.12091615289514837,0.1388947197448436,0.027681107068078407,0.2288423521119772,0.19920984020924923
ARIYAQGDAPYPFDY,H1-69,K3-15,True,93,7,1,1,0.0006378119620604,2.334749748180563e-05,2.3227724612097e-05,3.227597247505067e-06,False,False,False,False,False,False,False,False,False,False,False,False,False,-1,-1,False,1.5666666666666669,False,False,False,4.207874679565429,1746.8714,1,0.0006378119620604,2.334749748180563e-05,405,121,False,121.0,False,False,False,False,0.9944440593514045,0.13818249365195096,0.1388947197448436,0.005060341975492249,0.03660503850695985,0.036417254333894186
ARHLLSGDRLPYAFDP,H1-69,K4-1,True,59,7,1,1,0.0004046333952856,2.334749748180563e-05,2.3227724612097e-05,3.227597247505067e-06,False,False,False,False,True,False,False,False,False,False,False,False,False,0,1,False,0.7750000000000002,False,False,False,6.791580581665039,1828.0354,2,0.0004046333952856,2.334749748180563e-05,372,122,False,122.0,False,False,False,False,0.9944440593514045,0.13818249365195096,0.1388947197448436,0.007976399182858298,0.05769894616796306,0.05740295006101043
ARVILPSDAPYPFDY,H1-69,K4-1,True,17,7,1,1,0.0001165892833873,2.334749748180563e-05,2.3227724612097e-05,3.227597247505067e-06,False,False,False,False,False,False,False,False,False,False,False,False,False,-1,-1,False,0.4866666666666668,False,False,False,4.207874679565429,1723.9209,1,0.0001165892833873,2.334749748180563e-05,593,123,False,123.0,False,False,False,False,0.9944440593514045,0.13818249365195096,0.1388947197448436,0.027681107068078407,0.20023705809798006,0.19920984020924923
ARIYAQGDAPYPFDY,H1-69,UNK,True,173,6,1,1,0.0011864674132952,2.001214069869054e-05,2.3227724612097e-05,3.227597247505067e-06,False,False,False,False,False,False,False,False,False,False,False,False,False,-1,-1,False,1.5666666666666669,False,False,False,4.207874679565429,1746.8714,1,0.0011864674132952,2.3227724612097e-05,405,124,False,124.0,False,False,False,False,1.1601019572106046,0.16120140678644584,0.1388947197448436,0.002720319166077567,0.01686685348953326,0.019577047444659493
ARHLLSGDRLPYAFDP,H1-69,UNK,True,99,6,1,1,0.000678961120903,2.001214069869054e-05,2.3227724612097e-05,3.227597247505067e-06,False,False,False,False,True,False,False,False,False,False,False,False,False,0,1,False,0.7750000000000002,False,False,False,6.791580581665039,1828.0354,2,0.000678961120903,2.3227724612097e-05,372,125,False,125.0,False,False,False,False,1.1601019572106046,0.16120140678644584,0.1388947197448436,0.004753659099981326,0.02947421485625975,0.03421018051725853
ARGLRATDFPQAFDI,H1-69,K3-15,True,51,6,1,1,0.0003497678501621,2.001214069869054e-05,2.3227724612097e-05,3.227597247505067e-06,False,False,False,False,False,False,False,False,False,False,False,False,False,0,0,False,1.2066666666666668,False,False,False,6.005810928344727,1677.8575999999998,2,0.0003497678501621,2.3227724612097e-05,283,126,False,126.0,False,False,False,False,1.1601019572106046,0.16120140678644584,0.1388947197448436,0.00922756328340768,0.057213859280729674,0.06640707695279278
ARTSIAGDPPGYFDY,UNK,K1-39,True,44,6,1,1,0.0003017604981791,2.001214069869054e-05,2.3227724612097e-05,3.227597247505067e-06,False,False,False,False,True,False,False,False,False,False,False,False,False,-1,-1,False,2.313333333333333,False,False,False,4.207874679565429,1629.7235999999998,1,0.0003017604981791,2.3227724612097e-05,575,127,False,127.0,False,False,False,False,1.1601019572106046,0.16120140678644584,0.1388947197448436,0.010695536067907794,0.06631576253956206,0.07697148910266041
ARGLRATDFPQAFDI,UNK,UNK,True,40,6,1,1,0.0002743277256174,2.001214069869054e-05,2.3227724612097e-05,3.227597247505067e-06,False,False,False,False,False,False,False,False,False,False,False,False,False,0,0,False,1.2066666666666668,False,False,False,6.005810928344727,1677.8575999999998,2,0.0002743277256174,2.3227724612097e-05,283,128,False,128.0,False,False,False,False,1.1601019572106046,0.16120140678644584,0.1388947197448436,0.01176505068794795,0.07294709706312905,0.08466835744089792
ARLGYPYGYFDY,H4-34,K4-1,True,37,6,1,1,0.0002537531461961,2.001214069869054e-05,2.3227724612097e-05,3.227597247505067e-06,False,False,False,False,False,False,False,False,False,False,False,False,False,0,0,False,0.3166666666666669,False,False,False,5.877711868286132,1484.6083,1,0.0002537531461961,2.3227724612097e-05,191,129,False,129.0,True,False,False,False,1.1601019572106046,0.16120140678644584,0.1388947197448436,0.012718936125621976,0.07886149347796075,0.09153308886762998
ARTSIAGDPPGYFDY,H1-69,K3-15,True,35,6,1,1,0.0002400367599152,2.001214069869054e-05,2.3227724612097e-05,3.227597247505067e-06,False,False,False,False,True,False,False,False,False,False,False,False,False,-1,-1,False,2.313333333333333,False,False,False,4.207874679565429,1629.7235999999998,1,0.0002400367599152,2.3227724612097e-05,575,130,False,130.0,False,False,False,False,1.1601019572106046,0.16120140678644584,0.1388947197448436,0.013445702198376945,0.08336767680496966,0.09676333319517635
ARVILPSDAPYPFDY,UNK,K3-20,True,23,6,1,1,0.00015773844223,2.001214069869054e-05,2.3227724612097e-05,3.227597247505067e-06,False,False,False,False,False,False,False,False,False,False,False,False,False,-1,-1,False,0.4866666666666668,False,False,False,4.207874679565429,1723.9209,1,0.00015773844223,2.3227724612097e-05,593,131,False,131.0,False,False,False,False,1.1601019572106046,0.16120140678644584,0.1388947197448436,0.02046040646663993,0.12686109869479717,0.1472453501520514
ARVILPSDAPYPFDY,H1-69,K3-15,True,21,5,1,1,0.0001440220559491,1.667678391557545e-05,2.3227724612097e-05,3.227597247505067e-06,False,False,False,False,False,False,False,False,False,False,False,False,False,-1,-1,False,0.4866666666666668,False,False,False,4.207874679565429,1723.9209,1,0.0001440220559491,2.3227724612097e-05,593,132,False,132.0,False,False,False,False,1.3919833042493126,0.19342236729585902,0.1388947197448436,0.022408881316293084,0.1157852243771964,0.1612677432050649
ARGLRATDFPQAFDI,H1-69,K3-20,True,280,4,1,1,0.0019202940793218,1.334142713246036e-05,2.3227724612097e-05,3.227597247505067e-06,False,False,False,False,False,False,False,False,False,False,False,False,False,0,0,False,1.2066666666666668,False,False,False,6.005810928344727,1677.8575999999998,2,0.0019202940793218,2.3227724612097e-05,283,133,False,133.0,False,False,False,False,1.7397184871439781,0.24174174157443012,0.1388947197448436,0.0016807740410804983,0.0069475596475180095,0.012095857558299002
ARIYAQGDAPYPFDY,H3-23_A,K3-20,True,127,4,1,1,0.0008709905288352,1.334142713246036e-05,2.3227724612097e-05,3.227597247505067e-06,False,False,False,False,False,False,False,False,False,False,False,False,False,-1,-1,False,1.5666666666666669,False,False,False,4.207874679565429,1746.8714,1,0.0008709905288352,2.3227724612097e-05,405,134,False,134.0,False,False,False,False,1.7397184871439781,0.24174174157443012,0.1388947197448436,0.003705620307511608,0.015317358245811881,0.02666786510814147
ARGSGFGDNPAYFDI,UNK,K3-20,True,82,4,1,1,0.0005623718375156,1.334142713246036e-05,2.3227724612097e-05,3.227597247505067e-06,False,False,False,False,False,False,False,False,False,False,False,False,False,-1,-1,False,2.186666666666667,False,False,False,4.207874679565429,1586.659,1,0.0005623718375156,2.3227724612097e-05,322,135,False,135.0,False,False,False,False,1.7397184871439781,0.24174174157443012,0.1388947197448436,0.0057391562674986565,0.02372307610679244,0.04130240890194587
ARHLLSGDRLPYAFDP,UNK,K3-20,True,64,4,1,1,0.0004389243609878,1.334142713246036e-05,2.3227724612097e-05,3.227597247505067e-06,False,False,False,False,True,False,False,False,False,False,False,False,False,0,1,False,0.7750000000000002,False,False,False,6.791580581665039,1828.0354,2,0.0004389243609878,2.3227724612097e-05,372,136,False,136.0,False,False,False,False,1.7397184871439781,0.24174174157443012,0.1388947197448436,0.007353257193721448,0.030395039254698903,0.05291844675778892
ARLGYPYGYFDY,H3-7_A,K4-1,True,35,4,1,1,0.0002400367599152,1.334142713246036e-05,2.3227724612097e-05,3.227597247505067e-06,False,False,False,False,False,False,False,False,False,False,False,False,False,0,0,False,0.3166666666666669,False,False,False,5.877711868286132,1484.6083,1,0.0002400367599152,2.3227724612097e-05,191,137,False,137.0,True,False,False,False,1.7397184871439781,0.24174174157443012,0.1388947197448436,0.013445702198376945,0.05557845120331311,0.09676333319517635
ARVILPSDAPYPFDY,H1-69,UNK,True,28,4,1,1,0.0001920294079321,1.334142713246036e-05,2.3227724612097e-05,3.227597247505067e-06,False,False,False,False,False,False,False,False,False,False,False,False,False,-1,-1,False,0.4866666666666668,False,False,False,4.207874679565429,1723.9209,1,0.0001920294079321,2.3227724612097e-05,593,138,False,138.0,False,False,False,False,1.7397184871439781,0.24174174157443012,0.1388947197448436,0.016806952709655612,0.06947234047491717,0.12095290681332294
ARAAGASGDYPHAFDP,H3-23_A,K3-20,True,121,3,1,1,0.0008298413699926,1.000607034934527e-05,2.3227724612097e-05,3.227597247505067e-06,False,False,False,False,True,False,False,False,False,False,False,False,False,-1,0,False,2.9875000000000003,False,False,False,5.212373733520507,1602.6619,1,0.0008298413699926,2.3227724612097e-05,3,139,False,139.0,False,False,False,False,2.3190456737971443,0.32224187080675293,0.1388947197448436,0.0038893678605770674,0.012057665638889643,0.027990222649513882
ARGSGFGDNPAYFDI,H3-23_A,K3-20,True,109,3,1,1,0.0007475430523074,1.000607034934527e-05,2.3227724612097e-05,3.227597247505067e-06,False,False,False,False,False,False,False,False,False,False,False,False,False,-1,-1,False,2.186666666666667,False,False,False,4.207874679565429,1586.659,1,0.0007475430523074,2.3227724612097e-05,322,140,False,140.0,False,False,False,False,2.3190456737971443,0.32224187080675293,0.1388947197448436,0.004317549420128449,0.013385097309763495,0.0310716738302415
ARAAGASGDYPHAFDP,H1-69,K3-15,True,98,3,1,1,0.0006721029277626,1.000607034934527e-05,2.3227724612097e-05,3.227597247505067e-06,False,False,False,False,True,False,False,False,False,False,False,False,False,-1,0,False,2.9875000000000003,False,False,False,5.212373733520507,1602.6619,1,0.0006721029277626,2.3227724612097e-05,3,141,False,141.0,False,False,False,False,2.3190456737971443,0.32224187080675293,0.1388947197448436,0.004802165103786102,0.01488748383795343,0.034559258798100914
ARGSGFGDNPAYFDI,H1-69,K3-15,True,73,3,1,1,0.0005006480992517,1.000607034934527e-05,2.3227724612097e-05,3.227597247505067e-06,False,False,False,False,False,False,False,False,False,False,False,False,False,-1,-1,False,2.186666666666667,False,False,False,4.207874679565429,1586.659,1,0.0005006480992517,2.3227724612097e-05,322,142,False,142.0,False,False,False,False,2.3190456737971443,0.32224187080675293,0.1388947197448436,0.006446709345817314,0.019985835372084603,0.04639438500408546
ARAAGASGDYPHAFDP,H1-69,K4-1,True,70,3,1,1,0.0004800735198304,1.000607034934527e-05,2.3227724612097e-05,3.227597247505067e-06,False,False,False,False,True,False,False,False,False,False,False,False,False,-1,0,False,2.9875000000000003,False,False,False,5.212373733520507,1602.6619,1,0.0004800735198304,2.3227724612097e-05,3,143,False,143.0,False,False,False,False,2.3190456737971443,0.32224187080675293,0.1388947197448436,0.006722991134220326,0.02084235333235378,0.04838267437362295
ARHLLSGDRLPYAFDP,H1-69,K3-15,True,68,3,1,1,0.0004663571335495,1.000607034934527e-05,2.3227724612097e-05,3.227597247505067e-06,False,False,False,False,True,False,False,False,False,False,False,False,False,0,1,False,0.7750000000000002,False,False,False,6.791580581665039,1828.0354,2,0.0004663571335495,2.3227724612097e-05,372,144,False,144.0,False,False,False,False,2.3190456737971443,0.32224187080675293,0.1388947197448436,0.006920721927679519,0.0214553505801095,0.04980566369527757
ARAAGASGDYPHAFDP,H1-69,K1-39,True,56,3,1,1,0.0003840588158643,1.000607034934527e-05,2.3227724612097e-05,3.227597247505067e-06,False,False,False,False,True,False,False,False,False,False,False,False,False,-1,0,False,2.9875000000000003,False,False,False,5.212373733520507,1602.6619,1,0.0003840588158643,2.3227724612097e-05,3,145,False,145.0,False,False,False,False,2.3190456737971443,0.32224187080675293,0.1388947197448436,0.008403695156144749,0.02605280599735188,0.06047802803210107
ARIYAQGDAPYPFDY,H1-69,K1-39,True,41,3,1,1,0.0002811859187578,1.000607034934527e-05,2.3227724612097e-05,3.227597247505067e-06,False,False,False,False,False,False,False,False,False,False,False,False,False,-1,-1,False,1.5666666666666669,False,False,False,4.207874679565429,1746.8714,1,0.0002811859187578,2.3227724612097e-05,405,147,False,147.0,False,False,False,False,2.3190456737971443,0.32224187080675293,0.1388947197448436,0.011478108436862004,0.03558398142315753,0.08260334899136118
ARAGYPHGYFDY,H3-23_A,K3-20,True,34,3,1,1,0.0002331785667747,1.000607034934527e-05,2.3227724612097e-05,3.227597247505067e-06,False,False,False,False,False,False,False,False,False,False,False,False,False,0,1,False,1.5916666666666668,False,False,False,6.786059951782226,1416.4947,1,0.0002331785667747,2.3227724612097e-05,21,149,False,149.0,False,False,False,False,2.3190456737971443,0.32224187080675293,0.1388947197448436,0.013841147068858988,0.0429097810743562,0.09960919153698883
ARQGYPYGYFDY,H4-34,K4-1,True,23,3,1,1,0.00015773844223,1.000607034934527e-05,2.3227724612097e-05,3.227597247505067e-06,False,False,False,False,False,False,False,False,False,False,False,False,False,0,0,False,1.5833333333333333,False,False,False,5.877711868286132,1499.5799,1,0.00015773844223,2.3227724612097e-05,191,150,False,150.0,False,False,False,False,2.3190456737971443,0.32224187080675293,0.1388947197448436,0.02046040646663993,0.06343054934739858,0.1472453501520514
ARDLSWERYFDY,H1-69,K3-15,True,1203,2,1,1,0.0082504063479435,6.670713566230179e-06,2.3227724612097e-05,3.227597247505067e-06,False,False,False,False,False,False,False,False,False,False,False,False,False,-1,-1,False,1.05,False,False,False,4.558281326293945,1620.7184,2,0.0082504063479435,2.3227724612097e-05,118,151,False,151.0,False,False,False,True,3.476832883467572,0.48312163296747196,0.1388947197448436,0.0003912041661157595,0.0008085305377216414,0.002815339691055318
ARAAGASGDYPHAFDP,H1-69,UNK,True,176,2,1,1,0.0012070419927165,6.670713566230179e-06,2.3227724612097e-05,3.227597247505067e-06,False,False,False,False,True,False,False,False,False,False,False,False,False,-1,0,False,2.9875000000000003,False,False,False,5.212373733520507,1602.6619,1,0.0012070419927165,2.3227724612097e-05,3,152,False,152.0,False,False,False,False,3.476832883467572,0.48312163296747196,0.1388947197448436,0.0026739504735345167,0.0055264508956383695,0.01924335053689149
ARHLLSGDRLPYAFDP,H1-69,K1-39,True,28,2,1,1,0.0001920294079321,6.670713566230179e-06,2.3227724612097e-05,3.227597247505067e-06,False,False,False,False,True,False,False,False,False,False,False,False,False,0,1,False,0.7750000000000002,False,False,False,6.791580581665039,1828.0354,2,0.0001920294079321,2.3227724612097e-05,372,155,False,155.0,False,False,False,False,3.476832883467572,0.48312163296747196,0.1388947197448436,0.016806952709655612,0.034736170237458584,0.12095290681332294
ARAVSYGDRPNAFDY,H1-69,K3-15,True,25,2,1,1,0.0001714548285108,6.670713566230179e-06,2.3227724612097e-05,3.227597247505067e-06,False,False,False,False,False,False,False,False,False,False,False,False,False,0,0,False,2.62,False,False,False,6.004021835327148,1701.7928000000002,2,0.0001714548285108,2.3227724612097e-05,70,156,False,156.0,False,False,False,False,3.476832883467572,0.48312163296747196,0.1388947197448436,0.0188236694110231,0.038904267564178696,0.13546640913960942
ARGSGFGDNPAYFDI,H1-69,K1-39,True,20,2,1,1,0.0001371638628087,6.670713566230179e-06,2.3227724612097e-05,3.227597247505067e-06,False,False,False,False,False,False,False,False,False,False,False,False,False,-1,-1,False,2.186666666666667,False,False,False,4.207874679565429,1586.659,1,0.0001371638628087,2.3227724612097e-05,322,157,False,157.0,False,False,False,False,3.476832883467572,0.48312163296747196,0.1388947197448436,0.023529243701522148,0.04862962542312472,0.1693305425428599
ARAVSYGDRPNAFDY,UNK,K4-1,True,18,2,1,1,0.0001234474765278,6.670713566230179e-06,2.3227724612097e-05,3.227597247505067e-06,False,False,False,False,False,False,False,False,False,False,False,False,False,0,0,False,2.62,False,False,False,6.004021835327148,1701.7928000000002,2,0.0001234474765278,2.3227724612097e-05,70,158,False,158.0,False,False,False,False,3.476832883467572,0.48312163296747196,0.1388947197448436,0.026143392350792796,0.05403247947262292,0.18814352330348022
ARAGYPHGYFDY,H5-51,K4-1,True,15,2,1,1,0.0001028728971065,6.670713566230179e-06,2.3227724612097e-05,3.227597247505067e-06,False,False,False,False,False,False,False,False,False,False,False,False,False,0,1,False,1.5916666666666668,False,False,False,6.786059951782226,1416.4947,1,0.0001028728971065,2.3227724612097e-05,21,159,False,159.0,False,False,False,False,3.476832883467572,0.48312163296747196,0.1388947197448436,0.031371562604462784,0.06483792499860246,0.22576857053366847
ARQGYPYGYFDY,H5-51,K4-1,True,15,2,1,1,0.0001028728971065,6.670713566230179e-06,2.3227724612097e-05,3.227597247505067e-06,False,False,False,False,False,False,False,False,False,False,False,False,False,0,0,False,1.5833333333333333,False,False,False,5.877711868286132,1499.5799,1,0.0001028728971065,2.3227724612097e-05,191,160,False,160.0,False,False,False,False,3.476832883467572,0.48312163296747196,0.1388947197448436,0.031371562604462784,0.06483792499860246,0.22576857053366847
ARHGPGEYFGIPAFDY,H3-23_A,K1-39,True,1825,1,1,1,0.0125162024812942,3.3353567831150897e-06,2.3227724612097e-05,3.227597247505067e-06,False,False,False,False,False,False,False,False,False,False,False,False,False,-1,0,False,1.2125,False,False,False,5.322224044799805,1796.9334,1,0.0125162024812942,2.3227724612097e-05,362,161,False,161.0,True,True,True,True,6.943272756237403,0.9647991101563856,0.1388947197448436,0.00025787331849221913,0.0002664829147076135,0.0018558109848975024
ARLQRIADLPGAFDI,H1-69,K3-15,True,1714,1,1,1,0.0117549430427059,3.3353567831150897e-06,2.3227724612097e-05,3.227597247505067e-06,False,False,False,False,False,False,False,False,False,False,False,False,False,0,0,False,0.3266666666666669,False,False,False,6.005810928344727,1655.8950999999995,2,0.0117549430427059,2.3227724612097e-05,448,162,False,162.0,True,True,True,True,6.943272756237403,0.9647991101563856,0.1388947197448436,0.00027457338500453077,0.00028374054502792946,0.0019759946745606187
ARARLYGDAPYAFDY,H1-69,K3-20,True,1641,1,1,1,0.0112542949434541,3.3353567831150897e-06,2.3227724612097e-05,3.227597247505067e-06,False,False,False,False,False,False,False,False,False,False,False,False,False,0,0,False,1.366666666666667,False,False,False,6.003152847290039,1748.8906000000002,2,0.0112542949434541,2.3227724612097e-05,58,163,False,163.0,True,True,True,True,6.943272756237403,0.9647991101563856,0.1388947197448436,0.00028678779042524093,0.00029636275184235616,0.0020638968580291637
AREWPGWPLYPFDY,H1-69,K3-20,True,1235,1,1,1,0.0084698685284374,3.3353567831150897e-06,2.3227724612097e-05,3.227597247505067e-06,False,False,False,False,False,False,False,False,False,False,False,False,False,-1,-1,False,-0.4357142857142855,False,False,False,4.370375442504883,1796.9748,1,0.0084698685284374,2.3227724612097e-05,231,164,False,164.0,True,True,True,True,6.943272756237403,0.9647991101563856,0.1388947197448436,0.0003810677138601802,0.0003937903916705198,0.0027423917042151795
ARPWYAGDRSGAFDY,H1-69,K3-15,True,1194,1,1,1,0.0081886826096796,3.3353567831150897e-06,2.3227724612097e-05,3.227597247505067e-06,False,False,False,False,False,False,False,False,False,False,False,False,False,0,0,False,2.1133333333333337,False,False,False,6.004021835327148,1731.8204,2,0.0081886826096796,2.3227724612097e-05,502,165,False,165.0,True,True,True,True,6.943272756237403,0.9647991101563856,0.1388947197448436,0.00039415293763620147,0.0004073124907842392,0.0028365608185902873
ARDILGQFSVPFDY,H1-69,K3-20,True,1118,1,1,1,0.0076674599310065,3.3353567831150897e-06,2.3227724612097e-05,3.227597247505067e-06,False,False,False,False,False,False,False,False,False,False,False,False,False,-1,-1,False,0.3857142857142858,False,False,False,4.207874679565429,1627.7937,1,0.0076674599310065,2.3227724612097e-05,101,166,False,166.0,True,True,True,True,6.943272756237403,0.9647991101563856,0.1388947197448436,0.00042094684120676874,0.00043500096030728893,0.0030293858105874464
ARQREYGDASNAFDY,H1-69,K3-20,True,968,1,1,1,0.0066387309599412,3.3353567831150897e-06,2.3227724612097e-05,3.227597247505067e-06,False,False,False,False,False,False,False,False,False,False,False,False,False,-1,-1,False,3.646666666666667,False,False,False,4.558281326293945,1762.7898,2,0.0066387309599412,2.3227724612097e-05,528,168,False,168.0,True,True,True,True,6.943272756237403,0.9647991101563856,0.1388947197448436,0.00048617610884062185,0.0005024080323725466,0.0034988147228902765
ARESTAGYWTAFDY,H1-69,K3-20,True,882,1,1,1,0.0060489263498638,3.3353567831150897e-06,2.3227724612097e-05,3.227597247505067e-06,False,False,False,False,False,False,False,False,False,False,False,False,False,-1,-1,False,1.992857142857143,False,False,False,4.370375442504883,1637.7025999999998,1,0.0060489263498638,2.3227724612097e-05,224,169,False,169.0,True,True,True,True,6.943272756237403,0.9647991101563856,0.1388947197448436,0.0005335809571839421,0.000551395582661436,0.0038399684289321385
ARHGQSGDYPWHFDY,H1-69,K3-15,True,789,1,1,1,0.0054111143878033,3.3353567831150897e-06,2.3227724612097e-05,3.227597247505067e-06,False,False,False,True,False,False,False,False,False,False,False,False,False,-1,1,False,2.2333333333333334,False,False,False,5.982194900512695,1835.8867,1,0.0054111143878033,2.3227724612097e-05,364,170,False,170.0,True,True,True,True,6.943272756237403,0.9647991101563856,0.1388947197448436,0.0005964744138538169,0.0006163888582256582,0.004292587445310332
ARIGERAFLDYPGYFDI,H1-69,K4-1,True,764,1,1,1,0.0052396595592925,3.3353567831150897e-06,2.3227724612097e-05,3.227597247505067e-06,False,False,False,False,False,False,False,False,False,False,False,False,False,-1,-1,False,0.3823529411764708,False,False,False,4.558281326293945,2003.2159,2,0.0052396595592925,2.3227724612097e-05,389,171,False,171.0,True,True,True,True,6.943272756237403,0.9647991101563856,0.1388947197448436,0.0006159925184176846,0.0006365586122124569,0.0044330514260966835
ARGPRGDWPWYFDY,H1-69,K3-20,True,683,1,1,1,0.0046841459149172,3.3353567831150897e-06,2.3227724612097e-05,3.227597247505067e-06,False,False,False,True,False,False,False,False,False,False,False,False,False,0,0,False,0.9357142857142858,False,False,False,6.004021835327148,1785.9124,2,0.0046841459149172,2.3227724612097e-05,295,172,False,172.0,True,True,True,True,6.943272756237403,0.9647991101563856,0.1388947197448436,0.0006890456479525875,0.0007120507608410912,0.00495878553874046
AREGFATADVQAFDP,H1-69,UNK,True,662,1,1,1,0.0045401238589681,3.3353567831150897e-06,2.3227724612097e-05,3.227597247505067e-06,False,False,False,False,True,False,False,False,False,False,False,False,False,-2,-2,False,2.486666666666667,False,False,False,4.050025558471679,1594.6796,1,0.0045401238589681,2.3227724612097e-05,184,173,False,173.0,True,True,False,True,6.943272756237403,0.9647991101563856,0.1388947197448436,0.0007109035433238633,0.0007346384240470749,0.005116088056790531
ARGAFGKWTDWPSAFDY,H1-69,K1-39,True,630,1,1,1,0.0043206616784741,3.3353567831150897e-06,2.3227724612097e-05,3.227597247505067e-06,False,False,False,False,False,False,False,False,False,False,False,False,False,0,0,False,1.241176470588235,False,False,False,6.004021835327148,1975.1214,1,0.0043206616784741,2.3227724612097e-05,253,174,False,174.0,True,True,True,True,6.943272756237403,0.9647991101563856,0.1388947197448436,0.0007470128460778891,0.0007719533052539215,0.005375952245531455
ARGFDYGDAPGYFDY,H1-69,K3-20,True,625,1,1,1,0.004286370712772,3.3353567831150897e-06,2.3227724612097e-05,3.227597247505067e-06,False,False,False,False,False,False,False,False,False,False,False,False,False,-2,-2,False,2.2333333333333334,False,False,False,4.050025558471679,1713.7552999999998,1,0.004286370712772,2.3227724612097e-05,266,175,False,175.0,True,True,True,True,6.943272756237403,0.9647991101563856,0.1388947197448436,0.0007529889349044271,0.0007781289172883845,0.0054189597631601055
ARATLAGEFPYAFDP,H1-69,K3-15,True,605,1,1,1,0.0041492068499633,3.3353567831150897e-06,2.3227724612097e-05,3.227597247505067e-06,False,False,False,False,True,False,False,False,False,False,False,False,False,-1,-1,False,1.0666666666666669,False,False,False,4.370375442504883,1625.7779999999998,1,0.0041492068499633,2.3227724612097e-05,64,176,False,176.0,True,True,True,True,6.943272756237403,0.9647991101563856,0.1388947197448436,0.0007778810711070971,0.0008038521252859056,0.005598098497142286
ARDLSTGVLPDYFDI,H4-34,K3-15,True,527,1,1,1,0.0036142677850093,3.3353567831150897e-06,2.3227724612097e-05,3.227597247505067e-06,False,False,False,False,False,False,False,False,False,False,False,False,False,-2,-2,False,0.9733333333333336,False,False,False,4.050025558471679,1681.8395999999998,1,0.0036142677850093,2.3227724612097e-05,117,177,False,177.0,True,True,True,True,6.943272756237403,0.9647991101563856,0.1388947197448436,0.0008930130553030422,0.0009228280119887097,0.0064266572725641315
ARGPYPGDIVLYFDY,H1-69,K3-15,True,489,1,1,1,0.0033536564456728,3.3353567831150897e-06,2.3227724612097e-05,3.227597247505067e-06,False,False,False,False,False,False,False,False,False,False,False,False,False,-1,-1,False,0.4066666666666668,False,False,False,4.207874679565429,1745.9263,1,0.0033536564456728,2.3227724612097e-05,301,178,False,178.0,True,True,True,True,6.943272756237403,0.9647991101563856,0.1388947197448436,0.0009624085459272796,0.0009945404044038623,0.006926068822994453
ARLFRAWDAPEAFDY,H1-69,K3-15,True,487,1,1,1,0.0033399400593919,3.3353567831150897e-06,2.3227724612097e-05,3.227597247505067e-06,False,False,False,False,False,False,False,False,False,False,False,False,False,-1,-1,False,0.4800000000000002,False,False,False,4.558281326293945,1827.9906,2,0.0033399400593919,2.3227724612097e-05,421,179,False,179.0,True,True,True,True,6.943272756237403,0.9647991101563856,0.1388947197448436,0.0009663609305861033,0.0009986247470186286,0.00695451255230027
ARAYRSADWPVAFDI,H1-69,K3-15,True,481,1,1,1,0.0032987909005493,3.3353567831150897e-06,2.3227724612097e-05,3.227597247505067e-06,False,False,False,False,False,False,False,False,False,False,False,False,False,0,0,False,0.8400000000000001,False,False,False,6.004890823364257,1737.9110999999998,2,0.0032987909005493,2.3227724612097e-05,76,180,False,180.0,True,True,True,True,6.943272756237403,0.9647991101563856,0.1388947197448436,0.0009784152923468718,0.001011081566808019,0.007041262965651923
AREGVRQSGEFDY,H1-69,K3-20,True,474,1,1,1,0.0032507835485662,3.3353567831150897e-06,2.3227724612097e-05,3.227597247505067e-06,False,False,False,False,False,False,False,False,False,True,False,False,False,-1,-1,False,3.476923076923077,False,False,False,4.6793262481689455,1513.5671,2,0.0032507835485662,2.3227724612097e-05,189,181,False,181.0,True,True,True,True,6.943272756237403,0.9647991101563856,0.1388947197448436,0.000992864418882779,0.0010260131051958643,0.007145247541893842
ARPSWRGDIGAYFDY,H1-69,K3-15,True,468,1,1,1,0.0032096343897236,3.3353567831150897e-06,2.3227724612097e-05,3.227597247505067e-06,False,False,False,False,False,False,False,False,False,False,False,False,False,0,0,False,1.4400000000000002,False,False,False,6.004021835327148,1773.9000999999998,2,0.0032096343897236,2.3227724612097e-05,500,182,False,182.0,True,True,True,True,6.943272756237403,0.9647991101563856,0.1388947197448436,0.0010055934102353979,0.0010391670783822613,0.007236852994202659
AREKYSYPLWGFDY,H1-69,K3-20,True,418,1,1,1,0.0028667247327019,3.3353567831150897e-06,2.3227724612097e-05,3.227597247505067e-06,False,False,False,False,False,False,False,False,False,False,False,False,False,0,0,False,0.7142857142857144,False,False,False,6.111520767211914,1794.9572999999998,1,0.0028667247327019,2.3227724612097e-05,198,183,False,183.0,False,False,False,True,6.943272756237403,0.9647991101563856,0.1388947197448436,0.0011258792837323508,0.0011634689268830648,0.008102502246590792
ARVPSLESLYAFDY,H4-34,K1-39,True,405,1,1,1,0.0027775682218762,3.3353567831150897e-06,2.3227724612097e-05,3.227597247505067e-06,False,False,False,False,False,False,False,False,False,False,False,False,False,-1,-1,False,0.442857142857143,False,False,False,4.370375442504883,1630.7944,1,0.0027775682218762,2.3227724612097e-05,611,184,False,184.0,False,False,False,True,6.943272756237403,0.9647991101563856,0.1388947197448436,0.0011620184886547995,0.0012008147085996812,0.008362581629260877
ARVPSLDYEYAFDY,H4-34,K3-20,True,393,1,1,1,0.002695269904191,3.3353567831150897e-06,2.3227724612097e-05,3.227597247505067e-06,False,False,False,False,False,False,False,False,False,True,False,False,False,-2,-2,False,1.2142857142857142,False,False,False,4.050025558471679,1708.8201,1,0.002695269904191,2.3227724612097e-05,611,186,False,186.0,False,False,False,True,6.943272756237403,0.9647991101563856,0.1388947197448436,0.0011974998375813752,0.0012374806705339983,0.008617926685825568
ARLAAPGDVRTYFDI,H1-69,K4-1,True,384,1,1,1,0.0026335461659271,3.3353567831150897e-06,2.3227724612097e-05,3.227597247505067e-06,False,False,False,False,False,False,False,False,False,False,False,False,False,0,0,False,1.0466666666666669,False,False,False,6.004890823364257,1664.8588,2,0.0026335461659271,2.3227724612097e-05,416,187,False,187.0,False,False,False,True,6.943272756237403,0.9647991101563856,0.1388947197448436,0.0012255661334524244,0.0012664840136192548,0.008819908575566705
ARIGLAGDLPWDFDY,H1-69,K3-15,True,367,1,1,1,0.0025169568825397,3.3353567831150897e-06,2.3227724612097e-05,3.227597247505067e-06,False,False,False,False,False,False,False,False,False,True,False,False,False,-2,-2,False,0.2933333333333335,False,False,False,4.050025558471679,1708.8665,1,0.0025169568825397,2.3227724612097e-05,391,188,False,188.0,False,False,False,True,6.943272756237403,0.9647991101563856,0.1388947197448436,0.001282336001277982,0.001325149252559735,0.009228458575767784
ARLPVPALDAPGYFDY,H1-69,K3-15,True,362,1,1,1,0.0024826659168375,3.3353567831150897e-06,2.3227724612097e-05,3.227597247505067e-06,False,False,False,False,False,False,False,False,False,False,False,False,False,-1,-1,False,0.4625000000000002,False,False,False,4.207874679565429,1764.9728,1,0.0024826659168375,2.3227724612097e-05,444,189,False,189.0,False,False,False,True,6.943272756237403,0.9647991101563856,0.1388947197448436,0.0013000477531584019,0.0013434523453080248,0.009355922959805849
ARPSGEGDRPVAFDI,H1-69,K1-39,True,358,1,1,1,0.0024552331442758,3.3353567831150897e-06,2.3227724612097e-05,3.227597247505067e-06,False,False,False,False,False,False,False,False,False,True,False,False,False,-1,-1,False,2.773333333333333,False,False,False,4.558281326293945,1586.7040000000002,2,0.0024552331442758,2.3227724612097e-05,497,190,False,190.0,False,False,False,True,6.943272756237403,0.9647991101563856,0.1388947197448436,0.001314573367216175,0.0013584629249006165,0.009460457986106409
ARGSEGDAAGPFDY,H1-69,K3-15,True,331,1,1,1,0.002270061929484,3.3353567831150897e-06,2.3227724612097e-05,3.227597247505067e-06,False,False,False,False,False,False,False,False,False,True,False,False,False,-2,-2,False,3.778571428571429,False,False,False,4.050025558471679,1412.4169,1,0.002270061929484,2.3227724612097e-05,321,191,False,191.0,False,False,False,True,6.943272756237403,0.9647991101563856,0.1388947197448436,0.001421803955013319,0.0014692736119041104,0.010232153576462571
ARPEQYGDNPGAFDI,H1-69,K1-39,True,304,1,1,1,0.0020848907146923,3.3353567831150897e-06,2.3227724612097e-05,3.227597247505067e-06,False,False,False,False,False,False,False,False,False,False,False,False,False,-2,-2,False,3.046666666666667,False,False,False,4.050025558471679,1649.715,1,0.0020848907146923,2.3227724612097e-05,477,192,False,192.0,False,False,False,True,6.943272756237403,0.9647991101563856,0.1388947197448436,0.001548081990072804,0.0015997676817945444,0.01114092601552255
ARHGNVYDYPDLFDY,H1-69,K3-15,True,281,1,1,1,0.0019271522724622,3.3353567831150897e-06,2.3227724612097e-05,3.227597247505067e-06,False,False,False,False,False,False,False,False,False,False,False,False,False,-2,-1,False,1.6933333333333336,False,False,False,4.413415908813476,1844.9315,1,0.0019271522724622,2.3227724612097e-05,361,193,False,193.0,False,False,False,True,6.943272756237403,0.9647991101563856,0.1388947197448436,0.00167479266983646,0.0017307088410638812,0.012052812025227417
ARDFYTGDLPGLFDI,H1-69,UNK,True,260,1,1,1,0.0017831302165131,3.3353567831150897e-06,2.3227724612097e-05,3.227597247505067e-06,False,False,False,False,False,False,False,False,False,False,False,False,False,-2,-2,False,0.5533333333333336,False,False,False,4.050025558471679,1699.8564,1,0.0017831302165131,2.3227724612097e-05,99,194,False,194.0,False,False,False,True,6.943272756237403,0.9647991101563856,0.1388947197448436,0.0018100636268619291,0.0018704960788991248,0.01302630292166166
ARGYEQGWDPPAFDI,H1-69,K4-1,True,239,1,1,1,0.001639108160564,3.3353567831150897e-06,2.3227724612097e-05,3.227597247505067e-06,False,False,False,False,True,False,False,False,False,False,False,False,False,-2,-2,False,1.9133333333333336,False,False,False,4.050025558471679,1721.8222999999998,1,0.001639108160564,2.3227724612097e-05,339,195,False,195.0,False,False,False,True,6.943272756237403,0.9647991101563856,0.1388947197448436,0.001969105904112789,0.002034848288159674,0.014170866488419987
ARDADLYSDEFDP,H3-23_A,K3-20,True,203,1,1,1,0.0013922132075083,3.3353567831150897e-06,2.3227724612097e-05,3.227597247505067e-06,False,False,False,False,True,False,False,False,False,True,False,False,False,-4,-4,False,3.423076923076923,False,False,False,4.050025558471679,1513.5175,1,0.0013922132075083,2.3227724612097e-05,78,196,False,196.0,False,False,False,True,6.943272756237403,0.9647991101563856,0.1388947197448436,0.0023183044429216106,0.0023957054911363453,0.01668390850463432
ARALVAGDAPSGFDY,H3-23_A,K4-1,True,196,1,1,1,0.0013442058555253,3.3353567831150897e-06,2.3227724612097e-05,3.227597247505067e-06,False,False,False,False,False,False,False,False,False,False,False,False,False,-1,-1,False,1.9066666666666667,False,False,False,4.207874679565429,1509.6181,1,0.0013442058555253,2.3227724612097e-05,40,197,False,197.0,False,False,False,False,6.943272756237403,0.9647991101563856,0.1388947197448436,0.0024011004142216203,0.0024812657650223006,0.017279757947074613
AREAVEVFEGLFDY,H1-69,K3-15,True,187,1,1,1,0.0012824821172613,3.3353567831150897e-06,2.3227724612097e-05,3.227597247505067e-06,False,False,False,False,False,False,False,False,False,False,False,False,False,-3,-3,False,0.7571428571428572,False,False,False,4.050025558471679,1644.7778999999998,1,0.0012824821172613,2.3227724612097e-05,177,198,False,198.0,False,False,False,True,6.943272756237403,0.9647991101563856,0.1388947197448436,0.0025166604956585975,0.002600684041815074,0.018111397566870576
ARVYWGPGEPGYFDY,H1-69,K3-15,True,187,1,1,1,0.0012824821172613,3.3353567831150897e-06,2.3227724612097e-05,3.227597247505067e-06,False,False,False,False,False,False,False,False,False,False,False,False,False,-1,-1,False,1.12,False,False,False,4.370375442504883,1776.8989,1,0.0012824821172613,2.3227724612097e-05,637,199,False,199.0,False,False,False,True,6.943272756237403,0.9647991101563856,0.1388947197448436,0.0025166604956585975,0.002600684041815074,0.018111397566870576
ARDAVLDVYAWTGWFDP,H1-69,K3-20,True,185,1,1,1,0.0012687657309805,3.3353567831150897e-06,2.3227724612097e-05,3.227597247505067e-06,False,False,False,False,True,False,False,False,False,False,False,False,False,-2,-2,False,0.3411764705882354,False,False,False,4.050025558471679,1982.1537,1,0.0012687657309805,2.3227724612097e-05,83,200,False,200.0,False,False,False,True,6.943272756237403,0.9647991101563856,0.1388947197448436,0.0025438674217158974,0.002628799323374157,0.018307194916273185
ARPYSSGDAPYAFDY,H1-69,K3-20,True,168,1,1,1,0.0011521764475931,3.3353567831150897e-06,2.3227724612097e-05,3.227597247505067e-06,False,False,False,False,False,False,False,False,False,False,False,False,False,-1,-1,False,2.566666666666667,False,False,False,4.207874679565429,1679.7392,1,0.0011521764475931,2.3227724612097e-05,503,201,False,201.0,False,False,False,True,6.943272756237403,0.9647991101563856,0.1388947197448436,0.0028012803433398034,0.002894806469979403,0.020159692609316285
AREGYRFVPPGFDY,H1-69,K3-15,True,167,1,1,1,0.0011453182544526,3.3353567831150897e-06,2.3227724612097e-05,3.227597247505067e-06,False,False,False,False,False,False,False,False,False,False,False,False,False,0,0,False,1.285714285714286,False,False,False,6.113258743286132,1673.8239999999998,2,0.0011453182544526,2.3227724612097e-05,192,202,False,202.0,False,False,False,True,6.943272756237403,0.9647991101563856,0.1388947197448436,0.002818054330675419,0.00291214048911174,0.020280408277536553
ARGASIGDVPGRFDY,H1-69,K3-20,True,166,1,1,1,0.0011384600613122,3.3353567831150897e-06,2.3227724612097e-05,3.227597247505067e-06,False,False,False,False,False,False,False,False,False,False,False,False,False,0,0,False,2.3666666666666667,False,False,False,6.004890823364257,1580.6992999999998,2,0.0011384600613122,2.3227724612097e-05,256,203,False,203.0,False,False,False,True,6.943272756237403,0.9647991101563856,0.1388947197448436,0.0028350304124685898,0.002929683350013402,0.020402578338621163
ARDEIYWGSTYFDY,H1-69,K3-20,True,161,1,1,1,0.00110416909561,3.3353567831150897e-06,2.3227724612097e-05,3.227597247505067e-06,False,False,False,False,False,False,False,False,False,True,False,False,False,-2,-2,False,1.3285714285714287,False,False,False,4.050025558471679,1785.8611,1,0.00110416909561,2.3227724612097e-05,87,204,False,204.0,False,False,False,True,6.943272756237403,0.9647991101563856,0.1388947197448436,0.002923074037841653,0.003020666480986477,0.021036193045535716
ARPWRSGDYPLPFDY,H1-69,K3-20,True,155,1,1,1,0.0010630199367674,3.3353567831150897e-06,2.3227724612097e-05,3.227597247505067e-06,False,False,False,False,False,False,False,False,False,False,False,False,False,0,0,False,1.1200000000000003,False,False,False,6.004021835327148,1840.0013,2,0.0010630199367674,2.3227724612097e-05,501,205,False,205.0,False,False,False,True,6.943272756237403,0.9647991101563856,0.1388947197448436,0.0030362242264972946,0.003137594406097045,0.02185048963224017
ARERIDWLYTGYFDY,H1-69,K3-20,True,146,1,1,1,0.0010012961985035,3.3353567831150897e-06,2.3227724612097e-05,3.227597247505067e-06,False,False,False,False,False,False,False,False,False,False,False,False,False,-1,-1,False,0.4733333333333335,False,False,False,4.558281326293945,1968.1271,2,0.0010012961985035,2.3227724612097e-05,214,206,False,206.0,False,False,False,True,6.943272756237403,0.9647991101563856,0.1388947197448436,0.0032233868644065784,0.003331005828287032,0.023197424171359317
AREGFATADVQAFDP,H1-69,K3-20,True,143,1,1,1,0.0009807216190822,3.3353567831150897e-06,2.3227724612097e-05,3.227597247505067e-06,False,False,False,False,True,False,False,False,False,False,False,False,False,-2,-2,False,2.486666666666667,False,False,False,4.050025558471679,1594.6796,1,0.0009807216190822,2.3227724612097e-05,184,207,False,207.0,True,True,True,False,6.943272756237403,0.9647991101563856,0.1388947197448436,0.0032910096755374894,0.003400886356897949,0.023684078457503234
ARGRLVNDAPDPFDI,H1-69,K3-15,True,143,1,1,1,0.0009807216190822,3.3353567831150897e-06,2.3227724612097e-05,3.227597247505067e-06,False,False,False,False,True,False,False,False,False,False,False,False,False,-1,-1,False,1.96,False,False,False,4.429057693481445,1655.8089999999995,2,0.0009807216190822,2.3227724612097e-05,310,208,False,208.0,False,False,False,True,6.943272756237403,0.9647991101563856,0.1388947197448436,0.0032910096755374894,0.003400886356897949,0.023684078457503234
ARALVAGDAPSGFDY,H1-69,K3-20,True,141,1,1,1,0.0009670052328013,3.3353567831150897e-06,2.3227724612097e-05,3.227597247505067e-06,False,False,False,False,False,False,False,False,False,False,False,False,False,-1,-1,False,1.9066666666666667,False,False,False,4.207874679565429,1509.6181,1,0.0009670052328013,2.3227724612097e-05,40,209,False,209.0,False,False,False,False,6.943272756237403,0.9647991101563856,0.1388947197448436,0.0033376901811103797,0.003449125380841266,0.02402001935875376
ARDLSSGYLPDYFDI,H4-34,K3-15,True,136,1,1,1,0.0009327142670991,3.3353567831150897e-06,2.3227724612097e-05,3.227597247505067e-06,False,False,False,False,False,False,False,False,False,False,False,False,False,-2,-2,False,1.1800000000000002,False,False,False,4.050025558471679,1731.8552,1,0.0009327142670991,2.3227724612097e-05,117,211,False,211.0,False,False,False,True,6.943272756237403,0.9647991101563856,0.1388947197448436,0.00346039806334549,0.0035759301014955955,0.024903098837921734
ARATGVSDYPHAFDI,H1-69,K3-15,True,132,1,1,1,0.0009052814945374,3.3353567831150897e-06,2.3227724612097e-05,3.227597247505067e-06,False,False,False,False,False,False,False,False,False,False,False,False,False,-1,0,False,1.9533333333333331,False,False,False,5.212373733520507,1619.7321000000002,1,0.0009052814945374,2.3227724612097e-05,62,212,False,212.0,False,False,False,True,6.943272756237403,0.9647991101563856,0.1388947197448436,0.0035652574524124465,0.003684290422743276,0.02565772986077403
ARQFVDAVYSNAFDY,H1-69,K4-1,True,131,1,1,1,0.000898423301397,3.3353567831150897e-06,2.3227724612097e-05,3.227597247505067e-06,False,False,False,False,False,False,False,False,False,False,False,False,False,-1,-1,False,1.36,False,False,False,4.207874679565429,1765.8746,1,0.000898423301397,2.3227724612097e-05,511,213,False,213.0,False,False,False,True,6.943272756237403,0.9647991101563856,0.1388947197448436,0.0035924728552318604,0.003712414464077463,0.025853588214038298
ARFESSGDNPYPFDP,H1-69,K3-15,True,125,1,1,1,0.0008572741425544,3.3353567831150897e-06,2.3227724612097e-05,3.227597247505067e-06,False,False,False,False,True,False,False,False,False,False,False,False,False,-2,-2,False,3.0533333333333337,False,False,False,4.050025558471679,1698.7426,1,0.0008572741425544,2.3227724612097e-05,240,214,False,214.0,False,False,False,True,6.943272756237403,0.9647991101563856,0.1388947197448436,0.0037649095408296973,0.003890608279743656,0.02709454597268846
ARWGAEWATFDY,H4-34,K3-15,True,121,1,1,1,0.0008298413699926,3.3353567831150897e-06,2.3227724612097e-05,3.227597247505067e-06,False,False,False,False,False,False,False,False,False,False,False,False,False,-1,-1,False,0.6750000000000002,False,False,False,4.370375442504883,1472.5581,1,0.0008298413699926,2.3227724612097e-05,640,215,False,215.0,False,False,False,True,6.943272756237403,0.9647991101563856,0.1388947197448436,0.0038893678605770674,0.004019221879629881,0.027990222649513882
ARIYAQGDAPYPFDY,H4-34,K3-20,True,109,1,1,1,0.0007475430523074,3.3353567831150897e-06,2.3227724612097e-05,3.227597247505067e-06,False,False,False,False,False,False,False,False,False,False,False,False,False,-1,-1,False,1.5666666666666669,False,False,False,4.207874679565429,1746.8714,1,0.0007475430523074,2.3227724612097e-05,405,216,False,216.0,False,False,False,False,6.943272756237403,0.9647991101563856,0.1388947197448436,0.004317549420128449,0.004461699103254498,0.0310716738302415
ARAGNPILDASGWFDP,H1-69,K3-15,True,107,1,1,1,0.0007338266660265,3.3353567831150897e-06,2.3227724612097e-05,3.227597247505067e-06,False,False,False,False,True,False,False,False,False,False,False,False,False,-1,-1,False,1.4500000000000002,False,False,False,4.207874679565429,1686.8213,1,0.0007338266660265,2.3227724612097e-05,16,217,False,217.0,False,False,False,True,6.943272756237403,0.9647991101563856,0.1388947197448436,0.004398250178723712,0.004545094211733819,0.03165244486605989
ARQAVSLWGEHGDFDY,H1-69,K4-1,True,107,1,1,1,0.0007338266660265,3.3353567831150897e-06,2.3227724612097e-05,3.227597247505067e-06,False,False,False,False,False,False,False,False,False,True,False,False,False,-2,-1,False,1.7625000000000002,False,False,False,4.536607742309571,1850.9395,1,0.0007338266660265,2.3227724612097e-05,507,218,False,218.0,False,False,False,True,6.943272756237403,0.9647991101563856,0.1388947197448436,0.004398250178723712,0.004545094211733819,0.03165244486605989
ARAAGASGDYPHAFDP,UNK,K3-20,True,106,1,1,1,0.0007269684728861,3.3353567831150897e-06,2.3227724612097e-05,3.227597247505067e-06,False,False,False,False,True,False,False,False,False,False,False,False,False,-1,0,False,2.9875000000000003,False,False,False,5.212373733520507,1602.6619,1,0.0007269684728861,2.3227724612097e-05,3,219,False,219.0,False,False,False,False,6.943272756237403,0.9647991101563856,0.1388947197448436,0.004439742534179212,0.0045879718691995705,0.03195104872897141
ARPSIPGDHFGYFDI,H1-69,K4-1,True,105,1,1,1,0.0007201102797456,3.3353567831150897e-06,2.3227724612097e-05,3.227597247505067e-06,False,False,False,False,False,False,False,False,False,False,False,False,False,-1,0,False,0.9466666666666668,False,False,False,5.212373733520507,1691.8393,1,0.0007201102797456,2.3227724612097e-05,499,221,False,221.0,False,False,False,True,6.943272756237403,0.9647991101563856,0.1388947197448436,0.004482025209240454,0.004631666232609621,0.03225534020553172
ARETYQEGYFDY,H1-69,K3-20,True,103,1,1,1,0.0007063938934648,3.3353567831150897e-06,2.3227724612097e-05,3.227597247505067e-06,False,False,False,False,False,False,False,False,False,False,False,False,False,-2,-2,False,2.825,False,False,False,4.137435531616211,1541.5721,1,0.0007063938934648,2.3227724612097e-05,229,222,False,222.0,False,False,False,True,6.943272756237403,0.9647991101563856,0.1388947197448436,0.00456905359294413,0.004721600226119492,0.03288164862479546
ARGRHPDNDFPLYFDI,H1-69,K3-15,True,101,1,1,1,0.0006926775071839,3.3353567831150897e-06,2.3227724612097e-05,3.227597247505067e-06,False,False,False,False,False,False,False,False,False,True,False,False,False,-1,0,False,1.3750000000000002,False,False,False,5.298965835571289,1933.0864,2,0.0006926775071839,2.3227724612097e-05,308,223,False,223.0,False,False,False,True,6.943272756237403,0.9647991101563856,0.1388947197448436,0.004659528595552078,0.004815095910528084,0.033532760979808354
ARALVAGDAPSGFDY,H4-34,K4-1,True,100,1,1,1,0.0006858193140435,3.3353567831150897e-06,2.3227724612097e-05,3.227597247505067e-06,False,False,False,False,False,False,False,False,False,False,False,False,False,-1,-1,False,1.9066666666666667,False,False,False,4.207874679565429,1509.6181,1,0.0006858193140435,2.3227724612097e-05,40,224,False,224.0,False,False,False,False,6.943272756237403,0.9647991101563856,0.1388947197448436,0.004706123202106742,0.004863246167549406,0.0338680837002306
ARHGPGEYFGIPAFDY,H1-69,K1-39,True,99,1,1,1,0.000678961120903,3.3353567831150897e-06,2.3227724612097e-05,3.227597247505067e-06,False,False,False,False,False,False,False,False,False,False,False,False,False,-1,0,False,1.2125,False,False,False,5.322224044799805,1796.9334,1,0.000678961120903,2.3227724612097e-05,362,225,False,225.0,True,False,False,False,6.943272756237403,0.9647991101563856,0.1388947197448436,0.004753659099981326,0.004912369142709958,0.03421018051725853
AREITYGIKSNYFDI,H1-69,UNK,True,95,1,1,1,0.0006515283483413,3.3353567831150897e-06,2.3227724612097e-05,3.227597247505067e-06,False,False,False,False,False,False,False,False,False,False,False,False,False,0,0,False,1.146666666666667,False,False,False,6.112389755249024,1789.9807,1,0.0006515283483413,2.3227724612097e-05,197,227,False,227.0,False,False,False,True,6.943272756237403,0.9647991101563856,0.1388947197448436,0.004953810095325857,0.005119202563603985,0.03565058706249698
ARLIPYFKSSEESWFDP,H1-69,K3-15,True,95,1,1,1,0.0006515283483413,3.3353567831150897e-06,2.3227724612097e-05,3.227597247505067e-06,False,False,False,False,True,False,False,False,False,True,False,False,False,-1,-1,False,0.811764705882353,False,False,False,4.6793262481689455,2072.2748,1,0.0006515283483413,2.3227724612097e-05,435,228,False,228.0,False,False,False,True,6.943272756237403,0.9647991101563856,0.1388947197448436,0.004953810095325857,0.005119202563603985,0.03565058706249698
ARGWGATDVSYWRFDI,H4-34,K3-15,True,87,1,1,1,0.0005966628032178,3.3353567831150897e-06,2.3227724612097e-05,3.227597247505067e-06,False,False,False,False,False,False,False,False,False,False,False,False,False,0,0,False,0.8062500000000001,False,False,False,6.004890823364257,1900.0565,2,0.0005966628032178,2.3227724612097e-05,336,229,False,229.0,False,False,False,True,6.943272756237403,0.9647991101563856,0.1388947197448436,0.005409325228331072,0.005589925944550892,0.03892874702321285
ARSTLSYGDRLGSFDI,H1-69,K4-1,True,86,1,1,1,0.0005898046100774,3.3353567831150897e-06,2.3227724612097e-05,3.227597247505067e-06,False,False,False,False,False,False,False,False,False,False,False,False,False,0,0,False,1.81875,False,False,False,6.004890823364257,1757.8976,2,0.0005898046100774,2.3227724612097e-05,556,230,False,230.0,False,False,False,True,6.943272756237403,0.9647991101563856,0.1388947197448436,0.005472223292470691,0.005654923981414089,0.03938139919770532
ARALVAGDAPSGFDY,H1-69,K3-15,True,85,1,1,1,0.0005829464169369,3.3353567831150897e-06,2.3227724612097e-05,3.227597247505067e-06,False,False,False,False,False,False,False,False,False,False,False,False,False,-1,-1,False,1.9066666666666667,False,False,False,4.207874679565429,1509.6181,1,0.0005829464169369,2.3227724612097e-05,40,231,False,231.0,False,False,False,False,6.943272756237403,0.9647991101563856,0.1388947197448436,0.005536601285674545,0.005721451357616864,0.039844701828903956
ARLQRIADLPGAFDI,H3-23_A,K3-15,True,82,1,1,1,0.0005623718375156,3.3353567831150897e-06,2.3227724612097e-05,3.227597247505067e-06,False,False,False,False,False,False,False,False,False,False,False,False,False,0,0,False,0.3266666666666669,False,False,False,6.005810928344727,1655.8950999999995,2,0.0005623718375156,2.3227724612097e-05,448,233,False,233.0,True,False,False,False,6.943272756237403,0.9647991101563856,0.1388947197448436,0.0057391562674986565,0.005930769026698109,0.04130240890194587
AYGSAAGFDY,H4-34,K3-20,True,82,1,1,1,0.0005623718375156,3.3353567831150897e-06,2.3227724612097e-05,3.227597247505067e-06,False,False,False,False,False,False,False,False,False,False,False,False,False,-1,-1,False,2.12,False,False,False,4.050025558471679,1021.0365,0,0.0005623718375156,2.3227724612097e-05,671,234,False,234.0,False,False,False,True,6.943272756237403,0.9647991101563856,0.1388947197448436,0.0057391562674986565,0.005930769026698109,0.04130240890194587
AREPYIDWEGLFDY,H1-69,K3-15,True,81,1,1,1,0.0005555136443752,3.3353567831150897e-06,2.3227724612097e-05,3.227597247505067e-06,False,False,False,False,False,False,False,False,False,True,False,False,False,-3,-3,False,0.6785714285714287,False,False,False,4.050025558471679,1773.8935,1,0.0005555136443752,2.3227724612097e-05,212,235,False,235.0,False,False,False,True,6.943272756237403,0.9647991101563856,0.1388947197448436,0.005810008773137209,0.006003987079373337,0.041812306005843056
ARARLYGDAPYAFDY,H3-23_A,K3-20,True,80,1,1,1,0.0005486554512348,3.3353567831150897e-06,2.3227724612097e-05,3.227597247505067e-06,False,False,False,False,False,False,False,False,False,False,False,False,False,0,0,False,1.366666666666667,False,False,False,6.003152847290039,1748.8906000000002,2,0.0005486554512348,2.3227724612097e-05,58,236,False,236.0,True,False,False,False,6.943272756237403,0.9647991101563856,0.1388947197448436,0.005882632559132696,0.006079035550003552,0.04233495030500244
ARDLSWERYFDY,H3-23_A,K3-15,True,80,1,1,1,0.0005486554512348,3.3353567831150897e-06,2.3227724612097e-05,3.227597247505067e-06,False,False,False,False,False,False,False,False,False,False,False,False,False,-1,-1,False,1.05,False,False,False,4.558281326293945,1620.7184,2,0.0005486554512348,2.3227724612097e-05,118,237,False,237.0,False,False,False,False,6.943272756237403,0.9647991101563856,0.1388947197448436,0.005882632559132696,0.006079035550003552,0.04233495030500244
ARALVAGDAPSGFDY,UNK,K4-1,True,78,1,1,1,0.0005349390649539,3.3353567831150897e-06,2.3227724612097e-05,3.227597247505067e-06,False,False,False,False,False,False,False,False,False,False,False,False,False,-1,-1,False,1.9066666666666667,False,False,False,4.207874679565429,1509.6181,1,0.0005349390649539,2.3227724612097e-05,40,238,False,238.0,False,False,False,False,6.943272756237403,0.9647991101563856,0.1388947197448436,0.006033466471771868,0.006234905342628308,0.04342044155941964
ARERYIDVYGYGSGFDI,H1-69,K3-15,True,78,1,1,1,0.0005349390649539,3.3353567831150897e-06,2.3227724612097e-05,3.227597247505067e-06,False,False,False,False,False,False,False,False,False,False,False,False,False,-1,-1,False,1.6058823529411763,False,False,False,4.558281326293945,1981.1242,2,0.0005349390649539,2.3227724612097e-05,221,239,False,239.0,False,False,False,True,6.943272756237403,0.9647991101563856,0.1388947197448436,0.006033466471771868,0.006234905342628308,0.04342044155941964
ARAAGASGDYPHAFDP,H4-34,K3-20,True,77,1,1,1,0.0005280808718135,3.3353567831150897e-06,2.3227724612097e-05,3.227597247505067e-06,False,False,False,False,True,False,False,False,False,False,False,False,False,-1,0,False,2.9875000000000003,False,False,False,5.212373733520507,1602.6619,1,0.0005280808718135,2.3227724612097e-05,3,240,False,240.0,False,False,False,False,6.943272756237403,0.9647991101563856,0.1388947197448436,0.006111821695423893,0.0063158766059736035,0.043984332719729485
ARDFGLWGEFDY,H1-69,K1-39,True,77,1,1,1,0.0005280808718135,3.3353567831150897e-06,2.3227724612097e-05,3.227597247505067e-06,False,False,False,False,False,False,False,False,False,True,False,False,False,-2,-2,False,0.5000000000000002,False,False,False,4.050025558471679,1475.5585999999998,1,0.0005280808718135,2.3227724612097e-05,94,241,False,241.0,False,False,False,True,6.943272756237403,0.9647991101563856,0.1388947197448436,0.006111821695423893,0.0063158766059736035,0.043984332719729485
ARDPTRDYTLFDY,H1-69,K4-1,True,77,1,1,1,0.0005280808718135,3.3353567831150897e-06,2.3227724612097e-05,3.227597247505067e-06,False,False,False,False,True,False,False,False,False,False,False,False,False,-1,-1,False,2.3692307692307697,False,False,False,4.429057693481445,1632.7276,2,0.0005280808718135,2.3227724612097e-05,134,242,False,242.0,False,False,False,True,6.943272756237403,0.9647991101563856,0.1388947197448436,0.006111821695423893,0.0063158766059736035,0.043984332719729485
ARGDLPSIRNAFDY,H1-69,K3-20,True,76,1,1,1,0.000521222678673,3.3353567831150897e-06,2.3227724612097e-05,3.227597247505067e-06,False,False,False,False,False,False,False,False,False,False,False,False,False,0,0,False,1.8285714285714287,False,False,False,6.004890823364257,1594.7259,2,0.000521222678673,2.3227724612097e-05,259,243,False,243.0,False,False,False,True,6.943272756237403,0.9647991101563856,0.1388947197448436,0.006192238859087209,0.006398978651159275,0.044563062836413446
ARGSGFGDNPAYFDI,H4-34,K3-20,True,72,1,1,1,0.0004937899061113,3.3353567831150897e-06,2.3227724612097e-05,3.227597247505067e-06,False,False,False,False,False,False,False,False,False,False,False,False,False,-1,-1,False,2.186666666666667,False,False,False,4.207874679565429,1586.659,1,0.0004937899061113,2.3227724612097e-05,322,244,False,244.0,False,False,False,False,6.943272756237403,0.9647991101563856,0.1388947197448436,0.006536245162382802,0.006754470265863753,0.047038738413331296
ARDPIADWSPFDY,H1-69,K3-20,True,71,1,1,1,0.0004869317129709,3.3353567831150897e-06,2.3227724612097e-05,3.227597247505067e-06,False,False,False,False,True,False,False,False,False,False,False,False,False,-2,-2,False,1.5384615384615383,False,False,False,4.050025558471679,1552.6411999999998,1,0.0004869317129709,2.3227724612097e-05,127,245,False,245.0,False,False,False,True,6.943272756237403,0.9647991101563856,0.1388947197448436,0.006628303062830748,0.00684960169619811,0.04770124225008652
ARPFGTVIALSYFDY,H3-23_A,K3-20,True,71,1,1,1,0.0004869317129709,3.3353567831150897e-06,2.3227724612097e-05,3.227597247505067e-06,False,False,False,False,False,False,False,False,False,False,False,False,False,0,0,False,-0.3466666666666665,False,False,False,5.87944984436035,1719.9321,1,0.0004869317129709,2.3227724612097e-05,479,246,False,246.0,False,False,False,True,6.943272756237403,0.9647991101563856,0.1388947197448436,0.006628303062830748,0.00684960169619811,0.04770124225008652
ARGNRDVYAGTGYFDY,H5-51,K3-15,True,69,1,1,1,0.00047321532669,3.3353567831150897e-06,2.3227724612097e-05,3.227597247505067e-06,False,False,False,False,False,False,False,False,False,False,False,False,False,0,0,False,2.7062500000000003,False,False,False,6.003152847290039,1824.9021,2,0.00047321532669,2.3227724612097e-05,289,247,False,247.0,False,False,False,True,6.943272756237403,0.9647991101563856,0.1388947197448436,0.006820423729390542,0.007048136680351456,0.04908385773552013
ARDEYSGSPGYFDY,H1-69,K3-20,True,62,1,1,1,0.0004252079747069,3.3353567831150897e-06,2.3227724612097e-05,3.227597247505067e-06,False,False,False,False,False,False,False,False,False,True,False,False,False,-2,-2,False,3.2642857142857147,False,False,False,4.050025558471679,1626.6335,1,0.0004252079747069,2.3227724612097e-05,92,248,False,248.0,False,False,False,False,6.943272756237403,0.9647991101563856,0.1388947197448436,0.007590453460321919,0.007843875333384319,0.054625453282184794
ARERPPWSQGFDY,H1-69,UNK,True,62,1,1,1,0.0004252079747069,3.3353567831150897e-06,2.3227724612097e-05,3.227597247505067e-06,False,False,False,False,False,False,False,False,False,False,False,False,False,0,0,False,2.276923076923077,False,False,False,6.114178848266601,1608.7111,2,0.0004252079747069,2.3227724612097e-05,218,249,False,249.0,False,False,False,False,6.943272756237403,0.9647991101563856,0.1388947197448436,0.007590453460321919,0.007843875333384319,0.054625453282184794
ARLAISPPQSFDY,H3-23_A,K4-1,True,62,1,1,1,0.0004252079747069,3.3353567831150897e-06,2.3227724612097e-05,3.227597247505067e-06,False,False,False,False,False,False,False,False,False,False,False,False,False,0,0,False,1.0230769230769232,False,False,False,5.880318832397459,1464.6206,1,0.0004252079747069,2.3227724612097e-05,418,250,False,250.0,False,False,False,False,6.943272756237403,0.9647991101563856,0.1388947197448436,0.007590453460321919,0.007843875333384319,0.054625453282184794
ARHGPGEYFGIPAFDY,H3-23_A,K4-1,True,61,1,1,1,0.0004183497815665,3.3353567831150897e-06,2.3227724612097e-05,3.227597247505067e-06,False,False,False,False,False,False,False,False,False,False,False,False,False,-1,0,False,1.2125,False,False,False,5.322224044799805,1796.9334,1,0.0004183497815665,2.3227724612097e-05,362,251,False,251.0,True,True,False,False,6.943272756237403,0.9647991101563856,0.1388947197448436,0.007714884149283426,0.007972460379977805,0.05552093111131157
ARPWYAGDRSGAFDY,H3-23_A,K3-15,True,61,1,1,1,0.0004183497815665,3.3353567831150897e-06,2.3227724612097e-05,3.227597247505067e-06,False,False,False,False,False,False,False,False,False,False,False,False,False,0,0,False,2.1133333333333337,False,False,False,6.004021835327148,1731.8204,2,0.0004183497815665,2.3227724612097e-05,502,252,False,252.0,True,False,False,False,6.943272756237403,0.9647991101563856,0.1388947197448436,0.007714884149283426,0.007972460379977805,0.05552093111131157
ARAADIWASYGDAEFDY,H3-23_A,K1-39,True,60,1,1,1,0.0004114915884261,3.3353567831150897e-06,2.3227724612097e-05,3.227597247505067e-06,False,False,False,False,False,False,False,False,False,True,False,False,False,-3,-3,False,1.9823529411764709,False,False,False,4.050025558471679,1920.983,1,0.0004114915884261,2.3227724612097e-05,2,253,False,253.0,False,False,False,False,6.943272756237403,0.9647991101563856,0.1388947197448436,0.00784346242708295,0.008105331490631838,0.05644625747603494
AREGYTSNWGRWGFDP,H3-23_A,K3-20,True,60,1,1,1,0.0004114915884261,3.3353567831150897e-06,2.3227724612097e-05,3.227597247505067e-06,False,False,False,False,True,False,False,False,False,False,False,False,False,0,0,False,2.19375,False,False,False,6.114178848266601,1898.9857,2,0.0004114915884261,2.3227724612097e-05,193,254,False,254.0,False,False,False,False,6.943272756237403,0.9647991101563856,0.1388947197448436,0.00784346242708295,0.008105331490631838,0.05644625747603494
ARHLLSGDRLPYAFDP,H3-23_A,K3-20,True,59,1,1,1,0.0004046333952856,3.3353567831150897e-06,2.3227724612097e-05,3.227597247505067e-06,False,False,False,False,True,False,False,False,False,False,False,False,False,0,1,False,0.7750000000000002,False,False,False,6.791580581665039,1828.0354,2,0.0004046333952856,2.3227724612097e-05,372,255,False,255.0,False,False,False,False,6.943272756237403,0.9647991101563856,0.1388947197448436,0.007976399182858298,0.008242706595423293,0.05740295006101043
ARPPVLGYASSAFDP,H3-23_A,K1-39,True,59,1,1,1,0.0004046333952856,3.3353567831150897e-06,2.3227724612097e-05,3.227597247505067e-06,False,False,False,False,True,False,False,False,False,False,False,False,False,0,0,False,1.4333333333333336,False,False,False,5.880318832397459,1547.7091999999998,1,0.0004046333952856,2.3227724612097e-05,491,256,False,256.0,False,False,False,False,6.943272756237403,0.9647991101563856,0.1388947197448436,0.007976399182858298,0.008242706595423293,0.05740295006101043
ARSEGPGDDSNAFDY,H1-69,K3-15,True,59,1,1,1,0.0004046333952856,3.3353567831150897e-06,2.3227724612097e-05,3.227597247505067e-06,False,True,False,False,False,False,False,False,False,True,False,False,False,-3,-3,False,4.573333333333333,False,False,False,4.050025558471679,1600.5549999999998,1,0.0004046333952856,2.3227724612097e-05,531,257,False,257.0,False,False,False,False,6.943272756237403,0.9647991101563856,0.1388947197448436,0.007976399182858298,0.008242706595423293,0.05740295006101043
ARDVRVDWASSGDFDY,H3-23_A,K1-39,True,57,1,1,1,0.0003909170090048,3.3353567831150897e-06,2.3227724612097e-05,3.227597247505067e-06,False,False,False,False,False,False,False,False,False,True,False,False,False,-2,-2,False,2.6750000000000003,False,False,False,4.13912239074707,1858.9169,2,0.0003909170090048,2.3227724612097e-05,159,258,False,258.0,False,False,False,False,6.943272756237403,0.9647991101563856,0.1388947197448436,0.008256265679165282,0.008531916972444686,0.059417037137517906
ARTPVKSWSGFDY,H4-34,K4-1,True,57,1,1,1,0.0003909170090048,3.3353567831150897e-06,2.3227724612097e-05,3.227597247505067e-06,False,False,False,False,False,False,False,False,False,False,False,False,False,1,1,False,1.784615384615385,False,False,False,8.63377227783203,1513.6515,1,0.0003909170090048,2.3227724612097e-05,567,259,False,259.0,False,False,False,False,6.943272756237403,0.9647991101563856,0.1388947197448436,0.008256265679165282,0.008531916972444686,0.059417037137517906
ARTSIAGDPPGYFDY,H1-69,K3-20,True,57,1,1,1,0.0003909170090048,3.3353567831150897e-06,2.3227724612097e-05,3.227597247505067e-06,False,False,False,False,True,False,False,False,False,False,False,False,False,-1,-1,False,2.313333333333333,False,False,False,4.207874679565429,1629.7235999999998,1,0.0003909170090048,2.3227724612097e-05,575,260,False,260.0,False,False,False,False,6.943272756237403,0.9647991101563856,0.1388947197448436,0.008256265679165282,0.008531916972444686,0.059417037137517906
ARTGSTLYATYGEFDP,H3-23_A,K3-20,True,56,1,1,1,0.0003840588158643,3.3353567831150897e-06,2.3227724612097e-05,3.227597247505067e-06,False,False,False,False,True,False,False,False,False,True,False,False,False,-1,-1,False,2.475,False,False,False,4.370375442504883,1748.8428,1,0.0003840588158643,2.3227724612097e-05,564,261,False,261.0,False,False,False,False,6.943272756237403,0.9647991101563856,0.1388947197448436,0.008403695156144749,0.00868426866578396,0.06047802803210107
ARARLYGDAPYAFDY,H1-69,UNK,True,55,1,1,1,0.0003772006227239,3.3353567831150897e-06,2.3227724612097e-05,3.227597247505067e-06,False,False,False,False,False,False,False,False,False,False,False,False,False,0,0,False,1.366666666666667,False,False,False,6.003152847290039,1748.8906000000002,2,0.0003772006227239,2.3227724612097e-05,58,262,False,262.0,True,True,False,False,6.943272756237403,0.9647991101563856,0.1388947197448436,0.008556485562888065,0.008842160273827733,0.06157759939093384
ARDLRAWPSWSYVFDI,H3-23_A,K4-1,True,55,1,1,1,0.0003772006227239,3.3353567831150897e-06,2.3227724612097e-05,3.227597247505067e-06,False,False,False,False,False,False,False,False,False,False,False,False,False,0,0,False,-0.2687499999999999,False,False,False,6.004890823364257,1982.2001,2,0.0003772006227239,2.3227724612097e-05,113,263,False,263.0,False,False,False,False,6.943272756237403,0.9647991101563856,0.1388947197448436,0.008556485562888065,0.008842160273827733,0.06157759939093384
ARPGEYSYPAFDY,H4-34,K3-15,True,54,1,1,1,0.0003703424295835,3.3353567831150897e-06,2.3227724612097e-05,3.227597247505067e-06,False,False,False,False,False,False,False,False,False,False,False,False,False,-1,-1,False,2.130769230769231,False,False,False,4.370375442504883,1535.6106,1,0.0003703424295835,2.3227724612097e-05,480,264,False,264.0,False,False,False,False,6.943272756237403,0.9647991101563856,0.1388947197448436,0.008714934720787002,0.009005899561307176,0.06271789451528373
ARHGPGEYFGIPAFDY,UNK,K1-39,True,53,1,1,1,0.000363484236443,3.3353567831150897e-06,2.3227724612097e-05,3.227597247505067e-06,False,False,False,False,False,False,False,False,False,False,False,False,False,-1,0,False,1.2125,False,False,False,5.322224044799805,1796.9334,1,0.000363484236443,2.3227724612097e-05,362,266,False,266.0,True,False,False,False,6.943272756237403,0.9647991101563856,0.1388947197448436,0.008879362927701306,0.009175817519841504,0.06390121846055562
ARLQRIADLPGAFDI,UNK,K3-15,True,53,1,1,1,0.000363484236443,3.3353567831150897e-06,2.3227724612097e-05,3.227597247505067e-06,False,False,False,False,False,False,False,False,False,False,False,False,False,0,0,False,0.3266666666666669,False,False,False,6.005810928344727,1655.8950999999995,2,0.000363484236443,2.3227724612097e-05,448,267,False,267.0,True,False,False,False,6.943272756237403,0.9647991101563856,0.1388947197448436,0.008879362927701306,0.009175817519841504,0.06390121846055562
ARLRIGSSYFGAFDY,H5-51,K3-15,True,53,1,1,1,0.000363484236443,3.3353567831150897e-06,2.3227724612097e-05,3.227597247505067e-06,False,False,False,False,False,False,False,False,False,False,False,False,False,1,1,False,0.5066666666666669,False,False,False,8.632579040527343,1722.8963,2,0.000363484236443,2.3227724612097e-05,450,268,False,268.0,False,False,False,False,6.943272756237403,0.9647991101563856,0.1388947197448436,0.008879362927701306,0.009175817519841504,0.06390121846055562
ARLQRIADLPGAFDI,H4-34,K3-15,True,52,1,1,1,0.0003566260433026,3.3353567831150897e-06,2.3227724612097e-05,3.227597247505067e-06,False,False,False,False,False,False,False,False,False,False,False,False,False,0,0,False,0.3266666666666669,False,False,False,6.005810928344727,1655.8950999999995,2,0.0003566260433026,2.3227724612097e-05,448,269,False,269.0,True,False,False,False,6.943272756237403,0.9647991101563856,0.1388947197448436,0.009050115119089359,0.009352270601222134,0.06513005358908339
ARPWYAGDRSGAFDY,H1-69,K3-20,True,52,1,1,1,0.0003566260433026,3.3353567831150897e-06,2.3227724612097e-05,3.227597247505067e-06,False,False,False,False,False,False,False,False,False,False,False,False,False,0,0,False,2.1133333333333337,False,False,False,6.004021835327148,1731.8204,2,0.0003566260433026,2.3227724612097e-05,502,270,False,270.0,True,True,False,False,6.943272756237403,0.9647991101563856,0.1388947197448436,0.009050115119089359,0.009352270601222134,0.06513005358908339
ARYVKGLGTFDY,H4-34,K3-20,True,52,1,1,1,0.0003566260433026,3.3353567831150897e-06,2.3227724612097e-05,3.227597247505067e-06,False,False,False,False,False,False,False,False,False,False,False,False,False,1,1,False,1.0583333333333336,False,False,False,8.54006805419922,1389.5539,1,0.0003566260433026,2.3227724612097e-05,668,271,False,271.0,False,False,False,False,6.943272756237403,0.9647991101563856,0.1388947197448436,0.009050115119089359,0.009352270601222134,0.06513005358908339
ARDLSWERYFDY,H1-69,K4-1,True,51,1,1,1,0.0003497678501621,3.3353567831150897e-06,2.3227724612097e-05,3.227597247505067e-06,False,False,False,False,False,False,False,False,False,False,False,False,False,-1,-1,False,1.05,False,False,False,4.558281326293945,1620.7184,2,0.0003497678501621,2.3227724612097e-05,118,272,False,272.0,False,False,False,False,6.943272756237403,0.9647991101563856,0.1388947197448436,0.00922756328340768,0.009535643213454945,0.06640707695279278
ARDWLRSGFDY,H3-23_A,K4-1,True,51,1,1,1,0.0003497678501621,3.3353567831150897e-06,2.3227724612097e-05,3.227597247505067e-06,False,False,False,False,False,False,False,False,False,False,False,False,False,0,0,False,1.1272727272727274,False,False,False,6.004890823364257,1385.4824999999998,2,0.0003497678501621,2.3227724612097e-05,165,273,False,273.0,False,False,False,False,6.943272756237403,0.9647991101563856,0.1388947197448436,0.00922756328340768,0.009535643213454945,0.06640707695279278
AREPGVLWYVFDY,H3-23_A,K3-15,True,51,1,1,1,0.0003497678501621,3.3353567831150897e-06,2.3227724612097e-05,3.227597247505067e-06,False,False,False,False,False,False,False,False,False,False,False,False,False,-1,-1,False,-0.5923076923076922,False,False,False,4.370375442504883,1614.7965,1,0.0003497678501621,2.3227724612097e-05,207,274,False,274.0,False,False,False,False,6.943272756237403,0.9647991101563856,0.1388947197448436,0.00922756328340768,0.009535643213454945,0.06640707695279278
ARLSGDPRFYFDY,H4-34,K3-20,True,51,1,1,1,0.0003497678501621,3.3353567831150897e-06,2.3227724612097e-05,3.227597247505067e-06,False,False,False,True,True,False,False,False,False,False,False,False,False,0,0,False,1.0307692307692309,False,False,False,6.004021835327148,1606.7348,2,0.0003497678501621,2.3227724612097e-05,454,275,False,275.0,False,False,False,False,6.943272756237403,0.9647991101563856,0.1388947197448436,0.00922756328340768,0.009535643213454945,0.06640707695279278
ARHDAIAWTFDY,H4-34,K3-20,True,50,1,1,1,0.0003429096570217,3.3353567831150897e-06,2.3227724612097e-05,3.227597247505067e-06,False,False,False,False,False,False,False,False,False,False,False,False,False,-1,0,False,0.7250000000000001,False,False,False,5.212373733520507,1465.5672,1,0.0003429096570217,2.3227724612097e-05,354,276,False,276.0,False,False,False,False,6.943272756237403,0.9647991101563856,0.1388947197448436,0.009412109167310945,0.009726350516278593,0.06773517976144233
ARLGGIGDVLFAFDY,H1-69,K1-39,True,50,1,1,1,0.0003429096570217,3.3353567831150897e-06,2.3227724612097e-05,3.227597247505067e-06,False,False,False,False,False,False,False,False,False,False,False,False,False,-1,-1,False,-0.3266666666666664,False,False,False,4.207874679565429,1613.8101,1,0.0003429096570217,2.3227724612097e-05,424,277,False,277.0,False,False,False,False,6.943272756237403,0.9647991101563856,0.1388947197448436,0.009412109167310945,0.009726350516278593,0.06773517976144233
ARTSIAGDPPGYFDY,H4-34,K1-39,True,50,1,1,1,0.0003429096570217,3.3353567831150897e-06,2.3227724612097e-05,3.227597247505067e-06,False,False,False,False,True,False,False,False,False,False,False,False,False,-1,-1,False,2.313333333333333,False,False,False,4.207874679565429,1629.7235999999998,1,0.0003429096570217,2.3227724612097e-05,575,278,False,278.0,False,False,False,False,6.943272756237403,0.9647991101563856,0.1388947197448436,0.009412109167310945,0.009726350516278593,0.06773517976144233
AREWPGWPLYPFDY,H1-69,UNK,True,49,1,1,1,0.0003360514638813,3.3353567831150897e-06,2.3227724612097e-05,3.227597247505067e-06,False,False,False,False,False,False,False,False,False,False,False,False,False,-1,-1,False,-0.4357142857142855,False,False,False,4.370375442504883,1796.9748,1,0.0003360514638813,2.3227724612097e-05,231,279,False,279.0,True,True,False,False,6.943272756237403,0.9647991101563856,0.1388947197448436,0.009604187312131343,0.009924841559022573,0.06911748923494913
ARHGQSGDYPWHFDY,H3-23_A,K3-15,True,49,1,1,1,0.0003360514638813,3.3353567831150897e-06,2.3227724612097e-05,3.227597247505067e-06,False,False,False,True,False,False,False,False,False,False,False,False,False,-1,1,False,2.2333333333333334,False,False,False,5.982194900512695,1835.8867,1,0.0003360514638813,2.3227724612097e-05,364,280,False,280.0,True,False,False,False,6.943272756237403,0.9647991101563856,0.1388947197448436,0.009604187312131343,0.009924841559022573,0.06911748923494913
ARHYRYDISYWHAFDP,H3-23_A,K3-20,True,49,1,1,1,0.0003360514638813,3.3353567831150897e-06,2.3227724612097e-05,3.227597247505067e-06,False,False,False,True,True,False,False,False,False,False,False,False,False,0,2,False,0.7812500000000001,False,False,False,6.959704208374023,2097.2493,2,0.0003360514638813,2.3227724612097e-05,386,281,False,281.0,False,False,False,False,6.943272756237403,0.9647991101563856,0.1388947197448436,0.009604187312131343,0.009924841559022573,0.06911748923494913
ARAVSYGDRPNAFDY,H3-23_A,K4-1,True,48,1,1,1,0.0003291932707408,3.3353567831150897e-06,2.3227724612097e-05,3.227597247505067e-06,False,False,False,False,False,False,False,False,False,False,False,False,False,0,0,False,2.62,False,False,False,6.004021835327148,1701.7928000000002,2,0.0003291932707408,2.3227724612097e-05,70,282,False,282.0,False,False,False,False,6.943272756237403,0.9647991101563856,0.1388947197448436,0.009804268469879007,0.010131602810657375,0.07055739318697558
ARDLSWERYFDY,H1-69,K3-20,True,48,1,1,1,0.0003291932707408,3.3353567831150897e-06,2.3227724612097e-05,3.227597247505067e-06,False,False,False,False,False,False,False,False,False,False,False,False,False,-1,-1,False,1.05,False,False,False,4.558281326293945,1620.7184,2,0.0003291932707408,2.3227724612097e-05,118,283,False,283.0,False,False,False,False,6.943272756237403,0.9647991101563856,0.1388947197448436,0.009804268469879007,0.010131602810657375,0.07055739318697558
ARDVYGFYGNAFDY,H4-34,K3-15,True,47,1,1,1,0.0003223350776004,3.3353567831150897e-06,2.3227724612097e-05,3.227597247505067e-06,False,False,False,False,False,False,False,False,False,False,False,False,False,-1,-1,False,1.3571428571428574,False,False,False,4.207874679565429,1657.735,1,0.0003223350776004,2.3227724612097e-05,160,284,False,284.0,False,False,False,False,6.943272756237403,0.9647991101563856,0.1388947197448436,0.010012863455312966,0.01034716214047424,0.07205856774674128
ARGREVTYWYGYPFDP,H4-34,K3-20,True,47,1,1,1,0.0003223350776004,3.3353567831150897e-06,2.3227724612097e-05,3.227597247505067e-06,False,False,False,True,True,False,False,False,False,False,False,False,False,0,0,False,1.28125,False,False,False,6.112389755249024,1977.1372,2,0.0003223350776004,2.3227724612097e-05,305,285,False,285.0,False,False,False,False,6.943272756237403,0.9647991101563856,0.1388947197448436,0.010012863455312966,0.01034716214047424,0.07205856774674128
ARGPDPYGYFDY,H3-7_A,K4-1,True,46,1,1,1,0.00031547688446,3.3353567831150897e-06,2.3227724612097e-05,3.227597247505067e-06,False,False,False,False,True,False,False,False,False,False,False,False,False,-1,-1,False,2.25,False,False,False,4.207874679565429,1420.4801,1,0.00031547688446,2.3227724612097e-05,292,286,False,286.0,False,False,False,False,6.943272756237403,0.9647991101563856,0.1388947197448436,0.010230527500468212,0.010572093317996467,0.07362500869681002
ARHLLSGDRLPYAFDP,H4-34,K3-20,True,46,1,1,1,0.00031547688446,3.3353567831150897e-06,2.3227724612097e-05,3.227597247505067e-06,False,False,False,False,True,False,False,False,False,False,False,False,False,0,1,False,0.7750000000000002,False,False,False,6.791580581665039,1828.0354,2,0.00031547688446,2.3227724612097e-05,372,287,False,287.0,False,False,False,False,6.943272756237403,0.9647991101563856,0.1388947197448436,0.010230527500468212,0.010572093317996467,0.07362500869681002
ARYEYEGRVFDY,H3-23_A,K3-20,True,46,1,1,1,0.00031547688446,3.3353567831150897e-06,2.3227724612097e-05,3.227597247505067e-06,False,False,False,False,False,False,False,False,False,True,False,False,False,-1,-1,False,1.9333333333333336,False,False,False,4.6793262481689455,1567.6557,2,0.00031547688446,2.3227724612097e-05,652,288,False,288.0,False,False,False,False,6.943272756237403,0.9647991101563856,0.1388947197448436,0.010230527500468212,0.010572093317996467,0.07362500869681002
ARSLVWTGEFDY,H4-34,K4-1,True,45,1,1,1,0.0003086186913195,3.3353567831150897e-06,2.3227724612097e-05,3.227597247505067e-06,False,False,False,False,False,False,False,False,False,True,False,False,False,-1,-1,False,0.6250000000000001,False,False,False,4.370375442504883,1443.5583,1,0.0003086186913195,2.3227724612097e-05,545,290,False,290.0,False,False,False,False,6.943272756237403,0.9647991101563856,0.1388947197448436,0.010457865189739535,0.01080702111283052,0.07526106698891157
ARDLAPLTGYFDY,H1-69,K3-20,True,44,1,1,1,0.0003017604981791,3.3353567831150897e-06,2.3227724612097e-05,3.227597247505067e-06,False,False,False,False,False,False,False,False,False,False,False,False,False,-1,-1,False,0.7692307692307695,False,False,False,4.207874679565429,1501.6373999999998,1,0.0003017604981791,2.3227724612097e-05,105,291,False,291.0,False,False,False,False,6.943272756237403,0.9647991101563856,0.1388947197448436,0.010695536067907794,0.01105262708992701,0.07697148910266041
ARGTRFAVLSETFDI,H4-34,K3-20,True,44,1,1,1,0.0003017604981791,3.3353567831150897e-06,2.3227724612097e-05,3.227597247505067e-06,False,False,False,False,False,False,False,False,False,False,False,False,False,0,0,False,0.9133333333333336,False,False,False,6.1150478363037095,1682.8741,2,0.0003017604981791,2.3227724612097e-05,332,292,False,292.0,False,False,False,False,6.943272756237403,0.9647991101563856,0.1388947197448436,0.010695536067907794,0.01105262708992701,0.07697148910266041
ARAQFEPLHRLSFDP,H4-34,K1-39,True,43,1,1,1,0.0002949023050387,3.3353567831150897e-06,2.3227724612097e-05,3.227597247505067e-06,False,False,False,False,True,False,False,False,False,False,False,False,False,0,1,False,0.8266666666666669,False,False,False,6.7976123809814455,1783.9829,2,0.0002949023050387,2.3227724612097e-05,54,293,False,293.0,False,False,False,False,6.943272756237403,0.9647991101563856,0.1388947197448436,0.010944261030686814,0.011309656213488298,0.0787614630357622
AREWPGWPLYPFDY,H3-23_A,K3-20,True,43,1,1,1,0.0002949023050387,3.3353567831150897e-06,2.3227724612097e-05,3.227597247505067e-06,False,False,False,False,False,False,False,False,False,False,False,False,False,-1,-1,False,-0.4357142857142855,False,False,False,4.370375442504883,1796.9748,1,0.0002949023050387,2.3227724612097e-05,231,294,False,294.0,True,False,False,False,6.943272756237403,0.9647991101563856,0.1388947197448436,0.010944261030686814,0.011309656213488298,0.0787614630357622
ARGRDAASTAWGYFDY,H5-51,K3-15,True,43,1,1,1,0.0002949023050387,3.3353567831150897e-06,2.3227724612097e-05,3.227597247505067e-06,False,False,False,False,False,False,False,False,False,False,False,False,False,0,0,False,2.3062500000000004,False,False,False,6.004021835327148,1806.887,2,0.0002949023050387,2.3227724612097e-05,304,295,False,295.0,False,False,False,False,6.943272756237403,0.9647991101563856,0.1388947197448436,0.010944261030686814,0.011309656213488298,0.0787614630357622
ARGTSTTWLDY,H4-34,K3-15,True,43,1,1,1,0.0002949023050387,3.3353567831150897e-06,2.3227724612097e-05,3.227597247505067e-06,False,False,False,False,False,False,False,False,False,False,False,False,False,0,0,False,2.090909090909091,False,False,False,5.880318832397459,1270.3473,1,0.0002949023050387,2.3227724612097e-05,333,296,False,296.0,False,False,False,False,6.943272756237403,0.9647991101563856,0.1388947197448436,0.010944261030686814,0.011309656213488298,0.0787614630357622
ARQGFVTPDAFDY,H4-34,K4-1,True,43,1,1,1,0.0002949023050387,3.3353567831150897e-06,2.3227724612097e-05,3.227597247505067e-06,False,False,False,False,False,False,False,False,False,False,False,False,False,-1,-1,False,1.8000000000000005,False,False,False,4.207874679565429,1486.583,1,0.0002949023050387,2.3227724612097e-05,512,297,False,297.0,False,False,False,False,6.943272756237403,0.9647991101563856,0.1388947197448436,0.010944261030686814,0.011309656213488298,0.0787614630357622
ARTPYAVAGTEWAFDY,H4-34,K4-1,True,43,1,1,1,0.0002949023050387,3.3353567831150897e-06,2.3227724612097e-05,3.227597247505067e-06,False,False,False,False,False,False,False,False,False,False,False,False,False,-1,-1,False,1.36875,False,False,False,4.370375442504883,1817.9494,1,0.0002949023050387,2.3227724612097e-05,568,298,False,298.0,False,False,False,False,6.943272756237403,0.9647991101563856,0.1388947197448436,0.010944261030686814,0.011309656213488298,0.0787614630357622
ARAAGASGDYPHAFDP,H5-51,K3-20,True,42,1,1,1,0.0002880441118982,3.3353567831150897e-06,2.3227724612097e-05,3.227597247505067e-06,False,False,False,False,True,False,False,False,False,False,False,False,False,-1,0,False,2.9875000000000003,False,False,False,5.212373733520507,1602.6619,1,0.0002880441118982,2.3227724612097e-05,3,299,False,299.0,False,False,False,False,6.943272756237403,0.9647991101563856,0.1388947197448436,0.011204829628141948,0.011578924394225707,0.08063667086379177
ARALVAGDAPSGFDY,H5-51,K4-1,True,42,1,1,1,0.0002880441118982,3.3353567831150897e-06,2.3227724612097e-05,3.227597247505067e-06,False,False,False,False,False,False,False,False,False,False,False,False,False,-1,-1,False,1.9066666666666667,False,False,False,4.207874679565429,1509.6181,1,0.0002880441118982,2.3227724612097e-05,40,300,False,300.0,False,False,False,False,6.943272756237403,0.9647991101563856,0.1388947197448436,0.011204829628141948,0.011578924394225707,0.08063667086379177
ARELADVRESNWAFDP,H4-34,K3-15,True,42,1,1,1,0.0002880441118982,3.3353567831150897e-06,2.3227724612097e-05,3.227597247505067e-06,False,False,False,False,True,False,False,False,False,False,False,False,False,-2,-2,False,2.1125000000000003,False,False,False,4.316753768920899,1875.9906,2,0.0002880441118982,2.3227724612097e-05,199,301,False,301.0,False,False,False,False,6.943272756237403,0.9647991101563856,0.1388947197448436,0.011204829628141948,0.011578924394225707,0.08063667086379177
ARGLRATDFPQAFDI,H4-34,UNK,True,42,1,1,1,0.0002880441118982,3.3353567831150897e-06,2.3227724612097e-05,3.227597247505067e-06,False,False,False,False,False,False,False,False,False,False,False,False,False,0,0,False,1.2066666666666668,False,False,False,6.005810928344727,1677.8575999999998,2,0.0002880441118982,2.3227724612097e-05,283,302,False,302.0,False,False,False,False,6.943272756237403,0.9647991101563856,0.1388947197448436,0.011204829628141948,0.011578924394225707,0.08063667086379177
ARQDEVEYHFDY,H4-34,K3-15,True,42,1,1,1,0.0002880441118982,3.3353567831150897e-06,2.3227724612097e-05,3.227597247505067e-06,False,False,False,True,False,False,False,False,False,True,False,False,False,-3,-2,False,2.775,False,False,False,4.308268356323242,1571.6014,1,0.0002880441118982,2.3227724612097e-05,508,303,False,303.0,False,False,False,False,6.943272756237403,0.9647991101563856,0.1388947197448436,0.011204829628141948,0.011578924394225707,0.08063667086379177
ARALVAGDAPYPFDY,H1-69,K3-20,True,41,1,1,1,0.0002811859187578,3.3353567831150897e-06,2.3227724612097e-05,3.227597247505067e-06,False,False,False,False,False,False,False,False,False,False,False,False,False,-1,-1,False,1.106666666666667,False,False,False,4.207874679565429,1625.7779,1,0.0002811859187578,2.3227724612097e-05,40,304,False,304.0,False,False,False,False,6.943272756237403,0.9647991101563856,0.1388947197448436,0.011478108436862004,0.01186132714105251,0.08260334899136118
ARDPLPYQWRSSFDP,H1-69,K3-20,True,41,1,1,1,0.0002811859187578,3.3353567831150897e-06,2.3227724612097e-05,3.227597247505067e-06,False,False,False,False,True,False,False,False,False,False,False,False,False,0,0,False,1.7000000000000002,False,False,False,6.004890823364257,1834.9833,2,0.0002811859187578,2.3227724612097e-05,129,305,False,305.0,False,False,False,False,6.943272756237403,0.9647991101563856,0.1388947197448436,0.011478108436862004,0.01186132714105251,0.08260334899136118
AREGLTYWGSVFDY,H4-34,K3-20,True,41,1,1,1,0.0002811859187578,3.3353567831150897e-06,2.3227724612097e-05,3.227597247505067e-06,False,False,False,False,False,False,False,False,False,False,False,False,False,-1,-1,False,0.8071428571428573,False,False,False,4.370375442504883,1663.7828,1,0.0002811859187578,2.3227724612097e-05,186,306,False,306.0,False,False,False,False,6.943272756237403,0.9647991101563856,0.1388947197448436,0.011478108436862004,0.01186132714105251,0.08260334899136118
ARIRPVADWPGYFDY,H1-69,UNK,True,41,1,1,1,0.0002811859187578,3.3353567831150897e-06,2.3227724612097e-05,3.227597247505067e-06,False,False,False,False,False,False,False,False,False,False,False,False,False,0,0,False,0.5200000000000001,False,False,False,6.004021835327148,1826.0177,2,0.0002811859187578,2.3227724612097e-05,398,307,False,307.0,False,False,False,False,6.943272756237403,0.9647991101563856,0.1388947197448436,0.011478108436862004,0.01186132714105251,0.08260334899136118
ARPWYAGDRSGAFDY,H4-34,K3-15,True,41,1,1,1,0.0002811859187578,3.3353567831150897e-06,2.3227724612097e-05,3.227597247505067e-06,False,False,False,False,False,False,False,False,False,False,False,False,False,0,0,False,2.1133333333333337,False,False,False,6.004021835327148,1731.8204,2,0.0002811859187578,2.3227724612097e-05,502,308,False,308.0,True,False,False,False,6.943272756237403,0.9647991101563856,0.1388947197448436,0.011478108436862004,0.01186132714105251,0.08260334899136118
ARARLYGDAPYAFDY,H4-34,K3-20,True,40,1,1,1,0.0002743277256174,3.3353567831150897e-06,2.3227724612097e-05,3.227597247505067e-06,False,False,False,False,False,False,False,False,False,False,False,False,False,0,0,False,1.366666666666667,False,False,False,6.003152847290039,1748.8906000000002,2,0.0002743277256174,2.3227724612097e-05,58,309,False,309.0,True,False,False,False,6.943272756237403,0.9647991101563856,0.1388947197448436,0.01176505068794795,0.012157849510521507,0.08466835744089792
ARDASTPNNYGFDY,H4-34,K3-15,True,40,1,1,1,0.0002743277256174,3.3353567831150897e-06,2.3227724612097e-05,3.227597247505067e-06,False,False,True,False,False,False,False,False,False,False,False,False,False,-1,-1,False,3.492857142857143,False,False,False,4.207874679565429,1590.6047,1,0.0002743277256174,2.3227724612097e-05,82,310,False,310.0,False,False,False,False,6.943272756237403,0.9647991101563856,0.1388947197448436,0.01176505068794795,0.012157849510521507,0.08466835744089792
ARDLSWERYFDY,H4-34,K3-15,True,40,1,1,1,0.0002743277256174,3.3353567831150897e-06,2.3227724612097e-05,3.227597247505067e-06,False,False,False,False,False,False,False,False,False,False,False,False,False,-1,-1,False,1.05,False,False,False,4.558281326293945,1620.7184,2,0.0002743277256174,2.3227724612097e-05,118,311,False,311.0,False,False,False,False,6.943272756237403,0.9647991101563856,0.1388947197448436,0.01176505068794795,0.012157849510521507,0.08466835744089792
ARDPSSWGYAFDY,H4-34,K3-15,True,40,1,1,1,0.0002743277256174,3.3353567831150897e-06,2.3227724612097e-05,3.227597247505067e-06,False,False,False,False,True,False,False,False,False,False,False,False,False,-1,-1,False,2.015384615384616,False,False,False,4.207874679565429,1534.5828,1,0.0002743277256174,2.3227724612097e-05,132,312,False,312.0,False,False,False,False,6.943272756237403,0.9647991101563856,0.1388947197448436,0.01176505068794795,0.012157849510521507,0.08466835744089792
ARPSWRGDIGAYFDY,H3-23_A,K3-15,True,40,1,1,1,0.0002743277256174,3.3353567831150897e-06,2.3227724612097e-05,3.227597247505067e-06,False,False,False,False,False,False,False,False,False,False,False,False,False,0,0,False,1.4400000000000002,False,False,False,6.004021835327148,1773.9000999999998,2,0.0002743277256174,2.3227724612097e-05,500,313,False,313.0,True,False,False,False,6.943272756237403,0.9647991101563856,0.1388947197448436,0.01176505068794795,0.012157849510521507,0.08466835744089792
ARVIVHNLFDY,H3-23_A,K4-1,True,40,1,1,1,0.0002743277256174,3.3353567831150897e-06,2.3227724612097e-05,3.227597247505067e-06,False,False,False,False,False,False,False,False,False,False,False,False,False,0,1,False,-0.9363636363636364,False,False,False,6.788309097290039,1346.5323999999998,1,0.0002743277256174,2.3227724612097e-05,595,315,False,315.0,False,False,False,False,6.943272756237403,0.9647991101563856,0.1388947197448436,0.01176505068794795,0.012157849510521507,0.08466835744089792
ARARLYGDAPYAFDY,H1-69,K4-1,True,39,1,1,1,0.0002674695324769,3.3353567831150897e-06,2.3227724612097e-05,3.227597247505067e-06,False,False,False,False,False,False,False,False,False,False,False,False,False,0,0,False,1.366666666666667,False,False,False,6.003152847290039,1748.8906000000002,2,0.0002674695324769,2.3227724612097e-05,58,316,False,316.0,True,True,False,False,6.943272756237403,0.9647991101563856,0.1388947197448436,0.012066707376138425,0.012469577586850076,0.08683925980057179
ARDILGQFSVPFDY,H1-69,UNK,True,39,1,1,1,0.0002674695324769,3.3353567831150897e-06,2.3227724612097e-05,3.227597247505067e-06,False,False,False,False,False,False,False,False,False,False,False,False,False,-1,-1,False,0.3857142857142858,False,False,False,4.207874679565429,1627.7937,1,0.0002674695324769,2.3227724612097e-05,101,317,False,317.0,True,True,False,False,6.943272756237403,0.9647991101563856,0.1388947197448436,0.012066707376138425,0.012469577586850076,0.08683925980057179
ARGPYPDESTFDY,H5-51,K3-15,True,39,1,1,1,0.0002674695324769,3.3353567831150897e-06,2.3227724612097e-05,3.227597247505067e-06,False,False,False,False,False,False,False,False,False,True,False,False,False,-2,-2,False,3.284615384615385,False,False,False,4.050025558471679,1517.5508,1,0.0002674695324769,2.3227724612097e-05,300,318,False,318.0,False,False,False,False,6.943272756237403,0.9647991101563856,0.1388947197448436,0.012066707376138425,0.012469577586850076,0.08683925980057179
ARHGPGPPANAFDY,H5-51,K4-1,True,39,1,1,1,0.0002674695324769,3.3353567831150897e-06,2.3227724612097e-05,3.227597247505067e-06,False,False,False,False,False,False,False,False,False,False,False,False,False,0,1,False,2.585714285714286,False,False,False,6.788309097290039,1469.5592,1,0.0002674695324769,2.3227724612097e-05,363,319,False,319.0,False,False,False,False,6.943272756237403,0.9647991101563856,0.1388947197448436,0.012066707376138425,0.012469577586850076,0.08683925980057179
ARLQRIADLPGAFDI,H1-69,K3-20,True,39,1,1,1,0.0002674695324769,3.3353567831150897e-06,2.3227724612097e-05,3.227597247505067e-06,False,False,False,False,False,False,False,False,False,False,False,False,False,0,0,False,0.3266666666666669,False,False,False,6.005810928344727,1655.8950999999995,2,0.0002674695324769,2.3227724612097e-05,448,320,False,320.0,True,True,False,False,6.943272756237403,0.9647991101563856,0.1388947197448436,0.012066707376138425,0.012469577586850076,0.08683925980057179
ARYWGNLYEYSGWFDP,H4-34,K3-15,True,39,1,1,1,0.0002674695324769,3.3353567831150897e-06,2.3227724612097e-05,3.227597247505067e-06,False,False,False,False,True,False,False,False,False,False,False,False,False,-1,-1,False,0.4375000000000001,False,False,False,4.370375442504883,2024.1488,1,0.0002674695324769,2.3227724612097e-05,669,321,False,321.0,False,False,False,False,6.943272756237403,0.9647991101563856,0.1388947197448436,0.012066707376138425,0.012469577586850076,0.08683925980057179
AREFSYASVSTWSFDI,H3-23_A,K4-1,True,38,1,1,1,0.0002606113393365,3.3353567831150897e-06,2.3227724612097e-05,3.227597247505067e-06,False,False,False,False,False,False,False,False,False,False,False,False,False,-1,-1,False,0.9625,False,False,False,4.370375442504883,1865.9906,1,0.0002606113393365,2.3227724612097e-05,183,322,False,322.0,False,False,False,False,6.943272756237403,0.9647991101563856,0.1388947197448436,0.012384240122938555,0.012797711774509224,0.08912441579508053
AREGFATADVQAFDP,H3-23_A,UNK,True,38,1,1,1,0.0002606113393365,3.3353567831150897e-06,2.3227724612097e-05,3.227597247505067e-06,False,False,False,False,True,False,False,False,False,False,False,False,False,-2,-2,False,2.486666666666667,False,False,False,4.050025558471679,1594.6796,1,0.0002606113393365,2.3227724612097e-05,184,323,False,323.0,True,False,False,False,6.943272756237403,0.9647991101563856,0.1388947197448436,0.012384240122938555,0.012797711774509224,0.08912441579508053
ARESTAGYWTAFDY,H1-69,UNK,True,38,1,1,1,0.0002606113393365,3.3353567831150897e-06,2.3227724612097e-05,3.227597247505067e-06,False,False,False,False,False,False,False,False,False,False,False,False,False,-1,-1,False,1.992857142857143,False,False,False,4.370375442504883,1637.7025999999998,1,0.0002606113393365,2.3227724612097e-05,224,324,False,324.0,True,True,False,False,6.943272756237403,0.9647991101563856,0.1388947197448436,0.012384240122938555,0.012797711774509224,0.08912441579508053
ARGSGFGDNPAYFDI,H5-51,K3-20,True,38,1,1,1,0.0002606113393365,3.3353567831150897e-06,2.3227724612097e-05,3.227597247505067e-06,False,False,False,False,False,False,False,False,False,False,False,False,False,-1,-1,False,2.186666666666667,False,False,False,4.207874679565429,1586.659,1,0.0002606113393365,2.3227724612097e-05,322,325,False,325.0,False,False,False,False,6.943272756237403,0.9647991101563856,0.1388947197448436,0.012384240122938555,0.012797711774509224,0.08912441579508053
ARIGERAFLDYPGYFDI,H3-23_A,K4-1,True,38,1,1,1,0.0002606113393365,3.3353567831150897e-06,2.3227724612097e-05,3.227597247505067e-06,False,False,False,False,False,False,False,False,False,False,False,False,False,-1,-1,False,0.3823529411764708,False,False,False,4.558281326293945,2003.2159,2,0.0002606113393365,2.3227724612097e-05,389,327,False,327.0,True,False,False,False,6.943272756237403,0.9647991101563856,0.1388947197448436,0.012384240122938555,0.012797711774509224,0.08912441579508053
ARLPASSRVIDVFDI,H4-34,K3-15,True,38,1,1,1,0.0002606113393365,3.3353567831150897e-06,2.3227724612097e-05,3.227597247505067e-06,False,False,False,False,False,False,False,False,False,False,False,False,False,0,0,False,0.3933333333333335,False,False,False,6.005810928344727,1658.8957,2,0.0002606113393365,2.3227724612097e-05,443,328,False,328.0,False,False,False,False,6.943272756237403,0.9647991101563856,0.1388947197448436,0.012384240122938555,0.012797711774509224,0.08912441579508053
ARPSGPRSYIQPFDP,H4-34,K3-20,True,38,1,1,1,0.0002606113393365,3.3353567831150897e-06,2.3227724612097e-05,3.227597247505067e-06,False,False,False,False,True,False,False,False,False,False,False,False,False,1,1,False,2.3,False,False,False,8.79022674560547,1687.8525,2,0.0002606113393365,2.3227724612097e-05,498,330,False,330.0,False,False,False,False,6.943272756237403,0.9647991101563856,0.1388947197448436,0.012384240122938555,0.012797711774509224,0.08912441579508053
ARVSRSYSSGYDFDI,H5-51,K3-15,True,38,1,1,1,0.0002606113393365,3.3353567831150897e-06,2.3227724612097e-05,3.227597247505067e-06,False,False,False,False,False,False,False,False,False,True,False,False,False,0,0,False,2.5,False,False,False,6.004021835327148,1722.8087,2,0.0002606113393365,2.3227724612097e-05,623,331,False,331.0,False,False,False,False,6.943272756237403,0.9647991101563856,0.1388947197448436,0.012384240122938555,0.012797711774509224,0.08912441579508053
ARALVAGDAPSGFDY,H1-69,K1-39,True,37,1,1,1,0.0002537531461961,3.3353567831150897e-06,2.3227724612097e-05,3.227597247505067e-06,False,False,False,False,False,False,False,False,False,False,False,False,False,-1,-1,False,1.9066666666666667,False,False,False,4.207874679565429,1509.6181,1,0.0002537531461961,2.3227724612097e-05,40,332,False,332.0,False,False,False,False,6.943272756237403,0.9647991101563856,0.1388947197448436,0.012718936125621976,0.013143582246326791,0.09153308886762998
ARALVRTGNYFAFDY,H5-51,K4-1,True,37,1,1,1,0.0002537531461961,3.3353567831150897e-06,2.3227724612097e-05,3.227597247505067e-06,False,False,False,False,False,False,False,False,False,False,False,False,False,1,1,False,0.5000000000000002,False,False,False,8.632579040527343,1763.9481999999998,2,0.0002537531461961,2.3227724612097e-05,41,333,False,333.0,False,False,False,False,6.943272756237403,0.9647991101563856,0.1388947197448436,0.012718936125621976,0.013143582246326791,0.09153308886762998
ARARLYGDAPYAFDY,UNK,K3-20,True,37,1,1,1,0.0002537531461961,3.3353567831150897e-06,2.3227724612097e-05,3.227597247505067e-06,False,False,False,False,False,False,False,False,False,False,False,False,False,0,0,False,1.366666666666667,False,False,False,6.003152847290039,1748.8906000000002,2,0.0002537531461961,2.3227724612097e-05,58,334,False,334.0,True,False,False,False,6.943272756237403,0.9647991101563856,0.1388947197448436,0.012718936125621976,0.013143582246326791,0.09153308886762998
ARGPRVSTPFDY,H4-34,K3-20,True,37,1,1,1,0.0002537531461961,3.3353567831150897e-06,2.3227724612097e-05,3.227597247505067e-06,False,False,False,False,False,False,False,False,False,False,False,False,False,1,1,False,2.275,False,False,False,8.79022674560547,1365.4929,2,0.0002537531461961,2.3227724612097e-05,297,336,False,336.0,False,False,False,False,6.943272756237403,0.9647991101563856,0.1388947197448436,0.012718936125621976,0.013143582246326791,0.09153308886762998
ARVHEGSSVGSFEFDI,H5-51,K4-1,True,37,1,1,1,0.0002537531461961,3.3353567831150897e-06,2.3227724612097e-05,3.227597247505067e-06,False,False,False,False,False,False,False,False,False,True,False,False,False,-2,-1,False,1.94375,False,False,False,4.651314163208007,1736.8353,1,0.0002537531461961,2.3227724612097e-05,589,338,False,338.0,False,False,False,False,6.943272756237403,0.9647991101563856,0.1388947197448436,0.012718936125621976,0.013143582246326791,0.09153308886762998
ARAGVIYLFDY,H3-23_A,K3-15,True,36,1,1,1,0.0002468949530556,3.3353567831150897e-06,2.3227724612097e-05,3.227597247505067e-06,False,False,False,False,False,False,False,False,False,False,False,False,False,0,0,False,-0.8909090909090907,False,False,False,5.87944984436035,1287.4619,1,0.0002468949530556,2.3227724612097e-05,20,339,False,339.0,False,False,False,False,6.943272756237403,0.9647991101563856,0.1388947197448436,0.013072225597589578,0.013508666966126062,0.09407557169121025
ARDETLYVAFDY,H3-23_A,K3-20,True,36,1,1,1,0.0002468949530556,3.3353567831150897e-06,2.3227724612097e-05,3.227597247505067e-06,False,False,False,False,False,False,False,False,False,True,False,False,False,-2,-2,False,1.2916666666666667,False,False,False,4.050025558471679,1462.5583,1,0.0002468949530556,2.3227724612097e-05,89,340,False,340.0,False,False,False,False,6.943272756237403,0.9647991101563856,0.1388947197448436,0.013072225597589578,0.013508666966126062,0.09407557169121025
ARDILGQFSVPFDY,H1-69,K4-1,True,36,1,1,1,0.0002468949530556,3.3353567831150897e-06,2.3227724612097e-05,3.227597247505067e-06,False,False,False,False,False,False,False,False,False,False,False,False,False,-1,-1,False,0.3857142857142858,False,False,False,4.207874679565429,1627.7937,1,0.0002468949530556,2.3227724612097e-05,101,341,False,341.0,True,True,False,False,6.943272756237403,0.9647991101563856,0.1388947197448436,0.013072225597589578,0.013508666966126062,0.09407557169121025
ARDLSWERYFDY,UNK,K3-15,True,36,1,1,1,0.0002468949530556,3.3353567831150897e-06,2.3227724612097e-05,3.227597247505067e-06,False,False,False,False,False,False,False,False,False,False,False,False,False,-1,-1,False,1.05,False,False,False,4.558281326293945,1620.7184,2,0.0002468949530556,2.3227724612097e-05,118,342,False,342.0,False,False,False,False,6.943272756237403,0.9647991101563856,0.1388947197448436,0.013072225597589578,0.013508666966126062,0.09407557169121025
AREWPGWPLYPFDY,H1-69,K3-15,True,36,1,1,1,0.0002468949530556,3.3353567831150897e-06,2.3227724612097e-05,3.227597247505067e-06,False,False,False,False,False,False,False,False,False,False,False,False,False,-1,-1,False,-0.4357142857142855,False,False,False,4.370375442504883,1796.9748,1,0.0002468949530556,2.3227724612097e-05,231,343,False,343.0,True,True,False,False,6.943272756237403,0.9647991101563856,0.1388947197448436,0.013072225597589578,0.013508666966126062,0.09407557169121025
AREWPGWPLYPFDY,H4-34,K3-20,True,36,1,1,1,0.0002468949530556,3.3353567831150897e-06,2.3227724612097e-05,3.227597247505067e-06,False,False,False,False,False,False,False,False,False,False,False,False,False,-1,-1,False,-0.4357142857142855,False,False,False,4.370375442504883,1796.9748,1,0.0002468949530556,2.3227724612097e-05,231,344,False,344.0,True,False,False,False,6.943272756237403,0.9647991101563856,0.1388947197448436,0.013072225597589578,0.013508666966126062,0.09407557169121025
ARGFTGDIWYHPHFDP,H4-34,K3-20,True,36,1,1,1,0.0002468949530556,3.3353567831150897e-06,2.3227724612097e-05,3.227597247505067e-06,False,False,False,True,True,False,False,False,False,False,False,False,False,-1,1,False,0.8125000000000002,False,False,False,5.982246017456054,1916.0575,1,0.0002468949530556,2.3227724612097e-05,268,345,False,345.0,False,False,False,False,6.943272756237403,0.9647991101563856,0.1388947197448436,0.013072225597589578,0.013508666966126062,0.09407557169121025
ARGINWYYIKAAFDI,H3-23_A,K3-20,True,36,1,1,1,0.0002468949530556,3.3353567831150897e-06,2.3227724612097e-05,3.227597247505067e-06,False,False,False,True,False,False,False,False,False,False,False,False,False,1,1,False,-0.5399999999999998,False,False,False,8.54006805419922,1801.0512,1,0.0002468949530556,2.3227724612097e-05,275,346,False,346.0,False,False,False,False,6.943272756237403,0.9647991101563856,0.1388947197448436,0.013072225597589578,0.013508666966126062,0.09407557169121025
ARGSDYGDALNYFDY,H1-69,K1-39,True,36,1,1,1,0.0002468949530556,3.3353567831150897e-06,2.3227724612097e-05,3.227597247505067e-06,False,False,False,False,False,False,False,False,False,False,False,False,False,-2,-2,False,2.6133333333333337,False,False,False,4.050025558471679,1726.7525,1,0.0002468949530556,2.3227724612097e-05,319,347,False,347.0,False,False,False,False,6.943272756237403,0.9647991101563856,0.1388947197448436,0.013072225597589578,0.013508666966126062,0.09407557169121025
ARGSVPYSSFGYNAFDP,H5-51,K3-15,True,36,1,1,1,0.0002468949530556,3.3353567831150897e-06,2.3227724612097e-05,3.227597247505067e-06,False,False,False,False,True,False,False,False,False,False,False,False,False,0,0,False,2.0352941176470587,False,False,False,5.87944984436035,1834.9367,1,0.0002468949530556,2.3227724612097e-05,327,348,False,348.0,False,False,False,False,6.943272756237403,0.9647991101563856,0.1388947197448436,0.013072225597589578,0.013508666966126062,0.09407557169121025
ARQREYGDASNAFDY,H1-69,UNK,True,36,1,1,1,0.0002468949530556,3.3353567831150897e-06,2.3227724612097e-05,3.227597247505067e-06,False,False,False,False,False,False,False,False,False,False,False,False,False,-1,-1,False,3.646666666666667,False,False,False,4.558281326293945,1762.7898,2,0.0002468949530556,2.3227724612097e-05,528,349,False,349.0,True,True,False,False,6.943272756237403,0.9647991101563856,0.1388947197448436,0.013072225597589578,0.013508666966126062,0.09407557169121025
ARARLYGDAPYAFDY,H1-69,K3-15,True,35,1,1,1,0.0002400367599152,3.3353567831150897e-06,2.3227724612097e-05,3.227597247505067e-06,False,False,False,False,False,False,False,False,False,False,False,False,False,0,0,False,1.366666666666667,False,False,False,6.003152847290039,1748.8906000000002,2,0.0002400367599152,2.3227724612097e-05,58,350,False,350.0,True,True,False,False,6.943272756237403,0.9647991101563856,0.1388947197448436,0.013445702198376945,0.013894612800828276,0.09676333319517635
ARDEGWSAYLYGSGFDY,H3-23_A,K3-20,True,35,1,1,1,0.0002400367599152,3.3353567831150897e-06,2.3227724612097e-05,3.227597247505067e-06,False,False,False,False,False,False,False,False,False,True,False,False,False,-2,-2,False,1.894117647058824,False,False,False,4.050025558471679,1957.015,1,0.0002400367599152,2.3227724612097e-05,86,351,False,351.0,False,False,False,False,6.943272756237403,0.9647991101563856,0.1388947197448436,0.013445702198376945,0.013894612800828276,0.09676333319517635
ARESTAGYWTAFDY,H3-23_A,K3-20,True,35,1,1,1,0.0002400367599152,3.3353567831150897e-06,2.3227724612097e-05,3.227597247505067e-06,False,False,False,False,False,False,False,False,False,False,False,False,False,-1,-1,False,1.992857142857143,False,False,False,4.370375442504883,1637.7025999999998,1,0.0002400367599152,2.3227724612097e-05,224,352,False,352.0,True,False,False,False,6.943272756237403,0.9647991101563856,0.1388947197448436,0.013445702198376945,0.013894612800828276,0.09676333319517635
AREYRSESFDY,H4-34,K3-20,True,35,1,1,1,0.0002400367599152,3.3353567831150897e-06,2.3227724612097e-05,3.227597247505067e-06,False,False,False,False,False,False,False,False,False,False,False,False,False,-1,-1,False,3.2818181818181817,False,False,False,4.6793262481689455,1422.4548,2,0.0002400367599152,2.3227724612097e-05,236,353,False,353.0,False,False,False,False,6.943272756237403,0.9647991101563856,0.1388947197448436,0.013445702198376945,0.013894612800828276,0.09676333319517635
ARIYAQGDAPYPFDY,H5-51,K3-20,True,35,1,1,1,0.0002400367599152,3.3353567831150897e-06,2.3227724612097e-05,3.227597247505067e-06,False,False,False,False,False,False,False,False,False,False,False,False,False,-1,-1,False,1.5666666666666669,False,False,False,4.207874679565429,1746.8714,1,0.0002400367599152,2.3227724612097e-05,405,354,False,354.0,False,False,False,False,6.943272756237403,0.9647991101563856,0.1388947197448436,0.013445702198376945,0.013894612800828276,0.09676333319517635
ARNPSSVEYRPYNFDP,H4-34,K1-39,True,35,1,1,1,0.0002400367599152,3.3353567831150897e-06,2.3227724612097e-05,3.227597247505067e-06,False,False,False,False,True,False,False,False,False,False,False,False,False,0,0,False,2.80625,False,False,False,6.113258743286132,1912.0226,2,0.0002400367599152,2.3227724612097e-05,472,355,False,355.0,False,False,False,False,6.943272756237403,0.9647991101563856,0.1388947197448436,0.013445702198376945,0.013894612800828276,0.09676333319517635
ARPWYAGDRSGAFDY,UNK,K3-15,True,35,1,1,1,0.0002400367599152,3.3353567831150897e-06,2.3227724612097e-05,3.227597247505067e-06,False,False,False,False,False,False,False,False,False,False,False,False,False,0,0,False,2.1133333333333337,False,False,False,6.004021835327148,1731.8204,2,0.0002400367599152,2.3227724612097e-05,502,356,False,356.0,True,False,False,False,6.943272756237403,0.9647991101563856,0.1388947197448436,0.013445702198376945,0.013894612800828276,0.09676333319517635
AREIGTYPSGYGYSFDY,H4-34,K3-15,True,34,1,1,1,0.0002331785667747,3.3353567831150897e-06,2.3227724612097e-05,3.227597247505067e-06,False,False,False,False,False,False,False,False,False,False,False,False,False,-1,-1,False,2.158823529411765,False,False,False,4.370324325561524,1946.0321,1,0.0002331785667747,2.3227724612097e-05,196,357,False,357.0,False,False,False,False,6.943272756237403,0.9647991101563856,0.1388947197448436,0.013841147068858988,0.014303260358118734,0.09960919153698883
ARESYVPDASEDAFDY,H1-69,K3-15,True,34,1,1,1,0.0002331785667747,3.3353567831150897e-06,2.3227724612097e-05,3.227597247505067e-06,False,False,False,False,False,False,False,False,False,True,False,False,False,-4,-4,False,3.40625,False,False,False,4.050025558471679,1834.8459000000005,1,0.0002331785667747,2.3227724612097e-05,227,358,False,358.0,False,False,False,False,6.943272756237403,0.9647991101563856,0.1388947197448436,0.013841147068858988,0.014303260358118734,0.09960919153698883
ARGADILGWYVAVAFDY,H4-34,K3-15,True,34,1,1,1,0.0002331785667747,3.3353567831150897e-06,2.3227724612097e-05,3.227597247505067e-06,False,False,False,False,False,False,False,False,False,False,False,False,False,-1,-1,False,-0.2117647058823528,False,False,False,4.207874679565429,1887.0973,1,0.0002331785667747,2.3227724612097e-05,251,359,False,359.0,False,False,False,False,6.943272756237403,0.9647991101563856,0.1388947197448436,0.013841147068858988,0.014303260358118734,0.09960919153698883
ARGYPDVSFDY,H4-34,K4-1,True,34,1,1,1,0.0002331785667747,3.3353567831150897e-06,2.3227724612097e-05,3.227597247505067e-06,False,False,False,False,False,False,False,False,False,False,False,False,False,-1,-1,False,2.172727272727273,False,False,False,4.207874679565429,1289.3487,1,0.0002331785667747,2.3227724612097e-05,347,361,False,361.0,False,False,False,False,6.943272756237403,0.9647991101563856,0.1388947197448436,0.013841147068858988,0.014303260358118734,0.09960919153698883
ARHGPGEYFGIPAFDY,H4-34,K1-39,True,34,1,1,1,0.0002331785667747,3.3353567831150897e-06,2.3227724612097e-05,3.227597247505067e-06,False,False,False,False,False,False,False,False,False,False,False,False,False,-1,0,False,1.2125,False,False,False,5.322224044799805,1796.9334,1,0.0002331785667747,2.3227724612097e-05,362,362,False,362.0,True,False,False,False,6.943272756237403,0.9647991101563856,0.1388947197448436,0.013841147068858988,0.014303260358118734,0.09960919153698883
ARHGQSGDYPWHFDY,H1-69,K3-20,True,34,1,1,1,0.0002331785667747,3.3353567831150897e-06,2.3227724612097e-05,3.227597247505067e-06,False,False,False,True,False,False,False,False,False,False,False,False,False,-1,1,False,2.2333333333333334,False,False,False,5.982194900512695,1835.8867,1,0.0002331785667747,2.3227724612097e-05,364,363,False,363.0,True,True,False,False,6.943272756237403,0.9647991101563856,0.1388947197448436,0.013841147068858988,0.014303260358118734,0.09960919153698883
ARQREYGDASNAFDY,H1-69,K3-15,True,34,1,1,1,0.0002331785667747,3.3353567831150897e-06,2.3227724612097e-05,3.227597247505067e-06,False,False,False,False,False,False,False,False,False,False,False,False,False,-1,-1,False,3.646666666666667,False,False,False,4.558281326293945,1762.7898,2,0.0002331785667747,2.3227724612097e-05,528,365,False,365.0,True,True,False,False,6.943272756237403,0.9647991101563856,0.1388947197448436,0.013841147068858988,0.014303260358118734,0.09960919153698883
ARAHDAPAYWPGFDI,H4-34,K1-39,True,33,1,1,1,0.0002263203736343,3.3353567831150897e-06,2.3227724612097e-05,3.227597247505067e-06,False,False,False,False,False,False,False,False,False,False,False,False,False,-1,0,False,1.0333333333333334,False,False,False,5.212373733520507,1686.8229,1,0.0002263203736343,2.3227724612097e-05,29,366,False,366.0,False,False,False,False,6.943272756237403,0.9647991101563856,0.1388947197448436,0.014260557236211491,0.014736673339762568,0.10262751852134475
ARDAGSSWKHGTTYFDY,H4-34,K3-20,True,33,1,1,1,0.0002263203736343,3.3353567831150897e-06,2.3227724612097e-05,3.227597247505067e-06,False,False,False,False,False,False,False,False,False,False,False,False,False,0,1,False,2.823529411764706,False,False,False,6.789382553100586,1962.0383,1,0.0002263203736343,2.3227724612097e-05,81,368,False,368.0,False,False,False,False,6.943272756237403,0.9647991101563856,0.1388947197448436,0.014260557236211491,0.014736673339762568,0.10262751852134475
AREGLSGLNWGDPFDY,H5-51,K4-1,True,33,1,1,1,0.0002263203736343,3.3353567831150897e-06,2.3227724612097e-05,3.227597247505067e-06,False,False,False,False,True,False,False,False,False,False,False,False,False,-2,-2,False,1.7062500000000005,False,False,False,4.050025558471679,1796.8888000000002,1,0.0002263203736343,2.3227724612097e-05,185,369,False,369.0,False,False,False,False,6.943272756237403,0.9647991101563856,0.1388947197448436,0.014260557236211491,0.014736673339762568,0.10262751852134475
ARHGPGEYFGIPAFDY,H3-23_A,K3-20,True,33,1,1,1,0.0002263203736343,3.3353567831150897e-06,2.3227724612097e-05,3.227597247505067e-06,False,False,False,False,False,False,False,False,False,False,False,False,False,-1,0,False,1.2125,False,False,False,5.322224044799805,1796.9334,1,0.0002263203736343,2.3227724612097e-05,362,370,False,370.0,True,True,False,False,6.943272756237403,0.9647991101563856,0.1388947197448436,0.014260557236211491,0.014736673339762568,0.10262751852134475
ARPRYGVALYAFDY,H4-34,K1-39,True,33,1,1,1,0.0002263203736343,3.3353567831150897e-06,2.3227724612097e-05,3.227597247505067e-06,False,False,False,False,False,False,False,False,False,False,False,False,False,1,1,False,0.3357142857142859,False,False,False,8.539295959472657,1661.8563,2,0.0002263203736343,2.3227724612097e-05,496,371,False,371.0,False,False,False,False,6.943272756237403,0.9647991101563856,0.1388947197448436,0.014260557236211491,0.014736673339762568,0.10262751852134475
ARVYLARVFDY,H3-23_A,K4-1,True,33,1,1,1,0.0002263203736343,3.3353567831150897e-06,2.3227724612097e-05,3.227597247505067e-06,False,False,False,False,False,False,False,False,False,False,False,False,False,1,1,False,-0.6363636363636362,False,False,False,8.632579040527343,1372.5697,2,0.0002263203736343,2.3227724612097e-05,633,372,False,372.0,False,False,False,False,6.943272756237403,0.9647991101563856,0.1388947197448436,0.014260557236211491,0.014736673339762568,0.10262751852134475
ARYITAAGEFDY,H4-34,K4-1,True,33,1,1,1,0.0002263203736343,3.3353567831150897e-06,2.3227724612097e-05,3.227597247505067e-06,False,False,False,False,False,False,False,False,False,True,False,False,False,-1,-1,False,1.5166666666666668,False,False,False,4.370375442504883,1376.4691,1,0.0002263203736343,2.3227724612097e-05,657,373,False,373.0,False,False,False,False,6.943272756237403,0.9647991101563856,0.1388947197448436,0.014260557236211491,0.014736673339762568,0.10262751852134475
ARATLAGEFPYAFDP,H3-23_A,K3-15,True,32,1,1,1,0.0002194621804939,3.3353567831150897e-06,2.3227724612097e-05,3.227597247505067e-06,False,False,False,False,True,False,False,False,False,False,False,False,False,-1,-1,False,1.0666666666666669,False,False,False,4.370375442504883,1625.7779999999998,1,0.0002194621804939,2.3227724612097e-05,64,374,False,374.0,True,False,False,False,6.943272756237403,0.9647991101563856,0.1388947197448436,0.014706179344651724,0.015197173398510944,0.10583448234680745
ARDILGQFSVPFDY,UNK,K3-20,True,32,1,1,1,0.0002194621804939,3.3353567831150897e-06,2.3227724612097e-05,3.227597247505067e-06,False,False,False,False,False,False,False,False,False,False,False,False,False,-1,-1,False,0.3857142857142858,False,False,False,4.207874679565429,1627.7937,1,0.0002194621804939,2.3227724612097e-05,101,375,False,375.0,True,False,False,False,6.943272756237403,0.9647991101563856,0.1388947197448436,0.014706179344651724,0.015197173398510944,0.10583448234680745
ARGAFGKWTDWPSAFDY,H3-23_A,K1-39,True,32,1,1,1,0.0002194621804939,3.3353567831150897e-06,2.3227724612097e-05,3.227597247505067e-06,False,False,False,False,False,False,False,False,False,False,False,False,False,0,0,False,1.241176470588235,False,False,False,6.004021835327148,1975.1214,1,0.0002194621804939,2.3227724612097e-05,253,377,False,377.0,True,False,False,False,6.943272756237403,0.9647991101563856,0.1388947197448436,0.014706179344651724,0.015197173398510944,0.10583448234680745
ARGDYGSFDPFDY,H3-23_A,K3-20,True,32,1,1,1,0.0002194621804939,3.3353567831150897e-06,2.3227724612097e-05,3.227597247505067e-06,False,False,False,False,True,False,False,False,False,False,False,False,False,-2,-2,False,2.623076923076923,False,False,False,4.050025558471679,1509.5302,1,0.0002194621804939,2.3227724612097e-05,261,378,False,378.0,False,False,False,False,6.943272756237403,0.9647991101563856,0.1388947197448436,0.014706179344651724,0.015197173398510944,0.10583448234680745
ARGFDYGDAPGYFDY,H3-23_A,K3-20,True,32,1,1,1,0.0002194621804939,3.3353567831150897e-06,2.3227724612097e-05,3.227597247505067e-06,False,False,False,False,False,False,False,False,False,False,False,False,False,-2,-2,False,2.2333333333333334,False,False,False,4.050025558471679,1713.7552999999998,1,0.0002194621804939,2.3227724612097e-05,266,379,False,379.0,True,False,False,False,6.943272756237403,0.9647991101563856,0.1388947197448436,0.014706179344651724,0.015197173398510944,0.10583448234680745
ARGNVQYAFDY,H5-51,K4-1,True,32,1,1,1,0.0002194621804939,3.3353567831150897e-06,2.3227724612097e-05,3.227597247505067e-06,False,False,False,False,False,False,False,False,False,False,False,False,False,0,0,False,1.8545454545454547,False,False,False,5.87944984436035,1303.3785,1,0.0002194621804939,2.3227724612097e-05,290,380,False,380.0,False,False,False,False,6.943272756237403,0.9647991101563856,0.1388947197448436,0.014706179344651724,0.015197173398510944,0.10583448234680745
ARLGRTGAWAHAFDY,H5-51,K3-15,True,32,1,1,1,0.0002194621804939,3.3353567831150897e-06,2.3227724612097e-05,3.227597247505067e-06,False,False,False,False,False,False,False,False,False,False,False,False,False,1,2,False,1.0133333333333334,False,False,False,8.796192932128907,1691.846,2,0.0002194621804939,2.3227724612097e-05,429,381,False,381.0,False,False,False,False,6.943272756237403,0.9647991101563856,0.1388947197448436,0.014706179344651724,0.015197173398510944,0.10583448234680745
ARLPVPALDAPGYFDY,H3-23_A,K3-15,True,32,1,1,1,0.0002194621804939,3.3353567831150897e-06,2.3227724612097e-05,3.227597247505067e-06,False,False,False,False,False,False,False,False,False,False,False,False,False,-1,-1,False,0.4625000000000002,False,False,False,4.207874679565429,1764.9728,1,0.0002194621804939,2.3227724612097e-05,444,382,False,382.0,False,False,False,False,6.943272756237403,0.9647991101563856,0.1388947197448436,0.014706179344651724,0.015197173398510944,0.10583448234680745
ARLQGYPYGYHFDY,H3-23_A,K4-1,True,32,1,1,1,0.0002194621804939,3.3353567831150897e-06,2.3227724612097e-05,3.227597247505067e-06,False,False,False,True,False,False,False,False,False,False,False,False,False,0,1,False,0.8500000000000002,False,False,False,6.78493537902832,1749.8767999999998,1,0.0002194621804939,2.3227724612097e-05,446,383,False,383.0,False,False,False,False,6.943272756237403,0.9647991101563856,0.1388947197448436,0.014706179344651724,0.015197173398510944,0.10583448234680745
ARLRTYGFGPHTGFDI,H5-51,K3-20,True,32,1,1,1,0.0002194621804939,3.3353567831150897e-06,2.3227724612097e-05,3.227597247505067e-06,False,False,False,False,False,False,False,False,False,False,False,False,False,1,2,False,0.9187500000000002,False,False,False,8.796192932128907,1808.0042,2,0.0002194621804939,2.3227724612097e-05,451,384,False,384.0,False,False,False,False,6.943272756237403,0.9647991101563856,0.1388947197448436,0.014706179344651724,0.015197173398510944,0.10583448234680745
ARPWYAGDRSGAFDY,H1-69,K4-1,True,32,1,1,1,0.0002194621804939,3.3353567831150897e-06,2.3227724612097e-05,3.227597247505067e-06,False,False,False,False,False,False,False,False,False,False,False,False,False,0,0,False,2.1133333333333337,False,False,False,6.004021835327148,1731.8204,2,0.0002194621804939,2.3227724612097e-05,502,385,False,385.0,True,True,False,False,6.943272756237403,0.9647991101563856,0.1388947197448436,0.014706179344651724,0.015197173398510944,0.10583448234680745
ARTSYSFDWAFDY,H4-34,K3-20,True,32,1,1,1,0.0002194621804939,3.3353567831150897e-06,2.3227724612097e-05,3.227597247505067e-06,False,False,False,False,False,False,False,False,False,False,False,False,False,-1,-1,False,1.1076923076923078,False,False,False,4.207874679565429,1628.694,1,0.0002194621804939,2.3227724612097e-05,579,386,False,386.0,False,False,False,False,6.943272756237403,0.9647991101563856,0.1388947197448436,0.014706179344651724,0.015197173398510944,0.10583448234680745
ARVPSYVNYRYFDY,H4-34,K4-1,True,32,1,1,1,0.0002194621804939,3.3353567831150897e-06,2.3227724612097e-05,3.227597247505067e-06,False,False,False,False,False,False,False,False,False,False,False,False,False,1,1,False,0.8500000000000002,False,False,False,8.472544860839843,1812.9757,2,0.0002194621804939,2.3227724612097e-05,612,387,False,387.0,False,False,False,False,6.943272756237403,0.9647991101563856,0.1388947197448436,0.014706179344651724,0.015197173398510944,0.10583448234680745
ARAPGYALDLFDY,H4-34,K3-15,True,31,1,1,1,0.0002126039873534,3.3353567831150897e-06,2.3227724612097e-05,3.227597247505067e-06,False,False,False,False,False,False,False,False,False,False,False,False,False,-1,-1,False,0.530769230769231,False,False,False,4.207874679565429,1471.6114,1,0.0002126039873534,2.3227724612097e-05,48,388,False,388.0,False,False,False,False,6.943272756237403,0.9647991101563856,0.1388947197448436,0.015180549914339647,0.015687381741123028,0.10924833733299323
ARAVSYGDRPNAFDY,H1-69,K3-20,True,31,1,1,1,0.0002126039873534,3.3353567831150897e-06,2.3227724612097e-05,3.227597247505067e-06,False,False,False,False,False,False,False,False,False,False,False,False,False,0,0,False,2.62,False,False,False,6.004021835327148,1701.7928000000002,2,0.0002126039873534,2.3227724612097e-05,70,389,False,389.0,False,False,False,False,6.943272756237403,0.9647991101563856,0.1388947197448436,0.015180549914339647,0.015687381741123028,0.10924833733299323
ARDRAYTNAFDY,H4-34,K3-20,True,31,1,1,1,0.0002126039873534,3.3353567831150897e-06,2.3227724612097e-05,3.227597247505067e-06,False,False,False,False,False,False,False,False,False,False,False,False,False,0,0,False,2.825,False,False,False,6.004021835327148,1462.5219,2,0.0002126039873534,2.3227724612097e-05,140,390,False,390.0,False,False,False,False,6.943272756237403,0.9647991101563856,0.1388947197448436,0.015180549914339647,0.015687381741123028,0.10924833733299323
ARDVKSGEPGAPYTFDY,H3-23_A,K3-15,True,31,1,1,1,0.0002126039873534,3.3353567831150897e-06,2.3227724612097e-05,3.227597247505067e-06,False,False,False,False,False,False,False,False,False,False,False,False,False,-1,-1,False,3.088235294117647,False,False,False,4.558281326293945,1872.9833,1,0.0002126039873534,2.3227724612097e-05,156,392,False,392.0,False,False,False,False,6.943272756237403,0.9647991101563856,0.1388947197448436,0.015180549914339647,0.015687381741123028,0.10924833733299323
ARELGNWAFDY,H4-34,K3-15,True,31,1,1,1,0.0002126039873534,3.3353567831150897e-06,2.3227724612097e-05,3.227597247505067e-06,False,False,False,False,False,False,False,False,False,False,False,False,False,-1,-1,False,0.781818181818182,False,False,False,4.370375442504883,1341.4266,1,0.0002126039873534,2.3227724612097e-05,200,393,False,393.0,False,False,False,False,6.943272756237403,0.9647991101563856,0.1388947197448436,0.015180549914339647,0.015687381741123028,0.10924833733299323
ARLEYEFIIGTFDY,H4-34,K1-39,True,31,1,1,1,0.0002126039873534,3.3353567831150897e-06,2.3227724612097e-05,3.227597247505067e-06,False,False,False,False,False,False,False,False,False,True,False,False,False,-2,-2,False,-0.3285714285714284,False,False,False,4.137435531616211,1736.9163,1,0.0002126039873534,2.3227724612097e-05,420,394,False,394.0,False,False,False,False,6.943272756237403,0.9647991101563856,0.1388947197448436,0.015180549914339647,0.015687381741123028,0.10924833733299323
ARLTGYWEYRPFDY,H4-34,K3-15,True,31,1,1,1,0.0002126039873534,3.3353567831150897e-06,2.3227724612097e-05,3.227597247505067e-06,False,False,False,False,False,False,False,False,False,False,False,False,False,0,0,False,0.5142857142857145,False,False,False,6.112389755249024,1836.9973,2,0.0002126039873534,2.3227724612097e-05,460,395,False,395.0,False,False,False,False,6.943272756237403,0.9647991101563856,0.1388947197448436,0.015180549914339647,0.015687381741123028,0.10924833733299323
ARWSTNYVAYEYGPFDP,H4-34,K3-20,True,31,1,1,1,0.0002126039873534,3.3353567831150897e-06,2.3227724612097e-05,3.227597247505067e-06,False,False,False,False,True,False,False,False,False,False,False,False,False,-1,-1,False,1.5411764705882354,False,False,False,4.370375442504883,2036.158,1,0.0002126039873534,2.3227724612097e-05,646,396,False,396.0,False,False,False,False,6.943272756237403,0.9647991101563856,0.1388947197448436,0.015180549914339647,0.015687381741123028,0.10924833733299323
ARAGYRGTAAWSFDY,H4-34,K3-20,True,30,1,1,1,0.000205745794213,3.3353567831150897e-06,2.3227724612097e-05,3.227597247505067e-06,False,False,False,False,False,False,False,False,False,False,False,False,False,1,1,False,1.7933333333333334,False,False,False,8.632579040527343,1691.7995999999998,2,0.000205745794213,2.3227724612097e-05,28,397,False,397.0,False,False,False,False,6.943272756237403,0.9647991101563856,0.1388947197448436,0.015686543651664234,0.01621026905158405,0.11288977159035181
ARDFYTGDLPGLFDI,H1-69,K3-20,True,30,1,1,1,0.000205745794213,3.3353567831150897e-06,2.3227724612097e-05,3.227597247505067e-06,False,False,False,False,False,False,False,False,False,False,False,False,False,-2,-2,False,0.5533333333333336,False,False,False,4.050025558471679,1699.8564,1,0.000205745794213,2.3227724612097e-05,99,398,False,398.0,False,False,False,False,6.943272756237403,0.9647991101563856,0.1388947197448436,0.015686543651664234,0.01621026905158405,0.11288977159035181
ARDRGAYVTYAFDY,H4-34,K3-15,True,30,1,1,1,0.000205745794213,3.3353567831150897e-06,2.3227724612097e-05,3.227597247505067e-06,False,False,False,False,False,False,False,False,False,False,False,False,False,0,0,False,1.9285714285714288,False,False,False,6.003152847290039,1667.7748,2,0.000205745794213,2.3227724612097e-05,142,399,False,399.0,False,False,False,False,6.943272756237403,0.9647991101563856,0.1388947197448436,0.015686543651664234,0.01621026905158405,0.11288977159035181
ARDWGVSTARYEFDP,H3-23_A,K4-1,True,30,1,1,1,0.000205745794213,3.3353567831150897e-06,2.3227724612097e-05,3.227597247505067e-06,False,False,False,False,True,False,False,False,False,True,False,False,False,-1,-1,False,2.3400000000000003,False,False,False,4.558281326293945,1769.8669,2,0.000205745794213,2.3227724612097e-05,163,400,False,400.0,False,False,False,False,6.943272756237403,0.9647991101563856,0.1388947197448436,0.015686543651664234,0.01621026905158405,0.11288977159035181
ARDWTGSWSISFDY,H3-23_A,K1-39,True,30,1,1,1,0.000205745794213,3.3353567831150897e-06,2.3227724612097e-05,3.227597247505067e-06,False,False,False,False,False,False,False,False,False,False,False,False,False,-1,-1,False,1.2571428571428571,False,False,False,4.207874679565429,1690.7651999999998,1,0.000205745794213,2.3227724612097e-05,166,401,False,401.0,False,False,False,False,6.943272756237403,0.9647991101563856,0.1388947197448436,0.015686543651664234,0.01621026905158405,0.11288977159035181
ARDYASLSYNLFDY,H3-23_A,K3-15,True,30,1,1,1,0.000205745794213,3.3353567831150897e-06,2.3227724612097e-05,3.227597247505067e-06,False,False,False,False,False,False,False,False,False,False,False,False,False,-1,-1,False,1.0785714285714287,False,False,False,4.207874679565429,1697.7974,1,0.000205745794213,2.3227724612097e-05,170,402,False,402.0,False,False,False,False,6.943272756237403,0.9647991101563856,0.1388947197448436,0.015686543651664234,0.01621026905158405,0.11288977159035181
AREDLSWPWVFDY,H1-69,K1-39,True,30,1,1,1,0.000205745794213,3.3353567831150897e-06,2.3227724612097e-05,3.227597247505067e-06,False,False,False,False,False,False,False,False,False,True,False,False,False,-2,-2,False,-0.0999999999999998,False,False,False,4.050025558471679,1683.8156,1,0.000205745794213,2.3227724612097e-05,179,403,False,403.0,False,False,False,False,6.943272756237403,0.9647991101563856,0.1388947197448436,0.015686543651664234,0.01621026905158405,0.11288977159035181
AREPDASVTSWYFDP,H3-23_A,K3-15,True,30,1,1,1,0.000205745794213,3.3353567831150897e-06,2.3227724612097e-05,3.227597247505067e-06,False,False,False,True,True,False,False,False,False,True,False,False,False,-2,-2,False,2.2533333333333334,False,False,False,4.050025558471679,1740.8224,1,0.000205745794213,2.3227724612097e-05,205,404,False,404.0,False,False,False,False,6.943272756237403,0.9647991101563856,0.1388947197448436,0.015686543651664234,0.01621026905158405,0.11288977159035181
ARESTAGYWTAFDY,H4-34,K3-20,True,30,1,1,1,0.000205745794213,3.3353567831150897e-06,2.3227724612097e-05,3.227597247505067e-06,False,False,False,False,False,False,False,False,False,False,False,False,False,-1,-1,False,1.992857142857143,False,False,False,4.370375442504883,1637.7025999999998,1,0.000205745794213,2.3227724612097e-05,224,405,False,405.0,True,False,False,False,6.943272756237403,0.9647991101563856,0.1388947197448436,0.015686543651664234,0.01621026905158405,0.11288977159035181
AREYGYARTGFDY,H3-23_A,K4-1,True,30,1,1,1,0.000205745794213,3.3353567831150897e-06,2.3227724612097e-05,3.227597247505067e-06,False,False,False,False,False,False,False,False,False,False,False,False,False,0,0,False,2.4692307692307693,False,False,False,6.112389755249024,1568.6437999999998,2,0.000205745794213,2.3227724612097e-05,235,406,False,406.0,False,False,False,False,6.943272756237403,0.9647991101563856,0.1388947197448436,0.015686543651664234,0.01621026905158405,0.11288977159035181
ARFDLYLSLSRGSYFDP,H3-23_A,K4-1,True,30,1,1,1,0.000205745794213,3.3353567831150897e-06,2.3227724612097e-05,3.227597247505067e-06,False,False,False,False,True,False,False,False,False,False,False,False,False,0,0,False,0.4705882352941178,False,False,False,6.004021835327148,2007.2046,2,0.000205745794213,2.3227724612097e-05,238,407,False,407.0,False,False,False,False,6.943272756237403,0.9647991101563856,0.1388947197448436,0.015686543651664234,0.01621026905158405,0.11288977159035181
ARGAYGYSWYGLFDP,H4-34,K4-1,True,30,1,1,1,0.000205745794213,3.3353567831150897e-06,2.3227724612097e-05,3.227597247505067e-06,False,False,False,False,True,False,False,False,False,False,False,False,False,0,0,False,0.6666666666666669,False,False,False,5.87858085632324,1722.8514999999998,1,0.000205745794213,2.3227724612097e-05,258,408,False,408.0,False,False,False,False,6.943272756237403,0.9647991101563856,0.1388947197448436,0.015686543651664234,0.01621026905158405,0.11288977159035181
ARGDYAWSGVFDY,H5-51,UNK,True,30,1,1,1,0.000205745794213,3.3353567831150897e-06,2.3227724612097e-05,3.227597247505067e-06,False,False,False,False,False,False,False,False,False,False,False,False,False,-1,-1,False,1.507692307692308,False,False,False,4.207874679565429,1506.5726,1,0.000205745794213,2.3227724612097e-05,260,409,False,409.0,False,False,False,False,6.943272756237403,0.9647991101563856,0.1388947197448436,0.015686543651664234,0.01621026905158405,0.11288977159035181
ARGFDYGDAPGYFDY,H1-69,K4-1,True,30,1,1,1,0.000205745794213,3.3353567831150897e-06,2.3227724612097e-05,3.227597247505067e-06,False,False,False,False,False,False,False,False,False,False,False,False,False,-2,-2,False,2.2333333333333334,False,False,False,4.050025558471679,1713.7552999999998,1,0.000205745794213,2.3227724612097e-05,266,410,False,410.0,True,True,False,False,6.943272756237403,0.9647991101563856,0.1388947197448436,0.015686543651664234,0.01621026905158405,0.11288977159035181
ARGISWFGFDY,H3-23_A,K3-15,True,30,1,1,1,0.000205745794213,3.3353567831150897e-06,2.3227724612097e-05,3.227597247505067e-06,False,False,False,False,False,False,False,False,False,False,False,False,False,0,0,False,-0.3727272727272725,False,False,False,5.880318832397459,1318.4345,1,0.000205745794213,2.3227724612097e-05,277,411,False,411.0,False,False,False,False,6.943272756237403,0.9647991101563856,0.1388947197448436,0.015686543651664234,0.01621026905158405,0.11288977159035181
ARLQRIADLPGAFDI,H1-69,K4-1,True,30,1,1,1,0.000205745794213,3.3353567831150897e-06,2.3227724612097e-05,3.227597247505067e-06,False,False,False,False,False,False,False,False,False,False,False,False,False,0,0,False,0.3266666666666669,False,False,False,6.005810928344727,1655.8950999999995,2,0.000205745794213,2.3227724612097e-05,448,412,False,412.0,True,True,False,False,6.943272756237403,0.9647991101563856,0.1388947197448436,0.015686543651664234,0.01621026905158405,0.11288977159035181
ARLYNDFGTYSYLGFDI,H3-23_A,K1-39,True,30,1,1,1,0.000205745794213,3.3353567831150897e-06,2.3227724612097e-05,3.227597247505067e-06,False,False,False,False,False,False,False,False,False,False,False,False,False,-1,-1,False,0.347058823529412,False,False,False,4.207874679565429,2015.1801,1,0.000205745794213,2.3227724612097e-05,464,413,False,413.0,False,False,False,False,6.943272756237403,0.9647991101563856,0.1388947197448436,0.015686543651664234,0.01621026905158405,0.11288977159035181
ARQPGYTGWYAFDY,H3-23_A,K1-39,True,30,1,1,1,0.000205745794213,3.3353567831150897e-06,2.3227724612097e-05,3.227597247505067e-06,False,False,False,False,False,False,False,False,False,False,False,False,False,0,0,False,1.3000000000000005,False,False,False,5.87858085632324,1694.7984,1,0.000205745794213,2.3227724612097e-05,526,414,False,414.0,False,False,False,False,6.943272756237403,0.9647991101563856,0.1388947197448436,0.015686543651664234,0.01621026905158405,0.11288977159035181
ARTSGRSTTFDY,H4-34,K3-20,True,30,1,1,1,0.000205745794213,3.3353567831150897e-06,2.3227724612097e-05,3.227597247505067e-06,False,False,False,False,False,False,False,False,False,False,False,False,False,1,1,False,3.641666666666667,False,False,False,8.79022674560547,1361.4166,2,0.000205745794213,2.3227724612097e-05,574,415,False,415.0,False,False,False,False,6.943272756237403,0.9647991101563856,0.1388947197448436,0.015686543651664234,0.01621026905158405,0.11288977159035181
ARDYGDPARTQGAFDP,H1-69,K3-15,True,29,1,1,1,0.0001988876010726,3.3353567831150897e-06,2.3227724612097e-05,3.227597247505067e-06,False,False,False,False,True,False,False,False,False,False,False,False,False,-1,-1,False,3.775,False,False,False,4.429057693481445,1736.7957,2,0.0001988876010726,2.3227724612097e-05,171,416,False,416.0,False,False,False,False,6.943272756237403,0.9647991101563856,0.1388947197448436,0.016227431754327473,0.01676921574281655,0.11678232661850257
AREGFATADVQAFDP,H1-69,K3-15,True,29,1,1,1,0.0001988876010726,3.3353567831150897e-06,2.3227724612097e-05,3.227597247505067e-06,False,False,False,False,True,False,False,False,False,False,False,False,False,-2,-2,False,2.486666666666667,False,False,False,4.050025558471679,1594.6796,1,0.0001988876010726,2.3227724612097e-05,184,417,False,417.0,True,True,False,False,6.943272756237403,0.9647991101563856,0.1388947197448436,0.016227431754327473,0.01676921574281655,0.11678232661850257
ARFRGASGISFDY,H4-34,K3-20,True,29,1,1,1,0.0001988876010726,3.3353567831150897e-06,2.3227724612097e-05,3.227597247505067e-06,False,False,False,False,False,False,False,False,False,False,False,False,False,1,1,False,1.438461538461539,False,False,False,8.79022674560547,1446.5655,2,0.0001988876010726,2.3227724612097e-05,245,419,False,419.0,False,False,False,False,6.943272756237403,0.9647991101563856,0.1388947197448436,0.016227431754327473,0.01676921574281655,0.11678232661850257
ARGELWDWSLYGFDP,H1-69,K1-39,True,29,1,1,1,0.0001988876010726,3.3353567831150897e-06,2.3227724612097e-05,3.227597247505067e-06,False,False,False,False,True,False,False,False,False,False,False,False,False,-2,-2,False,0.3066666666666668,False,False,False,4.050025558471679,1811.9448,1,0.0001988876010726,2.3227724612097e-05,265,420,False,420.0,True,True,True,False,6.943272756237403,0.9647991101563856,0.1388947197448436,0.016227431754327473,0.01676921574281655,0.11678232661850257
ARGKVYSASAGNQLFDI,H5-51,UNK,True,29,1,1,1,0.0001988876010726,3.3353567831150897e-06,2.3227724612097e-05,3.227597247505067e-06,False,False,False,False,False,False,False,False,False,False,False,False,False,1,1,False,1.8588235294117648,False,False,False,8.63377227783203,1796.9766,1,0.0001988876010726,2.3227724612097e-05,279,421,False,421.0,False,False,False,False,6.943272756237403,0.9647991101563856,0.1388947197448436,0.016227431754327473,0.01676921574281655,0.11678232661850257
ARGLRVLYDPFDY,H3-23_A,K3-20,True,29,1,1,1,0.0001988876010726,3.3353567831150897e-06,2.3227724612097e-05,3.227597247505067e-06,False,False,False,False,True,False,False,False,False,False,False,False,False,0,0,False,0.2461538461538463,False,False,False,6.004021835327148,1584.7723,2,0.0001988876010726,2.3227724612097e-05,284,422,False,422.0,False,False,False,False,6.943272756237403,0.9647991101563856,0.1388947197448436,0.016227431754327473,0.01676921574281655,0.11678232661850257
ARKRVAVASLSAFDY,H3-23_A,K4-1,True,29,1,1,1,0.0001988876010726,3.3353567831150897e-06,2.3227724612097e-05,3.227597247505067e-06,False,False,False,False,False,False,False,False,False,False,False,False,False,2,2,False,1.1866666666666668,False,False,False,9.98676300048828,1653.8792,2,0.0001988876010726,2.3227724612097e-05,415,425,False,425.0,False,False,False,False,6.943272756237403,0.9647991101563856,0.1388947197448436,0.016227431754327473,0.01676921574281655,0.11678232661850257
ARVIGYTNAFDY,H5-51,K4-1,True,29,1,1,1,0.0001988876010726,3.3353567831150897e-06,2.3227724612097e-05,3.227597247505067e-06,False,False,False,False,False,False,False,False,False,False,False,False,False,0,0,False,0.9666666666666668,False,False,False,5.87944984436035,1389.5108,1,0.0001988876010726,2.3227724612097e-05,592,426,False,426.0,False,False,False,False,6.943272756237403,0.9647991101563856,0.1388947197448436,0.016227431754327473,0.01676921574281655,0.11678232661850257
ARVILPSDAPYPFDY,H3-23_A,K3-20,True,29,1,1,1,0.0001988876010726,3.3353567831150897e-06,2.3227724612097e-05,3.227597247505067e-06,False,False,False,False,False,False,False,False,False,False,False,False,False,-1,-1,False,0.4866666666666668,False,False,False,4.207874679565429,1723.9209,1,0.0001988876010726,2.3227724612097e-05,593,427,False,427.0,False,False,False,False,6.943272756237403,0.9647991101563856,0.1388947197448436,0.016227431754327473,0.01676921574281655,0.11678232661850257
ARVLGAAILAFDY,H4-34,K3-20,True,29,1,1,1,0.0001988876010726,3.3353567831150897e-06,2.3227724612097e-05,3.227597247505067e-06,False,False,False,False,False,False,False,False,False,False,False,False,False,0,0,False,-0.992307692307692,False,False,False,5.880318832397459,1379.6020999999998,1,0.0001988876010726,2.3227724612097e-05,598,428,False,428.0,False,False,False,False,6.943272756237403,0.9647991101563856,0.1388947197448436,0.016227431754327473,0.01676921574281655,0.11678232661850257
ARVSASLWARKSFDY,H4-34,K3-20,True,29,1,1,1,0.0001988876010726,3.3353567831150897e-06,2.3227724612097e-05,3.227597247505067e-06,False,False,False,False,False,False,False,False,False,False,False,False,False,2,2,False,1.06,False,False,False,9.98676300048828,1756.9575,2,0.0001988876010726,2.3227724612097e-05,621,429,False,429.0,False,False,False,False,6.943272756237403,0.9647991101563856,0.1388947197448436,0.016227431754327473,0.01676921574281655,0.11678232661850257
ARALVAGDAPSGFDY,H1-69,UNK,True,28,1,1,1,0.0001920294079321,3.3353567831150897e-06,2.3227724612097e-05,3.227597247505067e-06,False,False,False,False,False,False,False,False,False,False,False,False,False,-1,-1,False,1.9066666666666667,False,False,False,4.207874679565429,1509.6181,1,0.0001920294079321,2.3227724612097e-05,40,430,False,430.0,False,False,False,False,6.943272756237403,0.9647991101563856,0.1388947197448436,0.016806952709655612,0.017368085118729292,0.12095290681332294
ARALVAGDAPSGFDY,H3-7_A,K4-1,True,28,1,1,1,0.0001920294079321,3.3353567831150897e-06,2.3227724612097e-05,3.227597247505067e-06,False,False,False,False,False,False,False,False,False,False,False,False,False,-1,-1,False,1.9066666666666667,False,False,False,4.207874679565429,1509.6181,1,0.0001920294079321,2.3227724612097e-05,40,431,False,431.0,False,False,False,False,6.943272756237403,0.9647991101563856,0.1388947197448436,0.016806952709655612,0.017368085118729292,0.12095290681332294
ARDPTLIYRNPYFDY,H4-34,K3-15,True,28,1,1,1,0.0001920294079321,3.3353567831150897e-06,2.3227724612097e-05,3.227597247505067e-06,False,False,False,False,True,False,False,False,False,False,False,False,False,0,0,False,0.9866666666666668,False,False,False,6.003152847290039,1904.0849000000003,2,0.0001920294079321,2.3227724612097e-05,133,432,False,432.0,False,False,False,False,6.943272756237403,0.9647991101563856,0.1388947197448436,0.016806952709655612,0.017368085118729292,0.12095290681332294
AREFGLTGWAFDY,H4-34,K3-15,True,28,1,1,1,0.0001920294079321,3.3353567831150897e-06,2.3227724612097e-05,3.227597247505067e-06,False,False,False,False,False,False,False,False,False,False,False,False,False,-1,-1,False,0.253846153846154,False,False,False,4.370375442504883,1532.653,1,0.0001920294079321,2.3227724612097e-05,181,433,False,433.0,False,False,False,False,6.943272756237403,0.9647991101563856,0.1388947197448436,0.016806952709655612,0.017368085118729292,0.12095290681332294
AREGWRGPEFDY,H4-34,K3-20,True,28,1,1,1,0.0001920294079321,3.3353567831150897e-06,2.3227724612097e-05,3.227597247505067e-06,False,False,False,False,False,False,False,False,False,True,False,False,False,-1,-1,False,2.375,False,False,False,4.6793262481689455,1482.5547,2,0.0001920294079321,2.3227724612097e-05,190,434,False,434.0,False,False,False,False,6.943272756237403,0.9647991101563856,0.1388947197448436,0.016806952709655612,0.017368085118729292,0.12095290681332294
AREHRINWNFDY,H3-23_A,K3-20,True,28,1,1,1,0.0001920294079321,3.3353567831150897e-06,2.3227724612097e-05,3.227597247505067e-06,False,False,False,False,False,False,False,False,False,False,False,False,False,0,1,False,1.275,False,False,False,6.796487808227539,1620.725,2,0.0001920294079321,2.3227724612097e-05,194,435,False,435.0,False,False,False,False,6.943272756237403,0.9647991101563856,0.1388947197448436,0.016806952709655612,0.017368085118729292,0.12095290681332294
AREPNVDVYSTGFDY,H4-34,K3-15,True,28,1,1,1,0.0001920294079321,3.3353567831150897e-06,2.3227724612097e-05,3.227597247505067e-06,False,False,False,False,False,False,False,False,False,False,False,False,False,-2,-2,False,2.68,False,False,False,4.050025558471679,1732.8002,1,0.0001920294079321,2.3227724612097e-05,211,436,False,436.0,False,False,False,False,6.943272756237403,0.9647991101563856,0.1388947197448436,0.016806952709655612,0.017368085118729292,0.12095290681332294
ARESTAGYWTAFDY,H1-69,K4-1,True,28,1,1,1,0.0001920294079321,3.3353567831150897e-06,2.3227724612097e-05,3.227597247505067e-06,False,False,False,False,False,False,False,False,False,False,False,False,False,-1,-1,False,1.992857142857143,False,False,False,4.370375442504883,1637.7025999999998,1,0.0001920294079321,2.3227724612097e-05,224,437,False,437.0,True,True,False,False,6.943272756237403,0.9647991101563856,0.1388947197448436,0.016806952709655612,0.017368085118729292,0.12095290681332294
ARGAFGKWTDWPSAFDY,H1-69,K3-20,True,28,1,1,1,0.0001920294079321,3.3353567831150897e-06,2.3227724612097e-05,3.227597247505067e-06,False,False,False,False,False,False,False,False,False,False,False,False,False,0,0,False,1.241176470588235,False,False,False,6.004021835327148,1975.1214,1,0.0001920294079321,2.3227724612097e-05,253,438,False,438.0,True,True,False,False,6.943272756237403,0.9647991101563856,0.1388947197448436,0.016806952709655612,0.017368085118729292,0.12095290681332294
ARGHSTYSYAAFDY,H5-51,K3-15,True,28,1,1,1,0.0001920294079321,3.3353567831150897e-06,2.3227724612097e-05,3.227597247505067e-06,False,False,False,False,False,False,False,False,False,False,False,False,False,0,1,False,2.257142857142857,False,False,False,6.786059951782226,1608.6645999999998,1,0.0001920294079321,2.3227724612097e-05,271,439,False,439.0,False,False,False,False,6.943272756237403,0.9647991101563856,0.1388947197448436,0.016806952709655612,0.017368085118729292,0.12095290681332294
ARGSGFGDNPAYFDI,H3-7_A,K3-20,True,28,1,1,1,0.0001920294079321,3.3353567831150897e-06,2.3227724612097e-05,3.227597247505067e-06,False,False,False,False,False,False,False,False,False,False,False,False,False,-1,-1,False,2.186666666666667,False,False,False,4.207874679565429,1586.659,1,0.0001920294079321,2.3227724612097e-05,322,440,False,440.0,False,False,False,False,6.943272756237403,0.9647991101563856,0.1388947197448436,0.016806952709655612,0.017368085118729292,0.12095290681332294
ARGYGEVAWSGFDY,H4-34,K3-20,True,28,1,1,1,0.0001920294079321,3.3353567831150897e-06,2.3227724612097e-05,3.227597247505067e-06,False,False,False,False,False,False,False,False,False,False,False,False,False,-1,-1,False,1.65,False,False,False,4.370375442504883,1577.6505,1,0.0001920294079321,2.3227724612097e-05,342,441,False,441.0,False,False,False,False,6.943272756237403,0.9647991101563856,0.1388947197448436,0.016806952709655612,0.017368085118729292,0.12095290681332294
ARHGQSGDYPWHFDY,H4-34,K3-15,True,28,1,1,1,0.0001920294079321,3.3353567831150897e-06,2.3227724612097e-05,3.227597247505067e-06,False,False,False,True,False,False,False,False,False,False,False,False,False,-1,1,False,2.2333333333333334,False,False,False,5.982194900512695,1835.8867,1,0.0001920294079321,2.3227724612097e-05,364,442,False,442.0,True,False,False,False,6.943272756237403,0.9647991101563856,0.1388947197448436,0.016806952709655612,0.017368085118729292,0.12095290681332294
ARNPSLWIDRSGAFDY,H4-34,K3-15,True,28,1,1,1,0.0001920294079321,3.3353567831150897e-06,2.3227724612097e-05,3.227597247505067e-06,False,False,False,False,False,False,False,False,False,False,False,False,False,0,0,False,1.38125,False,False,False,6.004890823364257,1868.0131,2,0.0001920294079321,2.3227724612097e-05,471,444,False,444.0,False,False,False,False,6.943272756237403,0.9647991101563856,0.1388947197448436,0.016806952709655612,0.017368085118729292,0.12095290681332294
ARQGVIYSAGPFDY,H5-51,K3-15,True,28,1,1,1,0.0001920294079321,3.3353567831150897e-06,2.3227724612097e-05,3.227597247505067e-06,False,False,False,False,False,False,False,False,False,False,False,False,False,0,0,False,1.4071428571428573,False,False,False,5.87944984436035,1543.6772999999998,1,0.0001920294079321,2.3227724612097e-05,514,445,False,445.0,False,False,False,False,6.943272756237403,0.9647991101563856,0.1388947197448436,0.016806952709655612,0.017368085118729292,0.12095290681332294
ARSREPYFDWAFDY,H4-34,K4-1,True,28,1,1,1,0.0001920294079321,3.3353567831150897e-06,2.3227724612097e-05,3.227597247505067e-06,False,False,False,False,False,False,False,False,False,False,False,False,False,-1,-1,False,1.2,False,False,False,4.558281326293945,1822.9277,2,0.0001920294079321,2.3227724612097e-05,549,446,False,446.0,False,False,False,False,6.943272756237403,0.9647991101563856,0.1388947197448436,0.016806952709655612,0.017368085118729292,0.12095290681332294
ARTTVSYTDLFDY,H3-23_A,UNK,True,28,1,1,1,0.0001920294079321,3.3353567831150897e-06,2.3227724612097e-05,3.227597247505067e-06,False,False,False,False,False,False,False,False,False,False,False,False,False,-1,-1,False,1.730769230769231,False,False,False,4.207874679565429,1551.6515,1,0.0001920294079321,2.3227724612097e-05,581,447,False,447.0,False,False,False,False,6.943272756237403,0.9647991101563856,0.1388947197448436,0.016806952709655612,0.017368085118729292,0.12095290681332294
ARAAGAYSWYFDY,H3-23_A,K4-1,True,27,1,1,1,0.0001851712147917,3.3353567831150897e-06,2.3227724612097e-05,3.227597247505067e-06,False,False,False,True,False,False,False,False,False,False,False,False,False,0,0,False,0.7615384615384617,False,False,False,5.87858085632324,1540.6319,1,0.0001851712147917,2.3227724612097e-05,4,448,False,448.0,False,False,False,False,6.943272756237403,0.9647991101563856,0.1388947197448436,0.01742939882501371,0.018011312793615952,0.12543240219168325
ARATLAGEFPYAFDP,H1-69,K3-20,True,27,1,1,1,0.0001851712147917,3.3353567831150897e-06,2.3227724612097e-05,3.227597247505067e-06,False,False,False,False,True,False,False,False,False,False,False,False,False,-1,-1,False,1.0666666666666669,False,False,False,4.370375442504883,1625.7779999999998,1,0.0001851712147917,2.3227724612097e-05,64,449,False,449.0,True,True,False,False,6.943272756237403,0.9647991101563856,0.1388947197448436,0.01742939882501371,0.018011312793615952,0.12543240219168325
ARAWPAADVLFDY,H4-34,K1-39,True,27,1,1,1,0.0001851712147917,3.3353567831150897e-06,2.3227724612097e-05,3.227597247505067e-06,False,False,False,False,False,False,False,False,False,False,False,False,False,-1,-1,False,0.0538461538461539,False,False,False,4.207874679565429,1494.6481,1,0.0001851712147917,2.3227724612097e-05,71,450,False,450.0,False,False,False,False,6.943272756237403,0.9647991101563856,0.1388947197448436,0.01742939882501371,0.018011312793615952,0.12543240219168325
AREGLYSPSYSYFDP,H4-34,K3-15,True,27,1,1,1,0.0001851712147917,3.3353567831150897e-06,2.3227724612097e-05,3.227597247505067e-06,False,False,False,False,True,False,False,False,False,False,False,False,False,-1,-1,False,1.96,False,False,False,4.370375442504883,1751.8449,1,0.0001851712147917,2.3227724612097e-05,187,451,False,451.0,False,False,False,False,6.943272756237403,0.9647991101563856,0.1388947197448436,0.01742939882501371,0.018011312793615952,0.12543240219168325
ARESLGYGLFSFDY,H4-34,K1-39,True,27,1,1,1,0.0001851712147917,3.3353567831150897e-06,2.3227724612097e-05,3.227597247505067e-06,False,False,False,False,False,False,False,False,False,False,False,False,False,-1,-1,False,0.5642857142857146,False,False,False,4.370375442504883,1624.7467,1,0.0001851712147917,2.3227724612097e-05,222,452,False,452.0,False,False,False,False,6.943272756237403,0.9647991101563856,0.1388947197448436,0.01742939882501371,0.018011312793615952,0.12543240219168325
AREWPGWPLYPFDY,H1-69,K4-1,True,27,1,1,1,0.0001851712147917,3.3353567831150897e-06,2.3227724612097e-05,3.227597247505067e-06,False,False,False,False,False,False,False,False,False,False,False,False,False,-1,-1,False,-0.4357142857142855,False,False,False,4.370375442504883,1796.9748,1,0.0001851712147917,2.3227724612097e-05,231,453,False,453.0,True,True,False,False,6.943272756237403,0.9647991101563856,0.1388947197448436,0.01742939882501371,0.018011312793615952,0.12543240219168325
ARGLEFGIYESFDY,H3-23_A,K4-1,True,27,1,1,1,0.0001851712147917,3.3353567831150897e-06,2.3227724612097e-05,3.227597247505067e-06,False,False,False,False,False,False,False,False,False,False,False,False,False,-2,-2,False,0.742857142857143,False,False,False,4.137435531616211,1666.7833999999998,1,0.0001851712147917,2.3227724612097e-05,280,455,False,455.0,False,False,False,False,6.943272756237403,0.9647991101563856,0.1388947197448436,0.01742939882501371,0.018011312793615952,0.12543240219168325
ARGPRGDWPWYFDY,H3-23_A,K3-20,True,27,1,1,1,0.0001851712147917,3.3353567831150897e-06,2.3227724612097e-05,3.227597247505067e-06,False,False,False,True,False,False,False,False,False,False,False,False,False,0,0,False,0.9357142857142858,False,False,False,6.004021835327148,1785.9124,2,0.0001851712147917,2.3227724612097e-05,295,456,False,456.0,True,False,False,False,6.943272756237403,0.9647991101563856,0.1388947197448436,0.01742939882501371,0.018011312793615952,0.12543240219168325
ARGYPLTNFDY,H4-34,K3-20,True,27,1,1,1,0.0001851712147917,3.3353567831150897e-06,2.3227724612097e-05,3.227597247505067e-06,False,False,False,False,False,False,False,False,False,False,False,False,False,0,0,False,1.281818181818182,False,False,False,5.87944984436035,1316.4171,1,0.0001851712147917,2.3227724612097e-05,348,457,False,457.0,False,False,False,False,6.943272756237403,0.9647991101563856,0.1388947197448436,0.01742939882501371,0.018011312793615952,0.12543240219168325
ARHGPGEYFGIPAFDY,H3-23_A,K3-15,True,27,1,1,1,0.0001851712147917,3.3353567831150897e-06,2.3227724612097e-05,3.227597247505067e-06,False,False,False,False,False,False,False,False,False,False,False,False,False,-1,0,False,1.2125,False,False,False,5.322224044799805,1796.9334,1,0.0001851712147917,2.3227724612097e-05,362,458,False,458.0,True,True,False,False,6.943272756237403,0.9647991101563856,0.1388947197448436,0.01742939882501371,0.018011312793615952,0.12543240219168325
ARHGRVYGTTGDFAFDY,H3-23_A,UNK,True,27,1,1,1,0.0001851712147917,3.3353567831150897e-06,2.3227724612097e-05,3.227597247505067e-06,False,False,False,False,False,False,False,False,False,False,False,False,False,0,1,False,2.1352941176470592,False,False,False,6.790507125854492,1933.0433,2,0.0001851712147917,2.3227724612097e-05,365,459,False,459.0,False,False,False,False,6.943272756237403,0.9647991101563856,0.1388947197448436,0.01742939882501371,0.018011312793615952,0.12543240219168325
ARKPVISALDY,H4-34,K4-1,True,27,1,1,1,0.0001851712147917,3.3353567831150897e-06,2.3227724612097e-05,3.227597247505067e-06,False,False,False,False,False,False,False,False,False,False,False,False,False,1,1,False,0.9000000000000002,False,False,False,8.63377227783203,1232.4284,1,0.0001851712147917,2.3227724612097e-05,412,461,False,461.0,False,False,False,False,6.943272756237403,0.9647991101563856,0.1388947197448436,0.01742939882501371,0.018011312793615952,0.12543240219168325
ARLFRAWDAPEAFDY,H3-23_A,K3-15,True,27,1,1,1,0.0001851712147917,3.3353567831150897e-06,2.3227724612097e-05,3.227597247505067e-06,False,False,False,False,False,False,False,False,False,False,False,False,False,-1,-1,False,0.4800000000000002,False,False,False,4.558281326293945,1827.9906,2,0.0001851712147917,2.3227724612097e-05,421,462,False,462.0,True,False,False,False,6.943272756237403,0.9647991101563856,0.1388947197448436,0.01742939882501371,0.018011312793615952,0.12543240219168325
ARLVEWYGYAFDP,H4-34,K3-15,True,27,1,1,1,0.0001851712147917,3.3353567831150897e-06,2.3227724612097e-05,3.227597247505067e-06,False,False,False,False,True,False,False,False,False,False,False,False,False,-1,-1,False,-0.146153846153846,False,False,False,4.370375442504883,1586.7433999999998,1,0.0001851712147917,2.3227724612097e-05,461,463,False,463.0,False,False,False,False,6.943272756237403,0.9647991101563856,0.1388947197448436,0.01742939882501371,0.018011312793615952,0.12543240219168325
ARNDYWSSTHSFDY,H4-34,K4-1,True,27,1,1,1,0.0001851712147917,3.3353567831150897e-06,2.3227724612097e-05,3.227597247505067e-06,False,False,False,False,False,False,False,False,False,False,False,False,False,-1,0,False,2.65,False,False,False,5.212373733520507,1748.7614999999998,1,0.0001851712147917,2.3227724612097e-05,468,464,False,464.0,False,False,False,False,6.943272756237403,0.9647991101563856,0.1388947197448436,0.01742939882501371,0.018011312793615952,0.12543240219168325
ARPHRIDAYGQFDY,H4-34,K3-20,True,27,1,1,1,0.0001851712147917,3.3353567831150897e-06,2.3227724612097e-05,3.227597247505067e-06,False,False,False,False,False,False,False,False,False,False,False,False,False,0,1,False,1.9642857142857144,False,False,False,6.790507125854492,1708.8301,2,0.0001851712147917,2.3227724612097e-05,484,465,False,465.0,False,False,False,False,6.943272756237403,0.9647991101563856,0.1388947197448436,0.01742939882501371,0.018011312793615952,0.12543240219168325
ARPYVLRGLDAFDI,H3-23_A,K1-39,True,27,1,1,1,0.0001851712147917,3.3353567831150897e-06,2.3227724612097e-05,3.227597247505067e-06,False,False,False,False,False,False,False,False,False,False,False,False,False,0,0,False,-0.0571428571428569,False,False,False,6.004890823364257,1605.8346,2,0.0001851712147917,2.3227724612097e-05,504,466,False,466.0,False,False,False,False,6.943272756237403,0.9647991101563856,0.1388947197448436,0.01742939882501371,0.018011312793615952,0.12543240219168325
ARQREYGDASNAFDY,H3-23_A,K3-20,True,27,1,1,1,0.0001851712147917,3.3353567831150897e-06,2.3227724612097e-05,3.227597247505067e-06,False,False,False,False,False,False,False,False,False,False,False,False,False,-1,-1,False,3.646666666666667,False,False,False,4.558281326293945,1762.7898,2,0.0001851712147917,2.3227724612097e-05,528,467,False,467.0,True,False,False,False,6.943272756237403,0.9647991101563856,0.1388947197448436,0.01742939882501371,0.018011312793615952,0.12543240219168325
ARQREYGDASNAFDY,UNK,K3-20,True,27,1,1,1,0.0001851712147917,3.3353567831150897e-06,2.3227724612097e-05,3.227597247505067e-06,False,False,False,False,False,False,False,False,False,False,False,False,False,-1,-1,False,3.646666666666667,False,False,False,4.558281326293945,1762.7898,2,0.0001851712147917,2.3227724612097e-05,528,468,False,468.0,True,False,False,False,6.943272756237403,0.9647991101563856,0.1388947197448436,0.01742939882501371,0.018011312793615952,0.12543240219168325
ARSGYLSYFTSHYNFDP,H4-34,K3-20,True,27,1,1,1,0.0001851712147917,3.3353567831150897e-06,2.3227724612097e-05,3.227597247505067e-06,False,False,False,False,True,False,False,False,False,False,False,False,False,0,1,False,1.447058823529412,False,False,False,6.786059951782226,2025.1353,1,0.0001851712147917,2.3227724612097e-05,540,469,False,469.0,False,False,False,False,6.943272756237403,0.9647991101563856,0.1388947197448436,0.01742939882501371,0.018011312793615952,0.12543240219168325
ARTQRGSTQFDY,H5-51,K3-20,True,27,1,1,1,0.0001851712147917,3.3353567831150897e-06,2.3227724612097e-05,3.227597247505067e-06,False,False,False,False,False,False,False,False,False,False,False,False,False,1,1,False,3.6666666666666665,False,False,False,8.79022674560547,1429.4938,2,0.0001851712147917,2.3227724612097e-05,569,470,False,470.0,False,False,False,False,6.943272756237403,0.9647991101563856,0.1388947197448436,0.01742939882501371,0.018011312793615952,0.12543240219168325
ARTSIAGDPPGYFDY,H3-7_A,K1-39,True,27,1,1,1,0.0001851712147917,3.3353567831150897e-06,2.3227724612097e-05,3.227597247505067e-06,False,False,False,False,True,False,False,False,False,False,False,False,False,-1,-1,False,2.313333333333333,False,False,False,4.207874679565429,1629.7235999999998,1,0.0001851712147917,2.3227724612097e-05,575,471,False,471.0,False,False,False,False,6.943272756237403,0.9647991101563856,0.1388947197448436,0.01742939882501371,0.018011312793615952,0.12543240219168325
ARTSIAGDPPGYFDY,H5-51,K1-39,True,27,1,1,1,0.0001851712147917,3.3353567831150897e-06,2.3227724612097e-05,3.227597247505067e-06,False,False,False,False,True,False,False,False,False,False,False,False,False,-1,-1,False,2.313333333333333,False,False,False,4.207874679565429,1629.7235999999998,1,0.0001851712147917,2.3227724612097e-05,575,472,False,472.0,False,False,False,False,6.943272756237403,0.9647991101563856,0.1388947197448436,0.01742939882501371,0.018011312793615952,0.12543240219168325
ARVLVTWSGEHFDY,H4-34,K3-20,True,27,1,1,1,0.0001851712147917,3.3353567831150897e-06,2.3227724612097e-05,3.227597247505067e-06,False,False,False,False,False,False,False,False,False,False,False,False,False,-1,0,False,0.4214285714285716,False,False,False,5.322224044799805,1679.8285999999998,1,0.0001851712147917,2.3227724612097e-05,605,473,False,473.0,False,False,False,False,6.943272756237403,0.9647991101563856,0.1388947197448436,0.01742939882501371,0.018011312793615952,0.12543240219168325
ARVPSALSTYSSYGFDP,H4-34,K4-1,True,27,1,1,1,0.0001851712147917,3.3353567831150897e-06,2.3227724612097e-05,3.227597247505067e-06,False,False,False,False,True,False,False,False,False,False,False,False,False,0,0,False,1.9764705882352944,False,False,False,5.87944984436035,1817.9478,1,0.0001851712147917,2.3227724612097e-05,610,474,False,474.0,False,False,False,False,6.943272756237403,0.9647991101563856,0.1388947197448436,0.01742939882501371,0.018011312793615952,0.12543240219168325
ARAHYSYSDRWYFDP,H4-34,K3-15,True,26,1,1,1,0.0001783130216513,3.3353567831150897e-06,2.3227724612097e-05,3.227597247505067e-06,False,False,False,True,True,False,False,False,False,False,False,False,False,0,1,False,1.66,False,False,False,6.789382553100586,1934.0297,2,0.0001783130216513,2.3227724612097e-05,32,475,False,475.0,False,False,False,False,6.943272756237403,0.9647991101563856,0.1388947197448436,0.01809972272574228,0.01870401674573001,0.1302564548144402
ARAPLWAYTYGLGFDY,H4-34,K4-1,True,26,1,1,1,0.0001783130216513,3.3353567831150897e-06,2.3227724612097e-05,3.227597247505067e-06,False,False,False,False,False,False,False,False,False,False,False,False,False,0,0,False,-0.2562499999999997,False,False,False,5.87858085632324,1864.0623,1,0.0001783130216513,2.3227724612097e-05,49,476,False,476.0,False,False,False,False,6.943272756237403,0.9647991101563856,0.1388947197448436,0.01809972272574228,0.01870401674573001,0.1302564548144402
ARDEYSTSPSGLWIFDY,H4-34,K3-15,True,26,1,1,1,0.0001783130216513,3.3353567831150897e-06,2.3227724612097e-05,3.227597247505067e-06,False,False,False,False,False,False,False,False,False,True,False,False,False,-2,-2,False,1.5529411764705885,False,False,False,4.050025558471679,2007.1153,1,0.0001783130216513,2.3227724612097e-05,93,477,False,477.0,True,False,False,False,6.943272756237403,0.9647991101563856,0.1388947197448436,0.01809972272574228,0.01870401674573001,0.1302564548144402
ARESTAGYWTAFDY,UNK,K3-20,True,26,1,1,1,0.0001783130216513,3.3353567831150897e-06,2.3227724612097e-05,3.227597247505067e-06,False,False,False,False,False,False,False,False,False,False,False,False,False,-1,-1,False,1.992857142857143,False,False,False,4.370375442504883,1637.7025999999998,1,0.0001783130216513,2.3227724612097e-05,224,479,False,479.0,True,False,False,False,6.943272756237403,0.9647991101563856,0.1388947197448436,0.01809972272574228,0.01870401674573001,0.1302564548144402
ARETVIIQSDELGFDY,H4-34,K1-39,True,26,1,1,1,0.0001783130216513,3.3353567831150897e-06,2.3227724612097e-05,3.227597247505067e-06,False,False,False,False,False,False,False,False,False,True,False,False,False,-3,-3,False,1.58125,False,False,False,4.050025558471679,1855.9942,1,0.0001783130216513,2.3227724612097e-05,228,480,False,480.0,False,False,False,False,6.943272756237403,0.9647991101563856,0.1388947197448436,0.01809972272574228,0.01870401674573001,0.1302564548144402
ARFDWVNPGAGTFDY,H4-34,K3-20,True,26,1,1,1,0.0001783130216513,3.3353567831150897e-06,2.3227724612097e-05,3.227597247505067e-06,False,False,False,False,False,False,False,False,False,False,False,False,False,-1,-1,False,1.34,False,False,False,4.207874679565429,1715.8176,1,0.0001783130216513,2.3227724612097e-05,239,481,False,481.0,False,False,False,False,6.943272756237403,0.9647991101563856,0.1388947197448436,0.01809972272574228,0.01870401674573001,0.1302564548144402
ARGLPGDYTLFDY,H5-51,K4-1,True,26,1,1,1,0.0001783130216513,3.3353567831150897e-06,2.3227724612097e-05,3.227597247505067e-06,False,False,False,False,False,False,False,False,False,False,False,False,False,-1,-1,False,1.0461538461538464,False,False,False,4.207874679565429,1487.6108,1,0.0001783130216513,2.3227724612097e-05,282,482,False,482.0,False,False,False,False,6.943272756237403,0.9647991101563856,0.1388947197448436,0.01809972272574228,0.01870401674573001,0.1302564548144402
ARGQYWLGFDY,H4-34,K3-20,True,26,1,1,1,0.0001783130216513,3.3353567831150897e-06,2.3227724612097e-05,3.227597247505067e-06,False,False,False,False,False,False,False,False,False,False,False,False,False,0,0,False,0.1363636363636365,False,False,False,5.87944984436035,1375.4858,1,0.0001783130216513,2.3227724612097e-05,302,483,False,483.0,False,False,False,False,6.943272756237403,0.9647991101563856,0.1388947197448436,0.01809972272574228,0.01870401674573001,0.1302564548144402
ARGTIGWTAIFDY,H5-51,K4-1,True,26,1,1,1,0.0001783130216513,3.3353567831150897e-06,2.3227724612097e-05,3.227597247505067e-06,False,False,False,False,False,False,False,False,False,False,False,False,False,0,0,False,0.2384615384615386,False,False,False,5.880318832397459,1470.6267,1,0.0001783130216513,2.3227724612097e-05,330,484,False,484.0,False,False,False,False,6.943272756237403,0.9647991101563856,0.1388947197448436,0.01809972272574228,0.01870401674573001,0.1302564548144402
ARHGIGSSYTFDY,H4-34,K4-1,True,26,1,1,1,0.0001783130216513,3.3353567831150897e-06,2.3227724612097e-05,3.227597247505067e-06,False,False,False,False,False,False,False,False,False,False,False,False,False,0,1,False,2.076923076923077,False,False,False,6.787184524536133,1473.5445,1,0.0001783130216513,2.3227724612097e-05,360,485,False,485.0,False,False,False,False,6.943272756237403,0.9647991101563856,0.1388947197448436,0.01809972272574228,0.01870401674573001,0.1302564548144402
ARLGDAGAGPFDY,H5-51,K4-1,True,26,1,1,1,0.0001783130216513,3.3353567831150897e-06,2.3227724612097e-05,3.227597247505067e-06,False,False,False,False,False,False,False,False,False,False,False,False,False,-1,-1,False,2.261538461538461,False,False,False,4.207874679565429,1309.3832,1,0.0001783130216513,2.3227724612097e-05,422,486,False,486.0,False,False,False,False,6.943272756237403,0.9647991101563856,0.1388947197448436,0.01809972272574228,0.01870401674573001,0.1302564548144402
ARLHKGSGTYGTRGFDP,H3-23_A,K1-39,True,26,1,1,1,0.0001783130216513,3.3353567831150897e-06,2.3227724612097e-05,3.227597247505067e-06,False,False,False,False,True,False,False,False,False,False,False,False,False,2,3,False,2.9294117647058826,False,False,False,9.98683319091797,1819.9737,2,0.0001783130216513,2.3227724612097e-05,434,487,False,487.0,False,False,False,False,6.943272756237403,0.9647991101563856,0.1388947197448436,0.01809972272574228,0.01870401674573001,0.1302564548144402
ARPLDRALVSQFDY,H3-23_A,K4-1,True,26,1,1,1,0.0001783130216513,3.3353567831150897e-06,2.3227724612097e-05,3.227597247505067e-06,False,False,False,False,False,False,False,False,False,False,False,False,False,0,0,False,1.0000000000000002,False,False,False,6.004890823364257,1650.8321999999998,2,0.0001783130216513,2.3227724612097e-05,486,488,False,488.0,False,False,False,False,6.943272756237403,0.9647991101563856,0.1388947197448436,0.01809972272574228,0.01870401674573001,0.1302564548144402
ARSGLVWSYRYGYFDP,H1-69,K3-15,True,26,1,1,1,0.0001783130216513,3.3353567831150897e-06,2.3227724612097e-05,3.227597247505067e-06,False,False,False,False,True,False,False,False,False,False,False,False,False,1,1,False,0.5750000000000002,False,False,False,8.539295959472657,1937.1163,2,0.0001783130216513,2.3227724612097e-05,534,490,False,490.0,False,False,False,False,6.943272756237403,0.9647991101563856,0.1388947197448436,0.01809972272574228,0.01870401674573001,0.1302564548144402
ARSGPYEGVPFDY,H5-51,K3-20,True,26,1,1,1,0.0001783130216513,3.3353567831150897e-06,2.3227724612097e-05,3.227597247505067e-06,False,False,False,False,False,False,False,False,False,False,False,False,False,-1,-1,False,2.269230769230769,False,False,False,4.370375442504883,1457.5418,1,0.0001783130216513,2.3227724612097e-05,535,491,False,491.0,False,False,False,False,6.943272756237403,0.9647991101563856,0.1388947197448436,0.01809972272574228,0.01870401674573001,0.1302564548144402
ARSGRVYESYTFDY,H3-23_A,K1-39,True,26,1,1,1,0.0001783130216513,3.3353567831150897e-06,2.3227724612097e-05,3.227597247505067e-06,False,False,False,False,False,False,False,False,False,False,False,False,False,0,0,False,2.4,False,False,False,6.112389755249024,1713.8002,2,0.0001783130216513,2.3227724612097e-05,536,492,False,492.0,False,False,False,False,6.943272756237403,0.9647991101563856,0.1388947197448436,0.01809972272574228,0.01870401674573001,0.1302564548144402
ARSTYWRSYGQSGFDY,H4-34,K4-1,True,26,1,1,1,0.0001783130216513,3.3353567831150897e-06,2.3227724612097e-05,3.227597247505067e-06,False,False,False,False,False,False,False,False,False,False,False,False,False,1,1,False,2.35625,False,False,False,8.539295959472657,1944.0229,2,0.0001783130216513,2.3227724612097e-05,558,493,False,493.0,False,False,False,False,6.943272756237403,0.9647991101563856,0.1388947197448436,0.01809972272574228,0.01870401674573001,0.1302564548144402
ARTSYILKATNAFDY,H4-34,K3-20,True,26,1,1,1,0.0001783130216513,3.3353567831150897e-06,2.3227724612097e-05,3.227597247505067e-06,False,False,False,False,False,False,False,False,False,False,False,False,False,1,1,False,1.3266666666666669,False,False,False,8.54006805419922,1733.9175,1,0.0001783130216513,2.3227724612097e-05,578,494,False,494.0,False,False,False,False,6.943272756237403,0.9647991101563856,0.1388947197448436,0.01809972272574228,0.01870401674573001,0.1302564548144402
ARVNPGIWHPFDY,H4-34,K3-15,True,26,1,1,1,0.0001783130216513,3.3353567831150897e-06,2.3227724612097e-05,3.227597247505067e-06,False,False,False,False,False,False,False,False,False,False,False,False,False,0,1,False,0.1923076923076924,False,False,False,6.788309097290039,1571.7353999999998,1,0.0001783130216513,2.3227724612097e-05,608,495,False,495.0,False,False,False,False,6.943272756237403,0.9647991101563856,0.1388947197448436,0.01809972272574228,0.01870401674573001,0.1302564548144402
ARALTGVFGSRPAFDI,H3-23_A,K1-39,True,25,1,1,1,0.0001714548285108,3.3353567831150897e-06,2.3227724612097e-05,3.227597247505067e-06,False,False,False,False,False,False,False,False,False,False,False,False,False,1,1,False,0.6625000000000002,False,False,False,9.643601989746092,1677.9006,2,0.0001714548285108,2.3227724612097e-05,38,496,False,496.0,False,False,False,False,6.943272756237403,0.9647991101563856,0.1388947197448436,0.0188236694110231,0.019452133782089348,0.13546640913960942
ARARGSWSLSYSPFDY,H5-51,K3-15,True,25,1,1,1,0.0001714548285108,3.3353567831150897e-06,2.3227724612097e-05,3.227597247505067e-06,False,False,False,False,False,False,False,False,False,False,False,False,False,1,1,False,1.5125000000000002,False,False,False,8.632579040527343,1862.9933,2,0.0001714548285108,2.3227724612097e-05,57,497,False,497.0,False,False,False,False,6.943272756237403,0.9647991101563856,0.1388947197448436,0.0188236694110231,0.019452133782089348,0.13546640913960942
ARARLYGDAPYAFDY,H1-69,K1-39,True,25,1,1,1,0.0001714548285108,3.3353567831150897e-06,2.3227724612097e-05,3.227597247505067e-06,False,False,False,False,False,False,False,False,False,False,False,False,False,0,0,False,1.366666666666667,False,False,False,6.003152847290039,1748.8906000000002,2,0.0001714548285108,2.3227724612097e-05,58,498,False,498.0,True,True,False,False,6.943272756237403,0.9647991101563856,0.1388947197448436,0.0188236694110231,0.019452133782089348,0.13546640913960942
ARDADIYGRWGSWFDP,H4-34,K3-20,True,25,1,1,1,0.0001714548285108,3.3353567831150897e-06,2.3227724612097e-05,3.227597247505067e-06,False,False,False,False,True,False,False,False,False,True,False,False,False,-1,-1,False,1.46875,False,False,False,4.429057693481445,1912.0242,2,0.0001714548285108,2.3227724612097e-05,77,499,False,499.0,False,False,False,False,6.943272756237403,0.9647991101563856,0.1388947197448436,0.0188236694110231,0.019452133782089348,0.13546640913960942
ARDADYWRWAFDY,H4-34,K3-20,True,25,1,1,1,0.0001714548285108,3.3353567831150897e-06,2.3227724612097e-05,3.227597247505067e-06,False,False,False,False,False,False,False,False,False,True,False,False,False,-1,-1,False,0.9000000000000001,False,False,False,4.429057693481445,1734.8226,2,0.0001714548285108,2.3227724612097e-05,79,500,False,500.0,False,False,False,False,6.943272756237403,0.9647991101563856,0.1388947197448436,0.0188236694110231,0.019452133782089348,0.13546640913960942
ARDIAGTVALYAFDY,H4-34,K1-39,True,25,1,1,1,0.0001714548285108,3.3353567831150897e-06,2.3227724612097e-05,3.227597247505067e-06,False,False,False,False,False,False,False,False,False,False,False,False,False,-1,-1,False,0.6400000000000001,False,False,False,4.207874679565429,1645.8090000000002,1,0.0001714548285108,2.3227724612097e-05,100,501,False,501.0,False,False,False,False,6.943272756237403,0.9647991101563856,0.1388947197448436,0.0188236694110231,0.019452133782089348,0.13546640913960942
ARDLIDESPSYFGSFDY,H4-34,K1-39,True,25,1,1,1,0.0001714548285108,3.3353567831150897e-06,2.3227724612097e-05,3.227597247505067e-06,False,False,False,False,False,False,False,False,False,True,False,False,False,-3,-3,False,1.8823529411764703,False,False,False,4.050025558471679,1982.0627,1,0.0001714548285108,2.3227724612097e-05,109,502,False,502.0,False,False,False,False,6.943272756237403,0.9647991101563856,0.1388947197448436,0.0188236694110231,0.019452133782089348,0.13546640913960942
AREKYSYPLWGFDY,H1-69,UNK,True,25,1,1,1,0.0001714548285108,3.3353567831150897e-06,2.3227724612097e-05,3.227597247505067e-06,False,False,False,False,False,False,False,False,False,False,False,False,False,0,0,False,0.7142857142857144,False,False,False,6.111520767211914,1794.9572999999998,1,0.0001714548285108,2.3227724612097e-05,198,504,False,504.0,False,False,False,False,6.943272756237403,0.9647991101563856,0.1388947197448436,0.0188236694110231,0.019452133782089348,0.13546640913960942
ARERISYSYPYFDY,H1-69,K3-15,True,25,1,1,1,0.0001714548285108,3.3353567831150897e-06,2.3227724612097e-05,3.227597247505067e-06,False,False,False,False,False,False,False,False,False,False,False,False,False,0,0,False,1.3285714285714287,False,False,False,6.111520767211914,1829.96,2,0.0001714548285108,2.3227724612097e-05,215,505,False,505.0,False,False,False,False,6.943272756237403,0.9647991101563856,0.1388947197448436,0.0188236694110231,0.019452133782089348,0.13546640913960942
ARGPRSGSTSVAFDP,H5-51,K3-15,True,25,1,1,1,0.0001714548285108,3.3353567831150897e-06,2.3227724612097e-05,3.227597247505067e-06,False,False,False,False,True,False,False,False,False,False,False,False,False,1,1,False,3.333333333333333,False,False,False,9.643601989746092,1504.6035000000002,2,0.0001714548285108,2.3227724612097e-05,296,507,False,507.0,False,False,False,False,6.943272756237403,0.9647991101563856,0.1388947197448436,0.0188236694110231,0.019452133782089348,0.13546640913960942
ARGSRWKLYEFDY,H4-34,K1-39,True,25,1,1,1,0.0001714548285108,3.3353567831150897e-06,2.3227724612097e-05,3.227597247505067e-06,False,False,False,False,False,False,False,False,False,True,False,False,False,1,1,False,1.076923076923077,False,False,False,8.53950653076172,1690.8546,2,0.0001714548285108,2.3227724612097e-05,326,508,False,508.0,False,False,False,False,6.943272756237403,0.9647991101563856,0.1388947197448436,0.0188236694110231,0.019452133782089348,0.13546640913960942
ARGYGTTSFHFDY,H4-34,K3-15,True,25,1,1,1,0.0001714548285108,3.3353567831150897e-06,2.3227724612097e-05,3.227597247505067e-06,False,False,False,True,False,False,False,False,False,False,False,False,False,0,1,False,1.8846153846153848,False,False,False,6.787184524536133,1521.5873,1,0.0001714548285108,2.3227724612097e-05,345,509,False,509.0,False,False,False,False,6.943272756237403,0.9647991101563856,0.1388947197448436,0.0188236694110231,0.019452133782089348,0.13546640913960942
ARGYVWITTRYSAFDP,H3-23_A,K3-20,True,25,1,1,1,0.0001714548285108,3.3353567831150897e-06,2.3227724612097e-05,3.227597247505067e-06,False,False,False,False,True,False,False,False,False,False,False,False,False,1,1,False,0.7875000000000001,False,False,False,8.632579040527343,1903.1002,2,0.0001714548285108,2.3227724612097e-05,351,510,False,510.0,False,False,False,False,6.943272756237403,0.9647991101563856,0.1388947197448436,0.0188236694110231,0.019452133782089348,0.13546640913960942
ARLSSTGVYGQFDY,H3-23_A,K4-1,True,25,1,1,1,0.0001714548285108,3.3353567831150897e-06,2.3227724612097e-05,3.227597247505067e-06,False,False,False,False,False,False,False,False,False,False,False,False,False,0,0,False,1.8571428571428572,False,False,False,5.87944984436035,1563.6654,1,0.0001714548285108,2.3227724612097e-05,458,512,False,512.0,False,False,False,False,6.943272756237403,0.9647991101563856,0.1388947197448436,0.0188236694110231,0.019452133782089348,0.13546640913960942
ARQIRTTHFDY,H4-34,K3-20,True,25,1,1,1,0.0001714548285108,3.3353567831150897e-06,2.3227724612097e-05,3.227597247505067e-06,False,False,False,False,False,False,False,False,False,False,False,False,False,1,2,False,1.8090909090909093,False,False,False,8.796192932128907,1407.5329,2,0.0001714548285108,2.3227724612097e-05,520,514,False,514.0,False,False,False,False,6.943272756237403,0.9647991101563856,0.1388947197448436,0.0188236694110231,0.019452133782089348,0.13546640913960942
ARQREYGDASNAFDY,H4-34,K3-20,True,25,1,1,1,0.0001714548285108,3.3353567831150897e-06,2.3227724612097e-05,3.227597247505067e-06,False,False,False,False,False,False,False,False,False,False,False,False,False,-1,-1,False,3.646666666666667,False,False,False,4.558281326293945,1762.7898,2,0.0001714548285108,2.3227724612097e-05,528,515,False,515.0,True,False,False,False,6.943272756237403,0.9647991101563856,0.1388947197448436,0.0188236694110231,0.019452133782089348,0.13546640913960942
ARTLWLTPVQLSWGFDY,H4-34,K3-15,True,25,1,1,1,0.0001714548285108,3.3353567831150897e-06,2.3227724612097e-05,3.227597247505067e-06,False,False,False,False,False,False,False,False,False,False,False,False,False,0,0,False,-0.9058823529411762,False,False,False,5.880318832397459,2053.3177,1,0.0001714548285108,2.3227724612097e-05,566,516,False,516.0,False,False,False,False,6.943272756237403,0.9647991101563856,0.1388947197448436,0.0188236694110231,0.019452133782089348,0.13546640913960942
ARVHAGYLYGFDY,H4-34,K3-20,True,25,1,1,1,0.0001714548285108,3.3353567831150897e-06,2.3227724612097e-05,3.227597247505067e-06,False,False,False,False,False,False,False,False,False,False,False,False,False,0,1,False,0.3153846153846155,False,False,False,6.786059951782226,1531.6681,1,0.0001714548285108,2.3227724612097e-05,588,517,False,517.0,False,False,False,False,6.943272756237403,0.9647991101563856,0.1388947197448436,0.0188236694110231,0.019452133782089348,0.13546640913960942
ARWAGNDAANPYFDP,H4-34,K3-20,True,25,1,1,1,0.0001714548285108,3.3353567831150897e-06,2.3227724612097e-05,3.227597247505067e-06,False,False,False,False,True,False,False,False,False,False,False,False,False,-1,-1,False,2.36,False,False,False,4.207874679565429,1664.7312000000002,1,0.0001714548285108,2.3227724612097e-05,638,519,False,519.0,False,False,False,False,6.943272756237403,0.9647991101563856,0.1388947197448436,0.0188236694110231,0.019452133782089348,0.13546640913960942
ARYLPLYPTYDPFDY,H4-34,K3-20,True,25,1,1,1,0.0001714548285108,3.3353567831150897e-06,2.3227724612097e-05,3.227597247505067e-06,False,False,False,False,True,False,False,False,False,False,False,False,False,-1,-1,False,0.1733333333333335,False,False,False,4.207874679565429,1894.085,1,0.0001714548285108,2.3227724612097e-05,661,521,False,521.0,False,False,False,False,6.943272756237403,0.9647991101563856,0.1388947197448436,0.0188236694110231,0.019452133782089348,0.13546640913960942
ARYSIAGYPFDY,H4-34,K1-39,True,25,1,1,1,0.0001714548285108,3.3353567831150897e-06,2.3227724612097e-05,3.227597247505067e-06,False,False,False,False,False,False,False,False,False,False,False,False,False,0,0,False,0.8166666666666668,False,False,False,5.87858085632324,1422.539,1,0.0001714548285108,2.3227724612097e-05,667,522,False,522.0,False,False,False,False,6.943272756237403,0.9647991101563856,0.1388947197448436,0.0188236694110231,0.019452133782089348,0.13546640913960942
ARAAYADYRWIFDY,H3-23_A,K3-20,True,24,1,1,1,0.0001645966353704,3.3353567831150897e-06,2.3227724612097e-05,3.227597247505067e-06,False,False,False,False,False,False,False,False,False,False,False,False,False,0,0,False,0.2785714285714287,False,False,False,6.003152847290039,1780.934,2,0.0001645966353704,2.3227724612097e-05,7,523,False,523.0,False,False,False,False,6.943272756237403,0.9647991101563856,0.1388947197448436,0.019607941321698765,0.020262590117402172,0.14111049994934696
ARALHENAYRFDY,H4-34,K3-20,True,24,1,1,1,0.0001645966353704,3.3353567831150897e-06,2.3227724612097e-05,3.227597247505067e-06,False,False,False,False,False,False,False,False,False,False,False,False,False,0,1,False,1.4923076923076926,False,False,False,6.795363235473633,1625.7415,2,0.0001645966353704,2.3227724612097e-05,35,524,False,524.0,False,False,False,False,6.943272756237403,0.9647991101563856,0.1388947197448436,0.019607941321698765,0.020262590117402172,0.14111049994934696
ARAPQTYGLWSAFDI,H5-51,K3-15,True,24,1,1,1,0.0001645966353704,3.3353567831150897e-06,2.3227724612097e-05,3.227597247505067e-06,False,False,False,False,False,False,False,False,False,False,False,False,False,0,0,False,0.5133333333333335,False,False,False,5.880318832397459,1695.8710999999998,1,0.0001645966353704,2.3227724612097e-05,50,525,False,525.0,False,False,False,False,6.943272756237403,0.9647991101563856,0.1388947197448436,0.019607941321698765,0.020262590117402172,0.14111049994934696
ARAQAYLYGFDY,H4-34,K3-20,True,24,1,1,1,0.0001645966353704,3.3353567831150897e-06,2.3227724612097e-05,3.227597247505067e-06,False,False,False,False,False,False,False,False,False,False,False,False,False,0,0,False,0.6750000000000002,False,False,False,5.87858085632324,1437.5536,1,0.0001645966353704,2.3227724612097e-05,53,526,False,526.0,False,False,False,False,6.943272756237403,0.9647991101563856,0.1388947197448436,0.019607941321698765,0.020262590117402172,0.14111049994934696
ARATLAGEFPYAFDP,H4-34,K3-15,True,24,1,1,1,0.0001645966353704,3.3353567831150897e-06,2.3227724612097e-05,3.227597247505067e-06,False,False,False,False,True,False,False,False,False,False,False,False,False,-1,-1,False,1.0666666666666669,False,False,False,4.370375442504883,1625.7779999999998,1,0.0001645966353704,2.3227724612097e-05,64,528,False,528.0,True,False,False,False,6.943272756237403,0.9647991101563856,0.1388947197448436,0.019607941321698765,0.020262590117402172,0.14111049994934696
ARDPVSIRLFDY,H4-34,K3-15,True,24,1,1,1,0.0001645966353704,3.3353567831150897e-06,2.3227724612097e-05,3.227597247505067e-06,False,False,False,False,True,False,False,False,False,False,False,False,False,0,0,False,0.5916666666666668,False,False,False,6.004890823364257,1451.6251,2,0.0001645966353704,2.3227724612097e-05,135,529,False,529.0,False,False,False,False,6.943272756237403,0.9647991101563856,0.1388947197448436,0.019607941321698765,0.020262590117402172,0.14111049994934696
ARDRYVQSGIFDY,H4-34,K3-20,True,24,1,1,1,0.0001645966353704,3.3353567831150897e-06,2.3227724612097e-05,3.227597247505067e-06,False,False,False,False,False,False,False,False,False,False,False,False,False,0,0,False,1.8461538461538465,False,False,False,6.004021835327148,1589.706,2,0.0001645966353704,2.3227724612097e-05,155,530,False,530.0,False,False,False,False,6.943272756237403,0.9647991101563856,0.1388947197448436,0.019607941321698765,0.020262590117402172,0.14111049994934696
AREPGSYGTYWVFDP,H4-34,K3-20,True,24,1,1,1,0.0001645966353704,3.3353567831150897e-06,2.3227724612097e-05,3.227597247505067e-06,False,False,False,False,True,False,False,False,False,False,False,False,False,-1,-1,False,1.646666666666667,False,False,False,4.370375442504883,1744.8556,1,0.0001645966353704,2.3227724612097e-05,206,531,False,531.0,False,False,False,False,6.943272756237403,0.9647991101563856,0.1388947197448436,0.019607941321698765,0.020262590117402172,0.14111049994934696
ARFDLSSSSGFDY,H5-51,K4-1,True,24,1,1,1,0.0001645966353704,3.3353567831150897e-06,2.3227724612097e-05,3.227597247505067e-06,False,False,False,False,False,False,False,False,False,False,False,False,False,-1,-1,False,2.1923076923076925,False,False,False,4.207874679565429,1451.4925999999998,1,0.0001645966353704,2.3227724612097e-05,237,532,False,532.0,False,False,False,False,6.943272756237403,0.9647991101563856,0.1388947197448436,0.019607941321698765,0.020262590117402172,0.14111049994934696
ARFGASPSETPFDY,H5-51,K4-1,True,24,1,1,1,0.0001645966353704,3.3353567831150897e-06,2.3227724612097e-05,3.227597247505067e-06,False,False,False,False,False,False,False,False,False,False,False,False,False,-1,-1,False,2.4285714285714284,False,False,False,4.370375442504883,1544.6192,1,0.0001645966353704,2.3227724612097e-05,241,533,False,533.0,False,False,False,False,6.943272756237403,0.9647991101563856,0.1388947197448436,0.019607941321698765,0.020262590117402172,0.14111049994934696
ARFPRYTYGEFDY,H4-34,K3-20,True,24,1,1,1,0.0001645966353704,3.3353567831150897e-06,2.3227724612097e-05,3.227597247505067e-06,False,False,False,False,False,False,False,False,False,True,False,False,False,0,0,False,1.3230769230769233,False,False,False,6.112389755249024,1684.8036,2,0.0001645966353704,2.3227724612097e-05,244,534,False,534.0,False,False,False,False,6.943272756237403,0.9647991101563856,0.1388947197448436,0.019607941321698765,0.020262590117402172,0.14111049994934696
ARGTGWVLQSWGFDP,H1-69,K1-39,True,24,1,1,1,0.0001645966353704,3.3353567831150897e-06,2.3227724612097e-05,3.227597247505067e-06,False,False,False,False,True,False,False,False,False,False,False,False,False,0,0,False,0.7400000000000001,False,False,False,5.88118782043457,1676.828,1,0.0001645966353704,2.3227724612097e-05,329,535,False,535.0,False,False,False,False,6.943272756237403,0.9647991101563856,0.1388947197448436,0.019607941321698765,0.020262590117402172,0.14111049994934696
ARGVYTVSRTYGFDY,H4-34,K3-20,True,24,1,1,1,0.0001645966353704,3.3353567831150897e-06,2.3227724612097e-05,3.227597247505067e-06,False,False,False,False,False,False,False,False,False,False,False,False,False,1,1,False,1.7666666666666666,False,False,False,8.539295959472657,1754.8951000000002,2,0.0001645966353704,2.3227724612097e-05,335,536,False,536.0,False,False,False,False,6.943272756237403,0.9647991101563856,0.1388947197448436,0.019607941321698765,0.020262590117402172,0.14111049994934696
ARGYGTHTPFDY,H5-51,K4-1,True,24,1,1,1,0.0001645966353704,3.3353567831150897e-06,2.3227724612097e-05,3.227597247505067e-06,False,False,False,False,False,False,False,False,False,False,False,False,False,0,1,False,2.441666666666667,False,False,False,6.787184524536133,1384.4514,1,0.0001645966353704,2.3227724612097e-05,344,537,False,537.0,False,False,False,False,6.943272756237403,0.9647991101563856,0.1388947197448436,0.019607941321698765,0.020262590117402172,0.14111049994934696
ARKANFGYFYHFDY,H4-34,K3-15,True,24,1,1,1,0.0001645966353704,3.3353567831150897e-06,2.3227724612097e-05,3.227597247505067e-06,False,False,False,True,False,False,False,False,False,False,False,False,False,1,2,False,0.4000000000000002,False,False,False,8.479563903808593,1798.9507,1,0.0001645966353704,2.3227724612097e-05,406,538,False,538.0,False,False,False,False,6.943272756237403,0.9647991101563856,0.1388947197448436,0.019607941321698765,0.020262590117402172,0.14111049994934696
ARLAGSYAGTAFDY,H4-34,K3-20,True,24,1,1,1,0.0001645966353704,3.3353567831150897e-06,2.3227724612097e-05,3.227597247505067e-06,False,False,False,False,False,False,False,False,False,False,False,False,False,0,0,False,1.6785714285714288,False,False,False,5.87944984436035,1462.5615999999998,1,0.0001645966353704,2.3227724612097e-05,417,540,False,540.0,False,False,False,False,6.943272756237403,0.9647991101563856,0.1388947197448436,0.019607941321698765,0.020262590117402172,0.14111049994934696
ARQHYSYAVQRAFDY,H3-23_A,K4-1,True,24,1,1,1,0.0001645966353704,3.3353567831150897e-06,2.3227724612097e-05,3.227597247505067e-06,False,False,False,False,False,False,False,False,False,False,False,False,False,1,2,False,1.7800000000000002,False,False,False,8.545542907714843,1875.0072,2,0.0001645966353704,2.3227724612097e-05,517,545,False,545.0,False,False,False,False,6.943272756237403,0.9647991101563856,0.1388947197448436,0.019607941321698765,0.020262590117402172,0.14111049994934696
ARQPRLSSSTYLNFDP,H4-34,K3-20,True,24,1,1,1,0.0001645966353704,3.3353567831150897e-06,2.3227724612097e-05,3.227597247505067e-06,False,False,False,False,True,False,False,False,False,False,False,False,False,1,1,False,2.0562500000000004,False,False,False,8.79022674560547,1852.0122,2,0.0001645966353704,2.3227724612097e-05,527,546,False,546.0,False,False,False,False,6.943272756237403,0.9647991101563856,0.1388947197448436,0.019607941321698765,0.020262590117402172,0.14111049994934696
ARQYQVYNWGFDY,H4-34,K3-15,True,24,1,1,1,0.0001645966353704,3.3353567831150897e-06,2.3227724612097e-05,3.227597247505067e-06,False,False,False,False,False,False,False,False,False,False,False,False,False,0,0,False,0.953846153846154,False,False,False,5.87858085632324,1709.8129,1,0.0001645966353704,2.3227724612097e-05,529,547,False,547.0,False,False,False,False,6.943272756237403,0.9647991101563856,0.1388947197448436,0.019607941321698765,0.020262590117402172,0.14111049994934696
ARVHYTAQVNWHFDY,H4-34,K3-20,True,24,1,1,1,0.0001645966353704,3.3353567831150897e-06,2.3227724612097e-05,3.227597247505067e-06,False,False,False,True,False,False,False,False,False,False,False,False,False,0,2,False,0.6933333333333335,False,False,False,6.959295272827148,1907.0506,1,0.0001645966353704,2.3227724612097e-05,591,549,False,549.0,False,False,False,False,6.943272756237403,0.9647991101563856,0.1388947197448436,0.019607941321698765,0.020262590117402172,0.14111049994934696
ARVLSQYVLGSVAGFDP,H4-34,K3-20,True,24,1,1,1,0.0001645966353704,3.3353567831150897e-06,2.3227724612097e-05,3.227597247505067e-06,False,False,False,False,True,False,False,False,False,False,False,False,False,0,0,False,0.6058823529411766,False,False,False,5.880318832397459,1779.0010000000002,1,0.0001645966353704,2.3227724612097e-05,601,550,False,550.0,False,False,False,False,6.943272756237403,0.9647991101563856,0.1388947197448436,0.019607941321698765,0.020262590117402172,0.14111049994934696
ARAAGASGDYPHAFDP,H3-7_A,K3-20,True,23,1,1,1,0.00015773844223,3.3353567831150897e-06,2.3227724612097e-05,3.227597247505067e-06,False,False,False,False,True,False,False,False,False,False,False,False,False,-1,0,False,2.9875000000000003,False,False,False,5.212373733520507,1602.6619,1,0.00015773844223,2.3227724612097e-05,3,551,False,551.0,False,False,False,False,6.943272756237403,0.9647991101563856,0.1388947197448436,0.02046040646663993,0.02114351644913286,0.1472453501520514
ARADRHWQYHSDFDI,H3-23_A,K4-1,True,23,1,1,1,0.00015773844223,3.3353567831150897e-06,2.3227724612097e-05,3.227597247505067e-06,False,False,False,False,False,False,False,False,False,True,False,False,False,-1,1,False,2.0133333333333336,False,False,False,5.991191482543945,1917.0043,2,0.00015773844223,2.3227724612097e-05,10,552,False,552.0,False,False,False,False,6.943272756237403,0.9647991101563856,0.1388947197448436,0.02046040646663993,0.02114351644913286,0.1472453501520514
ARAGYPHGYFDY,H3-7_A,K4-1,True,23,1,1,1,0.00015773844223,3.3353567831150897e-06,2.3227724612097e-05,3.227597247505067e-06,False,False,False,False,False,False,False,False,False,False,False,False,False,0,1,False,1.5916666666666668,False,False,False,6.786059951782226,1416.4947,1,0.00015773844223,2.3227724612097e-05,21,553,False,553.0,False,False,False,False,6.943272756237403,0.9647991101563856,0.1388947197448436,0.02046040646663993,0.02114351644913286,0.1472453501520514
ARAGYPHGYFDY,H4-34,K4-1,True,23,1,1,1,0.00015773844223,3.3353567831150897e-06,2.3227724612097e-05,3.227597247505067e-06,False,False,False,False,False,False,False,False,False,False,False,False,False,0,1,False,1.5916666666666668,False,False,False,6.786059951782226,1416.4947,1,0.00015773844223,2.3227724612097e-05,21,554,False,554.0,False,False,False,False,6.943272756237403,0.9647991101563856,0.1388947197448436,0.02046040646663993,0.02114351644913286,0.1472453501520514
ARAYHIGASYFDY,H5-51,K3-15,True,23,1,1,1,0.00015773844223,3.3353567831150897e-06,2.3227724612097e-05,3.227597247505067e-06,False,False,False,False,False,False,False,False,False,False,False,False,False,0,1,False,0.9153846153846156,False,False,False,6.786059951782226,1533.6409999999998,1,0.00015773844223,2.3227724612097e-05,75,555,False,555.0,False,False,False,False,6.943272756237403,0.9647991101563856,0.1388947197448436,0.02046040646663993,0.02114351644913286,0.1472453501520514
ARAYRSADWPVAFDI,H3-23_A,K3-15,True,23,1,1,1,0.00015773844223,3.3353567831150897e-06,2.3227724612097e-05,3.227597247505067e-06,False,False,False,False,False,False,False,False,False,False,False,False,False,0,0,False,0.8400000000000001,False,False,False,6.004890823364257,1737.9110999999998,2,0.00015773844223,2.3227724612097e-05,76,556,False,556.0,True,False,False,False,6.943272756237403,0.9647991101563856,0.1388947197448436,0.02046040646663993,0.02114351644913286,0.1472453501520514
ARDAYDAWESYDWYFDY,H4-34,K1-39,True,23,1,1,1,0.00015773844223,3.3353567831150897e-06,2.3227724612097e-05,3.227597247505067e-06,False,False,False,True,False,False,False,False,False,False,False,False,False,-4,-4,False,1.6470588235294117,False,False,False,4.050025558471679,2236.262,1,0.00015773844223,2.3227724612097e-05,84,557,False,557.0,False,False,False,False,6.943272756237403,0.9647991101563856,0.1388947197448436,0.02046040646663993,0.02114351644913286,0.1472453501520514
ARDILGQFSVPFDY,H3-23_A,K3-20,True,23,1,1,1,0.00015773844223,3.3353567831150897e-06,2.3227724612097e-05,3.227597247505067e-06,False,False,False,False,False,False,False,False,False,False,False,False,False,-1,-1,False,0.3857142857142858,False,False,False,4.207874679565429,1627.7937,1,0.00015773844223,2.3227724612097e-05,101,558,False,558.0,True,False,False,False,6.943272756237403,0.9647991101563856,0.1388947197448436,0.02046040646663993,0.02114351644913286,0.1472453501520514
AREGFATADVQAFDP,UNK,UNK,True,23,1,1,1,0.00015773844223,3.3353567831150897e-06,2.3227724612097e-05,3.227597247505067e-06,False,False,False,False,True,False,False,False,False,False,False,False,False,-2,-2,False,2.486666666666667,False,False,False,4.050025558471679,1594.6796,1,0.00015773844223,2.3227724612097e-05,184,561,False,561.0,True,False,False,False,6.943272756237403,0.9647991101563856,0.1388947197448436,0.02046040646663993,0.02114351644913286,0.1472453501520514
AREIDFRWSEKSYGFDP,H4-34,K3-20,True,23,1,1,1,0.00015773844223,3.3353567831150897e-06,2.3227724612097e-05,3.227597247505067e-06,False,False,False,False,True,False,False,False,False,True,False,False,False,-1,-1,False,2.01764705882353,False,False,False,4.783093643188476,2103.2491,2,0.00015773844223,2.3227724612097e-05,195,562,False,562.0,False,False,False,False,6.943272756237403,0.9647991101563856,0.1388947197448436,0.02046040646663993,0.02114351644913286,0.1472453501520514
AREVYGEGTFDY,H1-69,K3-20,True,23,1,1,1,0.00015773844223,3.3353567831150897e-06,2.3227724612097e-05,3.227597247505067e-06,False,False,False,False,False,False,False,False,False,False,False,False,False,-2,-2,False,2.65,False,False,False,4.137435531616211,1406.452,1,0.00015773844223,2.3227724612097e-05,230,563,False,563.0,False,False,False,False,6.943272756237403,0.9647991101563856,0.1388947197448436,0.02046040646663993,0.02114351644913286,0.1472453501520514
ARGFDYGDAPGYFDY,H1-69,UNK,True,23,1,1,1,0.00015773844223,3.3353567831150897e-06,2.3227724612097e-05,3.227597247505067e-06,False,False,False,False,False,False,False,False,False,False,False,False,False,-2,-2,False,2.2333333333333334,False,False,False,4.050025558471679,1713.7552999999998,1,0.00015773844223,2.3227724612097e-05,266,564,False,564.0,True,True,False,False,6.943272756237403,0.9647991101563856,0.1388947197448436,0.02046040646663993,0.02114351644913286,0.1472453501520514
ARGLRATDFPQAFDI,H1-69,K1-39,True,23,1,1,1,0.00015773844223,3.3353567831150897e-06,2.3227724612097e-05,3.227597247505067e-06,False,False,False,False,False,False,False,False,False,False,False,False,False,0,0,False,1.2066666666666668,False,False,False,6.005810928344727,1677.8575999999998,2,0.00015773844223,2.3227724612097e-05,283,565,False,565.0,False,False,False,False,6.943272756237403,0.9647991101563856,0.1388947197448436,0.02046040646663993,0.02114351644913286,0.1472453501520514
ARGPYPGDIVLYFDY,H1-69,K3-20,True,23,1,1,1,0.00015773844223,3.3353567831150897e-06,2.3227724612097e-05,3.227597247505067e-06,False,False,False,False,False,False,False,False,False,False,False,False,False,-1,-1,False,0.4066666666666668,False,False,False,4.207874679565429,1745.9263,1,0.00015773844223,2.3227724612097e-05,301,566,False,566.0,True,True,False,False,6.943272756237403,0.9647991101563856,0.1388947197448436,0.02046040646663993,0.02114351644913286,0.1472453501520514
ARGPYPGDIVLYFDY,H3-23_A,K3-15,True,23,1,1,1,0.00015773844223,3.3353567831150897e-06,2.3227724612097e-05,3.227597247505067e-06,False,False,False,False,False,False,False,False,False,False,False,False,False,-1,-1,False,0.4066666666666668,False,False,False,4.207874679565429,1745.9263,1,0.00015773844223,2.3227724612097e-05,301,567,False,567.0,True,False,False,False,6.943272756237403,0.9647991101563856,0.1388947197448436,0.02046040646663993,0.02114351644913286,0.1472453501520514
ARGYLTQLTWPFDY,H4-34,K3-15,True,23,1,1,1,0.00015773844223,3.3353567831150897e-06,2.3227724612097e-05,3.227597247505067e-06,False,False,False,False,False,False,False,False,False,False,False,False,False,0,0,False,-0.064285714285714,False,False,False,5.87944984436035,1730.9151,1,0.00015773844223,2.3227724612097e-05,346,568,False,568.0,False,False,False,False,6.943272756237403,0.9647991101563856,0.1388947197448436,0.02046040646663993,0.02114351644913286,0.1472453501520514
ARHGEYATSRFDY,H3-23_A,K4-1,True,23,1,1,1,0.00015773844223,3.3353567831150897e-06,2.3227724612097e-05,3.227597247505067e-06,False,False,False,False,False,False,False,False,False,False,False,False,False,0,1,False,2.838461538461538,False,False,False,6.795363235473633,1572.6359,2,0.00015773844223,2.3227724612097e-05,359,569,False,569.0,False,False,False,False,6.943272756237403,0.9647991101563856,0.1388947197448436,0.02046040646663993,0.02114351644913286,0.1472453501520514
ARIGERAFLDYPGYFDI,H1-69,K3-20,True,23,1,1,1,0.00015773844223,3.3353567831150897e-06,2.3227724612097e-05,3.227597247505067e-06,False,False,False,False,False,False,False,False,False,False,False,False,False,-1,-1,False,0.3823529411764708,False,False,False,4.558281326293945,2003.2159,2,0.00015773844223,2.3227724612097e-05,389,570,False,570.0,True,True,False,False,6.943272756237403,0.9647991101563856,0.1388947197448436,0.02046040646663993,0.02114351644913286,0.1472453501520514
ARIYAQGDAPYPFDY,H3-7_A,K3-20,True,23,1,1,1,0.00015773844223,3.3353567831150897e-06,2.3227724612097e-05,3.227597247505067e-06,False,False,False,False,False,False,False,False,False,False,False,False,False,-1,-1,False,1.5666666666666669,False,False,False,4.207874679565429,1746.8714,1,0.00015773844223,2.3227724612097e-05,405,571,False,571.0,False,False,False,False,6.943272756237403,0.9647991101563856,0.1388947197448436,0.02046040646663993,0.02114351644913286,0.1472453501520514
ARLHGTGLVYVFDY,H5-51,K3-15,True,23,1,1,1,0.00015773844223,3.3353567831150897e-06,2.3227724612097e-05,3.227597247505067e-06,False,False,False,False,False,False,False,False,False,False,False,False,False,0,1,False,-0.2714285714285712,False,False,False,6.787184524536133,1610.8094999999998,1,0.00015773844223,2.3227724612097e-05,433,572,False,572.0,False,False,False,False,6.943272756237403,0.9647991101563856,0.1388947197448436,0.02046040646663993,0.02114351644913286,0.1472453501520514
ARTSQSWYHFDY,H4-34,K3-15,True,23,1,1,1,0.00015773844223,3.3353567831150897e-06,2.3227724612097e-05,3.227597247505067e-06,False,False,False,True,False,False,False,False,False,False,False,False,False,0,1,False,1.6333333333333335,False,False,False,6.787184524536133,1560.6234,1,0.00015773844223,2.3227724612097e-05,576,574,False,574.0,False,False,False,False,6.943272756237403,0.9647991101563856,0.1388947197448436,0.02046040646663993,0.02114351644913286,0.1472453501520514
ARVDEDNQPNKPFDI,H4-34,K3-20,True,23,1,1,1,0.00015773844223,3.3353567831150897e-06,2.3227724612097e-05,3.227597247505067e-06,False,False,False,False,False,False,False,False,False,True,False,False,False,-2,-2,False,3.54,False,False,False,4.226021194458009,1757.8546,1,0.00015773844223,2.3227724612097e-05,585,575,False,575.0,False,False,False,False,6.943272756237403,0.9647991101563856,0.1388947197448436,0.02046040646663993,0.02114351644913286,0.1472453501520514
ARVELYAGLDY,H4-34,K4-1,True,23,1,1,1,0.00015773844223,3.3353567831150897e-06,2.3227724612097e-05,3.227597247505067e-06,False,False,False,False,False,False,False,False,False,False,False,False,False,-1,-1,False,0.5454545454545456,False,False,False,4.370375442504883,1269.4021,1,0.00015773844223,2.3227724612097e-05,587,576,False,576.0,False,False,False,False,6.943272756237403,0.9647991101563856,0.1388947197448436,0.02046040646663993,0.02114351644913286,0.1472453501520514
ARVRYPSGVSEDAFDY,H4-34,K3-15,True,23,1,1,1,0.00015773844223,3.3353567831150897e-06,2.3227724612097e-05,3.227597247505067e-06,False,False,False,False,False,False,False,False,False,True,False,False,False,-1,-1,False,2.5500000000000003,False,False,False,4.558281326293945,1831.9346,2,0.00015773844223,2.3227724612097e-05,620,577,False,577.0,False,False,False,False,6.943272756237403,0.9647991101563856,0.1388947197448436,0.02046040646663993,0.02114351644913286,0.1472453501520514
ARVTLSGTKRFDI,H3-23_A,K1-39,True,23,1,1,1,0.00015773844223,3.3353567831150897e-06,2.3227724612097e-05,3.227597247505067e-06,False,False,False,False,False,False,False,False,False,False,False,False,False,2,2,False,1.438461538461539,False,False,False,10.835224914550782,1463.6807,2,0.00015773844223,2.3227724612097e-05,627,579,False,579.0,False,False,False,False,6.943272756237403,0.9647991101563856,0.1388947197448436,0.02046040646663993,0.02114351644913286,0.1472453501520514
ARAGHDLGRFDY,H5-51,K3-20,True,22,1,1,1,0.0001508802490895,3.3353567831150897e-06,2.3227724612097e-05,3.227597247505067e-06,False,False,False,False,False,False,False,False,False,False,False,False,False,0,1,False,2.1500000000000004,False,False,False,6.791580581665039,1377.4638,2,0.0001508802490895,2.3227724612097e-05,13,580,False,580.0,False,False,False,False,6.943272756237403,0.9647991101563856,0.1388947197448436,0.021390363306979698,0.022104521685405498,0.15393787704810244
ARAHTWGNYAFDY,H4-34,K4-1,True,22,1,1,1,0.0001508802490895,3.3353567831150897e-06,2.3227724612097e-05,3.227597247505067e-06,False,False,False,False,False,False,False,False,False,False,False,False,False,0,1,False,1.3461538461538465,False,False,False,6.787184524536133,1571.6492999999998,1,0.0001508802490895,2.3227724612097e-05,31,581,False,581.0,False,False,False,False,6.943272756237403,0.9647991101563856,0.1388947197448436,0.021390363306979698,0.022104521685405498,0.15393787704810244
ARDILGQFSVPFDY,H1-69,K3-15,True,22,1,1,1,0.0001508802490895,3.3353567831150897e-06,2.3227724612097e-05,3.227597247505067e-06,False,False,False,False,False,False,False,False,False,False,False,False,False,-1,-1,False,0.3857142857142858,False,False,False,4.207874679565429,1627.7937,1,0.0001508802490895,2.3227724612097e-05,101,582,False,582.0,True,True,False,False,6.943272756237403,0.9647991101563856,0.1388947197448436,0.021390363306979698,0.022104521685405498,0.15393787704810244
ARDLWGTSFDY,H3-23_A,K3-20,True,22,1,1,1,0.0001508802490895,3.3353567831150897e-06,2.3227724612097e-05,3.227597247505067e-06,False,False,False,False,False,False,False,False,False,False,False,False,False,-1,-1,False,1.2181818181818185,False,False,False,4.207874679565429,1330.4007,1,0.0001508802490895,2.3227724612097e-05,120,584,False,584.0,False,False,False,False,6.943272756237403,0.9647991101563856,0.1388947197448436,0.021390363306979698,0.022104521685405498,0.15393787704810244
ARFSRQLTYWDYFDP,H3-23_A,K1-39,True,22,1,1,1,0.0001508802490895,3.3353567831150897e-06,2.3227724612097e-05,3.227597247505067e-06,False,False,False,False,True,False,False,False,False,False,False,False,False,0,0,False,0.5933333333333335,False,False,False,6.004021835327148,1965.1265000000003,2,0.0001508802490895,2.3227724612097e-05,247,585,False,585.0,False,False,False,False,6.943272756237403,0.9647991101563856,0.1388947197448436,0.021390363306979698,0.022104521685405498,0.15393787704810244
ARGPDAFGASTGFDI,H3-23_A,K3-20,True,22,1,1,1,0.0001508802490895,3.3353567831150897e-06,2.3227724612097e-05,3.227597247505067e-06,False,False,False,False,False,False,False,False,False,False,False,False,False,-1,-1,False,2.333333333333333,False,False,False,4.207874679565429,1481.565,1,0.0001508802490895,2.3227724612097e-05,291,586,False,586.0,False,False,False,False,6.943272756237403,0.9647991101563856,0.1388947197448436,0.021390363306979698,0.022104521685405498,0.15393787704810244
ARGSYVFGLVNPFDI,H3-23_A,K3-20,True,22,1,1,1,0.0001508802490895,3.3353567831150897e-06,2.3227724612097e-05,3.227597247505067e-06,False,False,False,False,False,False,False,False,False,False,False,False,False,0,0,False,-0.1066666666666665,False,False,False,5.880318832397459,1654.862,1,0.0001508802490895,2.3227724612097e-05,328,587,False,587.0,False,False,False,False,6.943272756237403,0.9647991101563856,0.1388947197448436,0.021390363306979698,0.022104521685405498,0.15393787704810244
ARGYGEQWGSAAFDI,H3-23_A,K3-20,True,22,1,1,1,0.0001508802490895,3.3353567831150897e-06,2.3227724612097e-05,3.227597247505067e-06,False,False,False,False,False,False,False,False,False,False,False,False,False,-1,-1,False,1.92,False,False,False,4.370375442504883,1627.7109999999998,1,0.0001508802490895,2.3227724612097e-05,341,588,False,588.0,False,False,False,False,6.943272756237403,0.9647991101563856,0.1388947197448436,0.021390363306979698,0.022104521685405498,0.15393787704810244
ARHEYAYTDLFDY,H3-23_A,K4-1,True,22,1,1,1,0.0001508802490895,3.3353567831150897e-06,2.3227724612097e-05,3.227597247505067e-06,False,False,False,False,False,False,False,False,False,False,False,False,False,-2,-1,False,1.4923076923076926,False,False,False,4.536607742309571,1663.7397999999998,1,0.0001508802490895,2.3227724612097e-05,357,589,False,589.0,False,False,False,False,6.943272756237403,0.9647991101563856,0.1388947197448436,0.021390363306979698,0.022104521685405498,0.15393787704810244
ARHTYRSWYFDY,H4-34,K4-1,True,22,1,1,1,0.0001508802490895,3.3353567831150897e-06,2.3227724612097e-05,3.227597247505067e-06,False,False,False,True,False,False,False,False,False,False,False,False,False,1,2,False,0.7833333333333335,False,False,False,8.545542907714843,1664.7758,2,0.0001508802490895,2.3227724612097e-05,383,590,False,590.0,False,False,False,False,6.943272756237403,0.9647991101563856,0.1388947197448436,0.021390363306979698,0.022104521685405498,0.15393787704810244
ARIGILIQSGPFDY,H5-51,K4-1,True,22,1,1,1,0.0001508802490895,3.3353567831150897e-06,2.3227724612097e-05,3.227597247505067e-06,False,False,False,False,False,False,False,False,False,False,False,False,False,0,0,False,-0.1428571428571427,False,False,False,5.880318832397459,1549.7679999999998,1,0.0001508802490895,2.3227724612097e-05,390,591,False,591.0,False,False,False,False,6.943272756237403,0.9647991101563856,0.1388947197448436,0.021390363306979698,0.022104521685405498,0.15393787704810244
ARLSGIGVAFDY,H5-51,K3-20,True,22,1,1,1,0.0001508802490895,3.3353567831150897e-06,2.3227724612097e-05,3.227597247505067e-06,False,False,False,False,False,False,False,False,False,False,False,False,False,0,0,False,0.3583333333333335,False,False,False,5.880318832397459,1268.4172999999998,1,0.0001508802490895,2.3227724612097e-05,455,592,False,592.0,False,False,False,False,6.943272756237403,0.9647991101563856,0.1388947197448436,0.021390363306979698,0.022104521685405498,0.15393787704810244
ARLYSSSAFYFDY,H4-34,K3-20,True,22,1,1,1,0.0001508802490895,3.3353567831150897e-06,2.3227724612097e-05,3.227597247505067e-06,False,False,False,True,False,False,False,False,False,False,False,False,False,0,0,False,0.3538461538461541,False,False,False,5.87858085632324,1589.7009,1,0.0001508802490895,2.3227724612097e-05,466,593,False,593.0,False,False,False,False,6.943272756237403,0.9647991101563856,0.1388947197448436,0.021390363306979698,0.022104521685405498,0.15393787704810244
ARPSGEGDRPVAFDI,H3-23_A,K1-39,True,22,1,1,1,0.0001508802490895,3.3353567831150897e-06,2.3227724612097e-05,3.227597247505067e-06,False,False,False,False,False,False,False,False,False,True,False,False,False,-1,-1,False,2.773333333333333,False,False,False,4.558281326293945,1586.7040000000002,2,0.0001508802490895,2.3227724612097e-05,497,594,False,594.0,False,False,False,False,6.943272756237403,0.9647991101563856,0.1388947197448436,0.021390363306979698,0.022104521685405498,0.15393787704810244
ARQIAAEWLSLPYFDY,H4-34,K3-20,True,22,1,1,1,0.0001508802490895,3.3353567831150897e-06,2.3227724612097e-05,3.227597247505067e-06,False,False,False,False,False,False,False,False,False,False,False,False,False,-1,-1,False,-0.4062499999999998,False,False,False,4.370375442504883,1943.1607,1,0.0001508802490895,2.3227724612097e-05,518,595,False,595.0,False,False,False,False,6.943272756237403,0.9647991101563856,0.1388947197448436,0.021390363306979698,0.022104521685405498,0.15393787704810244
ARVILPSDAPYPFDY,H4-34,K3-20,True,22,1,1,1,0.0001508802490895,3.3353567831150897e-06,2.3227724612097e-05,3.227597247505067e-06,False,False,False,False,False,False,False,False,False,False,False,False,False,-1,-1,False,0.4866666666666668,False,False,False,4.207874679565429,1723.9209,1,0.0001508802490895,2.3227724612097e-05,593,596,False,596.0,False,False,False,False,6.943272756237403,0.9647991101563856,0.1388947197448436,0.021390363306979698,0.022104521685405498,0.15393787704810244
ARWYVTGSADYFDY,H3-23_A,K3-20,True,22,1,1,1,0.0001508802490895,3.3353567831150897e-06,2.3227724612097e-05,3.227597247505067e-06,False,False,False,False,False,False,False,False,False,False,False,False,False,-1,-1,False,1.2285714285714289,False,False,False,4.207874679565429,1713.7984,1,0.0001508802490895,2.3227724612097e-05,648,597,False,597.0,False,False,False,False,6.943272756237403,0.9647991101563856,0.1388947197448436,0.021390363306979698,0.022104521685405498,0.15393787704810244
ARAHTSDRWYSFDY,H4-34,K4-1,True,21,1,1,1,0.0001440220559491,3.3353567831150897e-06,2.3227724612097e-05,3.227597247505067e-06,False,False,False,False,False,False,False,False,False,False,False,False,False,0,1,False,2.1357142857142857,False,False,False,6.790507125854492,1774.8452,2,0.0001440220559491,2.3227724612097e-05,30,598,False,598.0,False,False,False,False,6.943272756237403,0.9647991101563856,0.1388947197448436,0.022408881316293084,0.023157044875439278,0.1612677432050649
ARAIYGLWTFDY,H4-34,K3-20,True,21,1,1,1,0.0001440220559491,3.3353567831150897e-06,2.3227724612097e-05,3.227597247505067e-06,False,False,False,False,False,False,False,False,False,False,False,False,False,0,0,False,-0.9083333333333332,False,False,False,5.87944984436035,1475.6447,1,0.0001440220559491,2.3227724612097e-05,33,599,False,599.0,False,False,False,False,6.943272756237403,0.9647991101563856,0.1388947197448436,0.022408881316293084,0.023157044875439278,0.1612677432050649
ARALSRDYGPGYPVFDY,H5-51,K3-15,True,21,1,1,1,0.0001440220559491,3.3353567831150897e-06,2.3227724612097e-05,3.227597247505067e-06,False,False,False,False,False,False,False,False,False,False,False,False,False,0,0,False,1.5823529411764707,False,False,False,6.003152847290039,1947.1096,2,0.0001440220559491,2.3227724612097e-05,37,600,False,600.0,False,False,False,False,6.943272756237403,0.9647991101563856,0.1388947197448436,0.022408881316293084,0.023157044875439278,0.1612677432050649
ARAYRSADWPVAFDI,H4-34,K3-15,True,21,1,1,1,0.0001440220559491,3.3353567831150897e-06,2.3227724612097e-05,3.227597247505067e-06,False,False,False,False,False,False,False,False,False,False,False,False,False,0,0,False,0.8400000000000001,False,False,False,6.004890823364257,1737.9110999999998,2,0.0001440220559491,2.3227724612097e-05,76,601,False,601.0,True,False,False,False,6.943272756237403,0.9647991101563856,0.1388947197448436,0.022408881316293084,0.023157044875439278,0.1612677432050649
ARDEVARPQTFDY,H4-34,K3-20,True,21,1,1,1,0.0001440220559491,3.3353567831150897e-06,2.3227724612097e-05,3.227597247505067e-06,False,False,False,False,False,False,False,False,False,True,False,False,False,-1,-1,False,2.9923076923076923,False,False,False,4.558281326293945,1567.6576,2,0.0001440220559491,2.3227724612097e-05,90,602,False,602.0,False,False,False,False,6.943272756237403,0.9647991101563856,0.1388947197448436,0.022408881316293084,0.023157044875439278,0.1612677432050649
ARDILGQFSVPFDY,H4-34,K3-20,True,21,1,1,1,0.0001440220559491,3.3353567831150897e-06,2.3227724612097e-05,3.227597247505067e-06,False,False,False,False,False,False,False,False,False,False,False,False,False,-1,-1,False,0.3857142857142858,False,False,False,4.207874679565429,1627.7937,1,0.0001440220559491,2.3227724612097e-05,101,603,False,603.0,True,False,False,False,6.943272756237403,0.9647991101563856,0.1388947197448436,0.022408881316293084,0.023157044875439278,0.1612677432050649
ARDLRSSGSYHFDY,H4-34,K3-20,True,21,1,1,1,0.0001440220559491,3.3353567831150897e-06,2.3227724612097e-05,3.227597247505067e-06,False,False,False,True,False,False,False,False,False,False,False,False,False,0,1,False,2.542857142857143,False,False,False,6.790507125854492,1673.7397,2,0.0001440220559491,2.3227724612097e-05,116,604,False,604.0,False,False,False,False,6.943272756237403,0.9647991101563856,0.1388947197448436,0.022408881316293084,0.023157044875439278,0.1612677432050649
AREGVRQSGEFDY,UNK,K3-20,True,21,1,1,1,0.0001440220559491,3.3353567831150897e-06,2.3227724612097e-05,3.227597247505067e-06,False,False,False,False,False,False,False,False,False,True,False,False,False,-1,-1,False,3.476923076923077,False,False,False,4.6793262481689455,1513.5671,2,0.0001440220559491,2.3227724612097e-05,189,606,False,606.0,True,False,False,False,6.943272756237403,0.9647991101563856,0.1388947197448436,0.022408881316293084,0.023157044875439278,0.1612677432050649
ARELPHRPQGYSGFDY,H1-69,K3-20,True,21,1,1,1,0.0001440220559491,3.3353567831150897e-06,2.3227724612097e-05,3.227597247505067e-06,False,False,False,False,False,False,False,False,False,False,False,False,False,0,1,False,2.2687500000000003,False,False,False,6.795363235473633,1893.0226,2,0.0001440220559491,2.3227724612097e-05,201,607,False,607.0,False,False,False,False,6.943272756237403,0.9647991101563856,0.1388947197448436,0.022408881316293084,0.023157044875439278,0.1612677432050649
AREPGYDWGPFDY,H1-69,K3-20,True,21,1,1,1,0.0001440220559491,3.3353567831150897e-06,2.3227724612097e-05,3.227597247505067e-06,False,False,False,False,False,False,False,False,False,False,False,False,False,-2,-2,False,2.053846153846154,False,False,False,4.050025558471679,1572.6308,1,0.0001440220559491,2.3227724612097e-05,209,608,False,608.0,False,False,False,False,6.943272756237403,0.9647991101563856,0.1388947197448436,0.022408881316293084,0.023157044875439278,0.1612677432050649
ARESTAGYWTAFDY,H1-69,K3-15,True,21,1,1,1,0.0001440220559491,3.3353567831150897e-06,2.3227724612097e-05,3.227597247505067e-06,False,False,False,False,False,False,False,False,False,False,False,False,False,-1,-1,False,1.992857142857143,False,False,False,4.370375442504883,1637.7025999999998,1,0.0001440220559491,2.3227724612097e-05,224,609,False,609.0,True,True,False,False,6.943272756237403,0.9647991101563856,0.1388947197448436,0.022408881316293084,0.023157044875439278,0.1612677432050649
ARFLRHYSFPYAFDP,H4-34,K1-39,True,21,1,1,1,0.0001440220559491,3.3353567831150897e-06,2.3227724612097e-05,3.227597247505067e-06,False,False,False,False,True,False,False,False,False,False,False,False,False,1,2,False,-0.3466666666666664,False,False,False,8.638685607910158,1887.1023,2,0.0001440220559491,2.3227724612097e-05,243,610,False,610.0,False,False,False,False,6.943272756237403,0.9647991101563856,0.1388947197448436,0.022408881316293084,0.023157044875439278,0.1612677432050649
ARFSVYSGSFDY,H3-23_A,K3-20,True,21,1,1,1,0.0001440220559491,3.3353567831150897e-06,2.3227724612097e-05,3.227597247505067e-06,False,False,False,False,False,False,False,False,False,False,False,False,False,0,0,False,1.3,False,False,False,5.87944984436035,1398.4745,1,0.0001440220559491,2.3227724612097e-05,248,611,False,611.0,False,False,False,False,6.943272756237403,0.9647991101563856,0.1388947197448436,0.022408881316293084,0.023157044875439278,0.1612677432050649
ARGAFGKWTDWPSAFDY,H4-34,K1-39,True,21,1,1,1,0.0001440220559491,3.3353567831150897e-06,2.3227724612097e-05,3.227597247505067e-06,False,False,False,False,False,False,False,False,False,False,False,False,False,0,0,False,1.241176470588235,False,False,False,6.004021835327148,1975.1214,1,0.0001440220559491,2.3227724612097e-05,253,612,False,612.0,True,False,False,False,6.943272756237403,0.9647991101563856,0.1388947197448436,0.022408881316293084,0.023157044875439278,0.1612677432050649
ARGLRATDFPQAFDI,H5-51,UNK,True,21,1,1,1,0.0001440220559491,3.3353567831150897e-06,2.3227724612097e-05,3.227597247505067e-06,False,False,False,False,False,False,False,False,False,False,False,False,False,0,0,False,1.2066666666666668,False,False,False,6.005810928344727,1677.8575999999998,2,0.0001440220559491,2.3227724612097e-05,283,613,False,613.0,False,False,False,False,6.943272756237403,0.9647991101563856,0.1388947197448436,0.022408881316293084,0.023157044875439278,0.1612677432050649
ARGPRGDWPWYFDY,H1-69,K4-1,True,21,1,1,1,0.0001440220559491,3.3353567831150897e-06,2.3227724612097e-05,3.227597247505067e-06,False,False,False,True,False,False,False,False,False,False,False,False,False,0,0,False,0.9357142857142858,False,False,False,6.004021835327148,1785.9124,2,0.0001440220559491,2.3227724612097e-05,295,614,False,614.0,True,True,False,False,6.943272756237403,0.9647991101563856,0.1388947197448436,0.022408881316293084,0.023157044875439278,0.1612677432050649
ARGPTPYTSYRNYGFDP,H4-34,K3-20,True,21,1,1,1,0.0001440220559491,3.3353567831150897e-06,2.3227724612097e-05,3.227597247505067e-06,False,False,False,False,True,False,False,False,False,False,False,False,False,1,1,False,2.7764705882352945,False,False,False,8.539295959472657,1962.0813,2,0.0001440220559491,2.3227724612097e-05,299,615,False,615.0,False,False,False,False,6.943272756237403,0.9647991101563856,0.1388947197448436,0.022408881316293084,0.023157044875439278,0.1612677432050649
ARHGQSGDYPWHFDY,UNK,K3-15,True,21,1,1,1,0.0001440220559491,3.3353567831150897e-06,2.3227724612097e-05,3.227597247505067e-06,False,False,False,True,False,False,False,False,False,False,False,False,False,-1,1,False,2.2333333333333334,False,False,False,5.982194900512695,1835.8867,1,0.0001440220559491,2.3227724612097e-05,364,616,False,616.0,True,False,False,False,6.943272756237403,0.9647991101563856,0.1388947197448436,0.022408881316293084,0.023157044875439278,0.1612677432050649
ARHLLSGDRLPYAFDP,H3-7_A,K3-20,True,21,1,1,1,0.0001440220559491,3.3353567831150897e-06,2.3227724612097e-05,3.227597247505067e-06,False,False,False,False,True,False,False,False,False,False,False,False,False,0,1,False,0.7750000000000002,False,False,False,6.791580581665039,1828.0354,2,0.0001440220559491,2.3227724612097e-05,372,617,False,617.0,False,False,False,False,6.943272756237403,0.9647991101563856,0.1388947197448436,0.022408881316293084,0.023157044875439278,0.1612677432050649
ARHYQYRGLFDY,H4-34,K4-1,True,21,1,1,1,0.0001440220559491,3.3353567831150897e-06,2.3227724612097e-05,3.227597247505067e-06,False,False,False,False,False,False,False,False,False,False,False,False,False,1,2,False,0.8500000000000002,False,False,False,8.545542907714843,1588.7228,2,0.0001440220559491,2.3227724612097e-05,385,618,False,618.0,False,False,False,False,6.943272756237403,0.9647991101563856,0.1388947197448436,0.022408881316293084,0.023157044875439278,0.1612677432050649
ARKLPGTGSVPFDY,H3-23_A,K3-20,True,21,1,1,1,0.0001440220559491,3.3353567831150897e-06,2.3227724612097e-05,3.227597247505067e-06,False,False,False,False,False,False,False,False,False,False,False,False,False,1,1,False,1.8071428571428572,False,False,False,8.63377227783203,1507.6883999999998,1,0.0001440220559491,2.3227724612097e-05,410,619,False,619.0,False,False,False,False,6.943272756237403,0.9647991101563856,0.1388947197448436,0.022408881316293084,0.023157044875439278,0.1612677432050649
ARLDYEHQADAFDY,H5-51,K3-15,True,21,1,1,1,0.0001440220559491,3.3353567831150897e-06,2.3227724612097e-05,3.227597247505067e-06,False,False,False,False,False,False,False,False,False,True,False,False,False,-3,-2,False,2.442857142857143,False,False,False,4.2192737579345705,1713.7571999999998,1,0.0001440220559491,2.3227724612097e-05,419,620,False,620.0,False,False,False,False,6.943272756237403,0.9647991101563856,0.1388947197448436,0.022408881316293084,0.023157044875439278,0.1612677432050649
ARLGRIYGYGFDY,H4-34,K3-20,True,21,1,1,1,0.0001440220559491,3.3353567831150897e-06,2.3227724612097e-05,3.227597247505067e-06,False,False,False,False,False,False,False,False,False,False,False,False,False,1,1,False,0.4230769230769233,False,False,False,8.539295959472657,1550.7144999999998,2,0.0001440220559491,2.3227724612097e-05,428,621,False,621.0,False,False,False,False,6.943272756237403,0.9647991101563856,0.1388947197448436,0.022408881316293084,0.023157044875439278,0.1612677432050649
ARLKGEQYSPDNFDP,H5-51,K3-15,True,21,1,1,1,0.0001440220559491,3.3353567831150897e-06,2.3227724612097e-05,3.227597247505067e-06,False,False,False,False,True,False,False,False,False,False,False,False,False,-1,-1,False,3.26,False,False,False,4.558281326293945,1736.8354,1,0.0001440220559491,2.3227724612097e-05,436,622,False,622.0,False,False,False,False,6.943272756237403,0.9647991101563856,0.1388947197448436,0.022408881316293084,0.023157044875439278,0.1612677432050649
ARLLSGTSWAVDFDY,H4-34,K3-15,True,21,1,1,1,0.0001440220559491,3.3353567831150897e-06,2.3227724612097e-05,3.227597247505067e-06,False,False,False,False,False,False,False,False,False,True,False,False,False,-1,-1,False,0.6066666666666669,False,False,False,4.207874679565429,1700.8445000000002,1,0.0001440220559491,2.3227724612097e-05,439,623,False,623.0,False,False,False,False,6.943272756237403,0.9647991101563856,0.1388947197448436,0.022408881316293084,0.023157044875439278,0.1612677432050649
ARLQRIADLPGAFDI,H1-69,UNK,True,21,1,1,1,0.0001440220559491,3.3353567831150897e-06,2.3227724612097e-05,3.227597247505067e-06,False,False,False,False,False,False,False,False,False,False,False,False,False,0,0,False,0.3266666666666669,False,False,False,6.005810928344727,1655.8950999999995,2,0.0001440220559491,2.3227724612097e-05,448,624,False,624.0,True,True,False,False,6.943272756237403,0.9647991101563856,0.1388947197448436,0.022408881316293084,0.023157044875439278,0.1612677432050649
ARLSRGAYWYFDY,H3-23_A,K4-1,True,21,1,1,1,0.0001440220559491,3.3353567831150897e-06,2.3227724612097e-05,3.227597247505067e-06,False,False,False,True,False,False,False,False,False,False,False,False,False,1,1,False,0.053846153846154,False,False,False,8.539295959472657,1667.8194,2,0.0001440220559491,2.3227724612097e-05,457,626,False,626.0,False,False,False,False,6.943272756237403,0.9647991101563856,0.1388947197448436,0.022408881316293084,0.023157044875439278,0.1612677432050649
ARPYWAYYAFDY,H4-34,K1-39,True,21,1,1,1,0.0001440220559491,3.3353567831150897e-06,2.3227724612097e-05,3.227597247505067e-06,False,False,False,False,False,False,False,False,False,False,False,False,False,0,0,False,-0.3499999999999998,False,False,False,5.877711868286132,1585.7138,1,0.0001440220559491,2.3227724612097e-05,505,628,False,628.0,False,False,False,False,6.943272756237403,0.9647991101563856,0.1388947197448436,0.022408881316293084,0.023157044875439278,0.1612677432050649
ARQPGRGLWGFDY,H4-34,K3-15,True,21,1,1,1,0.0001440220559491,3.3353567831150897e-06,2.3227724612097e-05,3.227597247505067e-06,False,False,False,False,False,False,False,False,False,False,False,False,False,1,1,False,1.1846153846153848,False,False,False,8.79022674560547,1522.6647999999998,2,0.0001440220559491,2.3227724612097e-05,525,630,False,630.0,False,False,False,False,6.943272756237403,0.9647991101563856,0.1388947197448436,0.022408881316293084,0.023157044875439278,0.1612677432050649
ARSISSGSLYGTAFDP,H5-51,K3-15,True,21,1,1,1,0.0001440220559491,3.3353567831150897e-06,2.3227724612097e-05,3.227597247505067e-06,False,False,False,False,True,False,False,False,False,False,False,False,False,0,0,False,2.1750000000000003,False,False,False,5.880318832397459,1628.7373,1,0.0001440220559491,2.3227724612097e-05,542,631,False,631.0,False,False,False,False,6.943272756237403,0.9647991101563856,0.1388947197448436,0.022408881316293084,0.023157044875439278,0.1612677432050649
ARTGLYIASPAFDY,H4-34,K3-20,True,21,1,1,1,0.0001440220559491,3.3353567831150897e-06,2.3227724612097e-05,3.227597247505067e-06,False,False,False,False,False,False,False,False,False,False,False,False,False,0,0,False,0.7000000000000002,False,False,False,5.87944984436035,1544.7052,1,0.0001440220559491,2.3227724612097e-05,562,632,False,632.0,False,False,False,False,6.943272756237403,0.9647991101563856,0.1388947197448436,0.022408881316293084,0.023157044875439278,0.1612677432050649
ARVLWSRAGFDY,H3-23_A,K4-1,True,21,1,1,1,0.0001440220559491,3.3353567831150897e-06,2.3227724612097e-05,3.227597247505067e-06,False,False,False,False,False,False,False,False,False,False,False,False,False,1,1,False,0.0666666666666668,False,False,False,8.79022674560547,1440.604,2,0.0001440220559491,2.3227724612097e-05,606,634,False,634.0,False,False,False,False,6.943272756237403,0.9647991101563856,0.1388947197448436,0.022408881316293084,0.023157044875439278,0.1612677432050649
ARWGDLYGHGFDY,H3-23_A,K3-20,True,21,1,1,1,0.0001440220559491,3.3353567831150897e-06,2.3227724612097e-05,3.227597247505067e-06,False,False,False,False,False,False,False,False,False,False,False,False,False,-1,0,False,1.0230769230769232,False,False,False,5.212373733520507,1556.6346,1,0.0001440220559491,2.3227724612097e-05,641,635,False,635.0,False,False,False,False,6.943272756237403,0.9647991101563856,0.1388947197448436,0.022408881316293084,0.023157044875439278,0.1612677432050649
ARYLGPYPLGLFDY,H4-34,K3-15,True,21,1,1,1,0.0001440220559491,3.3353567831150897e-06,2.3227724612097e-05,3.227597247505067e-06,False,False,False,False,False,False,False,False,False,False,False,False,False,0,0,False,-0.7571428571428569,False,False,False,5.87858085632324,1644.8655,1,0.0001440220559491,2.3227724612097e-05,659,636,False,636.0,False,False,False,False,6.943272756237403,0.9647991101563856,0.1388947197448436,0.022408881316293084,0.023157044875439278,0.1612677432050649
ARAVLKRSGFDY,H4-34,K3-15,True,20,1,1,1,0.0001371638628087,3.3353567831150897e-06,2.3227724612097e-05,3.227597247505067e-06,False,False,False,False,False,False,False,False,False,False,False,False,False,2,2,False,1.3750000000000002,False,False,False,9.98676300048828,1382.5664,2,0.0001371638628087,2.3227724612097e-05,67,637,False,637.0,False,False,False,False,6.943272756237403,0.9647991101563856,0.1388947197448436,0.023529243701522148,0.02431481271156236,0.1693305425428599
ARDLYTSLLYAFDY,H1-69,K1-39,True,20,1,1,1,0.0001371638628087,3.3353567831150897e-06,2.3227724612097e-05,3.227597247505067e-06,False,False,False,False,False,False,False,False,False,False,False,False,False,-1,-1,False,-0.1714285714285711,False,False,False,4.207874679565429,1710.879,1,0.0001371638628087,2.3227724612097e-05,123,638,False,638.0,False,False,False,False,6.943272756237403,0.9647991101563856,0.1388947197448436,0.023529243701522148,0.02431481271156236,0.1693305425428599
ARDPRSYGPEAFDY,H4-34,K3-20,True,20,1,1,1,0.0001371638628087,3.3353567831150897e-06,2.3227724612097e-05,3.227597247505067e-06,False,False,False,False,True,False,False,False,False,False,False,False,False,-1,-1,False,3.128571428571429,False,False,False,4.558281326293945,1643.7105,2,0.0001371638628087,2.3227724612097e-05,131,639,False,639.0,False,False,False,False,6.943272756237403,0.9647991101563856,0.1388947197448436,0.023529243701522148,0.02431481271156236,0.1693305425428599
ARDRHYQAPYLFDY,H4-34,K3-20,True,20,1,1,1,0.0001371638628087,3.3353567831150897e-06,2.3227724612097e-05,3.227597247505067e-06,False,False,False,False,False,False,False,False,False,False,False,False,False,0,1,False,1.335714285714286,False,False,False,6.789382553100586,1814.952,2,0.0001371638628087,2.3227724612097e-05,143,641,False,641.0,False,False,False,False,6.943272756237403,0.9647991101563856,0.1388947197448436,0.023529243701522148,0.02431481271156236,0.1693305425428599
AREGVRQSGEFDY,H1-69,K4-1,True,20,1,1,1,0.0001371638628087,3.3353567831150897e-06,2.3227724612097e-05,3.227597247505067e-06,False,False,False,False,False,False,False,False,False,True,False,False,False,-1,-1,False,3.476923076923077,False,False,False,4.6793262481689455,1513.5671,2,0.0001371638628087,2.3227724612097e-05,189,643,False,643.0,True,True,False,False,6.943272756237403,0.9647991101563856,0.1388947197448436,0.023529243701522148,0.02431481271156236,0.1693305425428599
AREGVRQSGEFDY,H3-23_A,K3-20,True,20,1,1,1,0.0001371638628087,3.3353567831150897e-06,2.3227724612097e-05,3.227597247505067e-06,False,False,False,False,False,False,False,False,False,True,False,False,False,-1,-1,False,3.476923076923077,False,False,False,4.6793262481689455,1513.5671,2,0.0001371638628087,2.3227724612097e-05,189,644,False,644.0,True,False,False,False,6.943272756237403,0.9647991101563856,0.1388947197448436,0.023529243701522148,0.02431481271156236,0.1693305425428599
AREWPGWPLYPFDY,UNK,K3-20,True,20,1,1,1,0.0001371638628087,3.3353567831150897e-06,2.3227724612097e-05,3.227597247505067e-06,False,False,False,False,False,False,False,False,False,False,False,False,False,-1,-1,False,-0.4357142857142855,False,False,False,4.370375442504883,1796.9748,1,0.0001371638628087,2.3227724612097e-05,231,645,False,645.0,True,False,False,False,6.943272756237403,0.9647991101563856,0.1388947197448436,0.023529243701522148,0.02431481271156236,0.1693305425428599
ARGLVIDFATGWGFDI,H4-34,K3-20,True,20,1,1,1,0.0001371638628087,3.3353567831150897e-06,2.3227724612097e-05,3.227597247505067e-06,False,False,False,False,False,False,False,False,False,False,False,False,False,-1,-1,False,-0.4124999999999998,False,False,False,4.207874679565429,1737.9507,1,0.0001371638628087,2.3227724612097e-05,286,646,False,646.0,False,False,False,False,6.943272756237403,0.9647991101563856,0.1388947197448436,0.023529243701522148,0.02431481271156236,0.1693305425428599
ARGPNYVWNLYFDY,H4-34,K4-1,True,20,1,1,1,0.0001371638628087,3.3353567831150897e-06,2.3227724612097e-05,3.227597247505067e-06,False,False,False,False,False,False,False,False,False,False,False,False,False,0,0,False,0.0214285714285715,False,False,False,5.87858085632324,1777.9299,1,0.0001371638628087,2.3227724612097e-05,294,647,False,647.0,False,False,False,False,6.943272756237403,0.9647991101563856,0.1388947197448436,0.023529243701522148,0.02431481271156236,0.1693305425428599
ARGPYPGDIVLYFDY,H4-34,K3-15,True,20,1,1,1,0.0001371638628087,3.3353567831150897e-06,2.3227724612097e-05,3.227597247505067e-06,False,False,False,False,False,False,False,False,False,False,False,False,False,-1,-1,False,0.4066666666666668,False,False,False,4.207874679565429,1745.9263,1,0.0001371638628087,2.3227724612097e-05,301,648,False,648.0,True,False,False,False,6.943272756237403,0.9647991101563856,0.1388947197448436,0.023529243701522148,0.02431481271156236,0.1693305425428599
ARHHYRTTSDPFDY,H3-23_A,K3-20,True,20,1,1,1,0.0001371638628087,3.3353567831150897e-06,2.3227724612097e-05,3.227597247505067e-06,False,False,False,True,True,False,False,False,False,False,False,False,False,0,2,False,2.907142857142857,False,False,False,6.960879898071289,1765.8384999999998,2,0.0001371638628087,2.3227724612097e-05,366,650,False,650.0,False,False,False,False,6.943272756237403,0.9647991101563856,0.1388947197448436,0.023529243701522148,0.02431481271156236,0.1693305425428599
ARIPAVDWHGFDY,H5-51,K4-1,True,20,1,1,1,0.0001371638628087,3.3353567831150897e-06,2.3227724612097e-05,3.227597247505067e-06,False,False,False,False,False,False,False,False,False,False,False,False,False,-1,0,False,0.4230769230769232,False,False,False,5.212373733520507,1546.6828999999998,1,0.0001371638628087,2.3227724612097e-05,396,651,False,651.0,False,False,False,False,6.943272756237403,0.9647991101563856,0.1388947197448436,0.023529243701522148,0.02431481271156236,0.1693305425428599
ARIVTSLASFDY,H3-23_A,K4-1,True,20,1,1,1,0.0001371638628087,3.3353567831150897e-06,2.3227724612097e-05,3.227597247505067e-06,False,False,False,False,False,False,False,False,False,False,False,False,False,0,0,False,0.3833333333333334,False,False,False,5.880318832397459,1342.4959,1,0.0001371638628087,2.3227724612097e-05,402,652,False,652.0,False,False,False,False,6.943272756237403,0.9647991101563856,0.1388947197448436,0.023529243701522148,0.02431481271156236,0.1693305425428599
ARLAAPGDVRTYFDI,H3-23_A,K4-1,True,20,1,1,1,0.0001371638628087,3.3353567831150897e-06,2.3227724612097e-05,3.227597247505067e-06,False,False,False,False,False,False,False,False,False,False,False,False,False,0,0,False,1.0466666666666669,False,False,False,6.004890823364257,1664.8588,2,0.0001371638628087,2.3227724612097e-05,416,653,False,653.0,False,False,False,False,6.943272756237403,0.9647991101563856,0.1388947197448436,0.023529243701522148,0.02431481271156236,0.1693305425428599
ARPDVSGENAFDY,H5-51,K3-20,True,20,1,1,1,0.0001371638628087,3.3353567831150897e-06,2.3227724612097e-05,3.227597247505067e-06,False,False,False,False,False,False,False,False,False,False,False,False,False,-2,-2,False,3.284615384615385,False,False,False,4.050025558471679,1440.4699999999998,1,0.0001371638628087,2.3227724612097e-05,476,655,False,655.0,False,False,False,False,6.943272756237403,0.9647991101563856,0.1388947197448436,0.023529243701522148,0.02431481271156236,0.1693305425428599
ARPGYSESGSYAFDP,H3-23_A,K1-39,True,20,1,1,1,0.0001371638628087,3.3353567831150897e-06,2.3227724612097e-05,3.227597247505067e-06,False,False,False,False,True,False,False,False,False,False,False,False,False,-1,-1,False,3.22,False,False,False,4.370375442504883,1603.6433000000002,1,0.0001371638628087,2.3227724612097e-05,482,656,False,656.0,False,False,False,False,6.943272756237403,0.9647991101563856,0.1388947197448436,0.023529243701522148,0.02431481271156236,0.1693305425428599
ARQGVTSGWTGNWGFDY,H1-69,K4-1,True,20,1,1,1,0.0001371638628087,3.3353567831150897e-06,2.3227724612097e-05,3.227597247505067e-06,False,False,False,False,False,False,False,False,False,False,False,False,False,0,0,False,2.011764705882353,False,False,False,5.880318832397459,1901.9862,1,0.0001371638628087,2.3227724612097e-05,515,657,False,657.0,False,False,False,False,6.943272756237403,0.9647991101563856,0.1388947197448436,0.023529243701522148,0.02431481271156236,0.1693305425428599
ARSGTAWTFDY,H3-23_A,K3-20,True,20,1,1,1,0.0001371638628087,3.3353567831150897e-06,2.3227724612097e-05,3.227597247505067e-06,False,False,False,False,False,False,False,False,False,False,False,False,False,0,0,False,1.8090909090909093,False,False,False,5.880318832397459,1274.3375,1,0.0001371638628087,2.3227724612097e-05,538,658,False,658.0,False,False,False,False,6.943272756237403,0.9647991101563856,0.1388947197448436,0.023529243701522148,0.02431481271156236,0.1693305425428599
ARSLWYDPGLFDY,H4-34,K3-20,True,20,1,1,1,0.0001371638628087,3.3353567831150897e-06,2.3227724612097e-05,3.227597247505067e-06,False,False,False,False,True,False,False,False,False,False,False,False,False,-1,-1,False,-0.0615384615384613,False,False,False,4.207874679565429,1602.7428,1,0.0001371638628087,2.3227724612097e-05,546,659,False,659.0,False,False,False,False,6.943272756237403,0.9647991101563856,0.1388947197448436,0.023529243701522148,0.02431481271156236,0.1693305425428599
ARTRLLVVNQAFDY,H4-34,K3-20,True,20,1,1,1,0.0001371638628087,3.3353567831150897e-06,2.3227724612097e-05,3.227597247505067e-06,False,False,False,False,False,True,False,False,True,False,False,False,False,1,1,False,0.2785714285714287,False,False,False,8.79022674560547,1665.8898,2,0.0001371638628087,2.3227724612097e-05,571,661,False,661.0,False,False,False,False,6.943272756237403,0.9647991101563856,0.1388947197448436,0.023529243701522148,0.02431481271156236,0.1693305425428599
ARVTVYGDEAGTYGFDY,H4-34,UNK,True,20,1,1,1,0.0001371638628087,3.3353567831150897e-06,2.3227724612097e-05,3.227597247505067e-06,False,False,False,False,False,False,False,False,False,True,False,False,False,-2,-2,False,2.4352941176470586,False,False,False,4.050025558471679,1883.9627,1,0.0001371638628087,2.3227724612097e-05,629,662,False,662.0,False,False,False,False,6.943272756237403,0.9647991101563856,0.1388947197448436,0.023529243701522148,0.02431481271156236,0.1693305425428599
ARWYSYSGRAYFDY,H5-51,K3-15,True,20,1,1,1,0.0001371638628087,3.3353567831150897e-06,2.3227724612097e-05,3.227597247505067e-06,False,False,False,False,False,False,False,False,False,False,False,False,False,1,1,False,1.0357142857142858,False,False,False,8.472544860839843,1804.9123,2,0.0001371638628087,2.3227724612097e-05,647,663,False,663.0,False,False,False,False,6.943272756237403,0.9647991101563856,0.1388947197448436,0.023529243701522148,0.02431481271156236,0.1693305425428599
ARYLFIYDADYFDY,H4-34,K3-20,True,20,1,1,1,0.0001371638628087,3.3353567831150897e-06,2.3227724612097e-05,3.227597247505067e-06,False,False,False,False,False,False,False,False,False,True,False,False,False,-2,-2,False,-0.3428571428571426,False,False,False,4.050025558471679,1834.9746,1,0.0001371638628087,2.3227724612097e-05,658,664,False,664.0,False,False,False,False,6.943272756237403,0.9647991101563856,0.1388947197448436,0.023529243701522148,0.02431481271156236,0.1693305425428599
ARALVAAGHEFDY,H4-34,K3-20,True,19,1,1,1,0.0001303056696682,3.3353567831150897e-06,2.3227724612097e-05,3.227597247505067e-06,False,False,False,False,False,False,False,False,False,True,False,False,False,-1,0,False,1.0923076923076924,False,False,False,5.322224044799805,1419.5402,1,0.0001303056696682,2.3227724612097e-05,39,665,False,665.0,False,False,False,False,6.943272756237403,0.9647991101563856,0.1388947197448436,0.024767529919640006,0.025594441494313964,0.17824199247287523
ARAPRSYGAYGYGFDY,H4-34,K3-20,True,19,1,1,1,0.0001303056696682,3.3353567831150897e-06,2.3227724612097e-05,3.227597247505067e-06,False,False,False,False,False,False,False,False,False,False,False,False,False,1,1,False,2.1,False,False,False,8.472544860839843,1813.9208,2,0.0001303056696682,2.3227724612097e-05,51,666,False,666.0,False,False,False,False,6.943272756237403,0.9647991101563856,0.1388947197448436,0.024767529919640006,0.025594441494313964,0.17824199247287523
ARARLYGDAPYAFDY,H3-7_A,K3-20,True,19,1,1,1,0.0001303056696682,3.3353567831150897e-06,2.3227724612097e-05,3.227597247505067e-06,False,False,False,False,False,False,False,False,False,False,False,False,False,0,0,False,1.366666666666667,False,False,False,6.003152847290039,1748.8906000000002,2,0.0001303056696682,2.3227724612097e-05,58,667,False,667.0,True,False,False,False,6.943272756237403,0.9647991101563856,0.1388947197448436,0.024767529919640006,0.025594441494313964,0.17824199247287523
ARASGELPAKQFDY,H5-51,K3-15,True,19,1,1,1,0.0001303056696682,3.3353567831150897e-06,2.3227724612097e-05,3.227597247505067e-06,False,False,False,False,False,False,False,False,False,False,False,False,False,0,0,False,2.4285714285714284,False,False,False,6.113258743286132,1552.686,1,0.0001303056696682,2.3227724612097e-05,60,668,False,668.0,False,False,False,False,6.943272756237403,0.9647991101563856,0.1388947197448436,0.024767529919640006,0.025594441494313964,0.17824199247287523
ARAYGSLYWEPSWAFDI,H3-23_A,K4-1,True,19,1,1,1,0.0001303056696682,3.3353567831150897e-06,2.3227724612097e-05,3.227597247505067e-06,False,False,False,False,False,False,False,False,False,False,False,False,False,-1,-1,False,-0.064705882352941,False,False,False,4.370375442504883,2032.2124,1,0.0001303056696682,2.3227724612097e-05,74,669,False,669.0,False,False,False,False,6.943272756237403,0.9647991101563856,0.1388947197448436,0.024767529919640006,0.025594441494313964,0.17824199247287523
ARDLEYDYRWPYFDP,H1-69,K3-20,True,19,1,1,1,0.0001303056696682,3.3353567831150897e-06,2.3227724612097e-05,3.227597247505067e-06,False,False,False,False,True,False,False,False,False,True,False,False,False,-2,-2,False,1.2266666666666668,False,False,False,4.226021194458009,2006.1321000000005,2,0.0001303056696682,2.3227724612097e-05,106,670,False,670.0,False,False,False,False,6.943272756237403,0.9647991101563856,0.1388947197448436,0.024767529919640006,0.025594441494313964,0.17824199247287523
ARDWGEAYTRVAFDY,H4-34,K3-15,True,19,1,1,1,0.0001303056696682,3.3353567831150897e-06,2.3227724612097e-05,3.227597247505067e-06,False,False,False,False,False,False,False,False,False,False,False,False,False,-1,-1,False,1.7800000000000002,False,False,False,4.558281326293945,1819.9255000000005,2,0.0001303056696682,2.3227724612097e-05,162,671,False,671.0,False,False,False,False,6.943272756237403,0.9647991101563856,0.1388947197448436,0.024767529919640006,0.025594441494313964,0.17824199247287523
AREGVRQSGEFDY,H1-69,K3-15,True,19,1,1,1,0.0001303056696682,3.3353567831150897e-06,2.3227724612097e-05,3.227597247505067e-06,False,False,False,False,False,False,False,False,False,True,False,False,False,-1,-1,False,3.476923076923077,False,False,False,4.6793262481689455,1513.5671,2,0.0001303056696682,2.3227724612097e-05,189,672,False,672.0,True,True,False,False,6.943272756237403,0.9647991101563856,0.1388947197448436,0.024767529919640006,0.025594441494313964,0.17824199247287523
AREWPGWPLYPFDY,H1-69,K1-39,True,19,1,1,1,0.0001303056696682,3.3353567831150897e-06,2.3227724612097e-05,3.227597247505067e-06,False,False,False,False,False,False,False,False,False,False,False,False,False,-1,-1,False,-0.4357142857142855,False,False,False,4.370375442504883,1796.9748,1,0.0001303056696682,2.3227724612097e-05,231,674,False,674.0,True,True,False,False,6.943272756237403,0.9647991101563856,0.1388947197448436,0.024767529919640006,0.025594441494313964,0.17824199247287523
ARGFRAGYHGDFDY,H3-23_A,K4-1,True,19,1,1,1,0.0001303056696682,3.3353567831150897e-06,2.3227724612097e-05,3.227597247505067e-06,False,False,False,False,False,False,False,False,False,True,False,False,False,0,1,False,2.1142857142857143,False,False,False,6.790507125854492,1631.7044999999998,2,0.0001303056696682,2.3227724612097e-05,267,675,False,675.0,False,False,False,False,6.943272756237403,0.9647991101563856,0.1388947197448436,0.024767529919640006,0.025594441494313964,0.17824199247287523
ARGHGEVTADNDFDY,H5-51,K4-1,True,19,1,1,1,0.0001303056696682,3.3353567831150897e-06,2.3227724612097e-05,3.227597247505067e-06,False,False,False,False,False,False,False,False,False,True,False,False,False,-3,-2,False,3.806666666666666,False,False,False,4.2192737579345705,1666.6594,1,0.0001303056696682,2.3227724612097e-05,269,676,False,676.0,False,False,False,False,6.943272756237403,0.9647991101563856,0.1388947197448436,0.024767529919640006,0.025594441494313964,0.17824199247287523
ARGPRGDWPWYFDY,H1-69,UNK,True,19,1,1,1,0.0001303056696682,3.3353567831150897e-06,2.3227724612097e-05,3.227597247505067e-06,False,False,False,True,False,False,False,False,False,False,False,False,False,0,0,False,0.9357142857142858,False,False,False,6.004021835327148,1785.9124,2,0.0001303056696682,2.3227724612097e-05,295,677,False,677.0,True,True,False,False,6.943272756237403,0.9647991101563856,0.1388947197448436,0.024767529919640006,0.025594441494313964,0.17824199247287523
ARGPRGDWPWYFDY,UNK,K3-20,True,19,1,1,1,0.0001303056696682,3.3353567831150897e-06,2.3227724612097e-05,3.227597247505067e-06,False,False,False,True,False,False,False,False,False,False,False,False,False,0,0,False,0.9357142857142858,False,False,False,6.004021835327148,1785.9124,2,0.0001303056696682,2.3227724612097e-05,295,678,False,678.0,True,False,False,False,6.943272756237403,0.9647991101563856,0.1388947197448436,0.024767529919640006,0.025594441494313964,0.17824199247287523
ARGWVTASAWYFDY,H4-34,K3-20,True,19,1,1,1,0.0001303056696682,3.3353567831150897e-06,2.3227724612097e-05,3.227597247505067e-06,False,False,False,True,False,False,False,False,False,False,False,False,False,0,0,False,0.0857142857142858,False,False,False,5.87944984436035,1692.8256,1,0.0001303056696682,2.3227724612097e-05,337,679,False,679.0,False,False,False,False,6.943272756237403,0.9647991101563856,0.1388947197448436,0.024767529919640006,0.025594441494313964,0.17824199247287523
ARGYEQGWDPPAFDI,H3-23_A,K4-1,True,19,1,1,1,0.0001303056696682,3.3353567831150897e-06,2.3227724612097e-05,3.227597247505067e-06,False,False,False,False,True,False,False,False,False,False,False,False,False,-2,-2,False,1.9133333333333336,False,False,False,4.050025558471679,1721.8222999999998,1,0.0001303056696682,2.3227724612097e-05,339,680,False,680.0,False,False,False,False,6.943272756237403,0.9647991101563856,0.1388947197448436,0.024767529919640006,0.025594441494313964,0.17824199247287523
ARGYRGWYLDY,H4-34,K3-15,True,19,1,1,1,0.0001303056696682,3.3353567831150897e-06,2.3227724612097e-05,3.227597247505067e-06,False,False,False,False,False,False,False,False,False,False,False,False,False,1,1,False,0.6363636363636366,False,False,False,8.539295959472657,1419.5417,2,0.0001303056696682,2.3227724612097e-05,349,681,False,681.0,False,False,False,False,6.943272756237403,0.9647991101563856,0.1388947197448436,0.024767529919640006,0.025594441494313964,0.17824199247287523
ARHFLWPSGEARFDY,H4-34,K3-15,True,19,1,1,1,0.0001303056696682,3.3353567831150897e-06,2.3227724612097e-05,3.227597247505067e-06,False,False,False,False,False,False,False,False,False,False,False,False,False,0,1,False,0.4866666666666668,False,False,False,6.796487808227539,1852.0153,2,0.0001303056696682,2.3227724612097e-05,358,682,False,682.0,False,False,False,False,6.943272756237403,0.9647991101563856,0.1388947197448436,0.024767529919640006,0.025594441494313964,0.17824199247287523
ARHLLSGDRLPYAFDP,H5-51,K3-20,True,19,1,1,1,0.0001303056696682,3.3353567831150897e-06,2.3227724612097e-05,3.227597247505067e-06,False,False,False,False,True,False,False,False,False,False,False,False,False,0,1,False,0.7750000000000002,False,False,False,6.791580581665039,1828.0354,2,0.0001303056696682,2.3227724612097e-05,372,683,False,683.0,False,False,False,False,6.943272756237403,0.9647991101563856,0.1388947197448436,0.024767529919640006,0.025594441494313964,0.17824199247287523
ARHRFVAFSSSPFAFDP,H1-69,K4-1,True,19,1,1,1,0.0001303056696682,3.3353567831150897e-06,2.3227724612097e-05,3.227597247505067e-06,False,False,False,False,True,False,False,False,False,False,False,False,False,1,2,False,0.5882352941176473,False,False,False,9.648936462402345,1939.1356,2,0.0001303056696682,2.3227724612097e-05,380,685,False,685.0,False,False,False,False,6.943272756237403,0.9647991101563856,0.1388947197448436,0.024767529919640006,0.025594441494313964,0.17824199247287523
ARIGLAGDLPWDFDY,H3-23_A,K3-15,True,19,1,1,1,0.0001303056696682,3.3353567831150897e-06,2.3227724612097e-05,3.227597247505067e-06,False,False,False,False,False,False,False,False,False,True,False,False,False,-2,-2,False,0.2933333333333335,False,False,False,4.050025558471679,1708.8665,1,0.0001303056696682,2.3227724612097e-05,391,687,False,687.0,False,False,False,False,6.943272756237403,0.9647991101563856,0.1388947197448436,0.024767529919640006,0.025594441494313964,0.17824199247287523
ARIGWYQTASAYPFDP,H3-23_A,K3-20,True,19,1,1,1,0.0001303056696682,3.3353567831150897e-06,2.3227724612097e-05,3.227597247505067e-06,False,False,False,False,True,False,False,False,False,False,False,False,False,0,0,False,1.06875,False,False,False,5.87944984436035,1843.0019,1,0.0001303056696682,2.3227724612097e-05,393,688,False,688.0,False,False,False,False,6.943272756237403,0.9647991101563856,0.1388947197448436,0.024767529919640006,0.025594441494313964,0.17824199247287523
ARIVYGYGRGFDY,H4-34,K3-15,True,19,1,1,1,0.0001303056696682,3.3353567831150897e-06,2.3227724612097e-05,3.227597247505067e-06,False,False,False,False,False,False,False,False,False,False,False,False,False,1,1,False,0.8461538461538463,False,False,False,8.539295959472657,1536.6879,2,0.0001303056696682,2.3227724612097e-05,403,689,False,689.0,False,False,False,False,6.943272756237403,0.9647991101563856,0.1388947197448436,0.024767529919640006,0.025594441494313964,0.17824199247287523
ARKGYSGRSGVYFDY,H4-34,K3-20,True,19,1,1,1,0.0001303056696682,3.3353567831150897e-06,2.3227724612097e-05,3.227597247505067e-06,False,False,False,False,False,False,False,False,False,False,False,False,False,2,2,False,2.5133333333333336,False,False,False,9.525611877441406,1725.8572,2,0.0001303056696682,2.3227724612097e-05,408,690,False,690.0,False,False,False,False,6.943272756237403,0.9647991101563856,0.1388947197448436,0.024767529919640006,0.025594441494313964,0.17824199247287523
ARLLYADYAFDY,H4-34,K3-20,True,19,1,1,1,0.0001303056696682,3.3353567831150897e-06,2.3227724612097e-05,3.227597247505067e-06,False,False,False,False,False,False,False,False,False,False,False,False,False,-1,-1,False,-0.2333333333333331,False,False,False,4.207874679565429,1480.6181,1,0.0001303056696682,2.3227724612097e-05,441,691,False,691.0,False,False,False,False,6.943272756237403,0.9647991101563856,0.1388947197448436,0.024767529919640006,0.025594441494313964,0.17824199247287523
ARLRYEYSGWSYAFDY,H4-34,K1-39,True,19,1,1,1,0.0001303056696682,3.3353567831150897e-06,2.3227724612097e-05,3.227597247505067e-06,False,False,False,False,False,False,False,False,False,False,False,False,False,0,0,False,0.8187500000000001,False,False,False,6.111520767211914,2047.1839,2,0.0001303056696682,2.3227724612097e-05,452,693,False,693.0,False,False,False,False,6.943272756237403,0.9647991101563856,0.1388947197448436,0.024767529919640006,0.025594441494313964,0.17824199247287523
ARLSGKSSDLSYGFDY,H4-34,K3-15,True,19,1,1,1,0.0001303056696682,3.3353567831150897e-06,2.3227724612097e-05,3.227597247505067e-06,False,False,False,False,False,False,False,False,False,False,False,False,False,0,0,False,2.375,False,False,False,6.003152847290039,1765.8732,1,0.0001303056696682,2.3227724612097e-05,456,694,False,694.0,False,False,False,False,6.943272756237403,0.9647991101563856,0.1388947197448436,0.024767529919640006,0.025594441494313964,0.17824199247287523
ARPEQYGDNPGAFDI,H3-23_A,K1-39,True,19,1,1,1,0.0001303056696682,3.3353567831150897e-06,2.3227724612097e-05,3.227597247505067e-06,False,False,False,False,False,False,False,False,False,False,False,False,False,-2,-2,False,3.046666666666667,False,False,False,4.050025558471679,1649.715,1,0.0001303056696682,2.3227724612097e-05,477,697,False,697.0,False,False,False,False,6.943272756237403,0.9647991101563856,0.1388947197448436,0.024767529919640006,0.025594441494313964,0.17824199247287523
ARPGVYSPFDY,H1-69,K3-20,True,19,1,1,1,0.0001303056696682,3.3353567831150897e-06,2.3227724612097e-05,3.227597247505067e-06,False,False,False,False,False,False,False,False,False,False,False,False,False,0,0,False,1.4545454545454546,False,False,False,5.87944984436035,1271.3765,1,0.0001303056696682,2.3227724612097e-05,481,698,False,698.0,False,False,False,False,6.943272756237403,0.9647991101563856,0.1388947197448436,0.024767529919640006,0.025594441494313964,0.17824199247287523
ARSSDASYVNPWFDP,H5-51,K3-15,True,19,1,1,1,0.0001303056696682,3.3353567831150897e-06,2.3227724612097e-05,3.227597247505067e-06,False,False,False,False,True,False,False,False,False,False,False,False,False,-1,-1,False,2.286666666666667,False,False,False,4.207874679565429,1711.7844,1,0.0001303056696682,2.3227724612097e-05,553,700,False,700.0,False,False,False,False,6.943272756237403,0.9647991101563856,0.1388947197448436,0.024767529919640006,0.025594441494313964,0.17824199247287523
ARAPESTSSGYFDY,H5-51,K3-15,True,18,1,1,1,0.0001234474765278,3.3353567831150897e-06,2.3227724612097e-05,3.227597247505067e-06,False,False,False,False,False,False,False,False,False,False,False,False,False,-1,-1,False,3.2642857142857147,False,False,False,4.370375442504883,1550.5807,1,0.0001234474765278,2.3227724612097e-05,46,703,False,703.0,False,False,False,False,6.943272756237403,0.9647991101563856,0.1388947197448436,0.026143392350792796,0.02701623973631146,0.18814352330348022
ARAVAGSSLTTFDY,H4-34,K1-39,True,18,1,1,1,0.0001234474765278,3.3353567831150897e-06,2.3227724612097e-05,3.227597247505067e-06,False,False,False,False,False,False,False,False,False,False,False,False,False,0,0,False,1.8285714285714287,False,False,False,5.880318832397459,1458.5713999999998,1,0.0001234474765278,2.3227724612097e-05,66,704,False,704.0,False,False,False,False,6.943272756237403,0.9647991101563856,0.1388947197448436,0.026143392350792796,0.02701623973631146,0.18814352330348022
ARAVQRGYAFDY,H5-51,UNK,True,18,1,1,1,0.0001234474765278,3.3353567831150897e-06,2.3227724612097e-05,3.227597247505067e-06,False,False,False,False,False,False,False,False,False,False,False,False,False,1,1,False,1.6416666666666668,False,False,False,8.632579040527343,1416.5395,2,0.0001234474765278,2.3227724612097e-05,69,705,False,705.0,False,False,False,False,6.943272756237403,0.9647991101563856,0.1388947197448436,0.026143392350792796,0.02701623973631146,0.18814352330348022
ARAVSYGDRPNAFDY,H3-7_A,K4-1,True,18,1,1,1,0.0001234474765278,3.3353567831150897e-06,2.3227724612097e-05,3.227597247505067e-06,False,False,False,False,False,False,False,False,False,False,False,False,False,0,0,False,2.62,False,False,False,6.004021835327148,1701.7928000000002,2,0.0001234474765278,2.3227724612097e-05,70,706,False,706.0,False,False,False,False,6.943272756237403,0.9647991101563856,0.1388947197448436,0.026143392350792796,0.02701623973631146,0.18814352330348022
ARDAESYTRSFDY,H4-34,K3-15,True,18,1,1,1,0.0001234474765278,3.3353567831150897e-06,2.3227724612097e-05,3.227597247505067e-06,False,False,False,False,False,False,False,False,False,True,False,False,False,-1,-1,False,3.507692307692308,False,False,False,4.558281326293945,1580.61,2,0.0001234474765278,2.3227724612097e-05,80,707,False,707.0,False,False,False,False,6.943272756237403,0.9647991101563856,0.1388947197448436,0.026143392350792796,0.02701623973631146,0.18814352330348022
ARDFYGTGWFSGFDP,H3-23_A,K4-1,True,18,1,1,1,0.0001234474765278,3.3353567831150897e-06,2.3227724612097e-05,3.227597247505067e-06,False,False,False,False,True,False,False,False,False,False,False,False,False,-1,-1,False,1.1800000000000002,False,False,False,4.207874679565429,1722.8085,1,0.0001234474765278,2.3227724612097e-05,98,709,False,709.0,False,False,False,False,6.943272756237403,0.9647991101563856,0.1388947197448436,0.026143392350792796,0.02701623973631146,0.18814352330348022
ARDITSGTWYGFDY,H4-34,K3-20,True,18,1,1,1,0.0001234474765278,3.3353567831150897e-06,2.3227724612097e-05,3.227597247505067e-06,False,False,False,False,False,False,False,False,False,False,False,False,False,-1,-1,False,1.6857142857142855,False,False,False,4.207874679565429,1651.7290999999998,1,0.0001234474765278,2.3227724612097e-05,103,710,False,710.0,False,False,False,False,6.943272756237403,0.9647991101563856,0.1388947197448436,0.026143392350792796,0.02701623973631146,0.18814352330348022
ARDLYDRIGILYGFDY,H4-34,K3-20,True,18,1,1,1,0.0001234474765278,3.3353567831150897e-06,2.3227724612097e-05,3.227597247505067e-06,False,False,False,False,False,False,False,False,False,False,False,False,False,-1,-1,False,0.1625000000000002,False,False,False,4.429057693481445,1950.1532,2,0.0001234474765278,2.3227724612097e-05,121,711,False,711.0,False,False,False,False,6.943272756237403,0.9647991101563856,0.1388947197448436,0.026143392350792796,0.02701623973631146,0.18814352330348022
ARDLYQWTIYSFDY,H4-34,K4-1,True,18,1,1,1,0.0001234474765278,3.3353567831150897e-06,2.3227724612097e-05,3.227597247505067e-06,False,False,False,False,False,False,False,False,False,False,False,False,False,-1,-1,False,0.1357142857142858,False,False,False,4.207874679565429,1840.9826,1,0.0001234474765278,2.3227724612097e-05,122,712,False,712.0,False,False,False,False,6.943272756237403,0.9647991101563856,0.1388947197448436,0.026143392350792796,0.02701623973631146,0.18814352330348022
ARDPYVTFGWAFDY,H4-34,K3-20,True,18,1,1,1,0.0001234474765278,3.3353567831150897e-06,2.3227724612097e-05,3.227597247505067e-06,False,False,False,False,True,False,False,False,False,False,False,False,False,-1,-1,False,0.3928571428571429,False,False,False,4.207874679565429,1707.8368999999998,1,0.0001234474765278,2.3227724612097e-05,138,713,False,713.0,False,False,False,False,6.943272756237403,0.9647991101563856,0.1388947197448436,0.026143392350792796,0.02701623973631146,0.18814352330348022
ARDRGADEGAGPFDI,H5-51,UNK,True,18,1,1,1,0.0001234474765278,3.3353567831150897e-06,2.3227724612097e-05,3.227597247505067e-06,False,False,False,False,False,False,False,False,False,True,False,False,False,-2,-2,False,3.633333333333333,False,False,False,4.226021194458009,1546.5971,2,0.0001234474765278,2.3227724612097e-05,141,714,False,714.0,False,False,False,False,6.943272756237403,0.9647991101563856,0.1388947197448436,0.026143392350792796,0.02701623973631146,0.18814352330348022
ARDRNFVTNNDPFDY,H4-34,K3-20,True,18,1,1,1,0.0001234474765278,3.3353567831150897e-06,2.3227724612097e-05,3.227597247505067e-06,False,False,True,False,True,False,False,False,False,False,False,False,False,-1,-1,False,2.986666666666667,False,False,False,4.429057693481445,1843.9055,2,0.0001234474765278,2.3227724612097e-05,146,716,False,716.0,False,False,False,False,6.943272756237403,0.9647991101563856,0.1388947197448436,0.026143392350792796,0.02701623973631146,0.18814352330348022
ARDRSFIGFSTFDY,H3-23_A,K3-20,True,18,1,1,1,0.0001234474765278,3.3353567831150897e-06,2.3227724612097e-05,3.227597247505067e-06,False,False,False,False,False,False,False,False,False,False,False,False,False,0,0,False,1.2071428571428573,False,False,False,6.004890823364257,1681.8013999999998,2,0.0001234474765278,2.3227724612097e-05,150,717,False,717.0,False,False,False,False,6.943272756237403,0.9647991101563856,0.1388947197448436,0.026143392350792796,0.02701623973631146,0.18814352330348022
AREPGWNVATGFDY,H4-34,K3-15,True,18,1,1,1,0.0001234474765278,3.3353567831150897e-06,2.3227724612097e-05,3.227597247505067e-06,False,False,False,False,False,False,False,False,False,False,False,False,False,-1,-1,False,1.9357142857142855,False,False,False,4.370375442504883,1582.6704,1,0.0001234474765278,2.3227724612097e-05,208,718,False,718.0,False,False,False,False,6.943272756237403,0.9647991101563856,0.1388947197448436,0.026143392350792796,0.02701623973631146,0.18814352330348022
ARGAEILYPSWYNVFDY,H4-34,K3-20,True,18,1,1,1,0.0001234474765278,3.3353567831150897e-06,2.3227724612097e-05,3.227597247505067e-06,False,False,False,False,False,False,False,False,False,False,False,False,False,-1,-1,False,0.1000000000000001,False,False,False,4.370375442504883,2064.2541,1,0.0001234474765278,2.3227724612097e-05,252,719,False,719.0,False,False,False,False,6.943272756237403,0.9647991101563856,0.1388947197448436,0.026143392350792796,0.02701623973631146,0.18814352330348022
ARGDYKQLIRGYAFDP,H3-23_A,K3-20,True,18,1,1,1,0.0001234474765278,3.3353567831150897e-06,2.3227724612097e-05,3.227597247505067e-06,False,False,False,False,True,False,False,False,False,False,False,False,False,1,1,False,1.725,False,False,False,8.539366149902346,1870.072,2,0.0001234474765278,2.3227724612097e-05,262,720,False,720.0,False,False,False,False,6.943272756237403,0.9647991101563856,0.1388947197448436,0.026143392350792796,0.02701623973631146,0.18814352330348022
ARGSEFYRYTPIFDP,H3-23_A,K3-20,True,18,1,1,1,0.0001234474765278,3.3353567831150897e-06,2.3227724612097e-05,3.227597247505067e-06,False,False,False,False,True,False,False,False,False,False,False,False,False,0,0,False,1.3133333333333337,False,False,False,6.113258743286132,1818.9805,2,0.0001234474765278,2.3227724612097e-05,320,724,False,724.0,False,False,False,False,6.943272756237403,0.9647991101563856,0.1388947197448436,0.026143392350792796,0.02701623973631146,0.18814352330348022
ARGYETNYHIAAFDY,H4-34,K3-20,True,18,1,1,1,0.0001234474765278,3.3353567831150897e-06,2.3227724612097e-05,3.227597247505067e-06,False,False,False,False,False,False,False,False,False,False,False,False,False,-1,0,False,1.6933333333333336,False,False,False,5.322172927856446,1790.8842,1,0.0001234474765278,2.3227724612097e-05,340,725,False,725.0,False,False,False,False,6.943272756237403,0.9647991101563856,0.1388947197448436,0.026143392350792796,0.02701623973631146,0.18814352330348022
ARGYSAFGPGHFDY,H5-51,K3-20,True,18,1,1,1,0.0001234474765278,3.3353567831150897e-06,2.3227724612097e-05,3.227597247505067e-06,False,False,False,False,False,False,False,False,False,False,False,False,False,0,1,False,1.7142857142857146,False,False,False,6.787184524536133,1544.6238999999998,1,0.0001234474765278,2.3227724612097e-05,350,726,False,726.0,False,False,False,False,6.943272756237403,0.9647991101563856,0.1388947197448436,0.026143392350792796,0.02701623973631146,0.18814352330348022
ARHKGWSGYIEYGFDY,H4-34,K3-15,True,18,1,1,1,0.0001234474765278,3.3353567831150897e-06,2.3227724612097e-05,3.227597247505067e-06,False,False,False,False,False,False,False,False,False,False,False,False,False,0,1,False,1.4125,False,False,False,6.79316520690918,1949.0840000000003,1,0.0001234474765278,2.3227724612097e-05,368,727,False,727.0,False,False,False,False,6.943272756237403,0.9647991101563856,0.1388947197448436,0.026143392350792796,0.02701623973631146,0.18814352330348022
ARHLGRNLYGFDY,H4-34,K3-20,True,18,1,1,1,0.0001234474765278,3.3353567831150897e-06,2.3227724612097e-05,3.227597247505067e-06,False,False,False,False,False,False,False,False,False,False,False,False,False,1,2,False,0.7384615384615387,False,False,False,8.638685607910158,1581.7319,2,0.0001234474765278,2.3227724612097e-05,370,728,False,728.0,False,False,False,False,6.943272756237403,0.9647991101563856,0.1388947197448436,0.026143392350792796,0.02701623973631146,0.18814352330348022
ARHSGSYGSVRSPAFDI,H3-23_A,K3-20,True,18,1,1,1,0.0001234474765278,3.3353567831150897e-06,2.3227724612097e-05,3.227597247505067e-06,False,False,False,False,False,False,False,False,False,False,False,False,False,1,2,False,2.4352941176470586,False,False,False,8.796192932128907,1806.9318,2,0.0001234474765278,2.3227724612097e-05,382,729,False,729.0,False,False,False,False,6.943272756237403,0.9647991101563856,0.1388947197448436,0.026143392350792796,0.02701623973631146,0.18814352330348022
ARHYGFVSTFDY,H4-34,K3-20,True,18,1,1,1,0.0001234474765278,3.3353567831150897e-06,2.3227724612097e-05,3.227597247505067e-06,False,False,False,False,False,False,False,False,False,False,False,False,False,0,1,False,0.8250000000000002,False,False,False,6.787184524536133,1462.5630999999998,1,0.0001234474765278,2.3227724612097e-05,384,730,False,730.0,False,False,False,False,6.943272756237403,0.9647991101563856,0.1388947197448436,0.026143392350792796,0.02701623973631146,0.18814352330348022
ARIGERAFLDYPGYFDI,H4-34,K4-1,True,18,1,1,1,0.0001234474765278,3.3353567831150897e-06,2.3227724612097e-05,3.227597247505067e-06,False,False,False,False,False,False,False,False,False,False,False,False,False,-1,-1,False,0.3823529411764708,False,False,False,4.558281326293945,2003.2159,2,0.0001234474765278,2.3227724612097e-05,389,731,False,731.0,True,False,False,False,6.943272756237403,0.9647991101563856,0.1388947197448436,0.026143392350792796,0.02701623973631146,0.18814352330348022
ARIGLSSSPGVFDY,H5-51,K4-1,True,18,1,1,1,0.0001234474765278,3.3353567831150897e-06,2.3227724612097e-05,3.227597247505067e-06,False,False,False,False,False,False,False,False,False,False,False,False,False,0,0,False,1.2357142857142858,False,False,False,5.880318832397459,1468.6092,1,0.0001234474765278,2.3227724612097e-05,392,732,False,732.0,False,False,False,False,6.943272756237403,0.9647991101563856,0.1388947197448436,0.026143392350792796,0.02701623973631146,0.18814352330348022
ARISSYLDLFDY,H5-51,K3-20,True,18,1,1,1,0.0001234474765278,3.3353567831150897e-06,2.3227724612097e-05,3.227597247505067e-06,False,False,False,False,False,False,False,False,False,False,False,False,False,-1,-1,False,-0.0083333333333331,False,False,False,4.207874679565429,1462.6013,1,0.0001234474765278,2.3227724612097e-05,400,733,False,733.0,False,False,False,False,6.943272756237403,0.9647991101563856,0.1388947197448436,0.026143392350792796,0.02701623973631146,0.18814352330348022
ARLGLGDAPAPGFDY,H5-51,UNK,True,18,1,1,1,0.0001234474765278,3.3353567831150897e-06,2.3227724612097e-05,3.227597247505067e-06,False,False,False,False,False,False,False,False,False,False,False,False,False,-1,-1,False,1.486666666666667,False,False,False,4.207874679565429,1519.656,1,0.0001234474765278,2.3227724612097e-05,426,734,False,734.0,False,False,False,False,6.943272756237403,0.9647991101563856,0.1388947197448436,0.026143392350792796,0.02701623973631146,0.18814352330348022
ARLQIGVAEAQFDY,H3-23_A,K3-20,True,18,1,1,1,0.0001234474765278,3.3353567831150897e-06,2.3227724612097e-05,3.227597247505067e-06,False,False,False,False,False,False,False,False,False,False,False,False,False,-1,-1,False,1.0000000000000002,False,False,False,4.370375442504883,1580.7389999999998,1,0.0001234474765278,2.3227724612097e-05,447,735,False,735.0,False,False,False,False,6.943272756237403,0.9647991101563856,0.1388947197448436,0.026143392350792796,0.02701623973631146,0.18814352330348022
ARNWVAKYEPFDY,H4-34,K3-15,True,18,1,1,1,0.0001234474765278,3.3353567831150897e-06,2.3227724612097e-05,3.227597247505067e-06,False,False,False,False,False,False,False,False,False,False,False,False,False,0,0,False,1.1,False,False,False,6.112389755249024,1658.8094,1,0.0001234474765278,2.3227724612097e-05,473,736,False,736.0,False,False,False,False,6.943272756237403,0.9647991101563856,0.1388947197448436,0.026143392350792796,0.02701623973631146,0.18814352330348022
ARPHRGIGLYPFDY,H1-69,K3-15,True,18,1,1,1,0.0001234474765278,3.3353567831150897e-06,2.3227724612097e-05,3.227597247505067e-06,False,False,False,False,False,False,False,False,False,False,False,False,False,1,2,False,0.5714285714285717,False,False,False,8.638685607910158,1661.8596999999995,2,0.0001234474765278,2.3227724612097e-05,483,737,False,737.0,False,False,False,False,6.943272756237403,0.9647991101563856,0.1388947197448436,0.026143392350792796,0.02701623973631146,0.18814352330348022
ARPSWRGDIGAYFDY,H1-69,K3-20,True,18,1,1,1,0.0001234474765278,3.3353567831150897e-06,2.3227724612097e-05,3.227597247505067e-06,False,False,False,False,False,False,False,False,False,False,False,False,False,0,0,False,1.4400000000000002,False,False,False,6.004021835327148,1773.9000999999998,2,0.0001234474765278,2.3227724612097e-05,500,738,False,738.0,True,True,False,False,6.943272756237403,0.9647991101563856,0.1388947197448436,0.026143392350792796,0.02701623973631146,0.18814352330348022
ARQIDYLPSSFDY,H5-51,K4-1,True,18,1,1,1,0.0001234474765278,3.3353567831150897e-06,2.3227724612097e-05,3.227597247505067e-06,False,False,False,False,False,False,False,False,False,False,False,False,False,-1,-1,False,1.3230769230769233,False,False,False,4.207874679565429,1574.6880999999998,1,0.0001234474765278,2.3227724612097e-05,519,740,False,740.0,False,False,False,False,6.943272756237403,0.9647991101563856,0.1388947197448436,0.026143392350792796,0.02701623973631146,0.18814352330348022
ARQLYGWVAFDY,H3-23_A,K3-15,True,18,1,1,1,0.0001234474765278,3.3353567831150897e-06,2.3227724612097e-05,3.227597247505067e-06,False,False,False,False,False,False,False,False,False,False,False,False,False,0,0,False,-0.4833333333333331,False,False,False,5.87944984436035,1488.6434,1,0.0001234474765278,2.3227724612097e-05,524,741,False,741.0,False,False,False,False,6.943272756237403,0.9647991101563856,0.1388947197448436,0.026143392350792796,0.02701623973631146,0.18814352330348022
ARSGDRTWAFDY,H5-51,K3-20,True,18,1,1,1,0.0001234474765278,3.3353567831150897e-06,2.3227724612097e-05,3.227597247505067e-06,False,False,False,False,False,False,False,False,False,False,False,False,False,0,0,False,2.4083333333333337,False,False,False,6.004890823364257,1444.5067,2,0.0001234474765278,2.3227724612097e-05,533,742,False,742.0,False,False,False,False,6.943272756237403,0.9647991101563856,0.1388947197448436,0.026143392350792796,0.02701623973631146,0.18814352330348022
ARSRIIAGAADPFDP,H4-34,K3-20,True,18,1,1,1,0.0001234474765278,3.3353567831150897e-06,2.3227724612097e-05,3.227597247505067e-06,False,False,False,False,True,False,False,False,False,False,False,False,False,0,0,False,1.8666666666666667,False,False,False,6.005810928344727,1556.7210999999998,2,0.0001234474765278,2.3227724612097e-05,551,743,False,743.0,False,False,False,False,6.943272756237403,0.9647991101563856,0.1388947197448436,0.026143392350792796,0.02701623973631146,0.18814352330348022
ARVPSLESLYAFDY,H4-34,K3-20,True,18,1,1,1,0.0001234474765278,3.3353567831150897e-06,2.3227724612097e-05,3.227597247505067e-06,False,False,False,False,False,False,False,False,False,False,False,False,False,-1,-1,False,0.442857142857143,False,False,False,4.370375442504883,1630.7944,1,0.0001234474765278,2.3227724612097e-05,611,744,False,744.0,False,False,False,False,6.943272756237403,0.9647991101563856,0.1388947197448436,0.026143392350792796,0.02701623973631146,0.18814352330348022
ARVTSWAALFDY,H3-23_A,K3-20,True,18,1,1,1,0.0001234474765278,3.3353567831150897e-06,2.3227724612097e-05,3.227597247505067e-06,False,False,False,False,False,False,False,False,False,False,False,False,False,0,0,False,-0.1499999999999998,False,False,False,5.880318832397459,1399.5488,1,0.0001234474765278,2.3227724612097e-05,628,745,False,745.0,False,False,False,False,6.943272756237403,0.9647991101563856,0.1388947197448436,0.026143392350792796,0.02701623973631146,0.18814352330348022
ARVYLYGSLEFDY,H4-34,K3-20,True,18,1,1,1,0.0001234474765278,3.3353567831150897e-06,2.3227724612097e-05,3.227597247505067e-06,False,False,False,False,False,False,False,False,False,True,False,False,False,-1,-1,False,-0.0538461538461536,False,False,False,4.370375442504883,1595.7485,1,0.0001234474765278,2.3227724612097e-05,634,746,False,746.0,False,False,False,False,6.943272756237403,0.9647991101563856,0.1388947197448436,0.026143392350792796,0.02701623973631146,0.18814352330348022
ARWGEHKYGESYFDP,H4-34,K3-20,True,18,1,1,1,0.0001234474765278,3.3353567831150897e-06,2.3227724612097e-05,3.227597247505067e-06,False,False,False,False,True,False,False,False,False,False,False,False,False,-1,0,False,2.4466666666666668,False,False,False,5.447153854370117,1841.9311,1,0.0001234474765278,2.3227724612097e-05,642,747,False,747.0,False,False,False,False,6.943272756237403,0.9647991101563856,0.1388947197448436,0.026143392350792796,0.02701623973631146,0.18814352330348022
ARYDESYGTFDY,H1-69,K1-39,True,18,1,1,1,0.0001234474765278,3.3353567831150897e-06,2.3227724612097e-05,3.227597247505067e-06,False,False,False,False,False,False,False,False,False,True,False,False,False,-2,-2,False,3.0500000000000003,False,False,False,4.050025558471679,1486.4936,1,0.0001234474765278,2.3227724612097e-05,650,748,False,748.0,False,False,False,False,6.943272756237403,0.9647991101563856,0.1388947197448436,0.026143392350792796,0.02701623973631146,0.18814352330348022
ARAASFTIDRWYFDP,H3-23_A,K4-1,True,17,1,1,1,0.0001165892833873,3.3353567831150897e-06,2.3227724612097e-05,3.227597247505067e-06,False,False,False,True,True,False,False,False,False,False,False,False,False,0,0,False,0.6800000000000002,False,False,False,6.004890823364257,1815.9799000000005,2,0.0001165892833873,2.3227724612097e-05,5,750,False,750.0,False,False,False,False,6.943272756237403,0.9647991101563856,0.1388947197448436,0.027681107068078407,0.028605294013997147,0.19920984020924923
ARAATWTGRYSFDY,H4-34,K3-20,True,17,1,1,1,0.0001165892833873,3.3353567831150897e-06,2.3227724612097e-05,3.227597247505067e-06,False,False,False,False,False,False,False,False,False,False,False,False,False,1,1,False,1.7357142857142858,False,False,False,8.632579040527343,1664.7742999999998,2,0.0001165892833873,2.3227724612097e-05,6,751,False,751.0,False,False,False,False,6.943272756237403,0.9647991101563856,0.1388947197448436,0.027681107068078407,0.028605294013997147,0.19920984020924923
ARAGHTSSTGPFDY,H5-51,K3-15,True,17,1,1,1,0.0001165892833873,3.3353567831150897e-06,2.3227724612097e-05,3.227597247505067e-06,False,False,False,False,False,False,False,False,False,False,False,False,False,0,1,False,3.3071428571428574,False,False,False,6.788309097290039,1466.5106999999998,1,0.0001165892833873,2.3227724612097e-05,14,752,False,752.0,False,False,False,False,6.943272756237403,0.9647991101563856,0.1388947197448436,0.027681107068078407,0.028605294013997147,0.19920984020924923
ARALGTDAYFDY,H5-51,UNK,True,17,1,1,1,0.0001165892833873,3.3353567831150897e-06,2.3227724612097e-05,3.227597247505067e-06,False,False,False,False,False,False,False,False,False,False,False,False,False,-1,-1,False,1.6000000000000003,False,False,False,4.207874679565429,1362.4425,1,0.0001165892833873,2.3227724612097e-05,34,753,False,753.0,False,False,False,False,6.943272756237403,0.9647991101563856,0.1388947197448436,0.027681107068078407,0.028605294013997147,0.19920984020924923
ARATLAGEFPYAFDP,UNK,K3-15,True,17,1,1,1,0.0001165892833873,3.3353567831150897e-06,2.3227724612097e-05,3.227597247505067e-06,False,False,False,False,True,False,False,False,False,False,False,False,False,-1,-1,False,1.0666666666666669,False,False,False,4.370375442504883,1625.7779999999998,1,0.0001165892833873,2.3227724612097e-05,64,755,False,755.0,True,False,False,False,6.943272756237403,0.9647991101563856,0.1388947197448436,0.027681107068078407,0.028605294013997147,0.19920984020924923
ARAVNGVAWDAFDY,H5-51,K3-15,True,17,1,1,1,0.0001165892833873,3.3353567831150897e-06,2.3227724612097e-05,3.227597247505067e-06,False,False,True,False,False,False,False,False,False,False,False,False,False,-1,-1,False,1.2,False,False,False,4.207874679565429,1554.6601999999998,1,0.0001165892833873,2.3227724612097e-05,68,756,False,756.0,False,False,False,False,6.943272756237403,0.9647991101563856,0.1388947197448436,0.027681107068078407,0.028605294013997147,0.19920984020924923
ARDADLYSDEFDP,H1-69,K3-20,True,17,1,1,1,0.0001165892833873,3.3353567831150897e-06,2.3227724612097e-05,3.227597247505067e-06,False,False,False,False,True,False,False,False,False,True,False,False,False,-4,-4,False,3.423076923076923,False,False,False,4.050025558471679,1513.5175,1,0.0001165892833873,2.3227724612097e-05,78,757,False,757.0,False,False,False,False,6.943272756237403,0.9647991101563856,0.1388947197448436,0.027681107068078407,0.028605294013997147,0.19920984020924923
ARDPGLLQYGAFDY,H4-34,K3-20,True,17,1,1,1,0.0001165892833873,3.3353567831150897e-06,2.3227724612097e-05,3.227597247505067e-06,False,False,False,False,True,False,False,False,False,False,False,False,False,-1,-1,False,1.1785714285714288,False,False,False,4.207874679565429,1585.714,1,0.0001165892833873,2.3227724612097e-05,126,758,False,758.0,False,False,False,False,6.943272756237403,0.9647991101563856,0.1388947197448436,0.027681107068078407,0.028605294013997147,0.19920984020924923
ARDPYSYGATYGFDI,H3-23_A,K3-15,True,17,1,1,1,0.0001165892833873,3.3353567831150897e-06,2.3227724612097e-05,3.227597247505067e-06,False,False,False,False,True,False,False,False,False,False,False,False,False,-1,-1,False,2.046666666666667,False,False,False,4.207874679565429,1695.7815999999998,1,0.0001165892833873,2.3227724612097e-05,137,760,False,760.0,False,False,False,False,6.943272756237403,0.9647991101563856,0.1388947197448436,0.027681107068078407,0.028605294013997147,0.19920984020924923
ARDVLRGAAAWAFDI,H4-34,K3-15,True,17,1,1,1,0.0001165892833873,3.3353567831150897e-06,2.3227724612097e-05,3.227597247505067e-06,False,False,False,False,False,False,False,False,False,False,False,False,False,0,0,False,0.3000000000000001,False,False,False,6.005810928344727,1631.8321999999998,2,0.0001165892833873,2.3227724612097e-05,157,761,False,761.0,False,False,False,False,6.943272756237403,0.9647991101563856,0.1388947197448436,0.027681107068078407,0.028605294013997147,0.19920984020924923
ARDYARLAYSSTFDY,H3-23_A,K4-1,True,17,1,1,1,0.0001165892833873,3.3353567831150897e-06,2.3227724612097e-05,3.227597247505067e-06,False,False,False,False,False,False,False,False,False,False,False,False,False,0,0,False,1.9200000000000004,False,False,False,6.003152847290039,1798.9047,2,0.0001165892833873,2.3227724612097e-05,169,762,False,762.0,False,False,False,False,6.943272756237403,0.9647991101563856,0.1388947197448436,0.027681107068078407,0.028605294013997147,0.19920984020924923
ARDYGVIVYRDYAFDY,H3-23_A,K4-1,True,17,1,1,1,0.0001165892833873,3.3353567831150897e-06,2.3227724612097e-05,3.227597247505067e-06,False,False,False,False,False,False,False,False,False,False,False,False,False,-1,-1,False,1.00625,False,False,False,4.429057693481445,1986.1422,2,0.0001165892833873,2.3227724612097e-05,172,763,False,763.0,False,False,False,False,6.943272756237403,0.9647991101563856,0.1388947197448436,0.027681107068078407,0.028605294013997147,0.19920984020924923
AREGVRQSGEFDY,H1-69,UNK,True,17,1,1,1,0.0001165892833873,3.3353567831150897e-06,2.3227724612097e-05,3.227597247505067e-06,False,False,False,False,False,False,False,False,False,True,False,False,False,-1,-1,False,3.476923076923077,False,False,False,4.6793262481689455,1513.5671,2,0.0001165892833873,2.3227724612097e-05,189,765,False,765.0,True,True,False,False,6.943272756237403,0.9647991101563856,0.1388947197448436,0.027681107068078407,0.028605294013997147,0.19920984020924923
AREKYSYPLWGFDY,H1-69,K4-1,True,17,1,1,1,0.0001165892833873,3.3353567831150897e-06,2.3227724612097e-05,3.227597247505067e-06,False,False,False,False,False,False,False,False,False,False,False,False,False,0,0,False,0.7142857142857144,False,False,False,6.111520767211914,1794.9572999999998,1,0.0001165892833873,2.3227724612097e-05,198,766,False,766.0,False,False,False,False,6.943272756237403,0.9647991101563856,0.1388947197448436,0.027681107068078407,0.028605294013997147,0.19920984020924923
ARGAARYGYWEQFDP,H1-69,K1-39,True,17,1,1,1,0.0001165892833873,3.3353567831150897e-06,2.3227724612097e-05,3.227597247505067e-06,False,False,False,False,True,False,False,False,False,False,False,False,False,0,0,False,1.9333333333333331,False,False,False,6.113258743286132,1786.8989,2,0.0001165892833873,2.3227724612097e-05,250,768,False,768.0,False,False,False,False,6.943272756237403,0.9647991101563856,0.1388947197448436,0.027681107068078407,0.028605294013997147,0.19920984020924923
ARGAVIYTDWGFDY,H4-34,K3-20,True,17,1,1,1,0.0001165892833873,3.3353567831150897e-06,2.3227724612097e-05,3.227597247505067e-06,False,False,False,False,False,False,False,False,False,False,False,False,False,-1,-1,False,0.7357142857142858,False,False,False,4.207874679565429,1633.7568,1,0.0001165892833873,2.3227724612097e-05,257,769,False,769.0,False,False,False,False,6.943272756237403,0.9647991101563856,0.1388947197448436,0.027681107068078407,0.028605294013997147,0.19920984020924923
ARGFDYGDAPGYFDY,H1-69,K3-15,True,17,1,1,1,0.0001165892833873,3.3353567831150897e-06,2.3227724612097e-05,3.227597247505067e-06,False,False,False,False,False,False,False,False,False,False,False,False,False,-2,-2,False,2.2333333333333334,False,False,False,4.050025558471679,1713.7552999999998,1,0.0001165892833873,2.3227724612097e-05,266,770,False,770.0,True,True,False,False,6.943272756237403,0.9647991101563856,0.1388947197448436,0.027681107068078407,0.028605294013997147,0.19920984020924923
ARGFDYGDAPGYFDY,UNK,K3-20,True,17,1,1,1,0.0001165892833873,3.3353567831150897e-06,2.3227724612097e-05,3.227597247505067e-06,False,False,False,False,False,False,False,False,False,False,False,False,False,-2,-2,False,2.2333333333333334,False,False,False,4.050025558471679,1713.7552999999998,1,0.0001165892833873,2.3227724612097e-05,266,771,False,771.0,True,False,False,False,6.943272756237403,0.9647991101563856,0.1388947197448436,0.027681107068078407,0.028605294013997147,0.19920984020924923
ARGILWASSDYGFDI,H4-34,K3-15,True,17,1,1,1,0.0001165892833873,3.3353567831150897e-06,2.3227724612097e-05,3.227597247505067e-06,False,False,False,False,False,False,False,False,False,False,False,False,False,-1,-1,False,0.4333333333333334,False,False,False,4.207874679565429,1670.8185,1,0.0001165892833873,2.3227724612097e-05,274,772,False,772.0,False,False,False,False,6.943272756237403,0.9647991101563856,0.1388947197448436,0.027681107068078407,0.028605294013997147,0.19920984020924923
ARGPGTTYDRFDY,H5-51,K3-20,True,17,1,1,1,0.0001165892833873,3.3353567831150897e-06,2.3227724612097e-05,3.227597247505067e-06,False,False,False,False,False,False,False,False,False,False,False,False,False,0,0,False,3.184615384615385,False,False,False,6.004021835327148,1518.5852,2,0.0001165892833873,2.3227724612097e-05,293,774,False,774.0,False,False,False,False,6.943272756237403,0.9647991101563856,0.1388947197448436,0.027681107068078407,0.028605294013997147,0.19920984020924923
ARGPYPGDIVLYFDY,UNK,K3-15,True,17,1,1,1,0.0001165892833873,3.3353567831150897e-06,2.3227724612097e-05,3.227597247505067e-06,False,False,False,False,False,False,False,False,False,False,False,False,False,-1,-1,False,0.4066666666666668,False,False,False,4.207874679565429,1745.9263,1,0.0001165892833873,2.3227724612097e-05,301,775,False,775.0,True,False,False,False,6.943272756237403,0.9647991101563856,0.1388947197448436,0.027681107068078407,0.028605294013997147,0.19920984020924923
ARGSRSDEAAGFDY,H5-51,UNK,True,17,1,1,1,0.0001165892833873,3.3353567831150897e-06,2.3227724612097e-05,3.227597247505067e-06,False,False,False,False,False,False,False,False,False,True,False,False,False,-1,-1,False,3.985714285714286,False,False,False,4.558281326293945,1501.5133999999998,2,0.0001165892833873,2.3227724612097e-05,325,776,False,776.0,False,False,False,False,6.943272756237403,0.9647991101563856,0.1388947197448436,0.027681107068078407,0.028605294013997147,0.19920984020924923
ARGTLAAFNFDY,H4-34,K4-1,True,17,1,1,1,0.0001165892833873,3.3353567831150897e-06,2.3227724612097e-05,3.227597247505067e-06,False,False,False,False,False,False,False,False,False,False,False,False,False,0,0,False,0.7416666666666668,False,False,False,5.880318832397459,1345.4583,1,0.0001165892833873,2.3227724612097e-05,331,777,False,777.0,False,False,False,False,6.943272756237403,0.9647991101563856,0.1388947197448436,0.027681107068078407,0.028605294013997147,0.19920984020924923
ARHGNVYDYPDLFDY,H4-34,K3-15,True,17,1,1,1,0.0001165892833873,3.3353567831150897e-06,2.3227724612097e-05,3.227597247505067e-06,False,False,False,False,False,False,False,False,False,False,False,False,False,-2,-1,False,1.6933333333333336,False,False,False,4.413415908813476,1844.9315,1,0.0001165892833873,2.3227724612097e-05,361,779,False,779.0,False,False,False,False,6.943272756237403,0.9647991101563856,0.1388947197448436,0.027681107068078407,0.028605294013997147,0.19920984020924923
ARHGPGEYFGIPAFDY,H3-23_A,UNK,True,17,1,1,1,0.0001165892833873,3.3353567831150897e-06,2.3227724612097e-05,3.227597247505067e-06,False,False,False,False,False,False,False,False,False,False,False,False,False,-1,0,False,1.2125,False,False,False,5.322224044799805,1796.9334,1,0.0001165892833873,2.3227724612097e-05,362,780,False,780.0,True,True,False,False,6.943272756237403,0.9647991101563856,0.1388947197448436,0.027681107068078407,0.028605294013997147,0.19920984020924923
ARHPLTRIGIGYNFDY,H3-23_A,K1-39,True,17,1,1,1,0.0001165892833873,3.3353567831150897e-06,2.3227724612097e-05,3.227597247505067e-06,False,False,False,False,False,False,False,False,False,False,False,False,False,1,2,False,0.6312500000000002,False,False,False,8.638685607910158,1893.1086,2,0.0001165892833873,2.3227724612097e-05,375,781,False,781.0,False,False,False,False,6.943272756237403,0.9647991101563856,0.1388947197448436,0.027681107068078407,0.028605294013997147,0.19920984020924923
ARIGERAFLDYPGYFDI,H1-69,K3-15,True,17,1,1,1,0.0001165892833873,3.3353567831150897e-06,2.3227724612097e-05,3.227597247505067e-06,False,False,False,False,False,False,False,False,False,False,False,False,False,-1,-1,False,0.3823529411764708,False,False,False,4.558281326293945,2003.2159,2,0.0001165892833873,2.3227724612097e-05,389,783,False,783.0,True,True,False,False,6.943272756237403,0.9647991101563856,0.1388947197448436,0.027681107068078407,0.028605294013997147,0.19920984020924923
ARKISSVKSSIIGAFDP,H3-23_A,K3-20,True,17,1,1,1,0.0001165892833873,3.3353567831150897e-06,2.3227724612097e-05,3.227597247505067e-06,False,False,False,False,True,False,False,False,False,False,False,False,False,2,2,False,1.5705882352941178,False,False,False,9.99490509033203,1776.0421,1,0.0001165892833873,2.3227724612097e-05,409,784,False,784.0,False,False,False,False,6.943272756237403,0.9647991101563856,0.1388947197448436,0.027681107068078407,0.028605294013997147,0.19920984020924923
ARKLYANLIAAAFDP,H3-23_A,K3-20,True,17,1,1,1,0.0001165892833873,3.3353567831150897e-06,2.3227724612097e-05,3.227597247505067e-06,False,False,False,False,True,False,False,False,False,False,False,False,False,1,1,False,0.1333333333333335,False,False,False,8.63377227783203,1633.8878,1,0.0001165892833873,2.3227724612097e-05,411,785,False,785.0,False,False,False,False,6.943272756237403,0.9647991101563856,0.1388947197448436,0.027681107068078407,0.028605294013997147,0.19920984020924923
ARLFRAWDAPEAFDY,H1-69,K3-20,True,17,1,1,1,0.0001165892833873,3.3353567831150897e-06,2.3227724612097e-05,3.227597247505067e-06,False,False,False,False,False,False,False,False,False,False,False,False,False,-1,-1,False,0.4800000000000002,False,False,False,4.558281326293945,1827.9906,2,0.0001165892833873,2.3227724612097e-05,421,786,False,786.0,True,True,False,False,6.943272756237403,0.9647991101563856,0.1388947197448436,0.027681107068078407,0.028605294013997147,0.19920984020924923
ARLGLSQTGAFDY,H4-34,K3-15,True,17,1,1,1,0.0001165892833873,3.3353567831150897e-06,2.3227724612097e-05,3.227597247505067e-06,False,False,False,False,False,False,False,False,False,False,False,False,False,0,0,False,1.3846153846153848,False,False,False,5.880318832397459,1398.5194,1,0.0001165892833873,2.3227724612097e-05,427,787,False,787.0,False,False,False,False,6.943272756237403,0.9647991101563856,0.1388947197448436,0.027681107068078407,0.028605294013997147,0.19920984020924923
ARLPYGATDVYVFDP,H5-51,K3-15,True,17,1,1,1,0.0001165892833873,3.3353567831150897e-06,2.3227724612097e-05,3.227597247505067e-06,False,False,False,False,True,False,False,False,False,False,False,False,False,-1,-1,False,0.9266666666666667,False,False,False,4.207874679565429,1683.857,1,0.0001165892833873,2.3227724612097e-05,445,788,False,788.0,False,False,False,False,6.943272756237403,0.9647991101563856,0.1388947197448436,0.027681107068078407,0.028605294013997147,0.19920984020924923
ARLYAPASSYQSARFDP,H4-34,K3-20,True,17,1,1,1,0.0001165892833873,3.3353567831150897e-06,2.3227724612097e-05,3.227597247505067e-06,False,False,False,False,True,False,False,False,False,False,False,False,False,1,1,False,2.01764705882353,False,False,False,8.632579040527343,1900.055,2,0.0001165892833873,2.3227724612097e-05,463,789,False,789.0,False,False,False,False,6.943272756237403,0.9647991101563856,0.1388947197448436,0.027681107068078407,0.028605294013997147,0.19920984020924923
ARLYREVFTSGFDY,H3-23_A,K3-15,True,17,1,1,1,0.0001165892833873,3.3353567831150897e-06,2.3227724612097e-05,3.227597247505067e-06,False,False,False,False,False,False,False,False,False,False,False,False,False,0,0,False,0.7571428571428573,False,False,False,6.113258743286132,1723.8810999999998,2,0.0001165892833873,2.3227724612097e-05,465,790,False,790.0,False,False,False,False,6.943272756237403,0.9647991101563856,0.1388947197448436,0.027681107068078407,0.028605294013997147,0.19920984020924923
ARPLTVNARVLALAFDY,H1-69,K1-39,True,17,1,1,1,0.0001165892833873,3.3353567831150897e-06,2.3227724612097e-05,3.227597247505067e-06,False,False,False,False,False,False,False,False,False,False,False,False,False,1,1,False,-0.2941176470588233,False,False,False,8.79022674560547,1890.1892,2,0.0001165892833873,2.3227724612097e-05,487,791,False,791.0,False,False,False,False,6.943272756237403,0.9647991101563856,0.1388947197448436,0.027681107068078407,0.028605294013997147,0.19920984020924923
ARPRYGLSWVFDY,H1-69,K3-20,True,17,1,1,1,0.0001165892833873,3.3353567831150897e-06,2.3227724612097e-05,3.227597247505067e-06,False,False,False,False,False,False,False,False,False,False,False,False,False,1,1,False,-0.0846153846153844,False,False,False,8.632579040527343,1629.8145,2,0.0001165892833873,2.3227724612097e-05,495,792,False,792.0,False,False,False,False,6.943272756237403,0.9647991101563856,0.1388947197448436,0.027681107068078407,0.028605294013997147,0.19920984020924923
ARPSWRGDIGAYFDY,UNK,K3-15,True,17,1,1,1,0.0001165892833873,3.3353567831150897e-06,2.3227724612097e-05,3.227597247505067e-06,False,False,False,False,False,False,False,False,False,False,False,False,False,0,0,False,1.4400000000000002,False,False,False,6.004021835327148,1773.9000999999998,2,0.0001165892833873,2.3227724612097e-05,500,793,False,793.0,True,False,False,False,6.943272756237403,0.9647991101563856,0.1388947197448436,0.027681107068078407,0.028605294013997147,0.19920984020924923
ARQKIYSGTSVAFDP,H4-34,K3-20,True,17,1,1,1,0.0001165892833873,3.3353567831150897e-06,2.3227724612097e-05,3.227597247505067e-06,False,False,False,False,True,False,False,False,False,False,False,False,False,1,1,False,2.22,False,False,False,8.63377227783203,1639.8063000000002,1,0.0001165892833873,2.3227724612097e-05,521,795,False,795.0,False,False,False,False,6.943272756237403,0.9647991101563856,0.1388947197448436,0.027681107068078407,0.028605294013997147,0.19920984020924923
ARQREYGDASNAFDY,H1-69,K4-1,True,17,1,1,1,0.0001165892833873,3.3353567831150897e-06,2.3227724612097e-05,3.227597247505067e-06,False,False,False,False,False,False,False,False,False,False,False,False,False,-1,-1,False,3.646666666666667,False,False,False,4.558281326293945,1762.7898,2,0.0001165892833873,2.3227724612097e-05,528,796,False,796.0,True,True,False,False,6.943272756237403,0.9647991101563856,0.1388947197448436,0.027681107068078407,0.028605294013997147,0.19920984020924923
ARSSPWSWLDY,H4-34,K1-39,True,17,1,1,1,0.0001165892833873,3.3353567831150897e-06,2.3227724612097e-05,3.227597247505067e-06,False,False,False,False,False,False,False,False,False,False,False,False,False,0,0,False,0.6181818181818183,False,False,False,5.880318832397459,1367.464,1,0.0001165892833873,2.3227724612097e-05,555,797,False,797.0,False,False,False,False,6.943272756237403,0.9647991101563856,0.1388947197448436,0.027681107068078407,0.028605294013997147,0.19920984020924923
ARTARYSAGFDY,H3-23_A,K4-1,True,17,1,1,1,0.0001165892833873,3.3353567831150897e-06,2.3227724612097e-05,3.227597247505067e-06,False,False,False,False,False,False,False,False,False,False,False,False,False,1,1,False,2.4250000000000003,False,False,False,8.632579040527343,1377.4605,2,0.0001165892833873,2.3227724612097e-05,561,798,False,798.0,False,False,False,False,6.943272756237403,0.9647991101563856,0.1388947197448436,0.027681107068078407,0.028605294013997147,0.19920984020924923
ARTGQQAGLPFDY,H5-51,K3-15,True,17,1,1,1,0.0001165892833873,3.3353567831150897e-06,2.3227724612097e-05,3.227597247505067e-06,False,False,False,False,False,False,False,False,False,False,False,False,False,0,0,False,2.2153846153846155,False,False,False,5.880318832397459,1423.5288999999998,1,0.0001165892833873,2.3227724612097e-05,563,799,False,799.0,False,False,False,False,6.943272756237403,0.9647991101563856,0.1388947197448436,0.027681107068078407,0.028605294013997147,0.19920984020924923
ARTSIAGDPPGYFDY,H1-69,UNK,True,17,1,1,1,0.0001165892833873,3.3353567831150897e-06,2.3227724612097e-05,3.227597247505067e-06,False,False,False,False,True,False,False,False,False,False,False,False,False,-1,-1,False,2.313333333333333,False,False,False,4.207874679565429,1629.7235999999998,1,0.0001165892833873,2.3227724612097e-05,575,800,False,800.0,False,False,False,False,6.943272756237403,0.9647991101563856,0.1388947197448436,0.027681107068078407,0.028605294013997147,0.19920984020924923
ARVLLGTAGFDY,H4-34,K3-20,True,17,1,1,1,0.0001165892833873,3.3353567831150897e-06,2.3227724612097e-05,3.227597247505067e-06,False,False,False,False,False,False,False,False,False,False,False,False,False,0,0,False,0.1500000000000002,False,False,False,5.880318832397459,1282.4439,1,0.0001165892833873,2.3227724612097e-05,600,804,False,804.0,False,False,False,False,6.943272756237403,0.9647991101563856,0.1388947197448436,0.027681107068078407,0.028605294013997147,0.19920984020924923
ARVPSLDYEYAFDY,H4-34,K4-1,True,17,1,1,1,0.0001165892833873,3.3353567831150897e-06,2.3227724612097e-05,3.227597247505067e-06,False,False,False,False,False,False,False,False,False,True,False,False,False,-2,-2,False,1.2142857142857142,False,False,False,4.050025558471679,1708.8201,1,0.0001165892833873,2.3227724612097e-05,611,805,False,805.0,False,False,False,False,6.943272756237403,0.9647991101563856,0.1388947197448436,0.027681107068078407,0.028605294013997147,0.19920984020924923
ARVSGYSGYRLSFDP,H4-34,K3-15,True,17,1,1,1,0.0001165892833873,3.3353567831150897e-06,2.3227724612097e-05,3.227597247505067e-06,False,False,False,False,True,False,False,False,False,False,False,False,False,1,1,False,1.84,False,False,False,8.632579040527343,1674.8105,2,0.0001165892833873,2.3227724612097e-05,622,806,False,806.0,False,False,False,False,6.943272756237403,0.9647991101563856,0.1388947197448436,0.027681107068078407,0.028605294013997147,0.19920984020924923
ARVTHSPAYTGEFDY,H1-69,K3-20,True,17,1,1,1,0.0001165892833873,3.3353567831150897e-06,2.3227724612097e-05,3.227597247505067e-06,False,False,False,False,False,False,False,False,False,True,False,False,False,-1,0,False,2.4200000000000004,False,False,False,5.322224044799805,1713.8003,1,0.0001165892833873,2.3227724612097e-05,626,807,False,807.0,False,False,False,False,6.943272756237403,0.9647991101563856,0.1388947197448436,0.027681107068078407,0.028605294013997147,0.19920984020924923
ARVYGQYGYNWGFDY,H4-34,K3-15,True,17,1,1,1,0.0001165892833873,3.3353567831150897e-06,2.3227724612097e-05,3.227597247505067e-06,False,False,False,False,False,False,False,False,False,False,False,False,False,0,0,False,1.06,False,False,False,5.877711868286132,1858.9595,1,0.0001165892833873,2.3227724612097e-05,632,808,False,808.0,False,False,False,False,6.943272756237403,0.9647991101563856,0.1388947197448436,0.027681107068078407,0.028605294013997147,0.19920984020924923
ARWRYSGYGLFDY,H1-69,K1-39,True,17,1,1,1,0.0001165892833873,3.3353567831150897e-06,2.3227724612097e-05,3.227597247505067e-06,False,False,False,False,False,False,False,False,False,False,False,False,False,1,1,False,0.330769230769231,False,False,False,8.539295959472657,1653.7928,2,0.0001165892833873,2.3227724612097e-05,645,809,False,809.0,False,False,False,False,6.943272756237403,0.9647991101563856,0.1388947197448436,0.027681107068078407,0.028605294013997147,0.19920984020924923
ARYRGPIEASFDY,H4-34,K3-15,True,17,1,1,1,0.0001165892833873,3.3353567831150897e-06,2.3227724612097e-05,3.227597247505067e-06,False,False,False,False,False,False,False,False,False,False,False,False,False,0,0,False,1.8230769230769237,False,False,False,6.113258743286132,1544.6654999999998,2,0.0001165892833873,2.3227724612097e-05,664,810,False,810.0,False,False,False,False,6.943272756237403,0.9647991101563856,0.1388947197448436,0.027681107068078407,0.028605294013997147,0.19920984020924923
ARAGEPAAAAGTFDY,H5-51,K4-1,True,16,1,1,1,0.0001097310902469,3.3353567831150897e-06,2.3227724612097e-05,3.227597247505067e-06,False,False,False,False,False,False,False,False,False,False,False,False,False,-1,-1,False,2.813333333333333,False,False,False,4.370375442504883,1467.5385,1,0.0001097310902469,2.3227724612097e-05,12,812,False,812.0,False,False,False,False,6.943272756237403,0.9647991101563856,0.1388947197448436,0.029411018609743052,0.03039296197633054,0.2116593206777727
ARAGSRASLDY,H5-51,K3-15,True,16,1,1,1,0.0001097310902469,3.3353567831150897e-06,2.3227724612097e-05,3.227597247505067e-06,False,False,False,False,False,False,False,False,False,False,False,False,False,1,1,False,2.936363636363637,False,False,False,8.79022674560547,1166.2445,2,0.0001097310902469,2.3227724612097e-05,18,814,False,814.0,False,False,False,False,6.943272756237403,0.9647991101563856,0.1388947197448436,0.029411018609743052,0.03039296197633054,0.2116593206777727
ARAPEDYNAHAFDY,H5-51,K3-15,True,16,1,1,1,0.0001097310902469,3.3353567831150897e-06,2.3227724612097e-05,3.227597247505067e-06,False,False,False,False,False,False,False,False,False,True,False,False,False,-2,-1,False,2.757142857142857,False,False,False,4.536607742309571,1639.6787,1,0.0001097310902469,2.3227724612097e-05,44,815,False,815.0,False,False,False,False,6.943272756237403,0.9647991101563856,0.1388947197448436,0.029411018609743052,0.03039296197633054,0.2116593206777727
ARARLYGDAPYAFDY,H5-51,K3-20,True,16,1,1,1,0.0001097310902469,3.3353567831150897e-06,2.3227724612097e-05,3.227597247505067e-06,False,False,False,False,False,False,False,False,False,False,False,False,False,0,0,False,1.366666666666667,False,False,False,6.003152847290039,1748.8906000000002,2,0.0001097310902469,2.3227724612097e-05,58,816,False,816.0,True,False,False,False,6.943272756237403,0.9647991101563856,0.1388947197448436,0.029411018609743052,0.03039296197633054,0.2116593206777727
ARATNYGYLDY,H5-51,K3-15,True,16,1,1,1,0.0001097310902469,3.3353567831150897e-06,2.3227724612097e-05,3.227597247505067e-06,False,False,False,False,False,False,False,False,False,False,False,False,False,0,0,False,1.945454545454545,False,False,False,5.87858085632324,1306.3792,1,0.0001097310902469,2.3227724612097e-05,65,817,False,817.0,False,False,False,False,6.943272756237403,0.9647991101563856,0.1388947197448436,0.029411018609743052,0.03039296197633054,0.2116593206777727
ARAWYVRYNAFDY,H4-34,K4-1,True,16,1,1,1,0.0001097310902469,3.3353567831150897e-06,2.3227724612097e-05,3.227597247505067e-06,False,False,False,False,False,False,False,False,False,False,False,False,False,1,1,False,0.2384615384615385,False,False,False,8.539295959472657,1694.8447,2,0.0001097310902469,2.3227724612097e-05,72,818,False,818.0,False,False,False,False,6.943272756237403,0.9647991101563856,0.1388947197448436,0.029411018609743052,0.03039296197633054,0.2116593206777727
ARAWYWYRTAFDY,H3-23_A,K4-1,True,16,1,1,1,0.0001097310902469,3.3353567831150897e-06,2.3227724612097e-05,3.227597247505067e-06,False,False,False,True,False,False,False,False,False,False,False,False,False,1,1,False,-0.3846153846153844,False,False,False,8.539295959472657,1768.9249,2,0.0001097310902469,2.3227724612097e-05,73,819,False,819.0,False,False,False,False,6.943272756237403,0.9647991101563856,0.1388947197448436,0.029411018609743052,0.03039296197633054,0.2116593206777727
ARDAYWARWSTFDY,H4-34,K3-15,True,16,1,1,1,0.0001097310902469,3.3353567831150897e-06,2.3227724612097e-05,3.227597247505067e-06,False,False,False,False,False,False,False,False,False,False,False,False,False,0,0,False,0.9571428571428572,False,False,False,6.004021835327148,1807.9164,2,0.0001097310902469,2.3227724612097e-05,85,820,False,820.0,False,False,False,False,6.943272756237403,0.9647991101563856,0.1388947197448436,0.029411018609743052,0.03039296197633054,0.2116593206777727
ARDIRILPYFDY,H3-23_A,K1-39,True,16,1,1,1,0.0001097310902469,3.3353567831150897e-06,2.3227724612097e-05,3.227597247505067e-06,False,False,False,False,False,False,False,False,False,False,False,False,False,0,0,False,-0.4666666666666665,False,False,False,6.004021835327148,1541.7476,2,0.0001097310902469,2.3227724612097e-05,102,821,False,821.0,False,False,False,False,6.943272756237403,0.9647991101563856,0.1388947197448436,0.029411018609743052,0.03039296197633054,0.2116593206777727
ARDLGYAVPRLYFDP,H4-34,K3-15,True,16,1,1,1,0.0001097310902469,3.3353567831150897e-06,2.3227724612097e-05,3.227597247505067e-06,False,False,False,False,True,False,False,False,False,False,False,False,False,0,0,False,0.4933333333333335,False,False,False,6.004021835327148,1752.9654,2,0.0001097310902469,2.3227724612097e-05,107,822,False,822.0,False,False,False,False,6.943272756237403,0.9647991101563856,0.1388947197448436,0.029411018609743052,0.03039296197633054,0.2116593206777727
ARDLPYESGFDY,H4-34,K3-20,True,16,1,1,1,0.0001097310902469,3.3353567831150897e-06,2.3227724612097e-05,3.227597247505067e-06,False,False,False,False,False,False,False,False,False,False,False,False,False,-2,-2,False,2.1833333333333336,False,False,False,4.050025558471679,1432.4893,1,0.0001097310902469,2.3227724612097e-05,111,823,False,823.0,False,False,False,False,6.943272756237403,0.9647991101563856,0.1388947197448436,0.029411018609743052,0.03039296197633054,0.2116593206777727
ARDLQSLHRTFDY,H3-23_A,K3-15,True,16,1,1,1,0.0001097310902469,3.3353567831150897e-06,2.3227724612097e-05,3.227597247505067e-06,False,False,False,False,False,False,False,False,False,False,False,False,False,0,1,False,1.6000000000000003,False,False,False,6.791580581665039,1621.7513,2,0.0001097310902469,2.3227724612097e-05,112,824,False,824.0,False,False,False,False,6.943272756237403,0.9647991101563856,0.1388947197448436,0.029411018609743052,0.03039296197633054,0.2116593206777727
ARDLTPWYFDY,H1-69,K3-20,True,16,1,1,1,0.0001097310902469,3.3353567831150897e-06,2.3227724612097e-05,3.227597247505067e-06,False,False,False,True,False,False,False,False,False,False,False,False,False,-1,-1,False,0.1272727272727274,False,False,False,4.207874679565429,1446.5605,1,0.0001097310902469,2.3227724612097e-05,119,825,False,825.0,False,False,False,False,6.943272756237403,0.9647991101563856,0.1388947197448436,0.029411018609743052,0.03039296197633054,0.2116593206777727
ARDNVRSYTVPFDY,H4-34,K3-20,True,16,1,1,1,0.0001097310902469,3.3353567831150897e-06,2.3227724612097e-05,3.227597247505067e-06,False,False,False,False,False,False,False,False,False,False,False,False,False,0,0,False,2.2071428571428573,False,False,False,6.004021835327148,1702.8205999999998,2,0.0001097310902469,2.3227724612097e-05,124,826,False,826.0,False,False,False,False,6.943272756237403,0.9647991101563856,0.1388947197448436,0.029411018609743052,0.03039296197633054,0.2116593206777727
ARDNYRSLGLGYFDY,H4-34,K3-20,True,16,1,1,1,0.0001097310902469,3.3353567831150897e-06,2.3227724612097e-05,3.227597247505067e-06,False,False,False,False,False,False,False,False,False,False,False,False,False,0,0,False,1.4733333333333334,False,False,False,6.003152847290039,1809.9305,2,0.0001097310902469,2.3227724612097e-05,125,827,False,827.0,False,False,False,False,6.943272756237403,0.9647991101563856,0.1388947197448436,0.029411018609743052,0.03039296197633054,0.2116593206777727
ARDRPQFLGPGYWNFDY,H4-34,K1-39,True,16,1,1,1,0.0001097310902469,3.3353567831150897e-06,2.3227724612097e-05,3.227597247505067e-06,False,False,False,False,False,False,False,False,False,False,False,False,False,0,0,False,1.0411764705882354,False,False,False,6.004021835327148,2102.2657,2,0.0001097310902469,2.3227724612097e-05,147,828,False,828.0,False,False,False,False,6.943272756237403,0.9647991101563856,0.1388947197448436,0.029411018609743052,0.03039296197633054,0.2116593206777727
ARDRQVWSPFDY,H4-34,K3-20,True,16,1,1,1,0.0001097310902469,3.3353567831150897e-06,2.3227724612097e-05,3.227597247505067e-06,False,False,False,False,False,False,False,False,False,False,False,False,False,0,0,False,1.6916666666666669,False,False,False,6.004890823364257,1539.649,2,0.0001097310902469,2.3227724612097e-05,149,829,False,829.0,False,False,False,False,6.943272756237403,0.9647991101563856,0.1388947197448436,0.029411018609743052,0.03039296197633054,0.2116593206777727
ARDWLGQESGHFDY,H1-69,K4-1,True,16,1,1,1,0.0001097310902469,3.3353567831150897e-06,2.3227724612097e-05,3.227597247505067e-06,False,False,False,False,False,False,False,False,False,False,False,False,False,-2,-1,False,2.128571428571429,False,False,False,4.536607742309571,1680.7306,1,0.0001097310902469,2.3227724612097e-05,164,830,False,830.0,False,False,False,False,6.943272756237403,0.9647991101563856,0.1388947197448436,0.029411018609743052,0.03039296197633054,0.2116593206777727
ARDWTPWLSYGFDP,H1-69,K3-15,True,16,1,1,1,0.0001097310902469,3.3353567831150897e-06,2.3227724612097e-05,3.227597247505067e-06,False,False,False,False,True,False,False,False,False,False,False,False,False,-1,-1,False,0.542857142857143,False,False,False,4.207874679565429,1710.841,1,0.0001097310902469,2.3227724612097e-05,167,831,False,831.0,False,False,False,False,6.943272756237403,0.9647991101563856,0.1388947197448436,0.029411018609743052,0.03039296197633054,0.2116593206777727
ARDYGWSRPVFDY,H4-34,K3-20,True,16,1,1,1,0.0001097310902469,3.3353567831150897e-06,2.3227724612097e-05,3.227597247505067e-06,False,False,False,False,False,False,False,False,False,False,False,False,False,0,0,False,1.3923076923076925,False,False,False,6.004021835327148,1631.7442999999998,2,0.0001097310902469,2.3227724612097e-05,173,832,False,832.0,False,False,False,False,6.943272756237403,0.9647991101563856,0.1388947197448436,0.029411018609743052,0.03039296197633054,0.2116593206777727
ARDYGYTYQASGFDI,H3-23_A,K4-1,True,16,1,1,1,0.0001097310902469,3.3353567831150897e-06,2.3227724612097e-05,3.227597247505067e-06,False,False,False,False,False,False,False,False,False,False,False,False,False,-1,-1,False,2.306666666666666,False,False,False,4.207874679565429,1726.7956,1,0.0001097310902469,2.3227724612097e-05,174,833,False,833.0,False,False,False,False,6.943272756237403,0.9647991101563856,0.1388947197448436,0.029411018609743052,0.03039296197633054,0.2116593206777727
AREITYGIKSNYFDI,H1-69,K3-20,True,16,1,1,1,0.0001097310902469,3.3353567831150897e-06,2.3227724612097e-05,3.227597247505067e-06,False,False,False,False,False,False,False,False,False,False,False,False,False,0,0,False,1.146666666666667,False,False,False,6.112389755249024,1789.9807,1,0.0001097310902469,2.3227724612097e-05,197,834,False,834.0,False,False,False,False,6.943272756237403,0.9647991101563856,0.1388947197448436,0.029411018609743052,0.03039296197633054,0.2116593206777727
AREKYSYPLWGFDY,H3-23_A,K3-20,True,16,1,1,1,0.0001097310902469,3.3353567831150897e-06,2.3227724612097e-05,3.227597247505067e-06,False,False,False,False,False,False,False,False,False,False,False,False,False,0,0,False,0.7142857142857144,False,False,False,6.111520767211914,1794.9572999999998,1,0.0001097310902469,2.3227724612097e-05,198,835,False,835.0,False,False,False,False,6.943272756237403,0.9647991101563856,0.1388947197448436,0.029411018609743052,0.03039296197633054,0.2116593206777727
ARERVYTLSSYDWYFDI,H1-69,K3-20,True,16,1,1,1,0.0001097310902469,3.3353567831150897e-06,2.3227724612097e-05,3.227597247505067e-06,False,False,False,True,False,False,False,False,False,False,False,False,False,-1,-1,False,0.6294117647058826,False,False,False,4.558281326293945,2184.3614,2,0.0001097310902469,2.3227724612097e-05,220,837,False,837.0,False,False,False,False,6.943272756237403,0.9647991101563856,0.1388947197448436,0.029411018609743052,0.03039296197633054,0.2116593206777727
ARESTAGYWTAFDY,H5-51,K3-20,True,16,1,1,1,0.0001097310902469,3.3353567831150897e-06,2.3227724612097e-05,3.227597247505067e-06,False,False,False,False,False,False,False,False,False,False,False,False,False,-1,-1,False,1.992857142857143,False,False,False,4.370375442504883,1637.7025999999998,1,0.0001097310902469,2.3227724612097e-05,224,838,False,838.0,True,False,False,False,6.943272756237403,0.9647991101563856,0.1388947197448436,0.029411018609743052,0.03039296197633054,0.2116593206777727
ARESVSTTSAFDY,H3-23_A,K4-1,True,16,1,1,1,0.0001097310902469,3.3353567831150897e-06,2.3227724612097e-05,3.227597247505067e-06,False,False,False,False,False,False,False,False,False,False,False,False,False,-1,-1,False,3.176923076923077,False,False,False,4.370375442504883,1433.4759,1,0.0001097310902469,2.3227724612097e-05,226,839,False,839.0,False,False,False,False,6.943272756237403,0.9647991101563856,0.1388947197448436,0.029411018609743052,0.03039296197633054,0.2116593206777727
AREYAQGSHFDY,H1-69,K3-20,True,16,1,1,1,0.0001097310902469,3.3353567831150897e-06,2.3227724612097e-05,3.227597247505067e-06,False,False,False,False,False,False,False,False,False,False,False,False,False,-1,0,False,2.7916666666666665,False,False,False,5.322224044799805,1443.4755,1,0.0001097310902469,2.3227724612097e-05,232,840,False,840.0,False,False,False,False,6.943272756237403,0.9647991101563856,0.1388947197448436,0.029411018609743052,0.03039296197633054,0.2116593206777727
AREYGTDRYSAYSSFDY,H4-34,K3-15,True,16,1,1,1,0.0001097310902469,3.3353567831150897e-06,2.3227724612097e-05,3.227597247505067e-06,False,False,False,False,False,False,False,False,False,False,False,False,False,-1,-1,False,3.176470588235294,False,False,False,4.558281326293945,2051.085,2,0.0001097310902469,2.3227724612097e-05,234,841,False,841.0,False,False,False,False,6.943272756237403,0.9647991101563856,0.1388947197448436,0.029411018609743052,0.03039296197633054,0.2116593206777727
ARGAFSATRFDY,H4-34,K4-1,True,16,1,1,1,0.0001097310902469,3.3353567831150897e-06,2.3227724612097e-05,3.227597247505067e-06,False,False,False,False,False,False,False,False,False,False,False,False,False,1,1,False,1.816666666666667,False,False,False,8.79022674560547,1361.4611,2,0.0001097310902469,2.3227724612097e-05,255,842,False,842.0,False,False,False,False,6.943272756237403,0.9647991101563856,0.1388947197448436,0.029411018609743052,0.03039296197633054,0.2116593206777727
ARGEGSLTRYFDY,H5-51,K3-20,True,16,1,1,1,0.0001097310902469,3.3353567831150897e-06,2.3227724612097e-05,3.227597247505067e-06,False,False,False,False,False,False,False,False,False,False,False,False,False,0,0,False,2.246153846153846,False,False,False,6.113258743286132,1534.6276,2,0.0001097310902469,2.3227724612097e-05,263,843,False,843.0,False,False,False,False,6.943272756237403,0.9647991101563856,0.1388947197448436,0.029411018609743052,0.03039296197633054,0.2116593206777727
ARGEGWSRSGSFDY,H4-34,K4-1,True,16,1,1,1,0.0001097310902469,3.3353567831150897e-06,2.3227724612097e-05,3.227597247505067e-06,False,False,False,False,False,False,False,False,False,False,False,False,False,0,0,False,3.128571428571429,False,False,False,6.114178848266601,1574.6087,2,0.0001097310902469,2.3227724612097e-05,264,844,False,844.0,False,False,False,False,6.943272756237403,0.9647991101563856,0.1388947197448436,0.029411018609743052,0.03039296197633054,0.2116593206777727
ARGHLPAAKFDY,H5-51,K3-20,True,16,1,1,1,0.0001097310902469,3.3353567831150897e-06,2.3227724612097e-05,3.227597247505067e-06,False,False,False,False,False,False,False,False,False,False,False,False,False,1,2,False,1.3166666666666669,False,False,False,8.639878845214845,1345.5048,1,0.0001097310902469,2.3227724612097e-05,270,845,False,845.0,False,False,False,False,6.943272756237403,0.9647991101563856,0.1388947197448436,0.029411018609743052,0.03039296197633054,0.2116593206777727
ARGIDLSLSRWGFDY,H4-34,K3-20,True,16,1,1,1,0.0001097310902469,3.3353567831150897e-06,2.3227724612097e-05,3.227597247505067e-06,False,False,False,False,False,False,False,False,False,False,False,False,False,0,0,False,0.4933333333333335,False,False,False,6.004890823364257,1755.9263,2,0.0001097310902469,2.3227724612097e-05,273,847,False,847.0,False,False,False,False,6.943272756237403,0.9647991101563856,0.1388947197448436,0.029411018609743052,0.03039296197633054,0.2116593206777727
ARGLRATDFPQAFDI,H3-7_A,UNK,True,16,1,1,1,0.0001097310902469,3.3353567831150897e-06,2.3227724612097e-05,3.227597247505067e-06,False,False,False,False,False,False,False,False,False,False,False,False,False,0,0,False,1.2066666666666668,False,False,False,6.005810928344727,1677.8575999999998,2,0.0001097310902469,2.3227724612097e-05,283,848,False,848.0,False,False,False,False,6.943272756237403,0.9647991101563856,0.1388947197448436,0.029411018609743052,0.03039296197633054,0.2116593206777727
ARGLTRWYLNAFDY,H3-23_A,K3-20,True,16,1,1,1,0.0001097310902469,3.3353567831150897e-06,2.3227724612097e-05,3.227597247505067e-06,False,False,False,False,False,False,False,False,False,False,False,False,False,1,1,False,-0.064285714285714,False,False,False,8.632579040527343,1745.9329999999998,2,0.0001097310902469,2.3227724612097e-05,285,849,False,849.0,False,False,False,False,6.943272756237403,0.9647991101563856,0.1388947197448436,0.029411018609743052,0.03039296197633054,0.2116593206777727
ARGLYAATWIFDY,H3-23_A,K1-39,True,16,1,1,1,0.0001097310902469,3.3353567831150897e-06,2.3227724612097e-05,3.227597247505067e-06,False,False,False,False,False,False,False,False,False,False,False,False,False,0,0,False,-0.6769230769230767,False,False,False,5.87944984436035,1546.7225999999998,1,0.0001097310902469,2.3227724612097e-05,287,850,False,850.0,False,False,False,False,6.943272756237403,0.9647991101563856,0.1388947197448436,0.029411018609743052,0.03039296197633054,0.2116593206777727
ARGRAVSYGTTPWGFDI,H3-23_A,K4-1,True,16,1,1,1,0.0001097310902469,3.3353567831150897e-06,2.3227724612097e-05,3.227597247505067e-06,False,False,False,False,False,False,False,False,False,False,False,False,False,1,1,False,1.523529411764706,False,False,False,8.79022674560547,1854.0296,2,0.0001097310902469,2.3227724612097e-05,303,851,False,851.0,False,False,False,False,6.943272756237403,0.9647991101563856,0.1388947197448436,0.029411018609743052,0.03039296197633054,0.2116593206777727
ARGRGSSAYWTFDY,H4-34,K3-20,True,16,1,1,1,0.0001097310902469,3.3353567831150897e-06,2.3227724612097e-05,3.227597247505067e-06,False,False,False,False,False,False,False,False,False,False,False,False,False,1,1,False,2.085714285714286,False,False,False,8.632579040527343,1636.7211,2,0.0001097310902469,2.3227724612097e-05,306,852,False,852.0,False,False,False,False,6.943272756237403,0.9647991101563856,0.1388947197448436,0.029411018609743052,0.03039296197633054,0.2116593206777727
ARGRGTYQGFDY,H5-51,K3-15,True,16,1,1,1,0.0001097310902469,3.3353567831150897e-06,2.3227724612097e-05,3.227597247505067e-06,False,False,False,False,False,False,False,False,False,False,False,False,False,1,1,False,2.983333333333334,False,False,False,8.632579040527343,1390.4592,2,0.0001097310902469,2.3227724612097e-05,307,853,False,853.0,False,False,False,False,6.943272756237403,0.9647991101563856,0.1388947197448436,0.029411018609743052,0.03039296197633054,0.2116593206777727
ARGRSSYITPFDY,H4-34,K3-20,True,16,1,1,1,0.0001097310902469,3.3353567831150897e-06,2.3227724612097e-05,3.227597247505067e-06,False,False,False,False,False,False,False,False,False,False,False,False,False,1,1,False,1.9615384615384612,False,False,False,8.632579040527343,1532.6548,2,0.0001097310902469,2.3227724612097e-05,311,854,False,854.0,False,False,False,False,6.943272756237403,0.9647991101563856,0.1388947197448436,0.029411018609743052,0.03039296197633054,0.2116593206777727
ARGSDPRTILEGFDY,H5-51,K3-20,True,16,1,1,1,0.0001097310902469,3.3353567831150897e-06,2.3227724612097e-05,3.227597247505067e-06,False,False,False,False,True,False,False,False,False,False,False,False,False,-1,-1,False,2.3466666666666667,False,False,False,4.558281326293945,1696.8146000000002,2,0.0001097310902469,2.3227724612097e-05,318,855,False,855.0,False,False,False,False,6.943272756237403,0.9647991101563856,0.1388947197448436,0.029411018609743052,0.03039296197633054,0.2116593206777727
ARGSGYAQWGLFDY,H3-23_A,K4-1,True,16,1,1,1,0.0001097310902469,3.3353567831150897e-06,2.3227724612097e-05,3.227597247505067e-06,False,False,False,False,False,False,False,False,False,False,False,False,False,0,0,False,1.1285714285714288,False,False,False,5.87944984436035,1590.6923,1,0.0001097310902469,2.3227724612097e-05,323,856,False,856.0,False,False,False,False,6.943272756237403,0.9647991101563856,0.1388947197448436,0.029411018609743052,0.03039296197633054,0.2116593206777727
ARHAGLILLSGRGIFDY,H1-69,K3-20,True,16,1,1,1,0.0001097310902469,3.3353567831150897e-06,2.3227724612097e-05,3.227597247505067e-06,False,False,False,False,False,False,False,False,False,False,False,False,False,1,2,False,-0.3764705882352939,False,False,False,8.796192932128907,1859.1354,2,0.0001097310902469,2.3227724612097e-05,352,857,False,857.0,False,False,False,False,6.943272756237403,0.9647991101563856,0.1388947197448436,0.029411018609743052,0.03039296197633054,0.2116593206777727
ARHASLSESSYRYGFDI,H3-23_A,K3-20,True,16,1,1,1,0.0001097310902469,3.3353567831150897e-06,2.3227724612097e-05,3.227597247505067e-06,False,False,False,False,False,False,False,False,False,False,False,False,False,0,1,False,2.0,False,False,False,6.795363235473633,1959.0791,2,0.0001097310902469,2.3227724612097e-05,353,858,False,858.0,False,False,False,False,6.943272756237403,0.9647991101563856,0.1388947197448436,0.029411018609743052,0.03039296197633054,0.2116593206777727
ARHERYSHQSFDY,H3-23_A,K3-20,True,16,1,1,1,0.0001097310902469,3.3353567831150897e-06,2.3227724612097e-05,3.227597247505067e-06,False,False,False,False,False,False,False,False,False,False,False,False,False,0,2,False,2.9615384615384617,False,False,False,6.963333511352539,1695.7486,2,0.0001097310902469,2.3227724612097e-05,356,859,False,859.0,False,False,False,False,6.943272756237403,0.9647991101563856,0.1388947197448436,0.029411018609743052,0.03039296197633054,0.2116593206777727
ARHGNVYDYPDLFDY,H3-23_A,K3-15,True,16,1,1,1,0.0001097310902469,3.3353567831150897e-06,2.3227724612097e-05,3.227597247505067e-06,False,False,False,False,False,False,False,False,False,False,False,False,False,-2,-1,False,1.6933333333333336,False,False,False,4.413415908813476,1844.9315,1,0.0001097310902469,2.3227724612097e-05,361,860,False,860.0,False,False,False,False,6.943272756237403,0.9647991101563856,0.1388947197448436,0.029411018609743052,0.03039296197633054,0.2116593206777727
ARHLADWYGLYGFDY,H4-34,K4-1,True,16,1,1,1,0.0001097310902469,3.3353567831150897e-06,2.3227724612097e-05,3.227597247505067e-06,False,False,False,False,False,False,False,False,False,False,False,False,False,-1,0,False,-0.0933333333333331,False,False,False,5.212322616577147,1846.992,1,0.0001097310902469,2.3227724612097e-05,369,861,False,861.0,False,False,False,False,6.943272756237403,0.9647991101563856,0.1388947197448436,0.029411018609743052,0.03039296197633054,0.2116593206777727
ARHPSYLGVYIWGFDP,H3-23_A,K3-15,True,16,1,1,1,0.0001097310902469,3.3353567831150897e-06,2.3227724612097e-05,3.227597247505067e-06,False,False,False,False,True,False,False,False,False,False,False,False,False,0,1,False,-0.2124999999999998,False,False,False,6.787184524536133,1878.0922,1,0.0001097310902469,2.3227724612097e-05,376,862,False,862.0,False,False,False,False,6.943272756237403,0.9647991101563856,0.1388947197448436,0.029411018609743052,0.03039296197633054,0.2116593206777727
ARIGERAFLDYPGYFDI,UNK,K4-1,True,16,1,1,1,0.0001097310902469,3.3353567831150897e-06,2.3227724612097e-05,3.227597247505067e-06,False,False,False,False,False,False,False,False,False,False,False,False,False,-1,-1,False,0.3823529411764708,False,False,False,4.558281326293945,2003.2159,2,0.0001097310902469,2.3227724612097e-05,389,863,False,863.0,True,False,False,False,6.943272756237403,0.9647991101563856,0.1388947197448436,0.029411018609743052,0.03039296197633054,0.2116593206777727
ARLGIYLDAAFDY,H4-34,K3-20,True,16,1,1,1,0.0001097310902469,3.3353567831150897e-06,2.3227724612097e-05,3.227597247505067e-06,False,False,False,False,False,False,False,False,False,False,False,False,False,-1,-1,False,-0.2461538461538459,False,False,False,4.207874679565429,1487.6537999999998,1,0.0001097310902469,2.3227724612097e-05,425,864,False,864.0,False,False,False,False,6.943272756237403,0.9647991101563856,0.1388947197448436,0.029411018609743052,0.03039296197633054,0.2116593206777727
ARNLAPLYRTYGFDY,H4-34,K3-15,True,16,1,1,1,0.0001097310902469,3.3353567831150897e-06,2.3227724612097e-05,3.227597247505067e-06,False,False,False,False,False,False,False,False,False,False,False,False,False,1,1,False,0.6200000000000003,False,False,False,8.539295959472657,1820.0115,2,0.0001097310902469,2.3227724612097e-05,469,865,False,865.0,False,False,False,False,6.943272756237403,0.9647991101563856,0.1388947197448436,0.029411018609743052,0.03039296197633054,0.2116593206777727
ARPLVASQYHAFDY,H5-51,K3-20,True,16,1,1,1,0.0001097310902469,3.3353567831150897e-06,2.3227724612097e-05,3.227597247505067e-06,False,False,False,False,False,False,False,False,False,False,False,False,False,0,1,False,0.8071428571428573,False,False,False,6.787184524536133,1637.7919,1,0.0001097310902469,2.3227724612097e-05,488,867,False,867.0,False,False,False,False,6.943272756237403,0.9647991101563856,0.1388947197448436,0.029411018609743052,0.03039296197633054,0.2116593206777727
ARPQTAGLVYPFDY,H4-34,K3-15,True,16,1,1,1,0.0001097310902469,3.3353567831150897e-06,2.3227724612097e-05,3.227597247505067e-06,False,False,False,False,False,False,False,False,False,False,False,False,False,0,0,False,0.9714285714285716,False,False,False,5.87944984436035,1597.7678,1,0.0001097310902469,2.3227724612097e-05,492,868,False,868.0,False,False,False,False,6.943272756237403,0.9647991101563856,0.1388947197448436,0.029411018609743052,0.03039296197633054,0.2116593206777727
ARPWYAGDRSGAFDY,H3-7_A,K3-15,True,16,1,1,1,0.0001097310902469,3.3353567831150897e-06,2.3227724612097e-05,3.227597247505067e-06,False,False,False,False,False,False,False,False,False,False,False,False,False,0,0,False,2.1133333333333337,False,False,False,6.004021835327148,1731.8204,2,0.0001097310902469,2.3227724612097e-05,502,869,False,869.0,True,False,False,False,6.943272756237403,0.9647991101563856,0.1388947197448436,0.029411018609743052,0.03039296197633054,0.2116593206777727
ARQETGPAGRTAFDY,H5-51,UNK,True,16,1,1,1,0.0001097310902469,3.3353567831150897e-06,2.3227724612097e-05,3.227597247505067e-06,False,False,False,False,False,False,False,False,False,False,False,False,False,0,0,False,3.4200000000000004,False,False,False,6.114178848266601,1639.7235999999998,2,0.0001097310902469,2.3227724612097e-05,509,870,False,870.0,False,False,False,False,6.943272756237403,0.9647991101563856,0.1388947197448436,0.029411018609743052,0.03039296197633054,0.2116593206777727
ARQFIAWFTGEPGAFDI,H3-23_A,K3-20,True,16,1,1,1,0.0001097310902469,3.3353567831150897e-06,2.3227724612097e-05,3.227597247505067e-06,False,False,False,False,False,False,False,False,False,False,False,False,False,-1,-1,False,-0.0352941176470586,False,False,False,4.370375442504883,1926.1335,1,0.0001097310902469,2.3227724612097e-05,510,871,False,871.0,False,False,False,False,6.943272756237403,0.9647991101563856,0.1388947197448436,0.029411018609743052,0.03039296197633054,0.2116593206777727
ARSFSARGYTFDY,H3-23_A,K3-20,True,16,1,1,1,0.0001097310902469,3.3353567831150897e-06,2.3227724612097e-05,3.227597247505067e-06,False,False,False,False,False,False,False,False,False,False,False,False,False,1,1,False,1.8692307692307693,False,False,False,8.632579040527343,1540.6337,2,0.0001097310902469,2.3227724612097e-05,532,872,False,872.0,False,False,False,False,6.943272756237403,0.9647991101563856,0.1388947197448436,0.029411018609743052,0.03039296197633054,0.2116593206777727
ARSGSPSRLWPFDY,H4-34,K4-1,True,16,1,1,1,0.0001097310902469,3.3353567831150897e-06,2.3227724612097e-05,3.227597247505067e-06,False,False,False,False,False,False,False,False,False,False,False,False,False,1,1,False,1.4,False,False,False,8.79022674560547,1638.7801,2,0.0001097310902469,2.3227724612097e-05,537,873,False,873.0,False,False,False,False,6.943272756237403,0.9647991101563856,0.1388947197448436,0.029411018609743052,0.03039296197633054,0.2116593206777727
ARSRAASVHGSAFDY,H3-7_A,K3-15,True,16,1,1,1,0.0001097310902469,3.3353567831150897e-06,2.3227724612097e-05,3.227597247505067e-06,False,False,False,False,False,False,False,False,False,False,False,False,False,1,2,False,2.62,False,False,False,8.796192932128907,1594.6862,2,0.0001097310902469,2.3227724612097e-05,547,874,False,874.0,False,False,False,False,6.943272756237403,0.9647991101563856,0.1388947197448436,0.029411018609743052,0.03039296197633054,0.2116593206777727
ARSRGDYPPTLFDY,H5-51,K3-20,True,16,1,1,1,0.0001097310902469,3.3353567831150897e-06,2.3227724612097e-05,3.227597247505067e-06,False,False,False,False,False,False,False,False,False,False,False,False,False,0,0,False,2.1357142857142857,False,False,False,6.004021835327148,1657.7801,2,0.0001097310902469,2.3227724612097e-05,550,875,False,875.0,False,False,False,False,6.943272756237403,0.9647991101563856,0.1388947197448436,0.029411018609743052,0.03039296197633054,0.2116593206777727
ARSSLGADYSYGSAFDY,H5-51,K3-20,True,16,1,1,1,0.0001097310902469,3.3353567831150897e-06,2.3227724612097e-05,3.227597247505067e-06,False,False,False,False,False,False,False,False,False,False,False,False,False,-1,-1,False,2.5764705882352943,False,False,False,4.207874679565429,1829.8723,1,0.0001097310902469,2.3227724612097e-05,554,876,False,876.0,False,False,False,False,6.943272756237403,0.9647991101563856,0.1388947197448436,0.029411018609743052,0.03039296197633054,0.2116593206777727
ARTGYGSNDVQYAFDI,H3-23_A,K3-15,True,16,1,1,1,0.0001097310902469,3.3353567831150897e-06,2.3227724612097e-05,3.227597247505067e-06,False,False,False,False,False,False,False,False,False,False,False,False,False,-1,-1,False,2.4875000000000003,False,False,False,4.207874679565429,1776.856,1,0.0001097310902469,2.3227724612097e-05,565,877,False,877.0,False,False,False,False,6.943272756237403,0.9647991101563856,0.1388947197448436,0.029411018609743052,0.03039296197633054,0.2116593206777727
ARTRSGAAHLSNYGFDP,H3-23_A,K4-1,True,16,1,1,1,0.0001097310902469,3.3353567831150897e-06,2.3227724612097e-05,3.227597247505067e-06,False,False,False,False,True,False,False,False,False,False,False,False,False,1,2,False,2.658823529411765,False,False,False,8.796192932128907,1819.9306,2,0.0001097310902469,2.3227724612097e-05,572,879,False,879.0,False,False,False,False,6.943272756237403,0.9647991101563856,0.1388947197448436,0.029411018609743052,0.03039296197633054,0.2116593206777727
ARTTLAGSKIGWYGFDI,H5-51,K4-1,True,16,1,1,1,0.0001097310902469,3.3353567831150897e-06,2.3227724612097e-05,3.227597247505067e-06,False,False,False,False,False,False,False,False,False,False,False,False,False,1,1,False,0.6941176470588237,False,False,False,8.63377227783203,1856.0852,1,0.0001097310902469,2.3227724612097e-05,580,880,False,880.0,False,False,False,False,6.943272756237403,0.9647991101563856,0.1388947197448436,0.029411018609743052,0.03039296197633054,0.2116593206777727
ARVHVAKSGEFDY,H5-51,K3-15,True,16,1,1,1,0.0001097310902469,3.3353567831150897e-06,2.3227724612097e-05,3.227597247505067e-06,False,False,False,False,False,False,False,False,False,True,False,False,False,0,1,False,2.130769230769231,False,False,False,6.795363235473633,1478.6074,1,0.0001097310902469,2.3227724612097e-05,590,881,False,881.0,False,False,False,False,6.943272756237403,0.9647991101563856,0.1388947197448436,0.029411018609743052,0.03039296197633054,0.2116593206777727
ARVRYGYVSLYGFDP,H1-69,K1-39,True,16,1,1,1,0.0001097310902469,3.3353567831150897e-06,2.3227724612097e-05,3.227597247505067e-06,False,False,False,False,True,False,False,False,False,False,False,False,False,1,1,False,0.6000000000000001,False,False,False,8.539295959472657,1762.9600999999998,2,0.0001097310902469,2.3227724612097e-05,619,883,False,883.0,False,False,False,False,6.943272756237403,0.9647991101563856,0.1388947197448436,0.029411018609743052,0.03039296197633054,0.2116593206777727
ARVWGIESGTFDY,H3-23_A,K3-20,True,16,1,1,1,0.0001097310902469,3.3353567831150897e-06,2.3227724612097e-05,3.227597247505067e-06,False,False,False,False,False,False,False,False,False,False,False,False,False,-1,-1,False,1.1076923076923078,False,False,False,4.370375442504883,1500.6096,1,0.0001097310902469,2.3227724612097e-05,631,884,False,884.0,False,False,False,False,6.943272756237403,0.9647991101563856,0.1388947197448436,0.029411018609743052,0.03039296197633054,0.2116593206777727
ARWRVLSYAFDY,H4-34,K3-20,True,16,1,1,1,0.0001097310902469,3.3353567831150897e-06,2.3227724612097e-05,3.227597247505067e-06,False,False,False,False,False,False,False,False,False,False,False,False,False,1,1,False,-0.5666666666666665,False,False,False,8.632579040527343,1546.7259,2,0.0001097310902469,2.3227724612097e-05,644,885,False,885.0,False,False,False,False,6.943272756237403,0.9647991101563856,0.1388947197448436,0.029411018609743052,0.03039296197633054,0.2116593206777727
ARYAGYRGNAFDY,H1-69,K3-20,True,16,1,1,1,0.0001097310902469,3.3353567831150897e-06,2.3227724612097e-05,3.227597247505067e-06,False,False,False,False,False,False,False,False,False,False,False,False,False,1,1,False,2.169230769230769,False,False,False,8.539295959472657,1523.6064,2,0.0001097310902469,2.3227724612097e-05,649,886,False,886.0,False,False,False,False,6.943272756237403,0.9647991101563856,0.1388947197448436,0.029411018609743052,0.03039296197633054,0.2116593206777727
ARYLIVDAGTFDY,H4-34,K3-20,True,16,1,1,1,0.0001097310902469,3.3353567831150897e-06,2.3227724612097e-05,3.227597247505067e-06,False,False,False,False,False,False,False,False,False,False,False,False,False,-1,-1,False,0.4153846153846156,False,False,False,4.207874679565429,1503.6532,1,0.0001097310902469,2.3227724612097e-05,660,887,False,887.0,False,False,False,False,6.943272756237403,0.9647991101563856,0.1388947197448436,0.029411018609743052,0.03039296197633054,0.2116593206777727
ARAAYAQYSFDY,H5-51,K4-1,True,15,1,1,1,0.0001028728971065,3.3353567831150897e-06,2.3227724612097e-05,3.227597247505067e-06,False,False,False,False,False,False,False,False,False,False,False,False,False,0,0,False,1.6833333333333336,False,False,False,5.87858085632324,1425.4999,1,0.0001028728971065,2.3227724612097e-05,8,889,False,889.0,False,False,False,False,6.943272756237403,0.9647991101563856,0.1388947197448436,0.031371562604462784,0.03241896249930123,0.22576857053366847
ARAGQSYGDRVTQFDP,H5-51,K3-15,True,15,1,1,1,0.0001028728971065,3.3353567831150897e-06,2.3227724612097e-05,3.227597247505067e-06,False,False,False,False,True,False,False,False,False,False,False,False,False,0,0,False,3.4375,False,False,False,6.004890823364257,1767.8527,2,0.0001028728971065,2.3227724612097e-05,17,890,False,890.0,False,False,False,False,6.943272756237403,0.9647991101563856,0.1388947197448436,0.031371562604462784,0.03241896249930123,0.22576857053366847
ARALWIIGSNFDY,H3-23_A,K3-15,True,15,1,1,1,0.0001028728971065,3.3353567831150897e-06,2.3227724612097e-05,3.227597247505067e-06,False,False,False,False,False,False,False,False,False,False,False,False,False,0,0,False,-0.6692307692307691,False,False,False,5.880318832397459,1525.7051,1,0.0001028728971065,2.3227724612097e-05,42,891,False,891.0,False,False,False,False,6.943272756237403,0.9647991101563856,0.1388947197448436,0.031371562604462784,0.03241896249930123,0.22576857053366847
ARAPALGTGWGKWRFDY,H1-69,K3-20,True,15,1,1,1,0.0001028728971065,3.3353567831150897e-06,2.3227724612097e-05,3.227597247505067e-06,False,False,False,False,False,False,False,False,False,False,False,False,False,2,2,False,0.8529411764705884,False,False,False,9.98676300048828,1952.1775,2,0.0001028728971065,2.3227724612097e-05,43,892,False,892.0,False,False,False,False,6.943272756237403,0.9647991101563856,0.1388947197448436,0.031371562604462784,0.03241896249930123,0.22576857053366847
ARAPFTSVHTGLVSFDY,H4-34,K3-20,True,15,1,1,1,0.0001028728971065,3.3353567831150897e-06,2.3227724612097e-05,3.227597247505067e-06,False,False,False,False,False,False,False,False,False,False,False,False,False,0,1,False,0.8705882352941178,False,False,False,6.788309097290039,1868.0528,1,0.0001028728971065,2.3227724612097e-05,47,893,False,893.0,False,False,False,False,6.943272756237403,0.9647991101563856,0.1388947197448436,0.031371562604462784,0.03241896249930123,0.22576857053366847
ARAPVHRASLPFDY,H1-69,K3-20,True,15,1,1,1,0.0001028728971065,3.3353567831150897e-06,2.3227724612097e-05,3.227597247505067e-06,False,False,False,False,False,False,False,False,False,False,False,False,False,1,2,False,0.9642857142857144,False,False,False,8.796192932128907,1599.7904,2,0.0001028728971065,2.3227724612097e-05,52,894,False,894.0,False,False,False,False,6.943272756237403,0.9647991101563856,0.1388947197448436,0.031371562604462784,0.03241896249930123,0.22576857053366847
ARASNYGTATYAFDY,H5-51,K3-15,True,15,1,1,1,0.0001028728971065,3.3353567831150897e-06,2.3227724612097e-05,3.227597247505067e-06,False,False,False,False,False,False,False,False,False,False,False,False,False,0,0,False,2.486666666666667,False,False,False,5.87858085632324,1670.7324,1,0.0001028728971065,2.3227724612097e-05,61,896,False,896.0,False,False,False,False,6.943272756237403,0.9647991101563856,0.1388947197448436,0.031371562604462784,0.03241896249930123,0.22576857053366847
ARATGYSTSGYPEYFDY,H5-51,K3-20,True,15,1,1,1,0.0001028728971065,3.3353567831150897e-06,2.3227724612097e-05,3.227597247505067e-06,False,False,False,False,False,False,False,False,False,False,False,False,False,-1,-1,False,2.723529411764706,False,False,False,4.370324325561524,1948.005,1,0.0001028728971065,2.3227724612097e-05,63,897,False,897.0,False,False,False,False,6.943272756237403,0.9647991101563856,0.1388947197448436,0.031371562604462784,0.03241896249930123,0.22576857053366847
ARAVSYGDRPNAFDY,H4-34,K4-1,True,15,1,1,1,0.0001028728971065,3.3353567831150897e-06,2.3227724612097e-05,3.227597247505067e-06,False,False,False,False,False,False,False,False,False,False,False,False,False,0,0,False,2.62,False,False,False,6.004021835327148,1701.7928000000002,2,0.0001028728971065,2.3227724612097e-05,70,898,False,898.0,False,False,False,False,6.943272756237403,0.9647991101563856,0.1388947197448436,0.031371562604462784,0.03241896249930123,0.22576857053366847
ARDAVLDVYAWTGWFDP,H3-23_A,K3-20,True,15,1,1,1,0.0001028728971065,3.3353567831150897e-06,2.3227724612097e-05,3.227597247505067e-06,False,False,False,False,True,False,False,False,False,False,False,False,False,-2,-2,False,0.3411764705882354,False,False,False,4.050025558471679,1982.1537,1,0.0001028728971065,2.3227724612097e-05,83,899,False,899.0,False,False,False,False,6.943272756237403,0.9647991101563856,0.1388947197448436,0.031371562604462784,0.03241896249930123,0.22576857053366847
ARDELVYGSGPYLFDI,H4-34,K3-20,True,15,1,1,1,0.0001028728971065,3.3353567831150897e-06,2.3227724612097e-05,3.227597247505067e-06,False,False,False,False,False,False,False,False,False,True,False,False,False,-2,-2,False,0.6875000000000002,False,False,False,4.050025558471679,1814.9868,1,0.0001028728971065,2.3227724612097e-05,88,900,False,900.0,False,False,False,False,6.943272756237403,0.9647991101563856,0.1388947197448436,0.031371562604462784,0.03241896249930123,0.22576857053366847
ARDEYLVAWGFDY,H4-34,K1-39,True,15,1,1,1,0.0001028728971065,3.3353567831150897e-06,2.3227724612097e-05,3.227597247505067e-06,False,False,False,False,False,False,False,False,False,True,False,False,False,-2,-2,False,0.4615384615384617,False,False,False,4.050025558471679,1604.7156,1,0.0001028728971065,2.3227724612097e-05,91,901,False,901.0,False,False,False,False,6.943272756237403,0.9647991101563856,0.1388947197448436,0.031371562604462784,0.03241896249930123,0.22576857053366847
ARDFLSGWYGHFDY,H1-69,K3-20,True,15,1,1,1,0.0001028728971065,3.3353567831150897e-06,2.3227724612097e-05,3.227597247505067e-06,False,False,False,False,False,False,False,False,False,False,False,False,False,-1,0,False,0.3500000000000002,False,False,False,5.212373733520507,1733.8344,1,0.0001028728971065,2.3227724612097e-05,97,903,False,903.0,False,False,False,False,6.943272756237403,0.9647991101563856,0.1388947197448436,0.031371562604462784,0.03241896249930123,0.22576857053366847
ARDLHQGYTWGSFDY,H4-34,K3-15,True,15,1,1,1,0.0001028728971065,3.3353567831150897e-06,2.3227724612097e-05,3.227597247505067e-06,False,False,False,False,False,False,False,False,False,False,False,False,False,-1,0,False,1.686666666666667,False,False,False,5.212373733520507,1815.8937,1,0.0001028728971065,2.3227724612097e-05,108,904,False,904.0,False,False,False,False,6.943272756237403,0.9647991101563856,0.1388947197448436,0.031371562604462784,0.03241896249930123,0.22576857053366847
ARDLILYSLTSFDY,H3-23_A,K3-15,True,15,1,1,1,0.0001028728971065,3.3353567831150897e-06,2.3227724612097e-05,3.227597247505067e-06,False,False,False,False,False,False,False,False,False,False,False,False,False,-1,-1,False,-0.2928571428571426,False,False,False,4.207874679565429,1676.8628,1,0.0001028728971065,2.3227724612097e-05,110,905,False,905.0,False,False,False,False,6.943272756237403,0.9647991101563856,0.1388947197448436,0.031371562604462784,0.03241896249930123,0.22576857053366847
ARDPIARHYGFDY,H4-34,K3-15,True,15,1,1,1,0.0001028728971065,3.3353567831150897e-06,2.3227724612097e-05,3.227597247505067e-06,False,False,False,False,True,False,False,False,False,False,False,False,False,0,1,False,1.6538461538461535,False,False,False,6.790507125854492,1580.7008999999998,2,0.0001028728971065,2.3227724612097e-05,128,906,False,906.0,False,False,False,False,6.943272756237403,0.9647991101563856,0.1388947197448436,0.031371562604462784,0.03241896249930123,0.22576857053366847
ARDRSYLGLLFDY,H1-69,K3-15,True,15,1,1,1,0.0001028728971065,3.3353567831150897e-06,2.3227724612097e-05,3.227597247505067e-06,False,False,False,False,False,False,False,False,False,False,False,False,False,0,0,False,0.1615384615384618,False,False,False,6.004021835327148,1588.761,2,0.0001028728971065,2.3227724612097e-05,152,908,False,908.0,False,False,False,False,6.943272756237403,0.9647991101563856,0.1388947197448436,0.031371562604462784,0.03241896249930123,0.22576857053366847
ARDRVAWYGDYFDY,H4-34,K1-39,True,15,1,1,1,0.0001028728971065,3.3353567831150897e-06,2.3227724612097e-05,3.227597247505067e-06,False,False,False,False,False,False,False,False,False,False,False,False,False,-1,-1,False,1.4071428571428573,False,False,False,4.429057693481445,1796.8902999999998,2,0.0001028728971065,2.3227724612097e-05,154,909,False,909.0,False,False,False,False,6.943272756237403,0.9647991101563856,0.1388947197448436,0.031371562604462784,0.03241896249930123,0.22576857053366847
ARDVLYRPWSYDFDI,H4-34,K3-20,True,15,1,1,1,0.0001028728971065,3.3353567831150897e-06,2.3227724612097e-05,3.227597247505067e-06,False,False,False,False,False,False,False,False,False,True,False,False,False,-1,-1,False,0.3466666666666668,False,False,False,4.429057693481445,1916.0956,2,0.0001028728971065,2.3227724612097e-05,158,910,False,910.0,False,False,False,False,6.943272756237403,0.9647991101563856,0.1388947197448436,0.031371562604462784,0.03241896249930123,0.22576857053366847
ARDVYRGFASGYFDY,H4-34,K4-1,True,15,1,1,1,0.0001028728971065,3.3353567831150897e-06,2.3227724612097e-05,3.227597247505067e-06,False,False,False,False,False,False,False,False,False,False,False,False,False,0,0,False,1.5133333333333334,False,False,False,6.003152847290039,1786.8954,2,0.0001028728971065,2.3227724612097e-05,161,911,False,911.0,False,False,False,False,6.943272756237403,0.9647991101563856,0.1388947197448436,0.031371562604462784,0.03241896249930123,0.22576857053366847
ARDWTYGSYAFDY,H4-34,K3-20,True,15,1,1,1,0.0001028728971065,3.3353567831150897e-06,2.3227724612097e-05,3.227597247505067e-06,False,False,False,False,False,False,False,False,False,False,False,False,False,-1,-1,False,1.6076923076923078,False,False,False,4.207874679565429,1614.6674,1,0.0001028728971065,2.3227724612097e-05,168,912,False,912.0,False,False,False,False,6.943272756237403,0.9647991101563856,0.1388947197448436,0.031371562604462784,0.03241896249930123,0.22576857053366847
AREDFLYGTYFDY,H4-34,K4-1,True,15,1,1,1,0.0001028728971065,3.3353567831150897e-06,2.3227724612097e-05,3.227597247505067e-06,False,False,False,False,False,False,False,False,False,True,False,False,False,-2,-2,False,0.9000000000000002,False,False,False,4.050025558471679,1659.7477,1,0.0001028728971065,2.3227724612097e-05,178,913,False,913.0,False,False,False,False,6.943272756237403,0.9647991101563856,0.1388947197448436,0.031371562604462784,0.03241896249930123,0.22576857053366847
AREFGPWIGLQYAFDY,H3-7_A,K1-39,True,15,1,1,1,0.0001028728971065,3.3353567831150897e-06,2.3227724612097e-05,3.227597247505067e-06,False,False,False,False,False,False,False,False,False,False,False,False,False,-1,-1,False,-0.2312499999999998,False,False,False,4.370375442504883,1933.1243,1,0.0001028728971065,2.3227724612097e-05,182,914,False,914.0,False,False,False,False,6.943272756237403,0.9647991101563856,0.1388947197448436,0.031371562604462784,0.03241896249930123,0.22576857053366847
AREGRVYGLDY,H3-7_A,K1-39,True,15,1,1,1,0.0001028728971065,3.3353567831150897e-06,2.3227724612097e-05,3.227597247505067e-06,False,False,False,False,False,False,False,False,False,False,False,False,False,0,0,False,2.090909090909091,False,False,False,6.113258743286132,1298.4036,2,0.0001028728971065,2.3227724612097e-05,188,915,False,915.0,False,False,False,False,6.943272756237403,0.9647991101563856,0.1388947197448436,0.031371562604462784,0.03241896249930123,0.22576857053366847
AREKYSYPLWGFDY,UNK,K3-20,True,15,1,1,1,0.0001028728971065,3.3353567831150897e-06,2.3227724612097e-05,3.227597247505067e-06,False,False,False,False,False,False,False,False,False,False,False,False,False,0,0,False,0.7142857142857144,False,False,False,6.111520767211914,1794.9572999999998,1,0.0001028728971065,2.3227724612097e-05,198,916,False,916.0,False,False,False,False,6.943272756237403,0.9647991101563856,0.1388947197448436,0.031371562604462784,0.03241896249930123,0.22576857053366847
ARESRVFTYTYGFDP,H3-23_A,K1-39,True,15,1,1,1,0.0001028728971065,3.3353567831150897e-06,2.3227724612097e-05,3.227597247505067e-06,False,False,False,False,True,False,False,False,False,False,False,False,False,0,0,False,1.8066666666666669,False,False,False,6.113258743286132,1808.9426000000003,2,0.0001028728971065,2.3227724612097e-05,223,919,False,919.0,False,False,False,False,6.943272756237403,0.9647991101563856,0.1388947197448436,0.031371562604462784,0.03241896249930123,0.22576857053366847
ARESTAGYWTAFDY,H1-69,K1-39,True,15,1,1,1,0.0001028728971065,3.3353567831150897e-06,2.3227724612097e-05,3.227597247505067e-06,False,False,False,False,False,False,False,False,False,False,False,False,False,-1,-1,False,1.992857142857143,False,False,False,4.370375442504883,1637.7025999999998,1,0.0001028728971065,2.3227724612097e-05,224,920,False,920.0,True,True,False,False,6.943272756237403,0.9647991101563856,0.1388947197448436,0.031371562604462784,0.03241896249930123,0.22576857053366847
ARESVIYETFDY,H4-34,K3-20,True,15,1,1,1,0.0001028728971065,3.3353567831150897e-06,2.3227724612097e-05,3.227597247505067e-06,False,False,False,False,False,False,False,False,False,False,False,False,False,-2,-2,False,1.5750000000000002,False,False,False,4.137435531616211,1492.5843,1,0.0001028728971065,2.3227724612097e-05,225,921,False,921.0,False,False,False,False,6.943272756237403,0.9647991101563856,0.1388947197448436,0.031371562604462784,0.03241896249930123,0.22576857053366847
AREWPGWPLYPFDY,H3-7_A,K3-20,True,15,1,1,1,0.0001028728971065,3.3353567831150897e-06,2.3227724612097e-05,3.227597247505067e-06,False,False,False,False,False,False,False,False,False,False,False,False,False,-1,-1,False,-0.4357142857142855,False,False,False,4.370375442504883,1796.9748,1,0.0001028728971065,2.3227724612097e-05,231,922,False,922.0,True,False,False,False,6.943272756237403,0.9647991101563856,0.1388947197448436,0.031371562604462784,0.03241896249930123,0.22576857053366847
AREYFGNRVTFDY,H4-34,K3-15,True,15,1,1,1,0.0001028728971065,3.3353567831150897e-06,2.3227724612097e-05,3.227597247505067e-06,False,False,False,False,False,False,False,False,False,False,False,False,False,0,0,False,1.5615384615384615,False,False,False,6.113258743286132,1637.7487999999998,2,0.0001028728971065,2.3227724612097e-05,233,923,False,923.0,False,False,False,False,6.943272756237403,0.9647991101563856,0.1388947197448436,0.031371562604462784,0.03241896249930123,0.22576857053366847
ARFGTLRYAFDY,H4-34,K3-15,True,15,1,1,1,0.0001028728971065,3.3353567831150897e-06,2.3227724612097e-05,3.227597247505067e-06,False,False,False,False,False,False,False,False,False,False,False,False,False,1,1,False,0.1750000000000002,False,False,False,8.632579040527343,1479.6367,2,0.0001028728971065,2.3227724612097e-05,242,924,False,924.0,False,False,False,False,6.943272756237403,0.9647991101563856,0.1388947197448436,0.031371562604462784,0.03241896249930123,0.22576857053366847
ARFVRYSAYSGVFDI,H3-23_A,K3-15,True,15,1,1,1,0.0001028728971065,3.3353567831150897e-06,2.3227724612097e-05,3.227597247505067e-06,False,False,False,False,False,False,False,False,False,False,False,False,False,1,1,False,0.2466666666666667,False,False,False,8.632579040527343,1750.9494,2,0.0001028728971065,2.3227724612097e-05,249,925,False,925.0,False,False,False,False,6.943272756237403,0.9647991101563856,0.1388947197448436,0.031371562604462784,0.03241896249930123,0.22576857053366847
ARGAFGKWTDWPSAFDY,H1-69,K3-15,True,15,1,1,1,0.0001028728971065,3.3353567831150897e-06,2.3227724612097e-05,3.227597247505067e-06,False,False,False,False,False,False,False,False,False,False,False,False,False,0,0,False,1.241176470588235,False,False,False,6.004021835327148,1975.1214,1,0.0001028728971065,2.3227724612097e-05,253,926,False,926.0,True,True,False,False,6.943272756237403,0.9647991101563856,0.1388947197448436,0.031371562604462784,0.03241896249930123,0.22576857053366847
ARGAFGKWTDWPSAFDY,UNK,K1-39,True,15,1,1,1,0.0001028728971065,3.3353567831150897e-06,2.3227724612097e-05,3.227597247505067e-06,False,False,False,False,False,False,False,False,False,False,False,False,False,0,0,False,1.241176470588235,False,False,False,6.004021835327148,1975.1214,1,0.0001028728971065,2.3227724612097e-05,253,927,False,927.0,True,False,False,False,6.943272756237403,0.9647991101563856,0.1388947197448436,0.031371562604462784,0.03241896249930123,0.22576857053366847
ARGAFLRSAYSWHFDY,H4-34,K3-15,True,15,1,1,1,0.0001028728971065,3.3353567831150897e-06,2.3227724612097e-05,3.227597247505067e-06,False,False,False,True,False,False,False,False,False,False,False,False,False,1,2,False,0.2562500000000002,False,False,False,8.638685607910158,1947.1145,2,0.0001028728971065,2.3227724612097e-05,254,928,False,928.0,False,False,False,False,6.943272756237403,0.9647991101563856,0.1388947197448436,0.031371562604462784,0.03241896249930123,0.22576857053366847
ARGLGYVPFDY,H4-34,K3-20,True,15,1,1,1,0.0001028728971065,3.3353567831150897e-06,2.3227724612097e-05,3.227597247505067e-06,False,False,False,False,False,False,False,False,False,False,False,False,False,0,0,False,0.3545454545454547,False,False,False,5.87944984436035,1257.3929,1,0.0001028728971065,2.3227724612097e-05,281,929,False,929.0,False,False,False,False,6.943272756237403,0.9647991101563856,0.1388947197448436,0.031371562604462784,0.03241896249930123,0.22576857053366847
ARGNPAYQDFDY,H5-51,UNK,True,15,1,1,1,0.0001028728971065,3.3353567831150897e-06,2.3227724612097e-05,3.227597247505067e-06,False,False,False,False,False,False,False,False,False,True,False,False,False,-1,-1,False,3.016666666666667,False,False,False,4.207874679565429,1416.4501,1,0.0001028728971065,2.3227724612097e-05,288,930,False,930.0,False,False,False,False,6.943272756237403,0.9647991101563856,0.1388947197448436,0.031371562604462784,0.03241896249930123,0.22576857053366847
ARGPRGDWPWYFDY,H4-34,K3-20,True,15,1,1,1,0.0001028728971065,3.3353567831150897e-06,2.3227724612097e-05,3.227597247505067e-06,False,False,False,True,False,False,False,False,False,False,False,False,False,0,0,False,0.9357142857142858,False,False,False,6.004021835327148,1785.9124,2,0.0001028728971065,2.3227724612097e-05,295,931,False,931.0,True,False,False,False,6.943272756237403,0.9647991101563856,0.1388947197448436,0.031371562604462784,0.03241896249930123,0.22576857053366847
ARGPSLEGYAFDY,H5-51,K4-1,True,15,1,1,1,0.0001028728971065,3.3353567831150897e-06,2.3227724612097e-05,3.227597247505067e-06,False,False,False,False,False,False,False,False,False,False,False,False,False,-1,-1,False,1.8461538461538465,False,False,False,4.370375442504883,1445.5311,1,0.0001028728971065,2.3227724612097e-05,298,932,False,932.0,False,False,False,False,6.943272756237403,0.9647991101563856,0.1388947197448436,0.031371562604462784,0.03241896249930123,0.22576857053366847
ARGSEGDAAGPFDY,H3-23_A,K3-15,True,15,1,1,1,0.0001028728971065,3.3353567831150897e-06,2.3227724612097e-05,3.227597247505067e-06,False,False,False,False,False,False,False,False,False,True,False,False,False,-2,-2,False,3.778571428571429,False,False,False,4.050025558471679,1412.4169,1,0.0001028728971065,2.3227724612097e-05,321,933,False,933.0,False,False,False,False,6.943272756237403,0.9647991101563856,0.1388947197448436,0.031371562604462784,0.03241896249930123,0.22576857053366847
ARGSIYNWHFDY,H4-34,K3-15,True,15,1,1,1,0.0001028728971065,3.3353567831150897e-06,2.3227724612097e-05,3.227597247505067e-06,False,False,False,True,False,False,False,False,False,False,False,False,False,0,1,False,0.5500000000000002,False,False,False,6.787184524536133,1528.6245,1,0.0001028728971065,2.3227724612097e-05,324,934,False,934.0,False,False,False,False,6.943272756237403,0.9647991101563856,0.1388947197448436,0.031371562604462784,0.03241896249930123,0.22576857053366847
ARGYAGYESYSFDY,H3-23_A,K3-15,True,15,1,1,1,0.0001028728971065,3.3353567831150897e-06,2.3227724612097e-05,3.227597247505067e-06,False,False,False,False,False,False,False,False,False,False,False,False,False,-1,-1,False,2.4142857142857146,False,False,False,4.370324325561524,1648.682,1,0.0001028728971065,2.3227724612097e-05,338,935,False,935.0,False,False,False,False,6.943272756237403,0.9647991101563856,0.1388947197448436,0.031371562604462784,0.03241896249930123,0.22576857053366847
ARHISRAPYVFPAFDI,H3-23_A,K4-1,True,15,1,1,1,0.0001028728971065,3.3353567831150897e-06,2.3227724612097e-05,3.227597247505067e-06,False,False,False,False,False,False,False,False,False,False,False,False,False,1,2,False,-0.1562499999999998,False,False,False,8.796192932128907,1860.1218,2,0.0001028728971065,2.3227724612097e-05,367,936,False,936.0,False,False,False,False,6.943272756237403,0.9647991101563856,0.1388947197448436,0.031371562604462784,0.03241896249930123,0.22576857053366847
ARHLKYGIIFDY,H4-34,K1-39,True,15,1,1,1,0.0001028728971065,3.3353567831150897e-06,2.3227724612097e-05,3.227597247505067e-06,False,False,False,False,False,False,False,False,False,False,False,False,False,1,2,False,-0.6999999999999998,False,False,False,8.546315002441407,1495.7222,1,0.0001028728971065,2.3227724612097e-05,371,937,False,937.0,False,False,False,False,6.943272756237403,0.9647991101563856,0.1388947197448436,0.031371562604462784,0.03241896249930123,0.22576857053366847
ARHQVLWAYFDY,H4-34,K3-20,True,15,1,1,1,0.0001028728971065,3.3353567831150897e-06,2.3227724612097e-05,3.227597247505067e-06,False,False,False,False,False,False,False,False,False,False,False,False,False,0,1,False,-0.7833333333333332,False,False,False,6.787184524536133,1568.7314,1,0.0001028728971065,2.3227724612097e-05,377,939,False,939.0,False,False,False,False,6.943272756237403,0.9647991101563856,0.1388947197448436,0.031371562604462784,0.03241896249930123,0.22576857053366847
ARHYTWAKYTAFDY,H3-23_A,K3-20,True,15,1,1,1,0.0001028728971065,3.3353567831150897e-06,2.3227724612097e-05,3.227597247505067e-06,False,False,False,False,False,False,False,False,False,False,False,False,False,1,2,False,0.985714285714286,False,False,False,8.479563903808593,1792.9448,1,0.0001028728971065,2.3227724612097e-05,387,941,False,941.0,False,False,False,False,6.943272756237403,0.9647991101563856,0.1388947197448436,0.031371562604462784,0.03241896249930123,0.22576857053366847
ARIGLAGDLPWDFDY,H4-34,K3-15,True,15,1,1,1,0.0001028728971065,3.3353567831150897e-06,2.3227724612097e-05,3.227597247505067e-06,False,False,False,False,False,False,False,False,False,True,False,False,False,-2,-2,False,0.2933333333333335,False,False,False,4.050025558471679,1708.8665,1,0.0001028728971065,2.3227724612097e-05,391,942,False,942.0,False,False,False,False,6.943272756237403,0.9647991101563856,0.1388947197448436,0.031371562604462784,0.03241896249930123,0.22576857053366847
ARIRGSYGSFDY,H4-34,K4-1,True,15,1,1,1,0.0001028728971065,3.3353567831150897e-06,2.3227724612097e-05,3.227597247505067e-06,False,False,False,False,False,False,False,False,False,False,False,False,False,1,1,False,1.991666666666667,False,False,False,8.632579040527343,1391.487,2,0.0001028728971065,2.3227724612097e-05,397,943,False,943.0,False,False,False,False,6.943272756237403,0.9647991101563856,0.1388947197448436,0.031371562604462784,0.03241896249930123,0.22576857053366847
ARISKPAPTYIAAFDP,H5-51,UNK,True,15,1,1,1,0.0001028728971065,3.3353567831150897e-06,2.3227724612097e-05,3.227597247505067e-06,False,False,False,False,True,False,False,False,False,False,False,False,False,1,1,False,1.2000000000000002,False,False,False,8.63377227783203,1717.9613000000002,1,0.0001028728971065,2.3227724612097e-05,399,944,False,944.0,False,False,False,False,6.943272756237403,0.9647991101563856,0.1388947197448436,0.031371562604462784,0.03241896249930123,0.22576857053366847
ARITYQGEPFDY,H4-34,K3-15,True,15,1,1,1,0.0001028728971065,3.3353567831150897e-06,2.3227724612097e-05,3.227597247505067e-06,False,False,False,False,False,False,False,False,False,False,False,False,False,-1,-1,False,1.8416666666666668,False,False,False,4.370375442504883,1459.5576999999998,1,0.0001028728971065,2.3227724612097e-05,401,945,False,945.0,False,False,False,False,6.943272756237403,0.9647991101563856,0.1388947197448436,0.031371562604462784,0.03241896249930123,0.22576857053366847
ARKGYIAVAGARAFDY,H4-34,K3-15,True,15,1,1,1,0.0001028728971065,3.3353567831150897e-06,2.3227724612097e-05,3.227597247505067e-06,False,False,False,False,False,False,False,False,False,False,False,False,False,2,2,False,1.33125,False,False,False,9.69757843017578,1728.9473,2,0.0001028728971065,2.3227724612097e-05,407,946,False,946.0,False,False,False,False,6.943272756237403,0.9647991101563856,0.1388947197448436,0.031371562604462784,0.03241896249930123,0.22576857053366847
ARLAAPGDVRTYFDI,H4-34,K4-1,True,15,1,1,1,0.0001028728971065,3.3353567831150897e-06,2.3227724612097e-05,3.227597247505067e-06,False,False,False,False,False,False,False,False,False,False,False,False,False,0,0,False,1.0466666666666669,False,False,False,6.004890823364257,1664.8588,2,0.0001028728971065,2.3227724612097e-05,416,947,False,947.0,False,False,False,False,6.943272756237403,0.9647991101563856,0.1388947197448436,0.031371562604462784,0.03241896249930123,0.22576857053366847
ARLGVSSSSVHYGWFDP,H5-51,K3-20,True,15,1,1,1,0.0001028728971065,3.3353567831150897e-06,2.3227724612097e-05,3.227597247505067e-06,False,False,False,False,True,False,False,False,False,False,False,False,False,0,1,False,1.1882352941176473,False,False,False,6.788309097290039,1865.0091,1,0.0001028728971065,2.3227724612097e-05,430,948,False,948.0,False,False,False,False,6.943272756237403,0.9647991101563856,0.1388947197448436,0.031371562604462784,0.03241896249930123,0.22576857053366847
ARPAGLSFKIPFDY,H3-23_A,K3-20,True,15,1,1,1,0.0001028728971065,3.3353567831150897e-06,2.3227724612097e-05,3.227597247505067e-06,False,False,False,False,False,False,False,False,False,False,False,False,False,1,1,False,0.2142857142857145,False,False,False,8.63377227783203,1581.8114999999998,1,0.0001028728971065,2.3227724612097e-05,474,950,False,950.0,False,False,False,False,6.943272756237403,0.9647991101563856,0.1388947197448436,0.031371562604462784,0.03241896249930123,0.22576857053366847
ARPEWRGYTSYGFDY,H4-34,K3-20,True,15,1,1,1,0.0001028728971065,3.3353567831150897e-06,2.3227724612097e-05,3.227597247505067e-06,False,False,False,False,False,False,False,False,False,False,False,False,False,0,0,False,1.9066666666666667,False,False,False,6.112389755249024,1867.9683,2,0.0001028728971065,2.3227724612097e-05,478,952,False,952.0,False,False,False,False,6.943272756237403,0.9647991101563856,0.1388947197448436,0.031371562604462784,0.03241896249930123,0.22576857053366847
ARPIQRLGEFDY,H3-23_A,K3-15,True,15,1,1,1,0.0001028728971065,3.3353567831150897e-06,2.3227724612097e-05,3.227597247505067e-06,False,False,False,False,False,False,False,False,False,True,False,False,False,0,0,False,1.15,False,False,False,6.114178848266601,1464.6238999999998,2,0.0001028728971065,2.3227724612097e-05,485,953,False,953.0,False,False,False,False,6.943272756237403,0.9647991101563856,0.1388947197448436,0.031371562604462784,0.03241896249930123,0.22576857053366847
ARPSGEGDRPVAFDI,H1-69,K3-15,True,15,1,1,1,0.0001028728971065,3.3353567831150897e-06,2.3227724612097e-05,3.227597247505067e-06,False,False,False,False,False,False,False,False,False,True,False,False,False,-1,-1,False,2.773333333333333,False,False,False,4.558281326293945,1586.7040000000002,2,0.0001028728971065,2.3227724612097e-05,497,954,False,954.0,False,False,False,False,6.943272756237403,0.9647991101563856,0.1388947197448436,0.031371562604462784,0.03241896249930123,0.22576857053366847
ARPSWRGDIGAYFDY,H4-34,K3-15,True,15,1,1,1,0.0001028728971065,3.3353567831150897e-06,2.3227724612097e-05,3.227597247505067e-06,False,False,False,False,False,False,False,False,False,False,False,False,False,0,0,False,1.4400000000000002,False,False,False,6.004021835327148,1773.9000999999998,2,0.0001028728971065,2.3227724612097e-05,500,955,False,955.0,True,False,False,False,6.943272756237403,0.9647991101563856,0.1388947197448436,0.031371562604462784,0.03241896249930123,0.22576857053366847
ARQGQWTGHFDY,H4-34,K4-1,True,15,1,1,1,0.0001028728971065,3.3353567831150897e-06,2.3227724612097e-05,3.227597247505067e-06,False,False,False,False,False,False,False,False,False,False,False,False,False,0,1,False,2.1583333333333337,False,False,False,6.788309097290039,1465.5274,1,0.0001028728971065,2.3227724612097e-05,513,956,False,956.0,False,False,False,False,6.943272756237403,0.9647991101563856,0.1388947197448436,0.031371562604462784,0.03241896249930123,0.22576857053366847
ARSADIAGTASYFDI,H5-51,UNK,True,15,1,1,1,0.0001028728971065,3.3353567831150897e-06,2.3227724612097e-05,3.227597247505067e-06,False,False,False,False,False,False,False,False,False,False,False,False,False,-1,-1,False,1.96,False,False,False,4.207874679565429,1557.6594,1,0.0001028728971065,2.3227724612097e-05,530,957,False,957.0,False,False,False,False,6.943272756237403,0.9647991101563856,0.1388947197448436,0.031371562604462784,0.03241896249930123,0.22576857053366847
ARSHSYVYSTFDY,H3-23_A,K3-15,True,15,1,1,1,0.0001028728971065,3.3353567831150897e-06,2.3227724612097e-05,3.227597247505067e-06,False,False,False,False,False,False,False,False,False,False,False,False,False,0,1,False,1.8846153846153848,False,False,False,6.786059951782226,1595.6658,1,0.0001028728971065,2.3227724612097e-05,541,958,False,958.0,False,False,False,False,6.943272756237403,0.9647991101563856,0.1388947197448436,0.031371562604462784,0.03241896249930123,0.22576857053366847
ARSLEPGYASSSYFDI,H5-51,K4-1,True,15,1,1,1,0.0001028728971065,3.3353567831150897e-06,2.3227724612097e-05,3.227597247505067e-06,False,False,False,False,False,False,False,False,False,False,False,False,False,-1,-1,False,1.8625,False,False,False,4.370375442504883,1762.8693,1,0.0001028728971065,2.3227724612097e-05,543,959,False,959.0,False,False,False,False,6.943272756237403,0.9647991101563856,0.1388947197448436,0.031371562604462784,0.03241896249930123,0.22576857053366847
ARSTRGLNAGFDY,H3-23_A,K4-1,True,15,1,1,1,0.0001028728971065,3.3353567831150897e-06,2.3227724612097e-05,3.227597247505067e-06,False,False,False,False,False,False,False,False,False,False,False,False,False,1,1,False,2.492307692307693,False,False,False,8.79022674560547,1427.5209,2,0.0001028728971065,2.3227724612097e-05,557,960,False,960.0,False,False,False,False,6.943272756237403,0.9647991101563856,0.1388947197448436,0.031371562604462784,0.03241896249930123,0.22576857053366847
ARTRTSSYVSLYFDI,H3-23_A,K3-15,True,15,1,1,1,0.0001028728971065,3.3353567831150897e-06,2.3227724612097e-05,3.227597247505067e-06,False,False,False,False,False,False,False,False,False,False,False,False,False,1,1,False,1.1000000000000003,False,False,False,8.632579040527343,1778.9580999999998,2,0.0001028728971065,2.3227724612097e-05,573,961,False,961.0,False,False,False,False,6.943272756237403,0.9647991101563856,0.1388947197448436,0.031371562604462784,0.03241896249930123,0.22576857053366847
ARVLIRSYSYNAFDI,H3-23_A,K3-15,True,15,1,1,1,0.0001028728971065,3.3353567831150897e-06,2.3227724612097e-05,3.227597247505067e-06,False,False,False,False,False,False,False,False,False,False,False,False,False,1,1,False,0.0466666666666667,False,False,False,8.632579040527343,1788.0111000000002,2,0.0001028728971065,2.3227724612097e-05,599,963,False,963.0,False,False,False,False,6.943272756237403,0.9647991101563856,0.1388947197448436,0.031371562604462784,0.03241896249930123,0.22576857053366847
ARVLVAAATFDY,H4-34,K3-15,True,15,1,1,1,0.0001028728971065,3.3353567831150897e-06,2.3227724612097e-05,3.227597247505067e-06,False,False,False,False,False,False,False,False,False,False,False,False,False,0,0,False,0.0083333333333334,False,False,False,5.880318832397459,1296.4705,1,0.0001028728971065,2.3227724612097e-05,603,965,False,965.0,False,False,False,False,6.943272756237403,0.9647991101563856,0.1388947197448436,0.031371562604462784,0.03241896249930123,0.22576857053366847
ARVPEETYSRGFDY,H4-34,K3-15,True,15,1,1,1,0.0001028728971065,3.3353567831150897e-06,2.3227724612097e-05,3.227597247505067e-06,False,False,False,False,False,False,False,False,False,True,False,False,False,-1,-1,False,2.7785714285714285,False,False,False,4.6793262481689455,1689.7788999999998,2,0.0001028728971065,2.3227724612097e-05,609,967,False,967.0,False,False,False,False,6.943272756237403,0.9647991101563856,0.1388947197448436,0.031371562604462784,0.03241896249930123,0.22576857053366847
ARVQGGAASRSFDY,H4-34,K3-20,True,15,1,1,1,0.0001028728971065,3.3353567831150897e-06,2.3227724612097e-05,3.227597247505067e-06,False,False,False,False,False,False,False,False,False,False,False,False,False,1,1,False,2.878571428571429,False,False,False,8.79022674560547,1484.5721999999998,2,0.0001028728971065,2.3227724612097e-05,613,968,False,968.0,False,False,False,False,6.943272756237403,0.9647991101563856,0.1388947197448436,0.031371562604462784,0.03241896249930123,0.22576857053366847
ARVTYLGWLDY,H1-69,K3-20,True,15,1,1,1,0.0001028728971065,3.3353567831150897e-06,2.3227724612097e-05,3.227597247505067e-06,False,False,False,False,False,False,False,False,False,False,False,False,False,0,0,False,-0.7909090909090907,False,False,False,5.87944984436035,1356.524,1,0.0001028728971065,2.3227724612097e-05,630,970,False,970.0,False,False,False,False,6.943272756237403,0.9647991101563856,0.1388947197448436,0.031371562604462784,0.03241896249930123,0.22576857053366847
ARVYVAGVSLSYGFDI,H4-34,K3-15,True,15,1,1,1,0.0001028728971065,3.3353567831150897e-06,2.3227724612097e-05,3.227597247505067e-06,False,False,False,False,False,False,False,False,False,False,False,False,False,0,0,False,0.0937500000000001,False,False,False,5.87944984436035,1716.9298,1,0.0001028728971065,2.3227724612097e-05,636,971,False,971.0,False,False,False,False,6.943272756237403,0.9647991101563856,0.1388947197448436,0.031371562604462784,0.03241896249930123,0.22576857053366847
ARWRLTGSVAAQEFDY,H1-69,K3-15,True,15,1,1,1,0.0001028728971065,3.3353567831150897e-06,2.3227724612097e-05,3.227597247505067e-06,False,False,False,False,False,False,False,False,False,True,False,False,False,0,0,False,1.36875,False,False,False,6.114178848266601,1870.029,2,0.0001028728971065,2.3227724612097e-05,643,972,False,972.0,False,False,False,False,6.943272756237403,0.9647991101563856,0.1388947197448436,0.031371562604462784,0.03241896249930123,0.22576857053366847
ARYFDLVHFDY,H4-34,K1-39,True,15,1,1,1,0.0001028728971065,3.3353567831150897e-06,2.3227724612097e-05,3.227597247505067e-06,False,False,False,False,False,False,False,False,False,False,False,False,False,-1,0,False,-0.6090909090909089,False,False,False,5.212373733520507,1445.5756,1,0.0001028728971065,2.3227724612097e-05,653,973,False,973.0,False,False,False,False,6.943272756237403,0.9647991101563856,0.1388947197448436,0.031371562604462784,0.03241896249930123,0.22576857053366847
ARYFGDEIGVFDY,H5-51,K3-20,True,15,1,1,1,0.0001028728971065,3.3353567831150897e-06,2.3227724612097e-05,3.227597247505067e-06,False,False,False,False,False,False,False,False,False,True,False,False,False,-2,-2,False,0.8923076923076925,False,False,False,4.050025558471679,1551.6528999999998,1,0.0001028728971065,2.3227724612097e-05,654,974,False,974.0,False,False,False,False,6.943272756237403,0.9647991101563856,0.1388947197448436,0.031371562604462784,0.03241896249930123,0.22576857053366847
ARYSGYIWSYSAFDP,H4-34,K1-39,True,15,1,1,1,0.0001028728971065,3.3353567831150897e-06,2.3227724612097e-05,3.227597247505067e-06,False,False,False,False,True,False,False,False,False,False,False,False,False,0,0,False,0.8533333333333334,False,False,False,5.87858085632324,1782.9035,1,0.0001028728971065,2.3227724612097e-05,666,976,False,976.0,False,False,False,False,6.943272756237403,0.9647991101563856,0.1388947197448436,0.031371562604462784,0.03241896249930123,0.22576857053366847
ARAGYPCGYFDY,H3-23_A,K4-1,True,1,37,8,99,6.858193140435221e-06,0.0001234082009752,0.0001858217968967,0.000319532127503,False,False,False,False,False,False,False,False,False,False,True,False,False,0,0,False,1.5333333333333334,False,False,False,5.870146560668945,1382.4983,1,0.000319532127503,0.0001858217968967,22,12,True,1000000.0,False,False,False,True,1.5056271719115364,2.5890194880348942,1.719469610900987,46.523462717117475,17.96807376435834,27.055412260134098
ARAGYPYCYFDY,H3-23_A,K4-1,True,1,22,6,32,6.858193140435221e-06,7.337784922853198e-05,0.0001393663476725,0.0001032831119201,False,False,False,False,False,False,False,False,False,False,True,False,False,0,0,False,0.9,False,False,False,5.869277572631835,1488.6201999999998,1,0.0001393663476725,0.0001393663476725,22,33,True,1000000.0,False,False,False,False,1.8990384530620186,1.4073598423422014,0.7410375838143629,15.037886938857284,10.683719535569468,20.291559195096937
ARAGCPYGYFDY,H3-23_A,K4-1,True,1,4,5,18,6.858193140435221e-06,1.334142713246036e-05,0.0001161386230604,5.809675045509121e-05,False,False,False,False,False,False,False,False,False,False,True,False,False,0,0,False,1.5333333333333334,False,False,False,5.870146560668945,1382.4983,1,0.0001161386230604,0.0001161386230604,11,44,True,1000000.0,False,False,False,False,8.698592435713525,4.351351348339743,0.5001931914843238,8.458811403112312,1.9424944610126305,16.909632662578353
ARSRDYPRVWSFDEFDY,H3-7_A,UNK,True,1,6,5,2,6.858193140435221e-06,2.001214069869054e-05,0.0001161386230604,6.455194495010134e-06,False,False,False,False,False,False,False,False,False,True,False,False,False,-1,-1,False,1.8647058823529412,True,False,False,4.68464241027832,2209.3312,3,0.0001161386230604,0.0001161386230604,548,58,True,1000000.0,False,False,False,True,5.800509786048778,0.3224028135728917,0.05557702127603598,0.9398679336791459,2.9137416915189456,16.909632662578353
ARERPHGEIREEWFDP,H1-69,K3-20,True,1546,72,1,1,0.0106027665951128,0.0002401456883842,2.3227724612097e-05,3.227597247505067e-06,False,False,False,False,True,False,False,False,False,True,False,False,False,-2,-1,False,2.54375,True,False,True,4.960827255249023,2024.156,3,0.0106027665951128,0.0002401456883842,216,85,True,1000000.0,False,False,False,True,0.09671944382569606,0.013439603572252561,0.1388947197448436,0.0003044105681706792,0.022649320791583192,0.0021907209308553656
ARERPHGEIREEWFDP,UNK,K3-20,True,44,3,1,1,0.0003017604981791,1.000607034934527e-05,2.3227724612097e-05,3.227597247505067e-06,False,False,False,False,True,False,False,False,False,True,False,False,False,-2,-1,False,2.54375,True,False,True,4.960827255249023,2024.156,3,0.0003017604981791,2.3227724612097e-05,216,146,True,1000000.0,False,False,False,False,2.3190456737971443,0.32224187080675293,0.1388947197448436,0.010695536067907794,0.03315788126978103,0.07697148910266041
ARERPHGEIREEWFDP,H1-69,K4-1,True,39,3,1,1,0.0002674695324769,1.000607034934527e-05,2.3227724612097e-05,3.227597247505067e-06,False,False,False,False,True,False,False,False,False,True,False,False,False,-2,-1,False,2.54375,True,False,True,4.960827255249023,2024.156,3,0.0002674695324769,2.3227724612097e-05,216,148,True,1000000.0,False,False,False,False,2.3190456737971443,0.32224187080675293,0.1388947197448436,0.012066707376138425,0.037408732760550234,0.08683925980057179
ARERPHGEIREEWFDP,H1-69,UNK,True,66,2,1,1,0.0004526407472687,6.670713566230179e-06,2.3227724612097e-05,3.227597247505067e-06,False,False,False,False,True,False,False,False,False,True,False,False,False,-2,-1,False,2.54375,True,False,True,4.960827255249023,2024.156,3,0.0004526407472687,2.3227724612097e-05,216,153,True,1000000.0,False,False,False,False,3.476832883467572,0.48312163296747196,0.1388947197448436,0.00713043614084463,0.014736998903638941,0.05131489288873014
ARERPHGEIREEWFDP,H3-23_A,K3-20,True,53,2,1,1,0.000363484236443,6.670713566230179e-06,2.3227724612097e-05,3.227597247505067e-06,False,False,False,False,True,False,False,False,False,True,False,False,False,-2,-1,False,2.54375,True,False,True,4.960827255249023,2024.156,3,0.000363484236443,2.3227724612097e-05,216,154,True,1000000.0,False,False,False,False,3.476832883467572,0.48312163296747196,0.1388947197448436,0.008879362927701306,0.01835163503968301,0.06390121846055562
ARQANGSYIPRFDY,H4-34,K4-1,True,1065,1,1,1,0.0073039756945635,3.3353567831150897e-06,2.3227724612097e-05,3.227597247505067e-06,True,False,True,False,False,False,False,False,False,False,False,False,False,1,1,False,2.0642857142857145,False,False,False,8.632579040527343,1657.7832999999998,2,0.0073039756945635,2.3227724612097e-05,506,167,True,1000000.0,False,False,False,True,6.943272756237403,0.9647991101563856,0.1388947197448436,0.00044189534077365884,0.0004566488657826454,0.0031801437712817332
ARPAREGDRPLVFDP,H1-69,K3-15,True,393,1,1,1,0.002695269904191,3.3353567831150897e-06,2.3227724612097e-05,3.227597247505067e-06,False,False,False,False,True,False,False,False,False,True,False,False,False,0,0,False,2.3,True,False,False,6.167033767700195,1695.8763,3,0.002695269904191,2.3227724612097e-05,475,185,True,1000000.0,False,False,False,True,6.943272756237403,0.9647991101563856,0.1388947197448436,0.0011974998375813752,0.0012374806705339983,0.008617926685825568
ARGRVSTDAPRYFDI,H1-69,K3-20,True,139,1,1,1,0.0009532888465204,3.3353567831150897e-06,2.3227724612097e-05,3.227597247505067e-06,False,False,False,False,False,False,False,False,False,False,False,False,False,1,1,False,2.2333333333333334,True,False,False,8.787910461425781,1723.8863,3,0.0009532888465204,2.3227724612097e-05,314,210,True,1000000.0,False,False,False,True,6.943272756237403,0.9647991101563856,0.1388947197448436,0.0033857139964933317,0.003498752563573688,0.024365627522659482
ARVRTAGDRGSSFDP,H1-69,K3-15,True,106,1,1,1,0.0007269684728861,3.3353567831150897e-06,2.3227724612097e-05,3.227597247505067e-06,False,False,False,False,True,False,False,False,False,False,False,False,False,1,1,False,3.7066666666666666,True,False,False,9.555021667480467,1591.6841,3,0.0007269684728861,2.3227724612097e-05,617,220,True,1000000.0,False,False,False,True,6.943272756237403,0.9647991101563856,0.1388947197448436,0.004439742534179212,0.0045879718691995705,0.03195104872897141
ARVRGLGWSAREFDP,H1-69,K3-15,True,96,1,1,1,0.0006583865414817,3.3353567831150897e-06,2.3227724612097e-05,3.227597247505067e-06,False,False,False,False,True,False,False,False,False,True,False,False,False,1,1,False,1.5000000000000002,True,False,True,9.555091857910156,1716.897,3,0.0006583865414817,2.3227724612097e-05,616,226,True,1000000.0,False,False,False,True,6.943272756237403,0.9647991101563856,0.1388947197448436,0.004902208690588599,0.005065878346822687,0.03527923242097195
ARAGSTGDRPRYFDY,H1-69,K4-1,True,83,1,1,1,0.0005692300306561,3.3353567831150897e-06,2.3227724612097e-05,3.227597247505067e-06,False,False,False,False,False,False,False,False,False,False,False,False,False,1,1,False,3.2666666666666666,True,False,False,8.631455993652345,1731.8222,3,0.0005692300306561,2.3227724612097e-05,19,232,True,1000000.0,False,False,False,True,6.943272756237403,0.9647991101563856,0.1388947197448436,0.005670011021159163,0.005859315233453966,0.04080479825940029
ARVARSVSSGAYDRFDY,H4-34,K3-15,True,54,1,1,1,0.0003703424295835,3.3353567831150897e-06,2.3227724612097e-05,3.227597247505067e-06,False,False,False,False,False,False,False,False,False,False,False,False,False,1,1,False,2.570588235294118,True,False,False,8.631455993652345,1920.0463,3,0.0003703424295835,2.3227724612097e-05,583,265,True,1000000.0,False,False,False,False,6.943272756237403,0.9647991101563856,0.1388947197448436,0.008714934720787002,0.009005899561307176,0.06271789451528373
ARERPHGEIREEWFDP,H1-69,K3-15,True,45,1,1,1,0.0003086186913195,3.3353567831150897e-06,2.3227724612097e-05,3.227597247505067e-06,False,False,False,False,True,False,False,False,False,True,False,False,False,-2,-1,False,2.54375,True,False,True,4.960827255249023,2024.156,3,0.0003086186913195,2.3227724612097e-05,216,289,True,1000000.0,False,False,False,False,6.943272756237403,0.9647991101563856,0.1388947197448436,0.010457865189739535,0.01080702111283052,0.07526106698891157
ARQANGSYIPRFDY,H4-34,K3-15,True,40,1,1,1,0.0002743277256174,3.3353567831150897e-06,2.3227724612097e-05,3.227597247505067e-06,True,False,True,False,False,False,False,False,False,False,False,False,False,1,1,False,2.0642857142857145,False,False,False,8.632579040527343,1657.7832999999998,2,0.0002743277256174,2.3227724612097e-05,506,314,True,1000000.0,False,False,False,False,6.943272756237403,0.9647991101563856,0.1388947197448436,0.01176505068794795,0.012157849510521507,0.08466835744089792
ARHRPSRPNYAFDY,H4-34,K3-20,True,38,1,1,1,0.0002606113393365,3.3353567831150897e-06,2.3227724612097e-05,3.227597247505067e-06,False,False,False,False,False,False,False,False,False,False,False,False,False,2,3,False,2.4,True,False,True,9.979042053222656,1749.8854,3,0.0002606113393365,2.3227724612097e-05,381,326,True,1000000.0,False,False,False,False,6.943272756237403,0.9647991101563856,0.1388947197448436,0.012384240122938555,0.012797711774509224,0.08912441579508053
ARPRLRNIWSTGAFDY,H3-23_A,K3-20,True,38,1,1,1,0.0002606113393365,3.3353567831150897e-06,2.3227724612097e-05,3.227597247505067e-06,False,False,False,False,False,False,False,False,False,False,False,False,False,2,2,False,0.9375000000000002,True,False,True,10.73751983642578,1923.138,3,0.0002606113393365,2.3227724612097e-05,494,329,True,1000000.0,False,False,False,False,6.943272756237403,0.9647991101563856,0.1388947197448436,0.012384240122938555,0.012797711774509224,0.08912441579508053
ARERPHGEIREEWFDP,H4-34,K3-20,True,37,1,1,1,0.0002537531461961,3.3353567831150897e-06,2.3227724612097e-05,3.227597247505067e-06,False,False,False,False,True,False,False,False,False,True,False,False,False,-2,-1,False,2.54375,True,False,True,4.960827255249023,2024.156,3,0.0002537531461961,2.3227724612097e-05,216,335,True,1000000.0,False,False,False,False,6.943272756237403,0.9647991101563856,0.1388947197448436,0.012718936125621976,0.013143582246326791,0.09153308886762998
ARGRTETTKRLFDY,H3-23_A,K4-1,True,37,1,1,1,0.0002537531461961,3.3353567831150897e-06,2.3227724612097e-05,3.227597247505067e-06,False,False,False,False,False,False,False,False,False,False,False,False,False,2,2,False,2.8000000000000003,True,False,True,9.97897186279297,1713.8916,3,0.0002537531461961,2.3227724612097e-05,312,337,True,1000000.0,False,False,False,False,6.943272756237403,0.9647991101563856,0.1388947197448436,0.012718936125621976,0.013143582246326791,0.09153308886762998
ARGRTRAFLYSFDEFDY,H4-34,K3-20,True,34,1,1,1,0.0002331785667747,3.3353567831150897e-06,2.3227724612097e-05,3.227597247505067e-06,False,False,False,False,False,False,False,False,False,True,False,False,False,0,0,False,1.2588235294117651,True,False,False,6.165244674682618,2114.2749,3,0.0002331785667747,2.3227724612097e-05,313,360,True,1000000.0,False,False,False,False,6.943272756237403,0.9647991101563856,0.1388947197448436,0.013841147068858988,0.014303260358118734,0.09960919153698883
ARKRVAGDRASPFDY,H1-69,K3-15,True,34,1,1,1,0.0002331785667747,3.3353567831150897e-06,2.3227724612097e-05,3.227597247505067e-06,False,False,False,False,False,False,False,False,False,False,False,False,False,2,2,False,2.94,True,False,False,9.97897186279297,1708.875,3,0.0002331785667747,2.3227724612097e-05,414,364,True,1000000.0,False,False,False,False,6.943272756237403,0.9647991101563856,0.1388947197448436,0.013841147068858988,0.014303260358118734,0.09960919153698883
ARALHIWGLDY,H4-34,K3-15,True,33,1,1,1,0.0002263203736343,3.3353567831150897e-06,2.3227724612097e-05,3.227597247505067e-06,False,False,False,False,False,False,False,False,False,False,False,False,False,0,1,True,-1.1,False,False,False,6.788309097290039,1314.4907,1,0.0002263203736343,2.3227724612097e-05,36,367,True,1000000.0,False,False,False,False,6.943272756237403,0.9647991101563856,0.1388947197448436,0.014260557236211491,0.014736673339762568,0.10262751852134475
ARFRHIRSNDYGFDY,H4-34,K3-20,True,32,1,1,1,0.0002194621804939,3.3353567831150897e-06,2.3227724612097e-05,3.227597247505067e-06,False,False,False,False,False,False,False,False,False,False,False,False,False,1,2,False,1.7200000000000002,True,False,False,8.637562561035157,1917.0472,3,0.0002194621804939,2.3227724612097e-05,246,376,True,1000000.0,False,False,False,False,6.943272756237403,0.9647991101563856,0.1388947197448436,0.014706179344651724,0.015197173398510944,0.10583448234680745
ARDRTEGDFYRYAFDY,H4-34,K3-15,True,31,1,1,1,0.0002126039873534,3.3353567831150897e-06,2.3227724612097e-05,3.227597247505067e-06,False,False,False,False,False,False,False,False,False,True,False,False,False,-1,-1,False,2.5875000000000004,True,False,False,4.68464241027832,2045.1268,3,0.0002126039873534,2.3227724612097e-05,153,391,True,1000000.0,False,False,False,False,6.943272756237403,0.9647991101563856,0.1388947197448436,0.015180549914339647,0.015687381741123028,0.10924833733299323
ARERAYRSSLYSYGFDY,H4-34,K3-15,True,29,1,1,1,0.0001988876010726,3.3353567831150897e-06,2.3227724612097e-05,3.227597247505067e-06,False,False,False,False,False,False,False,False,False,False,False,False,False,1,1,False,1.9882352941176475,True,False,True,8.47212371826172,2104.237,3,0.0001988876010726,2.3227724612097e-05,213,418,True,1000000.0,False,False,False,False,6.943272756237403,0.9647991101563856,0.1388947197448436,0.016227431754327473,0.01676921574281655,0.11678232661850257
ARGRYRGTLRFDY,H4-34,K4-1,True,29,1,1,1,0.0001988876010726,3.3353567831150897e-06,2.3227724612097e-05,3.227597247505067e-06,False,False,False,False,False,False,False,False,False,False,False,False,True,3,3,False,1.7923076923076926,True,False,True,10.83466339111328,1630.8076999999998,4,0.0001988876010726,2.3227724612097e-05,317,423,True,1000000.0,False,False,False,False,6.943272756237403,0.9647991101563856,0.1388947197448436,0.016227431754327473,0.01676921574281655,0.11678232661850257
ARILRIVLYGNAFDY,H3-23_A,K3-15,True,29,1,1,1,0.0001988876010726,3.3353567831150897e-06,2.3227724612097e-05,3.227597247505067e-06,False,False,False,False,False,False,False,False,False,False,False,False,False,1,1,True,-1.0533333333333332,False,False,False,8.632579040527343,1784.0654,2,0.0001988876010726,2.3227724612097e-05,395,424,True,1000000.0,False,False,False,False,6.943272756237403,0.9647991101563856,0.1388947197448436,0.016227431754327473,0.01676921574281655,0.11678232661850257
ARLLVTIGLSFDY,H4-34,K1-39,True,28,1,1,1,0.0001920294079321,3.3353567831150897e-06,2.3227724612097e-05,3.227597247505067e-06,False,False,False,False,False,False,False,False,False,False,False,False,False,0,0,True,-1.2846153846153845,False,False,False,5.880318832397459,1467.7071999999998,1,0.0001920294079321,2.3227724612097e-05,440,443,True,1000000.0,False,False,False,False,6.943272756237403,0.9647991101563856,0.1388947197448436,0.016806952709655612,0.017368085118729292,0.12095290681332294
ARGIRVTVARYSPGFDY,H3-23_A,K4-1,True,27,1,1,1,0.0001851712147917,3.3353567831150897e-06,2.3227724612097e-05,3.227597247505067e-06,False,False,False,False,False,False,False,False,False,False,False,False,False,2,2,False,1.3882352941176472,True,False,True,9.97897186279297,1928.1544,3,0.0001851712147917,2.3227724612097e-05,276,454,True,1000000.0,False,False,False,False,6.943272756237403,0.9647991101563856,0.1388947197448436,0.01742939882501371,0.018011312793615952,0.12543240219168325
ARILILDLYTFDY,H3-23_A,K3-20,True,27,1,1,1,0.0001851712147917,3.3353567831150897e-06,2.3227724612097e-05,3.227597247505067e-06,False,False,False,False,False,False,False,False,False,False,False,False,False,-1,-1,True,-1.9307692307692303,False,False,False,4.207874679565429,1615.8657999999998,1,0.0001851712147917,2.3227724612097e-05,394,460,True,1000000.0,False,False,False,False,6.943272756237403,0.9647991101563856,0.1388947197448436,0.01742939882501371,0.018011312793615952,0.12543240219168325
ARERPHGEIREEWFDP,H1-69,K1-39,True,26,1,1,1,0.0001783130216513,3.3353567831150897e-06,2.3227724612097e-05,3.227597247505067e-06,False,False,False,False,True,False,False,False,False,True,False,False,False,-2,-1,False,2.54375,True,False,True,4.960827255249023,2024.156,3,0.0001783130216513,2.3227724612097e-05,216,478,True,1000000.0,False,False,False,False,6.943272756237403,0.9647991101563856,0.1388947197448436,0.01809972272574228,0.01870401674573001,0.1302564548144402
ARPPKGARSQRFDY,H3-23_A,K4-1,True,26,1,1,1,0.0001783130216513,3.3353567831150897e-06,2.3227724612097e-05,3.227597247505067e-06,False,False,False,False,False,False,False,False,False,False,False,False,True,3,3,False,3.128571428571429,True,False,True,10.903590393066406,1648.8230999999998,3,0.0001783130216513,2.3227724612097e-05,490,489,True,1000000.0,False,False,False,False,6.943272756237403,0.9647991101563856,0.1388947197448436,0.01809972272574228,0.01870401674573001,0.1302564548144402
ARDRPTRGDRVWGFDY,H4-34,K4-1,True,25,1,1,1,0.0001714548285108,3.3353567831150897e-06,2.3227724612097e-05,3.227597247505067e-06,False,False,False,False,False,False,False,False,False,False,False,False,False,1,1,False,2.6750000000000003,True,False,False,8.785664367675782,1967.1078,4,0.0001714548285108,2.3227724612097e-05,148,503,True,1000000.0,False,False,False,False,6.943272756237403,0.9647991101563856,0.1388947197448436,0.0188236694110231,0.019452133782089348,0.13546640913960942
ARERPHGEIREEWFDP,H3-7_A,K3-20,True,25,1,1,1,0.0001714548285108,3.3353567831150897e-06,2.3227724612097e-05,3.227597247505067e-06,False,False,False,False,True,False,False,False,False,True,False,False,False,-2,-1,False,2.54375,True,False,True,4.960827255249023,2024.156,3,0.0001714548285108,2.3227724612097e-05,216,506,True,1000000.0,False,False,False,False,6.943272756237403,0.9647991101563856,0.1388947197448436,0.0188236694110231,0.019452133782089348,0.13546640913960942
ARIWRQRGSFDY,H3-23_A,K4-1,True,25,1,1,1,0.0001714548285108,3.3353567831150897e-06,2.3227724612097e-05,3.227597247505067e-06,False,False,False,False,False,False,False,False,False,False,False,False,False,2,2,False,1.15,True,False,True,10.73751983642578,1554.7099999999998,3,0.0001714548285108,2.3227724612097e-05,404,511,True,1000000.0,False,False,False,False,6.943272756237403,0.9647991101563856,0.1388947197448436,0.0188236694110231,0.019452133782089348,0.13546640913960942
ARQANGSYIPRFDY,UNK,K4-1,True,25,1,1,1,0.0001714548285108,3.3353567831150897e-06,2.3227724612097e-05,3.227597247505067e-06,True,False,True,False,False,False,False,False,False,False,False,False,False,1,1,False,2.0642857142857145,False,False,False,8.632579040527343,1657.7832999999998,2,0.0001714548285108,2.3227724612097e-05,506,513,True,1000000.0,False,False,False,False,6.943272756237403,0.9647991101563856,0.1388947197448436,0.0188236694110231,0.019452133782089348,0.13546640913960942
ARVLVIQLGFDY,H3-23_A,K4-1,True,25,1,1,1,0.0001714548285108,3.3353567831150897e-06,2.3227724612097e-05,3.227597247505067e-06,False,False,False,False,False,False,False,False,False,False,False,False,False,0,0,True,-1.4083333333333332,False,False,False,5.880318832397459,1393.6286,1,0.0001714548285108,2.3227724612097e-05,604,518,True,1000000.0,False,False,False,False,6.943272756237403,0.9647991101563856,0.1388947197448436,0.0188236694110231,0.019452133782089348,0.13546640913960942
ARWERYGRGFDY,H4-34,K4-1,True,25,1,1,1,0.0001714548285108,3.3353567831150897e-06,2.3227724612097e-05,3.227597247505067e-06,False,False,False,False,False,False,False,False,False,False,False,False,False,1,1,False,1.741666666666667,True,False,True,8.63159637451172,1575.6844,3,0.0001714548285108,2.3227724612097e-05,639,520,True,1000000.0,False,False,False,False,6.943272756237403,0.9647991101563856,0.1388947197448436,0.0188236694110231,0.019452133782089348,0.13546640913960942
ARAQGRAGSGFYY,H4-34,K3-20,True,24,1,1,1,0.0001645966353704,3.3353567831150897e-06,2.3227724612097e-05,3.227597247505067e-06,False,False,False,True,False,False,False,False,False,False,False,False,False,2,2,False,2.407692307692308,False,False,True,9.98676300048828,1403.501,2,0.0001645966353704,2.3227724612097e-05,55,527,True,1000000.0,False,False,False,False,6.943272756237403,0.9647991101563856,0.1388947197448436,0.019607941321698765,0.020262590117402172,0.14111049994934696
ARKRDAFTYREYFDY,H3-23_A,K3-15,True,24,1,1,1,0.0001645966353704,3.3353567831150897e-06,2.3227724612097e-05,3.227597247505067e-06,False,False,False,False,False,False,False,False,False,False,False,False,False,1,1,False,2.0933333333333333,True,False,False,8.472264099121094,2001.1604,3,0.0001645966353704,2.3227724612097e-05,413,539,True,1000000.0,False,False,False,False,6.943272756237403,0.9647991101563856,0.1388947197448436,0.019607941321698765,0.020262590117402172,0.14111049994934696
ARLGDRSSRAPRFDY,H4-34,K3-15,True,24,1,1,1,0.0001645966353704,3.3353567831150897e-06,2.3227724612097e-05,3.227597247505067e-06,False,False,False,False,False,False,False,False,False,False,False,False,False,2,2,False,2.7666666666666666,True,False,True,10.667610168457031,1766.9144,4,0.0001645966353704,2.3227724612097e-05,423,541,True,1000000.0,False,False,False,False,6.943272756237403,0.9647991101563856,0.1388947197448436,0.019607941321698765,0.020262590117402172,0.14111049994934696
ARNDRDLLYWRGFDY,H4-34,K3-15,True,24,1,1,1,0.0001645966353704,3.3353567831150897e-06,2.3227724612097e-05,3.227597247505067e-06,False,False,False,False,False,False,False,False,False,True,False,False,False,0,0,False,1.0666666666666669,True,False,False,6.083355331420899,1960.1117,3,0.0001645966353704,2.3227724612097e-05,467,542,True,1000000.0,False,False,False,False,6.943272756237403,0.9647991101563856,0.1388947197448436,0.019607941321698765,0.020262590117402172,0.14111049994934696
ARPAREGDRPLVFDP,H3-23_A,K3-15,True,24,1,1,1,0.0001645966353704,3.3353567831150897e-06,2.3227724612097e-05,3.227597247505067e-06,False,False,False,False,True,False,False,False,False,True,False,False,False,0,0,False,2.3,True,False,False,6.167033767700195,1695.8763,3,0.0001645966353704,2.3227724612097e-05,475,543,True,1000000.0,False,False,False,False,6.943272756237403,0.9647991101563856,0.1388947197448436,0.019607941321698765,0.020262590117402172,0.14111049994934696
ARQANGSYIPRFDY,H3-23_A,K4-1,True,24,1,1,1,0.0001645966353704,3.3353567831150897e-06,2.3227724612097e-05,3.227597247505067e-06,True,False,True,False,False,False,False,False,False,False,False,False,False,1,1,False,2.0642857142857145,False,False,False,8.632579040527343,1657.7832999999998,2,0.0001645966353704,2.3227724612097e-05,506,544,True,1000000.0,False,False,False,False,6.943272756237403,0.9647991101563856,0.1388947197448436,0.019607941321698765,0.020262590117402172,0.14111049994934696
ARSRWAGRLFDY,H4-34,K4-1,True,24,1,1,1,0.0001645966353704,3.3353567831150897e-06,2.3227724612097e-05,3.227597247505067e-06,False,False,False,False,False,False,False,False,False,False,False,False,False,2,2,False,0.7250000000000002,True,False,True,10.73751983642578,1497.6587,3,0.0001645966353704,2.3227724612097e-05,552,548,True,1000000.0,False,False,False,False,6.943272756237403,0.9647991101563856,0.1388947197448436,0.019607941321698765,0.020262590117402172,0.14111049994934696
ARDLRLDYRFDY,H1-69,K4-1,True,23,1,1,1,0.00015773844223,3.3353567831150897e-06,2.3227724612097e-05,3.227597247505067e-06,False,False,False,False,False,False,False,False,False,False,False,False,False,0,0,False,1.1083333333333336,True,False,False,6.083355331420899,1602.7478999999998,3,0.00015773844223,2.3227724612097e-05,115,559,True,1000000.0,False,False,False,False,6.943272756237403,0.9647991101563856,0.1388947197448436,0.02046040646663993,0.02114351644913286,0.1472453501520514
ARDRAIGGLRHGFDI,H3-23_A,K3-20,True,23,1,1,1,0.00015773844223,3.3353567831150897e-06,2.3227724612097e-05,3.227597247505067e-06,False,False,False,False,False,False,False,False,False,False,False,False,False,1,2,False,1.4400000000000002,True,False,False,9.56035614013672,1653.8428,3,0.00015773844223,2.3227724612097e-05,139,560,True,1000000.0,False,False,False,False,6.943272756237403,0.9647991101563856,0.1388947197448436,0.02046040646663993,0.02114351644913286,0.1472453501520514
ARPRGEDRLYWAFDY,H4-34,K3-20,True,23,1,1,1,0.00015773844223,3.3353567831150897e-06,2.3227724612097e-05,3.227597247505067e-06,False,False,False,False,False,False,False,False,False,True,False,False,False,0,0,False,1.346666666666667,True,False,False,6.165244674682618,1915.0712,3,0.00015773844223,2.3227724612097e-05,493,573,True,1000000.0,False,False,False,False,6.943272756237403,0.9647991101563856,0.1388947197448436,0.02046040646663993,0.02114351644913286,0.1472453501520514
ARVSRTGDRPGAFDY,H1-69,UNK,True,23,1,1,1,0.00015773844223,3.3353567831150897e-06,2.3227724612097e-05,3.227597247505067e-06,False,False,False,False,False,False,False,False,False,False,False,False,False,1,1,False,3.146666666666667,True,False,False,8.787910461425781,1667.7799999999995,3,0.00015773844223,2.3227724612097e-05,624,578,True,1000000.0,False,False,False,False,6.943272756237403,0.9647991101563856,0.1388947197448436,0.02046040646663993,0.02114351644913286,0.1472453501520514
ARDLRKARSGRYFDP,H4-34,K3-20,True,22,1,1,1,0.0001508802490895,3.3353567831150897e-06,2.3227724612097e-05,3.227597247505067e-06,False,False,False,False,True,False,False,False,False,False,False,False,True,3,3,False,2.7133333333333334,True,False,True,10.83466339111328,1808.0094,4,0.0001508802490895,2.3227724612097e-05,114,583,True,1000000.0,False,False,False,False,6.943272756237403,0.9647991101563856,0.1388947197448436,0.021390363306979698,0.022104521685405498,0.15393787704810244
AREARTRILPFDY,H4-34,K3-20,True,21,1,1,1,0.0001440220559491,3.3353567831150897e-06,2.3227724612097e-05,3.227597247505067e-06,False,False,False,False,False,False,False,False,False,False,False,False,False,1,1,False,1.0461538461538462,True,False,True,8.788050842285156,1607.8109,3,0.0001440220559491,2.3227724612097e-05,176,605,True,1000000.0,False,False,False,False,6.943272756237403,0.9647991101563856,0.1388947197448436,0.022408881316293084,0.023157044875439278,0.1612677432050649
ARLRGYKSADAPRAFDP,H4-34,K3-15,True,21,1,1,1,0.0001440220559491,3.3353567831150897e-06,2.3227724612097e-05,3.227597247505067e-06,False,False,False,False,True,False,False,False,False,False,False,False,False,2,2,False,2.51764705882353,True,False,False,9.97897186279297,1891.0947,3,0.0001440220559491,2.3227724612097e-05,449,625,True,1000000.0,False,False,False,False,6.943272756237403,0.9647991101563856,0.1388947197448436,0.022408881316293084,0.023157044875439278,0.1612677432050649
ARPPEGISTGRGRYFDP,H4-34,K3-15,True,21,1,1,1,0.0001440220559491,3.3353567831150897e-06,2.3227724612097e-05,3.227597247505067e-06,False,False,False,False,True,False,False,False,False,False,False,False,False,1,1,False,2.8529411764705883,True,False,True,8.788050842285156,1876.037,3,0.0001440220559491,2.3227724612097e-05,489,627,True,1000000.0,False,False,False,False,6.943272756237403,0.9647991101563856,0.1388947197448436,0.022408881316293084,0.023157044875439278,0.1612677432050649
ARQANGSYIPRFDY,H4-34,K3-20,True,21,1,1,1,0.0001440220559491,3.3353567831150897e-06,2.3227724612097e-05,3.227597247505067e-06,True,False,True,False,False,False,False,False,False,False,False,False,False,1,1,False,2.0642857142857145,False,False,False,8.632579040527343,1657.7832999999998,2,0.0001440220559491,2.3227724612097e-05,506,629,True,1000000.0,False,False,False,False,6.943272756237403,0.9647991101563856,0.1388947197448436,0.022408881316293084,0.023157044875439278,0.1612677432050649
ARVALLAWTFDY,H4-34,K1-39,True,21,1,1,1,0.0001440220559491,3.3353567831150897e-06,2.3227724612097e-05,3.227597247505067e-06,False,False,False,False,False,False,False,False,False,False,False,False,False,0,0,True,-1.458333333333333,False,False,False,5.880318832397459,1425.6291,1,0.0001440220559491,2.3227724612097e-05,582,633,True,1000000.0,False,False,False,False,6.943272756237403,0.9647991101563856,0.1388947197448436,0.022408881316293084,0.023157044875439278,0.1612677432050649
ARDPVYLRDRGFDY,H4-34,K3-15,True,20,1,1,1,0.0001371638628087,3.3353567831150897e-06,2.3227724612097e-05,3.227597247505067e-06,False,False,False,False,True,False,False,False,False,False,False,False,False,0,0,False,1.9,True,False,False,6.083355331420899,1742.8878,3,0.0001371638628087,2.3227724612097e-05,136,640,True,1000000.0,False,False,False,False,6.943272756237403,0.9647991101563856,0.1388947197448436,0.023529243701522148,0.02431481271156236,0.1693305425428599
ARDRSRAYRDYAFDY,H1-69,K3-20,True,20,1,1,1,0.0001371638628087,3.3353567831150897e-06,2.3227724612097e-05,3.227597247505067e-06,False,False,False,False,False,False,False,False,False,False,False,False,False,1,1,False,2.98,True,False,False,8.537892150878907,1925.0247,4,0.0001371638628087,2.3227724612097e-05,151,642,True,1000000.0,False,False,False,False,6.943272756237403,0.9647991101563856,0.1388947197448436,0.023529243701522148,0.02431481271156236,0.1693305425428599
ARGVLVSRLSRFDY,H4-34,K3-20,True,20,1,1,1,0.0001371638628087,3.3353567831150897e-06,2.3227724612097e-05,3.227597247505067e-06,False,False,False,False,False,False,False,False,False,False,False,False,False,2,2,False,0.4642857142857144,True,False,True,10.73751983642578,1638.8677999999998,3,0.0001371638628087,2.3227724612097e-05,334,649,True,1000000.0,False,False,False,False,6.943272756237403,0.9647991101563856,0.1388947197448436,0.023529243701522148,0.02431481271156236,0.1693305425428599
ARLLRSSARYFDY,H1-69,K3-15,True,20,1,1,1,0.0001371638628087,3.3353567831150897e-06,2.3227724612097e-05,3.227597247505067e-06,False,False,False,False,False,False,False,False,False,False,False,False,False,2,2,False,0.6461538461538463,True,False,True,9.97897186279297,1617.8056,3,0.0001371638628087,2.3227724612097e-05,438,654,True,1000000.0,False,False,False,False,6.943272756237403,0.9647991101563856,0.1388947197448436,0.023529243701522148,0.02431481271156236,0.1693305425428599
ARSYRQRPHPGWHPFDP,H1-69,K3-20,True,20,1,1,1,0.0001371638628087,3.3353567831150897e-06,2.3227724612097e-05,3.227597247505067e-06,False,False,False,False,True,False,False,False,False,False,False,False,False,2,4,False,2.0235294117647062,True,False,True,10.73751983642578,2104.2918,3,0.0001371638628087,2.3227724612097e-05,560,660,True,1000000.0,False,False,False,False,6.943272756237403,0.9647991101563856,0.1388947197448436,0.023529243701522148,0.02431481271156236,0.1693305425428599
ARERRTYLDYAGDFDP,H4-34,K3-15,True,19,1,1,1,0.0001303056696682,3.3353567831150897e-06,2.3227724612097e-05,3.227597247505067e-06,False,False,False,False,True,True,True,False,False,True,False,False,False,-1,-1,False,2.8375000000000004,True,False,False,4.68464241027832,1945.0526,3,0.0001303056696682,2.3227724612097e-05,219,673,True,1000000.0,False,False,False,False,6.943272756237403,0.9647991101563856,0.1388947197448436,0.024767529919640006,0.025594441494313964,0.17824199247287523
ARHNRTVWAFDY,H3-23_A,K3-20,True,19,1,1,1,0.0001303056696682,3.3353567831150897e-06,2.3227724612097e-05,3.227597247505067e-06,True,False,False,False,False,False,False,False,False,False,False,False,False,1,2,False,1.0083333333333335,False,False,False,8.796192932128907,1535.6636,2,0.0001303056696682,2.3227724612097e-05,374,684,True,1000000.0,False,False,False,False,6.943272756237403,0.9647991101563856,0.1388947197448436,0.024767529919640006,0.025594441494313964,0.17824199247287523
ARIARSGAGRSGFDP,H5-51,K3-15,True,19,1,1,1,0.0001303056696682,3.3353567831150897e-06,2.3227724612097e-05,3.227597247505067e-06,False,False,False,False,True,False,False,False,False,False,False,False,False,2,2,False,2.926666666666667,True,False,True,11.698988342285158,1517.6486,3,0.0001303056696682,2.3227724612097e-05,388,686,True,1000000.0,False,False,False,False,6.943272756237403,0.9647991101563856,0.1388947197448436,0.024767529919640006,0.025594441494313964,0.17824199247287523
ARLNESSPSFDY,H5-51,K4-1,True,19,1,1,1,0.0001303056696682,3.3353567831150897e-06,2.3227724612097e-05,3.227597247505067e-06,True,False,False,False,False,False,False,False,False,False,False,False,False,-1,-1,False,2.7,False,False,False,4.370375442504883,1385.4346,1,0.0001303056696682,2.3227724612097e-05,442,692,True,1000000.0,False,False,False,False,6.943272756237403,0.9647991101563856,0.1388947197448436,0.024767529919640006,0.025594441494313964,0.17824199247287523
ARLVIGIWSGFDY,H3-23_A,K1-39,True,19,1,1,1,0.0001303056696682,3.3353567831150897e-06,2.3227724612097e-05,3.227597247505067e-06,False,False,False,False,False,False,False,False,False,False,False,False,False,0,0,True,-1.215384615384615,False,False,False,5.880318832397459,1496.7069,1,0.0001303056696682,2.3227724612097e-05,462,695,True,1000000.0,False,False,False,False,6.943272756237403,0.9647991101563856,0.1388947197448436,0.024767529919640006,0.025594441494313964,0.17824199247287523
ARPAREGDRPLVFDP,H4-34,K3-15,True,19,1,1,1,0.0001303056696682,3.3353567831150897e-06,2.3227724612097e-05,3.227597247505067e-06,False,False,False,False,True,False,False,False,False,True,False,False,False,0,0,False,2.3,True,False,False,6.167033767700195,1695.8763,3,0.0001303056696682,2.3227724612097e-05,475,696,True,1000000.0,False,False,False,False,6.943272756237403,0.9647991101563856,0.1388947197448436,0.024767529919640006,0.025594441494313964,0.17824199247287523
ARSLLAREVRHYGFDI,H4-34,K3-15,True,19,1,1,1,0.0001303056696682,3.3353567831150897e-06,2.3227724612097e-05,3.227597247505067e-06,False,False,False,False,False,False,False,False,False,False,False,False,False,1,2,False,0.4812500000000002,True,False,True,8.793946838378904,1903.1483,3,0.0001303056696682,2.3227724612097e-05,544,699,True,1000000.0,False,False,False,False,6.943272756237403,0.9647991101563856,0.1388947197448436,0.024767529919640006,0.025594441494313964,0.17824199247287523
ARVRYGSSELRFDY,H4-34,K3-15,True,19,1,1,1,0.0001303056696682,3.3353567831150897e-06,2.3227724612097e-05,3.227597247505067e-06,False,False,False,False,False,False,False,False,False,False,False,False,False,1,1,False,1.8071428571428567,True,False,True,8.63159637451172,1718.8664,3,0.0001303056696682,2.3227724612097e-05,618,701,True,1000000.0,False,False,False,False,6.943272756237403,0.9647991101563856,0.1388947197448436,0.024767529919640006,0.025594441494313964,0.17824199247287523
ARYDPIRTGLRPGFDY,H4-34,K3-20,True,19,1,1,1,0.0001303056696682,3.3353567831150897e-06,2.3227724612097e-05,3.227597247505067e-06,False,False,False,False,True,False,False,False,False,False,False,False,False,1,1,False,1.5812500000000005,True,False,False,8.631455993652345,1897.0974,3,0.0001303056696682,2.3227724612097e-05,651,702,True,1000000.0,False,False,False,False,6.943272756237403,0.9647991101563856,0.1388947197448436,0.024767529919640006,0.025594441494313964,0.17824199247287523
ARDFLIWYSAFDI,H4-34,K3-15,True,18,1,1,1,0.0001234474765278,3.3353567831150897e-06,2.3227724612097e-05,3.227597247505067e-06,False,False,False,False,False,False,False,False,False,False,False,False,False,-1,-1,True,-1.5846153846153843,False,False,False,4.207874679565429,1616.8124,1,0.0001234474765278,2.3227724612097e-05,96,708,True,1000000.0,False,False,False,False,6.943272756237403,0.9647991101563856,0.1388947197448436,0.026143392350792796,0.02701623973631146,0.18814352330348022
ARDRLLRTGHFDY,H4-34,K4-1,True,18,1,1,1,0.0001234474765278,3.3353567831150897e-06,2.3227724612097e-05,3.227597247505067e-06,False,False,False,False,False,False,False,False,False,False,False,False,False,1,2,False,1.4,True,False,False,8.793876647949219,1619.7818,3,0.0001234474765278,2.3227724612097e-05,144,715,True,1000000.0,False,False,False,False,6.943272756237403,0.9647991101563856,0.1388947197448436,0.026143392350792796,0.02701623973631146,0.18814352330348022
ARGRIIRYGASGFDY,H4-34,K4-1,True,18,1,1,1,0.0001234474765278,3.3353567831150897e-06,2.3227724612097e-05,3.227597247505067e-06,False,False,False,False,False,False,False,False,False,False,False,False,False,2,2,False,1.4266666666666667,True,False,True,9.97897186279297,1701.8822,3,0.0001234474765278,2.3227724612097e-05,309,721,True,1000000.0,False,False,False,False,6.943272756237403,0.9647991101563856,0.1388947197448436,0.026143392350792796,0.02701623973631146,0.18814352330348022
ARGRWFNLVRESPFDP,H3-23_A,K3-20,True,18,1,1,1,0.0001234474765278,3.3353567831150897e-06,2.3227724612097e-05,3.227597247505067e-06,False,False,False,False,True,False,False,False,False,False,False,False,False,1,1,False,0.9125000000000002,True,False,True,9.555091857910156,1947.1594,3,0.0001234474765278,2.3227724612097e-05,315,722,True,1000000.0,False,False,False,False,6.943272756237403,0.9647991101563856,0.1388947197448436,0.026143392350792796,0.02701623973631146,0.18814352330348022
ARGRYARAGPWGFDP,H3-23_A,K3-20,True,18,1,1,1,0.0001234474765278,3.3353567831150897e-06,2.3227724612097e-05,3.227597247505067e-06,False,False,False,False,True,False,False,False,False,False,False,False,False,2,2,False,1.94,True,False,True,10.73751983642578,1676.8347,3,0.0001234474765278,2.3227724612097e-05,316,723,True,1000000.0,False,False,False,False,6.943272756237403,0.9647991101563856,0.1388947197448436,0.026143392350792796,0.02701623973631146,0.18814352330348022
ARQHNRTYAPWRYPFDY,H4-34,K3-20,True,18,1,1,1,0.0001234474765278,3.3353567831150897e-06,2.3227724612097e-05,3.227597247505067e-06,True,False,False,False,False,False,False,False,False,False,False,False,False,2,3,False,1.5529411764705885,True,False,True,9.694560241699218,2241.4243,3,0.0001234474765278,2.3227724612097e-05,516,739,True,1000000.0,False,False,False,False,6.943272756237403,0.9647991101563856,0.1388947197448436,0.026143392350792796,0.02701623973631146,0.18814352330348022
ARYPRESGVWRFDY,H1-69,K3-15,True,18,1,1,1,0.0001234474765278,3.3353567831150897e-06,2.3227724612097e-05,3.227597247505067e-06,False,False,False,False,False,False,False,False,False,False,False,False,False,1,1,False,1.4357142857142855,True,False,True,8.63159637451172,1801.9566,3,0.0001234474765278,2.3227724612097e-05,662,749,True,1000000.0,False,False,False,False,6.943272756237403,0.9647991101563856,0.1388947197448436,0.026143392350792796,0.02701623973631146,0.18814352330348022
ARAPERGRGTFDY,H5-51,K3-15,True,17,1,1,1,0.0001165892833873,3.3353567831150897e-06,2.3227724612097e-05,3.227597247505067e-06,False,False,False,False,False,False,False,False,False,False,False,False,False,1,1,False,3.246153846153846,True,False,True,8.788050842285156,1495.5983,3,0.0001165892833873,2.3227724612097e-05,45,754,True,1000000.0,False,False,False,False,6.943272756237403,0.9647991101563856,0.1388947197448436,0.027681107068078407,0.028605294013997147,0.19920984020924923
ARDPRSRTLFDY,H3-23_A,K3-15,True,17,1,1,1,0.0001165892833873,3.3353567831150897e-06,2.3227724612097e-05,3.227597247505067e-06,False,False,False,False,True,False,False,False,False,False,False,False,False,1,1,False,2.35,True,False,False,8.787910461425781,1496.6261,3,0.0001165892833873,2.3227724612097e-05,130,759,True,1000000.0,False,False,False,False,6.943272756237403,0.9647991101563856,0.1388947197448436,0.027681107068078407,0.028605294013997147,0.19920984020924923
ARDYLGRDYRWNYFDP,H3-23_A,K3-20,True,17,1,1,1,0.0001165892833873,3.3353567831150897e-06,2.3227724612097e-05,3.227597247505067e-06,False,False,False,False,True,False,False,False,False,False,False,False,False,0,0,False,1.5875,True,False,False,6.08248634338379,2107.2425,3,0.0001165892833873,2.3227724612097e-05,175,764,True,1000000.0,False,False,False,False,6.943272756237403,0.9647991101563856,0.1388947197448436,0.027681107068078407,0.028605294013997147,0.19920984020924923
ARERPHGEIREEWFDP,H5-51,K3-20,True,17,1,1,1,0.0001165892833873,3.3353567831150897e-06,2.3227724612097e-05,3.227597247505067e-06,False,False,False,False,True,False,False,False,False,True,False,False,False,-2,-1,False,2.54375,True,False,True,4.960827255249023,2024.156,3,0.0001165892833873,2.3227724612097e-05,216,767,True,1000000.0,False,False,False,False,6.943272756237403,0.9647991101563856,0.1388947197448436,0.027681107068078407,0.028605294013997147,0.19920984020924923
ARGKGRYPRGFDY,H5-51,K3-20,True,17,1,1,1,0.0001165892833873,3.3353567831150897e-06,2.3227724612097e-05,3.227597247505067e-06,False,False,False,False,False,False,False,False,False,False,False,False,True,3,3,False,2.815384615384616,True,False,True,10.267314147949218,1542.6993,3,0.0001165892833873,2.3227724612097e-05,278,773,True,1000000.0,False,False,False,False,6.943272756237403,0.9647991101563856,0.1388947197448436,0.027681107068078407,0.028605294013997147,0.19920984020924923
ARHEGRWLLSYPRPFDP,H4-34,K3-15,True,17,1,1,1,0.0001165892833873,3.3353567831150897e-06,2.3227724612097e-05,3.227597247505067e-06,False,False,False,False,True,False,False,False,False,False,False,False,False,1,2,False,0.8000000000000002,True,False,True,8.793946838378904,2097.3373,3,0.0001165892833873,2.3227724612097e-05,355,778,True,1000000.0,False,False,False,False,6.943272756237403,0.9647991101563856,0.1388947197448436,0.027681107068078407,0.028605294013997147,0.19920984020924923
ARHRAYATLGRFDY,H4-34,K3-15,True,17,1,1,1,0.0001165892833873,3.3353567831150897e-06,2.3227724612097e-05,3.227597247505067e-06,False,False,False,False,False,False,False,False,False,False,False,False,False,2,3,False,1.4071428571428573,True,False,True,9.979042053222656,1696.8657999999998,3,0.0001165892833873,2.3227724612097e-05,378,782,True,1000000.0,False,False,False,False,6.943272756237403,0.9647991101563856,0.1388947197448436,0.027681107068078407,0.028605294013997147,0.19920984020924923
ARQANGSYIPRFDY,H1-69,K4-1,True,17,1,1,1,0.0001165892833873,3.3353567831150897e-06,2.3227724612097e-05,3.227597247505067e-06,True,False,True,False,False,False,False,False,False,False,False,False,False,1,1,False,2.0642857142857145,False,False,False,8.632579040527343,1657.7832999999998,2,0.0001165892833873,2.3227724612097e-05,506,794,True,1000000.0,False,False,False,False,6.943272756237403,0.9647991101563856,0.1388947197448436,0.027681107068078407,0.028605294013997147,0.19920984020924923
ARTSRSGHYRYFDY,H3-23_A,K4-1,True,17,1,1,1,0.0001165892833873,3.3353567831150897e-06,2.3227724612097e-05,3.227597247505067e-06,False,False,False,False,False,False,False,False,False,False,False,False,False,2,3,False,2.5571428571428574,True,False,True,9.694560241699218,1778.8801999999998,3,0.0001165892833873,2.3227724612097e-05,577,801,True,1000000.0,False,False,False,False,6.943272756237403,0.9647991101563856,0.1388947197448436,0.027681107068078407,0.028605294013997147,0.19920984020924923
ARVDYVWWAANNFDY,H4-34,K1-39,True,17,1,1,1,0.0001165892833873,3.3353567831150897e-06,2.3227724612097e-05,3.227597247505067e-06,False,False,True,False,False,True,False,True,False,False,False,False,False,-1,-1,False,0.2733333333333334,False,False,False,4.207874679565429,1890.0167,1,0.0001165892833873,2.3227724612097e-05,586,802,True,1000000.0,False,False,False,False,6.943272756237403,0.9647991101563856,0.1388947197448436,0.027681107068078407,0.028605294013997147,0.19920984020924923
ARVIRIRYANDAFDP,H3-23_A,K3-20,True,17,1,1,1,0.0001165892833873,3.3353567831150897e-06,2.3227724612097e-05,3.227597247505067e-06,False,False,False,False,True,False,False,False,False,False,False,False,False,1,1,False,1.146666666666667,True,False,False,8.787910461425781,1776.9919,3,0.0001165892833873,2.3227724612097e-05,594,803,True,1000000.0,False,False,False,False,6.943272756237403,0.9647991101563856,0.1388947197448436,0.027681107068078407,0.028605294013997147,0.19920984020924923
ARAAYFGFLFDY,H3-23_A,K1-39,True,16,1,1,1,0.0001097310902469,3.3353567831150897e-06,2.3227724612097e-05,3.227597247505067e-06,False,False,False,False,False,False,False,False,False,False,False,False,False,0,0,True,-1.1999999999999995,False,False,False,5.87944984436035,1440.5988,1,0.0001097310902469,2.3227724612097e-05,9,811,True,1000000.0,False,False,False,False,6.943272756237403,0.9647991101563856,0.1388947197448436,0.029411018609743052,0.03039296197633054,0.2116593206777727
ARAGISPRHRFDY,H4-34,K3-20,True,16,1,1,1,0.0001097310902469,3.3353567831150897e-06,2.3227724612097e-05,3.227597247505067e-06,False,False,False,False,False,False,False,False,False,False,False,False,False,2,3,False,1.853846153846154,True,False,True,10.73751983642578,1545.7033,3,0.0001097310902469,2.3227724612097e-05,15,813,True,1000000.0,False,False,False,False,6.943272756237403,0.9647991101563856,0.1388947197448436,0.029411018609743052,0.03039296197633054,0.2116593206777727
ARENYSSSRFDY,H3-7_A,K1-39,True,16,1,1,1,0.0001097310902469,3.3353567831150897e-06,2.3227724612097e-05,3.227597247505067e-06,True,False,False,False,False,False,False,False,False,False,False,False,False,0,0,False,3.483333333333334,False,False,False,6.113258743286132,1494.5207,2,0.0001097310902469,2.3227724612097e-05,204,836,True,1000000.0,False,False,False,False,6.943272756237403,0.9647991101563856,0.1388947197448436,0.029411018609743052,0.03039296197633054,0.2116593206777727
ARGIAESRYRHFDY,H4-34,K3-15,True,16,1,1,1,0.0001097310902469,3.3353567831150897e-06,2.3227724612097e-05,3.227597247505067e-06,False,False,False,False,False,False,False,False,False,False,False,False,False,1,2,False,1.992857142857143,True,False,True,8.637702941894531,1740.8753,3,0.0001097310902469,2.3227724612097e-05,272,846,True,1000000.0,False,False,False,False,6.943272756237403,0.9647991101563856,0.1388947197448436,0.029411018609743052,0.03039296197633054,0.2116593206777727
ARPAREGDRPLVFDP,H1-69,K3-20,True,16,1,1,1,0.0001097310902469,3.3353567831150897e-06,2.3227724612097e-05,3.227597247505067e-06,False,False,False,False,True,False,False,False,False,True,False,False,False,0,0,False,2.3,True,False,False,6.167033767700195,1695.8763,3,0.0001097310902469,2.3227724612097e-05,475,866,True,1000000.0,False,False,False,False,6.943272756237403,0.9647991101563856,0.1388947197448436,0.029411018609743052,0.03039296197633054,0.2116593206777727
ARTRLADRYFPFDY,H4-34,K3-20,True,16,1,1,1,0.0001097310902469,3.3353567831150897e-06,2.3227724612097e-05,3.227597247505067e-06,False,False,False,False,False,False,False,False,False,False,False,False,False,1,1,False,0.9071428571428574,True,False,False,8.631455993652345,1790.9736999999998,3,0.0001097310902469,2.3227724612097e-05,570,878,True,1000000.0,False,False,False,False,6.943272756237403,0.9647991101563856,0.1388947197448436,0.029411018609743052,0.03039296197633054,0.2116593206777727
ARVRDAERSEGFDY,H1-69,K4-1,True,16,1,1,1,0.0001097310902469,3.3353567831150897e-06,2.3227724612097e-05,3.227597247505067e-06,False,False,False,False,False,False,False,False,False,True,False,False,False,-1,-1,False,3.5571428571428574,True,False,False,4.783093643188476,1670.7376,3,0.0001097310902469,2.3227724612097e-05,614,882,True,1000000.0,False,False,False,False,6.943272756237403,0.9647991101563856,0.1388947197448436,0.029411018609743052,0.03039296197633054,0.2116593206777727
ARYRGVSSRYDFDY,H4-34,K1-39,True,16,1,1,1,0.0001097310902469,3.3353567831150897e-06,2.3227724612097e-05,3.227597247505067e-06,False,False,False,False,False,False,False,False,False,True,False,False,False,1,1,False,2.485714285714286,True,False,False,8.538594055175782,1754.8554,3,0.0001097310902469,2.3227724612097e-05,665,888,True,1000000.0,False,False,False,False,6.943272756237403,0.9647991101563856,0.1388947197448436,0.029411018609743052,0.03039296197633054,0.2116593206777727
ARARGSSRTVRAYFDI,H3-7_A,K1-39,True,15,1,1,1,0.0001028728971065,3.3353567831150897e-06,2.3227724612097e-05,3.227597247505067e-06,False,False,False,False,False,False,False,False,False,False,False,False,True,3,3,False,2.1375,True,False,True,11.539094543457033,1826.0246,4,0.0001028728971065,2.3227724612097e-05,56,895,True,1000000.0,False,False,False,False,6.943272756237403,0.9647991101563856,0.1388947197448436,0.031371562604462784,0.03241896249930123,0.22576857053366847
ARDFGRSRPSPYRFDY,H4-34,K4-1,True,15,1,1,1,0.0001028728971065,3.3353567831150897e-06,2.3227724612097e-05,3.227597247505067e-06,False,False,False,False,False,False,False,False,False,False,False,False,False,2,2,False,2.475,True,False,True,9.971391296386717,1990.1411000000005,4,0.0001028728971065,2.3227724612097e-05,95,902,True,1000000.0,False,False,False,False,6.943272756237403,0.9647991101563856,0.1388947197448436,0.031371562604462784,0.03241896249930123,0.22576857053366847
ARDRLTLYSYRAFDY,H1-69,K3-20,True,15,1,1,1,0.0001028728971065,3.3353567831150897e-06,2.3227724612097e-05,3.227597247505067e-06,False,False,False,False,False,False,False,False,False,False,False,False,False,1,1,False,1.0133333333333334,True,False,False,8.538594055175782,1910.0928,3,0.0001028728971065,2.3227724612097e-05,145,907,True,1000000.0,False,False,False,False,6.943272756237403,0.9647991101563856,0.1388947197448436,0.031371562604462784,0.03241896249930123,0.22576857053366847
ARENIFRWYRHFDY,H3-23_A,K3-15,True,15,1,1,1,0.0001028728971065,3.3353567831150897e-06,2.3227724612097e-05,3.227597247505067e-06,False,False,False,False,False,False,False,False,False,False,False,False,False,1,2,False,0.1000000000000001,True,False,True,8.637702941894531,1973.1551,3,0.0001028728971065,2.3227724612097e-05,202,917,True,1000000.0,False,False,False,False,6.943272756237403,0.9647991101563856,0.1388947197448436,0.031371562604462784,0.03241896249930123,0.22576857053366847
ARERPIRVYPSSGFDY,H4-34,K3-20,True,15,1,1,1,0.0001028728971065,3.3353567831150897e-06,2.3227724612097e-05,3.227597247505067e-06,False,False,False,False,False,False,False,False,False,False,False,False,False,1,1,False,1.91875,True,False,True,8.63159637451172,1913.0968000000005,3,0.0001028728971065,2.3227724612097e-05,217,918,True,1000000.0,False,False,False,False,6.943272756237403,0.9647991101563856,0.1388947197448436,0.031371562604462784,0.03241896249930123,0.22576857053366847
ARHLRQSSYGRAAVRSSSGPGSTAHFDY,H4-34,K3-20,True,15,1,1,1,0.0001028728971065,3.3353567831150897e-06,2.3227724612097e-05,3.227597247505067e-06,False,False,False,False,False,False,False,False,False,False,False,False,True,3,5,False,2.960714285714286,True,False,True,10.83466339111328,3022.2105,4,0.0001028728971065,2.3227724612097e-05,373,938,True,1000000.0,False,False,False,False,6.943272756237403,0.9647991101563856,0.1388947197448436,0.031371562604462784,0.03241896249930123,0.22576857053366847
ARHRDVRSWHFDY,H4-34,K4-1,True,15,1,1,1,0.0001028728971065,3.3353567831150897e-06,2.3227724612097e-05,3.227597247505067e-06,False,False,False,True,False,False,False,False,False,False,False,False,False,1,3,False,1.5846153846153848,True,False,False,8.799632263183593,1744.8689,3,0.0001028728971065,2.3227724612097e-05,379,940,True,1000000.0,False,False,False,False,6.943272756237403,0.9647991101563856,0.1388947197448436,0.031371562604462784,0.03241896249930123,0.22576857053366847
ARLLFLSTYAFDY,H3-23_A,K3-15,True,15,1,1,1,0.0001028728971065,3.3353567831150897e-06,2.3227724612097e-05,3.227597247505067e-06,False,False,False,False,False,False,False,False,False,False,False,False,False,0,0,True,-1.515384615384615,False,False,False,5.87944984436035,1579.7922,1,0.0001028728971065,2.3227724612097e-05,437,949,True,1000000.0,False,False,False,False,6.943272756237403,0.9647991101563856,0.1388947197448436,0.031371562604462784,0.03241896249930123,0.22576857053366847
ARPAREGDRPLVFDP,UNK,K3-15,True,15,1,1,1,0.0001028728971065,3.3353567831150897e-06,2.3227724612097e-05,3.227597247505067e-06,False,False,False,False,True,False,False,False,False,True,False,False,False,0,0,False,2.3,True,False,False,6.167033767700195,1695.8763,3,0.0001028728971065,2.3227724612097e-05,475,951,True,1000000.0,False,False,False,False,6.943272756237403,0.9647991101563856,0.1388947197448436,0.031371562604462784,0.03241896249930123,0.22576857053366847
ARVKRTRGDFDY,H4-34,K3-20,True,15,1,1,1,0.0001028728971065,3.3353567831150897e-06,2.3227724612097e-05,3.227597247505067e-06,False,False,False,False,False,False,False,False,False,True,False,False,False,2,2,False,3.0416666666666665,True,False,False,9.97897186279297,1483.6306,3,0.0001028728971065,2.3227724612097e-05,597,962,True,1000000.0,False,False,False,False,6.943272756237403,0.9647991101563856,0.1388947197448436,0.031371562604462784,0.03241896249930123,0.22576857053366847
ARVLTRNDRVLYAPFDP,H4-34,K3-15,True,15,1,1,1,0.0001028728971065,3.3353567831150897e-06,2.3227724612097e-05,3.227597247505067e-06,False,False,False,False,True,False,False,False,False,False,False,False,False,1,1,False,0.958823529411765,True,False,False,8.787910461425781,2003.2641,3,0.0001028728971065,2.3227724612097e-05,602,964,True,1000000.0,False,False,False,False,6.943272756237403,0.9647991101563856,0.1388947197448436,0.031371562604462784,0.03241896249930123,0.22576857053366847
ARVLYIAWALFDY,H3-23_A,K4-1,True,15,1,1,1,0.0001028728971065,3.3353567831150897e-06,2.3227724612097e-05,3.227597247505067e-06,False,False,False,False,False,False,False,False,False,False,False,False,False,0,0,True,-2.507692307692307,False,False,False,5.87944984436035,1600.856,1,0.0001028728971065,2.3227724612097e-05,607,966,True,1000000.0,False,False,False,False,6.943272756237403,0.9647991101563856,0.1388947197448436,0.031371562604462784,0.03241896249930123,0.22576857053366847
ARVRDNLRGPAWNAFDP,H4-34,K3-20,True,15,1,1,1,0.0001028728971065,3.3353567831150897e-06,2.3227724612097e-05,3.227597247505067e-06,False,False,False,False,True,False,False,False,False,False,False,False,False,1,1,False,1.8058823529411767,True,False,False,9.555021667480467,1955.1401,3,0.0001028728971065,2.3227724612097e-05,615,969,True,1000000.0,False,False,False,False,6.943272756237403,0.9647991101563856,0.1388947197448436,0.031371562604462784,0.03241896249930123,0.22576857053366847
ARYHGSGVNRDRFDY,H4-34,K3-15,True,15,1,1,1,0.0001028728971065,3.3353567831150897e-06,2.3227724612097e-05,3.227597247505067e-06,False,False,False,False,False,False,False,False,False,False,False,False,False,1,2,False,3.0,True,False,False,8.637562561035157,1812.8981,3,0.0001028728971065,2.3227724612097e-05,656,975,True,1000000.0,False,False,False,False,6.943272756237403,0.9647991101563856,0.1388947197448436,0.031371562604462784,0.03241896249930123,0.22576857053366847
