cdr3_aa,vh_scaffold,vl_scaffold,cdr3_functional,count hCNTN1_37-994__Block163__Round3__M_P__100nM_Block163.csv,count hCNTN1_37-994__Block163__Round4__F_P__20nM_Block163.csv,count hCNTN1_37-994__Block163__Round5__F_P__4nM_Block163.csv,freq hCNTN1_37-994__Block163__Round3__M_P__100nM_Block163.csv,freq hCNTN1_37-994__Block163__Round4__F_P__20nM_Block163.csv,freq hCNTN1_37-994__Block163__Round5__F_P__4nM_Block163.csv,l_glyco,l_asp_isomer,l_asn_deamid,l_aromatic,l_frag,l_poly,l_RR,l_WW,l_VV,l_neg_patch,l_cys,l_neg_charge,l_pos_charge,l_charge_value,l_charge_value2,l_hydrophobic,l_hydrophobic_value,l_arg,l_trp,l_rmd,l_isoelectricpoint,l_molecular_weight,l_arg_value,max_freq,max_freq_20_4,greedy_cluster_85,rank,critical,rank_adjusted,cdr3_repeat,vh_repeat,ab_repeat,LEAD,ratio_4nM_20nM,ratio_20nM_100nM,ratio_4nM_100nM
ARGHGTVTPRSYGFDI,H3-7_A,K3-20,True,178,5203,23444,0.0009175399619581,0.0208531223572885,0.0920437368720676,False,False,False,False,False,False,False,False,False,False,False,False,False,1,2,False,2.2437500000000004,False,False,False,8.796192932128907,1733.8811,2,0.0920437368720676,0.0920437368720676,261,1,False,1.0,True,True,True,True,4.413904601717873,22.726961170361598,100.314686598255
AREEGYPISGEFDY,H1-69,K1-39,True,1517,19260,21015,0.0078197085521941,0.0771922230638819,0.0825072142282248,False,False,False,False,False,False,False,False,False,True,False,False,False,-3,-3,False,2.7642857142857147,False,False,False,4.050025558471679,1632.6812,1,0.0825072142282248,0.0825072142282248,128,2,False,2.0,True,True,True,True,1.0688538335190327,9.871483551313096,10.55117440321103
ARDIDEYGSEGAFDY,H3-7_A,K1-39,True,246,3467,12174,0.0012680608463017,0.0138954017322159,0.0477964704265719,False,False,False,False,False,False,False,False,False,True,False,False,False,-4,-4,False,3.393333333333333,False,False,False,4.050025558471679,1707.7046999999998,1,0.0477964704265719,0.0477964704265719,80,3,False,3.0,True,True,True,True,3.439730419485008,10.957906470873867,37.69227134743239
ARGLGIVTPRSYGFDI,H3-7_A,K3-15,True,260,2590,7807,0.0013402269107254,0.0103804702874067,0.0306511454427671,False,False,False,False,False,False,False,False,False,False,False,False,False,1,1,False,0.7125000000000001,False,False,False,8.79022674560547,1721.9531,2,0.0306511454427671,0.0306511454427671,261,4,False,4.0,False,False,False,True,2.952767559315361,7.745250264588144,22.869945751738207
ARGTGVISPYGEYGFDY,H3-7_A,K1-39,True,459,5918,7540,0.0023660159693191,0.0237187734211865,0.0296028739129581,False,False,False,False,False,False,False,False,False,False,False,False,False,-1,-1,False,2.0058823529411764,False,False,False,4.370375442504883,1851.9639,1,0.0296028739129581,0.0296028739129581,699,5,False,5.0,True,True,True,True,1.248077246934837,10.024730805474777,12.511643699953671
ARGHGQVTPRSYGFDI,H3-7_A,K3-15,True,623,4802,6882,0.0032113898668536,0.0192459530193541,0.0270194931391217,False,False,False,False,False,False,False,False,False,False,False,False,False,1,2,False,2.29375,False,False,False,8.796192932128907,1760.9064,2,0.0270194931391217,0.0270194931391217,261,6,False,6.0,False,False,False,True,1.403904450608701,5.993010468114178,8.413618440357697
ARGYPPWGYGQYEAFDY,H3-7_A,K1-39,True,610,4297,6110,0.0031443785213173,0.0172219617084891,0.0239885357570522,False,False,False,False,False,False,False,False,False,False,False,False,False,-1,-1,False,1.5705882352941178,False,False,False,4.370324325561524,2040.1482,1,0.0239885357570522,0.0239885357570522,789,7,False,7.0,True,True,True,True,1.3929029824864771,5.477046361075695,7.628998641364625
ARGIGNVRPGEYLFDY,H3-7_A,K3-20,True,46,1282,5585,0.0002371170688206,0.005138132397087,0.0219273276928211,False,False,False,False,False,False,False,False,False,False,False,False,False,0,0,False,1.2875,False,False,False,6.113258743286132,1827.0041,2,0.0219273276928211,0.0219273276928211,278,8,False,8.0,True,True,True,True,4.267559362553381,21.668265975042633,92.47079130139444
ARGTGYTSSPGVYGFDI,H3-7_A,K3-15,True,88,902,4815,0.0004536152620916,0.0036151290344559,0.0189042225319487,False,False,False,False,False,False,False,False,False,False,False,False,False,0,0,False,2.3470588235294123,False,False,False,5.87944984436035,1747.8579,1,0.0189042225319487,0.0189042225319487,728,10,False,10.0,True,True,True,True,5.229182709647541,7.969417350760112,41.67365469194569
ARGPGYVTNDREYLFDY,H3-7_A,K3-20,True,17,655,3948,8.763022108589308e-05,0.0026251768487457,0.0155002846430183,False,False,False,False,False,False,False,False,False,True,False,False,False,-1,-1,False,2.1294117647058823,False,False,False,4.558281326293945,2036.1597,2,0.0155002846430183,0.0155002846430183,486,11,False,11.0,True,True,True,True,5.904450058640303,29.954019013403183,176.8626830348479
ARDVDPWYGYDAFDY,H1-69,K1-39,True,187,3925,3843,0.0009639324319448,0.015731021574545,0.0150880430301721,False,False,False,False,True,False,False,False,False,True,False,False,False,-3,-3,False,1.84,False,False,False,4.050025558471679,1852.9072,1,0.015731021574545,0.015731021574545,116,12,False,12.0,False,False,False,True,0.9591261042655749,16.31946167449742,15.652431649607175
ARGTGYTTVSGVYGFDI,H3-7_A,K3-15,True,715,7888,3719,0.0036856240044949,0.0316143434853531,0.0146012053159537,False,False,False,False,False,False,False,False,False,False,False,False,False,0,0,False,1.9294117647058824,False,False,False,5.87944984436035,1763.9003000000002,1,0.0316143434853531,0.0316143434853531,721,13,False,13.0,False,False,False,True,0.4618536742406712,8.57772189175515,3.9616536254404164
ARGYGSVSEGIYGFDI,H3-7_A,K3-15,True,535,4146,3681,0.0027577746047619,0.0166167682670225,0.0144520131132094,False,False,False,False,False,False,False,False,False,False,False,False,False,-1,-1,False,1.7000000000000002,False,False,False,4.370375442504883,1690.8065,1,0.0166167682670225,0.0166167682670225,768,14,False,14.0,False,False,False,True,0.8697241355077071,6.025404681108932,5.240443031067377
ARGTGYVTNDRTYGFDI,H3-7_A,K3-15,True,44,775,3209,0.0002268076310458,0.0031061252790502,0.0125988889107006,False,False,False,False,False,False,False,False,False,False,False,False,False,0,0,False,2.676470588235294,False,False,False,6.004021835327148,1906.0164,2,0.0125988889107006,0.0125988889107006,722,15,False,15.0,True,True,True,True,4.056130135630511,13.694373161066116,55.546338494984894
ARGPGYIGIGEYAFDY,H3-7_A,K3-15,True,297,2942,3026,0.0015309515095594,0.0117912523496334,0.0118804106711686,False,False,False,False,False,False,False,False,False,False,False,False,False,-1,-1,False,1.2625000000000002,False,False,False,4.370375442504883,1748.8872,1,0.0118804106711686,0.0118804106711686,434,16,False,16.0,True,True,True,True,1.0075605409235908,7.701860743074358,7.760097557637292
ARGPGYIYGSREYLFDY,H3-7_A,K3-15,True,71,642,2874,0.0003659850410057,0.0025730741021293,0.0112836418601912,False,False,False,False,False,False,False,False,False,False,False,False,False,0,0,False,1.1764705882352944,False,False,False,6.111520767211914,2027.1942,2,0.0112836418601912,0.0112836418601912,448,18,False,18.0,True,True,True,True,4.3852596387555565,7.03035236504537,30.83004029012368
ARGPGIILDRSYQFDI,H3-7_A,K3-20,True,205,1872,2761,0.0010567173719181,0.0075027955127511,0.0108399913625566,False,False,False,False,False,False,False,False,False,False,False,False,False,0,0,False,0.7625000000000002,False,False,False,6.004890823364257,1821.0411,2,0.0108399913625566,0.0108399913625566,381,19,False,19.0,True,True,True,True,1.444791730791091,7.100029498746241,10.258077580483773
ARGTGYVSPAGAYGFDI,H3-7_A,K3-20,True,162,2692,2466,0.0008350644597596,0.0107892764531656,0.0096817887359886,False,False,False,False,False,False,False,False,False,False,False,False,False,0,0,False,1.9058823529411768,False,False,False,5.87944984436035,1701.8325,1,0.0107892764531656,0.0107892764531656,348,21,False,21.0,False,False,False,True,0.8973520888536557,12.920137033374964,11.593922700947862
ARGPGWIGDREYSFDI,H3-7_A,K3-15,True,67,441,2330,0.0003453661654561,0.0017674854813692,0.0091478376945878,False,False,False,False,False,False,False,False,False,True,False,False,False,-1,-1,False,1.68125,False,False,False,4.558281326293945,1838.9719,2,0.0091478376945878,0.0091478376945878,390,22,False,22.0,True,True,True,True,5.175593256680564,5.1175664627438255,26.486592328996604
ARGTGYLGVDNQWYFDI,H3-7_A,K1-39,True,101,2011,2307,0.0005206266076279,0.0080598941111872,0.0090575371508215,False,False,False,True,False,False,False,False,False,False,False,False,False,-1,-1,False,1.0411764705882354,False,False,False,4.207874679565429,1975.1196,1,0.0090575371508215,0.0090575371508215,719,24,False,24.0,True,True,True,True,1.1237772839318994,15.480844015001768,17.397042424828758
ARGTGYIAEPRTYGFDI,H3-7_A,K3-15,True,123,1930,2032,0.0006340304231508,0.0077352539207316,0.0079778567362242,False,False,False,False,False,False,False,False,False,False,False,False,False,0,0,False,1.823529411764706,False,False,False,6.113258743286132,1887.0562,2,0.0079778567362242,0.0079778567362242,709,26,False,26.0,True,True,True,True,1.0313619312771496,12.199938108507395,12.582567995553097
ARGTGEIGDRVYGFDI,H3-7_A,K1-39,True,43,626,1947,0.0002216529121584,0.0025089476447554,0.0076441373353487,False,False,False,False,False,False,False,False,False,False,False,False,False,-1,-1,False,2.21875,False,False,False,4.558281326293945,1725.8557,2,0.0076441373353487,0.0076441373353487,295,27,False,27.0,True,True,True,True,3.0467382944178523,11.318752516264471,34.485414185509796
ARGYGYIGDRALGFDI,H3-7_A,K3-15,True,61,754,1813,0.0003144378521317,0.0030219593037469,0.0071180385151449,False,False,False,False,False,False,False,False,False,False,False,False,False,0,0,False,1.0750000000000002,False,False,False,6.004021835327148,1743.9155,2,0.0071180385151449,0.0071180385151449,781,28,False,28.0,True,True,True,True,2.3554304493825726,9.610367134838036,22.636626286013417
ARGSGYVDYRSYQFDI,H3-7_A,K1-39,True,190,467,1773,0.000979396588607,0.0018716909746019,0.0069609940912035,False,False,False,False,False,False,False,False,False,False,False,False,False,0,0,False,2.1437500000000003,False,False,False,6.003152847290039,1897.0078,2,0.0069609940912035,0.0069609940912035,660,29,False,29.0,False,False,False,True,3.7190738187674794,1.911045929621514,7.107358856043691
ARARGWASWSPFDY,H1-69,K3-15,True,2,1,1734,1.030943777481095e-05,4.0079035858713385e-06,0.0068078757778606,False,False,False,False,False,False,False,False,False,False,False,False,False,1,1,False,1.0285714285714287,False,False,False,8.79022674560547,1669.7957,2,0.0068078757778606,0.0068078757778606,49,30,False,30.0,True,True,True,True,1694.385052393988,0.3883839094077742,659.7138261231794
ARGPGVITTRSYGFDI,H3-7_A,K3-20,True,99,1641,1551,0.0005103171698531,0.0065769697844148,0.0060893975383286,False,False,False,False,False,False,False,False,False,False,False,False,False,1,1,False,1.6125,False,False,False,8.79022674560547,1709.8994,2,0.0065769697844148,0.0065769697844148,417,31,False,31.0,False,False,False,True,0.9258653269329483,12.887751569856665,11.932340463239415
ARGPGYTKSGSYGFDI,H3-7_A,K4-1,True,250,2196,1474,0.0012886797218513,0.0088013562745734,0.0057870870222414,False,False,False,False,False,False,False,False,False,False,False,False,False,1,1,False,2.75625,False,False,False,8.54006805419922,1675.7953,1,0.0088013562745734,0.0088013562745734,454,32,False,32.0,False,False,False,True,0.6575214394792244,6.8296938551892765,4.490675237114341
ARGTGLIPGPGVYGFDI,H3-7_A,K4-1,True,262,1264,1464,0.0013505363485002,0.0050659901325413,0.005747825916256,False,False,False,False,False,False,False,False,False,False,False,False,False,0,0,False,0.835294117647059,False,False,False,5.880318832397459,1689.9079,1,0.005747825916256,0.005747825916256,685,33,False,33.0,True,True,True,True,1.1345885838681709,3.7510672167357684,4.255926442390547
ARGSGYTSPYSYAFDI,H3-7_A,K3-20,True,364,1067,1411,0.0018763176750155,0.0042764331261247,0.0055397420545336,False,False,False,False,False,False,False,False,False,False,False,False,False,0,0,False,2.10625,False,False,False,5.87858085632324,1754.8488,1,0.0055397420545336,0.0055397420545336,658,35,False,35.0,True,True,True,True,1.2954087991236067,2.279150482651903,2.952438493712372
ARGPGSVSAGVYGFDI,H3-7_A,K3-20,True,141,763,1268,0.0007268153631241,0.0030580304360198,0.004978308238943,False,False,False,False,False,False,False,False,False,False,False,False,False,0,0,False,1.8625,False,False,False,5.880318832397459,1552.6858,1,0.004978308238943,0.004978308238943,279,37,False,37.0,True,True,True,True,1.627940618542811,4.207379917062228,6.84938706258795
ARGSGYVRESELGFDY,H3-7_A,K3-15,True,29,492,1234,0.0001494868477347,0.0019718885642486,0.0048448204785928,False,False,False,False,False,False,False,False,False,True,False,False,False,-1,-1,False,2.5187500000000003,False,False,False,4.6793262481689455,1805.8973,2,0.0048448204785928,0.0048448204785928,663,38,False,38.0,True,True,True,True,2.4569318962098534,13.190168181659264,32.40750926862693
ARGYGYVQSTSYAFDI,H3-7_A,K3-20,True,73,457,1172,0.0003762944787805,0.0018316119387432,0.0046014016214836,False,False,False,False,False,False,False,False,False,False,False,False,False,0,0,False,1.7125,False,False,False,5.87858085632324,1797.9165000000005,1,0.0046014016214836,0.0046014016214836,788,39,False,39.0,True,True,True,True,2.512200538851884,4.867366831983913,12.227868337882889
ARGPGYTSATSGEYSFDY,H3-7_A,K3-15,True,161,588,1167,0.0008299097408722,0.0023566473084923,0.0045817710684909,False,False,False,False,False,False,False,False,False,False,False,False,False,-1,-1,False,3.355555555555556,False,False,False,4.370375442504883,1928.9604,1,0.0045817710684909,0.0045817710684909,458,40,False,40.0,True,True,True,True,1.9441821481554917,2.8396086903723887,5.520739949715752
ARGTGVISLGNQWYFDI,H3-7_A,K1-39,True,38,484,1158,0.0001958793177214,0.0019398253355617,0.0045464360731041,False,False,False,True,False,False,False,False,False,False,False,False,False,0,0,False,0.4764705882352942,False,False,False,5.880318832397459,1897.0939,1,0.0045464360731041,0.0045464360731041,688,41,False,41.0,True,True,True,True,2.343722680867462,9.902660125247774,23.209208781717162
ARGPGYIIPKSSYAFDI,H3-7_A,K3-20,True,115,1084,1058,0.0005927926720516,0.0043445674870845,0.0041538250132506,False,False,False,False,False,False,False,False,False,False,False,False,False,1,1,False,0.923529411764706,False,False,False,8.54006805419922,1855.0971,1,0.0043445674870845,0.0043445674870845,439,44,False,44.0,False,False,False,True,0.9560941255160103,7.328859487168996,7.00709563078527
ARGHGTVTPRSYGFDI,H3-7_A,K3-15,True,13,273,1041,6.701134553627119e-05,0.0010941576789428,0.0040870811330755,False,False,False,False,False,False,False,False,False,False,False,False,False,1,2,False,2.2437500000000004,False,False,False,8.796192932128907,1733.8811,2,0.0040870811330755,0.0040870811330755,261,45,False,45.0,True,True,False,False,3.735333451838473,16.325510480100025,60.981782749551314
ARGQGYVDVRSYGFDI,H3-7_A,K3-20,True,71,1488,1020,0.0003659850410057,0.0059637605357765,0.0040046328105062,False,False,False,False,False,False,False,False,False,False,False,False,False,0,0,False,1.98125,False,False,False,6.004021835327148,1802.9396,2,0.0059637605357765,0.0059637605357765,528,46,False,46.0,False,False,False,True,0.6714934430294583,16.294648472255176,10.941767952653302
ARGQGYIFDREYSFDI,H3-7_A,K1-39,True,146,890,1000,0.0007525889575611,0.0035670341914254,0.0039261105985355,False,False,False,False,False,False,False,False,False,True,False,False,False,-1,-1,False,1.5000000000000002,False,False,False,4.558281326293945,1937.0717,2,0.0039261105985355,0.0039261105985355,517,47,False,47.0,False,False,False,True,1.1006621695277108,4.739621488428396,5.216736695010313
ARGYGYTGARSYLFDI,H3-7_A,K3-15,True,15,90,994,7.732078331108213e-05,0.0003607113227284,0.0039025539349443,False,False,False,False,False,False,False,False,False,False,False,False,False,1,1,False,1.2062500000000005,False,False,False,8.539295959472657,1809.9736000000005,2,0.0039025539349443,0.0039025539349443,779,48,False,48.0,False,False,False,True,10.818750345630864,4.664524362534255,50.46572358184082
ARGALQYWDEEFDY,H1-69,K1-39,True,1,320,963,5.154718887405475e-06,0.0012825291474788,0.0037808445063897,False,False,False,False,False,False,False,False,False,True,False,False,False,-3,-3,False,1.6785714285714286,False,False,False,4.050025558471679,1762.8277999999998,1,0.0037808445063897,0.0037808445063897,206,50,False,50.0,True,True,True,True,2.947936921708814,248.32506384932898,732.0523321432946
ARGAGYISSGVYGFDI,H3-7_A,K4-1,True,11,134,932,5.670190776146023e-05,0.0005370590805067,0.0036591350778351,False,False,False,False,False,False,False,False,False,False,False,False,False,0,0,False,1.34375,False,False,False,5.87944984436035,1632.7704,1,0.0036591350778351,0.0036591350778351,195,51,False,51.0,False,False,False,True,6.813155347507388,9.469952637912664,64.52145981803388
ARGPGYTTSFSYAFDI,H3-7_A,K3-15,True,224,1651,920,0.0011546570307788,0.0066170488202735,0.0036120217506527,False,False,False,False,False,False,False,False,False,False,False,False,False,0,0,False,1.56875,False,False,False,5.87944984436035,1752.876,1,0.0066170488202735,0.0066170488202735,449,52,False,52.0,False,False,False,True,0.5458651417131284,5.730698672335376,3.128193370357568
ARGHGWIGDREWYFDY,H3-7_A,K3-20,True,45,593,917,0.0002319623499332,0.0023766868264217,0.0036002434188571,False,False,False,True,False,False,False,False,False,True,False,False,False,-1,0,False,1.03125,False,False,False,5.382593154907226,2028.1442,2,0.0036002434188571,0.0036002434188571,267,53,False,53.0,False,False,False,True,1.5148097051476035,10.245560848549852,15.5201403093681
ARGTGIVTGREWYFDY,H3-7_A,K3-20,True,2,126,911,1.030943777481095e-05,0.0005049958518197,0.0035766867552658,False,False,False,True,False,False,False,False,False,False,False,False,False,0,0,False,1.31875,False,False,False,6.113258743286132,1891.0464,2,0.0035766867552658,0.0035766867552658,683,54,False,54.0,False,False,False,True,7.082465960300928,48.936372585370954,346.5970562850091
ARGPEEWIAFRFDY,H1-69,K1-39,True,73,1075,842,0.0003762944787805,0.0043084963548116,0.0033057851239669,False,False,False,False,False,False,False,False,False,True,False,False,False,-1,-1,False,0.5500000000000002,False,False,False,4.6793262481689455,1756.9127,2,0.0043084963548116,0.0043084963548116,369,55,False,55.0,False,False,False,True,0.7672694088695278,11.449495283112917,8.784867867318631
ARGAGYVDEREYSFDI,H3-7_A,K3-15,True,697,2132,809,0.0035928390645216,0.0085448504450776,0.0031762234742152,False,False,False,False,False,False,False,False,False,True,False,False,False,-2,-2,False,2.5875,False,False,False,4.316753768920899,1847.934,2,0.0085448504450776,0.0085448504450776,200,56,False,56.0,False,False,False,True,0.37171156798059973,2.3782937417148013,0.8840403304384635
ARGYGYTYPSSYAFDI,H3-7_A,K1-39,True,349,1684,777,0.0017989968917045,0.0067493096386073,0.0030505879350621,False,False,False,False,False,False,False,False,False,False,False,False,False,0,0,False,1.58125,False,False,False,5.877711868286132,1830.9447,1,0.0067493096386073,0.0067493096386073,785,57,False,57.0,False,False,False,True,0.45198451079605095,3.751686371925208,1.695706641886051
ARGIGTISRGVYGFDI,H3-7_A,K3-15,True,139,176,759,0.0007165059253493,0.0007053910311133,0.0029799179442884,False,False,False,False,False,False,False,False,False,False,False,False,False,1,1,False,1.0125000000000002,False,False,False,8.79022674560547,1681.8892,2,0.0029799179442884,0.0029799179442884,284,59,False,59.0,False,False,False,True,4.224430944742654,0.98447362599711,4.158899807894286
ARGTGYVSSGSYGFDI,H3-7_A,K1-39,True,24,350,717,0.0001237132532977,0.0014027662550549,0.0028150212991499,False,False,False,False,False,False,False,False,False,False,False,False,False,0,0,False,2.44375,False,False,False,5.87944984436035,1636.7161,1,0.0028150212991499,0.0028150212991499,732,61,False,61.0,False,False,False,True,2.0067500351577663,11.337935413641254,22.75256448661645
ARGHGTISSGVYGFDI,H3-7_A,K3-20,True,149,1786,706,0.0007680531142234,0.0071581158043662,0.0027718340825661,False,False,False,False,False,False,False,False,False,False,False,False,False,0,1,False,1.7875,False,False,False,6.788309097290039,1636.7625,1,0.0071581158043662,0.0071581158043662,195,62,False,62.0,False,False,False,True,0.38722902591001973,9.319697394404724,3.6088623854417774
ARGHGTVTPRSYGFDI,UNK,K3-20,True,7,169,698,3.6083032211838326e-05,0.0006773357060122,0.0027404251977778,False,False,False,False,False,False,False,False,False,False,False,False,False,1,2,False,2.2437500000000004,False,False,False,8.796192932128907,1733.8811,2,0.0027404251977778,0.0027404251977778,261,63,False,63.0,True,False,False,False,4.045829439019785,18.766384105296574,75.92671022189582
ARSVDEGSPSLVAFDY,H1-69,K3-20,True,2169,4253,694,0.0111805852667824,0.0170456139507108,0.0027247207553836,False,False,False,False,False,False,False,False,False,True,False,False,False,-2,-2,False,2.2375000000000003,False,False,False,4.050025558471679,1712.8106,1,0.0170456139507108,0.0170456139507108,937,64,False,64.0,False,False,False,True,0.1598486956688951,1.5245712365023532,0.24370086657896992
ARGLGYISDERVYGFDI,H3-7_A,K1-39,True,185,951,690,0.00095362299417,0.0038115163101636,0.0027090163129895,False,False,False,False,False,False,False,False,False,True,False,False,False,-1,-1,False,1.1764705882352944,False,False,False,4.558281326293945,1931.1086,2,0.0038115163101636,0.0038115163101636,338,65,False,65.0,False,False,False,True,0.7107431754480589,3.9968377074463275,2.840732576946237
ARGLGIVTPRSYGFDI,H3-7_A,K3-20,True,6,123,623,3.092831332443285e-05,0.0004929721410621,0.0024459669028876,False,False,False,False,False,False,False,False,False,False,False,False,False,1,1,False,0.7125000000000001,False,False,False,8.79022674560547,1721.9531,2,0.0024459669028876,0.0024459669028876,261,67,False,67.0,False,False,False,False,4.961573045258624,15.934034150232296,79.0594780406452
AREEGYPISGEFDY,UNK,K1-39,True,38,523,616,0.0001958793177214,0.0020961335754107,0.0024184841286979,False,False,False,False,False,False,False,False,False,True,False,False,False,-3,-3,False,2.7642857142857147,False,False,False,4.050025558471679,1632.6812,1,0.0024184841286979,0.0024184841286979,128,68,False,68.0,True,False,False,False,1.1537778981690427,10.700601746910404,12.346176692174428
ARGAGEIGIGWYGFDI,H3-7_A,K3-20,True,55,535,615,0.0002835095388073,0.0021442284184411,0.0024145580180993,False,False,False,False,False,False,False,False,False,False,False,False,False,-1,-1,False,0.6000000000000001,False,False,False,4.370375442504883,1681.8444,1,0.0024145580180993,0.0024145580180993,183,69,False,69.0,False,False,False,True,1.126067883745282,7.562894703699663,8.516372551453694
ARGHGTVTPRSYGFDI,H1-69,K3-20,True,18,216,581,9.278493997329856e-05,0.0008657071745482,0.0022810702577491,False,False,False,False,False,False,False,False,False,False,False,False,False,1,2,False,2.2437500000000004,False,False,False,8.796192932128907,1733.8811,2,0.0022810702577491,0.0022810702577491,261,71,False,71.0,True,False,False,False,2.634890845199581,9.329249793116999,24.581838820149787
ARGPGYIDARSYGFDY,H3-7_A,K1-39,True,250,1222,577,0.0012886797218513,0.0048976581819347,0.002265365815355,False,False,False,False,False,False,False,False,False,False,False,False,False,0,0,False,2.2125000000000004,False,False,False,6.003152847290039,1807.9147000000005,2,0.0048976581819347,0.0048976581819347,269,72,False,72.0,False,False,False,True,0.4625396681038781,3.8004944859021963,1.7578830473642884
ARGTGIIGERSYLFDI,H3-7_A,K3-15,True,13,373,564,6.701134553627119e-05,0.00149494803753,0.002214326377574,False,False,False,False,False,False,False,False,False,False,False,False,False,0,0,False,0.8000000000000002,False,False,False,6.114178848266601,1767.9785000000002,2,0.002214326377574,0.002214326377574,679,73,False,73.0,False,False,False,True,1.4811963426294927,22.30555094900253,33.03912148966976
AREEGYPISGEFDY,H3-7_A,K1-39,True,80,634,557,0.0004123775109924,0.0025410108734424,0.0021868436033843,False,False,False,False,False,False,False,False,False,True,False,False,False,-3,-3,False,2.7642857142857147,False,False,False,4.050025558471679,1632.6812,1,0.0025410108734424,0.0025410108734424,128,74,False,74.0,True,False,False,False,0.8606161508707778,6.161706661114742,5.3028851385962605
ARGPGTIAEGAYQFDY,H3-7_A,K3-15,True,238,537,497,0.0012268230952025,0.0021522442256129,0.0019512769674721,False,False,False,False,False,False,False,False,False,False,False,False,False,-1,-1,False,2.35625,False,False,False,4.370375442504883,1715.8161,1,0.0021522442256129,0.0021522442256129,404,76,False,76.0,False,False,False,True,0.9066201121832773,1.7543089064267972,1.5904991274709819
ARGTGYVNDAEFGFDI,H3-7_A,K3-15,True,232,659,492,0.001195894781878,0.0026412084630892,0.0019316464144794,False,False,False,False,False,False,False,False,False,True,False,False,False,-2,-2,False,2.09375,False,False,False,4.050025558471679,1731.8154,1,0.0026412084630892,0.0026412084630892,736,77,False,77.0,False,False,False,True,0.7313467028471865,2.2085441107958066,1.6152175689489439
ARGHGTVTPRSYGFDI,H3-7_A,UNK,True,8,115,479,4.12377510992438e-05,0.0004609089123752,0.0018806069766985,False,False,False,False,False,False,False,False,False,False,False,False,False,1,2,False,2.2437500000000004,False,False,False,8.796192932128907,1733.8811,2,0.0018806069766985,0.0018806069766985,261,78,False,78.0,True,True,False,False,4.080125432491772,11.174158592700826,45.59295783602072
ARGTGYVAAGSYGFDI,H3-7_A,K1-39,True,12,95,479,6.18566266488657e-05,0.0003807508406577,0.0018806069766985,False,False,False,False,False,False,False,False,False,False,False,False,False,0,0,False,1.89375,False,False,False,5.87944984436035,1604.7173,1,0.0018806069766985,0.0018806069766985,732,79,False,79.0,False,False,False,True,4.93907664834984,6.154381793252031,30.397761742727575
ARGLGYVASRVYGFDI,H3-7_A,K1-39,True,7,96,463,3.6083032211838326e-05,0.0003847587442436,0.0018177892071219,False,False,False,False,False,False,False,False,False,False,False,False,False,1,1,False,0.5375000000000001,False,False,False,8.632579040527343,1743.9585,2,0.0018177892071219,0.0018177892071219,352,80,False,80.0,False,False,False,True,4.7243681674181,10.660194521351439,50.3639925970441
ARGIGWVSGREWYFDY,H3-7_A,K1-39,True,38,352,456,0.0001958793177214,0.0014107820622267,0.0017903064329322,False,False,False,True,False,False,False,False,False,False,False,False,False,0,0,False,0.45,False,False,False,6.113258743286132,1962.1258000000005,2,0.0017903064329322,0.0017903064329322,288,81,False,81.0,False,False,False,True,1.2690080139141837,7.201934636543883,9.139377551349842
ARDLDYRGSENAFDY,H3-7_A,K1-39,True,245,759,448,0.0012629061274143,0.0030419988216763,0.0017588975481439,False,False,False,False,False,False,False,False,False,True,False,False,False,-2,-2,False,3.1600000000000006,False,False,False,4.226021194458009,1791.8276999999998,2,0.0030419988216763,0.0030419988216763,92,82,False,82.0,False,False,False,True,0.5782026454396206,2.4087100921773024,1.3927271257079237
ARDIDEYGSEGAFDY,UNK,K1-39,True,13,122,438,6.701134553627119e-05,0.0004889642374763,0.0017196364421585,False,False,False,False,False,False,False,False,False,True,False,False,False,-4,-4,False,3.393333333333333,False,False,False,4.050025558471679,1707.7046999999998,1,0.0017196364421585,0.0017196364421585,80,83,False,83.0,True,False,False,False,3.5168242217297774,7.2956493720598035,25.658041156870723
ARGPGYVSEGVYGFDI,H3-7_A,K1-39,True,1,115,435,5.154718887405475e-06,0.0004609089123752,0.0017078581103629,False,False,False,False,False,False,False,False,False,False,False,False,False,-1,-1,False,1.69375,False,False,False,4.370375442504883,1686.8178,1,0.0017078581103629,0.0017078581103629,388,84,False,84.0,False,False,False,True,3.7053331171897304,89.24181982085382,330.67784473761594
ARGHGTVTPRSYGFDI,H3-7_A,K1-39,True,4,128,426,2.06188755496219e-05,0.0005130116589915,0.0016725231149761,False,False,False,False,False,False,False,False,False,False,False,False,False,1,2,False,2.2437500000000004,False,False,False,8.796192932128907,1733.8811,2,0.0016725231149761,0.0016725231149761,261,85,False,85.0,True,True,False,False,3.2601413325588484,24.868619608348105,81.07679504648304
ARGTGVIFDREYSFDI,H3-7_A,K4-1,True,167,988,397,0.0008608380541967,0.0039598087428408,0.0015586659076186,False,False,False,False,False,False,False,False,False,True,False,False,False,-1,-1,False,1.3375,False,False,False,4.558281326293945,1846.0042,2,0.0039598087428408,0.0039598087428408,517,86,False,86.0,False,False,False,True,0.3936205187261685,4.5998927726402234,1.8106167517252139
ARDIDEYGSEGAFDY,H1-69,K1-39,True,10,158,392,5.154718887405476e-05,0.0006332487665676,0.0015390353546259,False,False,False,False,False,False,False,False,False,True,False,False,False,-4,-4,False,3.393333333333333,False,False,False,4.050025558471679,1707.7046999999998,1,0.0015390353546259,0.0015390353546259,80,87,False,87.0,True,False,False,False,2.430341964261791,12.282453337681316,29.851033158256463
ARGYGTILDREYSFDI,H3-7_A,K3-20,True,10,362,375,5.154718887405476e-05,0.0014508610980854,0.0014722914744508,False,False,False,False,False,False,False,False,False,True,False,False,False,-1,-1,False,1.4500000000000002,False,False,False,4.558281326293945,1876.0302,2,0.0014722914744508,0.0014722914744508,771,88,False,88.0,False,False,False,True,1.01476380389248,28.1408108116523,28.556473046801518
ARGTGYVTAPNQWYFDI,H3-7_A,K3-20,True,8,312,351,4.12377510992438e-05,0.0012504659187918,0.0013780648200859,False,False,False,True,False,False,False,False,False,False,False,False,False,0,0,False,1.211764705882353,False,False,False,5.87944984436035,1959.1203,1,0.0013780648200859,0.0013780648200859,702,89,False,89.0,False,False,False,True,1.1020322737741126,30.31597809497849,33.409453445600434
ARGTGVISPYGEYGFDY,UNK,K1-39,True,19,212,339,9.793965886070404e-05,0.0008496755602047,0.0013309514929035,False,False,False,False,False,False,False,False,False,False,False,False,False,-1,-1,False,2.0058823529411764,False,False,False,4.370375442504883,1851.9639,1,0.0013309514929035,0.0013309514929035,699,91,False,91.0,True,False,False,False,1.5664047445773432,8.674614797924297,13.588117696216482
ARGSGYVDASSYGFDI,H3-7_A,K1-39,True,130,246,324,0.0006701134553627,0.0009859442821243,0.0012720598339255,False,False,False,False,False,False,False,False,False,False,False,False,False,-1,-1,False,2.5187500000000003,False,False,False,4.207874679565429,1664.7262,1,0.0012720598339255,0.0012720598339255,290,92,False,92.0,False,False,False,True,1.290181357278319,1.4712875280431184,1.8982469927679306
ARGPGYVTSFAYGFDI,H3-7_A,K1-39,True,61,769,321,0.0003144378521317,0.003082077857535,0.0012602815021299,False,False,False,False,False,False,False,False,False,False,False,False,False,0,0,False,0.9625,False,False,False,5.87944984436035,1720.8771000000002,1,0.003082077857535,0.003082077857535,488,93,False,93.0,False,False,False,True,0.40890511899224413,9.801554809934384,4.007918939774018
ARGTGVISPYGEYGFDY,H1-69,K1-39,True,20,304,296,0.0001030943777481,0.0012184026901048,0.0011621287371665,False,False,False,False,False,False,False,False,False,False,False,False,False,-1,-1,False,2.0058823529411764,False,False,False,4.370375442504883,1851.9639,1,0.0012184026901048,0.0012184026901048,699,94,False,94.0,True,False,False,False,0.953805509910227,11.81717708516264,11.271381124143545
AREEGYPISGEFDY,H1-69,K3-15,True,23,203,278,0.0001185585344103,0.0008136044279318,0.0010914587463928,False,False,False,False,False,False,False,False,False,True,False,False,False,-3,-3,False,2.7642857142857147,False,False,False,4.050025558471679,1632.6812,1,0.0010914587463928,0.0010914587463928,128,95,False,95.0,True,True,False,False,1.3414938439172932,6.861891580074406,9.205298453094361
ARGSGYVASGSYGFDI,H3-7_A,K3-20,True,4,95,276,2.06188755496219e-05,0.0003807508406577,0.0010836065251958,False,False,False,False,False,False,False,False,False,False,False,False,False,0,0,False,2.25,False,False,False,5.87944984436035,1606.6901,1,0.0010836065251958,0.0010836065251958,235,96,False,96.0,False,False,False,True,2.8458980270241367,18.457178615568246,52.528627776595464
ARGLGIVTPRSYGFDI,UNK,K3-15,True,7,78,262,3.6083032211838326e-05,0.0003126164796979,0.0010286409768163,False,False,False,False,False,False,False,False,False,False,False,False,False,1,1,False,0.7125000000000001,False,False,False,8.79022674560547,1721.9531,2,0.0010286409768163,0.0010286409768163,261,97,False,97.0,False,False,False,False,3.290319418272904,8.661408048597352,28.499710713662655
ARGYPPWGYGQYEAFDY,UNK,K1-39,True,20,165,259,0.0001030943777481,0.0006613040916687,0.0010168626450207,False,False,False,False,False,False,False,False,False,False,False,False,False,-1,-1,False,1.5705882352941178,False,False,False,4.370324325561524,2040.1482,1,0.0010168626450207,0.0010168626450207,789,98,False,98.0,True,False,False,False,1.5376394633521884,6.413928352143967,9.862458483625723
ARGYPPWGYGQYEAFDY,H1-69,K1-39,True,53,204,247,0.0002732001010324,0.0008176123315177,0.0009697493178382,False,False,False,False,False,False,False,False,False,False,False,False,False,-1,-1,False,1.5705882352941178,False,False,False,4.370324325561524,2040.1482,1,0.0009697493178382,0.0009697493178382,789,99,False,99.0,True,False,False,False,1.1860602144245698,2.9926138471020125,3.549463633202923
ARGHGQVTPRSYGFDI,H3-7_A,K3-20,True,14,98,229,7.216606442367665e-05,0.0003927745514153,0.0008990793270646,False,False,False,False,False,False,False,False,False,False,False,False,False,1,2,False,2.29375,False,False,False,8.796192932128907,1760.9064,2,0.0008990793270646,0.0008990793270646,261,100,False,100.0,False,False,False,False,2.2889885150141334,5.441894824157996,12.45675189197024
AREEGYPISGEFDY,H1-69,K3-20,True,26,194,205,0.0001340226910725,0.000777533295659,0.0008048526726997,False,False,False,False,False,False,False,False,False,True,False,False,False,-3,-3,False,2.7642857142857147,False,False,False,4.050025558471679,1632.6812,1,0.0008048526726997,0.0008048526726997,128,102,False,102.0,True,True,False,False,1.0351226448651378,5.801072032780587,6.00489825474253
ARGLGIVTPRSYGFDI,H1-69,K3-15,True,9,87,204,4.639246998664928e-05,0.0003486876119708,0.0008009265621012,False,False,False,False,False,False,False,False,False,False,False,False,False,1,1,False,0.7125000000000001,False,False,False,8.79022674560547,1721.9531,2,0.0008009265621012,0.0008009265621012,261,103,False,103.0,False,False,False,False,2.296908652670296,7.514419212406644,17.260429505835337
ARGIGNVRPGEYLFDY,H1-69,K3-20,True,4,59,199,2.06188755496219e-05,0.0002364663115664,0.0007812960091085,False,False,False,False,False,False,False,False,False,False,False,False,False,0,0,False,1.2875,False,False,False,6.113258743286132,1827.0041,2,0.0007812960091085,0.0007812960091085,278,104,False,104.0,True,False,False,False,3.303908133263997,11.462879350723219,37.87390191138266
ARGHGQVTPRSYGFDI,UNK,K3-15,True,15,121,190,7.732078331108213e-05,0.0004849563338904,0.0007459610137217,False,False,False,False,False,False,False,False,False,False,False,False,False,1,2,False,2.29375,False,False,False,8.796192932128907,1760.9064,2,0.0007459610137217,0.0007459610137217,261,105,False,105.0,False,False,False,False,1.5381707174137236,6.271193865184886,9.646365674596725
ARGLGYTDRPGAYGFDI,H3-7_A,K3-20,True,893,5050,188,0.004603163966453,0.0202399131086502,0.0007381087925246,False,False,False,False,False,False,False,False,False,False,False,False,False,0,0,False,1.911764705882353,False,False,False,6.004021835327148,1828.977,2,0.0202399131086502,0.0202399131086502,341,106,False,106.0,False,False,False,True,0.0364679642586757,4.396947249040465,0.16034779434880966
ARGTGYTSSPGVYGFDI,UNK,K3-15,True,2,44,181,1.030943777481095e-05,0.0001763477577783,0.0007106260183349,False,False,False,False,False,False,False,False,False,False,False,False,False,0,0,False,2.3470588235294123,False,False,False,5.87944984436035,1747.8579,1,0.0007106260183349,0.0007106260183349,728,108,False,108.0,True,False,False,False,4.029457094982068,17.088892013938295,68.86286189636127
ARDIDEYGSEGAFDY,H3-7_A,K3-15,True,5,63,174,2.5773594437027374e-05,0.0002524979259098,0.0006831432441451,False,False,False,False,False,False,False,False,False,True,False,False,False,-4,-4,False,3.393333333333333,False,False,False,4.050025558471679,1707.7046999999998,1,0.0006831432441451,0.0006831432441451,80,109,False,109.0,True,True,False,False,2.705432875755076,9.792968413558045,26.49526798187803
ARGHGQVTPRSYGFDI,H1-69,K3-15,True,27,183,172,0.0001391774099599,0.0007334463562144,0.0006752910229481,False,False,False,False,False,False,False,False,False,False,False,False,False,1,2,False,2.29375,False,False,False,8.796192932128907,1760.9064,2,0.0007334463562144,0.0007334463562144,261,110,False,110.0,False,False,False,False,0.9206969402153528,5.269487782161522,4.851667425542669
ARGIGNVRPGEYLFDY,UNK,K3-20,True,4,37,171,2.06188755496219e-05,0.0001482924326772,0.0006713649123495,False,False,False,False,False,False,False,False,False,False,False,False,False,0,0,False,1.2875,False,False,False,6.113258743286132,1827.0041,2,0.0006713649123495,0.0006713649123495,278,111,False,111.0,True,False,False,False,4.52699864884088,7.188585355536648,32.5449106876698
ARGTGYTSSPGVYGFDI,H1-69,K3-15,True,3,25,162,1.5464156662216426e-05,0.0001001975896467,0.0006360299169627,False,False,False,False,False,False,False,False,False,False,False,False,False,0,0,False,2.3470588235294123,False,False,False,5.87944984436035,1747.8579,1,0.0006360299169627,0.0006360299169627,728,112,False,112.0,True,False,False,False,6.347123199002577,6.475156729630026,41.1027192529146
ARGPGYVTNDREYLFDY,H1-69,K3-20,True,1,44,156,5.154718887405475e-06,0.0001763477577783,0.0006124732533715,False,False,False,False,False,False,False,False,False,True,False,False,False,-1,-1,False,2.1294117647058823,False,False,False,4.558281326293945,2036.1597,2,0.0006124732533715,0.0006124732533715,486,113,False,113.0,True,False,False,False,3.4729022476087636,34.14469627927596,118.58791673348543
ARDVDPWYGYDAFDY,H3-7_A,K1-39,True,10,198,155,5.154718887405476e-05,0.0007935649100025,0.000608547142773,False,False,False,False,True,False,False,False,False,True,False,False,False,-3,-3,False,1.84,False,False,False,4.050025558471679,1852.9072,1,0.0007935649100025,0.0007935649100025,116,114,False,114.0,False,False,False,False,0.7668427203313205,15.39193519532341,11.803342192678013
ARGTGYTTVSGVYGFDI,UNK,K3-15,True,24,311,142,0.0001237132532977,0.0012464580152059,0.000557507704992,False,False,False,False,False,False,False,False,False,False,False,False,False,0,0,False,1.9294117647058824,False,False,False,5.87944984436035,1763.9003000000002,1,0.0012464580152059,0.0012464580152059,721,116,False,116.0,False,False,False,False,0.44726996456455986,10.074565467549595,4.506086690515146
ARGPGYVTNDREYLFDY,UNK,K3-20,True,1,15,139,5.154718887405475e-06,6.011855378807007e-05,0.0005457293731964,False,False,False,False,False,False,False,False,False,True,False,False,False,-1,-1,False,2.1294117647058823,False,False,False,4.558281326293945,2036.1597,2,0.0005457293731964,0.0005457293731964,486,117,False,117.0,True,False,False,False,9.076043556941103,11.640237367937553,105.66487452534908
ARGLGTIGDRVYGFDY,H3-7_A,K3-15,True,18,332,137,9.278493997329856e-05,0.0013306239905092,0.0005378771519993,False,False,False,False,False,False,False,False,False,False,False,False,False,0,0,False,1.5375,False,False,False,6.004021835327148,1759.9149,2,0.0013306239905092,0.0013306239905092,227,118,False,118.0,False,False,False,True,0.4042262228649878,14.339402459790186,5.796406055697351
ARGIGNVRPGEYLFDY,H3-7_A,K1-39,True,1,42,130,5.154718887405475e-06,0.0001683319506065,0.0005103943778096,False,False,False,False,False,False,False,False,False,False,False,False,False,0,0,False,1.2875,False,False,False,6.113258743286132,1827.0041,2,0.0005103943778096,0.0005103943778096,278,119,False,119.0,True,True,False,False,3.031890601069777,32.59266463020652,98.82326394457442
ARGYGSVSEGIYGFDI,UNK,K3-15,True,19,147,129,9.793965886070404e-05,0.000589161827123,0.000506468267211,False,False,False,False,False,False,False,False,False,False,False,False,False,-1,-1,False,1.7000000000000002,False,False,False,4.370375442504883,1690.8065,1,0.000589161827123,0.000589161827123,768,120,False,120.0,False,False,False,False,0.85962743616603,6.014945166484527,5.170699654311789
ARGLGIVTPRSYGFDI,H3-7_A,K1-39,True,6,47,127,3.092831332443285e-05,0.0001883714685359,0.000498616046014,False,False,False,False,False,False,False,False,False,False,False,False,False,1,1,False,0.7125000000000001,False,False,False,8.79022674560547,1721.9531,2,0.000498616046014,0.000498616046014,261,121,False,121.0,False,False,False,False,2.646842334807356,6.088614675291227,16.116458605396208
ARGPGYIYGSREYLFDY,UNK,K3-15,True,3,21,124,1.5464156662216426e-05,8.41659753032981e-05,0.0004868377142184,False,False,False,False,False,False,False,False,False,False,False,False,False,0,0,False,1.1764705882352944,False,False,False,6.111520767211914,2027.1942,2,0.0004868377142184,0.0004868377142184,448,122,False,122.0,True,False,False,False,5.783570816545386,5.439131652893752,31.461340662727157
ARGTGYVTNDRTYGFDI,UNK,K3-15,True,1,29,122,5.154718887405475e-06,0.0001162292039902,0.0004789854930213,False,False,False,False,False,False,False,False,False,False,False,False,False,0,0,False,2.676470588235294,False,False,False,6.004021835327148,1906.0164,2,0.0004789854930213,0.0004789854930213,722,123,False,123.0,True,False,False,False,4.120688000080272,22.504458911332613,92.74183231721273
AREEGYPISGEFDY,H1-69,UNK,True,14,91,117,7.216606442367665e-05,0.0003647192263142,0.0004593549400286,False,False,False,False,False,False,False,False,False,True,False,False,False,-3,-3,False,2.7642857142857147,False,False,False,4.050025558471679,1632.6812,1,0.0004593549400286,0.0004593549400286,128,125,False,125.0,True,True,False,False,1.2594409959153743,5.053188051003755,6.364366687163303
ARGHGQVTPRSYGFDI,H3-7_A,K1-39,True,19,89,116,9.793965886070404e-05,0.0003567034191425,0.0004554288294301,False,False,False,False,False,False,False,False,False,False,False,False,False,1,2,False,2.29375,False,False,False,8.796192932128907,1760.9064,2,0.0004554288294301,0.0004554288294301,261,126,False,126.0,False,False,False,False,1.2767359033615866,3.641701495354612,4.649621394575488
ARGIGNVRPGEYLFDY,H3-7_A,UNK,True,1,29,115,5.154718887405475e-06,0.0001162292039902,0.0004515027188315,False,False,False,False,False,False,False,False,False,False,False,False,False,0,0,False,1.2875,False,False,False,6.113258743286132,1827.0041,2,0.0004515027188315,0.0004515027188315,278,127,False,127.0,True,True,False,False,3.8842550820424213,22.504458911332613,87.42057964326398
ARGTGVISPYGEYGFDY,H3-7_A,K3-15,True,9,103,114,4.639246998664928e-05,0.0004128140693447,0.000447576608233,False,False,False,False,False,False,False,False,False,False,False,False,False,-1,-1,False,2.0058823529411764,False,False,False,4.370375442504883,1851.9639,1,0.000447576608233,0.000447576608233,699,128,False,128.0,True,True,False,False,1.084182443488493,8.896381366411596,9.645534135613358
ARGYGSVSEGIYGFDI,H1-69,K3-15,True,33,133,107,0.0001701057232843,0.0005330511769208,0.0004200938340433,False,False,False,False,False,False,False,False,False,False,False,False,False,-1,-1,False,1.7000000000000002,False,False,False,4.370375442504883,1690.8065,1,0.0005330511769208,0.0005330511769208,768,130,False,130.0,False,False,False,False,0.7880780897793945,3.133462131715813,2.469459177158085
ARGPGHIYPRSYGFDI,H3-7_A,K3-15,True,157,1084,105,0.0008092908653226,0.0043445674870845,0.0004122416128462,False,False,False,False,False,False,False,False,False,False,False,False,False,1,2,False,1.3375,False,False,False,8.638685607910158,1805.9883,2,0.0043445674870845,0.0043445674870845,380,131,False,131.0,False,False,False,True,0.09488646803324516,5.368297098450139,0.5093799234749045
ARARGWASWSPFDY,H3-7_A,K3-15,True,1,1,105,5.154718887405475e-06,4.0079035858713385e-06,0.0004122416128462,False,False,False,False,False,False,False,False,False,False,False,False,False,1,1,False,1.0285714285714287,False,False,False,8.79022674560547,1669.7957,2,0.0004122416128462,0.0004122416128462,49,132,False,132.0,True,False,False,False,102.60117099270803,0.7760158245291703,79.81879010907636
ARDIDEYGSEGAFDY,H3-7_A,K3-20,True,11,36,104,5.670190776146023e-05,0.0001442845290913,0.0004083155022476,False,False,False,False,False,False,False,False,False,True,False,False,False,-4,-4,False,3.393333333333333,False,False,False,4.050025558471679,1707.7046999999998,1,0.0004083155022476,0.0004083155022476,80,133,False,133.0,True,True,False,False,2.8297365452382817,2.544166380333824,7.199819550508568
ARGTGVISPYGEYGFDY,H3-7_A,K3-20,True,11,76,103,5.670190776146023e-05,0.0003046006725262,0.0004043893916491,False,False,False,False,False,False,False,False,False,False,False,False,False,-1,-1,False,2.0058823529411764,False,False,False,4.370375442504883,1851.9639,1,0.0004043893916491,0.0004043893916491,699,134,False,134.0,True,True,False,False,1.32756146820272,5.371017914040229,7.130590516369673
ARGTGYVTNDRTYGFDI,H1-69,K3-15,True,2,30,101,1.030943777481095e-05,0.0001202371075761,0.000396537170452,False,False,False,False,False,False,False,False,False,False,False,False,False,0,0,False,2.676470588235294,False,False,False,6.004021835327148,1906.0164,2,0.000396537170452,0.000396537170452,722,135,False,135.0,True,False,False,False,3.297685727709052,11.651517282229333,38.42623785376374
ARGTGYVSPAGAYGFDI,H1-69,K3-20,True,8,151,100,4.12377510992438e-05,0.0006051934414665,0.0003926110598535,False,False,False,False,False,False,False,False,False,False,False,False,False,0,0,False,1.9058823529411768,False,False,False,5.87944984436035,1701.8325,1,0.0006051934414665,0.0006051934414665,348,136,False,136.0,False,False,False,False,0.6487257555940918,14.672156065196852,9.518362805013574
ARGTGYLGVDNQWYFDI,H1-69,K1-39,True,3,120,99,1.5464156662216426e-05,0.0004809484303045,0.000388684949255,False,False,False,True,False,False,False,False,False,False,False,False,False,-1,-1,False,1.0411764705882354,False,False,False,4.207874679565429,1975.1196,1,0.0004809484303045,0.0004809484303045,719,137,False,137.0,True,False,False,False,0.8081466604274289,31.080752302246097,25.11832843233778
ARGPGYIGIGEYAFDY,H1-69,K3-15,True,23,93,98,0.0001185585344103,0.000372735033486,0.0003847588386564,False,False,False,False,False,False,False,False,False,False,False,False,False,-1,-1,False,1.2625000000000002,False,False,False,4.370375442504883,1748.8872,1,0.0003847588386564,0.0003847588386564,434,139,False,139.0,True,False,False,False,1.0322306243977124,3.1436252066350976,3.245033267637119
ARGTGYTTVSGVYGFDI,H1-69,K3-15,True,27,254,95,0.0001391774099599,0.0010180075108113,0.0003729805068608,False,False,False,False,False,False,False,False,False,False,False,False,False,0,0,False,1.9294117647058824,False,False,False,5.87944984436035,1763.9003000000002,1,0.0010180075108113,0.0010180075108113,721,141,False,141.0,False,False,False,False,0.3663792645016062,7.313933861579785,2.6797000315492325
ARGTGEIGDRVYGFDI,H3-7_A,K3-15,True,1,24,95,5.154718887405475e-06,9.618968606091212e-05,0.0003729805068608,False,False,False,False,False,False,False,False,False,False,False,False,False,-1,-1,False,2.21875,False,False,False,4.558281326293945,1725.8557,2,0.0003729805068608,0.0003729805068608,295,142,False,142.0,True,True,False,False,3.8771488986422953,18.624379788700086,72.21700057486939
ARGPGYVTNDREYLFDY,H3-7_A,K1-39,True,2,17,94,1.030943777481095e-05,6.813436095981275e-05,0.0003690543962623,False,False,False,False,False,False,False,False,False,True,False,False,False,-1,-1,False,2.1294117647058823,False,False,False,4.558281326293945,2036.1597,2,0.0003690543962623,0.0003690543962623,486,143,False,143.0,True,True,False,False,5.415773089132717,6.60252645993216,35.763033250041666
ARGTGYLGVDNQWYFDI,UNK,K1-39,True,4,93,92,2.06188755496219e-05,0.000372735033486,0.0003612021750652,False,False,False,True,False,False,False,False,False,False,False,False,False,-1,-1,False,1.0411764705882354,False,False,False,4.207874679565429,1975.1196,1,0.000372735033486,0.000372735033486,719,144,False,144.0,True,False,False,False,0.9690328310672621,18.068606434189853,17.509542592195256
ARDVDPWYGYDAFDY,UNK,K1-39,True,4,98,91,2.06188755496219e-05,0.0003927745514153,0.0003572760644667,False,False,False,False,True,False,False,False,False,True,False,False,False,-3,-3,False,1.84,False,False,False,4.050025558471679,1852.9072,1,0.0003927745514153,0.0003927745514153,116,145,False,145.0,False,False,False,False,0.9095980561846078,19.040036887638262,17.319221477064385
ARGIGNVRPGEYLFDY,H3-7_A,K3-15,True,2,26,91,1.030943777481095e-05,0.0001042054932326,0.0003572760644667,False,False,False,False,False,False,False,False,False,False,False,False,False,0,0,False,1.2875,False,False,False,6.113258743286132,1827.0041,2,0.0003572760644667,0.0003572760644667,278,146,False,146.0,True,True,False,False,3.4282432811529344,10.097981644596818,34.621659848445105
ARGTGYVSPAGAYGFDI,H3-7_A,K3-15,True,7,83,87,3.6083032211838326e-05,0.0003326559976273,0.0003415716220725,False,False,False,False,False,False,False,False,False,False,False,False,False,0,0,False,1.9058823529411768,False,False,False,5.87944984436035,1701.8325,1,0.0003415716220725,0.0003415716220725,348,147,False,147.0,False,False,False,False,1.0267704680030971,9.216626513252343,9.463644397282483
ARGTGYTSSPGVYGFDI,H3-7_A,K1-39,True,4,18,87,2.06188755496219e-05,7.21422645456841e-05,0.0003415716220725,False,False,False,False,False,False,False,False,False,False,False,False,False,0,0,False,2.3470588235294123,False,False,False,5.87944984436035,1747.8579,1,0.0003415716220725,0.0003415716220725,728,148,False,148.0,True,True,False,False,4.73403883056546,3.4971496324241658,16.557937016531206
ARGPGYVTNDREYLFDY,H3-7_A,K3-15,True,1,7,86,5.154718887405475e-06,2.8055325101099366e-05,0.000337645511474,False,False,False,False,False,False,False,False,False,True,False,False,False,-1,-1,False,2.1294117647058823,False,False,False,4.558281326293945,2036.1597,2,0.000337645511474,0.000337645511474,486,149,False,149.0,True,True,False,False,12.030700170324193,5.432110771704191,65.37538999409475
ARGPGIILDRSYQFDI,H1-69,K3-20,True,12,85,82,6.18566266488657e-05,0.000340671804799,0.0003219410690799,False,False,False,False,False,False,False,False,False,False,False,False,False,0,0,False,0.7625000000000002,False,False,False,6.004890823364257,1821.0411,2,0.000340671804799,0.000340671804799,381,151,False,151.0,True,False,False,False,0.9449905000645489,5.5065521308045335,5.203792198128564
ARGPGYIGIGEYAFDY,UNK,K3-15,True,11,79,82,5.670190776146023e-05,0.0003166243832838,0.0003219410690799,False,False,False,False,False,False,False,False,False,False,False,False,False,-1,-1,False,1.2625000000000002,False,False,False,4.370375442504883,1748.8872,1,0.0003219410690799,0.0003219410690799,434,152,False,152.0,True,False,False,False,1.0167596637518157,5.5830317790679,5.676780799440533
ARGPGIIDARSYGFDI,H3-7_A,K3-20,True,149,1029,81,0.0007680531142234,0.0041241327898616,0.0003180149584813,False,False,False,False,False,False,False,False,False,False,False,False,False,0,0,False,1.4500000000000002,False,False,False,6.004890823364257,1707.8835,2,0.0041241327898616,0.0041241327898616,381,153,False,153.0,False,False,False,True,0.07711055962055381,5.369523302823325,0.4140479507375505
ARGYPPWGYGQYEAFDY,H3-7_A,K3-15,True,9,90,81,4.639246998664928e-05,0.0003607113227284,0.0003180149584813,False,False,False,False,False,False,False,False,False,False,False,False,False,-1,-1,False,1.5705882352941178,False,False,False,4.370324325561524,2040.1482,1,0.0003607113227284,0.0003607113227284,789,154,False,154.0,True,True,False,False,0.8816084285672928,7.773537116282437,6.853405833198058
ARGPGYIYGSREYLFDY,H1-69,K3-15,True,4,23,81,2.06188755496219e-05,9.218178247504078e-05,0.0003180149584813,False,False,False,False,False,False,False,False,False,False,False,False,False,0,0,False,1.1764705882352944,False,False,False,6.111520767211914,2027.1942,2,0.0003180149584813,0.0003180149584813,448,155,False,155.0,True,False,False,False,3.449493544258098,4.468580085875322,15.416010325736284
ARGTGYIAEPRTYGFDI,UNK,K3-15,True,9,67,80,4.639246998664928e-05,0.0002685295402533,0.0003140888478828,False,False,False,False,False,False,False,False,False,False,False,False,False,0,0,False,1.823529411764706,False,False,False,6.113258743286132,1887.0562,2,0.0003140888478828,0.0003140888478828,709,157,False,157.0,True,False,False,False,1.16961862519961,5.786966519897758,6.768795884640802
ARGPGYTSATSGEYSFDY,UNK,K3-15,True,4,35,80,2.06188755496219e-05,0.0001402766255054,0.0003140888478828,False,False,False,False,False,False,False,False,False,False,False,False,False,-1,-1,False,3.355555555555556,False,False,False,4.370375442504883,1928.9604,1,0.0003140888478828,0.0003140888478828,458,158,False,158.0,True,False,False,False,2.238907998187681,6.800013174153405,15.225689210605413
ARGTGYISVSSYLFDI,H3-7_A,K3-20,True,1,60,79,5.154718887405475e-06,0.0002404742151522,0.0003101627372843,False,False,False,False,False,False,False,False,False,False,False,False,False,0,0,False,0.6562500000000001,False,False,False,5.87944984436035,1748.9287000000002,1,0.0003101627372843,0.0003101627372843,447,160,False,160.0,False,False,False,True,1.2897426015591136,46.560949471734666,60.05413732016535
ARGPGYIGIGEYAFDY,H3-7_A,K1-39,True,7,58,79,3.6083032211838326e-05,0.0002324584079805,0.0003101627372843,False,False,False,False,False,False,False,False,False,False,False,False,False,-1,-1,False,1.2625000000000002,False,False,False,4.370375442504883,1748.8872,1,0.0003101627372843,0.0003101627372843,434,161,False,161.0,True,True,False,False,1.334214571256139,6.440534189982931,8.59342422282183
ARGPGYVTNDREYLFDY,H3-7_A,UNK,True,1,17,79,5.154718887405475e-06,6.813436095981275e-05,0.0003101627372843,False,False,False,False,False,False,False,False,False,True,False,False,False,-1,-1,False,2.1294117647058823,False,False,False,4.558281326293945,2036.1597,2,0.0003101627372843,0.0003101627372843,486,162,False,162.0,True,True,False,False,4.551553979165121,13.192269016995892,60.05413732016535
ARGTGYVSPAGAYGFDI,UNK,K3-20,True,6,99,78,3.092831332443285e-05,0.0003967824550012,0.0003062366266857,False,False,False,False,False,False,False,False,False,False,False,False,False,0,0,False,1.9058823529411768,False,False,False,5.87944984436035,1701.8325,1,0.0003967824550012,0.0003967824550012,348,163,False,163.0,False,False,False,False,0.7717803673579778,12.82495431604055,9.89829741118616
ARGPGIILDRSYQFDI,UNK,K3-20,True,11,57,76,5.670190776146023e-05,0.0002284505043946,0.0002983844054887,False,False,False,False,False,False,False,False,False,False,False,False,False,0,0,False,0.7625000000000002,False,False,False,6.004890823364257,1821.0411,2,0.0002983844054887,0.0002983844054887,381,166,False,166.0,True,False,False,False,1.3060655988631038,4.02826343552929,5.261406594603637
ARGPGIILDRSYQFDI,H3-7_A,K1-39,True,6,56,75,3.092831332443285e-05,0.0002244426008087,0.0002944582948901,False,False,False,False,False,False,False,False,False,False,False,False,False,0,0,False,0.7625000000000002,False,False,False,6.004890823364257,1821.0411,2,0.0002944582948901,0.0002944582948901,381,168,False,168.0,True,True,False,False,1.3118952234421448,7.2545196131119205,9.517593664602202
ARGTGYIAEPRTYGFDI,H1-69,K3-15,True,9,67,74,4.639246998664928e-05,0.0002685295402533,0.0002905321842916,False,False,False,False,False,False,False,False,False,False,False,False,False,0,0,False,1.823529411764706,False,False,False,6.113258743286132,1887.0562,2,0.0002905321842916,0.0002905321842916,709,169,False,169.0,True,False,False,False,1.0818972283096764,5.786966519897758,6.261136193292958
ARGPGWIGDREYSFDI,H1-69,K3-15,True,9,19,74,4.639246998664928e-05,7.615016813155543e-05,0.0002905321842916,False,False,False,False,False,False,False,False,False,True,False,False,False,-1,-1,False,1.68125,False,False,False,4.558281326293945,1838.9719,2,0.0002905321842916,0.0002905321842916,390,170,False,170.0,True,False,False,False,3.814752401672074,1.6410800578819407,6.261136193292958
ARGPGWIGDREYSFDI,H3-7_A,K3-20,True,2,14,74,1.030943777481095e-05,5.611065020219873e-05,0.0002905321842916,False,False,False,False,False,False,False,False,False,True,False,False,False,-1,-1,False,1.68125,False,False,False,4.558281326293945,1838.9719,2,0.0002905321842916,0.0002905321842916,390,171,False,171.0,True,True,False,False,5.17692120894596,5.437374731708838,28.153877239394713
ARGYGSVSEGIYGFDI,H3-7_A,K3-20,True,7,70,73,3.6083032211838326e-05,0.0002805532510109,0.000286606073693,False,False,False,False,False,False,False,False,False,False,False,False,False,-1,-1,False,1.7000000000000002,False,False,False,4.370375442504883,1690.8065,1,0.000286606073693,0.000286606073693,768,172,False,172.0,False,False,False,False,1.0215381831381232,7.773058505150476,7.940759091972182
ARARGWASWSPFDY,H1-69,K1-39,True,1,1,72,5.154718887405475e-06,4.0079035858713385e-06,0.0002826799630945,False,False,False,False,False,False,False,False,False,False,False,False,False,1,1,False,1.0285714285714287,False,False,False,8.79022674560547,1669.7957,2,0.0002826799630945,0.0002826799630945,49,175,False,175.0,True,True,False,False,70.35508868070485,0.7760158245291703,54.732884646216604
ARGTGYVSPAGAYGFDI,H3-7_A,K1-39,True,8,105,70,4.12377510992438e-05,0.0004208298765164,0.0002748277418974,False,False,False,False,False,False,False,False,False,False,False,False,False,0,0,False,1.9058823529411768,False,False,False,5.87944984436035,1701.8325,1,0.0004208298765164,0.0004208298765164,348,176,False,176.0,False,False,False,False,0.6530458666900831,10.202492628116035,6.66285396350829
ARGPGYTKSGSYGFDI,H1-69,K4-1,True,13,102,70,6.701134553627119e-05,0.0004088061657588,0.0002748277418974,False,False,False,False,False,False,False,False,False,False,False,False,False,1,1,False,2.75625,False,False,False,8.54006805419922,1675.7953,1,0.0004088061657588,0.0004088061657588,454,177,False,177.0,False,False,False,False,0.6722526282376694,6.099641278278408,4.100600184886864
ARGTGEIGDRVYGFDI,H1-69,K1-39,True,2,28,70,1.030943777481095e-05,0.0001122213004043,0.0002748277418974,False,False,False,False,False,False,False,False,False,False,False,False,False,-1,-1,False,2.21875,False,False,False,4.558281326293945,1725.8557,2,0.0002748277418974,0.0002748277418974,295,178,False,178.0,True,False,False,False,2.448761984467484,10.87474946340823,26.632046037259506
ARGPGVITTRSYGFDI,H3-7_A,K3-15,True,5,76,69,2.5773594437027374e-05,0.0003046006725262,0.0002709016312989,False,False,False,False,False,False,False,False,False,False,False,False,False,1,1,False,1.6125,False,False,False,8.79022674560547,1709.8994,2,0.0003046006725262,0.0003046006725262,417,179,False,179.0,False,False,False,False,0.8893372942328519,11.813739673502164,10.50674419970952
ARGTGYTSSPGVYGFDI,H3-7_A,K3-20,True,6,21,69,3.092831332443285e-05,8.41659753032981e-05,0.0002709016312989,False,False,False,False,False,False,False,False,False,False,False,False,False,0,0,False,2.3470588235294123,False,False,False,5.87944984436035,1747.8579,1,0.0002709016312989,0.0002709016312989,728,180,False,180.0,True,True,False,False,3.218277309206132,2.720444854918121,8.756186171434285
ARGSGYVDYRSYQFDI,H1-69,K1-39,True,12,13,67,6.18566266488657e-05,5.21027466163274e-05,0.0002630494101018,False,False,False,False,False,False,False,False,False,False,False,False,False,0,0,False,2.1437500000000003,False,False,False,6.003152847290039,1897.0078,2,0.0002630494101018,0.0002630494101018,660,181,False,181.0,False,False,False,False,5.047698062020477,0.8421785611820276,4.251878991152703
ARGSGYVDYRSYQFDI,UNK,K1-39,True,8,10,67,4.12377510992438e-05,4.0079035858713385e-05,0.0002630494101018,False,False,False,False,False,False,False,False,False,False,False,False,False,0,0,False,2.1437500000000003,False,False,False,6.003152847290039,1897.0078,2,0.0002630494101018,0.0002630494101018,660,182,False,182.0,False,False,False,False,6.561629744074426,0.9716659645826886,6.377303079358005
ARGTGYTTVSGVYGFDI,H3-7_A,K1-39,True,14,137,66,7.216606442367665e-05,0.0005490827912643,0.0002591232995033,False,False,False,False,False,False,False,False,False,False,False,False,False,0,0,False,1.9294117647058824,False,False,False,5.87944984436035,1763.9003000000002,1,0.0005490827912643,0.0005490827912643,721,183,False,183.0,False,False,False,False,0.4719116761789242,7.607546846017539,3.590155567117582
ARGTGYLGVDNQWYFDI,H3-7_A,K3-20,True,2,57,66,1.030943777481095e-05,0.0002284505043946,0.0002591232995033,False,False,False,True,False,False,False,False,False,False,False,False,False,-1,-1,False,1.0411764705882354,False,False,False,4.207874679565429,1975.1196,1,0.0002591232995033,0.0002591232995033,719,184,False,184.0,True,True,False,False,1.1342148621703942,22.137882836236702,25.110214835133988
ARGPGIILDRSYQFDI,H3-7_A,UNK,True,6,37,66,3.092831332443285e-05,0.0001482924326772,0.0002591232995033,False,False,False,False,False,False,False,False,False,False,False,False,False,0,0,False,0.7625000000000002,False,False,False,6.004890823364257,1821.0411,2,0.0002591232995033,0.0002591232995033,381,185,False,185.0,True,True,False,False,1.7472626363946189,4.793164744378269,8.375482424850324
ARGYGYIGDRALGFDI,H1-69,K3-15,True,2,30,66,1.030943777481095e-05,0.0001202371075761,0.0002591232995033,False,False,False,False,False,False,False,False,False,False,False,False,False,0,0,False,1.0750000000000002,False,False,False,6.004021835327148,1743.9155,2,0.0002591232995033,0.0002591232995033,781,186,False,186.0,True,False,False,False,2.1549233468198836,11.651517282229333,25.110214835133988
ARGTGLIPGPGVYGFDI,UNK,K4-1,True,15,42,65,7.732078331108213e-05,0.0001683319506065,0.0002551971889048,False,False,False,False,False,False,False,False,False,False,False,False,False,0,0,False,0.835294117647059,False,False,False,5.880318832397459,1689.9079,1,0.0002551971889048,0.0002551971889048,685,187,False,187.0,True,False,False,False,1.5159453005348884,2.1767780358481987,3.3000724676252977
ARGPGWIGDREYSFDI,H3-7_A,K1-39,True,2,16,64,1.030943777481095e-05,6.412645737394142e-05,0.0002512710783062,False,False,False,False,False,False,False,False,False,True,False,False,False,-1,-1,False,1.68125,False,False,False,4.558281326293945,1838.9719,2,0.0002512710783062,0.0002512710783062,390,188,False,188.0,True,True,False,False,3.917757366004616,6.214142550524387,24.34929923406639
ARARGWASWSPFDY,UNK,K3-15,True,1,1,64,5.154718887405475e-06,4.0079035858713385e-06,0.0002512710783062,False,False,False,False,False,False,False,False,False,False,False,False,False,1,1,False,1.0285714285714287,False,False,False,8.79022674560547,1669.7957,2,0.0002512710783062,0.0002512710783062,49,189,False,189.0,True,False,False,False,62.53785660506545,0.7760158245291703,48.6514530188549
ARGTGLIPGPGVYGFDI,H3-7_A,K3-15,True,8,56,62,4.12377510992438e-05,0.0002244426008087,0.0002434188571092,False,False,False,False,False,False,False,False,False,False,False,False,False,0,0,False,0.835294117647059,False,False,False,5.880318832397459,1689.9079,1,0.0002434188571092,0.0002434188571092,685,190,False,190.0,True,True,False,False,1.0845000513790655,5.441329401660755,5.901384939109144
ARGPGWIGDREYSFDI,UNK,K3-15,True,6,18,62,3.092831332443285e-05,7.21422645456841e-05,0.0002434188571092,False,False,False,False,False,False,False,False,False,True,False,False,False,-1,-1,False,1.68125,False,False,False,4.558281326293945,1838.9719,2,0.0002434188571092,0.0002434188571092,390,191,False,191.0,True,False,False,False,3.373682844771648,2.3318098756441037,7.867877429406125
ARGYGSVSEGIYGFDI,H3-7_A,K1-39,True,12,76,61,6.18566266488657e-05,0.0003046006725262,0.0002394927465106,False,False,False,False,False,False,False,False,False,False,False,False,False,-1,-1,False,1.7000000000000002,False,False,False,4.370375442504883,1690.8065,1,0.0003046006725262,0.0003046006725262,768,192,False,192.0,False,False,False,False,0.7862257238869426,4.923505434602272,3.871113708363005
ARDVDPWYGYDAFDY,H1-69,K3-20,True,5,58,61,2.5773594437027374e-05,0.0002324584079805,0.0002394927465106,False,False,False,False,True,False,False,False,False,True,False,False,False,-3,-3,False,1.84,False,False,False,4.050025558471679,1852.9072,1,0.0002394927465106,0.0002394927465106,116,193,False,193.0,False,False,False,False,1.0302163145139671,9.015748698198204,9.288570959162644
ARGPGIILDRSYQFDI,H3-7_A,K3-15,True,5,57,61,2.5773594437027374e-05,0.0002284505043946,0.0002394927465106,False,False,False,False,False,False,False,False,False,False,False,False,False,0,0,False,0.7625000000000002,False,False,False,6.004890823364257,1821.0411,2,0.0002394927465106,0.0002394927465106,381,194,False,194.0,True,True,False,False,1.0482894938240397,8.860304755124684,9.288570959162644
ARGTGEIGDRVYGFDI,UNK,K1-39,True,1,18,60,5.154718887405475e-06,7.21422645456841e-05,0.0002355666359121,False,False,False,False,False,False,False,False,False,False,False,False,False,-1,-1,False,2.21875,False,False,False,4.558281326293945,1725.8557,2,0.0002355666359121,0.0002355666359121,295,198,False,198.0,True,False,False,False,3.264854365907644,13.968284841525065,45.61073720518373
ARGTGEIGDRVYGFDI,H3-7_A,K3-20,True,1,18,59,5.154718887405475e-06,7.21422645456841e-05,0.0002316405253135,False,False,False,False,False,False,False,False,False,False,False,False,False,-1,-1,False,2.21875,False,False,False,4.558281326293945,1725.8557,2,0.0002316405253135,0.0002316405253135,295,200,False,200.0,True,True,False,False,3.210440126474949,13.968284841525065,44.850558251751416
ARGPGYIYGSREYLFDY,H3-7_A,K1-39,True,2,16,59,1.030943777481095e-05,6.412645737394142e-05,0.0002316405253135,False,False,False,False,False,False,False,False,False,False,False,False,False,0,0,False,1.1764705882352944,False,False,False,6.111520767211914,2027.1942,2,0.0002316405253135,0.0002316405253135,448,201,False,201.0,True,True,False,False,3.6116825717850665,6.214142550524387,22.447010231402224
ARGTGLIPGPGVYGFDI,H1-69,K4-1,True,14,51,58,7.216606442367665e-05,0.0002044030828794,0.000227714414715,False,False,False,False,False,False,False,False,False,False,False,False,False,0,0,False,0.835294117647059,False,False,False,5.880318832397459,1689.9079,1,0.000227714414715,0.000227714414715,685,202,False,202.0,True,False,False,False,1.1139913918785098,2.832006490123166,3.1549851953454606
ARGTGYTTVSGVYGFDI,H3-7_A,K3-20,True,12,99,57,6.18566266488657e-05,0.0003967824550012,0.0002237883041165,False,False,False,False,False,False,False,False,False,False,False,False,False,0,0,False,1.9294117647058824,False,False,False,5.87944984436035,1763.9003000000002,1,0.0003967824550012,0.0003967824550012,721,203,False,203.0,False,False,False,False,0.5639933453770516,6.413513658231354,3.617270186503745
ARGYPPWGYGQYEAFDY,H3-7_A,K3-20,True,11,39,57,5.670190776146023e-05,0.0001563082398489,0.0002237883041165,False,False,False,False,False,False,False,False,False,False,False,False,False,-1,-1,False,1.5705882352941178,False,False,False,4.370324325561524,2040.1482,1,0.0002237883041165,0.0002237883041165,789,204,False,204.0,True,True,False,False,1.4316199077779903,2.7561802453614965,3.946054945952286
ARGPEEWIAFRFDY,H3-7_A,K1-39,True,5,72,56,2.5773594437027374e-05,0.0002885690581827,0.0002198621935179,False,False,False,False,False,False,False,False,False,True,False,False,False,-1,-1,False,0.5500000000000002,False,False,False,4.6793262481689455,1756.9127,2,0.0002885690581827,0.0002885690581827,369,207,False,207.0,False,False,False,False,0.7618785469134937,11.191963901211963,8.527212683820363
ARGTGYLGVDNQWYFDI,H3-7_A,K3-15,True,1,54,56,5.154718887405475e-06,0.000216426793637,0.0002198621935179,False,False,False,True,False,False,False,False,False,False,False,False,False,-1,-1,False,1.0411764705882354,False,False,False,4.207874679565429,1975.1196,1,0.0002198621935179,0.0002198621935179,719,209,False,209.0,True,True,False,False,1.0158263288941758,41.904854524565074,42.57002139149319
ARGTGYVSPAGAYGFDI,H3-7_A,UNK,True,5,73,54,2.5773594437027374e-05,0.0002925769617686,0.0002120099723209,False,False,False,False,False,False,False,False,False,False,False,False,False,0,0,False,1.9058823529411768,False,False,False,5.87944984436035,1701.8325,1,0.0002925769617686,0.0002925769617686,348,211,False,211.0,False,False,False,False,0.7246049893657722,11.347407844285483,8.222669373686553
ARGYGYIGDRALGFDI,UNK,K3-15,True,6,12,54,3.092831332443285e-05,4.809484303045606e-05,0.0002120099723209,False,False,False,False,False,False,False,False,False,False,False,False,False,0,0,False,1.0750000000000002,False,False,False,6.004021835327148,1743.9155,2,0.0002120099723209,0.0002120099723209,781,212,False,212.0,True,False,False,False,4.407247980970909,1.5545399170960692,6.85266743851449
ARGPGYTKSGSYGFDI,H3-7_A,K3-15,True,6,78,52,3.092831332443285e-05,0.0003126164796979,0.0002041577511238,False,False,False,False,False,False,False,False,False,False,False,False,False,1,1,False,2.75625,False,False,False,8.54006805419922,1675.7953,1,0.0003126164796979,0.0003126164796979,454,214,False,214.0,False,False,False,False,0.6530404952295901,10.104509461122367,6.598864940790773
ARDIDEYGSEGAFDY,H3-7_A,UNK,True,2,22,52,1.030943777481095e-05,8.817387888916945e-05,0.0002041577511238,False,False,False,False,False,False,False,False,False,True,False,False,False,-4,-4,False,3.393333333333333,False,False,False,4.050025558471679,1707.7046999999998,1,0.0002041577511238,0.0002041577511238,80,215,False,215.0,True,True,False,False,2.3151368900475324,8.54444600697103,19.78380562768015
ARGTGVISLGNQWYFDI,H1-69,K1-39,True,1,22,51,5.154718887405475e-06,8.817387888916945e-05,0.0002002316405253,False,False,False,True,False,False,False,False,False,False,False,False,False,0,0,False,0.4764705882352942,False,False,False,5.880318832397459,1897.0939,1,0.0002002316405253,0.0002002316405253,688,216,False,216.0,True,False,False,False,2.2706150267777803,17.072348139641747,38.76912662440907
ARSVDEGSPSLVAFDY,H3-7_A,K3-20,True,124,196,50,0.0006391851420382,0.0007855491028307,0.0001963055299267,False,False,False,False,False,False,False,False,False,True,False,False,False,-2,-2,False,2.2375000000000003,False,False,False,4.050025558471679,1712.8106,1,0.0007855491028307,0.0007855491028307,937,217,False,217.0,False,False,False,False,0.24989275691584323,1.2289660092312675,0.30711361369352874
ARDVDPWYGYDAFDY,H1-69,K3-15,True,3,49,50,1.5464156662216426e-05,0.0001963872757076,0.0001963055299267,False,False,False,False,True,False,False,False,False,True,False,False,False,-3,-3,False,1.84,False,False,False,4.050025558471679,1852.9072,1,0.0001963872757076,0.0001963872757076,116,218,False,218.0,False,False,False,False,0.9995328561428898,12.691307190079245,12.686024460772284
ARGPGYIGIGEYAFDY,H3-7_A,K3-20,True,5,35,50,2.5773594437027374e-05,0.0001402766255054,0.0001963055299267,False,False,False,False,False,False,False,False,False,False,False,False,False,-1,-1,False,1.2625000000000002,False,False,False,4.370375442504883,1748.8872,1,0.0001963055299267,0.0001963055299267,434,219,False,219.0,True,True,False,False,1.3993174988669446,5.440538007530523,7.613582753411178
ARGHGQVTPRSYGFDI,H3-7_A,UNK,True,9,32,49,4.639246998664928e-05,0.0001282529147478,0.0001923794193282,False,False,False,False,False,False,False,False,False,False,False,False,False,1,2,False,2.29375,False,False,False,8.796192932128907,1760.9064,2,0.0001923794193282,0.0001923794193282,261,220,False,220.0,False,False,False,False,1.4998834207570488,2.763924308009905,4.145887479342168
ARGYGYVQSTSYAFDI,H1-69,K3-20,True,4,17,48,2.06188755496219e-05,6.813436095981275e-05,0.0001884533087297,False,False,False,False,False,False,False,False,False,False,False,False,False,0,0,False,1.7125,False,False,False,5.87858085632324,1797.9165000000005,1,0.0001884533087297,0.0001884533087297,788,222,False,222.0,True,False,False,False,2.7655011518977766,3.302863541733934,9.135413526364218
ARGPGYIYGSREYLFDY,H3-7_A,K3-20,True,2,9,48,1.030943777481095e-05,3.607113227284205e-05,0.0001884533087297,False,False,False,False,False,False,False,False,False,False,False,False,False,0,0,False,1.1764705882352944,False,False,False,6.111520767211914,2027.1942,2,0.0001884533087297,0.0001884533087297,448,223,False,223.0,True,True,False,False,5.223043093676613,3.4954551846699675,18.261974425554634
ARGAGYISSGVYGFDI,H3-7_A,K3-15,True,1,3,48,5.154718887405475e-06,1.2023710757614016e-05,0.0001884533087297,False,False,False,False,False,False,False,False,False,False,False,False,False,0,0,False,1.34375,False,False,False,5.87944984436035,1632.7704,1,0.0001884533087297,0.0001884533087297,195,224,False,224.0,False,False,False,False,15.660448595248237,2.3280474735875107,36.48858976415085
ARGLGIVTPRSYGFDI,H3-7_A,UNK,True,1,24,47,5.154718887405475e-06,9.618968606091212e-05,0.0001845271981311,False,False,False,False,False,False,False,False,False,False,False,False,False,1,1,False,0.7125000000000001,False,False,False,8.79022674560547,1721.9531,2,0.0001845271981311,0.0001845271981311,261,225,False,225.0,False,False,False,False,1.918168402485849,18.624379788700086,35.728410810718536
ARDRNAYSSYFYSGFDP,H1-69,K1-39,True,195,45,46,0.001005170183044,0.0001803556613642,0.0001806010875326,False,False,False,True,True,False,False,False,False,False,False,False,False,0,0,False,2.51764705882353,False,False,False,6.003152847290039,2016.0855,2,0.001005170183044,0.0001806010875326,114,226,False,226.0,True,True,True,True,1.0013052715612238,0.1794262008011605,0.1796703621689829
ARGPGYTTSFSYAFDI,H1-69,K3-15,True,14,70,45,7.216606442367665e-05,0.0002805532510109,0.0001766749769341,False,False,False,False,False,False,False,False,False,False,False,False,False,0,0,False,1.56875,False,False,False,5.87944984436035,1752.876,1,0.0002805532510109,0.0002805532510109,449,227,False,227.0,False,False,False,False,0.6297153183730256,3.8870677315410296,2.4478333412169744
ARGTGIVTGREWYFDY,H1-69,K3-20,True,1,3,45,5.154718887405475e-06,1.2023710757614016e-05,0.0001766749769341,False,False,False,True,False,False,False,False,False,False,False,False,False,0,0,False,1.31875,False,False,False,6.113258743286132,1891.0464,2,0.0001766749769341,0.0001766749769341,683,228,False,228.0,False,False,False,False,14.681670558045742,2.3280474735875107,34.208052903892636
ARGYGYIGDRALGFDI,H3-7_A,K1-39,True,2,17,44,1.030943777481095e-05,6.813436095981275e-05,0.0001727488663355,False,False,False,False,False,False,False,False,False,False,False,False,False,0,0,False,1.0750000000000002,False,False,False,6.004021835327148,1743.9155,2,0.0001727488663355,0.0001727488663355,781,230,False,230.0,True,True,False,False,2.5350427225721055,6.60252645993216,16.74014322341943
ARGSGYVRESELGFDY,UNK,K3-15,True,1,16,44,5.154718887405475e-06,6.412645737394142e-05,0.0001727488663355,False,False,False,False,False,False,False,False,False,True,False,False,False,-1,-1,False,2.5187500000000003,False,False,False,4.6793262481689455,1805.8973,2,0.0001727488663355,0.0001727488663355,663,231,False,231.0,True,False,False,False,2.6934581891279783,12.416253192466725,33.44787395046032
ARGTGYVTNDRTYGFDI,H3-7_A,K3-20,True,2,10,44,1.030943777481095e-05,4.0079035858713385e-05,0.0001727488663355,False,False,False,False,False,False,False,False,False,False,False,False,False,0,0,False,2.676470588235294,False,False,False,6.004021835327148,1906.0164,2,0.0001727488663355,0.0001727488663355,722,232,False,232.0,True,True,False,False,4.309129981182944,3.8838390940777416,16.74014322341943
ARGAGYISSGVYGFDI,H1-69,K4-1,True,2,3,44,1.030943777481095e-05,1.2023710757614016e-05,0.0001727488663355,False,False,False,False,False,False,False,False,False,False,False,False,False,0,0,False,1.34375,False,False,False,5.87944984436035,1632.7704,1,0.0001727488663355,0.0001727488663355,195,233,False,233.0,False,False,False,False,14.355411212306036,1.1651517282233224,16.74014322341943
ARGTGYVTNDRTYGFDI,H3-7_A,K1-39,True,1,14,43,5.154718887405475e-06,5.611065020219873e-05,0.000168822755737,False,False,False,False,False,False,False,False,False,False,False,False,False,0,0,False,2.676470588235294,False,False,False,6.004021835327148,1906.0164,2,0.000168822755737,0.000168822755737,722,234,False,234.0,True,True,False,False,3.008210972765703,10.864221543408382,32.68769499704737
ARGPGYTKSGSYGFDI,UNK,K4-1,True,11,66,42,5.670190776146023e-05,0.0002645216366675,0.0001648966451384,False,False,False,False,False,False,False,False,False,False,False,False,False,1,1,False,2.75625,False,False,False,8.54006805419922,1675.7953,1,0.0002645216366675,0.0002645216366675,454,235,False,235.0,False,False,False,False,0.6233532110401787,4.664305030614068,2.90761943385828
ARGALQYWDEEFDY,H3-7_A,K1-39,True,1,15,41,5.154718887405475e-06,6.011855378807007e-05,0.0001609705345399,False,False,False,False,False,False,False,False,False,True,False,False,False,-3,-3,False,1.6785714285714286,False,False,False,4.050025558471679,1762.8277999999998,1,0.0001609705345399,0.0001609705345399,206,238,False,238.0,True,False,False,False,2.6771063729099316,11.640237367937553,31.167337090202103
ARSVDEGSPSLVAFDY,H1-69,K1-39,True,100,230,40,0.0005154718887405,0.0009218178247504,0.0001570444239414,False,False,False,False,False,False,False,False,False,True,False,False,False,-2,-2,False,2.2375000000000003,False,False,False,4.050025558471679,1712.8106,1,0.0009218178247504,0.0009218178247504,937,241,False,241.0,False,False,False,False,0.1703619913880581,1.788264233691544,0.3046555608871413
ARGYGYTYPSSYAFDI,H1-69,K1-39,True,19,78,40,9.793965886070404e-05,0.0003126164796979,0.0001570444239414,False,False,False,False,False,False,False,False,False,False,False,False,False,0,0,False,1.58125,False,False,False,5.877711868286132,1830.9447,1,0.0003126164796979,0.0003126164796979,785,242,False,242.0,False,False,False,False,0.5023388424843493,3.1916035577262956,1.6033177222672688
ARGTGVISLGNQWYFDI,UNK,K1-39,True,2,30,40,1.030943777481095e-05,0.0001202371075761,0.0001570444239414,False,False,False,True,False,False,False,False,False,False,False,False,False,0,0,False,0.4764705882352942,False,False,False,5.880318832397459,1897.0939,1,0.0001570444239414,0.0001570444239414,688,243,False,243.0,True,False,False,False,1.3060141495878588,11.651517282229333,15.218312021293915
ARPYWTGRTSSFDY,H3-23_A,K3-15,True,223,29,40,0.0011495023118914,0.0001162292039902,0.0001570444239414,False,False,False,False,False,False,False,False,False,False,False,False,False,1,1,False,2.0500000000000003,False,False,False,8.632579040527343,1706.811,2,0.0011495023118914,0.0001570444239414,914,244,False,244.0,False,False,False,True,1.3510452459278735,0.10111175216466994,0.13661830527330338
ARGYGYVQSTSYAFDI,UNK,K3-20,True,5,25,40,2.5773594437027374e-05,0.0001001975896467,0.0001570444239414,False,False,False,False,False,False,False,False,False,False,False,False,False,0,0,False,1.7125,False,False,False,5.87858085632324,1797.9165000000005,1,0.0001570444239414,0.0001570444239414,788,245,False,245.0,True,False,False,False,1.5671909133338957,3.8860985768069622,6.090866202730493
ARGYGYIGDRALGFDI,H3-7_A,K3-20,True,2,22,40,1.030943777481095e-05,8.817387888916945e-05,0.0001570444239414,False,False,False,False,False,False,False,False,False,False,False,False,False,0,0,False,1.0750000000000002,False,False,False,6.004021835327148,1743.9155,2,0.0001570444239414,0.0001570444239414,781,246,False,246.0,True,True,False,False,1.7808745308059688,8.54444600697103,15.218312021293915
ARGSGYVSTYGEYGFDY,H3-7_A,K4-1,True,17,285,38,8.763022108589308e-05,0.0011422525219733,0.0001491922027443,False,False,False,False,False,False,False,False,False,False,False,False,False,-1,-1,False,2.623529411764706,False,False,False,4.370324325561524,1891.9416,1,0.0011422525219733,0.0011422525219733,666,247,False,247.0,False,False,False,True,0.13061113349544645,13.03342812033551,1.70232572323251
ARGSGYTSPYSYAFDI,H1-69,K3-20,True,15,48,38,7.732078331108213e-05,0.0001923793721218,0.0001491922027443,False,False,False,False,False,False,False,False,False,False,False,False,False,0,0,False,2.10625,False,False,False,5.87858085632324,1754.8488,1,0.0001923793721218,0.0001923793721218,658,248,False,248.0,True,False,False,False,0.7754700849579558,2.4877463266847637,1.929273134918828
ARGPGYTSATSGEYSFDY,H1-69,K3-15,True,9,21,38,4.639246998664928e-05,8.41659753032981e-05,0.0001491922027443,False,False,False,False,False,False,False,False,False,False,False,False,False,-1,-1,False,3.355555555555556,False,False,False,4.370375442504883,1928.9604,1,0.0001491922027443,0.0001491922027443,458,250,False,250.0,True,False,False,False,1.7723846050697853,1.8138253271326714,3.2151780452037344
ARGSGYVDYRSYQFDI,H3-7_A,K3-15,True,4,5,38,2.06188755496219e-05,2.0039517929356693e-05,0.0001491922027443,False,False,False,False,False,False,False,False,False,False,False,False,False,0,0,False,2.1437500000000003,False,False,False,6.003152847290039,1897.0078,2,0.0001491922027443,0.0001491922027443,660,251,False,251.0,False,False,False,False,7.441186529769444,0.9714304534511572,7.232202375036117
ARGYGYTGARSYLFDI,UNK,K3-15,True,1,5,38,5.154718887405475e-06,2.0039517929356693e-05,0.0001491922027443,False,False,False,False,False,False,False,False,False,False,False,False,False,1,1,False,1.2062500000000005,False,False,False,8.539295959472657,1809.9736000000005,2,0.0001491922027443,0.0001491922027443,779,252,False,252.0,False,False,False,False,7.441186529769444,3.8800791226458515,28.886800229943887
ARGQGYVDVRSYGFDI,H3-7_A,K3-15,True,3,59,37,1.5464156662216426e-05,0.0002364663115664,0.0001452660921458,False,False,False,False,False,False,False,False,False,False,False,False,False,0,0,False,1.98125,False,False,False,6.004021835327148,1802.9396,2,0.0002364663115664,0.0002364663115664,528,253,False,253.0,False,False,False,False,0.6142944770390284,15.28136988193901,9.387658100974205
ARGSGYTSPYSYAFDI,UNK,K3-20,True,12,44,37,6.18566266488657e-05,0.0001763477577783,0.0001452660921458,False,False,False,False,False,False,False,False,False,False,False,False,False,0,0,False,2.10625,False,False,False,5.87858085632324,1754.8488,1,0.0001763477577783,0.0001763477577783,658,254,False,254.0,True,False,False,False,0.8237011741123096,2.850450514769311,2.3480525772042142
ARGTGVISPYGEYGFDY,H3-7_A,UNK,True,4,31,37,2.06188755496219e-05,0.000124245011162,0.0001452660921458,False,False,False,False,False,False,False,False,False,False,False,False,False,-1,-1,False,2.0058823529411764,False,False,False,4.370375442504883,1851.9639,1,0.0001452660921458,0.0001452660921458,699,255,False,255.0,True,True,False,False,1.1690964475984507,6.0228688113966165,7.041881259905247
ARGPGVITTRSYGFDI,H3-7_A,UNK,True,3,23,37,1.5464156662216426e-05,9.218178247504078e-05,0.0001452660921458,False,False,False,False,False,False,False,False,False,False,False,False,False,1,1,False,1.6125,False,False,False,8.79022674560547,1709.8994,2,0.0001452660921458,0.0001452660921458,417,256,False,256.0,False,False,False,False,1.5756945819452848,5.957144191264586,9.387658100974205
ARGTGYVSSGSYGFDI,H3-7_A,K3-15,True,2,14,37,1.030943777481095e-05,5.611065020219873e-05,0.0001452660921458,False,False,False,False,False,False,False,False,False,False,False,False,False,0,0,False,2.44375,False,False,False,5.87944984436035,1636.7161,1,0.0001452660921458,0.0001452660921458,732,257,False,257.0,False,False,False,False,2.58846060447298,5.437374731708838,14.076938619697357
ARGHGTVTPRSYGFDI,UNK,K3-15,True,1,9,37,5.154718887405475e-06,3.607113227284205e-05,0.0001452660921458,False,False,False,False,False,False,False,False,False,False,False,False,False,1,2,False,2.2437500000000004,False,False,False,8.796192932128907,1733.8811,2,0.0001452660921458,0.0001452660921458,261,258,False,258.0,True,False,False,False,4.0260957180421,6.984142420762533,28.126621276530933
ARGAGYISSGVYGFDI,UNK,K4-1,True,2,4,37,1.030943777481095e-05,1.6031614343485354e-05,0.0001452660921458,False,False,False,False,False,False,False,False,False,False,False,False,False,0,0,False,1.34375,False,False,False,5.87944984436035,1632.7704,1,0.0001452660921458,0.0001452660921458,195,259,False,259.0,False,False,False,False,9.055578137919385,1.5535356376310967,14.076938619697357
ARGQGYVDVRSYGFDI,H3-7_A,K1-39,True,2,32,36,1.030943777481095e-05,0.0001282529147478,0.0001413399815472,False,False,False,False,False,False,False,False,False,False,False,False,False,0,0,False,1.98125,False,False,False,6.004021835327148,1802.9396,2,0.0001413399815472,0.0001413399815472,528,261,False,261.0,False,False,False,False,1.101955166270103,12.428285101040746,13.696480819158708
ARGAGEIGIGWYGFDI,H1-69,K3-20,True,3,23,36,1.5464156662216426e-05,9.218178247504078e-05,0.0001413399815472,False,False,False,False,False,False,False,False,False,False,False,False,False,-1,-1,False,0.6000000000000001,False,False,False,4.370375442504883,1681.8444,1,0.0001413399815472,0.0001413399815472,183,263,False,263.0,False,False,False,False,1.533108241892006,5.957144191264586,9.133937611754494
ARGHGTVTPRSYGFDI,UNK,UNK,True,1,8,36,5.154718887405475e-06,3.206322868697071e-05,0.0001413399815472,False,False,False,False,False,False,False,False,False,False,False,False,False,1,2,False,2.2437500000000004,False,False,False,8.796192932128907,1733.8811,2,0.0001413399815472,0.0001413399815472,261,265,False,265.0,True,False,False,False,4.406789940814949,6.208126596233362,27.366442323098617
ARGPGSVSAGVYGFDI,H1-69,K3-20,True,4,38,35,2.06188755496219e-05,0.0001523003362631,0.0001374138709487,False,False,False,False,False,False,False,False,False,False,False,False,False,0,0,False,1.8625,False,False,False,5.880318832397459,1552.6858,1,0.0001523003362631,0.0001523003362631,279,266,False,266.0,True,False,False,False,0.9021966225019166,7.382871446228268,6.661239029638657
ARGIGTISRGVYGFDI,H1-69,K3-15,True,10,6,35,5.154718887405476e-05,2.404742151522803e-05,0.0001374138709487,False,False,False,False,False,False,False,False,False,False,False,False,False,1,1,False,1.0125000000000002,False,False,False,8.79022674560547,1681.8892,2,0.0001374138709487,0.0001374138709487,284,268,False,268.0,False,False,False,False,5.711911846484414,0.46642227864617863,2.6652708177006734
ARGTGIVTGREWYFDY,UNK,K3-20,True,1,4,35,5.154718887405475e-06,1.6031614343485354e-05,0.0001374138709487,False,False,False,True,False,False,False,False,False,False,False,False,False,0,0,False,1.31875,False,False,False,6.113258743286132,1891.0464,2,0.0001374138709487,0.0001374138709487,683,269,False,269.0,False,False,False,False,8.566087427759726,3.104063298116681,26.606263369685667
ARGTGYIAEPRTYGFDI,H3-7_A,K3-20,True,1,41,34,5.154718887405475e-06,0.0001643240470207,0.0001334877603502,False,False,False,False,False,False,False,False,False,False,False,False,False,0,0,False,1.823529411764706,False,False,False,6.113258743286132,1887.0562,2,0.0001643240470207,0.0001643240470207,709,270,False,270.0,True,True,False,False,0.8122952167872156,31.816648805691166,25.846084416272713
ARGSGYTSPYSYAFDI,H3-7_A,K3-15,True,10,34,34,5.154718887405476e-05,0.0001362687219196,0.0001334877603502,False,False,False,False,False,False,False,False,False,False,False,False,False,0,0,False,2.10625,False,False,False,5.87858085632324,1754.8488,1,0.0001362687219196,0.0001362687219196,658,271,False,271.0,True,True,False,False,0.9795201955955636,2.6430595789945173,2.5891202229098904
ARGPGYIIPKSSYAFDI,H1-69,K3-20,True,2,38,33,1.030943777481095e-05,0.0001523003362631,0.0001295616497516,False,False,False,False,False,False,False,False,False,False,False,False,False,1,1,False,0.923529411764706,False,False,False,8.54006805419922,1855.0971,1,0.0001523003362631,0.0001523003362631,439,274,False,274.0,False,False,False,False,0.850642529787315,14.758588557494367,12.55510741756215
ARGPGSVSAGVYGFDI,H3-7_A,K3-15,True,7,27,33,3.6083032211838326e-05,0.0001082133968185,0.0001295616497516,False,False,False,False,False,False,False,False,False,False,False,False,False,0,0,False,1.8625,False,False,False,5.880318832397459,1552.6858,1,0.0001295616497516,0.0001295616497516,279,275,False,275.0,True,True,False,False,1.1971685750068084,2.9981797091297464,3.589658219657822
ARGPGSVSAGVYGFDI,H3-7_A,K1-39,True,6,25,33,3.092831332443285e-05,0.0001001975896467,0.0001295616497516,False,False,False,False,False,False,False,False,False,False,False,False,False,0,0,False,1.8625,False,False,False,5.880318832397459,1552.6858,1,0.0001295616497516,0.0001295616497516,279,276,False,276.0,True,True,False,False,1.2929325034999153,3.23862482728078,4.187741212423546
ARGSGYVDYRSYQFDI,H3-7_A,K3-20,True,5,22,33,2.5773594437027374e-05,8.817387888916945e-05,0.0001295616497516,False,False,False,False,False,False,False,False,False,False,False,False,False,0,0,False,2.1437500000000003,False,False,False,6.003152847290039,1897.0078,2,0.0001295616497516,0.0001295616497516,660,277,False,277.0,False,False,False,False,1.4692214879143006,3.4197667475929756,5.024964617250524
ARGTGVISLGNQWYFDI,H3-7_A,K3-15,True,2,15,33,1.030943777481095e-05,6.011855378807007e-05,0.0001295616497516,False,False,False,True,False,False,False,False,False,False,False,False,False,0,0,False,0.4764705882352942,False,False,False,5.880318832397459,1897.0939,1,0.0001295616497516,0.0001295616497516,688,278,False,278.0,True,True,False,False,2.1547441538051086,5.825758641116612,12.55510741756215
ARGYGYTGARSYLFDI,H1-69,K3-15,True,2,5,33,1.030943777481095e-05,2.0039517929356693e-05,0.0001295616497516,False,False,False,False,False,False,False,False,False,False,False,False,False,1,1,False,1.2062500000000005,False,False,False,8.539295959472657,1809.9736000000005,2,0.0001295616497516,0.0001295616497516,779,279,False,279.0,False,False,False,False,6.4620830390088635,1.9419195470388708,12.55510741756215
ARGTGYTSSPGVYGFDI,H3-7_A,UNK,True,1,7,32,5.154718887405475e-06,2.8055325101099366e-05,0.0001256355391531,False,False,False,False,False,False,False,False,False,False,False,False,False,0,0,False,2.3470588235294123,False,False,False,5.87944984436035,1747.8579,1,0.0001256355391531,0.0001256355391531,728,281,False,281.0,True,True,False,False,4.476539598259585,5.432110771704191,24.32572650942745
ARGPGVITTRSYGFDI,H3-7_A,K1-39,True,6,40,31,3.092831332443285e-05,0.0001603161434348,0.0001217094285546,False,False,False,False,False,False,False,False,False,False,False,False,False,1,1,False,1.6125,False,False,False,8.79022674560547,1709.8994,2,0.0001603161434348,0.0001603161434348,417,283,False,283.0,False,False,False,False,0.7591365072914369,5.181799723651833,3.9339387147030624
ARGQGYIFDREYSFDI,H1-69,K1-39,True,6,26,31,3.092831332443285e-05,0.0001042054932326,0.0001217094285546,False,False,False,False,False,False,False,False,False,True,False,False,False,-1,-1,False,1.5000000000000002,False,False,False,4.558281326293945,1937.0717,2,0.0001217094285546,0.0001217094285546,517,284,False,284.0,False,False,False,False,1.167863095777468,3.368169820373045,3.9339387147030624
ARGQGYIFDREYSFDI,UNK,K1-39,True,9,22,31,4.639246998664928e-05,8.817387888916945e-05,0.0001217094285546,False,False,False,False,False,False,False,False,False,True,False,False,False,-1,-1,False,1.5000000000000002,False,False,False,4.558281326293945,1937.0717,2,0.0001217094285546,0.0001217094285546,517,285,False,285.0,False,False,False,False,1.3801777613747959,1.900197961758037,2.622908405298634
ARGYGYVQSTSYAFDI,H3-7_A,K3-15,True,2,14,31,1.030943777481095e-05,5.611065020219873e-05,0.0001217094285546,False,False,False,False,False,False,False,False,False,False,False,False,False,0,0,False,1.7125,False,False,False,5.87858085632324,1797.9165000000005,1,0.0001217094285546,0.0001217094285546,788,286,False,286.0,True,True,False,False,2.168710236180257,5.437374731708838,11.794191816504238
ARGYGYVQSTSYAFDI,H3-7_A,UNK,True,6,8,31,3.092831332443285e-05,3.206322868697071e-05,0.0001217094285546,False,False,False,False,False,False,False,False,False,False,False,False,False,0,0,False,1.7125,False,False,False,5.87858085632324,1797.9165000000005,1,0.0001217094285546,0.0001217094285546,788,288,False,288.0,True,True,False,False,3.7947357823705077,1.0363599447307128,3.9339387147030624
ARGPEEWIAFRFDY,UNK,K1-39,True,6,35,30,3.092831332443285e-05,0.0001402766255054,0.000117783317956,False,False,False,False,False,False,False,False,False,True,False,False,False,-1,-1,False,0.5500000000000002,False,False,False,4.6793262481689455,1756.9127,2,0.0001402766255054,0.0001402766255054,369,289,False,289.0,False,False,False,False,0.839590499320024,4.534074758193738,3.8070374658395876
ARGLGYISDERVYGFDI,UNK,K1-39,True,9,32,30,4.639246998664928e-05,0.0001282529147478,0.000117783317956,False,False,False,False,False,False,False,False,False,True,False,False,False,-1,-1,False,1.1764705882352944,False,False,False,4.558281326293945,1931.1086,2,0.0001282529147478,0.0001282529147478,338,290,False,290.0,False,False,False,False,0.9182959718917525,2.763924308009905,2.538298456739223
ARGTGLIPGPGVYGFDI,H3-7_A,K3-20,True,8,21,30,4.12377510992438e-05,8.41659753032981e-05,0.000117783317956,False,False,False,False,False,False,False,False,False,False,False,False,False,0,0,False,0.835294117647059,False,False,False,5.880318832397459,1689.9079,1,0.000117783317956,0.000117783317956,685,292,False,292.0,True,True,False,False,1.3992510040021495,2.040498525623646,2.85550884150286
ARGTGLIPGPGVYGFDI,H3-7_A,K1-39,True,10,17,30,5.154718887405476e-05,6.813436095981275e-05,0.000117783317956,False,False,False,False,False,False,False,False,False,False,False,False,False,0,0,False,0.835294117647059,False,False,False,5.880318832397459,1689.9079,1,0.000117783317956,0.000117783317956,685,293,False,293.0,True,True,False,False,1.728438219935193,1.321529789497506,2.28451784374288
ARGSGYVRESELGFDY,H3-7_A,K3-20,True,1,7,30,5.154718887405475e-06,2.8055325101099366e-05,0.000117783317956,False,False,False,False,False,False,False,False,False,True,False,False,False,-1,-1,False,2.5187500000000003,False,False,False,4.6793262481689455,1805.8973,2,0.000117783317956,0.000117783317956,663,294,False,294.0,True,True,False,False,4.1967558733672465,5.432110771704191,22.80536860258218
ARGQGYVDVRSYGFDI,H1-69,K3-20,True,3,60,29,1.5464156662216426e-05,0.0002404742151522,0.0001138572073575,False,False,False,False,False,False,False,False,False,False,False,False,False,0,0,False,1.98125,False,False,False,6.004021835327148,1802.9396,2,0.0002404742151522,0.0002404742151522,528,295,False,295.0,False,False,False,False,0.47344981576209044,15.540376151119817,7.35789418724883
ARGPGVITTRSYGFDI,UNK,K3-20,True,4,40,29,2.06188755496219e-05,0.0001603161434348,0.0001138572073575,False,False,False,False,False,False,False,False,False,False,False,False,False,1,1,False,1.6125,False,False,False,8.79022674560547,1709.8994,2,0.0001603161434348,0.0001603161434348,417,296,False,296.0,False,False,False,False,0.7101599584337437,7.771443627606662,5.5193123388437355
ARGQGYIFDREYSFDI,H3-7_A,K3-20,True,3,37,29,1.5464156662216426e-05,0.0001482924326772,0.0001138572073575,False,False,False,False,False,False,False,False,False,True,False,False,False,-1,-1,False,1.5000000000000002,False,False,False,4.558281326293945,1937.0717,2,0.0001482924326772,0.0001482924326772,517,297,False,297.0,False,False,False,False,0.7677366129612005,9.583231959857867,7.35789418724883
ARGHGWIGDREWYFDY,H1-69,K3-20,True,3,28,29,1.5464156662216426e-05,0.0001122213004043,0.0001138572073575,False,False,False,True,False,False,False,False,False,True,False,False,False,-1,0,False,1.03125,False,False,False,5.382593154907226,2028.1442,2,0.0001138572073575,0.0001138572073575,267,298,False,298.0,False,False,False,False,1.0144871078508657,7.25217553718537,7.35789418724883
ARHWYGTFDY,H3-23_A,K4-1,True,348,44,28,0.0017938421728171,0.0001763477577783,0.0001099310967589,False,False,False,True,False,False,False,False,False,False,False,False,False,0,1,False,0.6300000000000001,False,False,False,6.787184524536133,1315.3909,1,0.0017938421728171,0.0001763477577783,810,300,False,300.0,False,False,False,True,0.6233414290574889,0.09830673923445994,0.061282138196628595
ARGTGYIAEPRTYGFDI,H3-7_A,K1-39,True,1,26,28,5.154718887405475e-06,0.0001042054932326,0.0001099310967589,False,False,False,False,False,False,False,False,False,False,False,False,False,0,0,False,1.823529411764706,False,False,False,6.113258743286132,1887.0562,2,0.0001099310967589,0.0001099310967589,709,303,False,303.0,True,True,False,False,1.054844086507783,20.176411437747817,21.285010695736915
ARGYPPWGYGQYEAFDY,H3-7_A,UNK,True,5,25,28,2.5773594437027374e-05,0.0001001975896467,0.0001099310967589,False,False,False,False,False,False,False,False,False,False,False,False,False,-1,-1,False,1.5705882352941178,False,False,False,4.370324325561524,2040.1482,1,0.0001099310967589,0.0001099310967589,789,304,False,304.0,True,True,False,False,1.0970336393329285,3.8860985768069622,4.263606341908242
ARGPGSVSAGVYGFDI,UNK,K3-20,True,7,23,28,3.6083032211838326e-05,9.218178247504078e-05,0.0001099310967589,False,False,False,False,False,False,False,False,False,False,False,False,False,0,0,False,1.8625,False,False,False,5.880318832397459,1552.6858,1,0.0001099310967589,0.0001099310967589,279,305,False,305.0,True,False,False,False,1.1924175214711985,2.554004937407438,3.0457706106178346
ARGQGYIFDREYSFDI,H3-7_A,K3-15,True,7,23,28,3.6083032211838326e-05,9.218178247504078e-05,0.0001099310967589,False,False,False,False,False,False,False,False,False,True,False,False,False,-1,-1,False,1.5000000000000002,False,False,False,4.558281326293945,1937.0717,2,0.0001099310967589,0.0001099310967589,517,306,False,306.0,False,False,False,False,1.1924175214711985,2.554004937407438,3.0457706106178346
ARGHGWIGDREWYFDY,H3-7_A,K1-39,True,3,23,28,1.5464156662216426e-05,9.218178247504078e-05,0.0001099310967589,False,False,False,True,False,False,False,False,False,True,False,False,False,-1,0,False,1.03125,False,False,False,5.382593154907226,2028.1442,2,0.0001099310967589,0.0001099310967589,267,307,False,307.0,False,False,False,False,1.1924175214711985,5.957144191264586,7.104173698029118
ARGSGYVRESELGFDY,H1-69,K3-15,True,2,22,28,1.030943777481095e-05,8.817387888916945e-05,0.0001099310967589,False,False,False,False,False,False,False,False,False,True,False,False,False,-1,-1,False,2.5187500000000003,False,False,False,4.6793262481689455,1805.8973,2,0.0001099310967589,0.0001099310967589,663,308,False,308.0,True,False,False,False,1.2466121715632708,8.54444600697103,10.652818414897986
ARGTGVISLGNQWYFDI,H3-7_A,K3-20,True,1,16,28,5.154718887405475e-06,6.412645737394142e-05,0.0001099310967589,False,False,False,True,False,False,False,False,False,False,False,False,False,0,0,False,0.4764705882352942,False,False,False,5.880318832397459,1897.0939,1,0.0001099310967589,0.0001099310967589,688,309,False,309.0,True,True,False,False,1.7140188476260447,12.416253192466725,21.285010695736915
ARGPGVITTRSYGFDI,H1-69,K3-20,True,4,52,27,2.06188755496219e-05,0.0002084109864653,0.0001060049861604,False,False,False,False,False,False,False,False,False,False,False,False,False,1,1,False,1.6125,False,False,False,8.79022674560547,1709.8994,2,0.0002084109864653,0.0002084109864653,417,310,False,310.0,False,False,False,False,0.5086099435483132,10.102876715891568,5.138670108577146
ARGHGQVTPRSYGFDI,H3-7_A,K4-1,True,7,48,27,3.6083032211838326e-05,0.0001923793721218,0.0001060049861604,False,False,False,False,False,False,False,False,False,False,False,False,False,1,2,False,2.29375,False,False,False,8.796192932128907,1760.9064,2,0.0001923793721218,0.0001923793721218,261,311,False,311.0,False,False,False,False,0.5509919024700034,5.3300972606757195,2.9369930888109455
ARGQGYVDVRSYGFDI,H3-7_A,UNK,True,1,33,27,5.154718887405475e-06,0.0001322608183337,0.0001060049861604,False,False,False,False,False,False,False,False,False,False,False,False,False,0,0,False,1.98125,False,False,False,6.004021835327148,1802.9396,2,0.0001322608183337,0.0001322608183337,528,312,False,312.0,False,False,False,False,0.8014238325264222,25.60852220945213,20.524831742323965
ARGYGYVQSTSYAFDI,H3-7_A,K1-39,True,1,16,27,5.154718887405475e-06,6.412645737394142e-05,0.0001060049861604,False,False,False,False,False,False,False,False,False,False,False,False,False,0,0,False,1.7125,False,False,False,5.87858085632324,1797.9165000000005,1,0.0001060049861604,0.0001060049861604,788,314,False,314.0,True,True,False,False,1.6528038887827587,12.416253192466725,20.524831742323965
ARGHGWIGDREWYFDY,UNK,K3-20,True,1,14,27,5.154718887405475e-06,5.611065020219873e-05,0.0001060049861604,False,False,False,True,False,False,False,False,False,True,False,False,False,-1,0,False,1.03125,False,False,False,5.382593154907226,2028.1442,2,0.0001060049861604,0.0001060049861604,267,315,False,315.0,False,False,False,False,1.8888766573172537,10.864221543408382,20.524831742323965
ARGHGWIGDREWYFDY,H3-7_A,UNK,True,1,13,27,5.154718887405475e-06,5.21027466163274e-05,0.0001060049861604,False,False,False,True,False,False,False,False,False,True,False,False,False,-1,0,False,1.03125,False,False,False,5.382593154907226,2028.1442,2,0.0001060049861604,0.0001060049861604,267,316,False,316.0,False,False,False,False,2.0341469802166916,10.088205718879214,20.524831742323965
ARGIGTISRGVYGFDI,H3-7_A,K3-20,True,3,10,27,1.5464156662216426e-05,4.0079035858713385e-05,0.0001060049861604,False,False,False,False,False,False,False,False,False,False,False,False,False,1,1,False,1.0125000000000002,False,False,False,8.79022674560547,1681.8892,2,0.0001060049861604,0.0001060049861604,284,317,False,317.0,False,False,False,False,2.644238852089024,2.590062691854168,6.85045320881587
ARGHGTISSGVYGFDI,H3-7_A,K3-15,True,5,76,26,2.5773594437027374e-05,0.0003046006725262,0.0001020788755619,False,False,False,False,False,False,False,False,False,False,False,False,False,0,1,False,1.7875,False,False,False,6.788309097290039,1636.7625,1,0.0003046006725262,0.0003046006725262,195,320,False,320.0,False,False,False,False,0.33511260362395884,11.813739673502164,3.9590630317744324
AREEGYPISGEFDY,H1-69,K4-1,True,26,73,26,0.0001340226910725,0.0002925769617686,0.0001020788755619,False,False,False,False,False,False,False,False,False,True,False,False,False,-3,-3,False,2.7642857142857147,False,False,False,4.050025558471679,1632.6812,1,0.0002925769617686,0.0002925769617686,128,321,False,321.0,True,True,False,False,0.3488838837686545,2.1828776205824396,0.7615968518209055
ARGHGTISSGVYGFDI,H3-7_A,K1-39,True,11,49,26,5.670190776146023e-05,0.0001963872757076,0.0001020788755619,False,False,False,False,False,False,False,False,False,False,False,False,False,0,1,False,1.7875,False,False,False,6.788309097290039,1636.7625,1,0.0001963872757076,0.0001963872757076,195,322,False,322.0,False,False,False,False,0.5197570851943841,3.4628931287876563,1.799954887627142
ARGPGYIIPKSSYAFDI,UNK,K3-20,True,5,37,26,2.5773594437027374e-05,0.0001482924326772,0.0001020788755619,False,False,False,False,False,False,False,False,False,False,False,False,False,1,1,False,0.923529411764706,False,False,False,8.54006805419922,1855.0971,1,0.0001482924326772,0.0001482924326772,439,323,False,323.0,False,False,False,False,0.688315584034203,5.751425893677562,3.9590630317744324
ARGHGTVTPRSYGFDI,H3-7_A,K4-1,True,3,32,26,1.5464156662216426e-05,0.0001282529147478,0.0001020788755619,False,False,False,False,False,False,False,False,False,False,False,False,False,1,2,False,2.2437500000000004,False,False,False,8.796192932128907,1733.8811,2,0.0001282529147478,0.0001282529147478,261,324,False,324.0,True,True,False,False,0.7958565089731121,8.288200613927984,6.596732719602621
ARGAGYVDEREYSFDI,H3-7_A,K3-20,True,21,60,25,0.0001082490966355,0.0002404742151522,9.815276496338902e-05,False,False,False,False,False,False,False,False,False,True,False,False,False,-2,-2,False,2.5875,False,False,False,4.316753768920899,1847.934,2,0.0002404742151522,0.0002404742151522,200,327,False,327.0,False,False,False,False,0.4081463928984659,2.2212841472514597,0.9066468131898586
ARGPGYTKSGSYGFDI,H3-7_A,K1-39,True,6,54,25,3.092831332443285e-05,0.000216426793637,9.815276496338902e-05,False,False,False,False,False,False,False,False,False,False,False,False,False,1,1,False,2.75625,False,False,False,8.54006805419922,1675.7953,1,0.000216426793637,0.000216426793637,454,328,False,328.0,False,False,False,False,0.45349389682794555,6.995429626930622,3.17253122153479
ARGHGTISSGVYGFDI,H1-69,K3-20,True,8,80,24,4.12377510992438e-05,0.0003206322868697,9.422665436485346e-05,False,False,False,False,False,False,False,False,False,False,False,False,False,0,1,False,1.7875,False,False,False,6.788309097290039,1636.7625,1,0.0003206322868697,0.0003206322868697,195,329,False,329.0,False,False,False,False,0.29386845785298593,7.7733277166613375,2.2844070732035844
ARGELAVWSGRADWFDP,H1-69,K3-20,True,98,24,24,0.0005051624509657,9.618968606091212e-05,9.422665436485346e-05,False,False,False,False,True,False,False,False,False,False,False,False,False,-1,-1,False,1.2000000000000002,False,False,False,4.558281326293945,1933.0865,2,0.0005051624509657,9.618968606091212e-05,241,330,False,330.0,True,True,True,True,0.9794902480782591,0.1904096034473645,0.18652373894246901
ARGYGYTYPSSYAFDI,H3-7_A,K3-15,True,6,63,23,3.092831332443285e-05,0.0002524979259098,9.03005437663179e-05,False,False,False,False,False,False,False,False,False,False,False,False,False,0,0,False,1.58125,False,False,False,5.877711868286132,1830.9447,1,0.0002524979259098,0.0002524979259098,785,331,False,331.0,False,False,False,False,0.35761469047341804,8.161334564751316,2.9187287238120065
ARDLDYRGSENAFDY,H1-69,K1-39,True,23,59,23,0.0001185585344103,0.0002364663115664,9.03005437663179e-05,False,False,False,False,False,False,False,False,False,True,False,False,False,-2,-2,False,3.1600000000000006,False,False,False,4.226021194458009,1791.8276999999998,2,0.0002364663115664,0.0002364663115664,92,332,False,332.0,False,False,False,False,0.3818587289702482,1.9943428730266761,0.7615894403639819
ARGTGYTTVSGVYGFDI,H3-7_A,UNK,True,5,37,23,2.5773594437027374e-05,0.0001482924326772,9.03005437663179e-05,False,False,False,False,False,False,False,False,False,False,False,False,False,0,0,False,1.9294117647058824,False,False,False,5.87944984436035,1763.9003000000002,1,0.0001482924326772,0.0001482924326772,721,333,False,333.0,False,False,False,False,0.6088945551073263,5.751425893677562,3.502248066570534
ARGAGEIGIGWYGFDI,H3-7_A,K3-15,True,1,30,23,5.154718887405475e-06,0.0001202371075761,9.03005437663179e-05,False,False,False,False,False,False,False,False,False,False,False,False,False,-1,-1,False,0.6000000000000001,False,False,False,4.370375442504883,1681.8444,1,0.0001202371075761,0.0001202371075761,183,334,False,334.0,False,False,False,False,0.7509581360131261,23.280474735867333,17.48411592865626
ARVRAAKSGYFDY,H3-23_A,K4-1,True,134,29,23,0.0006907323309123,0.0001162292039902,9.03005437663179e-05,False,False,False,False,False,False,False,False,False,False,False,False,False,2,2,False,1.9923076923076928,False,False,False,9.69757843017578,1503.6599,2,0.0006907323309123,0.0001162292039902,968,335,False,335.0,True,True,True,True,0.7768510164086382,0.16826709293563916,0.13072970878598564
ARSVDEGSPSLVAFDY,H1-69,UNK,True,66,114,22,0.0003402114465687,0.0004569010087893,8.637443316778233e-05,False,False,False,False,False,False,False,False,False,True,False,False,False,-2,-2,False,2.2375000000000003,False,False,False,4.050025558471679,1712.8106,1,0.0004569010087893,0.0004569010087893,937,337,False,337.0,False,False,False,False,0.18903994761836226,1.3429518138770222,0.2538770969288116
ARGQGYVDVRSYGFDI,UNK,K3-20,True,5,46,22,2.5773594437027374e-05,0.00018436356495,8.637443316778233e-05,False,False,False,False,False,False,False,False,False,False,False,False,False,0,0,False,1.98125,False,False,False,6.004021835327148,1802.9396,2,0.00018436356495,0.00018436356495,528,338,False,338.0,False,False,False,False,0.4684751482198985,7.150421381327603,3.3499764115022495
ARAGSLSSLWIHPFDP,H1-69,K3-20,True,66,11,22,0.0003402114465687,4.408693944458472e-05,8.637443316778233e-05,False,False,False,False,True,False,False,False,False,False,False,False,False,0,1,False,0.2687500000000001,False,False,False,6.7894336700439455,1753.9536,1,0.0003402114465687,8.637443316778233e-05,23,340,False,340.0,True,True,True,False,1.958739863938323,0.12958306976007278,0.2538770969288116
ARGYGYTYPSSYAFDI,UNK,K1-39,True,13,43,21,6.701134553627119e-05,0.0001723398541924,8.244832256924678e-05,False,False,False,False,False,False,False,False,False,False,False,False,False,0,0,False,1.58125,False,False,False,5.877711868286132,1830.9447,1,0.0001723398541924,0.0001723398541924,785,341,False,341.0,False,False,False,False,0.4783776751978387,2.5714174016266456,1.2301800554664588
ARGSGYTSPYSYAFDI,H3-7_A,K1-39,True,12,28,21,6.18566266488657e-05,0.0001122213004043,8.244832256924678e-05,False,False,False,False,False,False,False,False,False,False,False,False,False,0,0,False,2.10625,False,False,False,5.87858085632324,1754.8488,1,0.0001122213004043,0.0001122213004043,658,342,False,342.0,True,True,False,False,0.7346285953404839,1.8139230548520222,1.3326784897646984
ARGAGYVDEREYSFDI,UNK,K3-15,True,20,76,20,0.0001030943777481,0.0003046006725262,7.852221197071121e-05,False,False,False,False,False,False,False,False,False,True,False,False,False,-2,-2,False,2.5875,False,False,False,4.316753768920899,1847.934,2,0.0003046006725262,0.0003046006725262,200,344,False,344.0,False,False,False,False,0.2577789258646458,2.95429427129066,0.7615798056853916
ARGPGYIDARSYGFDY,H1-69,K1-39,True,8,48,20,4.12377510992438e-05,0.0001923793721218,7.852221197071121e-05,False,False,False,False,False,False,False,False,False,False,False,False,False,0,0,False,2.2125000000000004,False,False,False,6.003152847290039,1807.9147000000005,2,0.0001923793721218,0.0001923793721218,269,345,False,345.0,False,False,False,False,0.4081421499780118,4.663996629996317,1.9036725610029868
ARGYGSVSEGIYGFDI,H3-7_A,UNK,True,4,29,19,2.06188755496219e-05,0.0001162292039902,7.459610137217566e-05,False,False,False,False,False,False,False,False,False,False,False,False,False,-1,-1,False,1.7000000000000002,False,False,False,4.370375442504883,1690.8065,1,0.0001162292039902,0.0001162292039902,768,347,False,347.0,False,False,False,False,0.6417464918158315,5.634296630013376,3.6161011875193023
ARGPGYTTSFSYAFDI,UNK,K3-15,True,5,57,18,2.5773594437027374e-05,0.0002284505043946,7.066999077364009e-05,False,False,False,False,False,False,False,False,False,False,False,False,False,0,0,False,1.56875,False,False,False,5.87944984436035,1752.876,1,0.0002284505043946,0.0002284505043946,449,348,False,348.0,False,False,False,False,0.3093313260465273,8.860304755124684,2.740889791229113
ARGPGYIDARSYGFDY,H3-7_A,K3-15,True,7,36,18,3.6083032211838326e-05,0.0001442845290913,7.066999077364009e-05,False,False,False,False,False,False,False,False,False,False,False,False,False,0,0,False,2.2125000000000004,False,False,False,6.003152847290039,1807.9147000000005,2,0.0001442845290913,0.0001442845290913,269,349,False,349.0,False,False,False,False,0.4897620943682821,3.9975729455054045,1.957995392541741
ARGSGYTSPYSYAFDI,H3-7_A,UNK,True,7,33,18,3.6083032211838326e-05,0.0001322608183337,7.066999077364009e-05,False,False,False,False,False,False,False,False,False,False,False,False,False,0,0,False,2.10625,False,False,False,5.87858085632324,1754.8488,1,0.0001322608183337,0.0001322608183337,658,350,False,350.0,True,True,False,False,0.5342825550179179,3.6644418667135183,1.957995392541741
ARVTGIYSFDY,H3-23_A,K3-20,True,81,18,18,0.0004175322298798,7.21422645456841e-05,7.066999077364009e-05,False,False,False,False,False,False,False,False,False,False,False,False,False,0,0,False,0.8181818181818183,False,False,False,5.87944984436035,1291.4076,1,0.0004175322298798,7.21422645456841e-05,980,352,False,352.0,False,False,False,True,0.979456309772433,0.172778366792868,0.16925231920609377
ARSVDEGSPSLVAFDY,UNK,K3-20,True,51,117,17,0.0002628906632576,0.0004689247195469,6.674388017510453e-05,False,False,False,False,False,False,False,False,False,True,False,False,False,-2,-2,False,2.2375000000000003,False,False,False,4.050025558471679,1712.8106,1,0.0004689247195469,0.0004689247195469,937,353,False,353.0,False,False,False,False,0.14233085628548606,1.783657423060321,0.25387490220862
ARGTGYTTVSGVYGFDI,H3-7_A,K4-1,True,9,66,17,4.639246998664928e-05,0.0002645216366675,6.674388017510453e-05,False,False,False,False,False,False,False,False,False,False,False,False,False,0,0,False,1.9294117647058824,False,False,False,5.87944984436035,1763.9003000000002,1,0.0002645216366675,0.0002645216366675,721,355,False,355.0,False,False,False,False,0.2523096330402155,5.700593885273931,1.438369125486376
ARSVDEGSPSLVAFDY,H1-69,K3-15,True,40,54,17,0.0002061887554962,0.000216426793637,6.674388017510453e-05,False,False,False,False,False,False,False,False,False,True,False,False,False,-2,-2,False,2.2375000000000003,False,False,False,4.050025558471679,1712.8106,1,0.000216426793637,0.000216426793637,937,356,False,356.0,False,False,False,False,0.308375849843003,1.0496028121808354,0.32368711447598697
ARGPGYVTSFAYGFDI,H1-69,K1-39,True,8,44,17,4.12377510992438e-05,0.0001763477577783,6.674388017510453e-05,False,False,False,False,False,False,False,False,False,False,False,False,False,0,0,False,0.9625,False,False,False,5.87944984436035,1720.8771000000002,1,0.0001763477577783,0.0001763477577783,488,357,False,357.0,False,False,False,False,0.3784572962138049,4.2753302441628875,1.6181216768525388
ARGHGTISSGVYGFDI,UNK,K3-20,True,6,40,17,3.092831332443285e-05,0.0001603161434348,6.674388017510453e-05,False,False,False,False,False,False,False,False,False,False,False,False,False,0,1,False,1.7875,False,False,False,6.788309097290039,1636.7625,1,0.0001603161434348,0.0001603161434348,195,358,False,358.0,False,False,False,False,0.4163006652888606,5.181799723651833,2.157321230643657
ARGLGYISDERVYGFDI,H3-7_A,K3-15,True,3,29,17,1.5464156662216426e-05,0.0001162292039902,6.674388017510453e-05,False,False,False,False,False,False,False,False,False,True,False,False,False,-1,-1,False,1.1764705882352944,False,False,False,4.558281326293945,1931.1086,2,0.0001162292039902,0.0001162292039902,338,359,False,359.0,False,False,False,False,0.5741942295194282,7.511181806372639,4.313248316664291
ARGHGTISSGVYGFDI,H3-7_A,UNK,True,5,46,16,2.5773594437027374e-05,0.00018436356495,6.281776957656897e-05,False,False,False,False,False,False,False,False,False,False,False,False,False,0,1,False,1.7875,False,False,False,6.788309097290039,1636.7625,1,0.00018436356495,0.00018436356495,195,360,False,360.0,False,False,False,False,0.34070919870538074,7.150421381327603,2.436346481092545
ARGLGYISDERVYGFDI,H1-69,K1-39,True,7,38,16,3.6083032211838326e-05,0.0001523003362631,6.281776957656897e-05,False,False,False,False,False,False,False,False,False,True,False,False,False,-1,-1,False,1.1764705882352944,False,False,False,4.558281326293945,1931.1086,2,0.0001523003362631,0.0001523003362631,338,361,False,361.0,False,False,False,False,0.41243274171529576,4.21966033136851,1.7404403489259919
ARSISYWSLFRAFDP,H3-23_A,K3-20,True,67,6,16,0.0003453661654561,2.404742151522803e-05,6.281776957656897e-05,False,False,False,False,True,False,False,False,False,False,False,False,False,1,1,False,-0.2199999999999998,False,False,False,8.79022674560547,1816.0229,2,0.0003453661654561,6.281776957656897e-05,921,362,False,362.0,True,True,True,False,2.611159701250865,0.06962675459515646,0.1818821790832396
ARGHGTVTPRSYGFDI,H3-23_A,K3-20,True,9,33,15,4.639246998664928e-05,0.0001322608183337,5.889165897803341e-05,False,False,False,False,False,False,False,False,False,False,False,False,False,1,2,False,2.2437500000000004,False,False,False,8.796192932128907,1733.8811,2,0.0001322608183337,0.0001322608183337,261,363,False,363.0,True,False,False,False,0.4452354625149316,2.8502969426358877,1.2691492283703316
ARGPGTIAEGAYQFDY,H1-69,K3-15,True,18,31,15,9.278493997329856e-05,0.000124245011162,5.889165897803341e-05,False,False,False,False,False,False,False,False,False,False,False,False,False,-1,-1,False,2.35625,False,False,False,4.370375442504883,1715.8161,1,0.000124245011162,0.000124245011162,404,364,False,364.0,False,False,False,False,0.4739580192967205,1.3389201091972374,0.6346429987990648
ARGPGYIDARSYGFDY,UNK,K1-39,True,5,25,15,2.5773594437027374e-05,0.0001001975896467,5.889165897803341e-05,False,False,False,False,False,False,False,False,False,False,False,False,False,0,0,False,2.2125000000000004,False,False,False,6.003152847290039,1807.9147000000005,2,0.0001001975896467,0.0001001975896467,269,365,False,365.0,False,False,False,False,0.5876965925002948,3.8860985768069622,2.2840748260242614
ARPISLLGFDY,H3-23_A,K1-39,True,47,6,15,0.000242271787708,2.404742151522803e-05,5.889165897803341e-05,False,False,False,False,False,False,False,False,False,False,False,False,False,0,0,False,-0.627272727272727,False,False,False,5.880318832397459,1251.4299,1,0.000242271787708,5.889165897803341e-05,904,366,False,366.0,False,False,False,False,2.4479622199226863,0.09925393791550763,0.243070928009703
ARGAGYVDEREYSFDI,H1-69,K3-15,True,35,95,14,0.0001804151610591,0.0003807508406577,5.496554837949785e-05,False,False,False,False,False,False,False,False,False,True,False,False,False,-2,-2,False,2.5875,False,False,False,4.316753768920899,1847.934,2,0.0003807508406577,0.0003807508406577,200,367,False,367.0,False,False,False,False,0.14435714629832774,2.1102979120133996,0.30464458536075995
ARGTGVISPYGEYGFDY,H3-7_A,K4-1,True,5,52,14,2.5773594437027374e-05,0.0002084109864653,5.496554837949785e-05,False,False,False,False,False,False,False,False,False,False,False,False,False,-1,-1,False,2.0058823529411764,False,False,False,4.370375442504883,1851.9639,1,0.0002084109864653,0.0002084109864653,699,368,False,368.0,True,True,False,False,0.26372367443260836,8.083085039764843,2.131803170955977
ARGPGYIIPKSSYAFDI,H3-7_A,K1-39,True,1,30,14,5.154718887405475e-06,0.0001202371075761,5.496554837949785e-05,False,False,False,False,False,False,False,False,False,False,False,False,False,1,1,False,0.923529411764706,False,False,False,8.54006805419922,1855.0971,1,0.0001202371075761,0.0001202371075761,439,369,False,369.0,False,False,False,False,0.45710495235581583,23.280474735867333,10.642505347877723
ARGTGYVNDAEFGFDI,H1-69,K3-15,True,11,27,14,5.670190776146023e-05,0.0001082133968185,5.496554837949785e-05,False,False,False,False,False,False,False,False,False,True,False,False,False,-2,-2,False,2.09375,False,False,False,4.050025558471679,1731.8154,1,0.0001082133968185,0.0001082133968185,736,370,False,370.0,False,False,False,False,0.507889698488025,1.9081247852508092,0.9692064779533099
ARSRGDAYPLFDY,H3-7_A,K3-20,True,124,11,14,0.0006391851420382,4.408693944458472e-05,5.496554837949785e-05,False,False,False,False,False,False,False,False,False,False,False,False,False,0,0,False,1.9,False,False,False,6.004021835327148,1530.6389,2,0.0006391851420382,5.496554837949785e-05,932,371,False,371.0,True,True,True,True,1.2464708225062056,0.06897258215074163,0.08599181183422223
ARVRQSFGWYASYFDP,H3-23_A,K1-39,True,87,4,14,0.0004484605432042,1.6031614343485354e-05,5.496554837949785e-05,False,False,False,False,True,False,False,False,False,False,False,False,False,1,1,False,0.8437500000000001,False,False,False,8.632579040527343,1950.1151,2,0.0004484605432042,5.496554837949785e-05,975,372,False,372.0,False,False,False,True,3.426434971105003,0.03574730734586007,0.12256222668892357
ARGLGYISDERVYGFDI,H3-7_A,K3-20,True,3,34,13,1.5464156662216426e-05,0.0001362687219196,5.103943778096229e-05,False,False,False,False,False,False,False,False,False,True,False,False,False,-1,-1,False,1.1764705882352944,False,False,False,4.558281326293945,1931.1086,2,0.0001362687219196,0.0001362687219196,338,373,False,373.0,False,False,False,False,0.3745224277277409,8.806213152302522,3.298366359802105
ARGYGYTYPSSYAFDI,H3-7_A,K3-20,True,3,31,13,1.5464156662216426e-05,0.000124245011162,5.103943778096229e-05,False,False,False,False,False,False,False,False,False,False,False,False,False,0,0,False,1.58125,False,False,False,5.877711868286132,1830.9447,1,0.000124245011162,0.000124245011162,785,374,False,374.0,False,False,False,False,0.41076361672382444,8.029194344747177,3.298366359802105
ARVRFYAGTSNWAFDP,H5-51,K1-39,True,84,8,13,0.000432996386542,3.206322868697071e-05,5.103943778096229e-05,False,False,False,False,True,False,False,False,False,False,False,False,False,1,1,False,1.0750000000000002,False,False,False,8.79022674560547,1858.0198,2,0.000432996386542,5.103943778096229e-05,972,375,False,375.0,True,True,True,True,1.5913408119618568,0.07404793481922627,0.11787225169717365
ARPWAADAFDY,H3-23_A,K3-20,True,53,7,13,0.0002732001010324,2.8055325101099366e-05,5.103943778096229e-05,False,False,False,False,False,False,False,False,False,False,False,False,False,-1,-1,False,1.2363636363636366,False,False,False,4.207874679565429,1282.3595,1,0.0002732001010324,5.103943778096229e-05,912,376,False,376.0,True,True,True,False,1.8185942117935054,0.10268773004762473,0.18681387543174885
ARAGSIATYWRHGFDY,H1-69,K3-20,True,37,16,12,0.000190724598834,6.412645737394142e-05,4.711332718242673e-05,False,False,False,False,False,False,False,False,False,False,False,False,False,1,2,False,1.18125,False,False,False,8.638685607910158,1871.0186,2,0.000190724598834,6.412645737394142e-05,22,377,False,377.0,True,True,True,False,0.7345795061260872,0.336207786977086,0.2470098632887805
ARVKSTVAFDY,H3-23_A,K3-20,True,41,12,12,0.0002113434743836,4.809484303045606e-05,4.711332718242673e-05,False,False,False,False,False,False,False,False,False,False,False,False,False,1,1,False,1.5727272727272728,False,False,False,8.63377227783203,1256.4067,1,0.0002113434743836,4.809484303045606e-05,956,378,False,378.0,False,False,False,False,0.9793884402158513,0.2275564344079124,0.22291248024112206
ARGAGYVDEREYSFDI,H3-7_A,K1-39,True,13,55,11,6.701134553627119e-05,0.0002204346972229,4.318721658389117e-05,False,False,False,False,False,False,False,False,False,True,False,False,False,-2,-2,False,2.5875,False,False,False,4.316753768920899,1847.934,2,0.0002204346972229,0.0002204346972229,200,379,False,379.0,False,False,False,False,0.19590952800385547,3.2890222578954833,0.6443800290538593
ARGTGVIFDREYSFDI,H1-69,K4-1,True,8,34,11,4.12377510992438e-05,0.0001362687219196,4.318721658389117e-05,False,False,False,False,False,False,False,False,False,True,False,False,False,-1,-1,False,1.3375,False,False,False,4.558281326293945,1846.0042,2,0.0001362687219196,0.0001362687219196,517,380,False,380.0,False,False,False,False,0.31690359269270385,3.3036642795805227,1.0470199085516427
ARGTGVIFDREYSFDI,H3-7_A,K1-39,True,8,26,11,4.12377510992438e-05,0.0001042054932326,4.318721658389117e-05,False,False,False,False,False,False,False,False,False,True,False,False,False,-1,-1,False,1.3375,False,False,False,4.558281326293945,1846.0042,2,0.0001042054932326,0.0001042054932326,517,381,False,381.0,False,False,False,False,0.4144030339855613,2.5263315079136617,1.0470199085516427
ARGPGYTKSGSYGFDI,H3-7_A,K3-20,True,5,25,11,2.5773594437027374e-05,0.0001001975896467,4.318721658389117e-05,False,False,False,False,False,False,False,False,False,False,False,False,False,1,1,False,2.75625,False,False,False,8.54006805419922,1675.7953,1,0.0001001975896467,0.0001001975896467,454,382,False,382.0,False,False,False,False,0.4309775011668829,3.8860985768069622,1.6749882057511247
AREEGYPISGEFDY,H3-23_A,K1-39,True,20,39,10,0.0001030943777481,0.0001563082398489,3.9261105985355606e-05,False,False,False,False,False,False,False,False,False,True,False,False,False,-3,-3,False,2.7642857142857147,False,False,False,4.050025558471679,1632.6812,1,0.0001563082398489,0.0001563082398489,128,384,False,384.0,True,False,False,False,0.2511613873295022,1.5160194286879392,0.3807899028426958
ARGTGVIFDREYSFDI,UNK,K4-1,True,11,36,10,5.670190776146023e-05,0.0001442845290913,3.9261105985355606e-05,False,False,False,False,False,False,False,False,False,True,False,False,False,-1,-1,False,1.3375,False,False,False,4.558281326293945,1846.0042,2,0.0001442845290913,0.0001442845290913,517,385,False,385.0,False,False,False,False,0.2720900524268234,2.544166380333824,0.6922903413952213
ARGTGYVSPAGAYGFDI,H3-7_A,K4-1,True,3,25,10,1.5464156662216426e-05,0.0001001975896467,3.9261105985355606e-05,False,False,False,False,False,False,False,False,False,False,False,False,False,0,0,False,1.9058823529411768,False,False,False,5.87944984436035,1701.8325,1,0.0001001975896467,0.0001001975896467,348,386,False,386.0,False,False,False,False,0.3917977283335299,6.475156729630026,2.537204892155465
ARGPYEDAGRYGFDP,H1-69,K4-1,True,90,11,10,0.0004639246998664,4.408693944458472e-05,3.9261105985355606e-05,False,False,False,False,True,False,False,False,False,True,False,False,False,-1,-1,False,3.246666666666667,False,False,False,4.558281326293945,1670.7358,2,0.0004639246998664,4.408693944458472e-05,508,387,False,387.0,True,True,True,True,0.8903363017901468,0.09502832932583077,0.08462636228042801
ARAERYWFDYFDY,H3-23_A,K3-15,True,78,10,10,0.0004020680732176,4.0079035858713385e-05,3.9261105985355606e-05,False,False,False,True,False,False,False,False,False,False,False,False,False,-1,-1,False,0.4846153846153848,False,False,False,4.558281326293945,1801.9084,2,0.0004020680732176,4.0079035858713385e-05,12,388,False,388.0,True,True,True,False,0.9793477229964903,0.09967973517676273,0.09764547882746133
ARTAGYASSLPSGFDI,H1-69,K1-39,True,28,3,10,0.0001443321288473,1.2023710757614016e-05,3.9261105985355606e-05,False,False,False,False,False,False,False,False,False,False,False,False,False,0,0,False,1.9,False,False,False,5.880318832397459,1612.7379,1,0.0001443321288473,3.9261105985355606e-05,942,389,False,389.0,True,True,True,False,3.262593457343502,0.08330007914968428,0.27200032519189227
ARGTGYIAEPRTYGFDI,H3-7_A,UNK,True,2,26,9,1.030943777481095e-05,0.0001042054932326,3.5334995386820044e-05,False,False,False,False,False,False,False,False,False,False,False,False,False,0,0,False,1.823529411764706,False,False,False,6.113258743286132,1887.0562,2,0.0001042054932326,0.0001042054932326,709,390,False,390.0,True,True,False,False,0.3390570278063683,10.097981644596818,3.4241202047916195
ARGIGSYWSDPESFDI,H5-51,K3-20,True,121,24,8,0.000623720985376,9.618968606091212e-05,3.140888478828448e-05,False,False,False,False,True,False,False,False,False,True,False,False,False,-2,-2,False,1.875,False,False,False,4.050025558471679,1799.8895000000002,1,0.000623720985376,9.618968606091212e-05,281,392,False,392.0,True,True,True,True,0.3264967493594197,0.15421662273668618,0.05035646059711215
ARETLEGWEFDY,H3-7_A,K1-39,True,67,8,8,0.0003453661654561,3.206322868697071e-05,3.140888478828448e-05,False,False,False,False,False,False,False,False,False,True,False,False,False,-3,-3,False,1.6916666666666669,False,False,False,4.050025558471679,1515.578,1,0.0003453661654561,3.206322868697071e-05,156,393,False,393.0,True,True,True,False,0.9792866535149888,0.09283567279354196,0.0909410895416198
ARDLWGLDRPGDIFDP,H3-23_A,K4-1,True,65,8,8,0.0003350567276813,3.206322868697071e-05,3.140888478828448e-05,False,False,False,False,True,False,False,False,False,False,False,False,False,-2,-2,False,1.2812500000000002,False,False,False,4.13912239074707,1843.0037,2,0.0003350567276813,3.206322868697071e-05,104,394,False,394.0,True,True,True,False,0.9792866535149888,0.09569206978219506,0.09373919340078184
ARGYPPWGYGQYEAFDY,H3-23_A,K1-39,True,16,36,7,8.24755021984876e-05,0.0001442845290913,2.7482774189748925e-05,False,False,False,False,False,False,False,False,False,False,False,False,False,-1,-1,False,1.5705882352941178,False,False,False,4.370324325561524,2040.1482,1,0.0001442845290913,0.0001442845290913,789,396,False,396.0,True,False,False,False,0.19046303669877637,1.7492107733563087,0.33318308620606096
ARHQLYRGYFDY,H3-23_A,K4-1,True,78,3,7,0.0004020680732176,1.2023710757614016e-05,2.7482774189748925e-05,False,False,False,False,False,False,False,False,False,False,False,False,False,1,2,False,0.8500000000000002,False,False,False,8.545542907714843,1588.7228,2,0.0004020680732176,2.7482774189748925e-05,798,397,False,397.0,False,False,False,False,2.2838154201404515,0.02990392055302882,0.06835183517922293
ARHHVYRGYFDY,H3-23_A,K4-1,True,25,3,7,0.0001288679721851,1.2023710757614016e-05,2.7482774189748925e-05,False,False,False,False,False,False,False,False,False,False,False,False,False,1,3,False,0.9833333333333334,False,False,False,8.55157928466797,1583.7062999999998,2,0.0001288679721851,2.7482774189748925e-05,798,398,False,398.0,False,False,False,False,2.2838154201404515,0.09329531302948384,0.21324648210849406
ARAWYAGYTYNFDY,H4-34,K3-20,True,37,1,7,0.000190724598834,4.0079035858713385e-06,2.7482774189748925e-05,False,False,False,False,False,False,False,False,False,False,False,False,False,0,0,False,0.8285714285714286,False,False,False,5.877711868286132,1760.8564,1,0.000190724598834,2.7482774189748925e-05,59,400,False,400.0,False,False,False,False,6.840078066181098,0.021012986686067874,0.1440890869184553
ARGVPLYGWSPDVFDY,H5-51,K1-39,True,464,17,6,0.0023917895637561,6.813436095981275e-05,2.3556663591213364e-05,False,False,False,False,False,False,False,False,False,False,False,False,False,-1,-1,False,0.5500000000000002,False,False,False,4.207874679565429,1842.0137,1,0.0023917895637561,6.813436095981275e-05,749,403,False,403.0,True,True,True,True,0.3456876439872347,0.028486651637653966,0.00984892879327221
ARVPYPTYADFDY,H3-23_A,K3-15,True,70,6,6,0.0003608303221183,2.404742151522803e-05,2.3556663591213364e-05,False,False,False,False,False,False,False,False,False,True,False,False,False,-1,-1,False,1.4769230769230772,False,False,False,4.207874679565429,1577.6903,1,0.0003608303221183,2.404742151522803e-05,966,405,False,405.0,True,True,True,False,0.9791848879690745,0.06664283352275743,0.06528279171497472
ARETSSSWDESGFDY,H3-23_A,K3-20,True,20,6,6,0.0001030943777481,2.404742151522803e-05,2.3556663591213364e-05,False,False,False,False,False,False,False,False,False,True,False,False,False,-3,-3,False,3.8466666666666662,False,False,False,4.050025558471679,1736.703,1,0.0001030943777481,2.404742151522803e-05,157,406,False,406.0,True,True,True,False,0.9791848879690745,0.23323375825980558,0.2284739417056175
AREPDAPGSPFDY,H1-69,K3-15,True,23,4,6,0.0001185585344103,1.6031614343485354e-05,2.3556663591213364e-05,False,False,False,False,False,False,False,False,False,True,False,False,False,-2,-2,False,3.353846153846154,False,False,False,4.050025558471679,1421.4668,1,0.0001185585344103,2.3556663591213364e-05,142,407,False,407.0,True,True,True,False,1.4684721304735728,0.13520968630689842,0.1986755061819083
AREDPGYPPFDY,H3-23_A,K3-15,True,31,3,6,0.0001597962855095,1.2023710757614016e-05,2.3556663591213364e-05,False,False,False,False,True,False,False,False,False,True,False,False,False,-2,-2,False,2.7583333333333333,False,False,False,4.050025558471679,1426.4848,1,0.0001597962855095,2.3556663591213364e-05,124,408,False,408.0,False,False,False,False,1.9575560744061014,0.07523928560932132,0.14740761614043643
ARHWYGAFDY,H3-23_A,K4-1,True,36,2,6,0.0001855698799465,8.015807171742677e-06,2.3556663591213364e-05,False,False,False,True,False,False,False,False,False,False,False,False,False,0,1,False,0.3200000000000002,False,False,False,6.787184524536133,1285.3649,1,0.0001855698799465,2.3556663591213364e-05,810,409,False,409.0,False,False,False,False,2.9351145731673998,0.04319329861649613,0.12693543932674387
ARGLGYTDRPGAYGFDI,UNK,K3-20,True,30,183,5,0.0001546415666221,0.0007334463562144,1.9630552992677803e-05,False,False,False,False,False,False,False,False,False,False,False,False,False,0,0,False,1.911764705882353,False,False,False,6.004021835327148,1828.977,2,0.0007334463562144,0.0007334463562144,341,410,False,410.0,False,False,False,False,0.026764445936493464,4.742573077236381,0.12693407135438975
ARGLGYTDRPGAYGFDI,H1-69,K3-20,True,50,177,5,0.0002577359443702,0.0007093989346992,1.9630552992677803e-05,False,False,False,False,False,False,False,False,False,False,False,False,False,0,0,False,1.911764705882353,False,False,False,6.004021835327148,1828.977,2,0.0007093989346992,0.0007093989346992,341,411,False,411.0,False,False,False,False,0.02767170250118354,2.7523185143906344,0.07616241272251592
ARGTGYTTVSGVYGFDI,H3-23_A,K3-15,True,13,50,5,6.701134553627119e-05,0.0002003951792935,1.9630552992677803e-05,False,False,False,False,False,False,False,False,False,False,False,False,False,0,0,False,1.9294117647058824,False,False,False,5.87944984436035,1763.9003000000002,1,0.0002003951792935,0.0002003951792935,721,412,False,412.0,False,False,False,False,0.09795431965322718,2.990020234449761,0.29290001320629966
ARGTGVISPYGEYGFDY,H3-23_A,K1-39,True,20,32,5,0.0001030943777481,0.0001282529147478,1.9630552992677803e-05,False,False,False,False,False,False,False,False,False,False,False,False,False,-1,-1,False,2.0058823529411764,False,False,False,4.370375442504883,1851.9639,1,0.0001282529147478,0.0001282529147478,699,413,False,413.0,True,False,False,False,0.15304932864871226,1.2439133773848263,0.1903949514213479
ARGTGYVSPAGAYGFDI,H3-23_A,K3-20,True,4,27,5,2.06188755496219e-05,0.0001082133968185,1.9630552992677803e-05,False,False,False,False,False,False,False,False,False,False,False,False,False,0,0,False,1.9058823529411768,False,False,False,5.87944984436035,1701.8325,1,0.0001082133968185,0.0001082133968185,348,414,False,414.0,False,False,False,False,0.1813891780314375,5.245724448634982,0.9516055756629742
ARHHLYRGYFDY,H3-23_A,K4-1,True,45,3,5,0.0002319623499332,1.2023710757614016e-05,1.9630552992677803e-05,False,False,False,False,False,False,False,False,False,False,False,False,False,1,3,False,0.5250000000000002,False,False,False,8.55157928466797,1597.7329,2,0.0002319623499332,1.9630552992677803e-05,798,415,False,415.0,False,False,False,False,1.631296728671751,0.051832516940387194,0.0846245382190193
ARGLGYTDRPGAYGFDI,H3-7_A,UNK,True,32,137,4,0.0001649510043969,0.0005490827912643,1.570444239414224e-05,False,False,False,False,False,False,False,False,False,False,False,False,False,0,0,False,1.911764705882353,False,False,False,6.004021835327148,1828.977,2,0.0005490827912643,0.0005490827912643,341,416,False,416.0,False,False,False,False,0.028600707647212717,3.3285611546301817,0.09520093825542544
ARGPGHIYPRSYGFDI,UNK,K3-15,True,6,38,4,3.092831332443285e-05,0.0001523003362631,1.570444239414224e-05,False,False,False,False,False,False,False,False,False,False,False,False,False,1,2,False,1.3375,False,False,False,8.638685607910158,1805.9883,2,0.0001523003362631,0.0001523003362631,380,417,False,417.0,False,False,False,False,0.10310818542882394,4.922709737470535,0.5076049954455663
ARGHGQVTPRSYGFDI,H3-23_A,K3-15,True,17,28,4,8.763022108589308e-05,0.0001122213004043,1.570444239414224e-05,False,False,False,False,False,False,False,False,False,False,False,False,False,1,2,False,2.29375,False,False,False,8.796192932128907,1760.9064,2,0.0001122213004043,0.0001122213004043,261,420,False,420.0,False,False,False,False,0.13992925625533023,1.2804771486634643,0.1791921813929574
ARGPGIIDARSYGFDI,H1-69,K3-20,True,8,26,4,4.12377510992438e-05,0.0001042054932326,1.570444239414224e-05,False,False,False,False,False,False,False,False,False,False,False,False,False,0,0,False,1.4500000000000002,False,False,False,6.004890823364257,1707.8835,2,0.0001042054932326,0.0001042054932326,381,421,False,421.0,False,False,False,False,0.15069201235838592,2.5263315079136617,0.38073451220059734
ARGTGVIFDREYSFDI,H3-7_A,K3-20,True,7,25,4,3.6083032211838326e-05,0.0001001975896467,1.570444239414224e-05,False,False,False,False,False,False,False,False,False,True,False,False,False,-1,-1,False,1.3375,False,False,False,4.558281326293945,1846.0042,2,0.0001001975896467,0.0001001975896467,517,422,False,422.0,False,False,False,False,0.15671909133341194,2.7760923232666417,0.43511008723149797
ARFTRDPQTTDWFDP,H3-23_A,K1-39,True,62,18,4,0.0003195925710191,7.21422645456841e-05,1.570444239414224e-05,False,False,False,False,True,False,False,False,False,False,False,False,False,-1,-1,False,2.526666666666667,False,False,False,4.429057693481445,1852.9556,2,0.0003195925710191,7.21422645456841e-05,177,423,False,423.0,True,True,True,False,0.21765695772720733,0.22572491928224428,0.0491374094522028
AREDPGYPPFDY,H3-23_A,K3-20,True,28,11,4,0.0001443321288473,4.408693944458472e-05,1.570444239414224e-05,False,False,False,False,True,False,False,False,False,True,False,False,False,-2,-2,False,2.7583333333333333,False,False,False,4.050025558471679,1426.4848,1,0.0001443321288473,4.408693944458472e-05,124,424,False,424.0,False,False,False,False,0.35613452071605867,0.30543362354884235,0.10880013007675689
ARGISSYRETYFDY,H3-23_A,K4-1,True,27,11,4,0.0001391774099599,4.408693944458472e-05,1.570444239414224e-05,False,False,False,False,False,False,False,False,False,False,False,False,False,0,0,False,2.092857142857143,False,False,False,6.112389755249024,1727.8267999999998,2,0.0001391774099599,4.408693944458472e-05,292,425,False,425.0,True,True,True,False,0.35613452071605867,0.3167451672337764,0.11282947501262294
AREEPGYPPFDY,H3-23_A,K3-15,True,42,6,4,0.000216498193271,2.404742151522803e-05,1.570444239414224e-05,False,False,False,False,False,False,False,False,False,True,False,False,False,-2,-2,False,2.575,False,False,False,4.137435531616211,1440.5114,1,0.000216498193271,2.404742151522803e-05,124,426,False,426.0,True,True,True,False,0.6527899253127163,0.11106933715496041,0.07253509512448442
AREARLLATFGTFDI,H3-23_A,K3-20,True,29,6,4,0.0001494868477347,2.404742151522803e-05,1.570444239414224e-05,False,False,False,False,False,False,False,False,False,False,False,False,False,0,0,False,0.2533333333333336,False,False,False,6.1150478363037095,1680.9013,2,0.0001494868477347,2.404742151522803e-05,123,427,False,427.0,False,False,False,False,0.6527899253127163,0.1608557095324381,0.10504865241046185
ARVRSSKSGYFDY,H3-23_A,K4-1,True,20,3,4,0.0001030943777481,1.2023710757614016e-05,1.570444239414224e-05,False,False,False,False,False,False,False,False,False,False,False,False,False,2,2,False,2.669230769230769,False,False,False,9.69757843017578,1535.6587,2,0.0001030943777481,1.570444239414224e-05,955,428,False,428.0,False,False,False,False,1.305037382937401,0.11661687912990279,0.15231596113707832
ARVPYLGDNFDY,H3-23_A,K3-20,True,23,1,4,0.0001185585344103,4.0079035858713385e-06,1.570444239414224e-05,False,False,False,False,False,False,False,False,False,False,False,False,False,-1,-1,False,1.2666666666666668,False,False,False,4.207874679565429,1429.5316,1,0.0001185585344103,1.570444239414224e-05,965,429,False,429.0,False,False,False,False,3.90861603781777,0.033802421576724605,0.13245033745460552
ARHDRYNYLIFDY,H3-23_A,K3-20,True,22,1,4,0.0001134038155229,4.0079035858713385e-06,1.570444239414224e-05,False,False,False,False,False,False,False,False,False,False,False,False,False,0,1,False,0.5769230769230771,False,False,False,6.789382553100586,1745.8899,2,0.0001134038155229,1.570444239414224e-05,794,430,False,430.0,False,False,False,False,3.90861603781777,0.035338759809752464,0.1384702764979393
ARGLGYTDRPGAYGFDI,H3-7_A,K4-1,True,17,34,3,8.763022108589308e-05,0.0001362687219196,1.1778331795606682e-05,False,False,False,False,False,False,False,False,False,False,False,False,False,0,0,False,1.911764705882353,False,False,False,6.004021835327148,1828.977,2,0.0001362687219196,0.0001362687219196,341,431,False,431.0,False,False,False,False,0.0864282525525556,1.554865109092409,0.13439413604471806
ARGPGIIDARSYGFDI,UNK,K3-20,True,6,28,3,3.092831332443285e-05,0.0001122213004043,1.1778331795606682e-05,False,False,False,False,False,False,False,False,False,False,False,False,False,0,0,False,1.4500000000000002,False,False,False,6.004890823364257,1707.8835,2,0.0001122213004043,0.0001122213004043,381,432,False,432.0,False,False,False,False,0.10494694219149768,3.6272598065543438,0.3807037465841747
ARGPGYIGIGEYAFDY,H3-7_A,K4-1,True,5,28,3,2.5773594437027374e-05,0.0001122213004043,1.1778331795606682e-05,False,False,False,False,False,False,False,False,False,False,False,False,False,-1,-1,False,1.2625000000000002,False,False,False,4.370375442504883,1748.8872,1,0.0001122213004043,0.0001122213004043,434,433,False,433.0,True,True,False,False,0.10494694219149768,4.352430406023642,0.4568149652048522
ARVLSYDAFDY,H3-23_A,K3-20,True,101,25,3,0.0005206266076279,0.0001001975896467,1.1778331795606682e-05,False,False,False,False,False,False,False,False,False,False,False,False,False,-1,-1,False,0.8181818181818183,False,False,False,4.207874679565429,1319.4177,1,0.0005206266076279,0.0001001975896467,961,434,False,434.0,True,True,True,True,0.11753931850005897,0.19245206383626295,0.022622942034887947
ARGPGYIDARSYGFDY,H3-7_A,K3-20,True,8,25,3,4.12377510992438e-05,0.0001001975896467,1.1778331795606682e-05,False,False,False,False,False,False,False,False,False,False,False,False,False,0,0,False,2.2125000000000004,False,False,False,6.003152847290039,1807.9147000000005,2,0.0001001975896467,0.0001001975896467,269,435,False,435.0,False,False,False,False,0.11753931850005897,2.429164911454698,0.28555088415044805
ARSIGTSYLLLDPFDY,H3-7_A,K3-20,True,20,8,3,0.0001030943777481,3.206322868697071e-05,1.1778331795606682e-05,False,False,False,False,True,False,False,False,False,False,False,False,False,-1,-1,False,0.2312500000000002,False,False,False,4.207874679565429,1831.0293,1,0.0001030943777481,3.206322868697071e-05,920,436,False,436.0,True,True,True,False,0.36723249506812083,0.3109783443464074,0.11423697085280875
ARWYRSGSWPKGFDY,H3-23_A,K3-15,True,35,5,3,0.0001804151610591,2.0039517929356693e-05,1.1778331795606682e-05,False,False,False,False,False,False,False,False,False,False,False,False,False,2,2,False,1.3133333333333337,False,False,False,9.69757843017578,1876.0367,2,0.0001804151610591,2.0039517929356693e-05,996,438,False,438.0,True,True,True,False,0.5874620944556845,0.11106831115862248,0.0652809825773057
ARHWYGTFDY,H3-7_A,K4-1,True,22,5,3,0.0001134038155229,2.0039517929356693e-05,1.1778331795606682e-05,False,False,False,True,False,False,False,False,False,False,False,False,False,0,1,False,0.6300000000000001,False,False,False,6.787184524536133,1315.3909,1,0.0001134038155229,2.0039517929356693e-05,810,439,False,439.0,False,False,False,False,0.5874620944556845,0.17669379904876234,0.10385270737345448
ARHWYGSFDY,H3-23_A,K4-1,True,31,4,3,0.0001597962855095,1.6031614343485354e-05,1.1778331795606682e-05,False,False,False,True,False,False,False,False,False,False,False,False,False,0,1,False,0.7600000000000001,False,False,False,6.787184524536133,1301.3643,1,0.0001597962855095,1.6031614343485354e-05,810,440,False,440.0,False,False,False,False,0.7342360652367864,0.10031904747909508,0.07370380807021822
ARLGVWDIYEKGFDI,H3-23_A,K3-20,True,91,2,3,0.0004690794187538,8.015807171742677e-06,1.1778331795606682e-05,False,False,False,False,False,False,False,False,False,False,False,False,False,-1,-1,False,0.0800000000000001,False,False,False,4.558281326293945,1782.0033,1,0.0004690794187538,1.1778331795606682e-05,840,441,False,441.0,True,True,True,False,1.4675572865836999,0.01708801531494307,0.02510892662404841
ARELPGYPDFDY,H3-23_A,K1-39,True,20,1,3,0.0001030943777481,4.0079035858713385e-06,1.1778331795606682e-05,False,False,False,False,False,False,False,False,False,True,False,False,False,-2,-2,False,1.8166666666666669,False,False,False,4.050025558471679,1442.5272,1,0.0001030943777481,1.1778331795606682e-05,140,442,False,442.0,True,True,False,False,2.931462028363328,0.03887229304330093,0.11423697085280875
ARGLGYTDRPGAYGFDI,H3-7_A,K3-15,True,28,199,2,0.0001443321288473,0.0007975728135883,7.85222119707112e-06,False,False,False,False,False,False,False,False,False,False,False,False,False,0,0,False,1.911764705882353,False,False,False,6.004021835327148,1828.977,2,0.0007975728135883,0.0007975728135883,341,443,False,443.0,False,False,False,False,0.009845023066312355,5.5255719169283894,0.054400065038378444
ARGLGYTDRPGAYGFDI,H3-7_A,K1-39,True,24,134,2,0.0001237132532977,0.0005370590805067,7.85222119707112e-06,False,False,False,False,False,False,False,False,False,False,False,False,False,0,0,False,1.911764705882353,False,False,False,6.004021835327148,1828.977,2,0.0005370590805067,0.0005370590805067,341,444,False,444.0,False,False,False,False,0.014620505037569672,4.340809558365242,0.06346600972557108
ARGPGIIDARSYGFDI,H3-7_A,K3-15,True,6,48,2,3.092831332443285e-05,0.0001923793721218,7.85222119707112e-06,False,False,False,False,False,False,False,False,False,False,False,False,False,0,0,False,1.4500000000000002,False,False,False,6.004890823364257,1707.8835,2,0.0001923793721218,0.0001923793721218,381,445,False,445.0,False,False,False,False,0.040814214997801176,6.2181596683834925,0.2538024977227831
ARGPGHIYPRSYGFDI,H3-7_A,K3-20,True,6,42,2,3.092831332443285e-05,0.0001683319506065,7.85222119707112e-06,False,False,False,False,False,False,False,False,False,False,False,False,False,1,2,False,1.3375,False,False,False,8.638685607910158,1805.9883,2,0.0001683319506065,0.0001683319506065,380,446,False,446.0,False,False,False,False,0.046644470785690964,5.440889709833133,0.2538024977227831
ARGLGYTDRPGAYGFDI,H3-23_A,K3-20,True,25,30,2,0.0001288679721851,0.0001202371075761,7.85222119707112e-06,False,False,False,False,False,False,False,False,False,False,False,False,False,0,0,False,1.911764705882353,False,False,False,6.004021835327148,1828.977,2,0.0001288679721851,0.0001202371075761,341,447,False,447.0,False,False,False,False,0.06530070747940225,0.9329531302945268,0.06092756631671259
ARAVYPGYTFDY,H3-23_A,K3-20,True,30,11,2,0.0001546415666221,4.408693944458472e-05,7.85222119707112e-06,False,False,False,False,False,False,False,False,False,False,False,False,False,0,0,False,1.0666666666666669,False,False,False,5.87858085632324,1422.539,1,0.0001546415666221,4.408693944458472e-05,57,448,False,448.0,False,False,False,False,0.17806726035802933,0.28507269863171636,0.050773628541755905
ARVRAVDAFDY,H3-23_A,K3-20,True,31,8,2,0.0001597962855095,3.206322868697071e-05,7.85222119707112e-06,False,False,False,False,False,False,False,False,False,False,False,False,False,0,0,False,1.4727272727272729,False,False,False,6.004890823364257,1282.4042,2,0.0001597962855095,3.206322868697071e-05,969,449,False,449.0,True,True,True,False,0.2448216633787472,0.20063809495819016,0.04913587204681214
AREGYSGYWPEAFDY,H1-69,K3-15,True,23,8,2,0.0001185585344103,3.206322868697071e-05,7.85222119707112e-06,False,False,False,False,False,False,False,False,False,False,False,False,False,-2,-2,False,1.94,False,False,False,4.137435531616211,1810.8706,1,0.0001185585344103,3.206322868697071e-05,135,450,False,450.0,False,False,False,False,0.2448216633787472,0.27041937261379684,0.06622516872730276
ARWLGPAGPGFDY,H3-23_A,K3-20,True,39,7,2,0.0002010340366088,2.8055325101099366e-05,7.85222119707112e-06,False,False,False,False,False,False,False,False,False,False,False,False,False,0,0,False,0.7230769230769233,False,False,False,5.880318832397459,1406.543,1,0.0002010340366088,2.8055325101099366e-05,991,451,False,451.0,True,True,False,False,0.27978372489130854,0.13954815857428593,0.039057220146998466
ARDLPPGYWVPPYGFDY,H3-23_A,K3-20,True,28,4,2,0.0001443321288473,1.6031614343485354e-05,7.85222119707112e-06,False,False,False,False,False,False,False,False,False,False,False,False,False,-1,-1,False,0.4882352941176472,False,False,False,4.207874679565429,2013.209,1,0.0001443321288473,1.6031614343485354e-05,99,452,False,452.0,True,True,True,False,0.48949071015785756,0.11106677219957904,0.054400065038378444
ARTFAPVDLDY,H3-23_A,K3-20,True,21,2,2,0.0001082490966355,8.015807171742677e-06,7.85222119707112e-06,False,False,False,False,False,False,False,False,False,True,False,False,False,-1,-1,False,1.063636363636364,False,False,False,4.207874679565429,1267.3863,1,0.0001082490966355,8.015807171742677e-06,944,453,False,453.0,True,True,True,False,0.9783715243891332,0.07404280490840673,0.07253174505518868
ARHGSLLLRYNAFDY,H1-69,K3-15,True,109,1,2,0.0005618643587271,4.0079035858713385e-06,7.85222119707112e-06,False,False,False,False,False,False,False,False,False,False,False,False,False,1,2,False,0.2200000000000002,False,False,False,8.638685607910158,1795.9933999999998,2,0.0005618643587271,7.85222119707112e-06,796,454,False,454.0,True,True,True,True,1.954308018908885,0.007133095724373427,0.013975048113709903
ARGPLVYAGDYTFDY,H4-34,K4-1,True,22,1,2,0.0001134038155229,4.0079035858713385e-06,7.85222119707112e-06,False,False,False,False,False,False,False,False,False,False,False,False,False,-1,-1,False,1.2866666666666668,False,False,False,4.207874679565429,1707.8353000000002,1,0.0001134038155229,7.85222119707112e-06,499,455,False,455.0,True,True,True,False,1.954308018908885,0.035338759809752464,0.06923513824896965
ARDLEQWYGSDAFDI,H1-69,K1-39,True,575,5828,1,0.0029639633602581,0.0233580620984581,3.92611059853556e-06,False,False,False,False,False,False,False,False,False,True,False,False,False,-3,-3,False,1.74,False,False,False,4.050025558471679,1785.8629,1,0.0233580620984581,0.0233580620984581,94,456,False,456.0,False,False,False,True,0.00016808367497053527,7.880658582040732,0.0013246106227465144
ARFYDLGDPPFDY,H3-23_A,K4-1,True,1,1439,1,5.154718887405475e-06,0.0057673732600688,3.92611059853556e-06,False,False,False,False,True,False,False,False,False,False,False,False,False,-2,-2,False,1.1384615384615386,False,False,False,4.050025558471679,1575.6744,1,0.0057673732600688,0.0057673732600688,180,457,False,457.0,False,False,False,True,0.0006807438350280063,1116.686771497465,0.7601789534198373
ARDPNYYLSSPYGEFDI,H3-23_A,K4-1,True,731,1438,1,0.0037680995066934,0.0057633653564829,3.92611059853556e-06,False,False,False,False,True,False,False,False,False,True,False,False,False,-2,-2,False,1.8764705882352943,False,False,False,4.050025558471679,2007.1152,1,0.0057633653564829,0.0057633653564829,109,458,False,458.0,False,False,False,True,0.0006812172304757658,1.5295111106100474,0.0010419311306005038
ARGSGYVETGQYGFDI,H3-7_A,K1-39,True,252,1383,1,0.0012989891596261,0.00554293065926,3.92611059853556e-06,False,False,False,False,False,False,False,False,False,False,False,False,False,-1,-1,False,2.49375,False,False,False,4.370375442504883,1719.8047,1,0.00554293065926,0.00554293065926,624,459,False,459.0,False,False,False,True,0.0007083082500579591,4.267077940878314,0.003022411961887366
ARGPGIIGDRSYLFDI,H3-7_A,K3-15,True,111,1105,1,0.000572173796502,0.0044287334623878,3.92611059853556e-06,False,False,False,False,False,False,False,False,False,False,False,False,False,0,0,False,0.7437500000000001,False,False,False,6.004890823364257,1749.9632,2,0.0044287334623878,0.0044287334623878,190,461,False,461.0,False,False,False,True,0.0008865066653507991,7.740053964237554,0.006861624922861367
ARGTGSIGDRSYQFDI,H3-7_A,K4-1,True,139,1060,1,0.0007165059253493,0.0042483778010236,3.92611059853556e-06,False,False,False,False,False,False,False,False,False,False,False,False,False,0,0,False,2.79375,False,False,False,6.004890823364257,1742.8432,2,0.0042483778010236,0.0042483778010236,568,462,False,462.0,False,False,False,True,0.0009241412936901875,5.929216156573944,0.005479446387212664
ARDIDIAGSEGAFDY,H3-7_A,K1-39,True,112,1037,1,0.0005773285153894,0.0041561960185485,3.92611059853556e-06,False,False,False,False,False,False,False,False,False,True,False,False,False,-3,-3,False,2.606666666666667,False,False,False,4.050025558471679,1599.6529999999998,1,0.0041561960185485,0.0041561960185485,80,463,False,463.0,False,False,False,True,0.0009446381100970308,7.1988892266182045,0.00680036147577561
ARGYGVIGDREYSFDI,H3-7_A,K1-39,True,150,916,1,0.0007732078331108,0.0036712396846581,3.92611059853556e-06,False,False,False,False,False,False,False,False,False,True,False,False,False,-1,-1,False,1.825,False,False,False,4.558281326293945,1817.951,2,0.0036712396846581,0.0036712396846581,560,464,False,464.0,False,False,False,True,0.0010694207519969308,4.748001827490212,0.005077625515619684
ARGLGYIASDAYAFDY,H3-7_A,K3-15,True,264,908,1,0.001360845786275,0.0036391764559711,3.92611059853556e-06,False,False,False,False,False,False,False,False,False,False,False,False,False,-1,-1,False,1.15,False,False,False,4.207874679565429,1752.8759,1,0.0036391764559711,0.0036391764559711,337,465,False,465.0,False,False,False,True,0.0010788429353746581,2.674182299604596,0.002885030609512489
ARGRGYVETGQYAFDI,H3-7_A,K3-20,True,440,905,1,0.0022680763104584,0.0036271527452135,3.92611059853556e-06,False,False,False,False,False,False,False,False,False,False,False,False,False,0,0,False,2.125,False,False,False,6.113258743286132,1802.9397,2,0.0036271527452135,0.0036271527452135,624,466,False,466.0,False,False,False,True,0.0010824192004388444,1.599212837927857,0.0017310234537512197
ARGPGLVWEGVYGFDI,H3-7_A,K3-15,True,185,862,1,0.00095362299417,0.003454812891021,3.92611059853556e-06,False,False,False,False,False,False,False,False,False,False,False,False,False,-1,-1,False,0.2062500000000001,False,False,False,4.370375442504883,1735.9348,1,0.003454812891021,0.003454812891021,388,467,False,467.0,False,False,False,True,0.0011364144334980023,3.6227908557504516,0.004117003734704747
ARGTGVLLPSNQWYFDI,H3-7_A,K3-15,True,183,768,1,0.0009433135563952,0.0030780699539491,3.92611059853556e-06,False,False,False,True,False,False,False,False,False,False,False,False,False,0,0,False,0.1941176470588237,False,False,False,5.880318832397459,1937.1578,1,0.0030780699539491,0.0030780699539491,701,468,False,468.0,False,False,False,True,0.0012755063732176476,3.2630055012212162,0.00416199783406102
ARGLGYITDEGAYGFDI,H3-7_A,K3-20,True,389,743,1,0.0020051856472007,0.0029778723643024,3.92611059853556e-06,False,False,False,False,False,False,False,False,False,True,False,False,False,-2,-2,False,1.5294117647058825,False,False,False,4.050025558471679,1817.9477,1,0.0029778723643024,0.0029778723643024,341,469,False,469.0,False,False,False,True,0.0013184236709952418,1.4850782109264897,0.0019579688416023157
ARAYLWGEDFDY,H4-34,K1-39,True,1,729,1,5.154718887405475e-06,0.0029217617141002,3.92611059853556e-06,False,False,False,False,False,False,False,False,False,True,False,False,False,-2,-2,False,0.8083333333333336,False,False,False,4.050025558471679,1505.5846,1,0.0029217617141002,0.0029217617141002,62,470,False,470.0,False,False,False,True,0.001343743106139509,565.7155360817641,0.7601789534198373
ARGLGYIDASSYAFDI,H3-7_A,K1-39,True,363,656,1,0.0018711629561281,0.0026291847523315,3.92611059853556e-06,False,False,False,False,False,False,False,False,False,False,False,False,False,-1,-1,False,1.0437500000000002,False,False,False,4.207874679565429,1718.8597,1,0.0026291847523315,0.0026291847523315,290,471,False,471.0,False,False,False,True,0.001493274925736859,1.4050998031587127,0.002098208284636399
ARGPGYITGSSYGFDI,H3-7_A,K3-15,True,83,637,1,0.0004278416676546,0.0025530345842,3.92611059853556e-06,False,False,False,False,False,False,False,False,False,False,False,False,False,0,0,False,1.9,False,False,False,5.87944984436035,1660.7806,1,0.0025530345842,0.0025530345842,422,473,False,473.0,False,False,False,True,0.001537815133677273,5.967102099181338,0.009176335855035318
ARGLDRLSPAFDY,H4-34,K4-1,True,2951,599,1,0.0152115754367335,0.0024007342479369,3.92611059853556e-06,False,False,False,False,False,False,False,False,False,False,False,False,False,0,0,False,1.3384615384615386,False,False,False,6.004890823364257,1480.6233,2,0.0152115754367335,0.0024007342479369,318,474,False,474.0,False,False,False,True,0.001635372281703683,0.15782275016117112,0.0002581000261192133
ARGPGLVDERGYQFDI,H3-7_A,K3-20,True,948,561,1,0.0048866735052603,0.0022484339116738,3.92611059853556e-06,False,False,False,False,False,False,False,False,False,True,False,False,False,-1,-1,False,1.96875,False,False,False,4.558281326293945,1792.9449,2,0.0048866735052603,0.0022484339116738,249,475,False,475.0,False,False,False,True,0.0017461456690786926,0.4601144946779262,0.0008034305054356958
ARGLGWTDLRSYQFDI,H3-7_A,K3-20,True,41,545,1,0.0002113434743836,0.0021843074542998,3.92611059853556e-06,False,False,False,False,False,False,False,False,False,False,False,False,False,0,0,False,0.7562500000000002,False,False,False,6.004890823364257,1898.0821,2,0.0021843074542998,0.0021843074542998,286,476,False,476.0,False,False,False,True,0.0017974084265119357,10.334854729358979,0.018576040020093505
ARGHGYTAEGVYGFDI,H3-7_A,K3-15,True,119,542,1,0.0006134115476012,0.0021722837435422,3.92611059853556e-06,False,False,False,False,False,False,False,False,False,False,False,False,False,-1,0,False,1.975,False,False,False,5.322224044799805,1712.8154,1,0.0021722837435422,0.0021722837435422,271,477,False,477.0,False,False,False,True,0.0018073571358418314,3.5412576425412,0.0064003467336429766
ARGPGYISPGASYLFDI,H3-7_A,K4-1,True,215,519,1,0.0011082645607921,0.0020801019610672,3.92611059853556e-06,False,False,False,False,False,False,False,False,False,False,False,False,False,0,0,False,0.8529411764705884,False,False,False,5.87944984436035,1783.9761,1,0.0020801019610672,0.0020801019610672,444,478,False,478.0,False,False,False,True,0.0018874515756936814,1.876883251367352,0.003542543280727758
ARGLGYTGNRVYGFDI,H3-7_A,K3-15,True,76,497,1,0.0003917586354428,0.001991928082178,3.92611059853556e-06,False,False,False,False,False,False,False,False,False,False,False,False,False,1,1,False,1.35,False,False,False,8.632579040527343,1758.9301,2,0.001991928082178,0.001991928082178,347,479,False,479.0,False,False,False,True,0.00197100032057358,5.0844501115476115,0.010021503110115078
ARGRGYTTSFSYAFDI,H3-7_A,K3-15,True,47,481,1,0.000242271787708,0.0019278016248041,3.92611059853556e-06,False,False,False,False,False,False,False,False,False,False,False,False,False,1,1,False,1.7000000000000002,False,False,False,8.632579040527343,1811.9465,2,0.0019278016248041,0.0019278016248041,466,480,False,480.0,False,False,False,True,0.002036563400708056,7.956857356226472,0.0162047285339802
ARGTGIIGSGSYNFDI,H3-7_A,K3-15,True,14,446,1,7.216606442367665e-05,0.0017875249992986,3.92611059853556e-06,False,False,False,False,False,False,False,False,False,False,False,False,False,0,0,False,1.825,False,False,False,5.880318832397459,1627.7524,1,0.0017875249992986,0.0017875249992986,383,481,False,481.0,False,False,False,True,0.00219638250444109,24.766174403826597,0.05439629647148839
ARGLGYIGVSSYAFDI,H3-7_A,K4-1,True,67,435,1,0.0003453661654561,0.001743438059854,3.92611059853556e-06,False,False,False,False,False,False,False,False,False,False,False,False,False,0,0,False,0.4125000000000001,False,False,False,5.87944984436035,1688.8767,1,0.001743438059854,0.001743438059854,192,482,False,482.0,False,False,False,True,0.002251922892881788,5.047939708148751,0.011367636192702474
ARGSGYTGSGWYGFDI,H3-7_A,K1-39,True,58,431,1,0.0002989736954695,0.0017274064455105,3.92611059853556e-06,False,False,False,False,False,False,False,False,False,False,False,False,False,0,0,False,2.0,False,False,False,5.87944984436035,1693.769,1,0.0017274064455105,0.0017274064455105,654,483,False,483.0,False,False,False,True,0.00227282228830193,5.777594135352162,0.013131520741859557
ARGPGVILDREWYFDY,H3-7_A,K3-20,True,67,413,1,0.0003453661654561,0.0016552641809648,3.92611059853556e-06,False,False,False,True,False,False,False,False,False,True,False,False,False,-1,-1,False,0.4937500000000001,False,False,False,4.558281326293945,1957.1475,2,0.0016552641809648,0.0016552641809648,415,484,False,484.0,False,False,False,True,0.0023718793198642,4.792641607966422,0.011367636192702474
ARGPGYTTSTSYAFDI,H3-7_A,K3-20,True,43,412,1,0.0002216529121584,0.0016512562773789,3.92611059853556e-06,False,False,False,False,False,False,False,False,False,False,False,False,False,0,0,False,2.46875,False,False,False,5.87944984436035,1706.8061,1,0.0016512562773789,0.0016512562773789,466,485,False,485.0,False,False,False,True,0.0023776362736406043,7.4494026145380365,0.017712077136882363
ARGTGYTATSGSYGFDI,H3-7_A,K4-1,True,74,410,1,0.000381449197668,0.0016432404702072,3.92611059853556e-06,False,False,False,False,False,False,False,False,False,False,False,False,False,0,0,False,2.870588235294118,False,False,False,5.87944984436035,1723.7935,1,0.0016432404702072,0.0016432404702072,721,486,False,486.0,False,False,False,True,0.0023892344287846216,4.307775196542466,0.010292347445119464
ARGTGYTSSSWYAFDI,H3-7_A,K3-20,True,53,394,1,0.0002732001010324,0.0015791140128333,3.92611059853556e-06,False,False,False,False,False,False,False,False,False,False,False,False,False,0,0,False,1.7937500000000002,False,False,False,5.87944984436035,1781.8742000000002,1,0.0015791140128333,0.0015791140128333,729,487,False,487.0,False,False,False,True,0.0024862585627402653,5.7798522341091365,0.014370298110134527
ARAPRAWVSSDFDY,H1-69,K1-39,True,215,375,1,0.0011082645607921,0.0015029638447017,3.92611059853556e-06,False,False,False,False,False,False,False,False,False,True,False,False,False,0,0,False,1.7857142857142858,False,False,False,6.004890823364257,1640.7529,2,0.0015029638447017,0.0015029638447017,36,488,False,488.0,False,False,False,True,0.0026122281584446258,1.3561295168838938,0.003542543280727758
ARGYGLVTDYGEYGFDY,H3-7_A,K4-1,True,48,370,1,0.0002474265065954,0.0014829243267723,3.92611059853556e-06,False,False,False,False,False,False,False,False,False,False,False,False,False,-2,-2,False,1.9058823529411768,False,False,False,4.050025558471679,1946.032,1,0.0014829243267723,0.0014829243267723,763,489,False,489.0,False,False,False,True,0.0026475283009201006,5.993150918498575,0.015867143666699945
ARGPGYTTGISYSFDI,H3-7_A,K3-20,True,68,363,1,0.0003505208843435,0.0014548690016712,3.92611059853556e-06,False,False,False,False,False,False,False,False,False,False,False,False,False,0,0,False,1.86875,False,False,False,5.87944984436035,1704.8332,1,0.0014548690016712,0.0014548690016712,465,490,False,490.0,False,False,False,True,0.00269858221475854,4.1504730871175175,0.01120046984130562
ARGKGEIGDRVYGFDY,H3-7_A,K4-1,True,48,356,1,0.0002474265065954,0.0014268136765701,3.92611059853556e-06,False,False,False,False,False,False,False,False,False,False,False,False,False,0,0,False,2.63125,False,False,False,6.164375686645509,1802.9397,2,0.0014268136765701,0.0014268136765701,295,491,False,491.0,False,False,False,True,0.002751643852710255,5.766383045906717,0.015867143666699945
ARGSGLISPAGEYGFDY,H3-7_A,K3-15,True,148,355,1,0.000762898395336,0.0014228057729843,3.92611059853556e-06,False,False,False,False,False,False,False,False,False,False,False,False,False,-1,-1,False,1.994117647058824,False,False,False,4.370375442504883,1759.8686000000002,1,0.0014228057729843,0.0014228057729843,642,492,False,492.0,False,False,False,True,0.002759394907677119,1.8649759023266064,0.005146241177233898
ARGLGYVSPSGAYGFDI,H3-7_A,K3-15,True,151,329,1,0.0007783625519982,0.0013186002797516,3.92611059853556e-06,False,False,False,False,False,False,False,False,False,False,False,False,False,0,0,False,1.3176470588235296,False,False,False,5.87944984436035,1729.8856,1,0.0013186002797516,0.0013186002797516,239,495,False,495.0,False,False,False,True,0.002977460936581779,1.6940477620473047,0.005043999288588274
ARGLGYVTGEGTLYFDY,H3-7_A,K3-15,True,25,325,1,0.0001288679721851,0.0013025686654081,3.92611059853556e-06,False,False,False,False,False,False,False,False,False,False,False,False,False,-1,-1,False,1.1941176470588235,False,False,False,4.370375442504883,1882.0329,1,0.0013025686654081,0.0013025686654081,354,496,False,496.0,False,False,False,True,0.0030141063283156905,10.106992244860088,0.030463783158356295
ARGPGYTSPAGTYRFDI,H3-7_A,K3-15,True,170,315,1,0.0008763022108589,0.0012624896295494,3.92611059853556e-06,False,False,False,False,False,False,False,False,False,False,False,False,False,1,1,False,2.3411764705882354,False,False,False,8.632579040527343,1828.9771,2,0.0012624896295494,0.0012624896295494,460,497,False,497.0,False,False,False,True,0.003109791485591828,1.4406847398736984,0.004480264624736269
ARGPGYIHPLSYGFDI,H3-7_A,K1-39,True,151,303,1,0.0007783625519982,0.001214394786519,3.92611059853556e-06,False,False,False,False,False,False,False,False,False,False,False,False,False,0,1,False,0.5000000000000002,False,False,False,6.787184524536133,1762.9602,1,0.001214394786519,0.001214394786519,438,498,False,498.0,False,False,False,True,0.0032329505302671454,1.5601716471135385,0.005043999288588274
ARGPGYVTGEGEYGFDY,H3-7_A,K3-15,True,77,301,1,0.0003969133543302,0.0012063789793472,3.92611059853556e-06,False,False,False,False,False,False,False,False,False,True,False,False,False,-2,-2,False,2.888235294117647,False,False,False,4.137435531616211,1837.8943,1,0.0012063789793472,0.0012063789793472,459,499,False,499.0,False,False,False,True,0.003254431751075887,3.039324761786667,0.009891356998029989
ARGTGTVSVYGEYGFDY,H3-7_A,K1-39,True,58,299,1,0.0002989736954695,0.0011983631721755,3.92611059853556e-06,False,False,False,False,False,False,False,False,False,False,False,False,False,-1,-1,False,2.4411764705882355,False,False,False,4.370375442504883,1841.926,1,0.0011983631721755,0.0011983631721755,699,500,False,500.0,False,False,False,True,0.0032762003436777433,4.008122149583063,0.013131520741859557
ARGHGWIGDRNYAFDI,H3-7_A,K1-39,True,119,293,1,0.0006134115476012,0.0011743157506603,3.92611059853556e-06,False,False,False,False,False,False,False,False,False,False,False,False,False,0,1,False,1.3562500000000002,False,False,False,6.791580581665039,1847.9852,2,0.0011743157506603,0.0011743157506603,268,501,False,501.0,False,False,False,True,0.0033432891992089815,1.9143699063922526,0.0064003467336429766
ARDLEQWYGSDAFDI,H3-7_A,K1-39,True,32,289,1,0.0001649510043969,0.0011582841363168,3.92611059853556e-06,False,False,False,False,False,False,False,False,False,True,False,False,False,-3,-3,False,1.74,False,False,False,4.050025558471679,1785.8629,1,0.0011582841363168,0.0011582841363168,94,502,False,502.0,False,False,False,False,0.003389562698659598,7.021563311592971,0.02380023456385636
ARGRGDIAEGVYGFDI,H3-7_A,K3-15,True,190,278,1,0.000979396588607,0.0011141971968722,3.92611059853556e-06,False,False,False,False,False,False,False,False,False,False,False,False,False,-1,-1,False,2.025,False,False,False,4.558281326293945,1695.8297,2,0.0011141971968722,0.0011141971968722,276,503,False,503.0,False,False,False,True,0.0035236808822963358,1.137624771808929,0.004008662637362516
ARGEGYISSGIYGFDI,H3-7_A,K3-20,True,22,274,1,0.0001134038155229,0.0010981655825287,3.92611059853556e-06,False,False,False,False,False,False,False,False,False,False,False,False,False,-1,-1,False,1.43125,False,False,False,4.370375442504883,1704.8331,1,0.0010981655825287,0.0010981655825287,195,504,False,504.0,False,False,False,True,0.0035751210106995386,9.682820187871764,0.034617569124484826
ARGSGYVLRGSYGFDI,H3-7_A,K3-15,True,182,266,1,0.0009381588375077,0.0010661023538417,3.92611059853556e-06,False,False,False,False,False,False,False,False,False,False,False,False,False,1,1,False,1.4,False,False,False,8.632579040527343,1717.8782,2,0.0010661023538417,0.0010661023538417,662,506,False,506.0,False,False,False,True,0.0036826424385647096,1.136365130901025,0.004184865710276096
ARGLGYQEYFNQWYFDI,H3-7_A,K4-1,True,42,262,1,0.000216498193271,0.0010500707394982,3.92611059853556e-06,False,False,False,True,False,False,False,False,False,False,False,False,False,-1,-1,False,0.1882352941176472,False,False,False,4.370375442504883,2170.3362,1,0.0010500707394982,0.0010500707394982,344,507,False,507.0,False,False,False,True,0.0037388654518239455,4.850027722432853,0.018133773781121104
ARGPGYIGASGRSYAFDI,H3-7_A,K1-39,True,64,257,1,0.0003299020087939,0.0010300312215689,3.92611059853556e-06,False,False,False,False,False,False,False,False,False,False,False,False,False,1,1,False,1.8666666666666667,False,False,False,8.632579040527343,1858.0182,2,0.0010300312215689,0.0010300312215689,431,508,False,508.0,False,False,False,True,0.0038116053186255335,3.1221392192861126,0.011900477987717777
ARGYGTIAEGEYAFDY,H3-7_A,K4-1,True,322,252,1,0.0016598194817445,0.0010099917036395,3.92611059853556e-06,False,False,False,False,False,False,False,False,False,True,False,False,False,-2,-2,False,2.21875,False,False,False,4.137435531616211,1782.8589000000002,1,0.0016598194817445,0.0010099917036395,593,509,False,509.0,False,False,False,True,0.003887231659499168,0.6084912424726828,0.0023653698417316774
AREYDEGAGYDYFDY,H1-69,K1-39,True,779,249,1,0.0040155260132888,0.0009979679928819,3.92611059853556e-06,False,False,False,False,False,False,False,False,False,True,False,False,False,-4,-4,False,3.24,False,False,False,4.050025558471679,1833.8162,1,0.0040155260132888,0.0009979679928819,162,511,False,511.0,False,False,False,True,0.003934065306588553,0.24852671961583164,0.000977730142512158
ARGYGTIGIGEYDFDY,H3-7_A,UNK,True,153,241,1,0.000788671989773,0.0009659047641949,3.92611059853556e-06,False,False,False,False,False,False,False,False,False,True,False,False,False,-2,-2,False,1.95,False,False,False,4.050025558471679,1796.8854,1,0.0009659047641949,0.0009659047641949,697,512,False,512.0,False,False,False,True,0.004064655334063575,1.2247075205469171,0.004978065493375323
ARGTGWVRESSYLFDI,H3-7_A,K3-15,True,28,241,1,0.0001443321288473,0.0009659047641949,3.92611059853556e-06,False,False,False,False,False,False,False,False,False,False,False,False,False,0,0,False,0.99375,False,False,False,6.114178848266601,1857.0302,2,0.0009659047641949,0.0009659047641949,704,513,False,513.0,False,False,False,True,0.004064655334063575,6.691773025023996,0.027200032519189222
ARGIGAIAEGVYGFDI,H3-7_A,K3-20,True,26,241,1,0.0001340226910725,0.0009659047641949,3.92611059853556e-06,False,False,False,False,False,False,False,False,False,False,False,False,False,-1,-1,False,0.76875,False,False,False,4.370375442504883,1608.7921,1,0.0009659047641949,0.0009659047641949,276,514,False,514.0,False,False,False,True,0.004064655334063575,7.206486391237417,0.02929218660850342
ARGTGYVDRPGVYGFDI,H3-7_A,K4-1,True,63,239,1,0.0003247472899065,0.0009578889570232,3.92611059853556e-06,False,False,False,False,False,False,False,False,False,False,False,False,False,0,0,False,1.894117647058824,False,False,False,6.004021835327148,1843.0035,2,0.0009578889570232,0.0009578889570232,734,515,False,515.0,False,False,False,True,0.0040986688311431905,2.949553364295481,0.012089368647170064
ARGYGRVSEGSYLFDY,H3-7_A,K3-20,True,31,239,1,0.0001597962855095,0.0009578889570232,3.92611059853556e-06,False,False,False,False,False,False,False,False,False,False,False,False,False,0,0,False,1.9125,False,False,False,6.112389755249024,1839.9565,2,0.0009578889570232,0.0009578889570232,766,516,False,516.0,False,False,False,True,0.0040986688311431905,5.994063086875619,0.02456793602340607
ARGPGYIFDRIYTFDY,H3-7_A,K3-15,True,49,236,1,0.0002525812254828,0.0009458652462656,3.92611059853556e-06,False,False,False,False,False,False,False,False,False,False,False,False,False,0,0,False,0.5687500000000002,False,False,False,6.003152847290039,1954.1435,2,0.0009458652462656,0.0009458652462656,428,518,False,518.0,False,False,False,True,0.004150770002742112,3.744648074998187,0.015543337228089524
ARGLGYISSGEYGFDY,H3-7_A,K1-39,True,263,235,1,0.0013556910673876,0.0009418573426797,3.92611059853556e-06,False,False,False,False,False,False,False,False,False,False,False,False,False,-1,-1,False,1.7375000000000005,False,False,False,4.370375442504883,1754.8487,1,0.0013556910673876,0.0009418573426797,186,519,False,519.0,False,False,False,True,0.004168432666287602,0.6947382172492009,0.002896000226732189
ARGTGYTASPGAYGFDI,H3-7_A,K1-39,True,71,235,1,0.0003659850410057,0.0009418573426797,3.92611059853556e-06,False,False,False,False,False,False,False,False,False,False,False,False,False,0,0,False,2.4294117647058826,False,False,False,5.87944984436035,1703.8054,1,0.0009418573426797,0.0009418573426797,348,520,False,520.0,False,False,False,True,0.004168432666287602,2.573415585335845,0.010727223482993627
ARGPGYIGTHSYGFDI,H3-7_A,K1-39,True,184,232,1,0.0009484682752826,0.0009298336319221,3.92611059853556e-06,False,False,False,False,False,False,False,False,False,False,False,False,False,0,1,False,1.6250000000000002,False,False,False,6.787184524536133,1710.8426,1,0.0009484682752826,0.0009298336319221,437,522,False,522.0,False,False,False,True,0.004222334233143923,0.9803425720478997,0.004139378519097627
ARGPGYIGSFNDWAFDY,H3-7_A,K3-20,True,106,230,1,0.0005464002020649,0.0009218178247504,3.92611059853556e-06,False,False,False,False,False,False,False,False,False,False,False,False,False,-1,-1,False,1.2294117647058824,False,False,False,4.207874679565429,1936.0421,1,0.0009218178247504,0.0009218178247504,436,523,False,523.0,False,False,False,True,0.00425904978470206,1.6870435823980292,0.007185280552410394
ARGYGWIGTSDYHFDY,H3-7_A,K3-20,True,55,227,1,0.0002835095388073,0.0009097941139927,3.92611059853556e-06,False,False,False,True,False,False,False,False,False,False,False,False,False,-1,0,False,1.51875,False,False,False,5.212322616577147,1907.989,1,0.0009097941139927,0.0009097941139927,776,524,False,524.0,False,False,False,True,0.004315336167590755,3.2089291546536436,0.013847760246266569
ARGTGYSLPSNQWYFDI,H3-7_A,K1-39,True,147,221,1,0.0007577436764486,0.0008857466924775,3.92611059853556e-06,False,False,False,True,False,False,False,False,False,False,False,False,False,0,0,False,1.2235294117647062,False,False,False,5.87944984436035,1975.1197,1,0.0008857466924775,0.0008857466924775,701,525,False,525.0,False,False,False,True,0.004432493292886174,1.1689111118916253,0.005181249158613454
ARGTGWVYNDEYHFDY,H3-7_A,K4-1,True,36,217,1,0.0001855698799465,0.000869715078134,3.92611059853556e-06,False,False,False,True,False,False,False,False,False,True,False,False,False,-2,-1,False,1.95,False,False,False,4.536607742309571,1993.0504,1,0.000869715078134,0.000869715078134,706,526,False,526.0,False,False,False,True,0.004514197298943078,4.686472899889397,0.021155906554457312
ARGTGFILPYDAYHFDI,H3-7_A,K3-15,True,83,209,1,0.0004278416676546,0.0008376518494471,3.92611059853556e-06,False,False,False,True,False,False,False,False,False,False,False,False,False,-1,0,False,0.1058823529411766,False,False,False,5.212373733520507,1956.1594,1,0.0008376518494471,0.0008376518494471,676,528,False,528.0,False,False,False,True,0.00468698747725827,1.9578090089935731,0.009176335855035318
ARDYEGYSWYDAFDP,H1-69,K1-39,True,121,203,1,0.000623720985376,0.0008136044279318,3.92611059853556e-06,False,False,False,False,True,False,False,False,False,True,False,False,False,-3,-3,False,2.373333333333333,False,False,False,4.050025558471679,1854.8801000000003,1,0.0008136044279318,0.0008136044279318,122,529,False,529.0,False,False,False,True,0.004825517424163305,1.304415600647673,0.006294557574639019
ARGYGYISKASYHFDI,H3-7_A,K1-39,True,6,202,1,3.092831332443285e-05,0.000809596524346,3.92611059853556e-06,False,False,False,True,False,False,False,False,False,False,False,False,False,1,2,False,1.2312500000000002,False,False,False,8.479563903808593,1848.0216,1,0.000809596524346,0.000809596524346,783,530,False,530.0,False,False,False,True,0.004849405829216942,26.168088604450162,0.12690124886139156
ARAGRPWVSSLFDY,H1-69,K1-39,True,60,199,1,0.0003092831332443,0.0007975728135883,3.92611059853556e-06,False,False,False,False,False,False,False,False,False,False,False,False,False,1,1,False,0.6714285714285716,False,False,False,8.79022674560547,1624.7965,2,0.0007975728135883,0.0007975728135883,19,532,False,532.0,False,False,False,True,0.004922511533156177,2.5786955087629595,0.012693817535982801
ARGYGWVSTGAFAFDI,H3-7_A,K4-1,True,66,198,1,0.0003402114465687,0.0007935649100025,3.92611059853556e-06,False,False,False,False,False,False,False,False,False,False,False,False,False,0,0,False,0.4562500000000001,False,False,False,5.880318832397459,1717.8765,1,0.0007935649100025,0.0007935649100025,778,533,False,533.0,False,False,False,True,0.004947372389234423,2.3324952556812364,0.011539868042218708
ARGYGYAGARSYQFDI,H3-7_A,K3-20,True,13,195,1,6.701134553627119e-05,0.0007815411992449,3.92611059853556e-06,False,False,False,False,False,False,False,False,False,False,False,False,False,1,1,False,1.9625,False,False,False,8.539295959472657,1794.9191999999998,2,0.0007815411992449,0.0007815411992449,779,534,False,534.0,False,False,False,True,0.0050234848367308425,11.661078914357798,0.05858000264125993
ARGPGLVSGRSYGFDI,H3-7_A,K3-15,True,409,188,1,0.0021082800249488,0.0007534858741438,3.92611059853556e-06,False,False,False,False,False,False,False,False,False,False,False,False,False,1,1,False,1.65,False,False,False,8.79022674560547,1651.8202,2,0.0021082800249488,0.0007534858741438,223,535,False,535.0,False,False,False,True,0.005210527002549036,0.3573919457130185,0.0018622250981009628
ARGSGTIFDRSYLFDI,H3-7_A,K3-20,True,99,180,1,0.0005103171698531,0.0007214226454568,3.92611059853556e-06,False,False,False,False,False,False,False,False,False,False,False,False,False,0,0,False,0.9125000000000002,False,False,False,6.004890823364257,1817.9941,2,0.0007214226454568,0.0007214226454568,646,536,False,536.0,False,False,False,True,0.005442102770452823,1.413647338558252,0.007693320737098337
ARGIGTISSGVYGFDI,H3-7_A,K3-15,True,203,175,1,0.0010464079341433,0.0007013831275274,3.92611059853556e-06,False,False,False,False,False,False,False,False,False,False,False,False,False,0,0,False,1.15625,False,False,False,5.880318832397459,1612.7808,1,0.0010464079341433,0.0007013831275274,195,537,False,537.0,False,False,False,True,0.005597589204183052,0.6702705531338401,0.003751952704967598
ARGWGYVFTREYSFDI,H3-7_A,K1-39,True,57,174,1,0.0002938189765821,0.0006973752239416,3.92611059853556e-06,False,False,False,False,False,False,False,False,False,False,False,False,False,0,0,False,0.4687500000000001,False,False,False,6.113258743286132,1967.1423,2,0.0006973752239416,0.0006973752239416,756,538,False,538.0,False,False,False,True,0.005629758795784778,2.373405210247341,0.013361890458201794
ARGTGRLGTGWYGFDI,H3-7_A,K3-20,True,51,168,1,0.0002628906632576,0.0006733278024263,3.92611059853556e-06,False,False,False,False,False,False,False,False,False,False,False,False,False,1,1,False,1.31875,False,False,False,8.79022674560547,1726.8884,2,0.0006733278024263,0.0006733278024263,693,539,False,539.0,False,False,False,True,0.005830818623858997,2.5611491202916747,0.014933817776977646
ARDPNYYLSSPYGEFDI,H3-7_A,K4-1,True,76,165,1,0.0003917586354428,0.0006613040916687,3.92611059853556e-06,False,False,False,False,True,False,False,False,False,True,False,False,False,-2,-2,False,1.8764705882352943,False,False,False,4.050025558471679,2007.1152,1,0.0006613040916687,0.0006613040916687,109,540,False,540.0,False,False,False,False,0.0059368319048347645,1.6879965159060146,0.010021503110115078
ARGRGIIYPSSYLFDI,H3-7_A,K1-39,True,24,165,1,0.0001237132532977,0.0006613040916687,3.92611059853556e-06,False,False,False,False,False,False,False,False,False,False,False,False,False,1,1,False,0.0500000000000001,False,False,False,8.632579040527343,1828.0750000000005,2,0.0006613040916687,0.0006613040916687,563,541,False,541.0,False,False,False,True,0.0059368319048347645,5.3450266950019945,0.03173300486278554
ARDLEQWYGSDAFDI,UNK,K1-39,True,14,165,1,7.216606442367665e-05,0.0006613040916687,3.92611059853556e-06,False,False,False,False,False,False,False,False,False,True,False,False,False,-3,-3,False,1.74,False,False,False,4.050025558471679,1785.8629,1,0.0006613040916687,0.0006613040916687,94,543,False,543.0,False,False,False,False,0.0059368319048347645,9.162373938634506,0.05439629647148839
ARGYGTGAEYEWQFDY,H3-7_A,K3-20,True,69,156,1,0.0003556756032309,0.0006252329593959,3.92611059853556e-06,False,False,False,False,False,False,False,False,False,True,False,False,False,-2,-2,False,2.3375,False,False,False,4.137435531616211,1912.9625,1,0.0006252329593959,0.0006252329593959,402,545,False,545.0,False,False,False,True,0.006279335959782589,1.75782475792257,0.011038148755171437
ARGAGWIGDRSYLFDI,H3-7_A,K3-20,True,36,154,1,0.0001855698799465,0.0006172171522241,3.92611059853556e-06,False,False,False,False,False,False,False,False,False,False,False,False,False,0,0,False,0.6187500000000001,False,False,False,6.004890823364257,1796.9782,2,0.0006172171522241,0.0006172171522241,190,546,False,546.0,False,False,False,True,0.006360884456214081,3.3258839934697377,0.021155906554457312
ARGQGQIGDRVFGFDY,H3-7_A,K4-1,True,194,141,1,0.0010000154641566,0.0005651144056078,3.92611059853556e-06,False,False,False,False,False,False,False,False,False,False,False,False,False,0,0,False,2.0812500000000003,False,False,False,6.004890823364257,1785.9124000000002,2,0.0010000154641566,0.0005651144056078,513,548,False,548.0,False,False,False,True,0.0069473386029275585,0.5651000158125027,0.003926010625986167
ARGRGVIAEGSYGFDI,H3-7_A,K3-15,True,41,141,1,0.0002113434743836,0.0005651144056078,3.92611059853556e-06,False,False,False,False,False,False,False,False,False,False,False,False,False,0,0,False,1.80625,False,False,False,6.114178848266601,1667.8196,2,0.0005651144056078,0.0005651144056078,594,549,False,549.0,False,False,False,True,0.0069473386029275585,2.6737881042926928,0.018576040020093505
ARGQGYVYSSNQWYFDI,H3-7_A,K3-15,True,18,141,1,9.278493997329856e-05,0.0005651144056078,3.92611059853556e-06,False,False,False,True,False,False,False,False,False,False,False,False,False,0,0,False,1.3588235294117648,False,False,False,5.87858085632324,2054.1764,1,0.0005651144056078,0.0005651144056078,536,550,False,550.0,False,False,False,True,0.0069473386029275585,6.089926948284139,0.042309533253270984
ARGTGIVSDYSYAFDI,H3-7_A,K3-15,True,232,140,1,0.001195894781878,0.0005611065020219,3.92611059853556e-06,False,False,False,False,False,False,False,False,False,False,False,False,False,-1,-1,False,1.58125,False,False,False,4.207874679565429,1734.8591,1,0.001195894781878,0.0005611065020219,682,551,False,551.0,False,False,False,True,0.006996961565714791,0.469189947665199,0.0032829625385142765
ARGLGTVAEGEYLFDY,H3-7_A,K3-20,True,167,138,1,0.0008608380541967,0.0005530906948502,3.92611059853556e-06,False,False,False,False,False,False,False,False,False,True,False,False,False,-2,-2,False,1.3250000000000002,False,False,False,4.137435531616211,1760.8964,1,0.0008608380541967,0.0005530906948502,333,552,False,552.0,False,False,False,True,0.007098364972401446,0.6424951443565917,0.004560747485453991
ARFYDLGDPPFDY,H3-7_A,K4-1,True,1,137,1,5.154718887405475e-06,0.0005490827912643,3.92611059853556e-06,False,False,False,False,True,False,False,False,False,False,False,False,False,-2,-2,False,1.1384615384615386,False,False,False,4.050025558471679,1575.6744,1,0.0005490827912643,0.0005490827912643,180,553,False,553.0,False,False,False,False,0.007150176911803179,106.31416796048211,0.7601789534198373
ARGTGYTLGRSYQFDI,H3-7_A,K3-20,True,23,136,1,0.0001185585344103,0.0005450748876785,3.92611059853556e-06,False,False,False,False,False,False,False,False,False,False,False,False,False,1,1,False,1.8937500000000005,False,False,False,8.632579040527343,1804.9556,2,0.0005450748876785,0.0005450748876785,725,554,False,554.0,False,False,False,True,0.007202750777510538,4.59712933443453,0.03311258436365138
ARGPGYVQSGEYGFDY,H3-7_A,K3-20,True,88,135,1,0.0004536152620916,0.0005410669840926,3.92611059853556e-06,False,False,False,False,False,False,False,False,False,False,False,False,False,-1,-1,False,2.68125,False,False,False,4.370375442504883,1765.8316,1,0.0005410669840926,0.0005410669840926,273,555,False,555.0,False,False,False,True,0.007256103500908929,1.192762020346528,0.00865496462968759
ARGIGYVYDYAFHFDI,H3-7_A,K1-39,True,1,135,1,5.154718887405475e-06,0.0005410669840926,3.92611059853556e-06,False,False,False,True,False,False,False,False,False,False,False,False,False,-1,0,False,-0.1187499999999998,False,False,False,5.212322616577147,1907.0869,1,0.0005410669840926,0.0005410669840926,291,556,False,556.0,False,False,False,True,0.007256103500908929,104.76213631143204,0.7601789534198373
ARGIGYTTGVSYLFDY,H3-7_A,K1-39,True,42,129,1,0.000216498193271,0.0005170195625774,3.92611059853556e-06,False,False,False,False,False,False,False,False,False,False,False,False,False,0,0,False,0.9062500000000002,False,False,False,5.87858085632324,1782.9449,1,0.0005170195625774,0.0005170195625774,289,557,False,557.0,False,False,False,True,0.007593590159455952,2.3879907488316365,0.018133773781121104
ARGTGTIGIGEYGFDY,H3-7_A,K4-1,True,197,125,1,0.0010154796208188,0.0005009879482339,3.92611059853556e-06,False,False,False,False,False,False,False,False,False,False,False,False,False,-1,-1,False,2.125,False,False,False,4.370375442504883,1676.78,1,0.0010154796208188,0.0005009879482339,697,558,False,558.0,False,False,False,True,0.007836580194341603,0.4933462026228768,0.0038662242508888437
ARGPGYVSEHVLYFDY,H3-7_A,K3-15,True,4,124,1,2.06188755496219e-05,0.000496980044648,3.92611059853556e-06,False,False,False,False,False,False,False,False,False,False,False,False,False,-1,0,False,0.9187500000000002,False,False,False,5.322172927856446,1873.0277,1,0.000496980044648,0.000496980044648,481,559,False,559.0,False,False,False,True,0.0078997771500962,24.091475245586466,0.19032111513259484
ARGPGYISSTSYAFDY,H3-7_A,K1-39,True,34,118,1,0.0001752604421717,0.0004729326231328,3.92611059853556e-06,False,False,False,False,False,False,False,False,False,False,False,False,False,0,0,False,2.10625,False,False,False,5.87858085632324,1754.8488,1,0.0004729326231328,0.0004729326231328,446,560,False,560.0,False,False,False,True,0.008301452240715313,2.698302219546531,0.022400300643330547
ARDLEQWYGSDAFDI,H1-69,K3-15,True,7,113,1,3.6083032211838326e-05,0.0004528931052034,3.92611059853556e-06,False,False,False,False,False,False,False,False,False,True,False,False,False,-3,-3,False,1.74,False,False,False,4.050025558471679,1785.8629,1,0.0004528931052034,0.0004528931052034,94,562,False,562.0,False,False,False,False,0.008668765025959214,12.547937301173976,0.10877752180787449
ARGIGYVDASSYAFDI,H3-7_A,K3-20,True,122,101,1,0.0006288757042634,0.000404798262173,3.92611059853556e-06,False,False,False,False,False,False,False,False,False,False,False,False,False,-1,-1,False,1.3875000000000002,False,False,False,4.207874679565429,1704.8331,1,0.0006288757042634,0.000404798262173,290,564,False,564.0,False,False,False,True,0.00969869186330413,0.6436754078344511,0.006242963660835839
ARGYGYVASGTYLFDY,H3-7_A,K3-20,True,6,99,1,3.092831332443285e-05,0.0003967824550012,3.92611059853556e-06,False,False,False,False,False,False,False,False,False,False,False,False,False,0,0,False,1.0937500000000002,False,False,False,5.877711868286132,1802.9345,1,0.0003967824550012,0.0003967824550012,786,565,False,565.0,False,False,False,False,0.00989462009433543,12.82495431604055,0.12690124886139156
ARGTGYVYDPGSYAFDI,H3-7_A,K3-20,True,471,87,1,0.0024278725959679,0.0003486876119708,3.92611059853556e-06,False,False,False,False,True,False,False,False,False,False,False,False,False,-1,-1,False,1.9235294117647064,False,False,False,4.207874679565429,1851.9639,1,0.0024278725959679,0.0003486876119708,470,566,False,566.0,False,False,False,True,0.01125935614054143,0.14361798735650652,0.0016170924430431023
ARGDEDYSFLYDAFDY,H1-69,K1-39,True,160,87,1,0.0008247550219848,0.0003486876119708,3.92611059853556e-06,False,False,False,False,False,False,False,False,False,True,False,False,False,-4,-4,False,2.19375,False,False,False,4.050025558471679,1946.9738,1,0.0008247550219848,0.0003486876119708,213,567,False,567.0,False,False,False,True,0.01125935614054143,0.422772065589884,0.00476027776867569
ARGEGTITTREWYFDY,H3-7_A,K1-39,True,118,87,1,0.0006082568287138,0.0003486876119708,3.92611059853556e-06,False,False,False,True,False,False,False,False,False,False,False,False,False,-1,-1,False,2.00625,False,False,False,4.6793262481689455,1965.082,2,0.0006082568287138,0.0003486876119708,228,568,False,568.0,False,False,False,True,0.01125935614054143,0.5732477845423715,0.006454586068481572
ARGYGTISPYVYAFDY,H3-7_A,K3-15,True,48,84,1,0.0002474265065954,0.0003366639012131,3.92611059853556e-06,False,False,False,False,False,False,False,False,False,False,False,False,False,0,0,False,0.94375,False,False,False,5.877711868286132,1842.9984,1,0.0003366639012131,0.0003366639012131,772,569,False,569.0,False,False,False,True,0.01166146405880895,1.3606072355507415,0.015867143666699945
ARGSGYVETGQYGFDI,H1-69,K1-39,True,23,84,1,0.0001185585344103,0.0003366639012131,3.92611059853556e-06,False,False,False,False,False,False,False,False,False,False,False,False,False,-1,-1,False,2.49375,False,False,False,4.370375442504883,1719.8047,1,0.0003366639012131,0.0003366639012131,624,570,False,570.0,False,False,False,False,0.01166146405880895,2.8394034124440872,0.03311258436365138
ARGTGYVSAGIYGFDI,H3-7_A,K4-1,True,4,79,1,2.06188755496219e-05,0.0003166243832838,3.92611059853556e-06,False,False,False,False,False,False,False,False,False,False,False,False,False,0,0,False,1.2625000000000002,False,False,False,5.87944984436035,1646.797,1,0.0003166243832838,0.0003166243832838,235,572,False,572.0,False,False,False,False,0.012399508094534953,15.34860116452655,0.19032111513259484
ARGRGYTYDYSYLFDI,H3-7_A,K3-15,True,57,76,1,0.0002938189765821,0.0003046006725262,3.92611059853556e-06,False,False,False,False,False,False,False,False,False,False,False,False,False,0,0,False,1.225,False,False,False,6.0022838592529295,1960.105,2,0.0003046006725262,0.0003046006725262,616,573,False,573.0,False,False,False,True,0.01288894629323229,1.036659747004531,0.013361890458201794
ARDLEQWYGSDAFDI,H1-69,K3-20,True,6,75,1,3.092831332443285e-05,0.0003005927689403,3.92611059853556e-06,False,False,False,False,False,False,False,False,False,True,False,False,False,-3,-3,False,1.74,False,False,False,4.050025558471679,1785.8629,1,0.0003005927689403,0.0003005927689403,94,574,False,574.0,False,False,False,False,0.013060793193542704,9.715874481848804,0.12690124886139156
ARGRGYTSSGVYGFDI,H3-7_A,K3-20,True,20,74,1,0.0001030943777481,0.0002965848653544,3.92611059853556e-06,False,False,False,False,False,False,False,False,False,False,False,False,False,1,1,False,2.3000000000000003,False,False,False,8.632579040527343,1705.8245000000002,2,0.0002965848653544,0.0002965848653544,195,575,False,575.0,False,False,False,False,0.013237284448077908,2.876549685203502,0.03807899028426958
ARAQDLGSYGPFDY,H1-69,K4-1,True,1155,72,1,0.0059537003149533,0.0002885690581827,3.92611059853556e-06,False,False,False,False,False,False,False,False,False,False,False,False,False,-1,-1,False,2.3000000000000003,False,False,False,4.207874679565429,1559.6337,1,0.0059537003149533,0.0002885690581827,41,576,False,576.0,False,False,False,True,0.013604974052032327,0.04846877710155495,0.0006594393060533642
ARGVGTVSISSYLFDI,H3-7_A,K3-20,True,9,72,1,4.639246998664928e-05,0.0002885690581827,3.92611059853556e-06,False,False,False,False,False,False,False,False,False,False,False,False,False,0,0,False,0.5437500000000002,False,False,False,5.880318832397459,1684.8865,1,0.0002885690581827,0.0002885690581827,591,577,False,577.0,False,False,False,False,0.013604974052032327,6.218829693025518,0.0846099485580221
ARGPGYTDIYSYGFDI,H3-7_A,K1-39,True,412,68,1,0.002123744181611,0.0002725374438392,3.92611059853556e-06,False,False,False,False,False,False,False,False,False,False,False,False,False,-1,-1,False,1.64375,False,False,False,4.207874679565429,1794.9126,1,0.002123744181611,0.0002725374438392,451,578,False,578.0,False,False,False,True,0.01440523727990611,0.12832814936823966,0.001848665270458637
ARDLGYEYLVYAFDY,H1-69,K1-39,True,154,68,1,0.0007938267086604,0.0002725374438392,3.92611059853556e-06,False,False,False,False,False,False,False,False,False,False,False,False,False,-2,-2,False,0.2000000000000001,False,False,False,4.050025558471679,1858.0097,1,0.0007938267086604,0.0002725374438392,96,579,False,579.0,False,False,False,True,0.01440523727990611,0.3433167562874575,0.004945740799969902
ARGEGYVASGIYGFDI,H3-7_A,K4-1,True,16,68,1,8.24755021984876e-05,0.0002725374438392,3.92611059853556e-06,False,False,False,False,False,False,False,False,False,False,False,False,False,-1,-1,False,1.425,False,False,False,4.370375442504883,1674.8071,1,0.0002725374438392,0.0002725374438392,235,580,False,580.0,False,False,False,False,0.01440523727990611,3.304064794118415,0.04759758374372299
ARGFGKIWSDFDY,H3-23_A,K3-20,True,316,66,1,0.0016288911684201,0.0002645216366675,3.92611059853556e-06,False,False,False,False,False,False,False,False,False,True,False,False,False,0,0,False,0.8923076923076925,False,False,False,6.004021835327148,1561.6942,1,0.0016288911684201,0.0002645216366675,246,581,False,581.0,False,False,False,True,0.014841743120012673,0.1623926864292597,0.002410281651613992
ARGTGLVTASSYLFDI,H3-7_A,K4-1,True,7,64,1,3.6083032211838326e-05,0.0002565058294957,3.92611059853556e-06,False,False,False,False,False,False,False,False,False,False,False,False,False,0,0,False,0.7500000000000002,False,False,False,5.880318832397459,1670.86,1,0.0002565058294957,0.0002565058294957,690,582,False,582.0,False,False,False,False,0.015305529511586629,7.1067963475667035,0.10877752180787449
ARGPGYIVSRSYLFDI,H3-7_A,K1-39,True,5,64,1,2.5773594437027374e-05,0.0002565058294957,3.92611059853556e-06,False,False,False,False,False,False,False,False,False,False,False,False,False,1,1,False,0.3187500000000001,False,False,False,8.632579040527343,1814.0484,2,0.0002565058294957,0.0002565058294957,447,583,False,583.0,False,False,False,False,0.015305529511586629,9.948412356631565,0.15227165506828405
ARGPGTIGKGTYLFDY,H3-7_A,K3-20,True,90,61,1,0.0004639246998664,0.0002444821187381,3.92611059853556e-06,False,False,False,False,False,False,False,False,False,False,False,False,False,1,1,False,1.69375,False,False,False,8.54006805419922,1715.9022,1,0.0004639246998664,0.0002444821187381,405,584,False,584.0,False,False,False,True,0.016058229683637414,0.5269752808067685,0.0084626362280428
ARGPGYVWIDAYAFDY,H3-7_A,K1-39,True,13,59,1,6.701134553627119e-05,0.0002364663115664,3.92611059853556e-06,False,False,False,False,False,False,False,False,False,False,False,False,False,-1,-1,False,0.4625000000000001,False,False,False,4.207874679565429,1864.0192,1,0.0002364663115664,0.0002364663115664,489,585,False,585.0,False,False,False,False,0.01660255343348905,3.5282238766517624,0.05858000264125993
ARGTGYVYGSGAYGFDI,H3-7_A,K1-39,True,135,57,1,0.0006958870497997,0.0002284505043946,3.92611059853556e-06,False,False,False,False,False,False,False,False,False,False,False,False,False,0,0,False,1.8823529411764703,False,False,False,5.87858085632324,1753.8639,1,0.0006958870497997,0.0002284505043946,707,586,False,586.0,False,False,False,True,0.017185073669251514,0.3282820418054005,0.00564179802122399
ARGLGYTARINQWYFDI,H3-7_A,K3-20,True,6,57,1,3.092831332443285e-05,0.0002284505043946,3.92611059853556e-06,False,False,False,True,False,False,False,False,False,False,False,False,False,1,1,False,0.235294117647059,False,False,False,8.632579040527343,2044.2711,2,0.0002284505043946,0.0002284505043946,345,587,False,587.0,False,False,False,False,0.017185073669251514,7.384064606204186,0.12690124886139156
ARGLGYIASDAYAFDY,H1-69,K3-15,True,10,53,1,5.154718887405476e-05,0.0002124188900511,3.92611059853556e-06,False,False,False,False,False,False,False,False,False,False,False,False,False,-1,-1,False,1.15,False,False,False,4.207874679565429,1752.8759,1,0.0002124188900511,0.0002124188900511,337,588,False,588.0,False,False,False,False,0.018481999306173138,4.120063461373008,0.07615059479147253
ARFYDLGDPPFDY,UNK,K4-1,True,1,53,1,5.154718887405475e-06,0.0002124188900511,3.92611059853556e-06,False,False,False,False,True,False,False,False,False,False,False,False,False,-2,-2,False,1.1384615384615386,False,False,False,4.050025558471679,1575.6744,1,0.0002124188900511,0.0002124188900511,180,589,False,589.0,False,False,False,False,0.018481999306173138,41.12883870003036,0.7601789534198373
ARGTGSIGDRSYQFDI,H1-69,K4-1,True,10,52,1,5.154718887405476e-05,0.0002084109864653,3.92611059853556e-06,False,False,False,False,False,False,False,False,False,False,False,False,False,0,0,False,2.79375,False,False,False,6.004890823364257,1742.8432,2,0.0002084109864653,0.0002084109864653,568,590,False,590.0,False,False,False,False,0.01883740531661488,4.0423264149333615,0.07615059479147253
ARDPNYYLSSPYGEFDI,UNK,K4-1,True,27,50,1,0.0001391774099599,0.0002003951792935,3.92611059853556e-06,False,False,False,False,True,False,False,False,False,True,False,False,False,-2,-2,False,1.8764705882352943,False,False,False,4.050025558471679,2007.1152,1,0.0002003951792935,0.0002003951792935,109,591,False,591.0,False,False,False,False,0.019590863930645436,1.4397507601530484,0.028207368753155736
ARGEGYVASWNQWYFDI,H3-7_A,K3-20,True,15,48,1,7.732078331108213e-05,0.0001923793721218,3.92611059853556e-06,False,False,False,True,False,False,False,False,False,False,False,False,False,-1,-1,False,0.7294117647058824,False,False,False,4.370375442504883,2062.1985,1,0.0001923793721218,0.0001923793721218,236,592,False,592.0,False,False,False,False,0.020407107498900588,2.4877463266847637,0.05077034565577609
ARGPGYVINPRVYSFDY,H3-7_A,K3-15,True,61,45,1,0.0003144378521317,0.0001803556613642,3.92611059853556e-06,False,False,False,False,False,False,False,False,False,False,False,False,False,1,1,False,1.1352941176470588,False,False,False,8.539295959472657,1974.1779,2,0.0003144378521317,0.0001803556613642,473,593,False,593.0,False,False,False,False,0.021767505903509177,0.5735630252887266,0.01248572878434288
ARGIGWTSLRSYQFDI,H3-7_A,K3-20,True,10,45,1,5.154718887405476e-05,0.0001803556613642,3.92611059853556e-06,False,False,False,False,False,False,False,False,False,False,False,False,False,1,1,False,0.6125000000000002,False,False,False,8.79022674560547,1870.072,2,0.0001803556613642,0.0001803556613642,286,594,False,594.0,False,False,False,False,0.021767505903509177,3.498167089846141,0.07615059479147253
ARDIDIAGSEGAFDY,H1-69,K1-39,True,4,43,1,2.06188755496219e-05,0.0001723398541924,3.92611059853556e-06,False,False,False,False,False,False,False,False,False,True,False,False,False,-3,-3,False,2.606666666666667,False,False,False,4.050025558471679,1599.6529999999998,1,0.0001723398541924,0.0001723398541924,80,596,False,596.0,False,False,False,False,0.02277988929513517,8.354301899676678,0.19032111513259484
ARGPGYISSQSTYGFDI,H3-7_A,K1-39,True,145,42,1,0.0007474342386737,0.0001683319506065,3.92611059853556e-06,False,False,False,False,False,False,False,False,False,False,False,False,False,0,0,False,2.1882352941176477,False,False,False,5.87944984436035,1818.9358,1,0.0007474342386737,0.0001683319506065,445,597,False,597.0,False,False,False,True,0.023322235392845482,0.22521004497298164,0.005252713708118527
ARGRGYVETGQYAFDI,H3-7_A,K3-15,True,14,42,1,7.216606442367665e-05,0.0001683319506065,3.92611059853556e-06,False,False,False,False,False,False,False,False,False,False,False,False,False,0,0,False,2.125,False,False,False,6.113258743286132,1802.9397,2,0.0001683319506065,0.0001683319506065,624,598,False,598.0,False,False,False,False,0.023322235392845482,2.3322406389240635,0.05439629647148839
ARDIDIAGSEGAFDY,UNK,K1-39,True,8,42,1,4.12377510992438e-05,0.0001683319506065,3.92611059853556e-06,False,False,False,False,False,False,False,False,False,True,False,False,False,-3,-3,False,2.606666666666667,False,False,False,4.050025558471679,1599.6529999999998,1,0.0001683319506065,0.0001683319506065,80,599,False,599.0,False,False,False,False,0.023322235392845482,4.08099705124496,0.09518362805014934
ARGRGYTSVYGVYGFDI,H3-7_A,K3-15,True,7,41,1,3.6083032211838326e-05,0.0001643240470207,3.92611059853556e-06,False,False,False,False,False,False,False,False,False,False,False,False,False,1,1,False,1.4529411764705884,False,False,False,8.539295959472657,1881.0514,2,0.0001643240470207,0.0001643240470207,615,600,False,600.0,False,False,False,False,0.023891035787860906,4.5527914101603955,0.10877752180787449
ARGTGYVAVASYDFDI,H3-7_A,K3-20,True,22,40,1,0.0001134038155229,0.0001603161434348,3.92611059853556e-06,False,False,False,False,False,False,False,False,False,True,False,False,False,-1,-1,False,1.5750000000000002,False,False,False,4.207874679565429,1704.8331,1,0.0001603161434348,0.0001603161434348,732,601,False,601.0,False,False,False,False,0.024488274428756503,1.4135503923896267,0.034617569124484826
ARGPGIIGDRSYLFDI,H1-69,K3-15,True,6,40,1,3.092831332443285e-05,0.0001603161434348,3.92611059853556e-06,False,False,False,False,False,False,False,False,False,False,False,False,False,0,0,False,0.7437500000000001,False,False,False,6.004890823364257,1749.9632,2,0.0001603161434348,0.0001603161434348,190,602,False,602.0,False,False,False,False,0.024488274428756503,5.181799723651833,0.12690124886139156
ARGTGIIYPRSYGFDI,H3-7_A,K3-20,True,1,40,1,5.154718887405475e-06,0.0001603161434348,3.92611059853556e-06,False,False,False,False,False,False,False,False,False,False,False,False,False,1,1,False,0.9000000000000001,False,False,False,8.632579040527343,1785.9953,2,0.0001603161434348,0.0001603161434348,380,603,False,603.0,False,False,False,False,0.024488274428756503,31.040632981156445,0.7601789534198373
ARGPGYTHSRSYQFDI,H3-7_A,K3-20,True,24,38,1,0.0001237132532977,0.0001523003362631,3.92611059853556e-06,False,False,False,False,False,False,False,False,False,False,False,False,False,1,2,False,2.4562500000000003,False,False,False,8.638685607910158,1854.9746,2,0.0001523003362631,0.0001523003362631,452,605,False,605.0,False,False,False,False,0.025777046357205985,1.2309758449095944,0.03173300486278554
ARGLGYIDASSYAFDI,H1-69,K1-39,True,17,38,1,8.763022108589308e-05,0.0001523003362631,3.92611059853556e-06,False,False,False,False,False,False,False,False,False,False,False,False,False,-1,-1,False,1.0437500000000002,False,False,False,4.207874679565429,1718.8597,1,0.0001523003362631,0.0001523003362631,290,606,False,606.0,False,False,False,False,0.025777046357205985,1.737790416044659,0.04479804534823935
ARGPGYVYSGRYGFDI,H3-7_A,K1-39,True,10,37,1,5.154718887405476e-05,0.0001482924326772,3.92611059853556e-06,False,False,False,False,False,False,False,False,False,False,False,False,False,1,1,False,1.58125,False,False,False,8.539295959472657,1777.9317,2,0.0001482924326772,0.0001482924326772,493,607,False,607.0,False,False,False,False,0.02647367630901418,2.8762707183173353,0.07615059479147253
ARGPGTGRDYEWQFDY,H3-7_A,K3-15,True,128,36,1,0.0006598040175879,0.0001442845290913,3.92611059853556e-06,False,False,False,False,False,False,False,False,False,True,False,False,False,-1,-1,False,2.85625,False,False,False,4.558281326293945,1917.9857,2,0.0006598040175879,0.0001442845290913,402,608,False,608.0,False,False,False,True,0.027209005242682337,0.21867454350055313,0.005950329174406371
ARGLGKISSRFEYLFDI,H3-7_A,K1-39,True,67,36,1,0.0003453661654561,0.0001442845290913,3.92611059853556e-06,False,False,False,False,False,False,False,False,False,False,False,False,False,1,1,False,0.2176470588235296,False,False,False,8.632789611816406,1972.2467,2,0.0003453661654561,0.0001442845290913,326,609,False,609.0,False,False,False,False,0.027209005242682337,0.4177605275707414,0.011367636192702474
ARAPRAWVSSDFDY,H3-7_A,K1-39,True,21,36,1,0.0001082490966355,0.0001442845290913,3.92611059853556e-06,False,False,False,False,False,False,False,False,False,True,False,False,False,0,0,False,1.7857142857142858,False,False,False,6.004890823364257,1640.7529,2,0.0001442845290913,0.0001442845290913,36,610,False,610.0,False,False,False,False,0.027209005242682337,1.332770488350691,0.03626587252759434
ARGYGVIGDREYSFDI,H1-69,K1-39,True,10,36,1,5.154718887405476e-05,0.0001442845290913,3.92611059853556e-06,False,False,False,False,False,False,False,False,False,True,False,False,False,-1,-1,False,1.825,False,False,False,4.558281326293945,1817.951,2,0.0001442845290913,0.0001442845290913,560,611,False,611.0,False,False,False,False,0.027209005242682337,2.7985336718757488,0.07615059479147253
ARGPGHIYPRSYGFDI,H1-69,K3-15,True,8,36,1,4.12377510992438e-05,0.0001442845290913,3.92611059853556e-06,False,False,False,False,False,False,False,False,False,False,False,False,False,1,2,False,1.3375,False,False,False,8.638685607910158,1805.9883,2,0.0001442845290913,0.0001442845290913,380,612,False,612.0,False,False,False,False,0.027209005242682337,3.4979974724960257,0.09518362805014934
ARGSGYVETGQYGFDI,UNK,K1-39,True,5,36,1,2.5773594437027374e-05,0.0001442845290913,3.92611059853556e-06,False,False,False,False,False,False,False,False,False,False,False,False,False,-1,-1,False,2.49375,False,False,False,4.370375442504883,1719.8047,1,0.0001442845290913,0.0001442845290913,624,613,False,613.0,False,False,False,False,0.027209005242682337,5.595981950604043,0.15227165506828405
ARDPNYYLSSPYGEFDI,H1-69,K4-1,True,27,35,1,0.0001391774099599,0.0001402766255054,3.92611059853556e-06,False,False,False,False,True,False,False,False,False,True,False,False,False,-2,-2,False,1.8764705882352943,False,False,False,4.050025558471679,2007.1152,1,0.0001402766255054,0.0001402766255054,109,614,False,614.0,False,False,False,False,0.02798634997735001,1.0078255321067746,0.028207368753155736
ARGRGYVETGQYAFDI,H1-69,K3-20,True,27,35,1,0.0001391774099599,0.0001402766255054,3.92611059853556e-06,False,False,False,False,False,False,False,False,False,False,False,False,False,0,0,False,2.125,False,False,False,6.113258743286132,1802.9397,2,0.0001402766255054,0.0001402766255054,624,615,False,615.0,False,False,False,False,0.02798634997735001,1.0078255321067746,0.028207368753155736
ARGLGYITDEGAYGFDI,H1-69,K3-20,True,12,35,1,6.18566266488657e-05,0.0001402766255054,3.92611059853556e-06,False,False,False,False,False,False,False,False,False,True,False,False,False,-2,-2,False,1.5294117647058825,False,False,False,4.050025558471679,1817.9477,1,0.0001402766255054,0.0001402766255054,341,616,False,616.0,False,False,False,False,0.02798634997735001,2.2674038185654317,0.06346088046498563
ARGPGLVWEGVYGFDI,UNK,K3-15,True,8,35,1,4.12377510992438e-05,0.0001402766255054,3.92611059853556e-06,False,False,False,False,False,False,False,False,False,False,False,False,False,-1,-1,False,0.2062500000000001,False,False,False,4.370375442504883,1735.9348,1,0.0001402766255054,0.0001402766255054,388,617,False,617.0,False,False,False,False,0.02798634997735001,3.400830876037062,0.09518362805014934
ARGTGVLLPSNQWYFDI,UNK,K3-15,True,7,35,1,3.6083032211838326e-05,0.0001402766255054,3.92611059853556e-06,False,False,False,True,False,False,False,False,False,False,False,False,False,0,0,False,0.1941176470588237,False,False,False,5.880318832397459,1937.1578,1,0.0001402766255054,0.0001402766255054,701,618,False,618.0,False,False,False,False,0.02798634997735001,3.8865292525738524,0.10877752180787449
ARGTGSIGDRSYQFDI,H3-7_A,K1-39,True,5,35,1,2.5773594437027374e-05,0.0001402766255054,3.92611059853556e-06,False,False,False,False,False,False,False,False,False,False,False,False,False,0,0,False,2.79375,False,False,False,6.004890823364257,1742.8432,2,0.0001402766255054,0.0001402766255054,568,619,False,619.0,False,False,False,False,0.02798634997735001,5.440538007530523,0.15227165506828405
ARFYDLGDPPFDY,H3-23_A,K1-39,True,1,35,1,5.154718887405475e-06,0.0001402766255054,3.92611059853556e-06,False,False,False,False,True,False,False,False,False,False,False,False,False,-2,-2,False,1.1384615384615386,False,False,False,4.050025558471679,1575.6744,1,0.0001402766255054,0.0001402766255054,180,621,False,621.0,False,False,False,False,0.02798634997735001,27.160553858502205,0.7601789534198373
ARGLGYITDEGAYGFDI,H3-7_A,K3-15,True,16,34,1,8.24755021984876e-05,0.0001362687219196,3.92611059853556e-06,False,False,False,False,False,False,False,False,False,True,False,False,False,-2,-2,False,1.5294117647058825,False,False,False,4.050025558471679,1817.9477,1,0.0001362687219196,0.0001362687219196,341,622,False,622.0,False,False,False,False,0.028809417517518532,1.6520323970592075,0.04759758374372299
ARGPGLVWEGVYGFDI,H1-69,K3-15,True,8,33,1,4.12377510992438e-05,0.0001322608183337,3.92611059853556e-06,False,False,False,False,False,False,False,False,False,False,False,False,False,-1,-1,False,0.2062500000000001,False,False,False,4.370375442504883,1735.9348,1,0.0001322608183337,0.0001322608183337,388,624,False,624.0,False,False,False,False,0.029682364167662106,3.206497683121559,0.09518362805014934
ARGPGIIGDRSYLFDI,UNK,K3-15,True,7,33,1,3.6083032211838326e-05,0.0001322608183337,3.92611059853556e-06,False,False,False,False,False,False,False,False,False,False,False,False,False,0,0,False,0.7437500000000001,False,False,False,6.004890823364257,1749.9632,2,0.0001322608183337,0.0001322608183337,190,625,False,625.0,False,False,False,False,0.029682364167662106,3.6644418667135183,0.10877752180787449
ARGPGLVWEGVYGFDI,H3-7_A,K3-20,True,3,32,1,1.5464156662216426e-05,0.0001282529147478,3.92611059853556e-06,False,False,False,False,False,False,False,False,False,False,False,False,False,-1,-1,False,0.2062500000000001,False,False,False,4.370375442504883,1735.9348,1,0.0001282529147478,0.0001282529147478,388,626,False,626.0,False,False,False,False,0.03060986572974245,8.288200613927984,0.2537204892155465
ARGLGYIASDAYAFDY,UNK,K3-15,True,15,31,1,7.732078331108213e-05,0.000124245011162,3.92611059853556e-06,False,False,False,False,False,False,False,False,False,False,False,False,False,-1,-1,False,1.15,False,False,False,4.207874679565429,1752.8759,1,0.000124245011162,0.000124245011162,337,628,False,628.0,False,False,False,False,0.03159720128644803,1.6066695026506304,0.05077034565577609
ARGTGYITGSTYEFDI,H3-7_A,K3-20,True,80,30,1,0.0004123775109924,0.0001202371075761,3.92611059853556e-06,False,False,False,False,False,False,False,False,False,True,False,False,False,-1,-1,False,2.1437500000000003,False,False,False,4.370375442504883,1750.8586,1,0.0004123775109924,0.0001202371075761,716,629,False,629.0,False,False,False,True,0.03265035373970113,0.29156340667725966,0.009520440105199781
ARGAGYIGSYTYAFDI,H3-7_A,K3-20,True,42,30,1,0.000216498193271,0.0001202371075761,3.92611059853556e-06,False,False,False,False,False,False,False,False,False,False,False,False,False,0,0,False,1.15,False,False,False,5.87858085632324,1724.8658,1,0.000216498193271,0.0001202371075761,192,630,False,630.0,False,False,False,False,0.03265035373970113,0.5553466857746167,0.018133773781121104
ARGSGYVTSYGEYAFDY,H3-7_A,K3-20,True,27,30,1,0.0001391774099599,0.0001202371075761,3.92611059853556e-06,False,False,False,False,False,False,False,False,False,False,False,False,False,-1,-1,False,2.411764705882353,False,False,False,4.370324325561524,1905.9682000000005,1,0.0001391774099599,0.0001202371075761,666,631,False,631.0,False,False,False,False,0.03265035373970113,0.8638504560918291,0.028207368753155736
ARDPNYYLSSPYGEFDI,H3-23_A,K1-39,True,13,30,1,6.701134553627119e-05,0.0001202371075761,3.92611059853556e-06,False,False,False,False,True,False,False,False,False,True,False,False,False,-2,-2,False,1.8764705882352943,False,False,False,4.050025558471679,2007.1152,1,0.0001202371075761,0.0001202371075761,109,632,False,632.0,False,False,False,False,0.03265035373970113,1.7940121406698566,0.05858000264125993
ARGYGVIGDREYSFDI,H3-7_A,K3-20,True,7,30,1,3.6083032211838326e-05,0.0001202371075761,3.92611059853556e-06,False,False,False,False,False,False,False,False,False,True,False,False,False,-1,-1,False,1.825,False,False,False,4.558281326293945,1817.951,2,0.0001202371075761,0.0001202371075761,560,633,False,633.0,False,False,False,False,0.03265035373970113,3.3313107879216326,0.10877752180787449
ARGYGTIGIGEYDFDY,H3-7_A,K3-20,True,22,29,1,0.0001134038155229,0.0001162292039902,3.92611059853556e-06,False,False,False,False,False,False,False,False,False,True,False,False,False,-2,-2,False,1.95,False,False,False,4.050025558471679,1796.8854,1,0.0001162292039902,0.0001162292039902,697,634,False,634.0,False,False,False,False,0.03377613114820165,1.0248240344822148,0.034617569124484826
ARGHGYVSAGTLEFDI,H3-7_A,K3-20,True,12,29,1,6.18566266488657e-05,0.0001162292039902,3.92611059853556e-06,False,False,False,False,False,False,False,False,False,True,False,False,False,-1,0,False,1.56875,False,False,False,5.322224044799805,1692.8258,1,0.0001162292039902,0.0001162292039902,272,635,False,635.0,False,False,False,False,0.03377613114820165,1.878706021097257,0.06346088046498563
ARGRGYISSANQWYFDI,H3-7_A,K4-1,True,11,29,1,5.670190776146023e-05,0.0001162292039902,3.92611059853556e-06,False,False,False,True,False,False,False,False,False,False,False,False,False,1,1,False,1.2352941176470589,False,False,False,8.632579040527343,2004.1642,2,0.0001162292039902,0.0001162292039902,605,636,False,636.0,False,False,False,False,0.03377613114820165,2.049467361935336,0.06922903413952212
ARGYGVIGDREYSFDI,H3-7_A,K3-15,True,3,29,1,1.5464156662216426e-05,0.0001162292039902,3.92611059853556e-06,False,False,False,False,False,False,False,False,False,True,False,False,False,-1,-1,False,1.825,False,False,False,4.558281326293945,1817.951,2,0.0001162292039902,0.0001162292039902,560,637,False,637.0,False,False,False,False,0.03377613114820165,7.511181806372639,0.2537204892155465
ARGLGYITDEGAYGFDI,UNK,K3-20,True,11,27,1,5.670190776146023e-05,0.0001082133968185,3.92611059853556e-06,False,False,False,False,False,False,False,False,False,True,False,False,False,-2,-2,False,1.5294117647058825,False,False,False,4.050025558471679,1817.9477,1,0.0001082133968185,0.0001082133968185,341,638,False,638.0,False,False,False,False,0.0362778356062875,1.9081247852508092,0.06922903413952212
ARGTGSIGDRSYQFDI,UNK,K4-1,True,6,27,1,3.092831332443285e-05,0.0001082133968185,3.92611059853556e-06,False,False,False,False,False,False,False,False,False,False,False,False,False,0,0,False,2.79375,False,False,False,6.004890823364257,1742.8432,2,0.0001082133968185,0.0001082133968185,568,639,False,639.0,False,False,False,False,0.0362778356062875,3.497714813465311,0.12690124886139156
ARGIGYVTSYSYAFDI,H3-7_A,K3-15,True,5,27,1,2.5773594437027374e-05,0.0001082133968185,3.92611059853556e-06,False,False,False,False,False,False,False,False,False,False,False,False,False,0,0,False,0.8375000000000001,False,False,False,5.87858085632324,1782.9449,1,0.0001082133968185,0.0001082133968185,290,640,False,640.0,False,False,False,False,0.0362778356062875,4.196986462954002,0.15227165506828405
ARGPGLVWEGVYGFDI,H3-7_A,K1-39,True,4,27,1,2.06188755496219e-05,0.0001082133968185,3.92611059853556e-06,False,False,False,False,False,False,False,False,False,False,False,False,False,-1,-1,False,0.2062500000000001,False,False,False,4.370375442504883,1735.9348,1,0.0001082133968185,0.0001082133968185,388,641,False,641.0,False,False,False,False,0.0362778356062875,5.245724448634982,0.19032111513259484
ARGSGYVETGQYGFDI,H3-7_A,K3-15,True,10,26,1,5.154718887405476e-05,0.0001042054932326,3.92611059853556e-06,False,False,False,False,False,False,False,False,False,False,False,False,False,-1,-1,False,2.49375,False,False,False,4.370375442504883,1719.8047,1,0.0001042054932326,0.0001042054932326,624,643,False,643.0,False,False,False,False,0.03767300308959648,2.021163207465711,0.07615059479147253
ARGSGYVETGQYGFDI,H3-7_A,K3-20,True,9,26,1,4.639246998664928e-05,0.0001042054932326,3.92611059853556e-06,False,False,False,False,False,False,False,False,False,False,False,False,False,-1,-1,False,2.49375,False,False,False,4.370375442504883,1719.8047,1,0.0001042054932326,0.0001042054932326,624,644,False,644.0,False,False,False,False,0.03767300308959648,2.245688500258317,0.0846099485580221
ARGYGVIGDREYSFDI,UNK,K1-39,True,5,26,1,2.5773594437027374e-05,0.0001042054932326,3.92611059853556e-06,False,False,False,False,False,False,False,False,False,True,False,False,False,-1,-1,False,1.825,False,False,False,4.558281326293945,1817.951,2,0.0001042054932326,0.0001042054932326,560,645,False,645.0,False,False,False,False,0.03767300308959648,4.0415425198804815,0.15227165506828405
ARGTGSIGDRSYQFDI,H3-7_A,K3-20,True,3,26,1,1.5464156662216426e-05,0.0001042054932326,3.92611059853556e-06,False,False,False,False,False,False,False,False,False,False,False,False,False,0,0,False,2.79375,False,False,False,6.004890823364257,1742.8432,2,0.0001042054932326,0.0001042054932326,568,646,False,646.0,False,False,False,False,0.03767300308959648,6.734162998817294,0.2537204892155465
ARGRGYVETGQYAFDI,H3-7_A,K1-39,True,14,25,1,7.216606442367665e-05,0.0001001975896467,3.92611059853556e-06,False,False,False,False,False,False,False,False,False,False,False,False,False,0,0,False,2.125,False,False,False,6.113258743286132,1802.9397,2,0.0001001975896467,0.0001001975896467,624,649,False,649.0,False,False,False,False,0.039179772833352985,1.388238475549675,0.05439629647148839
ARGRGYVETGQYAFDI,H3-7_A,UNK,True,11,25,1,5.670190776146023e-05,0.0001001975896467,3.92611059853556e-06,False,False,False,False,False,False,False,False,False,False,False,False,False,0,0,False,2.125,False,False,False,6.113258743286132,1802.9397,2,0.0001001975896467,0.0001001975896467,624,650,False,650.0,False,False,False,False,0.039179772833352985,1.766782208564519,0.06922903413952212
ARGTGVLLPSNQWYFDI,H1-69,K3-15,True,9,25,1,4.639246998664928e-05,0.0001001975896467,3.92611059853556e-06,False,False,False,True,False,False,False,False,False,False,False,False,False,0,0,False,0.1941176470588237,False,False,False,5.880318832397459,1937.1578,1,0.0001001975896467,0.0001001975896467,701,651,False,651.0,False,False,False,False,0.039179772833352985,2.159315865632334,0.0846099485580221
ARGLGYTGNRVYGFDI,H1-69,K3-15,True,6,25,1,3.092831332443285e-05,0.0001001975896467,3.92611059853556e-06,False,False,False,False,False,False,False,False,False,False,False,False,False,1,1,False,1.35,False,False,False,8.632579040527343,1758.9301,2,0.0001001975896467,0.0001001975896467,347,652,False,652.0,False,False,False,False,0.039179772833352985,3.23862482728078,0.12690124886139156
ARGPGLVDERGYQFDI,H1-69,K3-20,True,40,24,1,0.0002061887554962,9.618968606091212e-05,3.92611059853556e-06,False,False,False,False,False,False,False,False,False,True,False,False,False,-1,-1,False,1.96875,False,False,False,4.558281326293945,1792.9449,2,0.0002061887554962,9.618968606091212e-05,249,653,False,653.0,False,False,False,False,0.04081209366992746,0.4664901387471506,0.019040418498587466
ARGLDRLSPAFDY,H4-34,K1-39,True,61,23,1,0.0003144378521317,9.218178247504078e-05,3.92611059853556e-06,False,False,False,False,False,False,False,False,False,False,False,False,False,0,0,False,1.3384615384615386,False,False,False,6.004890823364257,1480.6233,2,0.0003144378521317,9.218178247504078e-05,318,654,False,654.0,False,False,False,False,0.04258634005257988,0.293154435147588,0.01248572878434288
ARSVDEGSPSLVAFDY,H1-69,K4-1,True,25,23,1,0.0001288679721851,9.218178247504078e-05,3.92611059853556e-06,False,False,False,False,False,False,False,False,False,True,False,False,False,-2,-2,False,2.2375000000000003,False,False,False,4.050025558471679,1712.8106,1,0.0001288679721851,9.218178247504078e-05,937,655,False,655.0,False,False,False,False,0.04258634005257988,0.715264066559376,0.030463783158356295
AREYDEGAGYDYFDY,H3-7_A,K1-39,True,45,21,1,0.0002319623499332,8.41659753032981e-05,3.92611059853556e-06,False,False,False,False,False,False,False,False,False,True,False,False,False,-4,-4,False,3.24,False,False,False,4.050025558471679,1833.8162,1,0.0002319623499332,8.41659753032981e-05,162,656,False,656.0,False,False,False,False,0.04664170013343144,0.36282761858271034,0.01692490764380386
ARGPGLVDERGYQFDI,H3-7_A,K1-39,True,24,21,1,0.0001237132532977,8.41659753032981e-05,3.92611059853556e-06,False,False,False,False,False,False,False,False,False,True,False,False,False,-1,-1,False,1.96875,False,False,False,4.558281326293945,1792.9449,2,0.0001237132532977,8.41659753032981e-05,249,657,False,657.0,False,False,False,False,0.04664170013343144,0.6802761248185085,0.03173300486278554
ARGTGYTLAPSVWYFDI,H3-7_A,K3-15,True,47,19,1,0.000242271787708,7.615016813155543e-05,3.92611059853556e-06,False,False,False,True,False,False,False,False,False,False,False,False,False,0,0,False,0.2882352941176472,False,False,False,5.87944984436035,1917.1234,1,0.000242271787708,7.615016813155543e-05,724,658,False,658.0,False,False,False,False,0.05155070813070929,0.3143041367324408,0.0162047285339802
ARGPGTVDESSYGFDY,H3-7_A,K3-20,True,61,18,1,0.0003144378521317,7.21422645456841e-05,3.92611059853556e-06,False,False,False,False,False,False,False,False,False,True,False,False,False,-2,-2,False,3.4250000000000003,False,False,False,4.050025558471679,1720.7465,1,0.0003144378521317,7.21422645456841e-05,411,659,False,659.0,False,False,False,False,0.054414239431801834,0.22942521011550365,0.01248572878434288
ARGLDRLSPAFDY,UNK,K4-1,True,73,13,1,0.0003762944787805,5.21027466163274e-05,3.92611059853556e-06,False,False,False,False,False,False,False,False,False,False,False,False,False,0,0,False,1.3384615384615386,False,False,False,6.004890823364257,1480.6233,2,0.0003762944787805,5.21027466163274e-05,318,660,False,660.0,False,False,False,False,0.07533877704510539,0.13845901272601954,0.010433334759285918
ARGFGKIWSDFDY,H3-7_A,K3-20,True,37,13,1,0.000190724598834,5.21027466163274e-05,3.92611059853556e-06,False,False,False,False,False,False,False,False,False,True,False,False,False,0,0,False,0.8923076923076925,False,False,False,6.004021835327148,1561.6942,1,0.000190724598834,5.21027466163274e-05,246,661,False,661.0,False,False,False,False,0.07533877704510539,0.27316882691888233,0.02058415527406504
ARGPGLVDERGYQFDI,UNK,K3-20,True,23,13,1,0.0001185585344103,5.21027466163274e-05,3.92611059853556e-06,False,False,False,False,False,False,False,False,False,True,False,False,False,-1,-1,False,1.96875,False,False,False,4.558281326293945,1792.9449,2,0.0001185585344103,5.21027466163274e-05,249,662,False,662.0,False,False,False,False,0.07533877704510539,0.43943148049741987,0.03311258436365138
ARGLDRLSPAFDY,H4-34,K3-15,True,45,12,1,0.0002319623499332,4.809484303045606e-05,3.92611059853556e-06,False,False,False,False,False,False,False,False,False,False,False,False,False,0,0,False,1.3384615384615386,False,False,False,6.004890823364257,1480.6233,2,0.0002319623499332,4.809484303045606e-05,318,663,False,663.0,False,False,False,False,0.08161570335132093,0.20733006776154878,0.01692490764380386
ARGPGLVDERGYQFDI,H3-7_A,UNK,True,35,12,1,0.0001804151610591,4.809484303045606e-05,3.92611059853556e-06,False,False,False,False,False,False,False,False,False,True,False,False,False,-1,-1,False,1.96875,False,False,False,4.558281326293945,1792.9449,2,0.0001804151610591,4.809484303045606e-05,249,664,False,664.0,False,False,False,False,0.08161570335132093,0.26656394678069395,0.021760327525768567
ARGPGYVRESFYQFDI,H3-7_A,K1-39,True,74,11,1,0.000381449197668,4.408693944458472e-05,3.92611059853556e-06,False,False,False,False,False,False,False,False,False,False,False,False,False,0,0,False,1.275,False,False,False,6.113258743286132,1905.0729,2,0.000381449197668,4.408693944458472e-05,477,665,False,665.0,False,False,False,False,0.08903363017901467,0.11557445649260616,0.010292347445119464
ARSVDEGSPSLVAFDY,H3-23_A,K3-20,True,34,10,1,0.0001752604421717,4.0079035858713385e-05,3.92611059853556e-06,False,False,False,False,False,False,False,False,False,True,False,False,False,-2,-2,False,2.2375000000000003,False,False,False,4.050025558471679,1712.8106,1,0.0001752604421717,4.0079035858713385e-05,937,668,False,668.0,False,False,False,False,0.09793477229964903,0.22866967962259604,0.022400300643330547
ARGLDRLSPAFDY,H3-7_A,K4-1,True,57,9,1,0.0002938189765821,3.607113227284205e-05,3.92611059853556e-06,False,False,False,False,False,False,False,False,False,False,False,False,False,0,0,False,1.3384615384615386,False,False,False,6.004890823364257,1480.6233,2,0.0002938189765821,3.607113227284205e-05,318,669,False,669.0,False,False,False,False,0.10881339778493342,0.12276233846107161,0.013361890458201794
ARGLDRLSPAFDY,H4-34,K3-20,True,32,9,1,0.0001649510043969,3.607113227284205e-05,3.92611059853556e-06,False,False,False,False,False,False,False,False,False,False,False,False,False,0,0,False,1.3384615384615386,False,False,False,6.004890823364257,1480.6233,2,0.0001649510043969,3.607113227284205e-05,318,670,False,670.0,False,False,False,False,0.10881339778493342,0.21866460139909227,0.02380023456385636
ARGLDRLSPAFDY,H1-69,K4-1,True,32,8,1,0.0001649510043969,3.206322868697071e-05,3.92611059853556e-06,False,False,False,False,False,False,False,False,False,False,False,False,False,0,0,False,1.3384615384615386,False,False,False,6.004890823364257,1480.6233,2,0.0001649510043969,3.206322868697071e-05,318,672,False,672.0,False,False,False,False,0.1224108316893736,0.1943685345769709,0.02380023456385636
ARAQDLGSYGPFDY,H3-7_A,K4-1,True,80,6,1,0.0004123775109924,2.404742151522803e-05,3.92611059853556e-06,False,False,False,False,False,False,False,False,False,False,False,False,False,-1,-1,False,2.3000000000000003,False,False,False,4.207874679565429,1559.6337,1,0.0004123775109924,2.404742151522803e-05,41,674,False,674.0,False,False,False,False,0.16319748132817907,0.058312681335471406,0.009520440105199781
ARVKSSKSGYFDY,H3-23_A,K4-1,True,22,6,1,0.0001134038155229,2.404742151522803e-05,3.92611059853556e-06,False,False,False,False,False,False,False,False,False,False,False,False,False,2,2,False,2.784615384615385,False,False,False,9.527507019042972,1507.6453,1,0.0001134038155229,2.404742151522803e-05,955,676,False,676.0,True,True,True,False,0.16319748132817907,0.2120325588585148,0.034617569124484826
ARGTGYVYDPGSYAFDI,H1-69,K3-20,True,20,6,1,0.0001030943777481,2.404742151522803e-05,3.92611059853556e-06,False,False,False,False,True,False,False,False,False,False,False,False,False,-1,-1,False,1.9235294117647064,False,False,False,4.207874679565429,1851.9639,1,0.0001030943777481,2.404742151522803e-05,470,677,False,677.0,False,False,False,False,0.16319748132817907,0.23323375825980558,0.03807899028426958
AREYDEGAGYDYFDY,UNK,K1-39,True,25,5,1,0.0001288679721851,2.0039517929356693e-05,3.92611059853556e-06,False,False,False,False,False,False,False,False,False,True,False,False,False,-4,-4,False,3.24,False,False,False,4.050025558471679,1833.8162,1,0.0001288679721851,2.0039517929356693e-05,162,678,False,678.0,False,False,False,False,0.19582069815189482,0.15549218838247306,0.030463783158356295
ARAAWLGYEYGYAFDY,H3-23_A,K3-20,True,102,4,1,0.0005257813265153,1.6031614343485354e-05,3.92611059853556e-06,False,False,False,False,False,False,False,False,False,False,False,False,False,-1,-1,False,0.3625000000000001,False,False,False,4.370324325561524,1916.0507,1,0.0005257813265153,1.6031614343485354e-05,4,679,False,679.0,True,True,True,True,0.24474535507892878,0.03049045036504391,0.007467050901269125
ARLPPLRYSGSYGPFDY,H1-69,K1-39,True,49,4,1,0.0002525812254828,1.6031614343485354e-05,3.92611059853556e-06,False,False,False,False,False,False,False,False,False,False,False,False,False,1,1,False,1.0529411764705885,False,False,False,8.539295959472657,1959.1634,2,0.0002525812254828,1.6031614343485354e-05,857,680,False,680.0,True,True,True,False,0.24474535507892878,0.06346861144064965,0.015543337228089524
ARAQDLGSYGPFDY,H1-69,K1-39,True,48,4,1,0.0002474265065954,1.6031614343485354e-05,3.92611059853556e-06,False,False,False,False,False,False,False,False,False,False,False,False,False,-1,-1,False,2.3000000000000003,False,False,False,4.207874679565429,1559.6337,1,0.0002474265065954,1.6031614343485354e-05,41,681,False,681.0,False,False,False,False,0.24474535507892878,0.06479082074052929,0.015867143666699945
ARLPPLRYSSSSWGFDY,H1-69,K1-39,True,44,4,1,0.0002268076310458,1.6031614343485354e-05,3.92611059853556e-06,False,False,False,False,False,False,False,False,False,False,False,False,False,1,1,False,0.8823529411764708,False,False,False,8.632579040527343,2002.1882,2,0.0002268076310458,1.6031614343485354e-05,858,682,False,682.0,True,True,True,False,0.24474535507892878,0.07068063567002066,0.01730954767684168
ARDIPVSVWGFDY,H3-23_A,K3-15,True,35,4,1,0.0001804151610591,1.6031614343485354e-05,3.92611059853556e-06,False,False,False,False,False,False,False,False,False,False,False,False,False,-1,-1,False,0.3153846153846155,False,False,False,4.207874679565429,1524.674,1,0.0001804151610591,1.6031614343485354e-05,85,684,False,684.0,False,False,False,False,0.24474535507892878,0.08885464892689798,0.021760327525768567
ARGVYAFGWYSIAFDY,H3-23_A,K1-39,True,33,4,1,0.0001701057232843,1.6031614343485354e-05,3.92611059853556e-06,False,False,False,False,False,False,False,False,False,False,False,False,False,0,0,False,-0.4624999999999998,False,False,False,5.87858085632324,1886.0677,1,0.0001701057232843,1.6031614343485354e-05,753,685,False,685.0,False,False,False,False,0.24474535507892878,0.09423946260800993,0.023079057730449666
ARSVDEGSPSLVAFDY,H4-34,K3-20,True,26,4,1,0.0001340226910725,1.6031614343485354e-05,3.92611059853556e-06,False,False,False,False,False,False,False,False,False,True,False,False,False,-2,-2,False,2.2375000000000003,False,False,False,4.050025558471679,1712.8106,1,0.0001340226910725,1.6031614343485354e-05,937,686,False,686.0,False,False,False,False,0.24474535507892878,0.11960973263465738,0.02929218660850342
ARGVYANRIFDY,H1-69,K1-39,True,118,3,1,0.0006082568287138,1.2023710757614016e-05,3.92611059853556e-06,False,False,False,False,False,False,False,False,False,False,False,False,False,1,1,False,0.8833333333333334,False,False,False,8.632579040527343,1444.5926,2,0.0006082568287138,1.2023710757614016e-05,752,688,False,688.0,True,True,True,True,0.3262593457343502,0.01976716498422007,0.006454586068481572
ARGSYAGRIFDY,H1-69,K1-39,True,114,3,1,0.0005876379531642,1.2023710757614016e-05,3.92611059853556e-06,False,False,False,False,False,False,False,False,False,False,False,False,False,1,1,False,1.625,False,False,False,8.632579040527343,1375.4876,2,0.0005876379531642,1.2023710757614016e-05,670,689,False,689.0,True,True,True,True,0.3262593457343502,0.02046073791778249,0.006681058918686525
ARGRGYVETGQYAFDI,H3-23_A,K3-20,True,22,3,1,0.0001134038155229,1.2023710757614016e-05,3.92611059853556e-06,False,False,False,False,False,False,False,False,False,False,False,False,False,0,0,False,2.125,False,False,False,6.113258743286132,1802.9397,2,0.0001134038155229,1.2023710757614016e-05,624,691,False,691.0,False,False,False,False,0.3262593457343502,0.1060162794292574,0.034617569124484826
ARDRTPFYWADYEFDY,H1-69,K1-39,True,21,3,1,0.0001082490966355,1.2023710757614016e-05,3.92611059853556e-06,False,False,False,True,False,False,False,False,False,True,False,False,False,-2,-2,False,1.475,False,False,False,4.226021194458009,2115.2149,2,0.0001082490966355,1.2023710757614016e-05,115,692,False,692.0,False,False,False,False,0.3262593457343502,0.11106420736261008,0.03626587252759434
ARGRGYLASANQWYFDI,H3-7_A,UNK,True,55,2,1,0.0002835095388073,8.015807171742677e-06,3.92611059853556e-06,False,False,False,True,False,False,False,False,False,False,False,False,False,1,1,False,0.9058823529411766,False,False,False,8.632579040527343,1988.1648,2,0.0002835095388073,8.015807171742677e-06,605,693,False,693.0,False,False,False,False,0.4891857621945666,0.028272503565233257,0.013847760246266569
ARAQDLGSYGPFDY,H1-69,K3-20,True,27,2,1,0.0001391774099599,8.015807171742677e-06,3.92611059853556e-06,False,False,False,False,False,False,False,False,False,False,False,False,False,-1,-1,False,2.3000000000000003,False,False,False,4.207874679565429,1559.6337,1,0.0001391774099599,8.015807171742677e-06,41,694,False,694.0,False,False,False,False,0.4891857621945666,0.05759003040614117,0.028207368753155736
ARAQDLGSYGPFDY,UNK,K4-1,True,25,2,1,0.0001288679721851,8.015807171742677e-06,3.92611059853556e-06,False,False,False,False,False,False,False,False,False,False,False,False,False,-1,-1,False,2.3000000000000003,False,False,False,4.207874679565429,1559.6337,1,0.0001288679721851,8.015807171742677e-06,41,695,False,695.0,False,False,False,False,0.4891857621945666,0.06219687535298922,0.030463783158356295
ARGTGYVYDPGSYAFDI,UNK,K3-20,True,23,2,1,0.0001185585344103,8.015807171742677e-06,3.92611059853556e-06,False,False,False,False,True,False,False,False,False,False,False,False,False,-1,-1,False,1.9235294117647064,False,False,False,4.207874679565429,1851.9639,1,0.0001185585344103,8.015807171742677e-06,470,696,False,696.0,False,False,False,False,0.4891857621945666,0.06760484315344921,0.03311258436365138
ARTSRDGLPFDY,H4-34,K4-1,True,2029,1,1,0.0104589246225457,4.0079035858713385e-06,3.92611059853556e-06,False,True,False,False,False,False,False,False,False,False,False,False,False,0,0,False,2.475,False,False,False,6.004890823364257,1397.4917,2,0.0104589246225457,4.0079035858713385e-06,950,697,False,697.0,False,False,False,True,0.9771540094544425,0.00038320380904109875,0.00037538341525457847
ARAGPGYPVDEYFDP,H1-69,K3-15,True,913,1,1,0.0047062583442011,4.0079035858713385e-06,3.92611059853556e-06,False,False,False,False,True,False,False,False,False,True,False,False,False,-2,-2,False,2.48,False,False,False,4.050025558471679,1653.745,1,0.0047062583442011,4.0079035858713385e-06,15,698,False,698.0,False,False,False,True,0.9771540094544425,0.0008516096602969394,0.0008342300760162087
ARPEEEGDRSWYFDI,H1-69,K1-39,True,880,1,1,0.0045361526209168,4.0079035858713385e-06,3.92611059853556e-06,False,False,False,True,False,False,False,False,False,True,False,False,False,-3,-3,False,2.606666666666667,False,False,False,4.17761344909668,1869.9397,2,0.0045361526209168,4.0079035858713385e-06,899,699,False,699.0,False,False,False,True,0.9771540094544425,0.000883544952156346,0.0008655136349018409
ARAYGDAPTYFDY,H1-69,K3-20,True,850,1,1,0.0043815110542946,4.0079035858713385e-06,3.92611059853556e-06,False,False,False,False,False,False,False,False,False,False,False,False,False,-1,-1,False,2.2,False,False,False,4.207874679565429,1509.5733,1,0.0043815110542946,4.0079035858713385e-06,60,700,False,700.0,False,False,False,True,0.9771540094544425,0.0009147288204727315,0.0008960611052381767
ARDYDEYSWYDAFDP,H1-69,K1-39,True,788,1,1,0.0040619184832755,4.0079035858713385e-06,3.92611059853556e-06,False,False,False,False,True,False,False,False,False,True,False,False,False,-4,-4,False,2.66,False,False,False,4.050025558471679,1912.9162,1,0.0040619184832755,4.0079035858713385e-06,122,701,False,701.0,False,False,False,True,0.9771540094544425,0.0009866996926148253,0.0009665632013711829
AREVDWGDGYDYFDY,H1-69,K1-39,True,753,1,1,0.0038815033222163,4.0079035858713385e-06,3.92611059853556e-06,False,True,False,False,False,False,False,False,False,True,False,False,False,-4,-4,False,2.46,False,False,False,4.050025558471679,1870.8794000000005,1,0.0038815033222163,4.0079035858713385e-06,159,702,False,702.0,False,False,False,True,0.9771540094544425,0.0010325621099718063,0.0010114896620511394
ARGAIPGDVLWVFDY,H1-69,K3-15,True,731,1,1,0.0037680995066934,4.0079035858713385e-06,3.92611059853556e-06,False,False,False,False,False,False,False,False,False,False,False,False,False,-1,-1,False,-0.2533333333333332,False,False,False,4.207874679565429,1678.8835,1,0.0037680995066934,4.0079035858713385e-06,205,703,False,703.0,False,False,False,True,0.9771540094544425,0.0010636377681572113,0.0010419311306005038
ARGYGEWVSATFDY,H1-69,K1-39,True,725,1,1,0.0037371711933689,4.0079035858713385e-06,3.92611059853556e-06,False,False,False,False,False,False,False,False,False,False,False,False,False,-1,-1,False,1.6142857142857143,False,False,False,4.370375442504883,1621.7031,1,0.0037371711933689,4.0079035858713385e-06,184,704,False,704.0,False,False,False,True,0.9771540094544425,0.0010724402640639413,0.001050553985849519
ARGFEPEGLLGFDY,H1-69,K1-39,True,714,1,1,0.0036804692856075,4.0079035858713385e-06,3.92611059853556e-06,False,False,False,False,False,False,False,False,False,True,False,False,False,-2,-2,False,0.885714285714286,False,False,False,4.137435531616211,1570.6994,1,0.0036804692856075,4.0079035858713385e-06,245,705,False,705.0,False,False,False,True,0.9771540094544425,0.0010889624081146796,0.0010667389472584729
ARGYESYSYPGEDPFDP,H1-69,K1-39,True,693,1,1,0.0035722201889719,4.0079035858713385e-06,3.92611059853556e-06,False,False,False,False,True,False,False,False,False,True,False,False,False,-3,-3,False,3.394117647058824,False,False,False,4.050025558471679,1949.9779,1,0.0035722201889719,4.0079035858713385e-06,761,706,False,706.0,False,False,False,True,0.9771540094544425,0.0011219611765905901,0.0010990642794118227
ARLPSYGRYGDFDY,H4-34,K3-15,True,655,1,1,0.0033763408712505,4.0079035858713385e-06,3.92611059853556e-06,False,False,False,False,False,False,False,False,False,True,False,False,False,0,0,False,1.885714285714286,False,False,False,6.003152847290039,1679.7855,2,0.0033763408712505,4.0079035858713385e-06,835,707,False,707.0,False,False,False,True,0.9771540094544425,0.0011870518612264165,0.0011628265983746665
ARGPGYISSPGSYAFDI,H3-7_A,K3-15,True,629,1,1,0.003242318180178,4.0079035858713385e-06,3.92611059853556e-06,False,False,False,False,False,False,False,False,False,False,False,False,False,0,0,False,1.7764705882352942,False,False,False,5.87944984436035,1757.8958,1,0.003242318180178,4.0079035858713385e-06,431,708,False,708.0,False,False,False,True,0.9771540094544425,0.0012361190364299612,0.001210892414450169
ARDIDVWDNLQWFDP,H3-23_A,K3-20,True,618,1,1,0.0031856162724165,4.0079035858713385e-06,3.92611059853556e-06,False,False,False,False,True,False,False,False,False,True,False,False,False,-3,-3,False,0.7533333333333334,False,False,False,4.050025558471679,1890.0153,1,0.0031856162724165,4.0079035858713385e-06,82,709,False,709.0,False,False,False,True,0.9771540094544425,0.0012581210861345293,0.001232445448020918
ARYTGYLVPPGTFDY,H3-23_A,K1-39,True,581,1,1,0.0029948916735825,4.0079035858713385e-06,3.92611059853556e-06,False,False,False,False,False,False,False,False,False,False,False,False,False,0,0,False,0.9666666666666668,False,False,False,5.87858085632324,1719.8891,1,0.0029948916735825,4.0079035858713385e-06,1004,710,False,710.0,False,False,False,True,0.9771540094544425,0.001338242127020179,0.0013109313848822118
ARDREEWYGIDAFDY,H1-69,K1-39,True,550,1,1,0.002835095388073,4.0079035858713385e-06,3.92611059853556e-06,False,False,False,False,False,False,False,False,False,True,False,False,False,-3,-3,False,2.1933333333333334,False,False,False,4.105078506469726,1905.9717,2,0.002835095388073,4.0079035858713385e-06,113,711,False,711.0,False,False,False,True,0.9771540094544425,0.0014136700535832569,0.0013848199841361482
ARPFDYSYAAGFDY,H4-34,K4-1,True,548,1,1,0.0028247859502982,4.0079035858713385e-06,3.92611059853556e-06,False,False,False,False,False,False,False,False,False,False,False,False,False,-1,-1,False,1.4785714285714289,False,False,False,4.207874679565429,1642.7205,1,0.0028247859502982,4.0079035858713385e-06,901,712,False,712.0,False,False,False,True,0.9771540094544425,0.0014188294150762441,0.0013898740537776188
ARETFGYVPQLVYSFDY,H3-23_A,K3-20,True,545,1,1,0.0028093217936359,4.0079035858713385e-06,3.92611059853556e-06,False,False,False,False,False,False,False,False,False,False,False,False,False,-1,-1,False,0.523529411764706,False,False,False,4.370375442504883,2055.244,1,0.0028093217936359,4.0079035858713385e-06,155,713,False,713.0,False,False,False,True,0.9771540094544425,0.0014266394574505635,0.001397524709409386
ARGPGYVDLPGSYAFDI,H3-7_A,K3-20,True,542,1,1,0.0027938576369737,4.0079035858713385e-06,3.92611059853556e-06,False,False,False,False,False,False,False,False,False,False,False,False,False,-1,-1,False,1.3117647058823532,False,False,False,4.207874679565429,1797.9596,1,0.0027938576369737,4.0079035858713385e-06,470,714,False,714.0,False,False,False,True,0.9771540094544425,0.0014345359575490392,0.0014052600583427419
AREVDYGAGYDYFDI,H1-69,K1-39,True,514,1,1,0.0026495255081264,4.0079035858713385e-06,3.92611059853556e-06,False,False,False,False,False,False,False,False,False,True,False,False,False,-3,-3,False,2.066666666666667,False,False,False,4.050025558471679,1753.8176,1,0.0026495255081264,4.0079035858713385e-06,160,715,False,715.0,False,False,False,True,0.9771540094544425,0.0015126815902556062,0.0014818109010027501
ARAPTLSWTPWEFDP,H1-69,K3-20,True,506,1,1,0.0026082877570271,4.0079035858713385e-06,3.92611059853556e-06,False,False,False,False,True,False,False,False,False,True,False,False,False,-1,-1,False,0.7333333333333335,False,False,False,4.370375442504883,1773.9400999999998,1,0.0026082877570271,4.0079035858713385e-06,39,716,False,716.0,False,False,False,True,0.9771540094544425,0.0015365974130344265,0.0015052386515144209
ARSGPGYPVDYHFDI,H1-69,K3-15,True,504,1,1,0.0025979783192523,4.0079035858713385e-06,3.92611059853556e-06,False,False,False,True,False,False,False,False,False,False,False,False,False,-1,0,False,1.72,False,False,False,5.212373733520507,1693.8121,1,0.0025979783192523,4.0079035858713385e-06,918,717,False,717.0,False,False,False,True,0.9771540094544425,0.0015426949983458017,0.0015112117977749391
ARVLRGYNPLSGDFDY,H1-69,UNK,True,504,1,1,0.0025979783192523,4.0079035858713385e-06,3.92611059853556e-06,False,False,False,False,False,False,False,False,False,True,False,False,False,0,0,False,1.4,False,False,False,6.004021835327148,1843.0035000000005,2,0.0025979783192523,4.0079035858713385e-06,958,718,False,718.0,False,False,False,True,0.9771540094544425,0.0015426949983458017,0.0015112117977749391
ARYSGYASPPGTFDY,H3-23_A,K1-39,True,504,1,1,0.0025979783192523,4.0079035858713385e-06,3.92611059853556e-06,False,False,False,False,False,False,False,False,False,False,False,False,False,0,0,False,2.486666666666667,False,False,False,5.87858085632324,1651.7291,1,0.0025979783192523,4.0079035858713385e-06,1003,719,False,719.0,False,False,False,True,0.9771540094544425,0.0015426949983458017,0.0015112117977749391
ARARTLSWTPWEFDP,H1-69,K3-20,True,485,1,1,0.0025000386603916,4.0079035858713385e-06,3.92611059853556e-06,False,False,False,False,True,False,False,False,False,True,False,False,False,0,0,False,0.8733333333333334,False,False,False,6.1150478363037095,1833.0106,2,0.0025000386603916,4.0079035858713385e-06,39,720,False,720.0,False,False,False,True,0.9771540094544425,0.0016031302307706096,0.0015704136726365104
AREGISYDRFEFDY,H1-69,K3-20,True,424,1,1,0.0021856008082599,4.0079035858713385e-06,3.92611059853556e-06,False,False,False,False,False,False,False,False,False,True,False,False,False,-2,-2,False,2.007142857142857,False,False,False,4.316753768920899,1767.8475999999998,2,0.0021856008082599,4.0079035858713385e-06,130,721,False,721.0,False,False,False,True,0.9771540094544425,0.0018337681945589748,0.001796344794644102
ARGHGIWGDFDY,H4-34,K3-20,True,422,1,1,0.0021752913704851,4.0079035858713385e-06,3.92611059853556e-06,False,False,False,False,False,False,False,False,False,True,False,False,False,-1,0,False,1.366666666666667,False,False,False,5.212373733520507,1393.4614,1,0.0021752913704851,4.0079035858713385e-06,259,722,False,722.0,False,False,False,True,0.9771540094544425,0.001842458999130572,0.00180485823794614
ARWGYSYGVPSGFDY,H3-23_A,K1-39,True,405,1,1,0.0020876611493992,4.0079035858713385e-06,3.92611059853556e-06,False,False,False,False,False,False,False,False,False,False,False,False,False,0,0,False,1.3266666666666669,False,False,False,5.87858085632324,1724.8242999999998,1,0.0020876611493992,4.0079035858713385e-06,988,724,False,724.0,False,False,False,True,0.9771540094544425,0.001919796413829234,0.0018806173566490276
ARALDLKWTPYDFDP,H1-69,K3-20,True,399,1,1,0.0020567328360747,4.0079035858713385e-06,3.92611059853556e-06,False,False,False,False,True,False,False,False,False,True,False,False,False,-1,-1,False,0.9333333333333336,False,False,False,4.429057693481445,1807.9977,1,0.0020567328360747,4.0079035858713385e-06,30,725,False,725.0,False,False,False,True,0.9771540094544425,0.0019486653924709592,0.0019088971794006852
ARGVDLWDVYEGFDY,H1-69,K1-39,True,391,1,1,0.0020154950849755,4.0079035858713385e-06,3.92611059853556e-06,False,False,False,False,False,False,False,False,False,False,False,False,False,-3,-3,False,1.06,False,False,False,4.050025558471679,1804.9074,1,0.0020154950849755,4.0079035858713385e-06,746,726,False,726.0,False,False,False,True,0.9771540094544425,0.0019885355863143643,0.0019479537054024774
ARLPPRGAYGDFDY,H4-34,K4-1,True,382,1,1,0.0019691026149888,4.0079035858713385e-06,3.92611059853556e-06,False,False,False,False,False,False,False,False,False,True,False,False,False,0,0,False,1.8571428571428572,False,False,False,6.004021835327148,1597.7280999999998,2,0.0019691026149888,4.0079035858713385e-06,861,727,False,727.0,False,False,False,True,0.9771540094544425,0.0020353856632491967,0.001993847669579778
ARGPGYTAEGEYEFDY,H3-7_A,K4-1,True,373,1,1,0.0019227101450022,4.0079035858713385e-06,3.92611059853556e-06,False,False,False,False,False,False,False,False,False,True,False,False,False,-3,-3,False,3.2062500000000003,False,False,False,4.050025558471679,1824.8526,1,0.0019227101450022,4.0079035858713385e-06,311,728,False,728.0,False,False,False,True,0.9771540094544425,0.0020844965900467813,0.0020419563443701623
ARADRVFVSAVFDY,H1-69,K1-39,True,336,1,1,0.0017319855461682,4.0079035858713385e-06,3.92611059853556e-06,False,False,False,False,False,False,False,False,False,False,False,False,False,0,0,False,0.7000000000000001,False,False,False,6.004890823364257,1615.7863,2,0.0017319855461682,4.0079035858713385e-06,9,729,False,729.0,False,False,False,True,0.9771540094544425,0.002314038043999749,0.0022668133340305267
ARGRGDVYSPGVYGFDI,H3-7_A,K1-39,True,335,1,1,0.0017268308272808,4.0079035858713385e-06,3.92611059853556e-06,False,False,False,False,False,False,False,False,False,False,False,False,False,0,0,False,1.9705882352941175,False,False,False,6.004021835327148,1828.9769,2,0.0017268308272808,4.0079035858713385e-06,550,730,False,730.0,False,False,False,True,0.9771540094544425,0.002320945580249254,0.002273579901812884
ARDVRQWSAHTFDY,H1-69,K1-39,True,333,1,1,0.001716521389506,4.0079035858713385e-06,3.92611059853556e-06,False,False,False,False,False,False,False,False,False,False,False,False,False,0,1,False,1.9714285714285715,False,False,False,6.791580581665039,1751.8548999999998,2,0.001716521389506,4.0079035858713385e-06,119,731,False,731.0,False,False,False,True,0.9771540094544425,0.0023348851121358007,0.0022872349568075503
AREDVYGWPYFDY,H4-34,K3-15,True,330,1,1,0.0017010572328438,4.0079035858713385e-06,3.92611059853556e-06,False,False,False,False,False,False,False,False,False,True,False,False,False,-2,-2,False,1.0230769230769232,False,False,False,4.050025558471679,1680.7685,1,0.0017010572328438,4.0079035858713385e-06,125,732,False,732.0,False,False,False,True,0.9771540094544425,0.0023561112156460914,0.0023080278796341227
ARGDPPASRYWDFDI,H1-69,K3-20,True,316,1,1,0.0016288911684201,4.0079035858713385e-06,3.92611059853556e-06,False,False,False,False,True,False,False,False,False,True,False,False,False,-1,-1,False,1.9933333333333332,False,False,False,4.429057693481445,1765.8782,2,0.0016288911684201,4.0079035858713385e-06,217,734,False,734.0,False,False,False,True,0.9771540094544425,0.0024604952489282544,0.002410281651613992
ARGYAQSWSDFDY,H3-23_A,K3-20,True,303,1,1,0.0015618798228838,4.0079035858713385e-06,3.92611059853556e-06,False,False,False,False,False,False,False,False,False,True,False,False,False,-1,-1,False,2.315384615384616,False,False,False,4.207874679565429,1565.5968,1,0.0015618798228838,4.0079035858713385e-06,759,735,False,735.0,False,False,False,True,0.9771540094544425,0.0025660603758025226,0.0025136924135190117
ARLLRADISSFDY,H5-51,UNK,True,291,1,1,0.0015000231962349,4.0079035858713385e-06,3.92611059853556e-06,False,False,False,False,False,False,False,False,False,False,False,False,False,0,0,False,0.6230769230769233,False,False,False,6.004890823364257,1526.6917,2,0.0015000231962349,4.0079035858713385e-06,850,736,False,736.0,False,False,False,True,0.9771540094544425,0.002671876593085554,0.002617349141599094
ARDLGWGEWYDAYGFDY,H3-23_A,K1-39,True,287,1,1,0.0014794043206853,4.0079035858713385e-06,3.92611059853556e-06,False,False,False,False,False,False,False,False,False,False,False,False,False,-3,-3,False,1.1294117647058826,False,False,False,4.050025558471679,2084.1577,1,0.0014794043206853,4.0079035858713385e-06,95,737,False,737.0,False,False,False,True,0.9771540094544425,0.0027091150395345516,0.002653827628704373
ARGTGYIDPTTYGFDI,H3-7_A,K1-39,True,286,1,1,0.0014742496017979,4.0079035858713385e-06,3.92611059853556e-06,False,False,False,False,True,False,False,False,False,False,False,False,False,-1,-1,False,2.00625,False,False,False,4.207874679565429,1746.8699,1,0.0014742496017979,4.0079035858713385e-06,710,738,False,738.0,False,False,False,True,0.9771540094544425,0.0027185874054905866,0.00266310668334638
ARDLDYVAYSQNAFDY,H1-69,K1-39,True,285,1,1,0.0014690948829105,4.0079035858713385e-06,3.92611059853556e-06,False,False,False,False,False,False,False,False,False,True,False,False,False,-2,-2,False,2.0125,False,False,False,4.050025558471679,1910.988,1,0.0014690948829105,4.0079035858713385e-06,93,739,False,739.0,False,False,False,True,0.9771540094544425,0.002728126243737702,0.0026724508537180765
ARDYEDYSYLYGYFDY,H1-69,K1-39,True,282,1,1,0.0014536307262483,4.0079035858713385e-06,3.92611059853556e-06,False,False,False,False,False,False,False,False,False,True,False,False,False,-3,-3,False,1.6562500000000002,False,False,False,4.050025558471679,2103.1543,1,0.0014536307262483,4.0079035858713385e-06,117,740,False,740.0,False,False,False,True,0.9771540094544425,0.0027571486636972075,0.002700880986368933
ARDAGQWLFDY,H3-23_A,K1-39,True,277,1,1,0.0014278571318113,4.0079035858713385e-06,3.92611059853556e-06,False,False,False,False,False,False,False,False,False,False,False,False,False,-1,-1,False,0.8909090909090911,False,False,False,4.207874679565429,1341.4266,1,0.0014278571318113,4.0079035858713385e-06,68,741,False,741.0,False,False,False,True,0.9771540094544425,0.0028069163415696606,0.002749633009308892
ARGTGYVTSEGEYAFDY,H3-7_A,K1-39,True,274,1,1,0.0014123929751491,4.0079035858713385e-06,3.92611059853556e-06,False,False,False,False,False,False,False,False,False,True,False,False,False,-2,-2,False,2.9058823529411764,False,False,False,4.137435531616211,1885.9356,1,0.0014123929751491,4.0079035858713385e-06,742,742,False,742.0,False,False,False,True,0.9771540094544425,0.002837648784652443,0.0027797382670629828
ARGYGRVWSDFDY,H3-23_A,K3-20,True,273,1,1,0.0014072382562616,4.0079035858713385e-06,3.92611059853556e-06,False,False,False,False,False,False,False,False,False,True,False,False,False,0,0,False,1.6692307692307695,False,False,False,6.004021835327148,1591.6804,2,0.0014072382562616,4.0079035858713385e-06,767,743,False,743.0,False,False,False,True,0.9771540094544425,0.002848043028682418,0.002789920386162282
ARVRGDASPWLVSGFDI,H5-51,K3-20,True,273,1,1,0.0014072382562616,4.0079035858713385e-06,3.92611059853556e-06,False,False,False,False,False,False,False,False,False,False,False,False,False,0,0,False,0.9000000000000001,False,False,False,6.005810928344727,1846.0506,2,0.0014072382562616,4.0079035858713385e-06,973,744,False,744.0,False,False,False,True,0.9771540094544425,0.002848043028682418,0.002789920386162282
ARDFESYSWLYGAFDY,H1-69,K1-39,True,267,1,1,0.0013763099429372,4.0079035858713385e-06,3.92611059853556e-06,False,False,False,False,False,False,False,False,False,True,False,False,False,-2,-2,False,0.7250000000000002,False,False,False,4.050025558471679,1990.0862,1,0.0013763099429372,4.0079035858713385e-06,76,745,False,745.0,False,False,False,True,0.9771540094544425,0.0029120435306038543,0.002852614770775508
ARAAYGYPGDEFDY,H1-69,K1-39,True,265,1,1,0.0013660005051624,4.0079035858713385e-06,3.92611059853556e-06,False,False,False,False,False,False,False,False,False,True,False,False,False,-2,-2,False,2.6357142857142857,False,False,False,4.050025558471679,1594.6346999999998,1,0.0013660005051624,4.0079035858713385e-06,6,746,False,746.0,False,False,False,True,0.9771540094544425,0.002934021056737667,0.0028741437812506423
ARDYDVYSWYDAFDP,H1-69,K1-39,True,264,1,1,0.001360845786275,4.0079035858713385e-06,3.92611059853556e-06,False,False,False,False,True,False,False,False,False,True,False,False,False,-3,-3,False,1.893333333333333,False,False,False,4.050025558471679,1882.9332,1,0.001360845786275,4.0079035858713385e-06,122,747,False,747.0,False,False,False,True,0.9771540094544425,0.00294513469119455,0.002885030609512489
ARGPIGTAWYDFDY,H5-51,K3-15,True,261,1,1,0.0013453816296128,4.0079035858713385e-06,3.92611059853556e-06,False,False,False,False,False,False,False,False,False,True,False,False,False,-1,-1,False,1.15,False,False,False,4.207874679565429,1631.741,1,0.0013453816296128,4.0079035858713385e-06,373,748,False,748.0,False,False,False,True,0.9771540094544425,0.0029789865624664266,0.0029181916344057264
ARGKGYITGSEYAFDY,H3-7_A,K3-20,True,260,1,1,0.0013402269107254,4.0079035858713385e-06,3.92611059853556e-06,False,False,False,False,False,False,False,False,False,False,False,False,False,0,0,False,2.3625000000000003,False,False,False,6.111520767211914,1797.9166,1,0.0013402269107254,4.0079035858713385e-06,309,749,False,749.0,False,False,False,True,0.9771540094544425,0.002990444117601619,0.0029294153646391985
ARTIGAGYPSLDAFDP,H1-69,K3-15,True,254,1,1,0.0013092985974009,4.0079035858713385e-06,3.92611059853556e-06,False,False,False,False,True,False,False,False,False,False,False,False,False,-1,-1,False,1.84375,False,False,False,4.207874679565429,1650.7859,1,0.0013092985974009,4.0079035858713385e-06,945,750,False,750.0,False,False,False,True,0.9771540094544425,0.0030610839903040445,0.0029986136242664695
ARDASSFGYEPFDY,H1-69,K3-20,True,250,1,1,0.0012886797218513,4.0079035858713385e-06,3.92611059853556e-06,False,False,False,False,False,False,False,False,False,False,False,False,False,-2,-2,False,2.485714285714286,False,False,False,4.050025558471679,1624.6607,1,0.0012886797218513,4.0079035858713385e-06,70,751,False,751.0,False,False,False,True,0.9771540094544425,0.003110060954093498,0.0030465910699554637
ARGRGYISSGEYAFDY,H3-7_A,K3-15,True,244,1,1,0.0012577514085269,4.0079035858713385e-06,3.92611059853556e-06,False,False,False,False,False,False,False,False,False,False,False,False,False,0,0,False,2.35,False,False,False,6.112389755249024,1811.9034,2,0.0012577514085269,4.0079035858713385e-06,194,752,False,752.0,False,False,False,True,0.9771540094544425,0.0031865372547607634,0.003121506648175708
ARESDAWGYEPFDY,H1-69,K3-20,True,241,1,1,0.0012422872518647,4.0079035858713385e-06,3.92611059853556e-06,False,False,False,False,False,False,False,False,False,True,False,False,False,-3,-3,False,2.521428571428572,False,False,False,4.050025558471679,1705.7334999999998,1,0.0012422872518647,4.0079035858713385e-06,67,753,False,753.0,False,False,False,True,0.9771540094544425,0.0032262033743175695,0.003160363264623206
AREPYFGDVTDLFDY,H1-69,K1-39,True,238,1,1,0.0012268230952025,4.0079035858713385e-06,3.92611059853556e-06,False,False,False,False,False,False,False,False,False,False,False,False,False,-3,-3,False,1.466666666666667,False,False,False,4.050025558471679,1807.9081,1,0.0012268230952025,4.0079035858713385e-06,145,754,False,754.0,False,False,False,True,0.9771540094544425,0.003266869471930734,0.0032001994516519957
ARAPYPGTLDLYGFDY,H3-23_A,K1-39,True,237,1,1,0.001221668376315,4.0079035858713385e-06,3.92611059853556e-06,False,False,False,False,False,False,False,False,False,False,False,False,False,-1,-1,False,0.9937500000000002,False,False,False,4.207874679565429,1818.9771,1,0.001221668376315,4.0079035858713385e-06,40,755,False,755.0,False,False,False,True,0.9771540094544425,0.003280653618475713,0.003213702292397164
ARGEGYVDESQYAFDI,H3-7_A,K3-20,True,231,1,1,0.0011907400629906,4.0079035858713385e-06,3.92611059853556e-06,False,False,False,False,False,False,False,False,False,True,False,False,False,-3,-3,False,2.7,False,False,False,4.050025558471679,1819.8775,1,0.0011907400629906,4.0079035858713385e-06,238,757,False,757.0,False,False,False,True,0.9771540094544425,0.0033658646851593556,0.0032971743782024506
ARLPPQGSYGDFDY,H4-34,K3-15,True,230,1,1,0.0011855853441032,4.0079035858713385e-06,3.92611059853556e-06,False,False,False,False,False,False,False,False,False,True,False,False,False,-1,-1,False,2.3000000000000003,False,False,False,4.207874679565429,1585.6709999999998,1,0.0011855853441032,4.0079035858713385e-06,861,758,False,758.0,False,False,False,True,0.9771540094544425,0.003380498756009345,0.0033115097980629493
ARSSEAWGYLYDAFDY,H1-69,K1-39,True,230,1,1,0.0011855853441032,4.0079035858713385e-06,3.92611059853556e-06,False,False,False,False,False,False,False,False,False,False,False,False,False,-2,-2,False,1.43125,False,False,False,4.050025558471679,1913.9903,1,0.0011855853441032,4.0079035858713385e-06,934,759,False,759.0,False,False,False,True,0.9771540094544425,0.003380498756009345,0.0033115097980629493
ARLPLTGVYGDFDY,H4-34,K3-15,True,229,1,1,0.0011804306252158,4.0079035858713385e-06,3.92611059853556e-06,False,False,False,False,False,False,False,False,False,True,False,False,False,-1,-1,False,0.7071428571428573,False,False,False,4.207874679565429,1586.7417999999998,1,0.0011804306252158,4.0079035858713385e-06,849,760,False,760.0,False,False,False,True,0.9771540094544425,0.0033952606342556547,0.0033259704170362793
ARVLSWTEADYFDY,H1-69,K3-15,True,225,1,1,0.0011598117496662,4.0079035858713385e-06,3.92611059853556e-06,False,False,False,False,False,False,False,False,False,True,False,False,False,-2,-2,False,0.8571428571428573,False,False,False,4.050025558471679,1735.8455,1,0.0011598117496662,4.0079035858713385e-06,960,761,False,761.0,False,False,False,True,0.9771540094544425,0.0034556203028825983,0.003385098270200146
ARGSGIVSRGVYGFDI,H3-7_A,K3-15,True,212,1,1,0.0010928004041299,4.0079035858713385e-06,3.92611059853556e-06,False,False,False,False,False,False,False,False,False,False,False,False,False,1,1,False,1.3625,False,False,False,8.79022674560547,1653.836,2,0.0010928004041299,4.0079035858713385e-06,284,763,False,763.0,False,False,False,True,0.9771540094544425,0.003667519608822216,0.003592673151443452
ARIEGIGDYDFDAFDI,H1-69,K3-20,True,212,1,1,0.0010928004041299,4.0079035858713385e-06,3.92611059853556e-06,False,False,False,False,False,False,False,False,False,True,False,False,False,-4,-4,False,1.45625,False,False,False,4.050025558471679,1816.9166,1,0.0010928004041299,4.0079035858713385e-06,813,764,False,764.0,False,False,False,True,0.9771540094544425,0.003667519608822216,0.003592673151443452
ARSQGSPPVEEDVFDY,H1-69,K1-39,True,211,1,1,0.0010876456852425,4.0079035858713385e-06,3.92611059853556e-06,False,False,False,False,False,False,False,False,False,True,False,False,False,-3,-3,False,3.26875,False,False,False,4.050025558471679,1795.8562000000002,1,0.0010876456852425,4.0079035858713385e-06,929,765,False,765.0,False,False,False,True,0.9771540094544425,0.0036849010585346684,0.003609699881870436
AREREEWSPEYAFDI,H1-69,K1-39,True,208,1,1,0.0010721815285803,4.0079035858713385e-06,3.92611059853556e-06,False,False,False,False,False,False,False,False,False,True,False,False,False,-3,-3,False,2.22,False,False,False,4.251733016967774,1897.9929,2,0.0010721815285803,4.0079035858713385e-06,149,766,False,766.0,False,False,False,True,0.9771540094544425,0.0037380481742643927,0.003661762375360459
ARDLYGWAGYDAFDY,H1-69,K1-39,True,204,1,1,0.0010515626530307,4.0079035858713385e-06,3.92611059853556e-06,False,False,False,False,False,False,False,False,False,False,False,False,False,-2,-2,False,1.186666666666667,False,False,False,4.050025558471679,1782.8604,1,0.0010515626530307,4.0079035858713385e-06,105,767,False,767.0,False,False,False,True,0.9771540094544425,0.0038113425395005307,0.0037335609548424993
ARFDYRGWAFDY,H4-34,K4-1,True,203,1,1,0.0010464079341433,4.0079035858713385e-06,3.92611059853556e-06,False,False,False,False,False,False,False,False,False,False,False,False,False,0,0,False,0.5083333333333335,False,False,False,6.004021835327148,1566.6725,2,0.0010464079341433,4.0079035858713385e-06,166,768,False,768.0,False,False,False,True,0.9771540094544425,0.0038301174464795465,0.003751952704967598
ARDVEDYSWLYGYFDY,H1-69,K1-39,True,199,1,1,0.0010257890585936,4.0079035858713385e-06,3.92611059853556e-06,False,False,False,False,False,False,False,False,False,True,False,False,False,-3,-3,False,1.0375,False,False,False,4.050025558471679,2062.1488,1,0.0010257890585936,4.0079035858713385e-06,117,769,False,769.0,False,False,False,True,0.9771540094544425,0.003907103981325826,0.003827368104547075
ARLPLYSRYGDFDY,H4-34,K3-15,True,199,1,1,0.0010257890585936,4.0079035858713385e-06,3.92611059853556e-06,False,False,False,False,False,False,False,False,False,True,False,False,False,0,0,False,0.8214285714285717,False,False,False,6.003152847290039,1735.8918,2,0.0010257890585936,4.0079035858713385e-06,838,770,False,770.0,False,False,False,True,0.9771540094544425,0.003907103981325826,0.003827368104547075
ARGRGYVDASSLEFDY,H3-7_A,K3-20,True,195,1,1,0.001005170183044,4.0079035858713385e-06,3.92611059853556e-06,False,False,False,False,False,False,False,False,False,True,False,False,False,-1,-1,False,2.4312500000000004,False,False,False,4.558281326293945,1805.8973,2,0.001005170183044,4.0079035858713385e-06,611,771,False,771.0,False,False,False,True,0.9771540094544425,0.0039872489066926815,0.003905877438456924
ARDLAGWGYEPFDY,H1-69,K3-20,True,192,1,1,0.0009897060263818,4.0079035858713385e-06,3.92611059853556e-06,False,False,False,False,False,False,False,False,False,False,False,False,False,-2,-2,False,1.2500000000000002,False,False,False,4.050025558471679,1659.7511,1,0.0009897060263818,4.0079035858713385e-06,67,772,False,772.0,False,False,False,True,0.9771540094544425,0.004049549041378482,0.003966906156797945
ARVTDWTISDYFDY,H1-69,K3-15,True,185,1,1,0.00095362299417,4.0079035858713385e-06,3.92611059853556e-06,False,False,False,False,False,False,False,False,False,False,False,False,False,-2,-2,False,1.3214285714285714,False,False,False,4.050025558471679,1751.8448999999998,1,0.00095362299417,4.0079035858713385e-06,953,773,False,773.0,False,False,False,True,0.9771540094544425,0.004202773614559803,0.004117003734704747
ARGPGYIFSPGEYGFDY,H3-7_A,K3-20,True,181,1,1,0.0009330041186203,4.0079035858713385e-06,3.92611059853556e-06,False,False,False,False,False,False,False,False,False,False,False,False,False,-1,-1,False,1.5000000000000002,False,False,False,4.370375442504883,1896.018,1,0.0009330041186203,4.0079035858713385e-06,430,774,False,774.0,False,False,False,True,0.9771540094544425,0.004295651593995221,0.004207986267497558
ARGRGDVPYWHLAEFDY,H1-69,K3-20,True,181,1,1,0.0009330041186203,4.0079035858713385e-06,3.92611059853556e-06,False,False,False,True,False,False,False,False,False,True,False,False,False,-1,0,False,1.1823529411764706,False,False,False,5.382593154907226,2052.2071,2,0.0009330041186203,4.0079035858713385e-06,548,775,False,775.0,False,False,False,True,0.9771540094544425,0.004295651593995221,0.004207986267497558
ARELDWSYWSPAFDY,H3-23_A,K3-20,True,173,1,1,0.0008917663675211,4.0079035858713385e-06,3.92611059853556e-06,False,False,False,False,False,False,False,False,False,True,False,False,False,-2,-2,False,0.6066666666666668,False,False,False,4.050025558471679,1906.013,1,0.0008917663675211,4.0079035858713385e-06,138,776,False,776.0,False,False,False,True,0.9771540094544425,0.004494292214776042,0.004402573045806426
ARGPGYTHSSEYAFDY,H3-7_A,K3-20,True,170,1,1,0.0008763022108589,4.0079035858713385e-06,3.92611059853556e-06,False,False,False,False,False,False,False,False,False,False,False,False,False,-1,0,False,2.81875,False,False,False,5.322172927856446,1820.8672,1,0.0008763022108589,4.0079035858713385e-06,453,777,False,777.0,False,False,False,True,0.9771540094544425,0.004573602348805651,0.004480264624736269
ARGNLAFGDEDFDY,H1-69,K1-39,True,169,1,1,0.0008711474919715,4.0079035858713385e-06,3.92611059853556e-06,False,False,False,False,False,False,False,False,False,True,False,False,False,-3,-3,False,2.507142857142857,False,False,False,4.050025558471679,1589.6165999999998,1,0.0008711474919715,4.0079035858713385e-06,367,778,False,778.0,False,False,False,True,0.9771540094544425,0.004600664773944752,0.004506774761989883
ARPQRPWVTATFDY,H1-69,K1-39,True,166,1,1,0.0008556833353093,4.0079035858713385e-06,3.92611059853556e-06,False,False,False,False,False,False,False,False,False,False,False,False,False,1,1,False,1.3142857142857145,False,False,False,8.79022674560547,1707.8852,2,0.0008556833353093,4.0079035858713385e-06,907,779,False,779.0,False,False,False,True,0.9771540094544425,0.004683808346389232,0.004588221546819017
ARGDFVWDPNAFDY,H1-69,K3-20,True,164,1,1,0.0008453738975344,4.0079035858713385e-06,3.92611059853556e-06,False,False,False,False,True,False,False,False,False,False,False,False,False,-2,-2,False,1.3714285714285717,False,False,False,4.050025558471679,1672.7497999999998,1,0.0008453738975344,4.0079035858713385e-06,215,780,False,780.0,False,False,False,True,0.9771540094544425,0.00474092728470529,0.0046441748062462955
ARGRGTVASNFYGFDI,H3-7_A,K3-15,True,163,1,1,0.000840219178647,4.0079035858713385e-06,3.92611059853556e-06,False,False,False,False,False,False,False,False,False,False,False,False,False,1,1,False,1.65,False,False,False,8.79022674560547,1730.877,2,0.000840219178647,4.0079035858713385e-06,589,781,False,781.0,False,False,False,True,0.9771540094544425,0.0047700123820088765,0.004672666337126827
ARAPSAGWGSSTYNFDP,H4-34,K3-20,True,160,1,1,0.0008247550219848,4.0079035858713385e-06,3.92611059853556e-06,False,False,False,False,True,False,False,False,False,False,False,False,False,0,0,False,2.747058823529412,False,False,False,5.880318832397459,1783.8503999999998,1,0.0008247550219848,4.0079035858713385e-06,37,782,False,782.0,False,False,False,True,0.9771540094544425,0.0048594490297688715,0.00476027776867569
ARAPSLGWTPYDFDP,H1-69,UNK,True,159,1,1,0.0008196003030974,4.0079035858713385e-06,3.92611059853556e-06,False,False,False,False,True,False,False,False,False,True,False,False,False,-1,-1,False,1.4533333333333336,False,False,False,4.207874679565429,1692.8242,1,0.0008196003030974,4.0079035858713385e-06,38,783,False,783.0,False,False,False,True,0.9771540094544425,0.004890011229391599,0.004790216257285132
ARGPGDVSAGSYGFDI,H3-7_A,K4-1,True,159,1,1,0.0008196003030974,4.0079035858713385e-06,3.92611059853556e-06,False,False,False,False,False,False,False,False,False,False,False,False,False,-1,-1,False,2.71875,False,False,False,4.207874679565429,1568.6422,1,0.0008196003030974,4.0079035858713385e-06,293,784,False,784.0,False,False,False,True,0.9771540094544425,0.004890011229391599,0.004790216257285132
ARLEGPSVAEFDY,H5-51,K3-20,True,158,1,1,0.00081444558421,4.0079035858713385e-06,3.92611059853556e-06,False,False,False,False,False,False,False,False,False,True,False,False,False,-2,-2,False,1.8692307692307693,False,False,False,4.137435531616211,1453.5516,1,0.00081444558421,4.0079035858713385e-06,831,785,False,785.0,False,False,False,True,0.9771540094544425,0.004920960287550728,0.004820533709451795
ARGTGYVRPSEAYGFDI,H3-7_A,K3-20,True,157,1,1,0.0008092908653226,4.0079035858713385e-06,3.92611059853556e-06,False,False,False,False,False,False,False,False,False,False,False,False,False,0,0,False,2.152941176470588,False,False,False,6.113258743286132,1859.003,2,0.0008092908653226,4.0079035858713385e-06,737,786,False,786.0,False,False,False,True,0.9771540094544425,0.004952303596356252,0.00485123736642806
ARGLGEFVSAVFDY,H1-69,K1-39,True,156,1,1,0.0008041361464352,4.0079035858713385e-06,3.92611059853556e-06,False,False,False,False,False,False,False,False,False,False,False,False,False,-1,-1,False,0.5142857142857145,False,False,False,4.370375442504883,1530.6784999999998,1,0.0008041361464352,4.0079035858713385e-06,322,787,False,787.0,False,False,False,True,0.9771540094544425,0.004984048737457085,0.004882334655137138
ARAGRDWVSFQFDY,H1-69,K1-39,True,154,1,1,0.0007938267086604,4.0079035858713385e-06,3.92611059853556e-06,False,False,False,False,False,False,False,False,False,False,False,False,False,0,0,False,1.2,False,False,False,6.004890823364257,1717.8367999999998,2,0.0007938267086604,4.0079035858713385e-06,17,788,False,788.0,False,False,False,True,0.9771540094544425,0.005048775827757674,0.004945740799969902
ARAHRPWAGFQFDY,H1-69,K1-39,True,151,1,1,0.0007783625519982,4.0079035858713385e-06,3.92611059853556e-06,False,False,False,False,False,False,False,False,False,False,False,False,False,1,2,False,0.7357142857142859,False,False,False,8.796192932128907,1721.8735,2,0.0007783625519982,4.0079035858713385e-06,27,789,False,789.0,False,False,False,True,0.9771540094544425,0.005149081343609104,0.005043999288588274
ARGRGTVSSSSYLFDI,H3-7_A,K1-39,True,150,1,1,0.0007732078331108,4.0079035858713385e-06,3.92611059853556e-06,False,False,False,False,False,False,False,False,False,False,False,False,False,1,1,False,1.94375,False,False,False,8.79022674560547,1715.8609,2,0.0007732078331108,4.0079035858713385e-06,591,790,False,790.0,False,False,False,True,0.9771540094544425,0.005183408108613833,0.005077625515619684
ARGRGVWSSSSTGFDY,H4-34,K3-20,True,150,1,1,0.0007732078331108,4.0079035858713385e-06,3.92611059853556e-06,False,False,False,False,False,False,False,False,False,False,False,False,False,1,1,False,2.75,False,False,False,8.79022674560547,1732.8069,2,0.0007732078331108,4.0079035858713385e-06,595,791,False,791.0,False,False,False,True,0.9771540094544425,0.005183408108613833,0.005077625515619684
ARGEGLVSTGSYGFDI,H3-7_A,K3-15,True,149,1,1,0.0007680531142234,4.0079035858713385e-06,3.92611059853556e-06,False,False,False,False,False,False,False,False,False,False,False,False,False,-1,-1,False,2.06875,False,False,False,4.370375442504883,1628.7372,1,0.0007680531142234,4.0079035858713385e-06,223,793,False,793.0,False,False,False,True,0.9771540094544425,0.005218195629565923,0.005111703095526607
ARQHPYVNLYGWFDP,H3-23_A,K1-39,True,149,1,1,0.0007680531142234,4.0079035858713385e-06,3.92611059853556e-06,False,False,False,False,True,False,False,False,False,False,False,False,False,0,1,False,0.3600000000000001,False,False,False,6.787184524536133,1863.0378,1,0.0007680531142234,4.0079035858713385e-06,915,794,False,794.0,True,True,True,True,0.9771540094544425,0.005218195629565923,0.005111703095526607
ARDREDFSYVYGAFDY,H1-69,K1-39,True,147,1,1,0.0007577436764486,4.0079035858713385e-06,3.92611059853556e-06,False,False,False,False,False,False,False,False,False,True,False,False,False,-2,-2,False,2.1750000000000003,False,False,False,4.226021194458009,1974.0455,2,0.0007577436764486,4.0079035858713385e-06,112,795,False,795.0,False,False,False,True,0.9771540094544425,0.005289190551546209,0.005181249158613454
AREGPDWVPYGTAFDY,H1-69,K1-39,True,144,1,1,0.0007422795197863,4.0079035858713385e-06,3.92611059853556e-06,False,False,False,False,False,False,False,False,False,False,False,False,False,-2,-2,False,1.89375,False,False,False,4.050025558471679,1843.9436,1,0.0007422795197863,4.0079035858713385e-06,132,797,False,797.0,False,False,False,True,0.9771540094544425,0.005399380536889684,0.005289190395232658
ARASREFVQSEFDY,H1-69,K1-39,True,143,1,1,0.0007371248008989,4.0079035858713385e-06,3.92611059853556e-06,False,False,False,False,False,False,False,False,False,True,False,False,False,-1,-1,False,2.3714285714285714,False,False,False,4.6793262481689455,1704.7935,2,0.0007371248008989,4.0079035858713385e-06,53,798,False,798.0,False,False,False,True,0.9771540094544425,0.005437137930516773,0.005326177238882033
ARGFGQSWNDFDY,H3-23_A,K3-20,True,143,1,1,0.0007371248008989,4.0079035858713385e-06,3.92611059853556e-06,False,False,False,False,False,False,False,False,False,True,False,False,False,-1,-1,False,2.069230769230769,False,False,False,4.207874679565429,1562.5961,1,0.0007371248008989,4.0079035858713385e-06,247,799,False,799.0,False,False,False,True,0.9771540094544425,0.005437137930516773,0.005326177238882033
ARGYGRAWADFDY,H3-23_A,K3-20,True,143,1,1,0.0007371248008989,4.0079035858713385e-06,3.92611059853556e-06,False,False,False,False,False,False,False,False,False,True,False,False,False,0,0,False,1.776923076923077,False,False,False,6.004021835327148,1547.6279,2,0.0007371248008989,4.0079035858713385e-06,765,800,False,800.0,False,False,False,True,0.9771540094544425,0.005437137930516773,0.005326177238882033
ARLASSGYDFDY,H1-69,K3-15,True,143,1,1,0.0007371248008989,4.0079035858713385e-06,3.92611059853556e-06,False,False,False,False,False,False,False,False,False,True,False,False,False,-1,-1,False,2.075,False,False,False,4.207874679565429,1364.4153,1,0.0007371248008989,4.0079035858713385e-06,825,801,False,801.0,False,False,False,True,0.9771540094544425,0.005437137930516773,0.005326177238882033
ARVLDWTRLDYFDY,H1-69,K3-15,True,141,1,1,0.0007268153631241,4.0079035858713385e-06,3.92611059853556e-06,False,False,False,False,False,False,False,False,False,False,False,False,False,-1,-1,False,0.042857142857143,False,False,False,4.429057693481445,1833.007,2,0.0007268153631241,4.0079035858713385e-06,957,802,False,802.0,False,False,False,True,0.9771540094544425,0.00551425939326641,0.005401724812766621
ARYPEGHYGDFDY,H4-34,K3-15,True,141,1,1,0.0007268153631241,4.0079035858713385e-06,3.92611059853556e-06,False,False,False,False,False,False,False,False,False,True,False,False,False,-2,-1,False,2.676923076923077,False,False,False,4.536607742309571,1589.6182,1,0.0007268153631241,4.0079035858713385e-06,1001,803,False,803.0,False,False,False,True,0.9771540094544425,0.00551425939326641,0.005401724812766621
ARDYDAWGYEAFDY,H1-69,K3-20,True,138,1,1,0.0007113512064619,4.0079035858713385e-06,3.92611059853556e-06,False,False,False,False,False,False,False,False,False,True,False,False,False,-3,-3,False,2.0785714285714287,False,False,False,4.050025558471679,1741.7655,1,0.0007113512064619,4.0079035858713385e-06,90,804,False,804.0,False,False,False,True,0.9771540094544425,0.00563413291231534,0.005519151962282104
ARGAGIISSGEYGFDY,H3-7_A,K3-15,True,138,1,1,0.0007113512064619,4.0079035858713385e-06,3.92611059853556e-06,False,False,False,False,False,False,False,False,False,False,False,False,False,-1,-1,False,2.0625,False,False,False,4.370375442504883,1662.7534,1,0.0007113512064619,4.0079035858713385e-06,186,805,False,805.0,False,False,False,True,0.9771540094544425,0.00563413291231534,0.005519151962282104
ARGRGYIGVSTLGFDI,H3-7_A,K3-20,True,138,1,1,0.0007113512064619,4.0079035858713385e-06,3.92611059853556e-06,False,False,False,False,False,False,False,False,False,False,False,False,False,1,1,False,0.9375000000000002,False,False,False,8.79022674560547,1681.8892,2,0.0007113512064619,4.0079035858713385e-06,602,806,False,806.0,False,False,False,True,0.9771540094544425,0.00563413291231534,0.005519151962282104
ARVLDWTIHDYFDY,H1-69,K3-15,True,138,1,1,0.0007113512064619,4.0079035858713385e-06,3.92611059853556e-06,False,False,False,False,False,False,False,False,False,False,False,False,False,-2,-1,False,-0.0214285714285712,False,False,False,4.413415908813476,1813.9606,1,0.0007113512064619,4.0079035858713385e-06,953,807,False,807.0,False,False,False,True,0.9771540094544425,0.00563413291231534,0.005519151962282104
ARAKGLDWTPYDFDP,H1-69,K3-20,True,136,1,1,0.0007010417686871,4.0079035858713385e-06,3.92611059853556e-06,False,False,False,False,True,False,False,False,False,True,False,False,False,-1,-1,False,1.9266666666666667,False,False,False,4.429057693481445,1751.8914,1,0.0007010417686871,4.0079035858713385e-06,30,808,False,808.0,False,False,False,True,0.9771540094544425,0.005716986626219017,0.005600314803981186
ARGPEGSDWYEFDY,H5-51,K4-1,True,135,1,1,0.0006958870497997,4.0079035858713385e-06,3.92611059853556e-06,False,False,False,False,False,False,False,False,False,True,False,False,False,-3,-3,False,2.7785714285714285,False,False,False,4.050025558471679,1691.7069,1,0.0006958870497997,4.0079035858713385e-06,370,809,False,809.0,False,False,False,True,0.9771540094544425,0.005759334066763083,0.00564179802122399
ARGRGYVSGDEYAFDI,H3-7_A,K1-39,True,135,1,1,0.0006958870497997,4.0079035858713385e-06,3.92611059853556e-06,False,False,False,False,False,False,False,False,False,True,False,False,False,-1,-1,False,2.4562500000000003,False,False,False,4.558281326293945,1775.8713,2,0.0006958870497997,4.0079035858713385e-06,621,810,False,810.0,False,False,False,True,0.9771540094544425,0.005759334066763083,0.00564179802122399
ARGTGVIAEGEYAFDY,H3-7_A,K3-15,True,130,1,1,0.0006701134553627,4.0079035858713385e-06,3.92611059853556e-06,False,False,False,False,False,False,False,False,False,True,False,False,False,-2,-2,False,2.10625,False,False,False,4.137435531616211,1718.8167,1,0.0006701134553627,4.0079035858713385e-06,593,811,False,811.0,False,False,False,True,0.9771540094544425,0.005980843609931675,0.005858787014715935
ARLTEDNVASFDY,H5-51,K4-1,True,129,1,1,0.0006649587364753,4.0079035858713385e-06,3.92611059853556e-06,False,False,False,False,False,False,False,False,False,True,False,False,False,-2,-2,False,2.376923076923077,False,False,False,4.050025558471679,1500.5649999999998,1,0.0006649587364753,4.0079035858713385e-06,883,812,False,812.0,False,False,False,True,0.9771540094544425,0.006027206041468102,0.005904203285324519
AREPESGWPLFDY,H4-34,K3-15,True,128,1,1,0.0006598040175879,4.0079035858713385e-06,3.92611059853556e-06,False,False,False,False,False,False,False,False,False,True,False,False,False,-2,-2,False,1.3846153846153846,False,False,False,4.137435531616211,1566.6678,1,0.0006598040175879,4.0079035858713385e-06,143,813,False,813.0,False,False,False,True,0.9771540094544425,0.006074292875018236,0.005950329174406371
ARGPGYVSTNDYAFDY,H3-7_A,K4-1,True,128,1,1,0.0006598040175879,4.0079035858713385e-06,3.92611059853556e-06,False,False,False,False,False,False,False,False,False,False,False,False,False,-1,-1,False,2.625,False,False,False,4.207874679565429,1795.8576000000005,1,0.0006598040175879,4.0079035858713385e-06,476,814,False,814.0,False,False,False,True,0.9771540094544425,0.006074292875018236,0.005950329174406371
ARSLGEWVTSTFDY,H1-69,K1-39,True,128,1,1,0.0006598040175879,4.0079035858713385e-06,3.92611059853556e-06,False,False,False,False,False,False,False,False,False,False,False,False,False,-1,-1,False,1.3714285714285717,False,False,False,4.370375442504883,1631.7395,1,0.0006598040175879,4.0079035858713385e-06,31,815,False,815.0,False,False,False,True,0.9771540094544425,0.006074292875018236,0.005950329174406371
ARYPASGSWYDFDY,H1-69,UNK,True,128,1,1,0.0006598040175879,4.0079035858713385e-06,3.92611059853556e-06,False,False,False,False,False,False,False,False,False,True,False,False,False,-1,-1,False,1.7357142857142858,False,False,False,4.207874679565429,1697.756,1,0.0006598040175879,4.0079035858713385e-06,1000,816,False,816.0,False,False,False,True,0.9771540094544425,0.006074292875018236,0.005950329174406371
ARGKGSVTAGEYLFDY,H3-7_A,K1-39,True,127,1,1,0.0006546492987004,4.0079035858713385e-06,3.92611059853556e-06,False,False,False,False,False,False,False,False,False,False,False,False,False,0,0,False,2.1750000000000003,False,False,False,6.112389755249024,1733.8744000000002,1,0.0006546492987004,4.0079035858713385e-06,301,817,False,817.0,False,False,False,True,0.9771540094544425,0.006122121222180219,0.00599718144434746
ARGHGRVASGQYGFDI,H3-7_A,K1-39,True,125,1,1,0.0006443398609256,4.0079035858713385e-06,3.92611059853556e-06,False,False,False,False,False,False,False,False,False,False,False,False,False,1,2,False,2.325,False,False,False,8.796192932128907,1690.8165,2,0.0006443398609256,4.0079035858713385e-06,263,818,False,818.0,False,False,False,True,0.9771540094544425,0.006220073641536972,0.006093134858282975
ARGRGTGQGESWLFDI,H3-7_A,K3-15,True,125,1,1,0.0006443398609256,4.0079035858713385e-06,3.92611059853556e-06,False,False,False,False,False,False,False,False,False,False,False,False,False,0,0,False,2.0250000000000004,False,False,False,6.1150478363037095,1749.8805,2,0.0006443398609256,4.0079035858713385e-06,583,819,False,819.0,False,False,False,True,0.9771540094544425,0.006220073641536972,0.006093134858282975
ARLPPWGQYGDFDY,H4-34,K1-39,True,125,1,1,0.0006443398609256,4.0079035858713385e-06,3.92611059853556e-06,False,False,False,False,False,False,False,False,False,True,False,False,False,-1,-1,False,1.1214285714285717,False,False,False,4.207874679565429,1684.8036,1,0.0006443398609256,4.0079035858713385e-06,861,820,False,820.0,False,False,False,True,0.9771540094544425,0.006220073641536972,0.006093134858282975
ARGYGYSSQRSYQFDI,H3-7_A,K3-20,True,124,1,1,0.0006391851420382,4.0079035858713385e-06,3.92611059853556e-06,False,False,False,False,False,False,False,False,False,False,False,False,False,1,1,False,2.53125,False,False,False,8.539295959472657,1897.9959,2,0.0006391851420382,4.0079035858713385e-06,784,821,False,821.0,False,False,False,True,0.9771540094544425,0.006270234740976512,0.006142272273873016
ARDIDEGWGWDYFDI,H1-69,K1-39,True,123,1,1,0.0006340304231508,4.0079035858713385e-06,3.92611059853556e-06,False,False,False,False,False,False,False,False,False,True,False,False,False,-4,-4,False,1.2266666666666668,False,False,False,4.050025558471679,1857.9271,1,0.0006340304231508,4.0079035858713385e-06,79,822,False,822.0,False,False,False,True,0.9771540094544425,0.0063212114551852465,0.006192208659228932
ARLRDLGYAYFDY,H1-69,K3-15,True,123,1,1,0.0006340304231508,4.0079035858713385e-06,3.92611059853556e-06,False,False,False,False,False,False,False,False,False,False,False,False,False,0,0,False,0.3846153846153849,False,False,False,6.003152847290039,1622.7772,2,0.0006340304231508,4.0079035858713385e-06,868,823,False,823.0,False,False,False,True,0.9771540094544425,0.0063212114551852465,0.006192208659228932
ARGAGTGSDASWNFDY,H3-7_A,K3-20,True,122,1,1,0.0006288757042634,4.0079035858713385e-06,3.92611059853556e-06,False,False,False,False,False,False,False,False,False,False,False,False,False,-1,-1,False,3.23125,False,False,False,4.207874679565429,1674.6814,1,0.0006288757042634,4.0079035858713385e-06,188,824,False,824.0,False,False,False,True,0.9771540094544425,0.006373023839945142,0.006242963660835839
ARGTGYTPGQRTYGFDI,H3-7_A,K4-1,True,122,1,1,0.0006288757042634,4.0079035858713385e-06,3.92611059853556e-06,False,False,False,False,False,False,False,False,False,False,False,False,False,1,1,False,2.7058823529411766,False,False,False,8.632579040527343,1859.9911,2,0.0006288757042634,4.0079035858713385e-06,727,825,False,825.0,False,False,False,True,0.9771540094544425,0.006373023839945142,0.006242963660835839
ARGKGYTAEGEYEFDY,H3-7_A,K3-20,True,121,1,1,0.000623720985376,4.0079035858713385e-06,3.92611059853556e-06,False,False,False,False,False,False,False,False,False,True,False,False,False,-2,-2,False,3.43125,False,False,False,4.407384109497071,1855.9097,1,0.000623720985376,4.0079035858713385e-06,311,826,False,826.0,False,False,False,True,0.9771540094544425,0.006425692614028591,0.006294557574639019
ARAGRTWYTSDFDY,H1-69,K1-39,True,120,1,1,0.0006185662664886,4.0079035858713385e-06,3.92611059853556e-06,False,False,False,False,False,False,False,False,False,True,False,False,False,0,0,False,2.3000000000000003,False,False,False,6.004021835327148,1708.7838,2,0.0006185662664886,4.0079035858713385e-06,20,827,False,827.0,False,False,False,True,0.9771540094544425,0.00647923918682257,0.006347011373104331
AREITGATFTYGFDP,H3-23_A,K3-15,True,120,1,1,0.0006185662664886,4.0079035858713385e-06,3.92611059853556e-06,False,False,False,False,True,False,False,False,False,False,False,False,False,-1,-1,False,1.8000000000000005,False,False,False,4.370375442504883,1645.7660999999998,1,0.0006185662664886,4.0079035858713385e-06,137,828,False,828.0,False,False,False,True,0.9771540094544425,0.00647923918682257,0.006347011373104331
ARGPGYVDASEYGFDY,H3-7_A,K3-20,True,118,1,1,0.0006082568287138,4.0079035858713385e-06,3.92611059853556e-06,False,False,False,False,False,False,False,False,False,False,False,False,False,-2,-2,False,2.7062500000000003,False,False,False,4.050025558471679,1766.8164000000002,1,0.0006082568287138,4.0079035858713385e-06,410,829,False,829.0,False,False,False,True,0.9771540094544425,0.006589054994740023,0.006454586068481572
ARGPGYVSDAGWAFDI,H3-7_A,K4-1,True,118,1,1,0.0006082568287138,4.0079035858713385e-06,3.92611059853556e-06,False,False,False,False,False,False,False,False,False,False,False,False,False,-1,-1,False,1.4625,False,False,False,4.207874679565429,1681.8014,1,0.0006082568287138,4.0079035858713385e-06,479,830,False,830.0,False,False,False,True,0.9771540094544425,0.006589054994740023,0.006454586068481572
ARGSYHSPNRPFDY,H3-7_A,K3-20,True,116,1,1,0.000597947390939,4.0079035858713385e-06,3.92611059853556e-06,False,False,False,False,False,False,False,False,False,False,False,False,False,1,2,False,2.821428571428572,False,False,False,8.638685607910158,1666.7504,2,0.000597947390939,4.0079035858713385e-06,671,832,False,832.0,False,False,False,True,0.9771540094544425,0.006702657491326503,0.006565870174077467
AILNPPASYFDY,H1-69,K4-1,True,114,1,1,0.0005876379531642,4.0079035858713385e-06,3.92611059853556e-06,False,False,False,False,False,False,False,False,False,False,False,False,False,-1,-1,False,0.1416666666666668,False,False,False,4.050025558471679,1370.5042,0,0.0005876379531642,4.0079035858713385e-06,1,833,False,833.0,False,False,False,True,0.9771540094544425,0.006820245972594162,0.006681058918686525
ARVPSWDRWYEFDY,H1-69,K3-20,True,114,1,1,0.0005876379531642,4.0079035858713385e-06,3.92611059853556e-06,False,False,False,False,False,False,False,False,False,True,False,False,False,-1,-1,False,0.7285714285714286,False,False,False,4.558281326293945,1890.0169,2,0.0005876379531642,4.0079035858713385e-06,964,834,False,834.0,False,False,False,True,0.9771540094544425,0.006820245972594162,0.006681058918686525
ARAHREFYASQFDY,H1-69,K1-39,True,113,1,1,0.0005824832342768,4.0079035858713385e-06,3.92611059853556e-06,False,False,False,False,False,False,False,False,False,False,False,False,False,0,1,False,1.7785714285714287,False,False,False,6.795363235473633,1760.8616,2,0.0005824832342768,4.0079035858713385e-06,26,835,False,835.0,False,False,False,True,0.9771540094544425,0.006880601095474335,0.006740182318872871
ARGPGYVNDAVYGFDI,H3-7_A,K3-20,True,112,1,1,0.0005773285153894,4.0079035858713385e-06,3.92611059853556e-06,False,False,False,False,False,False,False,False,False,False,False,False,False,-1,-1,False,1.6375000000000002,False,False,False,4.207874679565429,1713.8431,1,0.0005773285153894,4.0079035858713385e-06,475,836,False,836.0,False,False,False,True,0.9771540094544425,0.006942033969738031,0.00680036147577561
ARGSGAPSRYWDFDI,H1-69,K3-20,True,112,1,1,0.0005773285153894,4.0079035858713385e-06,3.92611059853556e-06,False,False,False,False,False,False,False,False,False,True,False,False,False,0,0,False,2.0,False,False,False,6.004890823364257,1697.8042,2,0.0005773285153894,4.0079035858713385e-06,638,837,False,837.0,False,False,False,True,0.9771540094544425,0.006942033969738031,0.00680036147577561
ARGPLGSSFYDFDY,H5-51,UNK,True,111,1,1,0.000572173796502,4.0079035858713385e-06,3.92611059853556e-06,False,False,False,False,False,False,False,False,False,True,False,False,False,-1,-1,False,1.5285714285714287,False,False,False,4.207874679565429,1594.6777,1,0.000572173796502,4.0079035858713385e-06,498,839,False,839.0,False,False,False,True,0.9771540094544425,0.007004573723291951,0.006861624922861367
ARGSGEWQAYRFDY,H1-69,K1-39,True,111,1,1,0.000572173796502,4.0079035858713385e-06,3.92611059853556e-06,False,False,False,False,False,False,False,False,False,False,False,False,False,0,0,False,2.2357142857142858,False,False,False,6.113258743286132,1705.7831,2,0.000572173796502,4.0079035858713385e-06,641,840,False,840.0,False,False,False,True,0.9771540094544425,0.007004573723291951,0.006861624922861367
ARSPTGVYGDFDY,H4-34,K3-15,True,110,1,1,0.0005670190776146,4.0079035858713385e-06,3.92611059853556e-06,False,False,False,False,False,False,False,False,False,True,False,False,False,-1,-1,False,2.676923076923077,False,False,False,4.207874679565429,1447.5039,1,0.0005670190776146,4.0079035858713385e-06,926,842,False,842.0,False,False,False,True,0.9771540094544425,0.0070682505432207166,0.0069240022311590705
ARGPGAFISATFDY,H1-69,K1-39,True,109,1,1,0.0005618643587271,4.0079035858713385e-06,3.92611059853556e-06,False,False,False,False,False,False,False,False,False,False,False,False,False,0,0,False,1.242857142857143,False,False,False,5.880318832397459,1472.5994999999998,1,0.0005618643587271,4.0079035858713385e-06,374,843,False,843.0,False,False,False,True,0.9771540094544425,0.007133095724373427,0.0069875240568549515
ARGTGYTDVYRTYGFDI,H3-7_A,K1-39,True,109,1,1,0.0005618643587271,4.0079035858713385e-06,3.92611059853556e-06,False,False,False,False,False,False,False,False,False,False,False,False,False,0,0,False,2.152941176470588,False,False,False,6.003152847290039,1955.087,2,0.0005618643587271,4.0079035858713385e-06,722,844,False,844.0,False,False,False,True,0.9771540094544425,0.007133095724373427,0.0069875240568549515
ARDPGNLGSWEPWEFDY,H1-69,K1-39,True,108,1,1,0.0005567096398397,4.0079035858713385e-06,3.92611059853556e-06,False,False,False,False,True,False,False,False,False,True,False,False,False,-3,-3,False,1.8058823529411767,False,False,False,4.050025558471679,2039.119,1,0.0005567096398397,4.0079035858713385e-06,107,845,False,845.0,False,False,False,True,0.9771540094544425,0.007199141720643017,0.0070522221915254
ARIQEGSYNWYDFDI,H5-51,K3-15,True,108,1,1,0.0005567096398397,4.0079035858713385e-06,3.92611059853556e-06,False,False,False,False,False,False,False,False,False,True,False,False,False,-2,-2,False,1.3533333333333333,False,False,False,4.050025558471679,1876.9734000000003,1,0.0005567096398397,4.0079035858713385e-06,817,846,False,846.0,False,False,False,True,0.9771540094544425,0.007199141720643017,0.0070522221915254
ARAPGQWGTFDY,H4-34,K4-1,True,107,1,1,0.0005515549209523,4.0079035858713385e-06,3.92611059853556e-06,False,False,False,False,False,False,False,False,False,False,False,False,False,0,0,False,1.8333333333333333,False,False,False,5.880318832397459,1368.452,1,0.0005515549209523,4.0079035858713385e-06,35,847,False,847.0,False,False,False,True,0.9771540094544425,0.007266422199133919,0.007118129615199178
ARGPIGYDWTDFDY,H5-51,K3-15,True,107,1,1,0.0005515549209523,4.0079035858713385e-06,3.92611059853556e-06,False,False,False,False,False,False,False,False,False,True,False,False,False,-2,-2,False,1.7142857142857142,False,False,False,4.050025558471679,1675.7505,1,0.0005515549209523,4.0079035858713385e-06,495,848,False,848.0,False,False,False,True,0.9771540094544425,0.007266422199133919,0.007118129615199178
ARGTGYTAASGTYGFDY,H3-7_A,K3-20,True,107,1,1,0.0005515549209523,4.0079035858713385e-06,3.92611059853556e-06,False,False,False,False,False,False,False,False,False,False,False,False,False,0,0,False,2.9705882352941178,False,False,False,5.87858085632324,1757.8097,1,0.0005515549209523,4.0079035858713385e-06,677,849,False,849.0,False,False,False,True,0.9771540094544425,0.007266422199133919,0.007118129615199178
ARGNRPWGAHTFDY,H1-69,K1-39,True,106,1,1,0.0005464002020649,4.0079035858713385e-06,3.92611059853556e-06,False,False,False,False,False,False,False,False,False,False,False,False,False,1,2,False,2.092857142857143,False,False,False,8.796192932128907,1647.7504,2,0.0005464002020649,4.0079035858713385e-06,360,850,False,850.0,False,False,False,True,0.9771540094544425,0.007334972097382798,0.007185280552410394
ARDAENWGYEPFDY,H1-69,K3-20,True,105,1,1,0.0005412454831775,4.0079035858713385e-06,3.92611059853556e-06,False,False,False,False,False,False,False,False,False,True,False,False,False,-3,-3,False,2.5571428571428574,False,False,False,4.050025558471679,1732.7587999999998,1,0.0005412454831775,4.0079035858713385e-06,67,851,False,851.0,False,False,False,True,0.9771540094544425,0.007404827683855503,0.007253710531460846
AREGRAESTFDY,H1-69,K3-20,True,105,1,1,0.0005412454831775,4.0079035858713385e-06,3.92611059853556e-06,False,False,False,False,False,False,False,False,False,False,False,False,False,-1,-1,False,3.7083333333333335,False,False,False,4.6793262481689455,1401.4374,2,0.0005412454831775,4.0079035858713385e-06,133,852,False,852.0,False,False,False,True,0.9771540094544425,0.007404827683855503,0.007253710531460846
ARFGDRAGYGFDY,H4-34,K4-1,True,104,1,1,0.0005360907642901,4.0079035858713385e-06,3.92611059853556e-06,False,False,False,False,False,False,False,False,False,False,False,False,False,0,0,False,2.115384615384616,False,False,False,6.004021835327148,1494.5651999999998,2,0.0005360907642901,4.0079035858713385e-06,168,853,False,853.0,False,False,False,True,0.9771540094544425,0.007476026621932855,0.007323456447099981
ARGEGVWLVDYAFDY,H5-51,UNK,True,104,1,1,0.0005360907642901,4.0079035858713385e-06,3.92611059853556e-06,False,False,False,False,False,False,False,False,False,False,False,False,False,-2,-2,False,0.5333333333333334,False,False,False,4.050025558471679,1760.8979,1,0.0005360907642901,4.0079035858713385e-06,229,854,False,854.0,False,False,False,True,0.9771540094544425,0.007476026621932855,0.007323456447099981
ARGHGTVSRGSYGFDI,H3-7_A,K1-39,True,104,1,1,0.0005360907642901,4.0079035858713385e-06,3.92611059853556e-06,False,False,False,False,False,False,False,False,False,False,False,False,False,1,2,False,2.5500000000000003,False,False,False,8.796192932128907,1679.7906,2,0.0005360907642901,4.0079035858713385e-06,255,855,False,855.0,False,False,False,True,0.9771540094544425,0.007476026621932855,0.007323456447099981
ARGPGLIGDGAYQFDY,H3-7_A,K1-39,True,104,1,1,0.0005360907642901,4.0079035858713385e-06,3.92611059853556e-06,False,True,False,False,False,False,False,False,False,False,False,False,False,-1,-1,False,1.81875,False,False,False,4.207874679565429,1699.8166,1,0.0005360907642901,4.0079035858713385e-06,386,856,False,856.0,False,False,False,True,0.9771540094544425,0.007476026621932855,0.007323456447099981
ARLPKLGKYGDFDY,H4-34,K4-1,True,104,1,1,0.0005360907642901,4.0079035858713385e-06,3.92611059853556e-06,False,False,False,False,False,False,False,False,False,True,False,False,False,1,1,False,1.4142857142857146,False,False,False,8.473246765136718,1642.8515,1,0.0005360907642901,4.0079035858713385e-06,854,857,False,857.0,False,False,False,True,0.9771540094544425,0.007476026621932855,0.007323456447099981
ARLRTADVSDFDY,H5-51,K3-20,True,103,1,1,0.0005309360454027,4.0079035858713385e-06,3.92611059853556e-06,False,False,False,False,False,False,False,False,False,True,False,False,False,-1,-1,False,2.330769230769231,False,False,False,4.429057693481445,1528.6215,2,0.0005309360454027,4.0079035858713385e-06,872,858,False,858.0,False,False,False,True,0.9771540094544425,0.007548608037623698,0.0073945566268560714
ARGPRPWVSSTFDY,H1-69,K1-39,True,102,1,1,0.0005257813265153,4.0079035858713385e-06,3.92611059853556e-06,False,False,False,False,False,False,False,False,False,False,False,False,False,1,1,False,1.7,False,False,False,8.79022674560547,1638.7801,2,0.0005257813265153,4.0079035858713385e-06,19,859,False,859.0,False,False,False,True,0.9771540094544425,0.007622612591260978,0.007467050901269125
ARSDRAWVTANFDY,H1-69,K1-39,True,102,1,1,0.0005257813265153,4.0079035858713385e-06,3.92611059853556e-06,False,False,False,False,False,False,False,False,False,False,False,False,False,0,0,False,2.042857142857143,False,False,False,6.004890823364257,1671.7669,2,0.0005257813265153,4.0079035858713385e-06,636,861,False,861.0,False,False,False,True,0.9771540094544425,0.007622612591260978,0.007467050901269125
ARGHGYIDASAYGFDY,H3-7_A,K1-39,True,101,1,1,0.0005206266076279,4.0079035858713385e-06,3.92611059853556e-06,False,False,False,False,False,False,False,False,False,False,False,False,False,-1,0,False,2.0812500000000003,False,False,False,5.212322616577147,1762.831,1,0.0005206266076279,4.0079035858713385e-06,269,862,False,862.0,False,False,False,True,0.9771540094544425,0.007698082553456931,0.007540980678295982
ARGIDREAPAFDY,H4-34,K4-1,True,101,1,1,0.0005206266076279,4.0079035858713385e-06,3.92611059853556e-06,False,False,False,False,False,False,False,False,False,True,False,False,False,-1,-1,False,2.4000000000000004,False,False,False,4.558281326293945,1480.5803,2,0.0005206266076279,4.0079035858713385e-06,136,863,False,863.0,False,False,False,True,0.9771540094544425,0.007698082553456931,0.007540980678295982
ARGIGRVSAGVYGFDI,H3-7_A,K4-1,True,101,1,1,0.0005206266076279,4.0079035858713385e-06,3.92611059853556e-06,False,False,False,False,False,False,False,False,False,False,False,False,False,1,1,False,1.0875,False,False,False,8.79022674560547,1637.8366,2,0.0005206266076279,4.0079035858713385e-06,279,864,False,864.0,False,False,False,True,0.9771540094544425,0.007698082553456931,0.007540980678295982
ARGPGSTFTEFLRGFDY,H5-51,K3-15,True,100,1,1,0.0005154718887405,4.0079035858713385e-06,3.92611059853556e-06,False,False,False,False,False,False,False,False,False,False,False,False,False,0,0,False,1.5117647058823531,False,False,False,6.114178848266601,1921.0724,2,0.0005154718887405,4.0079035858713385e-06,400,865,False,865.0,False,False,False,True,0.9771540094544425,0.007775061885615474,0.007616389022179619
ARGPGYVYGPGSYGFDY,H3-7_A,K3-20,True,99,1,1,0.0005103171698531,4.0079035858713385e-06,3.92611059853556e-06,False,False,False,False,False,False,False,False,False,False,False,False,False,0,0,False,2.0588235294117645,False,False,False,5.877711868286132,1825.9281,1,0.0005103171698531,4.0079035858713385e-06,491,866,False,866.0,False,False,False,True,0.9771540094544425,0.007853596325324069,0.007693320737098337
ARGRLAWVTATFDY,H1-69,K1-39,True,98,1,1,0.0005051624509657,4.0079035858713385e-06,3.92611059853556e-06,False,False,False,False,False,False,False,False,False,False,False,False,False,1,1,False,0.4857142857142859,False,False,False,8.79022674560547,1626.8123999999998,2,0.0005051624509657,4.0079035858713385e-06,631,867,False,867.0,False,False,False,True,0.9771540094544425,0.00793373347697352,0.007771822455936208
ARGEGTIGERVYGFDY,H3-7_A,K4-1,True,97,1,1,0.0005000077320783,4.0079035858713385e-06,3.92611059853556e-06,False,False,False,False,False,False,False,False,False,False,False,False,False,-1,-1,False,2.4625,False,False,False,4.6793262481689455,1789.8979,2,0.0005000077320783,4.0079035858713385e-06,227,869,False,869.0,False,False,False,True,0.9771540094544425,0.008015522907983037,0.007851942734544367
ARAHPYAFTWGPEGFDY,H3-23_A,K4-1,True,96,1,1,0.0004948530131909,4.0079035858713385e-06,3.92611059853556e-06,False,False,False,False,False,False,False,False,False,False,False,False,False,-1,0,False,1.1176470588235297,False,False,False,5.322224044799805,1985.1162,1,0.0004948530131909,4.0079035858713385e-06,24,870,False,870.0,False,False,False,True,0.9771540094544425,0.008099016251039226,0.007933732151893538
ARLPSSGSYGDFDY,H4-34,K3-15,True,96,1,1,0.0004948530131909,4.0079035858713385e-06,3.92611059853556e-06,False,False,False,False,False,False,False,False,False,True,False,False,False,-1,-1,False,2.65,False,False,False,4.207874679565429,1534.5812,1,0.0004948530131909,4.0079035858713385e-06,861,871,False,871.0,False,False,False,True,0.9771540094544425,0.008099016251039226,0.007933732151893538
ARVYSYTVADYFDY,H1-69,K3-15,True,96,1,1,0.0004948530131909,4.0079035858713385e-06,3.92611059853556e-06,False,False,False,False,False,False,False,False,False,False,False,False,False,-1,-1,False,1.135714285714286,False,False,False,4.207874679565429,1732.8414,1,0.0004948530131909,4.0079035858713385e-06,986,872,False,872.0,False,False,False,True,0.9771540094544425,0.008099016251039226,0.007933732151893538
ARGRGTITGSTYGFDI,H3-7_A,K3-20,True,93,1,1,0.0004793888565287,4.0079035858713385e-06,3.92611059853556e-06,False,False,False,False,False,False,False,False,False,False,False,False,False,1,1,False,2.3937500000000003,False,False,False,8.79022674560547,1671.8084,2,0.0004793888565287,4.0079035858713385e-06,541,873,False,873.0,False,False,False,False,0.9771540094544425,0.008360269390069768,0.008189653657007665
ARGEGVISSGSYGFDI,H3-7_A,K1-39,True,92,1,1,0.0004742341376413,4.0079035858713385e-06,3.92611059853556e-06,False,False,False,False,False,False,False,False,False,False,False,False,False,-1,-1,False,2.225,False,False,False,4.370375442504883,1614.7106,1,0.0004742341376413,4.0079035858713385e-06,223,875,False,875.0,False,False,False,False,0.9771540094544425,0.008451139967285715,0.008278669754490712
ARGFTRILDAPGVFDI,H1-69,K3-20,True,92,1,1,0.0004742341376413,4.0079035858713385e-06,3.92611059853556e-06,False,False,False,False,False,False,False,False,False,False,False,False,False,0,0,False,0.2500000000000002,False,False,False,6.005810928344727,1747.9904,2,0.0004742341376413,4.0079035858713385e-06,252,876,False,876.0,False,False,False,False,0.9771540094544425,0.008451139967285715,0.008278669754490712
ARGPGYVYSPSAYHFDY,H3-7_A,K1-39,True,92,1,1,0.0004742341376413,4.0079035858713385e-06,3.92611059853556e-06,False,False,False,True,False,False,False,False,False,False,False,False,False,0,1,False,1.6823529411764706,False,False,False,6.78493537902832,1950.0687000000005,1,0.0004742341376413,4.0079035858713385e-06,494,877,False,877.0,False,False,False,False,0.9771540094544425,0.008451139967285715,0.008278669754490712
ARGTGIVDESTLGFDI,H3-7_A,K3-20,True,92,1,1,0.0004742341376413,4.0079035858713385e-06,3.92611059853556e-06,False,False,False,False,False,False,False,False,False,True,False,False,False,-2,-2,False,1.875,False,False,False,4.050025558471679,1650.7843,1,0.0004742341376413,4.0079035858713385e-06,681,878,False,878.0,False,False,False,False,0.9771540094544425,0.008451139967285715,0.008278669754490712
ARGTGYVSPTGAYGFDI,H3-7_A,K3-15,True,92,1,1,0.0004742341376413,4.0079035858713385e-06,3.92611059853556e-06,False,False,False,False,False,False,False,False,False,False,False,False,False,0,0,False,2.088235294117647,False,False,False,5.87944984436035,1731.8585,1,0.0004742341376413,4.0079035858713385e-06,739,879,False,879.0,False,False,False,False,0.9771540094544425,0.008451139967285715,0.008278669754490712
ARLGPPGSYFDY,H1-69,K1-39,True,92,1,1,0.0004742341376413,4.0079035858713385e-06,3.92611059853556e-06,False,False,False,False,False,False,False,False,False,False,False,False,False,0,0,False,1.3500000000000003,False,False,False,5.87944984436035,1342.4544,1,0.0004742341376413,4.0079035858713385e-06,836,880,False,880.0,False,False,False,False,0.9771540094544425,0.008451139967285715,0.008278669754490712
ARDLPPAYLGYAFDY,H1-69,K1-39,True,91,1,1,0.0004690794187538,4.0079035858713385e-06,3.92611059853556e-06,False,False,False,False,False,False,False,False,False,False,False,False,False,-1,-1,False,0.4733333333333335,False,False,False,4.207874679565429,1731.8998,1,0.0004690794187538,4.0079035858713385e-06,98,881,False,881.0,False,False,False,False,0.9771540094544425,0.008544007657471535,0.008369642208016136
ARGHGSIAEGSYNFDI,H3-7_A,K3-20,True,91,1,1,0.0004690794187538,4.0079035858713385e-06,3.92611059853556e-06,False,False,False,False,False,False,False,False,False,False,False,False,False,-1,0,False,2.3937500000000003,False,False,False,5.322224044799805,1693.7708,1,0.0004690794187538,4.0079035858713385e-06,264,882,False,882.0,False,False,False,False,0.9771540094544425,0.008544007657471535,0.008369642208016136
ARGKGVFVSATFDY,H1-69,K1-39,True,91,1,1,0.0004690794187538,4.0079035858713385e-06,3.92611059853556e-06,False,False,False,False,False,False,False,False,False,False,False,False,False,1,1,False,1.392857142857143,False,False,False,8.63377227783203,1517.6831,1,0.0004690794187538,4.0079035858713385e-06,305,883,False,883.0,False,False,False,False,0.9771540094544425,0.008544007657471535,0.008369642208016136
ARGPGYVSRGSVAFDI,H3-7_A,K3-20,True,91,1,1,0.0004690794187538,4.0079035858713385e-06,3.92611059853556e-06,False,False,False,False,False,False,False,False,False,False,False,False,False,1,1,False,1.76875,False,False,False,8.79022674560547,1651.8202,2,0.0004690794187538,4.0079035858713385e-06,483,884,False,884.0,False,False,False,False,0.9771540094544425,0.008544007657471535,0.008369642208016136
ARGRGNVDASSYAFDY,H3-7_A,K3-20,True,91,1,1,0.0004690794187538,4.0079035858713385e-06,3.92611059853556e-06,False,False,False,False,False,False,False,False,False,False,False,False,False,0,0,False,3.0875,False,False,False,6.004021835327148,1748.8062,2,0.0004690794187538,4.0079035858713385e-06,574,885,False,885.0,False,False,False,False,0.9771540094544425,0.008544007657471535,0.008369642208016136
ARGTGLISGSGSYGFDI,H3-7_A,K4-1,True,91,1,1,0.0004690794187538,4.0079035858713385e-06,3.92611059853556e-06,False,False,False,False,False,False,False,False,False,False,False,False,False,0,0,False,1.9529411764705884,False,False,False,5.880318832397459,1657.7784,1,0.0004690794187538,4.0079035858713385e-06,687,887,False,887.0,False,False,False,False,0.9771540094544425,0.008544007657471535,0.008369642208016136
ARGTSYNIIADFDY,H5-51,K3-20,True,91,1,1,0.0004690794187538,4.0079035858713385e-06,3.92611059853556e-06,False,False,False,False,False,False,False,False,False,True,False,False,False,-1,-1,False,1.7,False,False,False,4.207874679565429,1605.7021,1,0.0004690794187538,4.0079035858713385e-06,744,888,False,888.0,False,False,False,False,0.9771540094544425,0.008544007657471535,0.008369642208016136
ARFSWYGYTHGYAFDI,H3-23_A,K1-39,True,90,1,1,0.0004639246998664,4.0079035858713385e-06,3.92611059853556e-06,False,False,False,False,False,False,False,False,False,False,False,False,False,0,1,False,0.0937500000000001,False,False,False,6.786059951782226,1954.102,1,0.0004639246998664,4.0079035858713385e-06,175,889,False,889.0,True,True,True,False,0.9771540094544425,0.008638939029620981,0.0084626362280428
ARLASPDITGFDY,H5-51,K3-20,True,90,1,1,0.0004639246998664,4.0079035858713385e-06,3.92611059853556e-06,False,False,False,False,False,False,False,False,False,False,False,False,False,-1,-1,False,1.507692307692308,False,False,False,4.207874679565429,1425.5414999999998,1,0.0004639246998664,4.0079035858713385e-06,824,890,False,890.0,False,False,False,False,0.9771540094544425,0.008638939029620981,0.0084626362280428
ARGEGEWRSSDFDY,H1-69,K1-39,True,89,1,1,0.000458769980979,4.0079035858713385e-06,3.92611059853556e-06,False,False,False,False,False,False,False,False,False,True,False,False,False,-2,-2,False,3.5285714285714285,False,False,False,4.316753768920899,1674.6815,2,0.000458769980979,4.0079035858713385e-06,219,891,False,891.0,False,False,False,False,0.9771540094544425,0.00873600364453303,0.008557719955778264
ARGPGQIGEREYSFDI,H3-7_A,K4-1,True,89,1,1,0.000458769980979,4.0079035858713385e-06,3.92611059853556e-06,False,False,False,False,False,False,False,False,False,True,False,False,False,-1,-1,False,2.54375,False,False,False,4.6793262481689455,1794.9178000000002,2,0.000458769980979,4.0079035858713385e-06,390,892,False,892.0,False,False,False,False,0.9771540094544425,0.00873600364453303,0.008557719955778264
ARLRDLGYPYFDY,H1-69,K3-15,True,89,1,1,0.000458769980979,4.0079035858713385e-06,3.92611059853556e-06,False,False,False,False,False,False,False,False,False,False,False,False,False,0,0,False,0.3846153846153849,False,False,False,6.003152847290039,1648.8145,2,0.000458769980979,4.0079035858713385e-06,868,894,False,894.0,False,False,False,False,0.9771540094544425,0.00873600364453303,0.008557719955778264
ARGIGSIGPNFYGFDI,H3-7_A,K4-1,True,88,1,1,0.0004536152620916,4.0079035858713385e-06,3.92611059853556e-06,False,False,False,False,False,False,False,False,False,False,False,False,False,0,0,False,0.6500000000000001,False,False,False,5.880318832397459,1683.8602,1,0.0004536152620916,4.0079035858713385e-06,280,895,False,895.0,False,False,False,False,0.9771540094544425,0.008835274224789597,0.00865496462968759
ARGPGYIGDYGYNFDY,H3-7_A,K3-20,True,87,1,1,0.0004484605432042,4.0079035858713385e-06,3.92611059853556e-06,False,False,False,False,False,False,False,False,False,False,False,False,False,-1,-1,False,2.0875000000000004,False,False,False,4.207874679565429,1827.9009,1,0.0004484605432042,4.0079035858713385e-06,433,896,False,896.0,False,False,False,False,0.9771540094544425,0.008936826836465017,0.00875444476349454
ARGRGYIGSGSVAFDI,H3-7_A,K3-20,True,87,1,1,0.0004484605432042,4.0079035858713385e-06,3.92611059853556e-06,False,False,False,False,False,False,False,False,False,False,False,False,False,1,1,False,1.725,False,False,False,8.79022674560547,1625.7829000000002,2,0.0004484605432042,4.0079035858713385e-06,308,897,False,897.0,False,False,False,False,0.9771540094544425,0.008936826836465017,0.00875444476349454
ARVYSWTIYDYFDY,H1-69,K3-15,True,87,1,1,0.0004484605432042,4.0079035858713385e-06,3.92611059853556e-06,False,False,False,False,False,False,False,False,False,False,False,False,False,-1,-1,False,-0.0357142857142856,False,False,False,4.207874679565429,1862.0,1,0.0004484605432042,4.0079035858713385e-06,985,898,False,898.0,False,False,False,False,0.9771540094544425,0.008936826836465017,0.00875444476349454
ARGEGRVTAYSYAFDI,H3-7_A,K3-20,True,86,1,1,0.0004433058243168,4.0079035858713385e-06,3.92611059853556e-06,False,False,False,False,False,False,False,False,False,False,False,False,False,0,0,False,1.93125,False,False,False,6.113258743286132,1775.9144,2,0.0004433058243168,4.0079035858713385e-06,224,899,False,899.0,False,False,False,False,0.9771540094544425,0.009040741083510774,0.00885623833659929
ARGQGYVTSGSSYGFDI,H3-7_A,K4-1,True,86,1,1,0.0004433058243168,4.0079035858713385e-06,3.92611059853556e-06,False,False,False,False,False,False,False,False,False,False,False,False,False,0,0,False,2.652941176470588,False,False,False,5.87944984436035,1764.8453,1,0.0004433058243168,4.0079035858713385e-06,530,900,False,900.0,False,False,False,False,0.9771540094544425,0.009040741083510774,0.00885623833659929
ARPSLPWSAHTFDY,H1-69,K1-39,True,86,1,1,0.0004433058243168,4.0079035858713385e-06,3.92611059853556e-06,False,False,False,False,False,False,False,False,False,False,False,False,False,0,1,False,0.9000000000000001,False,False,False,6.788309097290039,1647.7868999999998,1,0.0004433058243168,4.0079035858713385e-06,909,901,False,901.0,False,False,False,False,0.9771540094544425,0.009040741083510774,0.00885623833659929
ARGRGYVSSAEFGFDI,H3-7_A,K3-15,True,85,1,1,0.0004381511054294,4.0079035858713385e-06,3.92611059853556e-06,False,False,False,False,False,False,False,False,False,False,False,False,False,0,0,False,1.7812500000000002,False,False,False,6.114178848266601,1731.8618,2,0.0004381511054294,4.0079035858713385e-06,626,902,False,902.0,False,False,False,False,0.9771540094544425,0.009147100315861158,0.008960426997937102
ARGTGYTTDYGTYGFDY,H3-7_A,K3-15,True,85,1,1,0.0004381511054294,4.0079035858713385e-06,3.92611059853556e-06,False,False,False,False,False,False,False,False,False,False,False,False,False,-1,-1,False,3.123529411764706,False,False,False,4.207874679565429,1907.9411,1,0.0004381511054294,4.0079035858713385e-06,730,903,False,903.0,False,False,False,False,0.9771540094544425,0.009147100315861158,0.008960426997937102
ARGYGVYGDFDY,H4-34,K3-15,True,85,1,1,0.0004381511054294,4.0079035858713385e-06,3.92611059853556e-06,False,False,False,False,False,False,False,False,False,True,False,False,False,-1,-1,False,2.066666666666667,False,False,False,4.207874679565429,1382.432,1,0.0004381511054294,4.0079035858713385e-06,775,904,False,904.0,False,False,False,False,0.9771540094544425,0.009147100315861158,0.008960426997937102
ARHPRSELLYGDFDY,H1-69,K1-39,True,85,1,1,0.0004381511054294,4.0079035858713385e-06,3.92611059853556e-06,False,False,False,False,False,False,False,False,False,True,False,False,False,-1,0,False,1.5533333333333337,False,False,False,5.382593154907226,1838.9719,2,0.0004381511054294,4.0079035858713385e-06,804,905,False,905.0,False,False,False,False,0.9771540094544425,0.009147100315861158,0.008960426997937102
ARGKGYVDERQYAFDY,H3-7_A,K3-15,True,84,1,1,0.000432996386542,4.0079035858713385e-06,3.92611059853556e-06,False,False,False,False,False,False,False,False,False,True,False,False,False,0,0,False,2.80625,False,False,False,6.163506698608399,1938.0598,2,0.000432996386542,4.0079035858713385e-06,313,906,False,906.0,False,False,False,False,0.9771540094544425,0.009255991852403283,0.009067096284397972
ARGPGYIDASTLAFDY,H3-7_A,K3-20,True,84,1,1,0.000432996386542,4.0079035858713385e-06,3.92611059853556e-06,False,False,False,False,False,False,False,False,False,False,False,False,False,-1,-1,False,1.5937500000000002,False,False,False,4.207874679565429,1716.8439,1,0.000432996386542,4.0079035858713385e-06,426,907,False,907.0,False,False,False,False,0.9771540094544425,0.009255991852403283,0.009067096284397972
ARGTGYVSSNREYGFDY,H3-23_A,K1-39,True,84,1,1,0.000432996386542,4.0079035858713385e-06,3.92611059853556e-06,False,False,False,False,False,False,False,False,False,False,False,False,False,0,0,False,3.0588235294117645,False,False,False,6.112389755249024,1942.0054,2,0.000432996386542,4.0079035858713385e-06,740,908,False,908.0,False,False,False,False,0.9771540094544425,0.009255991852403283,0.009067096284397972
ARGPGYTSIAGTYGFDY,H3-7_A,K1-39,True,83,1,1,0.0004278416676546,4.0079035858713385e-06,3.92611059853556e-06,False,False,False,False,False,False,False,False,False,False,False,False,False,0,0,False,2.194117647058824,False,False,False,5.87858085632324,1795.9007,1,0.0004278416676546,4.0079035858713385e-06,459,909,False,909.0,False,False,False,False,0.9771540094544425,0.009367507220065052,0.009176335855035318
ARGRGIIGKGEYEFDY,H3-7_A,K3-20,True,83,1,1,0.0004278416676546,4.0079035858713385e-06,3.92611059853556e-06,False,False,False,False,False,False,False,False,False,True,False,False,False,0,0,False,2.225,False,False,False,6.224438095092773,1830.9929,2,0.0004278416676546,4.0079035858713385e-06,561,910,False,910.0,False,False,False,False,0.9771540094544425,0.009367507220065052,0.009176335855035318
ARGPGIIGRGEYGFDY,H3-7_A,K1-39,True,82,1,1,0.0004226869487672,4.0079035858713385e-06,3.92611059853556e-06,False,False,False,False,False,False,False,False,False,False,False,False,False,0,0,False,1.86875,False,False,False,6.113258743286132,1727.8731,2,0.0004226869487672,4.0079035858713385e-06,324,912,False,912.0,False,False,False,False,0.9771540094544425,0.009481742410396931,0.009288239742411443
ARLPRGLGYGDFDY,H4-34,K3-15,True,80,1,1,0.0004123775109924,4.0079035858713385e-06,3.92611059853556e-06,False,False,False,False,False,False,False,False,False,True,False,False,False,0,0,False,1.3071428571428574,False,False,False,6.004021835327148,1599.7439,2,0.0004123775109924,4.0079035858713385e-06,854,916,False,916.0,False,False,False,False,0.9771540094544425,0.009718780222578568,0.009520440105199781
ARGEGIILDRVYGFDY,H3-7_A,K1-39,True,79,1,1,0.000407222792105,4.0079035858713385e-06,3.92611059853556e-06,False,False,False,False,False,False,False,False,False,False,False,False,False,-1,-1,False,0.8437500000000001,False,False,False,4.558281326293945,1844.0313,2,0.000407222792105,4.0079035858713385e-06,221,917,False,917.0,False,False,False,False,0.9771540094544425,0.00984179973610266,0.009640949045977763
ARGSGYIGSAGSFGFDI,H3-7_A,K3-20,True,79,1,1,0.000407222792105,4.0079035858713385e-06,3.92611059853556e-06,False,False,False,False,False,False,False,False,False,False,False,False,False,0,0,False,1.7705882352941178,False,False,False,5.880318832397459,1661.7686,1,0.000407222792105,4.0079035858713385e-06,650,918,False,918.0,False,False,False,False,0.9771540094544425,0.00984179973610266,0.009640949045977763
ARGKGVIGDRSYAFDY,H3-7_A,K3-20,True,77,1,1,0.0003969133543302,4.0079035858713385e-06,3.92611059853556e-06,False,False,False,False,False,False,False,False,False,False,False,False,False,1,1,False,2.325,False,False,False,8.539366149902346,1774.9296,2,0.0003969133543302,4.0079035858713385e-06,306,921,False,921.0,False,False,False,False,0.9771540094544425,0.010097424457763625,0.009891356998029989
ARGPREWLSSTFDY,H1-69,K1-39,True,77,1,1,0.0003969133543302,4.0079035858713385e-06,3.92611059853556e-06,False,False,False,False,False,False,False,False,False,False,False,False,False,0,0,False,1.7142857142857146,False,False,False,6.114178848266601,1684.8055,2,0.0003969133543302,4.0079035858713385e-06,500,922,False,922.0,False,False,False,False,0.9771540094544425,0.010097424457763625,0.009891356998029989
ARGRGYTGVAFYDFDI,H3-7_A,K3-20,True,77,1,1,0.0003969133543302,4.0079035858713385e-06,3.92611059853556e-06,False,False,False,False,False,False,False,False,False,True,False,False,False,0,0,False,1.3125000000000002,False,False,False,6.004021835327148,1807.9577,2,0.0003969133543302,4.0079035858713385e-06,610,923,False,923.0,False,False,False,False,0.9771540094544425,0.010097424457763625,0.009891356998029989
ARGTGAISSYSYGFDI,H3-7_A,K3-15,True,77,1,1,0.0003969133543302,4.0079035858713385e-06,3.92611059853556e-06,False,False,False,False,False,False,False,False,False,False,False,False,False,0,0,False,1.95,False,False,False,5.87944984436035,1664.7693000000002,1,0.0003969133543302,4.0079035858713385e-06,672,925,False,925.0,False,False,False,False,0.9771540094544425,0.010097424457763625,0.009891356998029989
ARGAGYIEGSSYAFDI,H3-7_A,K3-20,True,76,1,1,0.0003917586354428,4.0079035858713385e-06,3.92611059853556e-06,False,False,False,False,False,False,False,False,False,False,False,False,False,-1,-1,False,1.8375,False,False,False,4.370375442504883,1676.78,1,0.0003917586354428,4.0079035858713385e-06,192,926,False,926.0,False,False,False,False,0.9771540094544425,0.010230281914583002,0.010021503110115078
ARGLGYEEYFDY,H1-69,K3-20,True,76,1,1,0.0003917586354428,4.0079035858713385e-06,3.92611059853556e-06,False,False,False,False,False,False,False,False,False,True,False,False,False,-2,-2,False,1.6000000000000003,False,False,False,4.137435531616211,1482.5479,1,0.0003917586354428,4.0079035858713385e-06,335,927,False,927.0,False,False,False,False,0.9771540094544425,0.010230281914583002,0.010021503110115078
ARGRGIISSGEYLFDY,H3-7_A,K1-39,True,76,1,1,0.0003917586354428,4.0079035858713385e-06,3.92611059853556e-06,False,False,False,False,False,False,False,False,False,False,False,False,False,0,0,False,1.2625000000000002,False,False,False,6.113258743286132,1803.9675,2,0.0003917586354428,4.0079035858713385e-06,186,928,False,928.0,False,False,False,False,0.9771540094544425,0.010230281914583002,0.010021503110115078
ARLTSPSVADFDY,H5-51,K4-1,True,76,1,1,0.0003917586354428,4.0079035858713385e-06,3.92611059853556e-06,False,False,False,False,False,False,False,False,False,True,False,False,False,-1,-1,False,1.9,False,False,False,4.207874679565429,1441.5409,1,0.0003917586354428,4.0079035858713385e-06,888,929,False,929.0,False,False,False,False,0.9771540094544425,0.010230281914583002,0.010021503110115078
ARGPGYIDPTQWAFDY,H3-7_A,K4-1,True,75,1,1,0.0003866039165554,4.0079035858713385e-06,3.92611059853556e-06,False,False,False,False,True,False,False,False,False,False,False,False,False,-1,-1,False,1.5125000000000002,False,False,False,4.207874679565429,1856.9854,1,0.0003866039165554,4.0079035858713385e-06,191,930,False,930.0,False,False,False,False,0.9771540094544425,0.010366682145279228,0.010155119695420914
ARGPGYIGTTGAYGFDI,H3-7_A,K3-15,True,75,1,1,0.0003866039165554,4.0079035858713385e-06,3.92611059853556e-06,False,False,False,False,False,False,False,False,False,False,False,False,False,0,0,False,1.7882352941176471,False,False,False,5.87944984436035,1715.8591,1,0.0003866039165554,4.0079035858713385e-06,437,931,False,931.0,False,False,False,False,0.9771540094544425,0.010366682145279228,0.010155119695420914
ARGRGYVSLSDYAFDY,H3-7_A,K3-20,True,75,1,1,0.0003866039165554,4.0079035858713385e-06,3.92611059853556e-06,False,False,False,False,False,False,False,False,False,False,False,False,False,0,0,False,1.825,False,False,False,6.003152847290039,1839.9565,2,0.0003866039165554,4.0079035858713385e-06,625,932,False,932.0,False,False,False,False,0.9771540094544425,0.010366682145279228,0.010155119695420914
ARLPIGWSYGQFDY,H4-34,K3-15,True,75,1,1,0.0003866039165554,4.0079035858713385e-06,3.92611059853556e-06,False,False,False,False,False,False,False,False,False,False,False,False,False,0,0,False,0.1500000000000001,False,False,False,5.87944984436035,1672.8358999999998,1,0.0003866039165554,4.0079035858713385e-06,853,933,False,933.0,False,False,False,False,0.9771540094544425,0.010366682145279228,0.010155119695420914
ARLVRGYSQFDY,H1-69,K4-1,True,75,1,1,0.0003866039165554,4.0079035858713385e-06,3.92611059853556e-06,False,False,False,False,False,False,False,False,False,False,False,False,False,1,1,False,1.0666666666666669,False,False,False,8.632579040527343,1474.6186,2,0.0003866039165554,4.0079035858713385e-06,874,934,False,934.0,False,False,False,False,0.9771540094544425,0.010366682145279228,0.010155119695420914
ARTTGSWGDFDY,H4-34,K3-20,True,75,1,1,0.0003866039165554,4.0079035858713385e-06,3.92611059853556e-06,False,False,False,False,False,False,False,False,False,True,False,False,False,-1,-1,False,2.7916666666666665,False,False,False,4.207874679565429,1375.3983,1,0.0003866039165554,4.0079035858713385e-06,952,935,False,935.0,False,False,False,False,0.9771540094544425,0.010366682145279228,0.010155119695420914
ARGPGYIGSAGDLGFDY,H3-7_A,K3-20,True,74,1,1,0.000381449197668,4.0079035858713385e-06,3.92611059853556e-06,False,False,False,False,False,False,False,False,False,False,False,False,False,-1,-1,False,2.0764705882352943,False,False,False,4.207874679565429,1715.816,1,0.000381449197668,4.0079035858713385e-06,435,936,False,936.0,False,False,False,False,0.9771540094544425,0.010506768772055107,0.010292347445119464
ARGRGDISPAGAYGFDY,H3-7_A,K3-20,True,74,1,1,0.000381449197668,4.0079035858713385e-06,3.92611059853556e-06,False,False,False,False,False,False,False,False,False,False,False,False,False,0,0,False,2.652941176470588,False,False,False,6.004021835327148,1772.8707,2,0.000381449197668,4.0079035858713385e-06,543,937,False,937.0,False,False,False,False,0.9771540094544425,0.010506768772055107,0.010292347445119464
ARGYDRYGWSYSTFDP,H1-69,K1-39,True,74,1,1,0.000381449197668,4.0079035858713385e-06,3.92611059853556e-06,False,False,False,False,True,False,False,False,False,False,False,False,False,0,0,False,2.3312500000000003,False,False,False,6.003152847290039,1941.019,2,0.000381449197668,4.0079035858713385e-06,760,939,False,939.0,False,False,False,False,0.9771540094544425,0.010506768772055107,0.010292347445119464
ARVLSSSVADFDY,H5-51,K3-15,True,73,1,1,0.0003762944787805,4.0079035858713385e-06,3.92611059853556e-06,False,False,False,False,False,False,False,False,False,True,False,False,False,-1,-1,False,1.553846153846154,False,False,False,4.207874679565429,1429.5301,1,0.0003762944787805,4.0079035858713385e-06,959,940,False,940.0,False,False,False,False,0.9771540094544425,0.010650693286616887,0.010433334759285918
ARGKGYTLGSSYAFDI,H3-7_A,K1-39,True,72,1,1,0.0003711397598931,4.0079035858713385e-06,3.92611059853556e-06,False,False,False,False,False,False,False,False,False,False,False,False,False,1,1,False,1.825,False,False,False,8.54006805419922,1705.8643000000002,1,0.0003711397598931,4.0079035858713385e-06,312,941,False,941.0,False,False,False,False,0.9771540094544425,0.010798615596641395,0.010578238282213558
ARGQGYIGAYGDYAFDY,H3-7_A,K3-20,True,72,1,1,0.0003711397598931,4.0079035858713385e-06,3.92611059853556e-06,False,False,False,False,False,False,False,False,False,False,False,False,False,-1,-1,False,2.0294117647058822,False,False,False,4.207874679565429,1886.9681,1,0.0003711397598931,4.0079035858713385e-06,518,942,False,942.0,False,False,False,False,0.9771540094544425,0.010798615596641395,0.010578238282213558
ARGRGHVDALSYGFDI,H3-7_A,K3-15,True,72,1,1,0.0003711397598931,4.0079035858713385e-06,3.92611059853556e-06,False,False,False,False,False,False,False,False,False,False,False,False,False,0,1,False,1.6437500000000005,False,False,False,6.791580581665039,1733.881,2,0.0003711397598931,4.0079035858713385e-06,559,943,False,943.0,False,False,False,False,0.9771540094544425,0.010798615596641395,0.010578238282213558
ARGRGYISPDAAYGFDI,H3-7_A,K3-15,True,72,1,1,0.0003711397598931,4.0079035858713385e-06,3.92611059853556e-06,False,False,False,False,False,False,False,False,False,False,False,False,False,0,0,False,1.847058823529412,False,False,False,6.004021835327148,1828.977,2,0.0003711397598931,4.0079035858713385e-06,604,944,False,944.0,False,False,False,False,0.9771540094544425,0.010798615596641395,0.010578238282213558
ARSPTGWPIDWYFDY,H1-69,K3-20,True,72,1,1,0.0003711397598931,4.0079035858713385e-06,3.92611059853556e-06,False,False,False,True,False,False,False,False,False,False,False,False,False,-1,-1,False,0.4600000000000001,False,False,False,4.207874679565429,1874.0142,1,0.0003711397598931,4.0079035858713385e-06,927,945,False,945.0,False,False,False,False,0.9771540094544425,0.010798615596641395,0.010578238282213558
ARGTGYITPGQTYAFDY,H3-7_A,K4-1,True,71,1,1,0.0003659850410057,4.0079035858713385e-06,3.92611059853556e-06,False,False,False,False,False,False,False,False,False,False,False,False,False,0,0,False,2.1352941176470592,False,False,False,5.87858085632324,1881.0052,1,0.0003659850410057,4.0079035858713385e-06,717,946,False,946.0,False,False,False,False,0.9771540094544425,0.010950704618451153,0.010727223482993627
ARGPGYVTSTGTYRFDI,H3-7_A,K3-15,True,70,1,1,0.0003608303221183,4.0079035858713385e-06,3.92611059853556e-06,False,False,False,False,False,False,False,False,False,False,False,False,False,1,1,False,2.182352941176471,False,False,False,8.632579040527343,1861.0189,2,0.0003608303221183,4.0079035858713385e-06,460,947,False,947.0,False,False,False,False,0.9771540094544425,0.01110713892045957,0.01088046528582912
ARAIVEFASSQFDY,H1-69,K1-39,True,69,1,1,0.0003556756032309,4.0079035858713385e-06,3.92611059853556e-06,False,False,False,False,False,False,False,False,False,False,False,False,False,-1,-1,False,1.092857142857143,False,False,False,4.370375442504883,1603.7293,1,0.0003556756032309,4.0079035858713385e-06,29,948,False,948.0,False,False,False,False,0.9771540094544425,0.011268107422581096,0.011038148755171437
ARGDPGQFYGDFDY,H1-69,K4-1,True,69,1,1,0.0003556756032309,4.0079035858713385e-06,3.92611059853556e-06,False,False,False,False,True,False,False,False,False,True,False,False,False,-2,-2,False,2.8071428571428574,False,False,False,4.050025558471679,1607.6334,1,0.0003556756032309,4.0079035858713385e-06,216,949,False,949.0,False,False,False,False,0.9771540094544425,0.011268107422581096,0.011038148755171437
ARGWYAIGAGLFDY,H3-23_A,K4-1,True,69,1,1,0.0003556756032309,4.0079035858713385e-06,3.92611059853556e-06,False,False,False,False,False,False,False,False,False,False,False,False,False,0,0,False,-0.1857142857142855,False,False,False,5.87944984436035,1559.7213,1,0.0003556756032309,4.0079035858713385e-06,758,950,False,950.0,False,False,False,False,0.9771540094544425,0.011268107422581096,0.011038148755171437
ARAYWGFGLDY,H1-69,K3-15,True,68,1,1,0.0003505208843435,4.0079035858713385e-06,3.92611059853556e-06,False,False,False,False,False,False,False,False,False,False,False,False,False,0,0,False,-0.2181818181818179,False,False,False,5.87944984436035,1318.4345,1,0.0003505208843435,4.0079035858713385e-06,65,951,False,951.0,False,False,False,False,0.9771540094544425,0.011433810157349287,0.01120046984130562
ARGHGSVSEGIYLFDY,H3-7_A,K3-20,True,68,1,1,0.0003505208843435,4.0079035858713385e-06,3.92611059853556e-06,False,False,False,False,False,False,False,False,False,False,False,False,False,-1,0,False,1.4,False,False,False,5.322224044799805,1770.8945,1,0.0003505208843435,4.0079035858713385e-06,265,952,False,952.0,False,False,False,False,0.9771540094544425,0.011433810157349287,0.01120046984130562
ARGLGLVNIREYSFDI,H3-7_A,K3-15,True,68,1,1,0.0003505208843435,4.0079035858713385e-06,3.92611059853556e-06,False,False,False,False,False,False,False,False,False,False,False,False,False,0,0,False,0.2500000000000001,False,False,False,6.114178848266601,1823.0569,2,0.0003505208843435,4.0079035858713385e-06,327,953,False,953.0,False,False,False,False,0.9771540094544425,0.011433810157349287,0.01120046984130562
ARLPKTLRYGEFDY,H4-34,K3-15,True,68,1,1,0.0003505208843435,4.0079035858713385e-06,3.92611059853556e-06,False,False,False,False,False,False,False,False,False,True,False,False,False,1,1,False,1.1142857142857143,False,False,False,8.53950653076172,1728.9441,2,0.0003505208843435,4.0079035858713385e-06,855,954,False,954.0,False,False,False,False,0.9771540094544425,0.011433810157349287,0.01120046984130562
ARGDFGRAVDIGSFDY,H1-69,K3-20,True,67,1,1,0.0003453661654561,4.0079035858713385e-06,3.92611059853556e-06,False,False,False,False,False,False,False,False,False,False,False,False,False,-1,-1,False,2.1375,False,False,False,4.429057693481445,1745.8453,2,0.0003453661654561,4.0079035858713385e-06,214,955,False,955.0,False,False,False,False,0.9771540094544425,0.011604459099192745,0.011367636192702474
ARGPEWRTSQFDY,H1-69,K1-39,True,67,1,1,0.0003453661654561,4.0079035858713385e-06,3.92611059853556e-06,False,False,False,False,False,False,False,False,False,False,False,False,False,0,0,False,2.515384615384616,False,False,False,6.114178848266601,1612.6998,2,0.0003453661654561,4.0079035858713385e-06,371,956,False,956.0,False,False,False,False,0.9771540094544425,0.011604459099192745,0.011367636192702474
ARGPGDVDEGSYNFDI,H3-7_A,K1-39,True,67,1,1,0.0003453661654561,4.0079035858713385e-06,3.92611059853556e-06,False,False,False,False,False,False,False,False,False,True,False,False,False,-3,-3,False,3.375,False,False,False,4.050025558471679,1711.7397,1,0.0003453661654561,4.0079035858713385e-06,378,957,False,957.0,False,False,False,False,0.9771540094544425,0.011604459099192745,0.011367636192702474
ARGRGVIAEGEYAFDY,H3-7_A,K3-20,True,67,1,1,0.0003453661654561,4.0079035858713385e-06,3.92611059853556e-06,False,False,False,False,False,False,False,False,False,True,False,False,False,-1,-1,False,2.04375,False,False,False,4.6793262481689455,1773.8985,2,0.0003453661654561,4.0079035858713385e-06,593,958,False,958.0,False,False,False,False,0.9771540094544425,0.011604459099192745,0.011367636192702474
ARGYGSVTDVSYAFDY,H3-7_A,K3-20,True,67,1,1,0.0003453661654561,4.0079035858713385e-06,3.92611059853556e-06,False,False,False,False,False,False,False,False,False,False,False,False,False,-1,-1,False,2.23125,False,False,False,4.207874679565429,1770.8481000000002,1,0.0003453661654561,4.0079035858713385e-06,769,959,False,959.0,False,False,False,False,0.9771540094544425,0.011604459099192745,0.011367636192702474
ARHPDLALVYGDFDI,H1-69,K3-20,True,67,1,1,0.0003453661654561,4.0079035858713385e-06,3.92611059853556e-06,False,False,False,False,False,False,False,False,False,True,False,False,False,-2,-1,False,0.4733333333333335,False,False,False,4.413415908813476,1701.8755999999998,1,0.0003453661654561,4.0079035858713385e-06,802,960,False,960.0,False,False,False,False,0.9771540094544425,0.011604459099192745,0.011367636192702474
ARSPTLSWTPYDFDP,H1-69,K4-1,True,67,1,1,0.0003453661654561,4.0079035858713385e-06,3.92611059853556e-06,False,False,False,False,True,False,False,False,False,True,False,False,False,-1,-1,False,1.7133333333333336,False,False,False,4.207874679565429,1752.8762000000002,1,0.0003453661654561,4.0079035858713385e-06,928,963,False,963.0,False,False,False,False,0.9771540094544425,0.011604459099192745,0.011367636192702474
ARDEGWPLEYGSIEFDI,H1-69,K3-20,True,66,1,1,0.0003402114465687,4.0079035858713385e-06,3.92611059853556e-06,False,False,False,False,False,False,False,False,False,True,False,False,False,-4,-4,False,1.3764705882352943,False,False,False,4.050025558471679,1997.1205,1,0.0003402114465687,4.0079035858713385e-06,75,964,False,964.0,False,False,False,False,0.9771540094544425,0.011780279069097526,0.011539868042218708
ARGPGSFVSAVFDY,H1-69,K1-39,True,66,1,1,0.0003402114465687,4.0079035858713385e-06,3.92611059853556e-06,False,False,False,False,False,False,False,False,False,False,False,False,False,0,0,False,1.2285714285714289,False,False,False,5.880318832397459,1472.5993999999998,1,0.0003402114465687,4.0079035858713385e-06,322,965,False,965.0,False,False,False,False,0.9771540094544425,0.011780279069097526,0.011539868042218708
ARGSGYIFDPGSYGFDY,H3-7_A,K3-20,True,66,1,1,0.0003402114465687,4.0079035858713385e-06,3.92611059853556e-06,False,False,False,False,True,False,False,False,False,False,False,False,False,-1,-1,False,1.8882352941176472,False,False,False,4.207874679565429,1871.9535,1,0.0003402114465687,4.0079035858713385e-06,649,966,False,966.0,False,False,False,False,0.9771540094544425,0.011780279069097526,0.011539868042218708
ARGSGYVDEHGTYGFDY,H3-7_A,K3-20,True,66,1,1,0.0003402114465687,4.0079035858713385e-06,3.92611059853556e-06,False,False,False,False,False,False,False,False,False,True,False,False,False,-2,-1,False,3.0647058823529414,False,False,False,4.536607742309571,1893.9178,1,0.0003402114465687,4.0079035858713385e-06,237,967,False,967.0,False,False,False,False,0.9771540094544425,0.011780279069097526,0.011539868042218708
ARAYGDAPTYFDY,H3-7_A,K3-20,True,65,1,1,0.0003350567276813,4.0079035858713385e-06,3.92611059853556e-06,False,False,False,False,False,False,False,False,False,False,False,False,False,-1,-1,False,2.2,False,False,False,4.207874679565429,1509.5733,1,0.0003350567276813,4.0079035858713385e-06,60,968,False,968.0,False,False,False,False,0.9771540094544425,0.011961508722774383,0.01171739917509773
ARGLRQWGAHTFDY,H1-69,K1-39,True,65,1,1,0.0003350567276813,4.0079035858713385e-06,3.92611059853556e-06,False,False,False,False,False,False,False,False,False,False,False,False,False,1,2,False,1.2142857142857146,False,False,False,8.796192932128907,1677.8194,2,0.0003350567276813,4.0079035858713385e-06,360,969,False,969.0,False,False,False,False,0.9771540094544425,0.011961508722774383,0.01171739917509773
ARAHREFITATFDY,H1-69,K1-39,True,64,1,1,0.0003299020087939,4.0079035858713385e-06,3.92611059853556e-06,False,False,False,False,False,False,False,False,False,False,False,False,False,0,1,False,1.192857142857143,False,False,False,6.796487808227539,1697.8473,2,0.0003299020087939,4.0079035858713385e-06,25,971,False,971.0,False,False,False,False,0.9771540094544425,0.012148401631463874,0.011900477987717777
ARGEGIIGDRSYLFDI,H3-7_A,K3-20,True,64,1,1,0.0003299020087939,4.0079035858713385e-06,3.92611059853556e-06,False,False,False,False,False,False,False,False,False,False,False,False,False,-1,-1,False,1.1,False,False,False,4.558281326293945,1781.962,2,0.0003299020087939,4.0079035858713385e-06,190,972,False,972.0,False,False,False,False,0.9771540094544425,0.012148401631463874,0.011900477987717777
ARGLGYVAAGELEFDY,H3-7_A,K3-20,True,64,1,1,0.0003299020087939,4.0079035858713385e-06,3.92611059853556e-06,False,False,False,False,False,False,False,False,False,True,False,False,False,-2,-2,False,1.13125,False,False,False,4.137435531616211,1730.8704,1,0.0003299020087939,4.0079035858713385e-06,351,973,False,973.0,False,False,False,False,0.9771540094544425,0.012148401631463874,0.011900477987717777
ARGLRSWYSSEFDY,H1-69,K1-39,True,64,1,1,0.0003299020087939,4.0079035858713385e-06,3.92611059853556e-06,False,False,False,False,False,False,False,False,False,True,False,False,False,0,0,False,1.5214285714285716,False,False,False,6.113258743286132,1736.8369,2,0.0003299020087939,4.0079035858713385e-06,361,974,False,974.0,False,False,False,False,0.9771540094544425,0.012148401631463874,0.011900477987717777
ARGPGRIGTYGDFGFDI,H3-7_A,K3-20,True,64,1,1,0.0003299020087939,4.0079035858713385e-06,3.92611059853556e-06,False,False,False,False,False,False,False,False,False,False,False,False,False,0,0,False,1.7647058823529411,False,False,False,6.004890823364257,1798.951,2,0.0003299020087939,4.0079035858713385e-06,393,975,False,975.0,False,False,False,False,0.9771540094544425,0.012148401631463874,0.011900477987717777
ARGFGYISSGNQYDFDY,H3-7_A,K3-20,True,63,1,1,0.0003247472899065,4.0079035858713385e-06,3.92611059853556e-06,False,False,False,False,False,False,False,False,False,True,False,False,False,-1,-1,False,2.194117647058824,False,False,False,4.207874679565429,1960.0188,1,0.0003247472899065,4.0079035858713385e-06,248,977,False,977.0,False,False,False,False,0.9771540094544425,0.012341227465672112,0.012089368647170064
ARGPGYTSPYAFGFDI,H3-7_A,K4-1,True,63,1,1,0.0003247472899065,4.0079035858713385e-06,3.92611059853556e-06,False,False,False,False,False,False,False,False,False,False,False,False,False,0,0,False,1.3250000000000002,False,False,False,5.87944984436035,1718.8613,1,0.0003247472899065,4.0079035858713385e-06,461,978,False,978.0,False,False,False,False,0.9771540094544425,0.012341227465672112,0.012089368647170064
ARGPGYVSATGYGFDY,H3-7_A,K1-39,True,63,1,1,0.0003247472899065,4.0079035858713385e-06,3.92611059853556e-06,False,False,False,False,False,False,False,False,False,False,False,False,False,0,0,False,2.2750000000000004,False,False,False,5.87858085632324,1680.7702000000002,1,0.0003247472899065,4.0079035858713385e-06,478,979,False,979.0,False,False,False,False,0.9771540094544425,0.012341227465672112,0.012089368647170064
ARGPGYVSSAGAYGFDI,H3-7_A,K4-1,True,63,1,1,0.0003247472899065,4.0079035858713385e-06,3.92611059853556e-06,False,False,False,False,False,False,False,False,False,False,False,False,False,0,0,False,1.9823529411764709,False,False,False,5.87944984436035,1687.8059,1,0.0003247472899065,4.0079035858713385e-06,239,980,False,980.0,False,False,False,False,0.9771540094544425,0.012341227465672112,0.012089368647170064
ARGPIGRDWYEFDY,H5-51,K4-1,True,63,1,1,0.0003247472899065,4.0079035858713385e-06,3.92611059853556e-06,False,False,False,False,False,False,False,False,False,True,False,False,False,-1,-1,False,1.4857142857142858,False,False,False,4.558281326293945,1744.8589,2,0.0003247472899065,4.0079035858713385e-06,370,981,False,981.0,False,False,False,False,0.9771540094544425,0.012341227465672112,0.012089368647170064
ARGRGIISTGQYGFDI,H3-7_A,K4-1,True,63,1,1,0.0003247472899065,4.0079035858713385e-06,3.92611059853556e-06,False,False,False,False,False,False,False,False,False,False,False,False,False,1,1,False,1.61875,False,False,False,8.79022674560547,1710.8874,2,0.0003247472899065,4.0079035858713385e-06,564,982,False,982.0,False,False,False,False,0.9771540094544425,0.012341227465672112,0.012089368647170064
ARGTGYIGAGSTYGFDI,H3-7_A,K3-20,True,63,1,1,0.0003247472899065,4.0079035858713385e-06,3.92611059853556e-06,False,False,False,False,False,False,False,False,False,False,False,False,False,0,0,False,2.047058823529412,False,False,False,5.87944984436035,1705.8212,1,0.0003247472899065,4.0079035858713385e-06,711,983,False,983.0,False,False,False,False,0.9771540094544425,0.012341227465672112,0.012089368647170064
ARDAWYGSYPPNYFDY,H1-69,K3-20,True,62,1,1,0.0003195925710191,4.0079035858713385e-06,3.92611059853556e-06,False,False,False,False,False,False,False,False,False,False,False,False,False,-1,-1,False,1.5625,False,False,False,4.207874679565429,1985.0697,1,0.0003195925710191,4.0079035858713385e-06,72,984,False,984.0,True,True,True,False,0.9771540094544425,0.012540273293458016,0.0122843523630507
ARGRGEIYGDSYHFDI,H3-7_A,K3-15,True,62,1,1,0.0003195925710191,4.0079035858713385e-06,3.92611059853556e-06,False,True,False,True,False,False,False,False,False,False,False,False,False,-1,0,False,2.1875,False,False,False,5.382593154907226,1855.9593,2,0.0003195925710191,4.0079035858713385e-06,551,985,False,985.0,False,False,False,False,0.9771540094544425,0.012540273293458016,0.0122843523630507
ARLSVDPYEFDY,H1-69,K3-20,True,62,1,1,0.0003195925710191,4.0079035858713385e-06,3.92611059853556e-06,False,False,False,False,True,False,False,False,False,True,False,False,False,-2,-2,False,1.4,False,False,False,4.050025558471679,1474.569,1,0.0003195925710191,4.0079035858713385e-06,876,986,False,986.0,False,False,False,False,0.9771540094544425,0.012540273293458016,0.0122843523630507
AREEGFPAHYTDFDY,H1-69,K3-20,True,61,1,1,0.0003144378521317,4.0079035858713385e-06,3.92611059853556e-06,False,False,False,False,False,False,False,False,False,True,False,False,False,-3,-2,False,2.4600000000000004,False,False,False,4.308268356323242,1817.8633,1,0.0003144378521317,4.0079035858713385e-06,127,987,False,987.0,False,False,False,False,0.9771540094544425,0.01274584500641687,0.01248572878434288
ARGLGYTSSAGVYGFDI,H3-7_A,K3-20,True,61,1,1,0.0003144378521317,4.0079035858713385e-06,3.92611059853556e-06,False,False,False,False,False,False,False,False,False,False,False,False,False,0,0,False,1.5000000000000002,False,False,False,5.87944984436035,1733.8743,1,0.0003144378521317,4.0079035858713385e-06,348,988,False,988.0,False,False,False,False,0.9771540094544425,0.01274584500641687,0.01248572878434288
ARGPGYIGTHGYGFDI,H3-7_A,K3-15,True,61,1,1,0.0003144378521317,4.0079035858713385e-06,3.92611059853556e-06,False,False,False,False,False,False,False,False,False,False,False,False,False,0,1,False,1.5750000000000002,False,False,False,6.787184524536133,1680.8166,1,0.0003144378521317,4.0079035858713385e-06,437,989,False,989.0,False,False,False,False,0.9771540094544425,0.01274584500641687,0.01248572878434288
ARGSGYISPGSQYAFDI,H3-7_A,K1-39,True,61,1,1,0.0003144378521317,4.0079035858713385e-06,3.92611059853556e-06,False,False,False,False,False,False,False,False,False,False,False,False,False,0,0,False,2.0058823529411764,False,False,False,5.87944984436035,1788.9098,1,0.0003144378521317,4.0079035858713385e-06,652,990,False,990.0,False,False,False,False,0.9771540094544425,0.01274584500641687,0.01248572878434288
ARHQPSYVSGSWAFDI,H3-23_A,K3-20,True,61,1,1,0.0003144378521317,4.0079035858713385e-06,3.92611059853556e-06,False,False,False,False,False,False,False,False,False,False,False,False,False,0,1,False,1.3125,False,False,False,6.788309097290039,1820.9566,1,0.0003144378521317,4.0079035858713385e-06,805,991,False,991.0,False,False,False,False,0.9771540094544425,0.01274584500641687,0.01248572878434288
ARAWRFGTFDY,H3-23_A,K3-20,True,60,1,1,0.0003092831332443,4.0079035858713385e-06,3.92611059853556e-06,False,False,False,False,False,False,False,False,False,False,False,False,False,1,1,False,0.2909090909090911,False,False,False,8.79022674560547,1389.5158,2,0.0003092831332443,4.0079035858713385e-06,58,992,False,992.0,False,False,False,False,0.9771540094544425,0.012958268888257643,0.012693817535982801
ARETFGYVPQLVYSFDY,H3-7_A,K3-20,True,60,1,1,0.0003092831332443,4.0079035858713385e-06,3.92611059853556e-06,False,False,False,False,False,False,False,False,False,False,False,False,False,-1,-1,False,0.523529411764706,False,False,False,4.370375442504883,2055.244,1,0.0003092831332443,4.0079035858713385e-06,155,993,False,993.0,False,False,False,False,0.9771540094544425,0.012958268888257643,0.012693817535982801
ARGKGYIGSGSVAFDI,H3-7_A,K3-15,True,60,1,1,0.0003092831332443,4.0079035858713385e-06,3.92611059853556e-06,False,False,False,False,False,False,False,False,False,False,False,False,False,1,1,False,1.81875,False,False,False,8.63377227783203,1597.7695,1,0.0003092831332443,4.0079035858713385e-06,308,994,False,994.0,False,False,False,False,0.9771540094544425,0.012958268888257643,0.012693817535982801
ARGLGNILDENQWYFDI,H3-7_A,K3-20,True,60,1,1,0.0003092831332443,4.0079035858713385e-06,3.92611059853556e-06,False,False,False,True,False,False,False,False,False,True,False,False,False,-2,-2,False,0.5882352941176473,False,False,False,4.050025558471679,2024.192,1,0.0003092831332443,4.0079035858713385e-06,330,995,False,995.0,False,False,False,False,0.9771540094544425,0.012958268888257643,0.012693817535982801
ARGPGNIRGDELGFDY,H3-7_A,K1-39,True,60,1,1,0.0003092831332443,4.0079035858713385e-06,3.92611059853556e-06,False,False,False,False,False,False,False,False,False,True,False,False,False,-1,-1,False,2.6187500000000004,False,False,False,4.558281326293945,1736.8386,2,0.0003092831332443,4.0079035858713385e-06,375,996,False,996.0,False,False,False,False,0.9771540094544425,0.012958268888257643,0.012693817535982801
ARGRGSVSAGTYAFDY,H3-7_A,K3-20,True,60,1,1,0.0003092831332443,4.0079035858713385e-06,3.92611059853556e-06,False,False,False,False,False,False,False,False,False,False,False,False,False,1,1,False,2.7062500000000003,False,False,False,8.632579040527343,1677.7714,2,0.0003092831332443,4.0079035858713385e-06,581,997,False,997.0,False,False,False,False,0.9771540094544425,0.012958268888257643,0.012693817535982801
ARGTGYVTNYGTYGFDY,H3-7_A,K1-39,True,60,1,1,0.0003092831332443,4.0079035858713385e-06,3.92611059853556e-06,False,False,False,False,False,False,False,False,False,False,False,False,False,0,0,False,2.423529411764706,False,False,False,5.877711868286132,1904.9834,1,0.0003092831332443,4.0079035858713385e-06,730,998,False,998.0,False,False,False,False,0.9771540094544425,0.012958268888257643,0.012693817535982801
ARSPGPWTDFDY,H5-51,K3-20,True,60,1,1,0.0003092831332443,4.0079035858713385e-06,3.92611059853556e-06,False,False,False,False,False,False,False,False,False,True,False,False,False,-1,-1,False,2.2333333333333334,False,False,False,4.207874679565429,1411.4734999999998,1,0.0003092831332443,4.0079035858713385e-06,923,999,False,999.0,False,False,False,False,0.9771540094544425,0.012958268888257643,0.012693817535982801
ARGIAGVALQSYRFDP,H3-23_A,K3-15,True,59,1,1,0.0003041284143569,4.0079035858713385e-06,3.92611059853556e-06,False,False,False,False,True,False,False,False,False,False,False,False,False,1,1,False,1.1687500000000002,False,False,False,8.79022674560547,1720.9253,2,0.0003041284143569,4.0079035858713385e-06,275,1000,False,1000.0,False,False,False,False,0.9771540094544425,0.013177893342891399,0.012908959911681372
ARGQGFVSEHGYAFDI,H3-7_A,K3-15,True,59,1,1,0.0003041284143569,4.0079035858713385e-06,3.92611059853556e-06,False,False,False,False,False,False,False,False,False,False,False,False,False,-1,0,False,1.61875,False,False,False,5.322224044799805,1753.8673,1,0.0003041284143569,4.0079035858713385e-06,480,1001,False,1001.0,False,False,False,False,0.9771540094544425,0.013177893342891399,0.012908959911681372
ARGTGYTSPGSVWYFDI,H3-7_A,K3-15,True,59,1,1,0.0003041284143569,4.0079035858713385e-06,3.92611059853556e-06,False,False,False,True,False,False,False,False,False,False,False,False,False,0,0,False,1.4235294117647062,False,False,False,5.87944984436035,1877.0165,1,0.0003041284143569,4.0079035858713385e-06,724,1003,False,1003.0,False,False,False,False,0.9771540094544425,0.013177893342891399,0.012908959911681372
ARLLSTDISDFDY,H5-51,K3-15,True,59,1,1,0.0003041284143569,4.0079035858713385e-06,3.92611059853556e-06,False,False,False,False,False,False,False,False,False,True,False,False,False,-2,-2,False,1.307692307692308,False,False,False,4.050025558471679,1515.6193999999998,1,0.0003041284143569,4.0079035858713385e-06,851,1004,False,1004.0,False,False,False,False,0.9771540094544425,0.013177893342891399,0.012908959911681372
ARLTAPNVAEFDY,H5-51,K4-1,True,59,1,1,0.0003041284143569,4.0079035858713385e-06,3.92611059853556e-06,False,False,False,False,False,False,False,False,False,True,False,False,False,-1,-1,False,1.4307692307692308,False,False,False,4.370375442504883,1466.5934,1,0.0003041284143569,4.0079035858713385e-06,877,1005,False,1005.0,False,False,False,False,0.9771540094544425,0.013177893342891399,0.012908959911681372
ARPDVNFAVSTFDY,H1-69,K1-39,True,59,1,1,0.0003041284143569,4.0079035858713385e-06,3.92611059853556e-06,False,False,False,False,False,False,False,False,False,False,False,False,False,-1,-1,False,1.5357142857142858,False,False,False,4.207874679565429,1601.7134,1,0.0003041284143569,4.0079035858713385e-06,898,1006,False,1006.0,False,False,False,False,0.9771540094544425,0.013177893342891399,0.012908959911681372
ARGKGTVSAYQYAFDY,H3-7_A,K3-15,True,58,1,1,0.0002989736954695,4.0079035858713385e-06,3.92611059853556e-06,False,False,False,False,False,False,False,False,False,False,False,False,False,1,1,False,2.29375,False,False,False,8.47317657470703,1796.9317999999998,1,0.0002989736954695,4.0079035858713385e-06,303,1007,False,1007.0,False,False,False,False,0.9771540094544425,0.013405090801281484,0.013131520741859557
ARGLGYTGSGSYAFDY,H3-7_A,K3-20,True,58,1,1,0.0002989736954695,4.0079035858713385e-06,3.92611059853556e-06,False,False,False,False,False,False,False,False,False,False,False,False,False,0,0,False,2.2062500000000003,False,False,False,5.87858085632324,1684.7589,1,0.0002989736954695,4.0079035858713385e-06,234,1008,False,1008.0,False,False,False,False,0.9771540094544425,0.013405090801281484,0.013131520741859557
ARGNLLTGVEFDY,H4-34,K3-20,True,58,1,1,0.0002989736954695,4.0079035858713385e-06,3.92611059853556e-06,False,False,False,False,False,False,False,False,False,True,False,False,False,-1,-1,False,1.1153846153846156,False,False,False,4.370375442504883,1454.5826,1,0.0002989736954695,4.0079035858713385e-06,368,1009,False,1009.0,False,False,False,False,0.9771540094544425,0.013405090801281484,0.013131520741859557
ARGQDAESPGVFDY,H1-69,K4-1,True,58,1,1,0.0002989736954695,4.0079035858713385e-06,3.92611059853556e-06,False,False,False,False,False,False,False,False,False,True,False,False,False,-2,-2,False,3.3857142857142857,False,False,False,4.050025558471679,1511.5478999999998,1,0.0002989736954695,4.0079035858713385e-06,511,1010,False,1010.0,False,False,False,False,0.9771540094544425,0.013405090801281484,0.013131520741859557
ARGQGYTYDAGVYAFDI,H3-7_A,K3-20,True,58,1,1,0.0002989736954695,4.0079035858713385e-06,3.92611059853556e-06,False,False,False,False,False,False,False,False,False,False,False,False,False,-1,-1,False,1.894117647058824,False,False,False,4.207874679565429,1866.9785,1,0.0002989736954695,4.0079035858713385e-06,523,1011,False,1011.0,False,False,False,False,0.9771540094544425,0.013405090801281484,0.013131520741859557
ARGTGYVSVIGAYGFDI,H3-7_A,K3-15,True,58,1,1,0.0002989736954695,4.0079035858713385e-06,3.92611059853556e-06,False,False,False,False,False,False,False,False,False,False,False,False,False,0,0,False,0.9705882352941176,False,False,False,5.87944984436035,1745.928,1,0.0002989736954695,4.0079035858713385e-06,739,1012,False,1012.0,False,False,False,False,0.9771540094544425,0.013405090801281484,0.013131520741859557
ARAGPGYPVDEYFDP,H3-7_A,K3-15,True,57,1,1,0.0002938189765821,4.0079035858713385e-06,3.92611059853556e-06,False,False,False,False,True,False,False,False,False,True,False,False,False,-2,-2,False,2.48,False,False,False,4.050025558471679,1653.745,1,0.0002938189765821,4.0079035858713385e-06,15,1013,False,1013.0,False,False,False,False,0.9771540094544425,0.013640259829007958,0.013361890458201794
AREIDREAPAFDY,H4-34,K4-1,True,57,1,1,0.0002938189765821,4.0079035858713385e-06,3.92611059853556e-06,False,False,False,False,False,False,False,False,False,True,False,False,False,-2,-2,False,2.5615384615384618,False,False,False,4.316753768920899,1552.6429999999998,2,0.0002938189765821,4.0079035858713385e-06,136,1014,False,1014.0,False,False,False,False,0.9771540094544425,0.013640259829007958,0.013361890458201794
ARGPGAIRGDELGFDY,H3-7_A,K3-20,True,57,1,1,0.0002938189765821,4.0079035858713385e-06,3.92611059853556e-06,False,False,False,False,False,False,False,False,False,True,False,False,False,-1,-1,False,2.3125,False,False,False,4.558281326293945,1693.8139,2,0.0002938189765821,4.0079035858713385e-06,375,1015,False,1015.0,False,False,False,False,0.9771540094544425,0.013640259829007958,0.013361890458201794
ARGPGITSSGSYGFDY,H3-7_A,K3-20,True,57,1,1,0.0002938189765821,4.0079035858713385e-06,3.92611059853556e-06,False,False,False,False,False,False,False,False,False,False,False,False,False,0,0,False,2.8062500000000004,False,False,False,5.87944984436035,1634.7003,1,0.0002938189765821,4.0079035858713385e-06,384,1016,False,1016.0,False,False,False,False,0.9771540094544425,0.013640259829007958,0.013361890458201794
ARGPSHLQYFDFDY,H1-69,K3-20,True,57,1,1,0.0002938189765821,4.0079035858713385e-06,3.92611059853556e-06,False,False,False,False,False,False,False,False,False,True,False,False,False,-1,0,False,1.235714285714286,False,False,False,5.212373733520507,1715.8176,1,0.0002938189765821,4.0079035858713385e-06,504,1017,False,1017.0,False,False,False,False,0.9771540094544425,0.013640259829007958,0.013361890458201794
ARGQGYPGSGYEWYFDY,H3-7_A,K3-15,True,57,1,1,0.0002938189765821,4.0079035858713385e-06,3.92611059853556e-06,False,False,False,True,False,False,False,False,False,False,False,False,False,-1,-1,False,2.041176470588236,False,False,False,4.370324325561524,2016.0837,1,0.0002938189765821,4.0079035858713385e-06,522,1018,False,1018.0,False,False,False,False,0.9771540094544425,0.013640259829007958,0.013361890458201794
ARGYGSWDEFDY,H5-51,UNK,True,57,1,1,0.0002938189765821,4.0079035858713385e-06,3.92611059853556e-06,False,False,False,False,False,False,False,False,False,True,False,False,False,-2,-2,False,2.4166666666666665,False,False,False,4.050025558471679,1465.4777,1,0.0002938189765821,4.0079035858713385e-06,770,1019,False,1019.0,False,False,False,False,0.9771540094544425,0.013640259829007958,0.013361890458201794
ARGYGTYGDFDY,H4-34,K3-15,True,57,1,1,0.0002938189765821,4.0079035858713385e-06,3.92611059853556e-06,False,False,False,False,False,False,False,False,False,True,False,False,False,-1,-1,False,2.8083333333333336,False,False,False,4.207874679565429,1384.4049,1,0.0002938189765821,4.0079035858713385e-06,775,1020,False,1020.0,False,False,False,False,0.9771540094544425,0.013640259829007958,0.013361890458201794
ARAGRPWIASIFDY,H1-69,K1-39,True,56,1,1,0.0002886642576947,4.0079035858713385e-06,3.92611059853556e-06,False,False,False,False,False,False,False,False,False,False,False,False,False,1,1,False,0.1357142857142858,False,False,False,8.79022674560547,1622.8237,2,0.0002886642576947,4.0079035858713385e-06,18,1021,False,1021.0,False,False,False,False,0.9771540094544425,0.013883827459634698,0.013600487379403914
ARDLTYGYGSNADAFDY,H1-69,K3-20,True,56,1,1,0.0002886642576947,4.0079035858713385e-06,3.92611059853556e-06,False,False,False,False,False,False,False,False,False,False,False,False,False,-2,-2,False,2.735294117647059,False,False,False,4.050025558471679,1898.9343,1,0.0002886642576947,4.0079035858713385e-06,103,1022,False,1022.0,True,True,True,False,0.9771540094544425,0.013883827459634698,0.013600487379403914
ARGPGYISGAGQYSFDY,H3-7_A,K3-20,True,56,1,1,0.0002886642576947,4.0079035858713385e-06,3.92611059853556e-06,False,False,False,False,False,False,False,False,False,False,False,False,False,0,0,False,2.3176470588235296,False,False,False,5.87858085632324,1808.8994,1,0.0002886642576947,4.0079035858713385e-06,441,1024,False,1024.0,False,False,False,False,0.9771540094544425,0.013883827459634698,0.013600487379403914
ARGSGEIRSGSSYGFDI,H3-7_A,K3-20,True,56,1,1,0.0002886642576947,4.0079035858713385e-06,3.92611059853556e-06,False,False,False,False,False,False,False,False,False,False,False,False,False,0,0,False,2.9411764705882355,False,False,False,6.114178848266601,1758.8426,2,0.0002886642576947,4.0079035858713385e-06,640,1025,False,1025.0,False,False,False,False,0.9771540094544425,0.013883827459634698,0.013600487379403914
ARVLRGYNPLSGDFDY,H1-69,K3-20,True,56,1,1,0.0002886642576947,4.0079035858713385e-06,3.92611059853556e-06,False,False,False,False,False,False,False,False,False,True,False,False,False,0,0,False,1.4,False,False,False,6.004021835327148,1843.0035000000005,2,0.0002886642576947,4.0079035858713385e-06,958,1026,False,1026.0,False,False,False,False,0.9771540094544425,0.013883827459634698,0.013600487379403914
ARGEGYLGYGNQWYFDI,H3-7_A,K3-20,True,55,1,1,0.0002835095388073,4.0079035858713385e-06,3.92611059853556e-06,False,False,False,True,False,False,False,False,False,False,False,False,False,-1,-1,False,1.047058823529412,False,False,False,4.370375442504883,2009.1358,1,0.0002835095388073,4.0079035858713385e-06,231,1027,False,1027.0,False,False,False,False,0.9771540094544425,0.014136251782616628,0.013847760246266569
ARGHGYIWPSSYGFDI,H3-7_A,K4-1,True,55,1,1,0.0002835095388073,4.0079035858713385e-06,3.92611059853556e-06,False,False,False,False,False,False,False,False,False,False,False,False,False,0,1,False,0.7250000000000001,False,False,False,6.787184524536133,1825.9746,1,0.0002835095388073,4.0079035858713385e-06,270,1028,False,1028.0,False,False,False,False,0.9771540094544425,0.014136251782616628,0.013847760246266569
ARGPGVIGDYSYAFDY,H3-7_A,K3-20,True,55,1,1,0.0002835095388073,4.0079035858713385e-06,3.92611059853556e-06,False,False,False,False,False,False,False,False,False,False,False,False,False,-1,-1,False,1.71875,False,False,False,4.207874679565429,1750.86,1,0.0002835095388073,4.0079035858713385e-06,306,1029,False,1029.0,False,False,False,False,0.9771540094544425,0.014136251782616628,0.013847760246266569
ARGPIGYDWTHFDY,H5-51,K3-15,True,55,1,1,0.0002835095388073,4.0079035858713385e-06,3.92611059853556e-06,False,False,False,False,False,False,False,False,False,False,False,False,False,-1,0,False,1.15,False,False,False,5.212373733520507,1697.8023999999998,1,0.0002835095388073,4.0079035858713385e-06,495,1030,False,1030.0,False,False,False,False,0.9771540094544425,0.014136251782616628,0.013847760246266569
ARGSGYTSGSSYGFDY,H3-7_A,K3-15,True,55,1,1,0.0002835095388073,4.0079035858713385e-06,3.92611059853556e-06,False,False,False,False,False,False,False,False,False,False,False,False,False,0,0,False,3.4625000000000004,False,False,False,5.87858085632324,1674.678,1,0.0002835095388073,4.0079035858713385e-06,656,1031,False,1031.0,False,False,False,False,0.9771540094544425,0.014136251782616628,0.013847760246266569
ARGTGLISGTNQWYFDI,H3-7_A,K4-1,True,55,1,1,0.0002835095388073,4.0079035858713385e-06,3.92611059853556e-06,False,False,False,True,False,False,False,False,False,False,False,False,False,0,0,False,1.0000000000000002,False,False,False,5.880318832397459,1899.0668,1,0.0002835095388073,4.0079035858713385e-06,688,1032,False,1032.0,False,False,False,False,0.9771540094544425,0.014136251782616628,0.013847760246266569
ARLPRWGAYGDFDY,H4-34,K4-1,True,55,1,1,0.0002835095388073,4.0079035858713385e-06,3.92611059853556e-06,False,False,False,False,False,False,False,False,False,True,False,False,False,0,0,False,0.992857142857143,False,False,False,6.004021835327148,1686.8228,2,0.0002835095388073,4.0079035858713385e-06,863,1033,False,1033.0,False,False,False,False,0.9771540094544425,0.014136251782616628,0.013847760246266569
ARDFVIGDFAFDY,H1-69,K1-39,True,54,1,1,0.0002783548199198,4.0079035858713385e-06,3.92611059853556e-06,False,False,False,False,False,False,False,False,False,False,False,False,False,-2,-2,False,0.2230769230769232,False,False,False,4.050025558471679,1535.6535,1,0.0002783548199198,4.0079035858713385e-06,78,1034,False,1034.0,False,False,False,False,0.9771540094544425,0.014398024818747069,0.014104191038460667
ARDIPSKPYFDFDY,H1-69,K3-20,True,54,1,1,0.0002783548199198,4.0079035858713385e-06,3.92611059853556e-06,False,False,False,False,False,False,False,False,False,True,False,False,False,-1,-1,False,1.6071428571428574,False,False,False,4.429057693481445,1733.8727,1,0.0002783548199198,4.0079035858713385e-06,84,1035,False,1035.0,False,False,False,False,0.9771540094544425,0.014398024818747069,0.014104191038460667
ARGAIPGDVLWVFDY,H3-7_A,K3-15,True,54,1,1,0.0002783548199198,4.0079035858713385e-06,3.92611059853556e-06,False,False,False,False,False,False,False,False,False,False,False,False,False,-1,-1,False,-0.2533333333333332,False,False,False,4.207874679565429,1678.8835,1,0.0002783548199198,4.0079035858713385e-06,205,1036,False,1036.0,False,False,False,False,0.9771540094544425,0.014398024818747069,0.014104191038460667
ARGKGWVSAGSYDFDI,H3-7_A,K4-1,True,54,1,1,0.0002783548199198,4.0079035858713385e-06,3.92611059853556e-06,False,False,False,False,False,False,False,False,False,True,False,False,False,0,0,False,1.9625,False,False,False,6.004021835327148,1728.8579,1,0.0002783548199198,4.0079035858713385e-06,293,1037,False,1037.0,False,False,False,False,0.9771540094544425,0.014398024818747069,0.014104191038460667
ARGRGTIDNPGVYGFDI,H3-7_A,K1-39,True,54,1,1,0.0002783548199198,4.0079035858713385e-06,3.92611059853556e-06,False,False,False,False,False,False,False,False,False,False,False,False,False,0,0,False,2.164705882352941,False,False,False,6.004890823364257,1807.9595,2,0.0002783548199198,4.0079035858713385e-06,584,1038,False,1038.0,False,False,False,False,0.9771540094544425,0.014398024818747069,0.014104191038460667
ARGRGYVETGEYAFDY,H3-7_A,K1-39,True,54,1,1,0.0002783548199198,4.0079035858713385e-06,3.92611059853556e-06,False,False,False,False,False,False,False,False,False,False,False,False,False,-1,-1,False,2.61875,False,False,False,4.6793262481689455,1853.9401000000005,2,0.0002783548199198,4.0079035858713385e-06,593,1039,False,1039.0,False,False,False,False,0.9771540094544425,0.014398024818747069,0.014104191038460667
ARGSGTIFDRVYGFDI,H3-7_A,K3-15,True,54,1,1,0.0002783548199198,4.0079035858713385e-06,3.92611059853556e-06,False,False,False,False,False,False,False,False,False,False,False,False,False,0,0,False,1.2062500000000005,False,False,False,6.004890823364257,1773.9415,2,0.0002783548199198,4.0079035858713385e-06,646,1040,False,1040.0,False,False,False,False,0.9771540094544425,0.014398024818747069,0.014104191038460667
ARLPRGSGYGDFDY,H4-34,K4-1,True,54,1,1,0.0002783548199198,4.0079035858713385e-06,3.92611059853556e-06,False,False,False,False,False,False,False,False,False,True,False,False,False,0,0,False,2.4285714285714284,False,False,False,6.004021835327148,1573.6636,2,0.0002783548199198,4.0079035858713385e-06,861,1041,False,1041.0,False,False,False,False,0.9771540094544425,0.014398024818747069,0.014104191038460667
ARLYQPDVTGFDY,H5-51,UNK,True,54,1,1,0.0002783548199198,4.0079035858713385e-06,3.92611059853556e-06,False,False,False,False,False,False,False,False,False,False,False,False,False,-1,-1,False,1.4923076923076926,False,False,False,4.207874679565429,1544.6621,1,0.0002783548199198,4.0079035858713385e-06,894,1042,False,1042.0,False,False,False,False,0.9771540094544425,0.014398024818747069,0.014104191038460667
ARPEEEGDRSWYFDI,H3-7_A,K1-39,True,54,1,1,0.0002783548199198,4.0079035858713385e-06,3.92611059853556e-06,False,False,False,True,False,False,False,False,False,True,False,False,False,-3,-3,False,2.606666666666667,False,False,False,4.17761344909668,1869.9397,2,0.0002783548199198,4.0079035858713385e-06,899,1043,False,1043.0,False,False,False,False,0.9771540094544425,0.014398024818747069,0.014104191038460667
AREPKYTFTWGADAFDI,H3-23_A,K3-20,True,53,1,1,0.0002732001010324,4.0079035858713385e-06,3.92611059853556e-06,False,False,False,False,False,False,False,False,False,False,False,False,False,-1,-1,False,1.4058823529411766,False,False,False,4.558281326293945,1988.1584000000005,1,0.0002732001010324,4.0079035858713385e-06,144,1044,False,1044.0,False,False,False,False,0.9771540094544425,0.01466967572108925,0.014370298110134527
ARGHPGLYWGEFDY,H1-69,UNK,True,53,1,1,0.0002732001010324,4.0079035858713385e-06,3.92611059853556e-06,False,False,False,False,False,False,False,False,False,True,False,False,False,-1,0,False,0.9428571428571432,False,False,False,5.322224044799805,1667.7764,1,0.0002732001010324,4.0079035858713385e-06,274,1045,False,1045.0,False,False,False,False,0.9771540094544425,0.01466967572108925,0.014370298110134527
ARGKGLVASGSYGFDI,H3-7_A,K1-39,True,53,1,1,0.0002732001010324,4.0079035858713385e-06,3.92611059853556e-06,False,False,False,False,False,False,False,False,False,False,False,False,False,1,1,False,1.74375,False,False,False,8.63377227783203,1597.7695,1,0.0002732001010324,4.0079035858713385e-06,223,1046,False,1046.0,False,False,False,False,0.9771540094544425,0.01466967572108925,0.014370298110134527
ARGPGYSNDRGYQFDI,H3-7_A,K3-20,True,53,1,1,0.0002732001010324,4.0079035858713385e-06,3.92611059853556e-06,False,False,False,False,False,False,False,False,False,False,False,False,False,0,0,False,3.0125,False,False,False,6.004021835327148,1815.8954,2,0.0002732001010324,4.0079035858713385e-06,450,1047,False,1047.0,False,False,False,False,0.9771540094544425,0.01466967572108925,0.014370298110134527
ARGQGYISVRGSYAFDI,H3-7_A,K3-20,True,53,1,1,0.0002732001010324,4.0079035858713385e-06,3.92611059853556e-06,False,False,False,False,False,False,False,False,False,False,False,False,False,1,1,False,1.5294117647058822,False,False,False,8.632579040527343,1860.034,2,0.0002732001010324,4.0079035858713385e-06,520,1048,False,1048.0,False,False,False,False,0.9771540094544425,0.01466967572108925,0.014370298110134527
ARGRGEWAVSTFDY,H1-69,K1-39,True,53,1,1,0.0002732001010324,4.0079035858713385e-06,3.92611059853556e-06,False,False,False,False,False,False,False,False,False,False,False,False,False,0,0,False,2.0500000000000003,False,False,False,6.114178848266601,1614.7155999999998,2,0.0002732001010324,4.0079035858713385e-06,556,1049,False,1049.0,False,False,False,False,0.9771540094544425,0.01466967572108925,0.014370298110134527
ARGTGKLDFDY,H5-51,K3-15,True,53,1,1,0.0002732001010324,4.0079035858713385e-06,3.92611059853556e-06,False,False,False,False,False,False,False,False,False,True,False,False,False,0,0,False,2.572727272727273,False,False,False,6.004021835327148,1242.3371,1,0.0002732001010324,4.0079035858713385e-06,684,1050,False,1050.0,False,False,False,False,0.9771540094544425,0.01466967572108925,0.014370298110134527
ARGTGYVSGTGEYEFDI,H3-7_A,K4-1,True,53,1,1,0.0002732001010324,4.0079035858713385e-06,3.92611059853556e-06,False,False,False,False,False,False,False,False,False,True,False,False,False,-2,-2,False,2.7588235294117647,False,False,False,4.137435531616211,1821.8934,1,0.0002732001010324,4.0079035858713385e-06,738,1051,False,1051.0,False,False,False,False,0.9771540094544425,0.01466967572108925,0.014370298110134527
ARVWLTADLEYGFDI,H4-34,K3-20,True,53,1,1,0.0002732001010324,4.0079035858713385e-06,3.92611059853556e-06,False,False,False,False,False,False,False,False,False,True,False,False,False,-2,-2,False,-0.2733333333333332,False,False,False,4.050025558471679,1768.9615,1,0.0002732001010324,4.0079035858713385e-06,982,1052,False,1052.0,False,False,False,False,0.9771540094544425,0.01466967572108925,0.014370298110134527
ARGPGYTSGEGTYGFDY,H3-7_A,K3-15,True,52,1,1,0.000268045382145,4.0079035858713385e-06,3.92611059853556e-06,False,False,False,False,False,False,False,False,False,False,False,False,False,-1,-1,False,3.335294117647059,False,False,False,4.370375442504883,1797.8305,1,0.000268045382145,4.0079035858713385e-06,459,1053,False,1053.0,False,False,False,False,0.9771540094544425,0.0149517743452856,0.014646639687360567
ARGRGYTEDWSYGFDI,H3-7_A,K1-39,True,52,1,1,0.000268045382145,4.0079035858713385e-06,3.92611059853556e-06,False,False,False,False,False,False,False,False,False,True,False,False,False,-1,-1,False,2.25625,False,False,False,4.558281326293945,1892.9762,2,0.000268045382145,4.0079035858713385e-06,609,1056,False,1056.0,False,False,False,False,0.9771540094544425,0.0149517743452856,0.014646639687360567
ARGYGVYGDFDY,H4-34,K4-1,True,52,1,1,0.000268045382145,4.0079035858713385e-06,3.92611059853556e-06,False,False,False,False,False,False,False,False,False,True,False,False,False,-1,-1,False,2.066666666666667,False,False,False,4.207874679565429,1382.432,1,0.000268045382145,4.0079035858713385e-06,775,1057,False,1057.0,False,False,False,False,0.9771540094544425,0.0149517743452856,0.014646639687360567
ARVDRWTISDYFDY,H1-69,K3-15,True,52,1,1,0.000268045382145,4.0079035858713385e-06,3.92611059853556e-06,False,False,False,False,False,False,False,False,False,False,False,False,False,-1,-1,False,1.25,False,False,False,4.429057693481445,1806.9267,2,0.000268045382145,4.0079035858713385e-06,953,1058,False,1058.0,False,False,False,False,0.9771540094544425,0.0149517743452856,0.014646639687360567
ARVHEWTVQDIFDY,H1-69,K3-15,True,52,1,1,0.000268045382145,4.0079035858713385e-06,3.92611059853556e-06,False,False,False,False,False,False,False,False,False,False,False,False,False,-2,-1,False,0.7785714285714286,False,False,False,4.536607742309571,1778.9165999999998,1,0.000268045382145,4.0079035858713385e-06,954,1059,False,1059.0,False,False,False,False,0.9771540094544425,0.0149517743452856,0.014646639687360567
ARAIGPFGPTGHFDY,H1-69,K1-39,True,51,1,1,0.0002628906632576,4.0079035858713385e-06,3.92611059853556e-06,False,False,False,False,False,False,False,False,False,False,False,False,False,0,1,False,1.2466666666666668,False,False,False,6.788309097290039,1605.7500999999995,1,0.0002628906632576,4.0079035858713385e-06,28,1061,False,1061.0,False,False,False,False,0.9771540094544425,0.01524493523983332,0.014933817776977646
ARFSGLTGYGTFDY,H4-34,K4-1,True,51,1,1,0.0002628906632576,4.0079035858713385e-06,3.92611059853556e-06,False,False,False,False,False,False,False,False,False,False,False,False,False,0,0,False,1.35,False,False,False,5.87944984436035,1554.6569,1,0.0002628906632576,4.0079035858713385e-06,174,1063,False,1063.0,False,False,False,False,0.9771540094544425,0.01524493523983332,0.014933817776977646
ARGAGYVSPQDYGFDY,H3-7_A,K3-15,True,51,1,1,0.0002628906632576,4.0079035858713385e-06,3.92611059853556e-06,False,False,False,False,False,False,False,False,False,False,False,False,False,-1,-1,False,2.59375,False,False,False,4.207874679565429,1765.8316,1,0.0002628906632576,4.0079035858713385e-06,202,1064,False,1064.0,False,False,False,False,0.9771540094544425,0.01524493523983332,0.014933817776977646
ARGFEPEGLLGFDY,H3-7_A,K1-39,True,51,1,1,0.0002628906632576,4.0079035858713385e-06,3.92611059853556e-06,False,False,False,False,False,False,False,False,False,True,False,False,False,-2,-2,False,0.885714285714286,False,False,False,4.137435531616211,1570.6994,1,0.0002628906632576,4.0079035858713385e-06,245,1065,False,1065.0,False,False,False,False,0.9771540094544425,0.01524493523983332,0.014933817776977646
ARGPGVYVTATFDY,H1-69,K1-39,True,51,1,1,0.0002628906632576,4.0079035858713385e-06,3.92611059853556e-06,False,False,False,False,False,False,False,False,False,False,False,False,False,0,0,False,1.5642857142857145,False,False,False,5.87944984436035,1516.6519999999998,1,0.0002628906632576,4.0079035858713385e-06,418,1066,False,1066.0,False,False,False,False,0.9771540094544425,0.01524493523983332,0.014933817776977646
ARGPGYIGIGSVAFDI,H3-7_A,K4-1,True,51,1,1,0.0002628906632576,4.0079035858713385e-06,3.92611059853556e-06,False,False,False,False,False,False,False,False,False,False,False,False,False,0,0,False,0.6875000000000001,False,False,False,5.880318832397459,1592.7927,1,0.0002628906632576,4.0079035858713385e-06,308,1067,False,1067.0,False,False,False,False,0.9771540094544425,0.01524493523983332,0.014933817776977646
ARGPGYILGAAYAFDY,H3-7_A,K3-15,True,51,1,1,0.0002628906632576,4.0079035858713385e-06,3.92611059853556e-06,False,False,False,False,False,False,False,False,False,False,False,False,False,0,0,False,0.6062500000000002,False,False,False,5.87858085632324,1704.8777,1,0.0002628906632576,4.0079035858713385e-06,432,1068,False,1068.0,False,False,False,False,0.9771540094544425,0.01524493523983332,0.014933817776977646
ARGQGYVWSGEYAFDY,H3-7_A,K1-39,True,51,1,1,0.0002628906632576,4.0079035858713385e-06,3.92611059853556e-06,False,False,False,False,False,False,False,False,False,False,False,False,False,-1,-1,False,1.7000000000000002,False,False,False,4.370375442504883,1868.9529,1,0.0002628906632576,4.0079035858713385e-06,534,1069,False,1069.0,False,False,False,False,0.9771540094544425,0.01524493523983332,0.014933817776977646
ARGRGTITAPNQWYFDI,H3-7_A,K3-20,True,51,1,1,0.0002628906632576,4.0079035858713385e-06,3.92611059853556e-06,False,False,False,True,False,False,False,False,False,False,False,False,False,1,1,False,1.3176470588235296,False,False,False,8.79022674560547,1966.1594,2,0.0002628906632576,4.0079035858713385e-06,585,1070,False,1070.0,False,False,False,False,0.9771540094544425,0.01524493523983332,0.014933817776977646
ARGSGYIFDPGEYGFDY,H3-7_A,K3-15,True,51,1,1,0.0002628906632576,4.0079035858713385e-06,3.92611059853556e-06,False,False,False,False,True,False,False,False,False,False,False,False,False,-2,-2,False,1.9647058823529413,False,False,False,4.050025558471679,1913.9902,1,0.0002628906632576,4.0079035858713385e-06,430,1071,False,1071.0,False,False,False,False,0.9771540094544425,0.01524493523983332,0.014933817776977646
ARGTGVTGASNQWYFDI,H3-7_A,K4-1,True,51,1,1,0.0002628906632576,4.0079035858713385e-06,3.92611059853556e-06,False,False,False,True,False,False,False,False,False,False,False,False,False,0,0,False,1.9176470588235293,False,False,False,5.880318832397459,1842.9605,1,0.0002628906632576,4.0079035858713385e-06,702,1072,False,1072.0,False,False,False,False,0.9771540094544425,0.01524493523983332,0.014933817776977646
ARGYGYATDASYHFDI,H3-7_A,K3-15,True,51,1,1,0.0002628906632576,4.0079035858713385e-06,3.92611059853556e-06,False,False,False,True,False,False,False,False,False,False,False,False,False,-1,0,False,2.0500000000000003,False,False,False,5.212322616577147,1806.8836,1,0.0002628906632576,4.0079035858713385e-06,780,1073,False,1073.0,False,False,False,False,0.9771540094544425,0.01524493523983332,0.014933817776977646
ARHLPDAVWGTFDY,H1-69,K3-20,True,51,1,1,0.0002628906632576,4.0079035858713385e-06,3.92611059853556e-06,False,False,False,False,False,False,False,False,False,False,False,False,False,-1,0,False,0.6785714285714287,False,False,False,5.212373733520507,1647.7868,1,0.0002628906632576,4.0079035858713385e-06,801,1074,False,1074.0,False,False,False,False,0.9771540094544425,0.01524493523983332,0.014933817776977646
ARGRGWTATGSYGFDI,H3-7_A,K3-20,True,50,1,1,0.0002577359443702,4.0079035858713385e-06,3.92611059853556e-06,False,False,False,False,False,False,False,False,False,False,False,False,False,1,1,False,2.075,False,False,False,8.79022674560547,1714.8347,2,0.0002577359443702,4.0079035858713385e-06,541,1075,False,1075.0,False,False,False,False,0.9771540094544425,0.015549822115201914,0.015232482544503184
ARGRGYVSAVDYAFDY,H3-7_A,K1-39,True,50,1,1,0.0002577359443702,4.0079035858713385e-06,3.92611059853556e-06,False,False,False,False,False,False,False,False,False,False,False,False,False,0,0,False,1.89375,False,False,False,6.003152847290039,1809.9305,2,0.0002577359443702,4.0079035858713385e-06,625,1076,False,1076.0,False,False,False,False,0.9771540094544425,0.015549822115201914,0.015232482544503184
ARGRYFQTPLFDY,H1-69,K1-39,True,50,1,1,0.0002577359443702,4.0079035858713385e-06,3.92611059853556e-06,False,False,False,False,False,False,False,False,False,False,False,False,False,1,1,False,0.6230769230769233,False,False,False,8.632579040527343,1633.8031999999998,2,0.0002577359443702,4.0079035858713385e-06,635,1077,False,1077.0,False,False,False,False,0.9771540094544425,0.015549822115201914,0.015232482544503184
ARLYEPQVSSFDY,H5-51,K4-1,True,50,1,1,0.0002577359443702,4.0079035858713385e-06,3.92611059853556e-06,False,False,False,False,False,False,False,False,False,False,False,False,False,-1,-1,False,1.484615384615385,False,False,False,4.370375442504883,1574.6880999999998,1,0.0002577359443702,4.0079035858713385e-06,892,1078,False,1078.0,False,False,False,False,0.9771540094544425,0.015549822115201914,0.015232482544503184
ARSSTWPYDYDAFDI,H1-69,K4-1,True,50,1,1,0.0002577359443702,4.0079035858713385e-06,3.92611059853556e-06,False,False,False,False,False,False,False,False,False,True,False,False,False,-2,-2,False,1.846666666666667,False,False,False,4.050025558471679,1806.8804,1,0.0002577359443702,4.0079035858713385e-06,936,1079,False,1079.0,False,False,False,False,0.9771540094544425,0.015549822115201914,0.015232482544503184
ARGDYIYDFDY,H1-69,K3-20,True,49,1,1,0.0002525812254828,4.0079035858713385e-06,3.92611059853556e-06,False,False,False,False,False,False,False,False,False,True,False,False,False,-2,-2,False,1.7363636363636366,False,False,False,4.050025558471679,1397.4434,1,0.0002525812254828,4.0079035858713385e-06,218,1080,False,1080.0,False,False,False,False,0.9771540094544425,0.015867152860162412,0.015543337228089524
ARGEGYVDEAGTYGFDY,H3-7_A,K3-20,True,49,1,1,0.0002525812254828,4.0079035858713385e-06,3.92611059853556e-06,False,False,False,False,False,False,False,False,False,True,False,False,False,-3,-3,False,3.1411764705882352,False,False,False,4.050025558471679,1869.8931,1,0.0002525812254828,4.0079035858713385e-06,237,1081,False,1081.0,False,False,False,False,0.9771540094544425,0.015867152860162412,0.015543337228089524
ARGFYEFRSSDFDY,H1-69,K1-39,True,49,1,1,0.0002525812254828,4.0079035858713385e-06,3.92611059853556e-06,False,False,False,False,False,False,False,False,False,True,False,False,False,-1,-1,False,1.8285714285714287,False,False,False,4.558281326293945,1759.8271,2,0.0002525812254828,4.0079035858713385e-06,254,1082,False,1082.0,False,False,False,False,0.9771540094544425,0.015867152860162412,0.015543337228089524
ARGLGVITSYSYGFDI,H3-7_A,K3-15,True,49,1,1,0.0002525812254828,4.0079035858713385e-06,3.92611059853556e-06,False,False,False,False,False,False,False,False,False,False,False,False,False,0,0,False,0.6062500000000002,False,False,False,5.87944984436035,1718.9027,1,0.0002525812254828,4.0079035858713385e-06,334,1083,False,1083.0,False,False,False,False,0.9771540094544425,0.015867152860162412,0.015543337228089524
ARGTGYIFDPGIYGFDY,H3-7_A,K1-39,True,49,1,1,0.0002525812254828,4.0079035858713385e-06,3.92611059853556e-06,False,False,False,False,True,False,False,False,False,False,False,False,False,-1,-1,False,0.958823529411765,False,False,False,4.207874679565429,1912.0604,1,0.0002525812254828,4.0079035858713385e-06,649,1086,False,1086.0,False,False,False,False,0.9771540094544425,0.015867152860162412,0.015543337228089524
ARHYGWLDAFDY,H1-69,K1-39,True,49,1,1,0.0002525812254828,4.0079035858713385e-06,3.92611059853556e-06,False,False,False,False,False,False,False,False,False,False,False,False,False,-1,0,False,0.3333333333333335,False,False,False,5.212373733520507,1513.6099,1,0.0002525812254828,4.0079035858713385e-06,812,1087,False,1087.0,False,False,False,False,0.9771540094544425,0.015867152860162412,0.015543337228089524
ARLLPAGSDFDY,H1-69,K3-20,True,49,1,1,0.0002525812254828,4.0079035858713385e-06,3.92611059853556e-06,False,False,False,False,False,False,False,False,False,True,False,False,False,-1,-1,False,1.1000000000000003,False,False,False,4.207874679565429,1324.4376,1,0.0002525812254828,4.0079035858713385e-06,847,1088,False,1088.0,False,False,False,False,0.9771540094544425,0.015867152860162412,0.015543337228089524
ARSQGYPPVESDAFDY,H1-69,K3-20,True,49,1,1,0.0002525812254828,4.0079035858713385e-06,3.92611059853556e-06,False,False,False,False,False,False,False,False,False,True,False,False,False,-2,-2,False,3.025,False,False,False,4.050025558471679,1801.8623,1,0.0002525812254828,4.0079035858713385e-06,930,1089,False,1089.0,False,False,False,False,0.9771540094544425,0.015867152860162412,0.015543337228089524
ARANDLGYSPWDFDP,H1-69,K4-1,True,48,1,1,0.0002474265065954,4.0079035858713385e-06,3.92611059853556e-06,False,False,False,False,True,False,False,False,False,True,False,False,False,-2,-2,False,2.1,False,False,False,4.050025558471679,1723.7950999999998,1,0.0002474265065954,4.0079035858713385e-06,32,1090,False,1090.0,False,False,False,False,0.9771540094544425,0.016197705185132322,0.015867143666699945
ARDAVLDWLFDY,H3-23_A,K3-20,True,48,1,1,0.0002474265065954,4.0079035858713385e-06,3.92611059853556e-06,False,False,False,False,False,False,False,False,False,False,False,False,False,-2,-2,False,-0.3999999999999997,False,False,False,4.050025558471679,1483.6220999999998,1,0.0002474265065954,4.0079035858713385e-06,71,1092,False,1092.0,False,False,False,False,0.9771540094544425,0.016197705185132322,0.015867143666699945
ARFRDVAGFDFDY,H5-51,UNK,True,48,1,1,0.0002474265065954,4.0079035858713385e-06,3.92611059853556e-06,False,False,False,False,False,False,False,False,False,True,False,False,False,-1,-1,False,1.161538461538462,False,False,False,4.429057693481445,1578.6816,2,0.0002474265065954,4.0079035858713385e-06,172,1093,False,1093.0,False,False,False,False,0.9771540094544425,0.016197705185132322,0.015867143666699945
ARGHGIIGYGSYGFDI,H3-7_A,K3-20,True,48,1,1,0.0002474265065954,4.0079035858713385e-06,3.92611059853556e-06,False,False,False,False,False,False,False,False,False,False,False,False,False,0,1,False,1.025,False,False,False,6.787184524536133,1682.8324,1,0.0002474265065954,4.0079035858713385e-06,257,1094,False,1094.0,False,False,False,False,0.9771540094544425,0.016197705185132322,0.015867143666699945
ARGIGTIASDAYGFDY,H3-7_A,K1-39,True,48,1,1,0.0002474265065954,4.0079035858713385e-06,3.92611059853556e-06,False,False,False,False,False,False,False,False,False,False,False,False,False,-1,-1,False,1.89375,False,False,False,4.207874679565429,1676.78,1,0.0002474265065954,4.0079035858713385e-06,282,1095,False,1095.0,False,False,False,False,0.9771540094544425,0.016197705185132322,0.015867143666699945
ARGPGQSRSPGAWGFDI,H3-7_A,K3-20,True,48,1,1,0.0002474265065954,4.0079035858713385e-06,3.92611059853556e-06,False,False,False,False,False,False,False,False,False,False,False,False,False,1,1,False,2.435294117647059,False,False,False,9.643601989746092,1758.8906,2,0.0002474265065954,4.0079035858713385e-06,391,1096,False,1096.0,False,False,False,False,0.9771540094544425,0.016197705185132322,0.015867143666699945
ARGPGTISPYGVYGFDI,H3-7_A,K1-39,True,48,1,1,0.0002474265065954,4.0079035858713385e-06,3.92611059853556e-06,False,False,False,False,False,False,False,False,False,False,False,False,False,0,0,False,1.311764705882353,False,False,False,5.87944984436035,1769.9495000000002,1,0.0002474265065954,4.0079035858713385e-06,407,1097,False,1097.0,False,False,False,False,0.9771540094544425,0.016197705185132322,0.015867143666699945
ARGPGYIDARNYAFDI,H3-7_A,K3-20,True,48,1,1,0.0002474265065954,4.0079035858713385e-06,3.92611059853556e-06,False,False,False,False,False,False,False,False,False,False,False,False,False,0,0,False,1.6375000000000002,False,False,False,6.004021835327148,1798.951,2,0.0002474265065954,4.0079035858713385e-06,425,1098,False,1098.0,False,False,False,False,0.9771540094544425,0.016197705185132322,0.015867143666699945
ARGPGYVESDEYGFDY,H3-7_A,K3-20,True,48,1,1,0.0002474265065954,4.0079035858713385e-06,3.92611059853556e-06,False,False,False,False,False,False,False,False,False,True,False,False,False,-3,-3,False,3.0625,False,False,False,4.050025558471679,1824.8525,1,0.0002474265065954,4.0079035858713385e-06,471,1099,False,1099.0,False,False,False,False,0.9771540094544425,0.016197705185132322,0.015867143666699945
ARGPYGRANEPGHGFDY,H5-51,K3-20,True,48,1,1,0.0002474265065954,4.0079035858713385e-06,3.92611059853556e-06,False,False,False,False,False,False,False,False,False,False,False,False,False,0,1,False,3.147058823529412,False,False,False,6.795363235473633,1863.9416,2,0.0002474265065954,4.0079035858713385e-06,509,1100,False,1100.0,False,False,False,False,0.9771540094544425,0.016197705185132322,0.015867143666699945
ARGSGEEYSSGFYNFDY,H3-7_A,K3-20,True,48,1,1,0.0002474265065954,4.0079035858713385e-06,3.92611059853556e-06,False,False,False,False,False,False,False,False,False,True,False,False,False,-2,-2,False,3.0235294117647062,False,False,False,4.137435531616211,1948.9499,1,0.0002474265065954,4.0079035858713385e-06,639,1101,False,1101.0,False,False,False,False,0.9771540094544425,0.016197705185132322,0.015867143666699945
ARGTGVSSAGVYGFDI,H3-7_A,K3-20,True,48,1,1,0.0002474265065954,4.0079035858713385e-06,3.92611059853556e-06,False,False,False,False,False,False,False,False,False,False,False,False,False,0,0,False,2.05625,False,False,False,5.880318832397459,1556.6745,1,0.0002474265065954,4.0079035858713385e-06,279,1102,False,1102.0,False,False,False,False,0.9771540094544425,0.016197705185132322,0.015867143666699945
ARGVYGARIFDY,H1-69,K1-39,True,48,1,1,0.0002474265065954,4.0079035858713385e-06,3.92611059853556e-06,False,False,False,False,False,False,False,False,False,False,False,False,False,1,1,False,0.775,False,False,False,8.632579040527343,1387.5413,2,0.0002474265065954,4.0079035858713385e-06,752,1103,False,1103.0,False,False,False,False,0.9771540094544425,0.016197705185132322,0.015867143666699945
ARLKSSSIGDFDY,H5-51,K3-20,True,48,1,1,0.0002474265065954,4.0079035858713385e-06,3.92611059853556e-06,False,False,False,False,False,False,False,False,False,True,False,False,False,0,0,False,2.223076923076923,False,False,False,6.004021835327148,1458.5714,1,0.0002474265065954,4.0079035858713385e-06,843,1104,False,1104.0,False,False,False,False,0.9771540094544425,0.016197705185132322,0.015867143666699945
ARARGEWQTSNFDY,H1-69,K1-39,True,47,1,1,0.000242271787708,4.0079035858713385e-06,3.92611059853556e-06,False,False,False,False,False,False,False,False,False,False,False,False,False,0,0,False,2.835714285714286,False,False,False,6.114178848266601,1700.7650999999998,2,0.000242271787708,4.0079035858713385e-06,47,1105,False,1105.0,False,False,False,False,0.9771540094544425,0.01654232298591794,0.0162047285339802
ARDIEDWSAAWSFDY,H1-69,K1-39,True,47,1,1,0.000242271787708,4.0079035858713385e-06,3.92611059853556e-06,False,False,False,False,False,False,False,False,False,True,False,False,False,-3,-3,False,1.4800000000000002,False,False,False,4.050025558471679,1831.8899,1,0.000242271787708,4.0079035858713385e-06,83,1106,False,1106.0,False,False,False,False,0.9771540094544425,0.01654232298591794,0.0162047285339802
ARGAGYIGERSVAFDI,H3-7_A,K3-20,True,47,1,1,0.000242271787708,4.0079035858713385e-06,3.92611059853556e-06,False,False,False,False,False,False,False,False,False,False,False,False,False,0,0,False,1.58125,False,False,False,6.114178848266601,1681.8462,2,0.000242271787708,4.0079035858713385e-06,193,1107,False,1107.0,False,False,False,False,0.9771540094544425,0.01654232298591794,0.0162047285339802
ARGAGYTGAGTYHFDY,H3-7_A,K1-39,True,47,1,1,0.000242271787708,4.0079035858713385e-06,3.92611059853556e-06,False,False,False,True,False,False,False,False,False,False,False,False,False,0,1,False,2.5562500000000004,False,False,False,6.786059951782226,1706.7678,1,0.000242271787708,4.0079035858713385e-06,196,1108,False,1108.0,False,False,False,False,0.9771540094544425,0.01654232298591794,0.0162047285339802
ARGFVDYFDY,H3-23_A,K4-1,True,47,1,1,0.000242271787708,4.0079035858713385e-06,3.92611059853556e-06,False,False,False,False,False,False,False,False,False,False,False,False,False,-1,-1,False,0.6100000000000001,False,False,False,4.207874679565429,1252.33,1,0.000242271787708,4.0079035858713385e-06,253,1109,False,1109.0,False,False,False,False,0.9771540094544425,0.01654232298591794,0.0162047285339802
ARGRGTIAEGEYDFDY,H3-7_A,K3-20,True,47,1,1,0.000242271787708,4.0079035858713385e-06,3.92611059853556e-06,False,False,False,False,False,False,False,False,False,True,False,False,False,-2,-2,False,3.09375,False,False,False,4.316753768920899,1819.8809,2,0.000242271787708,4.0079035858713385e-06,399,1111,False,1111.0,False,False,False,False,0.9771540094544425,0.01654232298591794,0.0162047285339802
ARGSGYTSGYNDWAFDY,H3-7_A,K1-39,True,47,1,1,0.000242271787708,4.0079035858713385e-06,3.92611059853556e-06,False,False,False,False,False,False,False,False,False,False,False,False,False,-1,-1,False,2.694117647058824,False,False,False,4.207874679565429,1929.9499,1,0.000242271787708,4.0079035858713385e-06,657,1112,False,1112.0,False,False,False,False,0.9771540094544425,0.01654232298591794,0.0162047285339802
ARLATSGYDFDY,H1-69,K4-1,True,47,1,1,0.000242271787708,4.0079035858713385e-06,3.92611059853556e-06,False,False,False,False,False,False,False,False,False,True,False,False,False,-1,-1,False,1.9666666666666668,False,False,False,4.207874679565429,1378.4419,1,0.000242271787708,4.0079035858713385e-06,825,1113,False,1113.0,False,False,False,False,0.9771540094544425,0.01654232298591794,0.0162047285339802
ARPYVSSAFDFDY,H3-23_A,K3-20,True,47,1,1,0.000242271787708,4.0079035858713385e-06,3.92611059853556e-06,False,False,False,False,False,False,False,False,False,True,False,False,False,-1,-1,False,1.353846153846154,False,False,False,4.207874679565429,1537.6264,1,0.000242271787708,4.0079035858713385e-06,913,1114,False,1114.0,False,False,False,False,0.9771540094544425,0.01654232298591794,0.0162047285339802
ARAPTLSWTPWEFDP,H3-7_A,K3-20,True,46,1,1,0.0002371170688206,4.0079035858713385e-06,3.92611059853556e-06,False,False,False,False,True,False,False,False,False,True,False,False,False,-1,-1,False,0.7333333333333335,False,False,False,4.370375442504883,1773.9400999999998,1,0.0002371170688206,4.0079035858713385e-06,39,1115,False,1115.0,False,False,False,False,0.9771540094544425,0.01690192353747494,0.016556990385209393
ARESPYFVAWPPQAFDP,H3-23_A,K3-20,True,46,1,1,0.0002371170688206,4.0079035858713385e-06,3.92611059853556e-06,False,False,False,False,True,False,False,False,False,False,False,False,False,-1,-1,False,0.8941176470588237,False,False,False,4.370375442504883,1978.1651,1,0.0002371170688206,4.0079035858713385e-06,152,1116,False,1116.0,False,False,False,False,0.9771540094544425,0.01690192353747494,0.016556990385209393
ARGFGYVDERGYQFDI,H3-7_A,K3-20,True,46,1,1,0.0002371170688206,4.0079035858713385e-06,3.92611059853556e-06,False,False,False,False,False,False,False,False,False,True,False,False,False,-1,-1,False,1.7187500000000002,False,False,False,4.558281326293945,1893.0191,2,0.0002371170688206,4.0079035858713385e-06,249,1117,False,1117.0,False,False,False,False,0.9771540094544425,0.01690192353747494,0.016556990385209393
ARGPIRGEYGDFDY,H1-69,K3-20,True,46,1,1,0.0002371170688206,4.0079035858713385e-06,3.92611059853556e-06,False,False,False,False,False,False,False,False,False,True,False,False,False,-1,-1,False,2.607142857142857,False,False,False,4.558281326293945,1615.7003,2,0.0002371170688206,4.0079035858713385e-06,496,1118,False,1118.0,False,False,False,False,0.9771540094544425,0.01690192353747494,0.016556990385209393
ARGPLGSGWYDFDY,H5-51,K3-20,True,46,1,1,0.0002371170688206,4.0079035858713385e-06,3.92611059853556e-06,False,False,False,False,False,False,False,False,False,True,False,False,False,-1,-1,False,1.4142857142857146,False,False,False,4.207874679565429,1603.6878,1,0.0002371170688206,4.0079035858713385e-06,497,1119,False,1119.0,False,False,False,False,0.9771540094544425,0.01690192353747494,0.016556990385209393
ARELEDWDYGSFDY,H1-69,K1-39,True,45,1,1,0.0002319623499332,4.0079035858713385e-06,3.92611059853556e-06,False,False,False,False,False,False,False,False,False,True,False,False,False,-4,-4,False,2.278571428571429,False,False,False,4.050025558471679,1765.7854,1,0.0002319623499332,4.0079035858713385e-06,139,1120,False,1120.0,False,False,False,False,0.9771540094544425,0.01727750564679573,0.01692490764380386
ARGKGTVSSFGEYEFDI,H3-7_A,K4-1,True,45,1,1,0.0002319623499332,4.0079035858713385e-06,3.92611059853556e-06,False,False,False,False,False,False,False,False,False,True,False,False,False,-1,-1,False,2.405882352941177,False,False,False,4.6793262481689455,1862.9884,1,0.0002319623499332,4.0079035858713385e-06,304,1121,False,1121.0,False,False,False,False,0.9771540094544425,0.01727750564679573,0.01692490764380386
ARGKGVIGDRSYGFDY,H3-7_A,K1-39,True,45,1,1,0.0002319623499332,4.0079035858713385e-06,3.92611059853556e-06,False,False,False,False,False,False,False,False,False,False,False,False,False,1,1,False,2.5500000000000003,False,False,False,8.539366149902346,1760.903,2,0.0002319623499332,4.0079035858713385e-06,295,1122,False,1122.0,False,False,False,False,0.9771540094544425,0.01727750564679573,0.01692490764380386
ARGPGYVSEHGYAFDI,H3-7_A,K3-20,True,45,1,1,0.0002319623499332,4.0079035858713385e-06,3.92611059853556e-06,False,False,False,False,False,False,False,False,False,False,False,False,False,-1,0,False,1.83125,False,False,False,5.322224044799805,1738.8527,1,0.0002319623499332,4.0079035858713385e-06,480,1123,False,1123.0,False,False,False,False,0.9771540094544425,0.01727750564679573,0.01692490764380386
ARGPYKGTWYEFDY,H5-51,UNK,True,45,1,1,0.0002319623499332,4.0079035858713385e-06,3.92611059853556e-06,False,False,False,False,False,False,False,False,False,True,False,False,False,0,0,False,1.6857142857142855,False,False,False,6.111520767211914,1752.8775999999998,1,0.0002319623499332,4.0079035858713385e-06,510,1124,False,1124.0,False,False,False,False,0.9771540094544425,0.01727750564679573,0.01692490764380386
ARGRGYIDASEYAFDY,H3-7_A,K3-15,True,45,1,1,0.0002319623499332,4.0079035858713385e-06,3.92611059853556e-06,False,False,False,False,False,False,False,False,False,False,False,False,False,-1,-1,False,2.34375,False,False,False,4.558281326293945,1853.9401000000005,2,0.0002319623499332,4.0079035858713385e-06,599,1125,False,1125.0,False,False,False,False,0.9771540094544425,0.01727750564679573,0.01692490764380386
ARAQGEWIAALFDY,H1-69,K1-39,True,44,1,1,0.0002268076310458,4.0079035858713385e-06,3.92611059853556e-06,False,False,False,False,False,False,False,False,False,False,False,False,False,-1,-1,False,0.2714285714285716,False,False,False,4.370375442504883,1610.7666,1,0.0002268076310458,4.0079035858713385e-06,42,1127,False,1127.0,False,False,False,False,0.9771540094544425,0.017670158917505164,0.01730954767684168
ARASRAWIAALFDY,H1-69,K1-39,True,44,1,1,0.0002268076310458,4.0079035858713385e-06,3.92611059853556e-06,False,False,False,False,False,False,False,False,False,False,False,False,False,1,1,False,-0.207142857142857,False,False,False,8.79022674560547,1610.813,2,0.0002268076310458,4.0079035858713385e-06,52,1128,False,1128.0,False,False,False,False,0.9771540094544425,0.017670158917505164,0.01730954767684168
ARAVYGARIFDY,H1-69,K1-39,True,44,1,1,0.0002268076310458,4.0079035858713385e-06,3.92611059853556e-06,False,False,False,False,False,False,False,False,False,False,False,False,False,1,1,False,0.4750000000000001,False,False,False,8.632579040527343,1401.5679,2,0.0002268076310458,4.0079035858713385e-06,56,1129,False,1129.0,True,True,True,False,0.9771540094544425,0.017670158917505164,0.01730954767684168
ARGESDLPYWHLAEFDY,H1-69,K3-15,True,44,1,1,0.0002268076310458,4.0079035858713385e-06,3.92611059853556e-06,False,False,False,True,False,False,False,False,False,True,False,False,False,-3,-2,False,1.1176470588235297,False,False,False,4.308268356323242,2069.188,1,0.0002268076310458,4.0079035858713385e-06,243,1130,False,1130.0,False,False,False,False,0.9771540094544425,0.017670158917505164,0.01730954767684168
ARGKGIIGYGEYAFDY,H3-7_A,K3-20,True,44,1,1,0.0002268076310458,4.0079035858713385e-06,3.92611059853556e-06,False,False,False,False,False,False,False,False,False,False,False,False,False,0,0,False,1.4875,False,False,False,6.111520767211914,1779.9443,1,0.0002268076310458,4.0079035858713385e-06,298,1131,False,1131.0,False,False,False,False,0.9771540094544425,0.017670158917505164,0.01730954767684168
ARGLGYTSPAGAYGFDI,H3-7_A,K3-15,True,44,1,1,0.0002268076310458,4.0079035858713385e-06,3.92611059853556e-06,False,False,False,False,False,False,False,False,False,False,False,False,False,0,0,False,1.5823529411764707,False,False,False,5.87944984436035,1715.8591,1,0.0002268076310458,4.0079035858713385e-06,348,1132,False,1132.0,False,False,False,False,0.9771540094544425,0.017670158917505164,0.01730954767684168
ARGPGDVSSSSYGFDI,H3-7_A,K3-20,True,44,1,1,0.0002268076310458,4.0079035858713385e-06,3.92611059853556e-06,False,False,False,False,False,False,False,False,False,False,False,False,False,-1,-1,False,3.04375,False,False,False,4.207874679565429,1614.6676,1,0.0002268076310458,4.0079035858713385e-06,296,1133,False,1133.0,False,False,False,False,0.9771540094544425,0.017670158917505164,0.01730954767684168
ARGSRGWYTSQFDY,H1-69,K1-39,True,44,1,1,0.0002268076310458,4.0079035858713385e-06,3.92611059853556e-06,False,False,False,False,False,False,False,False,False,False,False,False,False,1,1,False,2.3642857142857143,False,False,False,8.632579040527343,1693.7723999999998,2,0.0002268076310458,4.0079035858713385e-06,669,1135,False,1135.0,False,False,False,False,0.9771540094544425,0.017670158917505164,0.01730954767684168
ARGYESYSYPGEDPFDP,H3-7_A,K1-39,True,44,1,1,0.0002268076310458,4.0079035858713385e-06,3.92611059853556e-06,False,False,False,False,True,False,False,False,False,True,False,False,False,-3,-3,False,3.394117647058824,False,False,False,4.050025558471679,1949.9779,1,0.0002268076310458,4.0079035858713385e-06,761,1136,False,1136.0,False,False,False,False,0.9771540094544425,0.017670158917505164,0.01730954767684168
ARYTGYLVPPGTFDY,H3-7_A,K1-39,True,44,1,1,0.0002268076310458,4.0079035858713385e-06,3.92611059853556e-06,False,False,False,False,False,False,False,False,False,False,False,False,False,0,0,False,0.9666666666666668,False,False,False,5.87858085632324,1719.8891,1,0.0002268076310458,4.0079035858713385e-06,1004,1137,False,1137.0,False,False,False,False,0.9771540094544425,0.017670158917505164,0.01730954767684168
ARGEGYPWYDEFDY,H1-69,K1-39,True,43,1,1,0.0002216529121584,4.0079035858713385e-06,3.92611059853556e-06,False,False,False,False,False,False,False,False,False,True,False,False,False,-3,-3,False,2.1785714285714284,False,False,False,4.050025558471679,1767.8028,1,0.0002216529121584,4.0079035858713385e-06,232,1138,False,1138.0,False,False,False,False,0.9771540094544425,0.01808107430713216,0.017712077136882363
ARGKGIIDPTSYGFDY,H3-7_A,K1-39,True,43,1,1,0.0002216529121584,4.0079035858713385e-06,3.92611059853556e-06,False,False,False,False,True,False,False,False,False,False,False,False,False,0,0,False,2.1187500000000004,False,False,False,6.003152847290039,1759.9117,1,0.0002216529121584,4.0079035858713385e-06,297,1139,False,1139.0,False,False,False,False,0.9771540094544425,0.01808107430713216,0.017712077136882363
ARGPGWTQGSSYGFDI,H3-7_A,K1-39,True,43,1,1,0.0002216529121584,4.0079035858713385e-06,3.92611059853556e-06,False,False,False,False,False,False,False,False,False,False,False,False,False,0,0,False,2.2687500000000003,False,False,False,5.880318832397459,1698.7889,1,0.0002216529121584,4.0079035858713385e-06,422,1140,False,1140.0,False,False,False,False,0.9771540094544425,0.01808107430713216,0.017712077136882363
ARGQGYVDETGSFGFDI,H3-7_A,K3-20,True,43,1,1,0.0002216529121584,4.0079035858713385e-06,3.92611059853556e-06,False,False,False,False,False,False,False,False,False,True,False,False,False,-2,-2,False,2.5058823529411764,False,False,False,4.050025558471679,1818.8927,1,0.0002216529121584,4.0079035858713385e-06,527,1141,False,1141.0,False,False,False,False,0.9771540094544425,0.01808107430713216,0.017712077136882363
ARGRGYVNDAVYGFDI,H3-7_A,K3-20,True,43,1,1,0.0002216529121584,4.0079035858713385e-06,3.92611059853556e-06,False,False,False,False,False,False,False,False,False,False,False,False,False,0,0,False,1.76875,False,False,False,6.004021835327148,1772.9136,2,0.0002216529121584,4.0079035858713385e-06,475,1143,False,1143.0,False,False,False,False,0.9771540094544425,0.01808107430713216,0.017712077136882363
ARGSGSIYGPGEYGFDY,H3-7_A,K3-20,True,43,1,1,0.0002216529121584,4.0079035858713385e-06,3.92611059853556e-06,False,False,False,False,False,False,False,False,False,False,False,False,False,-1,-1,False,2.6352941176470592,False,False,False,4.370375442504883,1795.8575999999998,1,0.0002216529121584,4.0079035858713385e-06,643,1144,False,1144.0,False,False,False,False,0.9771540094544425,0.01808107430713216,0.017712077136882363
ARGTGYTSSAGAYGFDI,H3-7_A,K4-1,True,43,1,1,0.0002216529121584,4.0079035858713385e-06,3.92611059853556e-06,False,False,False,False,False,False,False,False,False,False,False,False,False,0,0,False,2.6882352941176477,False,False,False,5.87944984436035,1693.7675,1,0.0002216529121584,4.0079035858713385e-06,348,1145,False,1145.0,False,False,False,False,0.9771540094544425,0.01808107430713216,0.017712077136882363
ARGYGFASSREYSFDI,H3-7_A,K4-1,True,43,1,1,0.0002216529121584,4.0079035858713385e-06,3.92611059853556e-06,False,False,False,False,False,False,False,False,False,False,False,False,False,0,0,False,1.94375,False,False,False,6.113258743286132,1825.93,2,0.0002216529121584,4.0079035858713385e-06,762,1146,False,1146.0,False,False,False,False,0.9771540094544425,0.01808107430713216,0.017712077136882363
ARLEVDYGFDY,H5-51,UNK,True,43,1,1,0.0002216529121584,4.0079035858713385e-06,3.92611059853556e-06,False,False,False,False,False,False,False,False,False,True,False,False,False,-2,-2,False,1.263636363636364,False,False,False,4.050025558471679,1347.4278,1,0.0002216529121584,4.0079035858713385e-06,834,1147,False,1147.0,False,False,False,False,0.9771540094544425,0.01808107430713216,0.017712077136882363
ARLGPKGSDFDY,H1-69,K3-20,True,43,1,1,0.0002216529121584,4.0079035858713385e-06,3.92611059853556e-06,False,False,False,False,False,False,False,False,False,True,False,False,False,0,0,False,2.641666666666667,False,False,False,6.004021835327148,1325.4257,1,0.0002216529121584,4.0079035858713385e-06,837,1148,False,1148.0,False,False,False,False,0.9771540094544425,0.01808107430713216,0.017712077136882363
ARLPATSAYGDFDY,H4-34,K4-1,True,43,1,1,0.0002216529121584,4.0079035858713385e-06,3.92611059853556e-06,False,False,False,False,False,False,False,False,False,True,False,False,False,-1,-1,False,1.985714285714286,False,False,False,4.207874679565429,1546.635,1,0.0002216529121584,4.0079035858713385e-06,852,1149,False,1149.0,False,False,False,False,0.9771540094544425,0.01808107430713216,0.017712077136882363
ARLPPNLKYGDFDY,H4-34,K3-20,True,43,1,1,0.0002216529121584,4.0079035858713385e-06,3.92611059853556e-06,False,False,False,False,False,False,False,False,False,True,False,False,False,0,0,False,1.2500000000000002,False,False,False,6.003152847290039,1668.8457,1,0.0002216529121584,4.0079035858713385e-06,838,1150,False,1150.0,False,False,False,False,0.9771540094544425,0.01808107430713216,0.017712077136882363
ARSGPGYPVDYHFDI,H3-7_A,K3-15,True,43,1,1,0.0002216529121584,4.0079035858713385e-06,3.92611059853556e-06,False,False,False,True,False,False,False,False,False,False,False,False,False,-1,0,False,1.72,False,False,False,5.212373733520507,1693.8121,1,0.0002216529121584,4.0079035858713385e-06,918,1151,False,1151.0,False,False,False,False,0.9771540094544425,0.01808107430713216,0.017712077136882363
ARTSRDGLPFDY,UNK,K4-1,True,43,1,1,0.0002216529121584,4.0079035858713385e-06,3.92611059853556e-06,False,True,False,False,False,False,False,False,False,False,False,False,False,0,0,False,2.475,False,False,False,6.004890823364257,1397.4917,2,0.0002216529121584,4.0079035858713385e-06,950,1152,False,1152.0,False,False,False,False,0.9771540094544425,0.01808107430713216,0.017712077136882363
ARYPASATWYDFDY,H1-69,K3-20,True,43,1,1,0.0002216529121584,4.0079035858713385e-06,3.92611059853556e-06,False,False,False,False,False,False,False,False,False,True,False,False,False,-1,-1,False,1.385714285714286,False,False,False,4.207874679565429,1725.8092,1,0.0002216529121584,4.0079035858713385e-06,1000,1153,False,1153.0,False,False,False,False,0.9771540094544425,0.01808107430713216,0.017712077136882363
ARAADLAASSGSFDY,H5-51,K4-1,True,42,1,1,0.000216498193271,4.0079035858713385e-06,3.92611059853556e-06,False,False,False,False,False,False,False,False,False,False,False,False,False,-1,-1,False,2.64,False,False,False,4.207874679565429,1501.5531,1,0.000216498193271,4.0079035858713385e-06,2,1154,False,1154.0,False,False,False,False,0.9771540094544425,0.0185115561924934,0.018133773781121104
ARDIDVYGSLGAFDY,H3-7_A,K1-39,True,42,1,1,0.000216498193271,4.0079035858713385e-06,3.92611059853556e-06,False,False,False,False,False,False,False,False,False,True,False,False,False,-2,-2,False,1.4933333333333334,False,False,False,4.050025558471679,1661.7653,1,0.000216498193271,4.0079035858713385e-06,80,1155,False,1155.0,False,False,False,False,0.9771540094544425,0.0185115561924934,0.018133773781121104
ARDRDGWGYEAFDY,H1-69,K3-20,True,42,1,1,0.000216498193271,4.0079035858713385e-06,3.92611059853556e-06,False,True,False,False,False,False,False,False,False,True,False,False,False,-2,-2,False,2.771428571428572,False,False,False,4.226021194458009,1720.7514,2,0.000216498193271,4.0079035858713385e-06,111,1156,False,1156.0,False,False,False,False,0.9771540094544425,0.0185115561924934,0.018133773781121104
ARGHGLVYSGVYGFDI,H3-7_A,K4-1,True,42,1,1,0.000216498193271,4.0079035858713385e-06,3.92611059853556e-06,False,False,False,False,False,False,False,False,False,False,False,False,False,0,1,False,0.6312500000000001,False,False,False,6.787184524536133,1710.8855,1,0.000216498193271,4.0079035858713385e-06,260,1158,False,1158.0,False,False,False,False,0.9771540094544425,0.0185115561924934,0.018133773781121104
ARGLGFTHSREYSFDI,H3-7_A,K3-20,True,42,1,1,0.000216498193271,4.0079035858713385e-06,3.92611059853556e-06,False,False,False,False,False,False,False,False,False,False,False,False,False,0,1,False,1.4062500000000002,False,False,False,6.796487808227539,1856.0024,2,0.000216498193271,4.0079035858713385e-06,323,1159,False,1159.0,False,False,False,False,0.9771540094544425,0.0185115561924934,0.018133773781121104
ARGLSPEYFNFDY,H5-51,K4-1,True,42,1,1,0.000216498193271,4.0079035858713385e-06,3.92611059853556e-06,False,False,False,False,False,False,False,False,False,False,False,False,False,-1,-1,False,1.076923076923077,False,False,False,4.370375442504883,1578.6782999999998,1,0.000216498193271,4.0079035858713385e-06,363,1160,False,1160.0,False,False,False,False,0.9771540094544425,0.0185115561924934,0.018133773781121104
ARGPGWIGKGDYAFDY,H3-7_A,K4-1,True,42,1,1,0.000216498193271,4.0079035858713385e-06,3.92611059853556e-06,False,False,False,False,False,False,False,False,False,False,False,False,False,0,0,False,1.7500000000000002,False,False,False,6.003152847290039,1772.912,1,0.000216498193271,4.0079035858713385e-06,420,1161,False,1161.0,False,False,False,False,0.9771540094544425,0.0185115561924934,0.018133773781121104
ARGPGYVYGPNYHFDY,H3-7_A,K3-20,True,42,1,1,0.000216498193271,4.0079035858713385e-06,3.92611059853556e-06,False,False,False,True,False,False,False,False,False,False,False,False,False,0,1,False,1.6375000000000002,False,False,False,6.78493537902832,1875.9901,1,0.000216498193271,4.0079035858713385e-06,492,1162,False,1162.0,False,False,False,False,0.9771540094544425,0.0185115561924934,0.018133773781121104
ARLLGDNIAEFDY,H5-51,K3-15,True,42,1,1,0.000216498193271,4.0079035858713385e-06,3.92611059853556e-06,False,False,False,False,False,False,False,False,False,True,False,False,False,-2,-2,False,0.8769230769230771,False,False,False,4.050025558471679,1496.6192999999998,1,0.000216498193271,4.0079035858713385e-06,845,1163,False,1163.0,False,False,False,False,0.9771540094544425,0.0185115561924934,0.018133773781121104
ARLPPLRYVSPTYDFDI,H1-69,K1-39,True,42,1,1,0.000216498193271,4.0079035858713385e-06,3.92611059853556e-06,False,False,False,False,False,False,False,False,False,True,False,False,False,0,0,False,0.3176470588235296,False,False,False,6.004021835327148,2023.2902,2,0.000216498193271,4.0079035858713385e-06,859,1164,False,1164.0,True,True,True,False,0.9771540094544425,0.0185115561924934,0.018133773781121104
ARSVYEFAAYRFDY,H1-69,K1-39,True,42,1,1,0.000216498193271,4.0079035858713385e-06,3.92611059853556e-06,False,False,False,False,False,False,False,False,False,False,False,False,False,0,0,False,0.8000000000000002,False,False,False,6.112389755249024,1757.8973,2,0.000216498193271,4.0079035858713385e-06,939,1165,False,1165.0,False,False,False,False,0.9771540094544425,0.0185115561924934,0.018133773781121104
ARGDEADLYGYSGFDY,H1-69,K3-15,True,41,1,1,0.0002113434743836,4.0079035858713385e-06,3.92611059853556e-06,False,False,False,False,False,False,False,False,False,True,False,False,False,-3,-3,False,2.85625,False,False,False,4.050025558471679,1798.8152,1,0.0002113434743836,4.0079035858713385e-06,212,1166,False,1166.0,False,False,False,False,0.9771540094544425,0.018963036200659367,0.018576040020093505
ARGLGYISSSEYGFDY,H3-7_A,K1-39,True,41,1,1,0.0002113434743836,4.0079035858713385e-06,3.92611059853556e-06,False,False,False,False,False,False,False,False,False,False,False,False,False,-1,-1,False,1.7875,False,False,False,4.370375442504883,1784.8746999999998,1,0.0002113434743836,4.0079035858713385e-06,332,1167,False,1167.0,False,False,False,False,0.9771540094544425,0.018963036200659367,0.018576040020093505
ARGLGYTTYTGALYFDY,H3-7_A,K3-20,True,41,1,1,0.0002113434743836,4.0079035858713385e-06,3.92611059853556e-06,False,False,False,False,False,False,False,False,False,False,False,False,False,0,0,False,0.935294117647059,False,False,False,5.877711868286132,1932.0916,1,0.0002113434743836,4.0079035858713385e-06,349,1168,False,1168.0,False,False,False,False,0.9771540094544425,0.018963036200659367,0.018576040020093505
ARGLSGTRGFDY,H3-23_A,K4-1,True,41,1,1,0.0002113434743836,4.0079035858713385e-06,3.92611059853556e-06,False,False,False,False,False,False,False,False,False,False,False,False,False,1,1,False,2.416666666666667,False,False,False,8.79022674560547,1299.3917,2,0.0002113434743836,4.0079035858713385e-06,362,1169,False,1169.0,False,False,False,False,0.9771540094544425,0.018963036200659367,0.018576040020093505
ARGPGRIIGSEYGFDY,H3-7_A,K1-39,True,41,1,1,0.0002113434743836,4.0079035858713385e-06,3.92611059853556e-06,False,False,False,False,False,False,False,False,False,False,False,False,False,0,0,False,1.91875,False,False,False,6.113258743286132,1757.8991,2,0.0002113434743836,4.0079035858713385e-06,394,1170,False,1170.0,False,False,False,False,0.9771540094544425,0.018963036200659367,0.018576040020093505
ARGPGVISSGSYDFDI,H3-7_A,K3-15,True,41,1,1,0.0002113434743836,4.0079035858713385e-06,3.92611059853556e-06,False,False,False,False,False,False,False,False,False,True,False,False,False,-1,-1,False,2.1375,False,False,False,4.207874679565429,1640.7479,1,0.0002113434743836,4.0079035858713385e-06,416,1171,False,1171.0,False,False,False,False,0.9771540094544425,0.018963036200659367,0.018576040020093505
ARGPGYVIGPGALYFDY,H3-7_A,K3-15,True,41,1,1,0.0002113434743836,4.0079035858713385e-06,3.92611059853556e-06,False,False,False,False,False,False,False,False,False,False,False,False,False,0,0,False,0.5647058823529414,False,False,False,5.87858085632324,1816.0194,1,0.0002113434743836,4.0079035858713385e-06,472,1172,False,1172.0,False,False,False,False,0.9771540094544425,0.018963036200659367,0.018576040020093505
ARGQGYVSGASTYGFDI,H3-7_A,K3-20,True,41,1,1,0.0002113434743836,4.0079035858713385e-06,3.92611059853556e-06,False,False,False,False,False,False,False,False,False,False,False,False,False,0,0,False,2.394117647058824,False,False,False,5.87944984436035,1748.8459,1,0.0002113434743836,4.0079035858713385e-06,530,1173,False,1173.0,False,False,False,False,0.9771540094544425,0.018963036200659367,0.018576040020093505
ARGSGTISSRSYQFDI,H3-7_A,K4-1,True,41,1,1,0.0002113434743836,4.0079035858713385e-06,3.92611059853556e-06,False,False,False,False,False,False,False,False,False,False,False,False,False,1,1,False,2.625,False,False,False,8.79022674560547,1744.8591,2,0.0002113434743836,4.0079035858713385e-06,647,1174,False,1174.0,False,False,False,False,0.9771540094544425,0.018963036200659367,0.018576040020093505
ARGTGRIYGDEYGFDY,H3-7_A,K3-20,True,41,1,1,0.0002113434743836,4.0079035858713385e-06,3.92611059853556e-06,False,False,False,False,False,False,False,False,False,True,False,False,False,-1,-1,False,2.7125000000000004,False,False,False,4.558281326293945,1839.9135,2,0.0002113434743836,4.0079035858713385e-06,692,1175,False,1175.0,False,False,False,False,0.9771540094544425,0.018963036200659367,0.018576040020093505
ARGTGVIGTGRTYGFDI,H3-7_A,K3-20,True,41,1,1,0.0002113434743836,4.0079035858713385e-06,3.92611059853556e-06,False,False,False,False,False,False,False,False,False,False,False,False,False,1,1,False,1.9882352941176475,False,False,False,8.79022674560547,1740.9134,2,0.0002113434743836,4.0079035858713385e-06,700,1176,False,1176.0,False,False,False,False,0.9771540094544425,0.018963036200659367,0.018576040020093505
ARGTGYVDESGYSFDY,H3-7_A,K1-39,True,41,1,1,0.0002113434743836,4.0079035858713385e-06,3.92611059853556e-06,False,False,False,False,False,False,False,False,False,True,False,False,False,-2,-2,False,3.1750000000000003,False,False,False,4.050025558471679,1786.8045000000002,1,0.0002113434743836,4.0079035858713385e-06,733,1177,False,1177.0,False,False,False,False,0.9771540094544425,0.018963036200659367,0.018576040020093505
ARLDAASITAFDY,H5-51,K4-1,True,41,1,1,0.0002113434743836,4.0079035858713385e-06,3.92611059853556e-06,False,False,False,False,False,False,False,False,False,False,False,False,False,-1,-1,False,1.230769230769231,False,False,False,4.207874679565429,1413.5308,1,0.0002113434743836,4.0079035858713385e-06,828,1178,False,1178.0,False,False,False,False,0.9771540094544425,0.018963036200659367,0.018576040020093505
ARPERPWGASTFDY,H1-69,K1-39,True,41,1,1,0.0002113434743836,4.0079035858713385e-06,3.92611059853556e-06,False,False,False,False,False,False,False,False,False,False,False,False,False,0,0,False,2.2071428571428573,False,False,False,6.114178848266601,1652.7637,2,0.0002113434743836,4.0079035858713385e-06,900,1179,False,1179.0,False,False,False,False,0.9771540094544425,0.018963036200659367,0.018576040020093505
ARQYGYKSVNEFDY,H3-23_A,K4-1,True,41,1,1,0.0002113434743836,4.0079035858713385e-06,3.92611059853556e-06,False,False,False,False,False,False,False,False,False,True,False,False,False,0,0,False,2.6,False,False,False,6.111520767211914,1739.8374,1,0.0002113434743836,4.0079035858713385e-06,916,1180,False,1180.0,False,False,False,False,0.9771540094544425,0.018963036200659367,0.018576040020093505
ARSKGRWGAHTFDY,H1-69,K1-39,True,41,1,1,0.0002113434743836,4.0079035858713385e-06,3.92611059853556e-06,False,False,False,False,False,False,False,False,False,False,False,False,False,2,3,False,2.3142857142857145,False,False,False,9.98683319091797,1651.7822,2,0.0002113434743836,4.0079035858713385e-06,360,1181,False,1181.0,False,False,False,False,0.9771540094544425,0.018963036200659367,0.018576040020093505
ARVLRGYNPLSGDFDY,H3-7_A,UNK,True,41,1,1,0.0002113434743836,4.0079035858713385e-06,3.92611059853556e-06,False,False,False,False,False,False,False,False,False,True,False,False,False,0,0,False,1.4,False,False,False,6.004021835327148,1843.0035000000005,2,0.0002113434743836,4.0079035858713385e-06,958,1182,False,1182.0,False,False,False,False,0.9771540094544425,0.018963036200659367,0.018576040020093505
ARALGSWVTSTFDY,H1-69,K1-39,True,40,1,1,0.0002061887554962,4.0079035858713385e-06,3.92611059853556e-06,False,False,False,False,False,False,False,False,False,False,False,False,False,0,0,False,0.9642857142857144,False,False,False,5.880318832397459,1573.7034,1,0.0002061887554962,4.0079035858713385e-06,31,1183,False,1183.0,False,False,False,False,0.9771540094544425,0.01943708911446461,0.019040418498587466
ARASFAWVTATFDY,H1-69,K1-39,True,40,1,1,0.0002061887554962,4.0079035858713385e-06,3.92611059853556e-06,False,False,False,False,False,False,False,False,False,False,False,False,False,0,0,False,0.3928571428571429,False,False,False,5.880318832397459,1605.7468,1,0.0002061887554962,4.0079035858713385e-06,51,1184,False,1184.0,False,False,False,False,0.9771540094544425,0.01943708911446461,0.019040418498587466
ARGAGNAAYGDFDY,H1-69,K3-20,True,40,1,1,0.0002061887554962,4.0079035858713385e-06,3.92611059853556e-06,False,False,False,False,False,False,False,False,False,True,False,False,False,-1,-1,False,3.1214285714285714,False,False,False,4.207874679565429,1447.4641,1,0.0002061887554962,4.0079035858713385e-06,187,1185,False,1185.0,False,False,False,False,0.9771540094544425,0.01943708911446461,0.019040418498587466
ARGIGTIDASSYGFDI,H3-7_A,K3-20,True,40,1,1,0.0002061887554962,4.0079035858713385e-06,3.92611059853556e-06,False,False,False,False,False,False,False,False,False,False,False,False,False,-1,-1,False,1.7875,False,False,False,4.207874679565429,1642.7638000000002,1,0.0002061887554962,4.0079035858713385e-06,283,1186,False,1186.0,False,False,False,False,0.9771540094544425,0.01943708911446461,0.019040418498587466
ARGPGLIRGDEYGFDY,H3-7_A,K3-20,True,40,1,1,0.0002061887554962,4.0079035858713385e-06,3.92611059853556e-06,False,False,False,False,False,False,False,False,False,True,False,False,False,-1,-1,False,2.0625,False,False,False,4.558281326293945,1785.9092,2,0.0002061887554962,4.0079035858713385e-06,189,1187,False,1187.0,False,False,False,False,0.9771540094544425,0.01943708911446461,0.019040418498587466
ARGTGVIYPRSYGFDI,H3-7_A,K1-39,True,40,1,1,0.0002061887554962,4.0079035858713385e-06,3.92611059853556e-06,False,False,False,False,False,False,False,False,False,False,False,False,False,1,1,False,1.1687500000000002,False,False,False,8.632579040527343,1771.9687,2,0.0002061887554962,4.0079035858713385e-06,380,1188,False,1188.0,False,False,False,False,0.9771540094544425,0.01943708911446461,0.019040418498587466
ARHWYRSGSGEPAFDY,H3-23_A,K3-20,True,40,1,1,0.0002061887554962,4.0079035858713385e-06,3.92611059853556e-06,False,False,False,True,False,False,False,False,False,False,False,False,False,0,1,False,2.25,False,False,False,6.795363235473633,1898.9857,2,0.0002061887554962,4.0079035858713385e-06,811,1189,False,1189.0,False,False,False,False,0.9771540094544425,0.01943708911446461,0.019040418498587466
ARLGSPDWSESFDY,H5-51,UNK,True,40,1,1,0.0002061887554962,4.0079035858713385e-06,3.92611059853556e-06,False,False,False,False,False,False,False,False,False,False,False,False,False,-2,-2,False,2.2214285714285715,False,False,False,4.050025558471679,1629.6806,1,0.0002061887554962,4.0079035858713385e-06,839,1190,False,1190.0,False,False,False,False,0.9771540094544425,0.01943708911446461,0.019040418498587466
ARLHGPSVADFDY,H5-51,UNK,True,40,1,1,0.0002061887554962,4.0079035858713385e-06,3.92611059853556e-06,False,False,False,False,False,False,False,False,False,True,False,False,False,-1,0,False,1.6,False,False,False,5.212373733520507,1447.5503,1,0.0002061887554962,4.0079035858713385e-06,841,1191,False,1191.0,False,False,False,False,0.9771540094544425,0.01943708911446461,0.019040418498587466
ARLLPYGVYGDFDY,H4-34,K4-1,True,40,1,1,0.0002061887554962,4.0079035858713385e-06,3.92611059853556e-06,False,False,False,False,False,False,False,False,False,True,False,False,False,-1,-1,False,0.2000000000000002,False,False,False,4.207874679565429,1648.8111,1,0.0002061887554962,4.0079035858713385e-06,849,1192,False,1192.0,False,False,False,False,0.9771540094544425,0.01943708911446461,0.019040418498587466
ARNWGEWATSNFDY,H1-69,K1-39,True,40,1,1,0.0002061887554962,4.0079035858713385e-06,3.92611059853556e-06,False,False,False,False,False,False,False,False,False,False,False,False,False,-1,-1,False,1.8928571428571428,False,False,False,4.370375442504883,1716.7627,1,0.0002061887554962,4.0079035858713385e-06,896,1193,False,1193.0,False,False,False,False,0.9771540094544425,0.01943708911446461,0.019040418498587466
ARATYGLPGDEFDY,H1-69,K1-39,True,39,1,1,0.0002010340366088,4.0079035858713385e-06,3.92611059853556e-06,False,False,False,False,False,False,False,False,False,True,False,False,False,-2,-2,False,2.335714285714286,False,False,False,4.050025558471679,1574.6451,1,0.0002010340366088,4.0079035858713385e-06,6,1194,False,1194.0,False,False,False,False,0.9771540094544425,0.019935451224897992,0.019528610073499233
ARGAGFSLGYNDWHFDI,H3-7_A,K3-20,True,39,1,1,0.0002010340366088,4.0079035858713385e-06,3.92611059853556e-06,False,False,False,True,False,False,False,False,False,False,False,False,False,-1,0,False,0.8000000000000002,False,False,False,5.212373733520507,1926.0506,1,0.0002010340366088,4.0079035858713385e-06,185,1195,False,1195.0,False,False,False,False,0.9771540094544425,0.019935451224897992,0.019528610073499233
ARGDPPASRYWDFDI,H3-7_A,K3-20,True,39,1,1,0.0002010340366088,4.0079035858713385e-06,3.92611059853556e-06,False,False,False,False,True,False,False,False,False,True,False,False,False,-1,-1,False,1.9933333333333332,False,False,False,4.429057693481445,1765.8782,2,0.0002010340366088,4.0079035858713385e-06,217,1196,False,1196.0,False,False,False,False,0.9771540094544425,0.019935451224897992,0.019528610073499233
ARGKGYISTGSLAFDY,H3-7_A,K3-20,True,39,1,1,0.0002010340366088,4.0079035858713385e-06,3.92611059853556e-06,False,False,False,False,False,False,False,False,False,False,False,False,False,1,1,False,1.825,False,False,False,8.54006805419922,1705.8643000000002,1,0.0002010340366088,4.0079035858713385e-06,309,1197,False,1197.0,False,False,False,False,0.9771540094544425,0.019935451224897992,0.019528610073499233
ARGNGYISTDELGFDY,H3-7_A,K3-20,True,39,1,1,0.0002010340366088,4.0079035858713385e-06,3.92611059853556e-06,False,False,True,False,False,False,False,False,False,True,False,False,False,-2,-2,False,2.48125,False,False,False,4.050025558471679,1777.8408,1,0.0002010340366088,4.0079035858713385e-06,365,1198,False,1198.0,False,False,False,False,0.9771540094544425,0.019935451224897992,0.019528610073499233
ARGPGYLSDFSYAFDI,H3-7_A,K4-1,True,39,1,1,0.0002010340366088,4.0079035858713385e-06,3.92611059853556e-06,False,False,False,False,False,False,False,False,False,False,False,False,False,-1,-1,False,0.9687500000000002,False,False,False,4.207874679565429,1778.9132,1,0.0002010340366088,4.0079035858713385e-06,449,1199,False,1199.0,False,False,False,False,0.9771540094544425,0.019935451224897992,0.019528610073499233
ARGPGYVYGPASYGFDY,H3-7_A,K1-39,True,39,1,1,0.0002010340366088,4.0079035858713385e-06,3.92611059853556e-06,False,False,False,False,False,False,False,False,False,False,False,False,False,0,0,False,1.847058823529412,False,False,False,5.877711868286132,1839.9547,1,0.0002010340366088,4.0079035858713385e-06,491,1200,False,1200.0,False,False,False,False,0.9771540094544425,0.019935451224897992,0.019528610073499233
ARGQGYTKSDREYGFDY,H3-7_A,K3-20,True,39,1,1,0.0002010340366088,4.0079035858713385e-06,3.92611059853556e-06,False,False,False,False,False,False,False,False,False,True,False,False,False,0,0,False,3.758823529411765,False,False,False,6.163506698608399,2013.0834,2,0.0002010340366088,4.0079035858713385e-06,524,1201,False,1201.0,False,False,False,False,0.9771540094544425,0.019935451224897992,0.019528610073499233
ARGTGEIASLSYGFDY,H3-7_A,K3-20,True,39,1,1,0.0002010340366088,4.0079035858713385e-06,3.92611059853556e-06,False,False,False,False,False,False,False,False,False,False,False,False,False,-1,-1,False,1.9562500000000005,False,False,False,4.370375442504883,1706.806,1,0.0002010340366088,4.0079035858713385e-06,675,1202,False,1202.0,False,False,False,False,0.9771540094544425,0.019935451224897992,0.019528610073499233
ARGTGYDYGAGAYGFDI,H3-7_A,K3-20,True,39,1,1,0.0002010340366088,4.0079035858713385e-06,3.92611059853556e-06,False,False,False,False,False,False,False,False,False,False,False,False,False,-1,-1,False,2.4294117647058826,False,False,False,4.207874679565429,1753.8209,1,0.0002010340366088,4.0079035858713385e-06,707,1204,False,1204.0,False,False,False,False,0.9771540094544425,0.019935451224897992,0.019528610073499233
ARLTTAEVTSFDY,H5-51,UNK,True,39,1,1,0.0002010340366088,4.0079035858713385e-06,3.92611059853556e-06,False,False,False,False,False,False,False,False,False,False,False,False,False,-1,-1,False,1.8692307692307693,False,False,False,4.370375442504883,1473.5828,1,0.0002010340366088,4.0079035858713385e-06,889,1205,False,1205.0,False,False,False,False,0.9771540094544425,0.019935451224897992,0.019528610073499233
ARSRDPLYADFGFDI,H1-69,K3-20,True,39,1,1,0.0002010340366088,4.0079035858713385e-06,3.92611059853556e-06,False,False,False,False,True,False,False,False,False,False,False,False,False,-1,-1,False,1.2933333333333334,False,False,False,4.429057693481445,1742.8845,2,0.0002010340366088,4.0079035858713385e-06,931,1206,False,1206.0,False,False,False,False,0.9771540094544425,0.019935451224897992,0.019528610073499233
ARTSRDGLPFDY,H4-34,K1-39,True,39,1,1,0.0002010340366088,4.0079035858713385e-06,3.92611059853556e-06,False,True,False,False,False,False,False,False,False,False,False,False,False,0,0,False,2.475,False,False,False,6.004890823364257,1397.4917,2,0.0002010340366088,4.0079035858713385e-06,950,1207,False,1207.0,False,False,False,False,0.9771540094544425,0.019935451224897992,0.019528610073499233
ARAGKQFLIPRFDY,H1-69,K1-39,True,38,1,1,0.0001958793177214,4.0079035858713385e-06,3.92611059853556e-06,False,False,False,False,False,False,False,False,False,False,False,False,False,2,2,False,0.3285714285714288,False,False,False,9.98676300048828,1681.9338999999998,2,0.0001958793177214,4.0079035858713385e-06,14,1208,False,1208.0,False,False,False,False,0.9771540094544425,0.020460041581090736,0.020042494630153337
ARDARAWHHSDFDY,H1-69,K1-39,True,38,1,1,0.0001958793177214,4.0079035858713385e-06,3.92611059853556e-06,False,False,False,True,False,False,False,False,False,True,False,False,False,-1,1,False,2.45,False,False,False,5.991191482543945,1746.7953999999995,2,0.0001958793177214,4.0079035858713385e-06,69,1209,False,1209.0,False,False,False,False,0.9771540094544425,0.020460041581090736,0.020042494630153337
ARDEGLPLVSKVDAFDI,H1-69,K4-1,True,38,1,1,0.0001958793177214,4.0079035858713385e-06,3.92611059853556e-06,False,False,False,False,False,False,False,False,False,True,False,False,False,-2,-2,False,1.3647058823529414,False,False,False,4.226021194458009,1845.0577,1,0.0001958793177214,4.0079035858713385e-06,74,1210,False,1210.0,False,False,False,False,0.9771540094544425,0.020460041581090736,0.020042494630153337
ARGKGTITDEGEYGFDY,H3-7_A,K1-39,True,38,1,1,0.0001958793177214,4.0079035858713385e-06,3.92611059853556e-06,False,False,False,False,False,False,False,False,False,True,False,False,False,-2,-2,False,3.51764705882353,False,False,False,4.316753768920899,1878.9448,1,0.0001958793177214,4.0079035858713385e-06,302,1211,False,1211.0,False,False,False,False,0.9771540094544425,0.020460041581090736,0.020042494630153337
ARGPGTGNAYEWQFDY,H3-7_A,K3-15,True,38,1,1,0.0001958793177214,4.0079035858713385e-06,3.92611059853556e-06,False,False,False,False,False,False,False,False,False,False,False,False,False,-1,-1,False,2.5375,False,False,False,4.370375442504883,1831.8931,1,0.0001958793177214,4.0079035858713385e-06,402,1212,False,1212.0,False,False,False,False,0.9771540094544425,0.020460041581090736,0.020042494630153337
ARGPGYTSTGSALFDY,H3-7_A,K3-15,True,38,1,1,0.0001958793177214,4.0079035858713385e-06,3.92611059853556e-06,False,False,False,False,False,False,False,False,False,False,False,False,False,0,0,False,2.4250000000000003,False,False,False,5.87944984436035,1662.7535,1,0.0001958793177214,4.0079035858713385e-06,463,1213,False,1213.0,False,False,False,False,0.9771540094544425,0.020460041581090736,0.020042494630153337
ARGRGYTSASSLEFDY,H3-7_A,K3-20,True,38,1,1,0.0001958793177214,4.0079035858713385e-06,3.92611059853556e-06,False,False,False,False,False,False,False,False,False,True,False,False,False,0,0,False,2.7687500000000003,False,False,False,6.113258743286132,1779.8601,2,0.0001958793177214,4.0079035858713385e-06,611,1214,False,1214.0,False,False,False,False,0.9771540094544425,0.020460041581090736,0.020042494630153337
ARGTGFVTAAGTYGFDY,H3-7_A,K3-20,True,38,1,1,0.0001958793177214,4.0079035858713385e-06,3.92611059853556e-06,False,False,False,False,False,False,False,False,False,False,False,False,False,0,0,False,1.9411764705882355,False,False,False,5.87944984436035,1753.864,1,0.0001958793177214,4.0079035858713385e-06,677,1215,False,1215.0,False,False,False,False,0.9771540094544425,0.020460041581090736,0.020042494630153337
ARGTGTIGSYSYGFDI,H3-7_A,K1-39,True,38,1,1,0.0001958793177214,4.0079035858713385e-06,3.92611059853556e-06,False,False,False,False,False,False,False,False,False,False,False,False,False,0,0,False,2.09375,False,False,False,5.87944984436035,1664.7693000000002,1,0.0001958793177214,4.0079035858713385e-06,672,1216,False,1216.0,False,False,False,False,0.9771540094544425,0.020460041581090736,0.020042494630153337
ARGTGYVDWTSYAFDI,H3-7_A,K3-15,True,38,1,1,0.0001958793177214,4.0079035858713385e-06,3.92611059853556e-06,False,False,False,False,False,False,False,False,False,False,False,False,False,-1,-1,False,1.375,False,False,False,4.207874679565429,1821.938,1,0.0001958793177214,4.0079035858713385e-06,735,1217,False,1217.0,False,False,False,False,0.9771540094544425,0.020460041581090736,0.020042494630153337
ARGTGYVTAYEEYGFDI,H3-7_A,K3-20,True,38,1,1,0.0001958793177214,4.0079035858713385e-06,3.92611059853556e-06,False,False,False,False,False,False,False,False,False,True,False,False,False,-2,-2,False,2.052941176470588,False,False,False,4.137435531616211,1912.0159,1,0.0001958793177214,4.0079035858713385e-06,741,1218,False,1218.0,False,False,False,False,0.9771540094544425,0.020460041581090736,0.020042494630153337
ARGTTDAYFDFDY,H5-51,K3-20,True,38,1,1,0.0001958793177214,4.0079035858713385e-06,3.92611059853556e-06,False,False,False,False,False,False,False,False,False,True,False,False,False,-2,-2,False,2.484615384615385,False,False,False,4.050025558471679,1541.5721,1,0.0001958793177214,4.0079035858713385e-06,745,1219,False,1219.0,False,False,False,False,0.9771540094544425,0.020460041581090736,0.020042494630153337
ARGYSDWVSSVFDY,H1-69,K1-39,True,38,1,1,0.0001958793177214,4.0079035858713385e-06,3.92611059853556e-06,False,False,False,False,False,False,False,False,False,False,False,False,False,-1,-1,False,1.5071428571428571,False,False,False,4.207874679565429,1651.7289999999998,1,0.0001958793177214,4.0079035858713385e-06,792,1220,False,1220.0,False,False,False,False,0.9771540094544425,0.020460041581090736,0.020042494630153337
ARSVEDWVYDYGFDI,H1-69,K3-15,True,38,1,1,0.0001958793177214,4.0079035858713385e-06,3.92611059853556e-06,False,False,False,False,False,False,False,False,False,True,False,False,False,-3,-3,False,1.1933333333333336,False,False,False,4.050025558471679,1834.9334,1,0.0001958793177214,4.0079035858713385e-06,938,1221,False,1221.0,False,False,False,False,0.9771540094544425,0.020460041581090736,0.020042494630153337
ARVRGYQLEGQYFSFDY,H3-23_A,K4-1,True,38,1,1,0.0001958793177214,4.0079035858713385e-06,3.92611059853556e-06,False,False,False,False,False,False,False,False,False,False,False,False,False,0,0,False,1.247058823529412,False,False,False,6.112389755249024,2099.2601,2,0.0001958793177214,4.0079035858713385e-06,974,1222,False,1222.0,False,False,False,False,0.9771540094544425,0.020460041581090736,0.020042494630153337
ARAFAPWVSSVFDY,H1-69,K1-39,True,37,1,1,0.000190724598834,4.0079035858713385e-06,3.92611059853556e-06,False,False,False,False,False,False,False,False,False,False,False,False,False,0,0,False,-0.1499999999999998,False,False,False,5.880318832397459,1615.7846,1,0.000190724598834,4.0079035858713385e-06,13,1223,False,1223.0,False,False,False,False,0.9771540094544425,0.021012986686067874,0.02058415527406504
ARGARVFQTSAFDY,H1-69,K1-39,True,37,1,1,0.000190724598834,4.0079035858713385e-06,3.92611059853556e-06,False,False,False,False,False,False,False,False,False,False,False,False,False,1,1,False,1.7214285714285715,False,False,False,8.79022674560547,1588.7213,2,0.000190724598834,4.0079035858713385e-06,210,1224,False,1224.0,False,False,False,False,0.9771540094544425,0.021012986686067874,0.02058415527406504
ARGHGIIQSDVYGFDY,H3-7_A,K3-20,True,37,1,1,0.000190724598834,4.0079035858713385e-06,3.92611059853556e-06,False,False,False,False,False,False,False,False,False,False,False,False,False,-1,0,False,1.58125,False,False,False,5.212373733520507,1797.9198,1,0.000190724598834,4.0079035858713385e-06,258,1225,False,1225.0,False,False,False,False,0.9771540094544425,0.021012986686067874,0.02058415527406504
ARGIGTIASDAYGFDY,H3-7_A,K3-20,True,37,1,1,0.000190724598834,4.0079035858713385e-06,3.92611059853556e-06,False,False,False,False,False,False,False,False,False,False,False,False,False,-1,-1,False,1.89375,False,False,False,4.207874679565429,1676.78,1,0.000190724598834,4.0079035858713385e-06,282,1226,False,1226.0,False,False,False,False,0.9771540094544425,0.021012986686067874,0.02058415527406504
ARGKGEVSSSSYGFDI,H3-7_A,K3-20,True,37,1,1,0.000190724598834,4.0079035858713385e-06,3.92611059853556e-06,False,False,False,False,False,False,False,False,False,False,False,False,False,0,0,False,3.13125,False,False,False,6.113258743286132,1659.7513,1,0.000190724598834,4.0079035858713385e-06,296,1227,False,1227.0,False,False,False,False,0.9771540094544425,0.021012986686067874,0.02058415527406504
ARGKGVFVASRFDY,H1-69,K1-39,True,37,1,1,0.000190724598834,4.0079035858713385e-06,3.92611059853556e-06,False,False,False,False,False,False,False,False,False,False,False,False,False,2,2,False,1.3214285714285716,False,False,False,9.98676300048828,1572.7649,2,0.000190724598834,4.0079035858713385e-06,305,1228,False,1228.0,False,False,False,False,0.9771540094544425,0.021012986686067874,0.02058415527406504
ARGLGAINRYWDFDI,H1-69,K3-15,True,37,1,1,0.000190724598834,4.0079035858713385e-06,3.92611059853556e-06,False,False,False,False,False,False,False,False,False,True,False,False,False,0,0,False,0.3133333333333335,False,False,False,6.004890823364257,1766.9522000000002,2,0.000190724598834,4.0079035858713385e-06,319,1229,False,1229.0,False,False,False,False,0.9771540094544425,0.021012986686067874,0.02058415527406504
ARGLGLVSAGIYGFDI,H3-7_A,K3-20,True,37,1,1,0.000190724598834,4.0079035858713385e-06,3.92611059853556e-06,False,False,False,False,False,False,False,False,False,False,False,False,False,0,0,False,-0.0937499999999998,False,False,False,5.880318832397459,1608.8351,1,0.000190724598834,4.0079035858713385e-06,328,1230,False,1230.0,False,False,False,False,0.9771540094544425,0.021012986686067874,0.02058415527406504
ARGPFGAPWYDFDY,H5-51,UNK,True,37,1,1,0.000190724598834,4.0079035858713385e-06,3.92611059853556e-06,False,False,False,False,False,False,False,False,False,True,False,False,False,-1,-1,False,0.8428571428571431,False,False,False,4.207874679565429,1661.7685,1,0.000190724598834,4.0079035858713385e-06,373,1231,False,1231.0,False,False,False,False,0.9771540094544425,0.021012986686067874,0.02058415527406504
ARGPGNINNYAYAFDY,H3-7_A,K3-20,True,37,1,1,0.000190724598834,4.0079035858713385e-06,3.92611059853556e-06,False,False,True,False,False,False,False,False,False,False,False,False,False,0,0,False,2.00625,False,False,False,5.87858085632324,1805.8987,1,0.000190724598834,4.0079035858713385e-06,389,1232,False,1232.0,False,False,False,False,0.9771540094544425,0.021012986686067874,0.02058415527406504
ARGPGYVSGESWLFDI,H3-7_A,K1-39,True,37,1,1,0.000190724598834,4.0079035858713385e-06,3.92611059853556e-06,False,False,False,False,False,False,False,False,False,False,False,False,False,-1,-1,False,0.8937500000000002,False,False,False,4.370375442504883,1753.9071,1,0.000190724598834,4.0079035858713385e-06,482,1233,False,1233.0,False,False,False,False,0.9771540094544425,0.021012986686067874,0.02058415527406504
ARGRGTITGSEYGFDY,H3-7_A,K3-15,True,37,1,1,0.000190724598834,4.0079035858713385e-06,3.92611059853556e-06,False,False,False,False,False,False,False,False,False,False,False,False,False,0,0,False,2.9375,False,False,False,6.113258743286132,1749.8341,2,0.000190724598834,4.0079035858713385e-06,586,1234,False,1234.0,False,False,False,False,0.9771540094544425,0.021012986686067874,0.02058415527406504
ARGRGYLSTGSFEFDI,H3-7_A,K3-20,True,37,1,1,0.000190724598834,4.0079035858713385e-06,3.92611059853556e-06,False,False,False,False,False,False,False,False,False,True,False,False,False,0,0,False,1.63125,False,False,False,6.114178848266601,1775.9144,2,0.000190724598834,4.0079035858713385e-06,606,1236,False,1236.0,False,False,False,False,0.9771540094544425,0.021012986686067874,0.02058415527406504
ARGRGYVYAGSQYAFDI,H3-7_A,K3-15,True,37,1,1,0.000190724598834,4.0079035858713385e-06,3.92611059853556e-06,False,False,False,False,False,False,False,False,False,False,False,False,False,1,1,False,1.6294117647058826,False,False,False,8.539295959472657,1894.0502,2,0.000190724598834,4.0079035858713385e-06,355,1237,False,1237.0,False,False,False,False,0.9771540094544425,0.021012986686067874,0.02058415527406504
ARGYGPWGYDAFDY,H3-7_A,K1-39,True,37,1,1,0.000190724598834,4.0079035858713385e-06,3.92611059853556e-06,False,False,False,False,False,False,False,False,False,False,False,False,False,-1,-1,False,1.6214285714285717,False,False,False,4.207874679565429,1637.704,1,0.000190724598834,4.0079035858713385e-06,764,1238,False,1238.0,False,False,False,False,0.9771540094544425,0.021012986686067874,0.02058415527406504
ARLSRGYSQFDY,H1-69,K3-20,True,37,1,1,0.000190724598834,4.0079035858713385e-06,3.92611059853556e-06,False,False,False,False,False,False,False,False,False,False,False,False,False,1,1,False,1.916666666666667,False,False,False,8.632579040527343,1462.5649,2,0.000190724598834,4.0079035858713385e-06,874,1239,False,1239.0,False,False,False,False,0.9771540094544425,0.021012986686067874,0.02058415527406504
ARLTEADVSTFDY,H5-51,UNK,True,37,1,1,0.000190724598834,4.0079035858713385e-06,3.92611059853556e-06,False,False,False,False,False,False,False,False,False,True,False,False,False,-2,-2,False,2.2384615384615385,False,False,False,4.050025558471679,1487.5663,1,0.000190724598834,4.0079035858713385e-06,881,1240,False,1240.0,False,False,False,False,0.9771540094544425,0.021012986686067874,0.02058415527406504
ARLVPSNTAYGFDY,H3-23_A,K4-1,True,37,1,1,0.000190724598834,4.0079035858713385e-06,3.92611059853556e-06,False,False,False,False,False,False,False,False,False,False,False,False,False,0,0,False,1.3571428571428574,False,False,False,5.87944984436035,1573.7033,1,0.000190724598834,4.0079035858713385e-06,891,1241,False,1241.0,False,False,False,False,0.9771540094544425,0.021012986686067874,0.02058415527406504
ARTSRDGLPFDY,H4-34,K3-20,True,37,1,1,0.000190724598834,4.0079035858713385e-06,3.92611059853556e-06,False,True,False,False,False,False,False,False,False,False,False,False,False,0,0,False,2.475,False,False,False,6.004890823364257,1397.4917,2,0.000190724598834,4.0079035858713385e-06,950,1242,False,1242.0,False,False,False,False,0.9771540094544425,0.021012986686067874,0.02058415527406504
ARADPGFAWTPDAFDP,H1-69,K1-39,True,36,1,1,0.0001855698799465,4.0079035858713385e-06,3.92611059853556e-06,False,False,False,False,True,False,False,False,False,False,False,False,False,-2,-2,False,1.9625,False,False,False,4.050025558471679,1733.8331,1,0.0001855698799465,4.0079035858713385e-06,7,1243,False,1243.0,False,False,False,False,0.9771540094544425,0.021596649308248065,0.021155906554457312
ARARTLSWTPWEFDP,H3-7_A,K3-20,True,36,1,1,0.0001855698799465,4.0079035858713385e-06,3.92611059853556e-06,False,False,False,False,True,False,False,False,False,True,False,False,False,0,0,False,0.8733333333333334,False,False,False,6.1150478363037095,1833.0106,2,0.0001855698799465,4.0079035858713385e-06,39,1244,False,1244.0,False,False,False,False,0.9771540094544425,0.021596649308248065,0.021155906554457312
ARDLDPWYPSGYAFDP,H1-69,K1-39,True,36,1,1,0.0001855698799465,4.0079035858713385e-06,3.92611059853556e-06,False,False,False,False,True,False,False,False,False,True,False,False,False,-2,-2,False,1.5437500000000002,False,False,False,4.050025558471679,1869.9809,1,0.0001855698799465,4.0079035858713385e-06,91,1245,False,1245.0,False,False,False,False,0.9771540094544425,0.021596649308248065,0.021155906554457312
ARDVEEWGDYAFDY,H1-69,K1-39,True,36,1,1,0.0001855698799465,4.0079035858713385e-06,3.92611059853556e-06,False,False,False,False,False,False,False,False,False,True,False,False,False,-4,-4,False,2.357142857142857,False,False,False,4.050025558471679,1735.7594,1,0.0001855698799465,4.0079035858713385e-06,118,1246,False,1246.0,False,False,False,False,0.9771540094544425,0.021596649308248065,0.021155906554457312
AREDPYGWPYFDY,H4-34,K3-15,True,36,1,1,0.0001855698799465,4.0079035858713385e-06,3.92611059853556e-06,False,False,False,False,True,False,False,False,False,True,False,False,False,-2,-2,False,1.4692307692307691,False,False,False,4.050025558471679,1678.7527,1,0.0001855698799465,4.0079035858713385e-06,125,1247,False,1247.0,False,False,False,False,0.9771540094544425,0.021596649308248065,0.021155906554457312
AREGISYDRFEFDY,H3-7_A,K3-20,True,36,1,1,0.0001855698799465,4.0079035858713385e-06,3.92611059853556e-06,False,False,False,False,False,False,False,False,False,True,False,False,False,-2,-2,False,2.007142857142857,False,False,False,4.316753768920899,1767.8475999999998,2,0.0001855698799465,4.0079035858713385e-06,130,1248,False,1248.0,False,False,False,False,0.9771540094544425,0.021596649308248065,0.021155906554457312
ARGPGRNYGTGAWGFDI,H3-7_A,K3-15,True,36,1,1,0.0001855698799465,4.0079035858713385e-06,3.92611059853556e-06,False,False,False,False,False,False,False,False,False,False,False,False,False,1,1,False,2.1352941176470592,False,False,False,8.79022674560547,1794.9226,2,0.0001855698799465,4.0079035858713385e-06,396,1249,False,1249.0,False,False,False,False,0.9771540094544425,0.021596649308248065,0.021155906554457312
ARGPGVIGPNSYAFDY,H3-7_A,K3-15,True,36,1,1,0.0001855698799465,4.0079035858713385e-06,3.92611059853556e-06,False,False,True,False,False,False,False,False,False,False,False,False,False,0,0,False,1.78125,False,False,False,5.87944984436035,1683.8172,1,0.0001855698799465,4.0079035858713385e-06,413,1250,False,1250.0,False,False,False,False,0.9771540094544425,0.021596649308248065,0.021155906554457312
ARGPGYIQSPGLYGFDI,H3-7_A,K4-1,True,36,1,1,0.0001855698799465,4.0079035858713385e-06,3.92611059853556e-06,False,False,False,False,False,False,False,False,False,False,False,False,False,0,0,False,1.035294117647059,False,False,False,5.87944984436035,1811.0014,1,0.0001855698799465,4.0079035858713385e-06,440,1251,False,1251.0,False,False,False,False,0.9771540094544425,0.021596649308248065,0.021155906554457312
ARGPGYISGDYSYHFDY,H3-7_A,K1-39,True,36,1,1,0.0001855698799465,4.0079035858713385e-06,3.92611059853556e-06,False,False,False,True,False,False,False,False,False,False,False,False,False,-1,0,False,2.1058823529411765,False,False,False,5.212322616577147,1968.0409,1,0.0001855698799465,4.0079035858713385e-06,442,1252,False,1252.0,False,False,False,False,0.9771540094544425,0.021596649308248065,0.021155906554457312
ARGQGYIHAESYSFDI,H3-7_A,K3-20,True,36,1,1,0.0001855698799465,4.0079035858713385e-06,3.92611059853556e-06,False,False,False,False,False,False,False,False,False,False,False,False,False,-1,0,False,1.85625,False,False,False,5.322224044799805,1813.9193,1,0.0001855698799465,4.0079035858713385e-06,519,1253,False,1253.0,False,False,False,False,0.9771540094544425,0.021596649308248065,0.021155906554457312
ARGRGLISSGIYLFDY,H3-7_A,K1-39,True,36,1,1,0.0001855698799465,4.0079035858713385e-06,3.92611059853556e-06,False,False,False,False,False,False,False,False,False,False,False,False,False,1,1,False,0.2000000000000002,False,False,False,8.632579040527343,1788.0111000000002,2,0.0001855698799465,4.0079035858713385e-06,570,1255,False,1255.0,False,False,False,False,0.9771540094544425,0.021596649308248065,0.021155906554457312
ARGRGSIDASSYGFDY,H3-7_A,K3-20,True,36,1,1,0.0001855698799465,4.0079035858713385e-06,3.92611059853556e-06,False,False,False,False,False,False,False,False,False,False,False,False,False,0,0,False,3.0125,False,False,False,6.004021835327148,1721.7809,2,0.0001855698799465,4.0079035858713385e-06,580,1256,False,1256.0,False,False,False,False,0.9771540094544425,0.021596649308248065,0.021155906554457312
ARGRGTIGKGEYAFDY,H3-7_A,K3-20,True,36,1,1,0.0001855698799465,4.0079035858713385e-06,3.92611059853556e-06,False,False,False,False,False,False,False,False,False,False,False,False,False,1,1,False,2.69375,False,False,False,8.53950653076172,1760.9031,2,0.0001855698799465,4.0079035858713385e-06,561,1257,False,1257.0,False,False,False,False,0.9771540094544425,0.021596649308248065,0.021155906554457312
ARGSADWVTANFDY,H1-69,K1-39,True,36,1,1,0.0001855698799465,4.0079035858713385e-06,3.92611059853556e-06,False,False,False,False,False,False,False,False,False,False,False,False,False,-1,-1,False,2.15,False,False,False,4.207874679565429,1572.6325,1,0.0001855698799465,4.0079035858713385e-06,636,1259,False,1259.0,False,False,False,False,0.9771540094544425,0.021596649308248065,0.021155906554457312
ARGTGYIPRIGEYGFDY,H3-7_A,K3-20,True,36,1,1,0.0001855698799465,4.0079035858713385e-06,3.92611059853556e-06,False,False,False,False,False,False,False,False,False,False,False,False,False,0,0,False,1.6176470588235297,False,False,False,6.112389755249024,1935.0989,2,0.0001855698799465,4.0079035858713385e-06,713,1260,False,1260.0,False,False,False,False,0.9771540094544425,0.021596649308248065,0.021155906554457312
ARGVSARYFDFDY,H5-51,UNK,True,36,1,1,0.0001855698799465,4.0079035858713385e-06,3.92611059853556e-06,False,False,False,False,False,False,False,False,False,True,False,False,False,0,0,False,1.453846153846154,False,False,False,6.004021835327148,1566.6708999999998,2,0.0001855698799465,4.0079035858713385e-06,751,1261,False,1261.0,False,False,False,False,0.9771540094544425,0.021596649308248065,0.021155906554457312
ARLTDPYITSFDY,H5-51,K3-20,True,36,1,1,0.0001855698799465,4.0079035858713385e-06,3.92611059853556e-06,False,False,False,False,True,False,False,False,False,False,False,False,False,-1,-1,False,1.1615384615384616,False,False,False,4.207874679565429,1561.6894,1,0.0001855698799465,4.0079035858713385e-06,880,1262,False,1262.0,False,False,False,False,0.9771540094544425,0.021596649308248065,0.021155906554457312
ARLTSPGSIADFDY,H5-51,K4-1,True,36,1,1,0.0001855698799465,4.0079035858713385e-06,3.92611059853556e-06,False,False,False,False,False,False,False,False,False,True,False,False,False,-1,-1,False,1.8642857142857143,False,False,False,4.207874679565429,1512.6188,1,0.0001855698799465,4.0079035858713385e-06,888,1263,False,1263.0,False,False,False,False,0.9771540094544425,0.021596649308248065,0.021155906554457312
ARSLYEFVSSQFDY,H1-69,K1-39,True,36,1,1,0.0001855698799465,4.0079035858713385e-06,3.92611059853556e-06,False,False,False,False,False,False,False,False,False,False,False,False,False,-1,-1,False,1.0357142857142858,False,False,False,4.370375442504883,1711.8239999999998,1,0.0001855698799465,4.0079035858713385e-06,922,1264,False,1264.0,False,False,False,False,0.9771540094544425,0.021596649308248065,0.021155906554457312
ARVRWPYGYPHFDY,H1-69,K1-39,True,36,1,1,0.0001855698799465,4.0079035858713385e-06,3.92611059853556e-06,False,False,False,False,False,False,False,False,False,False,False,False,False,1,2,False,0.2785714285714287,False,False,False,8.545542907714843,1827.0073,2,0.0001855698799465,4.0079035858713385e-06,978,1265,False,1265.0,False,False,False,False,0.9771540094544425,0.021596649308248065,0.021155906554457312
ARDLGWGEWYDAYGFDY,H3-7_A,K1-39,True,35,1,1,0.0001804151610591,4.0079035858713385e-06,3.92611059853556e-06,False,False,False,False,False,False,False,False,False,False,False,False,False,-3,-3,False,1.1294117647058826,False,False,False,4.050025558471679,2084.1577,1,0.0001804151610591,4.0079035858713385e-06,95,1267,False,1267.0,False,False,False,False,0.9771540094544425,0.022213662231724496,0.021760327525768567
ARDVYWAFGIGAFDY,H4-34,K4-1,True,35,1,1,0.0001804151610591,4.0079035858713385e-06,3.92611059853556e-06,False,False,False,False,False,False,False,False,False,False,False,False,False,-1,-1,False,-0.1333333333333332,False,False,False,4.207874679565429,1750.9045999999998,1,0.0001804151610591,4.0079035858713385e-06,120,1268,False,1268.0,False,False,False,False,0.9771540094544425,0.022213662231724496,0.021760327525768567
ARELSWAYSPWAGYFDP,H3-23_A,K3-20,True,35,1,1,0.0001804151610591,4.0079035858713385e-06,3.92611059853556e-06,False,False,False,False,True,False,False,False,False,False,False,False,False,-1,-1,False,0.5294117647058825,False,False,False,4.370375442504883,2016.17,1,0.0001804151610591,4.0079035858713385e-06,141,1269,False,1269.0,False,False,False,False,0.9771540094544425,0.022213662231724496,0.021760327525768567
ARGAGYIDPTQWAFDY,H3-7_A,K3-15,True,35,1,1,0.0001804151610591,4.0079035858713385e-06,3.92611059853556e-06,False,False,False,False,True,False,False,False,False,False,False,False,False,-1,-1,False,1.5125000000000002,False,False,False,4.207874679565429,1830.9481,1,0.0001804151610591,4.0079035858713385e-06,191,1270,False,1270.0,False,False,False,False,0.9771540094544425,0.022213662231724496,0.021760327525768567
ARGAGYTRESEVDFDY,H3-7_A,UNK,True,35,1,1,0.0001804151610591,4.0079035858713385e-06,3.92611059853556e-06,False,False,False,False,False,False,False,False,False,True,False,False,False,-2,-2,False,3.4125,False,False,False,4.316753768920899,1835.8803000000005,2,0.0001804151610591,4.0079035858713385e-06,197,1271,False,1271.0,False,False,False,False,0.9771540094544425,0.022213662231724496,0.021760327525768567
ARGAGYVWGDELGFDY,H3-7_A,K3-20,True,35,1,1,0.0001804151610591,4.0079035858713385e-06,3.92611059853556e-06,False,False,False,False,False,False,False,False,False,True,False,False,False,-2,-2,False,1.44375,False,False,False,4.050025558471679,1775.8695,1,0.0001804151610591,4.0079035858713385e-06,204,1272,False,1272.0,False,False,False,False,0.9771540094544425,0.022213662231724496,0.021760327525768567
ARGAPYGKYGDFDY,H1-69,K3-20,True,35,1,1,0.0001804151610591,4.0079035858713385e-06,3.92611059853556e-06,False,False,False,False,False,False,False,False,False,True,False,False,False,0,0,False,2.7428571428571438,False,False,False,6.0022838592529295,1579.6663999999998,1,0.0001804151610591,4.0079035858713385e-06,208,1273,False,1273.0,False,False,False,False,0.9771540094544425,0.022213662231724496,0.021760327525768567
ARGEGYTSPLGYAFDI,H3-7_A,K3-20,True,35,1,1,0.0001804151610591,4.0079035858713385e-06,3.92611059853556e-06,False,False,False,False,False,False,False,False,False,False,False,False,False,-1,-1,False,1.68125,False,False,False,4.370375442504883,1716.8439,1,0.0001804151610591,4.0079035858713385e-06,233,1274,False,1274.0,False,False,False,False,0.9771540094544425,0.022213662231724496,0.021760327525768567
ARGLGTISSRSYGFDY,H3-7_A,K1-39,True,35,1,1,0.0001804151610591,4.0079035858713385e-06,3.92611059853556e-06,False,False,False,False,False,False,False,False,False,False,False,False,False,1,1,False,2.00625,False,False,False,8.632579040527343,1749.8771000000002,2,0.0001804151610591,4.0079035858713385e-06,332,1275,False,1275.0,False,False,False,False,0.9771540094544425,0.022213662231724496,0.021760327525768567
ARGPGYIDAYRYAFDY,H3-7_A,K3-20,True,35,1,1,0.0001804151610591,4.0079035858713385e-06,3.92611059853556e-06,False,False,False,False,False,False,False,False,False,False,False,False,False,0,0,False,1.4625,False,False,False,6.0022838592529295,1898.0372,2,0.0001804151610591,4.0079035858713385e-06,425,1276,False,1276.0,False,False,False,False,0.9771540094544425,0.022213662231724496,0.021760327525768567
ARGPGYIFSPDAYHFDI,H3-7_A,K3-15,True,35,1,1,0.0001804151610591,4.0079035858713385e-06,3.92611059853556e-06,False,False,False,True,False,False,False,False,False,False,False,False,False,-1,0,False,0.8470588235294119,False,False,False,5.212373733520507,1926.0904,1,0.0001804151610591,4.0079035858713385e-06,429,1277,False,1277.0,False,False,False,False,0.9771540094544425,0.022213662231724496,0.021760327525768567
ARGQPGKQWFDFDY,H1-69,K4-1,True,35,1,1,0.0001804151610591,4.0079035858713385e-06,3.92611059853556e-06,False,False,False,False,False,False,False,False,False,True,False,False,False,0,0,False,1.942857142857143,False,False,False,6.004021835327148,1714.8329,1,0.0001804151610591,4.0079035858713385e-06,537,1278,False,1278.0,False,False,False,False,0.9771540094544425,0.022213662231724496,0.021760327525768567
ARGRGFVSAQDAYHFDI,H3-7_A,K3-20,True,35,1,1,0.0001804151610591,4.0079035858713385e-06,3.92611059853556e-06,False,False,False,True,False,False,False,False,False,False,False,False,False,0,1,False,1.6882352941176473,False,False,False,6.791580581665039,1910.053,2,0.0001804151610591,4.0079035858713385e-06,558,1279,False,1279.0,False,False,False,False,0.9771540094544425,0.022213662231724496,0.021760327525768567
ARGRGTVSAGEYAFDY,H3-7_A,K3-20,True,35,1,1,0.0001804151610591,4.0079035858713385e-06,3.92611059853556e-06,False,False,False,False,False,False,False,False,False,False,False,False,False,0,0,False,2.7875,False,False,False,6.113258743286132,1719.8081,2,0.0001804151610591,4.0079035858713385e-06,581,1280,False,1280.0,False,False,False,False,0.9771540094544425,0.022213662231724496,0.021760327525768567
ARGSGYVTPRHYGFDI,H3-7_A,K3-15,True,35,1,1,0.0001804151610591,4.0079035858713385e-06,3.92611059853556e-06,False,False,False,False,False,False,False,False,False,False,False,False,False,1,2,False,1.8,False,False,False,8.638685607910158,1795.9504000000002,2,0.0001804151610591,4.0079035858713385e-06,628,1282,False,1282.0,False,False,False,False,0.9771540094544425,0.022213662231724496,0.021760327525768567
ARGTGQWYDFDY,H5-51,K4-1,True,35,1,1,0.0001804151610591,4.0079035858713385e-06,3.92611059853556e-06,False,False,False,False,False,False,False,False,False,True,False,False,False,-1,-1,False,2.1583333333333337,False,False,False,4.207874679565429,1478.5195,1,0.0001804151610591,4.0079035858713385e-06,691,1283,False,1283.0,False,False,False,False,0.9771540094544425,0.022213662231724496,0.021760327525768567
ARGTGYVTGAEYAFDY,H3-7_A,K1-39,True,35,1,1,0.0001804151610591,4.0079035858713385e-06,3.92611059853556e-06,False,False,False,False,False,False,False,False,False,False,False,False,False,-1,-1,False,2.325,False,False,False,4.370375442504883,1740.8222,1,0.0001804151610591,4.0079035858713385e-06,742,1284,False,1284.0,False,False,False,False,0.9771540094544425,0.022213662231724496,0.021760327525768567
ARGYGEWVSATFDY,H3-7_A,K1-39,True,35,1,1,0.0001804151610591,4.0079035858713385e-06,3.92611059853556e-06,False,False,False,False,False,False,False,False,False,False,False,False,False,-1,-1,False,1.6142857142857143,False,False,False,4.370375442504883,1621.7031,1,0.0001804151610591,4.0079035858713385e-06,184,1285,False,1285.0,False,False,False,False,0.9771540094544425,0.022213662231724496,0.021760327525768567
ARAAYAGRIFDY,H1-69,K1-39,True,34,1,1,0.0001752604421717,4.0079035858713385e-06,3.92611059853556e-06,False,False,False,False,False,False,False,False,False,False,False,False,False,1,1,False,0.9583333333333336,False,False,False,8.632579040527343,1373.5148,2,0.0001752604421717,4.0079035858713385e-06,5,1286,False,1286.0,True,True,True,False,0.9771540094544425,0.022866967962259604,0.022400300643330547
ARDAGQWLFDY,H3-7_A,K1-39,True,34,1,1,0.0001752604421717,4.0079035858713385e-06,3.92611059853556e-06,False,False,False,False,False,False,False,False,False,False,False,False,False,-1,-1,False,0.8909090909090911,False,False,False,4.207874679565429,1341.4266,1,0.0001752604421717,4.0079035858713385e-06,68,1287,False,1287.0,False,False,False,False,0.9771540094544425,0.022866967962259604,0.022400300643330547
ARDLRIWPSNAGFDI,H3-23_A,K3-20,True,34,1,1,0.0001752604421717,4.0079035858713385e-06,3.92611059853556e-06,False,False,False,False,False,False,False,False,False,False,False,False,False,0,0,False,0.6333333333333334,False,False,False,6.005810928344727,1730.9202,2,0.0001752604421717,4.0079035858713385e-06,101,1288,False,1288.0,False,False,False,False,0.9771540094544425,0.022866967962259604,0.022400300643330547
ARDLSSVWLSTGFDI,H3-23_A,K3-20,True,34,1,1,0.0001752604421717,4.0079035858713385e-06,3.92611059853556e-06,False,False,False,False,False,False,False,False,False,False,False,False,False,-1,-1,False,0.4933333333333334,False,False,False,4.207874679565429,1666.8283,1,0.0001752604421717,4.0079035858713385e-06,102,1289,False,1289.0,False,False,False,False,0.9771540094544425,0.022866967962259604,0.022400300643330547
ARDREEWYGIDAFDY,H3-7_A,K1-39,True,34,1,1,0.0001752604421717,4.0079035858713385e-06,3.92611059853556e-06,False,False,False,False,False,False,False,False,False,True,False,False,False,-3,-3,False,2.1933333333333334,False,False,False,4.105078506469726,1905.9717,2,0.0001752604421717,4.0079035858713385e-06,113,1290,False,1290.0,False,False,False,False,0.9771540094544425,0.022866967962259604,0.022400300643330547
ARGHGIIGDRSYLFDY,H3-7_A,K3-20,True,34,1,1,0.0001752604421717,4.0079035858713385e-06,3.92611059853556e-06,False,False,False,False,False,False,False,False,False,False,False,False,False,0,1,False,1.1250000000000002,False,False,False,6.790507125854492,1840.0029,2,0.0001752604421717,4.0079035858713385e-06,256,1292,False,1292.0,False,False,False,False,0.9771540094544425,0.022866967962259604,0.022400300643330547
ARGLGASNRYWDFDI,H1-69,K3-20,True,34,1,1,0.0001752604421717,4.0079035858713385e-06,3.92611059853556e-06,False,False,False,False,False,False,False,False,False,True,False,False,False,0,0,False,1.2800000000000002,False,False,False,6.004890823364257,1740.8719,2,0.0001752604421717,4.0079035858713385e-06,319,1293,False,1293.0,False,False,False,False,0.9771540094544425,0.022866967962259604,0.022400300643330547
ARGLGYVSSGKAYEFDY,H3-7_A,K3-20,True,34,1,1,0.0001752604421717,4.0079035858713385e-06,3.92611059853556e-06,False,False,False,False,False,False,False,False,False,True,False,False,False,0,0,False,2.011764705882353,False,False,False,6.111520767211914,1883.021,1,0.0001752604421717,4.0079035858713385e-06,353,1294,False,1294.0,False,False,False,False,0.9771540094544425,0.022866967962259604,0.022400300643330547
ARGPGYLDYGAYQFDY,H3-7_A,K3-20,True,34,1,1,0.0001752604421717,4.0079035858713385e-06,3.92611059853556e-06,False,False,False,False,False,False,False,False,False,False,False,False,False,-1,-1,False,1.725,False,False,False,4.207874679565429,1855.9541,1,0.0001752604421717,4.0079035858713385e-06,386,1295,False,1295.0,False,False,False,False,0.9771540094544425,0.022866967962259604,0.022400300643330547
ARGRGIIGVSEYGFDY,H3-7_A,K4-1,True,34,1,1,0.0001752604421717,4.0079035858713385e-06,3.92611059853556e-06,False,False,False,False,False,False,False,False,False,False,False,False,False,0,0,False,1.55625,False,False,False,6.113258743286132,1759.9149,2,0.0001752604421717,4.0079035858713385e-06,394,1296,False,1296.0,False,False,False,False,0.9771540094544425,0.022866967962259604,0.022400300643330547
ARGRGYVALSGYAFDI,H3-7_A,K3-20,True,34,1,1,0.0001752604421717,4.0079035858713385e-06,3.92611059853556e-06,False,False,False,False,False,False,False,False,False,False,False,False,False,1,1,False,0.9000000000000001,False,False,False,8.632579040527343,1715.9054,2,0.0001752604421717,4.0079035858713385e-06,621,1297,False,1297.0,False,False,False,False,0.9771540094544425,0.022866967962259604,0.022400300643330547
ARGTGLTDEAGSYGFDY,H3-7_A,K3-20,True,34,1,1,0.0001752604421717,4.0079035858713385e-06,3.92611059853556e-06,False,False,False,False,False,False,False,False,False,True,False,False,False,-2,-2,False,3.158823529411765,False,False,False,4.050025558471679,1779.8137000000002,1,0.0001752604421717,4.0079035858713385e-06,689,1298,False,1298.0,False,False,False,False,0.9771540094544425,0.022866967962259604,0.022400300643330547
ARLTDADVTSFDY,H5-51,UNK,True,34,1,1,0.0001752604421717,4.0079035858713385e-06,3.92611059853556e-06,False,False,False,False,False,False,False,False,False,True,False,False,False,-2,-2,False,2.407692307692308,False,False,False,4.050025558471679,1473.5397,1,0.0001752604421717,4.0079035858713385e-06,878,1299,False,1299.0,False,False,False,False,0.9771540094544425,0.022866967962259604,0.022400300643330547
ARALGPFGPSGHFDY,H1-69,K1-39,True,33,1,1,0.0001701057232843,4.0079035858713385e-06,3.92611059853556e-06,False,False,False,False,False,False,False,False,False,False,False,False,False,0,1,False,1.2533333333333336,False,False,False,6.788309097290039,1591.7235,1,0.0001701057232843,4.0079035858713385e-06,28,1300,False,1300.0,False,False,False,False,0.9771540094544425,0.023559865652002483,0.023079057730449666
ARDIDVWDNLQWFDP,H3-7_A,K3-20,True,33,1,1,0.0001701057232843,4.0079035858713385e-06,3.92611059853556e-06,False,False,False,False,True,False,False,False,False,True,False,False,False,-3,-3,False,0.7533333333333334,False,False,False,4.050025558471679,1890.0153,1,0.0001701057232843,4.0079035858713385e-06,82,1301,False,1301.0,False,False,False,False,0.9771540094544425,0.023559865652002483,0.023079057730449666
ARDIDVWDNLQWFDP,UNK,K3-20,True,33,1,1,0.0001701057232843,4.0079035858713385e-06,3.92611059853556e-06,False,False,False,False,True,False,False,False,False,True,False,False,False,-3,-3,False,0.7533333333333334,False,False,False,4.050025558471679,1890.0153,1,0.0001701057232843,4.0079035858713385e-06,82,1302,False,1302.0,False,False,False,False,0.9771540094544425,0.023559865652002483,0.023079057730449666
ARESRAYAVAGFDY,H3-23_A,K3-20,True,33,1,1,0.0001701057232843,4.0079035858713385e-06,3.92611059853556e-06,False,False,False,False,False,False,False,False,False,False,False,False,False,0,0,False,2.15,False,False,False,6.113258743286132,1575.6795,2,0.0001701057232843,4.0079035858713385e-06,153,1303,False,1303.0,False,False,False,False,0.9771540094544425,0.023559865652002483,0.023079057730449666
ARGAGEWTSATFDY,H1-69,K1-39,True,33,1,1,0.0001701057232843,4.0079035858713385e-06,3.92611059853556e-06,False,False,False,False,False,False,False,False,False,False,False,False,False,-1,-1,False,2.5357142857142856,False,False,False,4.370375442504883,1531.5807,1,0.0001701057232843,4.0079035858713385e-06,184,1304,False,1304.0,False,False,False,False,0.9771540094544425,0.023559865652002483,0.023079057730449666
ARGAGWVSSGEYGFDY,H3-7_A,K3-15,True,33,1,1,0.0001701057232843,4.0079035858713385e-06,3.92611059853556e-06,False,False,False,False,False,False,False,False,False,False,False,False,False,-1,-1,False,2.2062500000000003,False,False,False,4.370375442504883,1721.7791,1,0.0001701057232843,4.0079035858713385e-06,186,1305,False,1305.0,False,False,False,False,0.9771540094544425,0.023559865652002483,0.023079057730449666
ARGAGYTRESSYGFDI,H3-7_A,K3-20,True,33,1,1,0.0001701057232843,4.0079035858713385e-06,3.92611059853556e-06,False,False,False,False,False,False,False,False,False,False,False,False,False,0,0,False,2.79375,False,False,False,6.113258743286132,1749.8341,2,0.0001701057232843,4.0079035858713385e-06,198,1306,False,1306.0,False,False,False,False,0.9771540094544425,0.023559865652002483,0.023079057730449666
ARGAGYVSAGEWSFDY,H3-7_A,K1-39,True,33,1,1,0.0001701057232843,4.0079035858713385e-06,3.92611059853556e-06,False,False,False,False,False,False,False,False,False,False,False,False,False,-1,-1,False,1.98125,False,False,False,4.370375442504883,1735.8057,1,0.0001701057232843,4.0079035858713385e-06,201,1307,False,1307.0,False,False,False,False,0.9771540094544425,0.023559865652002483,0.023079057730449666
ARGHGYVSGEVYGFDY,H3-7_A,K3-15,True,33,1,1,0.0001701057232843,4.0079035858713385e-06,3.92611059853556e-06,False,False,False,False,False,False,False,False,False,False,False,False,False,-1,0,False,2.075,False,False,False,5.322172927856446,1776.8575,1,0.0001701057232843,4.0079035858713385e-06,273,1308,False,1308.0,False,False,False,False,0.9771540094544425,0.023559865652002483,0.023079057730449666
ARGHIGDYWGEFDY,H1-69,K4-1,True,33,1,1,0.0001701057232843,4.0079035858713385e-06,3.92611059853556e-06,False,False,False,False,False,False,False,False,False,True,False,False,False,-2,-1,False,1.592857142857143,False,False,False,4.536607742309571,1685.7486,1,0.0001701057232843,4.0079035858713385e-06,274,1309,False,1309.0,False,False,False,False,0.9771540094544425,0.023559865652002483,0.023079057730449666
ARGKGRVDASSYGFDI,H3-7_A,K4-1,True,33,1,1,0.0001701057232843,4.0079035858713385e-06,3.92611059853556e-06,False,False,False,False,False,False,False,False,False,False,False,False,False,1,1,False,2.85,False,False,False,8.632649230957028,1698.8337,2,0.0001701057232843,4.0079035858713385e-06,299,1310,False,1310.0,False,False,False,False,0.9771540094544425,0.023559865652002483,0.023079057730449666
ARGKGRVSSGEYLFDY,H3-7_A,K3-15,True,33,1,1,0.0001701057232843,4.0079035858713385e-06,3.92611059853556e-06,False,False,False,False,False,False,False,False,False,False,False,False,False,1,1,False,2.3875,False,False,False,8.53950653076172,1804.9556,2,0.0001701057232843,4.0079035858713385e-06,300,1311,False,1311.0,False,False,False,False,0.9771540094544425,0.023559865652002483,0.023079057730449666
ARGKGYLGSGVYGFDI,H3-7_A,K3-15,True,33,1,1,0.0001701057232843,4.0079035858713385e-06,3.92611059853556e-06,False,False,False,False,False,False,False,False,False,False,False,False,False,1,1,False,1.44375,False,False,False,8.54006805419922,1659.8388,1,0.0001701057232843,4.0079035858713385e-06,310,1312,False,1312.0,False,False,False,False,0.9771540094544425,0.023559865652002483,0.023079057730449666
ARGLRPWLSPNFDY,H1-69,K1-39,True,33,1,1,0.0001701057232843,4.0079035858713385e-06,3.92611059853556e-06,False,False,False,False,False,False,False,False,False,False,False,False,False,1,1,False,0.3142857142857145,False,False,False,8.79022674560547,1691.8856999999998,2,0.0001701057232843,4.0079035858713385e-06,359,1313,False,1313.0,False,False,False,False,0.9771540094544425,0.023559865652002483,0.023079057730449666
ARGPGTISRGAYAFDY,H3-7_A,K1-39,True,33,1,1,0.0001701057232843,4.0079035858713385e-06,3.92611059853556e-06,False,False,False,False,False,False,False,False,False,False,False,False,False,1,1,False,2.1625,False,False,False,8.632579040527343,1701.8359,2,0.0001701057232843,4.0079035858713385e-06,408,1314,False,1314.0,False,False,False,False,0.9771540094544425,0.023559865652002483,0.023079057730449666
ARGPGYIGERGYAFDY,H3-7_A,K4-1,True,33,1,1,0.0001701057232843,4.0079035858713385e-06,3.92611059853556e-06,False,False,False,False,False,False,False,False,False,False,False,False,False,0,0,False,2.0250000000000004,False,False,False,6.112389755249024,1791.9153,2,0.0001701057232843,4.0079035858713385e-06,194,1315,False,1315.0,False,False,False,False,0.9771540094544425,0.023559865652002483,0.023079057730449666
ARGPGYISSPGSYAFDI,H1-69,K3-15,True,33,1,1,0.0001701057232843,4.0079035858713385e-06,3.92611059853556e-06,False,False,False,False,False,False,False,False,False,False,False,False,False,0,0,False,1.7764705882352942,False,False,False,5.87944984436035,1757.8958,1,0.0001701057232843,4.0079035858713385e-06,431,1316,False,1316.0,False,False,False,False,0.9771540094544425,0.023559865652002483,0.023079057730449666
ARGPGYTTGISYGFDY,H3-7_A,K3-20,True,33,1,1,0.0001701057232843,4.0079035858713385e-06,3.92611059853556e-06,False,False,False,False,False,False,False,False,False,False,False,False,False,0,0,False,2.2,False,False,False,5.87858085632324,1724.8228,1,0.0001701057232843,4.0079035858713385e-06,465,1317,False,1317.0,False,False,False,False,0.9771540094544425,0.023559865652002483,0.023079057730449666
ARGPPYGAYGDFDY,H1-69,K3-20,True,33,1,1,0.0001701057232843,4.0079035858713385e-06,3.92611059853556e-06,False,False,False,False,False,False,False,False,False,True,False,False,False,-1,-1,False,2.485714285714286,False,False,False,4.207874679565429,1548.6092999999998,1,0.0001701057232843,4.0079035858713385e-06,208,1318,False,1318.0,False,False,False,False,0.9771540094544425,0.023559865652002483,0.023079057730449666
ARGQGYVYSEGTYGFDY,H3-7_A,K1-39,True,33,1,1,0.0001701057232843,4.0079035858713385e-06,3.92611059853556e-06,False,False,False,False,False,False,False,False,False,False,False,False,False,-1,-1,False,2.594117647058824,False,False,False,4.370324325561524,1932.9935,1,0.0001701057232843,4.0079035858713385e-06,535,1319,False,1319.0,False,False,False,False,0.9771540094544425,0.023559865652002483,0.023079057730449666
ARGRGIVSSGSYAFDY,H3-7_A,K3-15,True,33,1,1,0.0001701057232843,4.0079035858713385e-06,3.92611059853556e-06,False,False,False,False,False,False,False,False,False,False,False,False,False,1,1,False,2.15625,False,False,False,8.632579040527343,1705.8245000000002,2,0.0001701057232843,4.0079035858713385e-06,555,1320,False,1320.0,False,False,False,False,0.9771540094544425,0.023559865652002483,0.023079057730449666
ARGRGNWYEFDY,H5-51,K3-15,True,33,1,1,0.0001701057232843,4.0079035858713385e-06,3.92611059853556e-06,False,False,False,False,False,False,False,False,False,True,False,False,False,0,0,False,1.9750000000000003,False,False,False,6.113258743286132,1533.6013,2,0.0001701057232843,4.0079035858713385e-06,575,1321,False,1321.0,False,False,False,False,0.9771540094544425,0.023559865652002483,0.023079057730449666
ARGRGYASSGSYDFDI,H3-7_A,K3-20,True,33,1,1,0.0001701057232843,4.0079035858713385e-06,3.92611059853556e-06,False,False,False,False,False,False,False,False,False,True,False,False,False,0,0,False,3.0125,False,False,False,6.004021835327148,1721.7809,2,0.0001701057232843,4.0079035858713385e-06,582,1322,False,1322.0,False,False,False,False,0.9771540094544425,0.023559865652002483,0.023079057730449666
ARGRGYSGAGVYGFDI,H3-7_A,K3-15,True,33,1,1,0.0001701057232843,4.0079035858713385e-06,3.92611059853556e-06,False,False,False,False,False,False,False,False,False,False,False,False,False,1,1,False,2.0562500000000004,False,False,False,8.632579040527343,1645.7725,2,0.0001701057232843,4.0079035858713385e-06,607,1323,False,1323.0,False,False,False,False,0.9771540094544425,0.023559865652002483,0.023079057730449666
ARGRGYSQPGVYGFDI,H3-7_A,K4-1,True,33,1,1,0.0001701057232843,4.0079035858713385e-06,3.92611059853556e-06,False,False,False,False,False,False,False,False,False,False,False,False,False,1,1,False,2.075,False,False,False,8.632579040527343,1742.8877,2,0.0001701057232843,4.0079035858713385e-06,550,1324,False,1324.0,False,False,False,False,0.9771540094544425,0.023559865652002483,0.023079057730449666
ARGTGYTYVDRTYAFDI,H3-7_A,K3-20,True,33,1,1,0.0001701057232843,4.0079035858713385e-06,3.92611059853556e-06,False,False,False,False,False,False,False,False,False,False,False,False,False,0,0,False,1.9411764705882355,False,False,False,6.003152847290039,1969.1136,2,0.0001701057232843,4.0079035858713385e-06,731,1325,False,1325.0,False,False,False,False,0.9771540094544425,0.023559865652002483,0.023079057730449666
ARGYRAFQTPLFDY,H1-69,K1-39,True,33,1,1,0.0001701057232843,4.0079035858713385e-06,3.92611059853556e-06,False,False,False,False,False,False,False,False,False,False,False,False,False,1,1,False,0.7285714285714288,False,False,False,8.632579040527343,1704.8810999999998,2,0.0001701057232843,4.0079035858713385e-06,635,1326,False,1326.0,False,False,False,False,0.9771540094544425,0.023559865652002483,0.023079057730449666
ARPGRAWQTATFDY,H1-69,K1-39,True,33,1,1,0.0001701057232843,4.0079035858713385e-06,3.92611059853556e-06,False,False,False,False,False,False,False,False,False,False,False,False,False,1,1,False,1.9857142857142855,False,False,False,8.79022674560547,1639.7682,2,0.0001701057232843,4.0079035858713385e-06,631,1327,False,1327.0,False,False,False,False,0.9771540094544425,0.023559865652002483,0.023079057730449666
ARPLDYDVSPFDY,H4-34,K4-1,True,33,1,1,0.0001701057232843,4.0079035858713385e-06,3.92611059853556e-06,False,False,False,False,False,False,False,False,False,True,False,False,False,-2,-2,False,1.623076923076923,False,False,False,4.050025558471679,1557.6576,1,0.0001701057232843,4.0079035858713385e-06,905,1328,False,1328.0,False,False,False,False,0.9771540094544425,0.023559865652002483,0.023079057730449666
ARYPSTGEWFDFDY,H1-69,K1-39,True,33,1,1,0.0001701057232843,4.0079035858713385e-06,3.92611059853556e-06,False,False,False,False,False,False,False,False,False,True,False,False,False,-2,-2,False,1.5285714285714287,False,False,False,4.050025558471679,1753.8193,1,0.0001701057232843,4.0079035858713385e-06,1002,1329,False,1329.0,False,False,False,False,0.9771540094544425,0.023559865652002483,0.023079057730449666
ARATAGYGSFDY,H4-34,K3-20,True,32,1,1,0.0001649510043969,4.0079035858713385e-06,3.92611059853556e-06,False,False,False,False,False,False,False,False,False,False,False,False,False,0,0,False,2.5500000000000003,False,False,False,5.87944984436035,1278.3261,1,0.0001649510043969,4.0079035858713385e-06,54,1330,False,1330.0,False,False,False,False,0.9771540094544425,0.024296066822121362,0.02380023456385636
ARDAYAGFPSNDPFDP,H1-69,K3-20,True,32,1,1,0.0001649510043969,4.0079035858713385e-06,3.92611059853556e-06,False,False,False,False,True,False,False,False,False,False,False,False,False,-2,-2,False,2.85625,False,False,False,4.050025558471679,1739.7945,1,0.0001649510043969,4.0079035858713385e-06,73,1331,False,1331.0,False,False,False,False,0.9771540094544425,0.024296066822121362,0.02380023456385636
ARETYGLPALFDY,H5-51,K3-20,True,32,1,1,0.0001649510043969,4.0079035858713385e-06,3.92611059853556e-06,False,False,False,False,False,False,False,False,False,False,False,False,False,-1,-1,False,0.6000000000000002,False,False,False,4.370375442504883,1515.664,1,0.0001649510043969,4.0079035858713385e-06,158,1332,False,1332.0,False,False,False,False,0.9771540094544425,0.024296066822121362,0.02380023456385636
ARGAIPGDVLWVFDY,H1-69,K1-39,True,32,1,1,0.0001649510043969,4.0079035858713385e-06,3.92611059853556e-06,False,False,False,False,False,False,False,False,False,False,False,False,False,-1,-1,False,-0.2533333333333332,False,False,False,4.207874679565429,1678.8835,1,0.0001649510043969,4.0079035858713385e-06,205,1333,False,1333.0,False,False,False,False,0.9771540094544425,0.024296066822121362,0.02380023456385636
ARGLGYGTSREWYFDY,H3-7_A,K1-39,True,32,1,1,0.0001649510043969,4.0079035858713385e-06,3.92611059853556e-06,False,False,False,True,False,False,False,False,False,False,False,False,False,0,0,False,1.4375000000000002,False,False,False,6.112389755249024,1941.062,2,0.0001649510043969,4.0079035858713385e-06,336,1334,False,1334.0,False,False,False,False,0.9771540094544425,0.024296066822121362,0.02380023456385636
ARGPGAISAYSYGFDY,H3-7_A,K4-1,True,32,1,1,0.0001649510043969,4.0079035858713385e-06,3.92611059853556e-06,False,False,False,False,False,False,False,False,False,False,False,False,False,0,0,False,1.8625,False,False,False,5.87858085632324,1694.7968,1,0.0001649510043969,4.0079035858713385e-06,376,1335,False,1335.0,False,False,False,False,0.9771540094544425,0.024296066822121362,0.02380023456385636
ARGPGLIYDASFAFDY,H3-7_A,K3-20,True,32,1,1,0.0001649510043969,4.0079035858713385e-06,3.92611059853556e-06,False,False,False,False,False,False,False,False,False,False,False,False,False,-1,-1,False,0.6937500000000002,False,False,False,4.207874679565429,1762.9138,1,0.0001649510043969,4.0079035858713385e-06,387,1336,False,1336.0,False,False,False,False,0.9771540094544425,0.024296066822121362,0.02380023456385636
ARGPGSTSSSSYGFDI,H3-7_A,K3-15,True,32,1,1,0.0001649510043969,4.0079035858713385e-06,3.92611059853556e-06,False,False,False,False,False,False,False,False,False,False,False,False,False,0,0,False,3.38125,False,False,False,5.880318832397459,1588.6304,1,0.0001649510043969,4.0079035858713385e-06,401,1337,False,1337.0,False,False,False,False,0.9771540094544425,0.024296066822121362,0.02380023456385636
ARGPGTGSDYSWSFDI,H3-7_A,K3-15,True,32,1,1,0.0001649510043969,4.0079035858713385e-06,3.92611059853556e-06,False,False,False,False,False,False,False,False,False,False,False,False,False,-1,-1,False,2.56875,False,False,False,4.207874679565429,1715.7731,1,0.0001649510043969,4.0079035858713385e-06,403,1338,False,1338.0,False,False,False,False,0.9771540094544425,0.024296066822121362,0.02380023456385636
ARGPGWIDAYKYAFDI,H3-7_A,K3-15,True,32,1,1,0.0001649510043969,4.0079035858713385e-06,3.92611059853556e-06,False,False,False,False,False,False,False,False,False,False,False,False,False,0,0,False,0.6687500000000002,False,False,False,6.003152847290039,1843.0449,1,0.0001649510043969,4.0079035858713385e-06,419,1339,False,1339.0,False,False,False,False,0.9771540094544425,0.024296066822121362,0.02380023456385636
ARGPGWIGEGTYLFDY,H3-7_A,K3-15,True,32,1,1,0.0001649510043969,4.0079035858713385e-06,3.92611059853556e-06,False,False,False,False,False,False,False,False,False,False,False,False,False,-1,-1,False,0.8750000000000002,False,False,False,4.370375442504883,1801.9499,1,0.0001649510043969,4.0079035858713385e-06,405,1340,False,1340.0,False,False,False,False,0.9771540094544425,0.024296066822121362,0.02380023456385636
ARGPGYTPTSGVAYFDY,H3-7_A,K4-1,True,32,1,1,0.0001649510043969,4.0079035858713385e-06,3.92611059853556e-06,False,False,False,False,False,False,False,False,False,False,False,False,False,0,0,False,2.235294117647059,False,False,False,5.87858085632324,1821.938,1,0.0001649510043969,4.0079035858713385e-06,456,1341,False,1341.0,False,False,False,False,0.9771540094544425,0.024296066822121362,0.02380023456385636
ARGPIGSSWYEFDY,H5-51,K4-1,True,32,1,1,0.0001649510043969,4.0079035858713385e-06,3.92611059853556e-06,False,False,False,False,False,False,False,False,False,True,False,False,False,-1,-1,False,1.4,False,False,False,4.370375442504883,1647.7404,1,0.0001649510043969,4.0079035858713385e-06,370,1342,False,1342.0,False,False,False,False,0.9771540094544425,0.024296066822121362,0.02380023456385636
ARGQGYVSTRNSYLFDY,H3-7_A,K3-15,True,32,1,1,0.0001649510043969,4.0079035858713385e-06,3.92611059853556e-06,False,False,True,False,False,False,False,False,False,False,False,False,False,1,1,False,2.0764705882352943,False,False,False,8.539295959472657,1997.1269,2,0.0001649510043969,4.0079035858713385e-06,532,1343,False,1343.0,False,False,False,False,0.9771540094544425,0.024296066822121362,0.02380023456385636
ARGRGTIADLSYAFDY,H3-7_A,K3-20,True,32,1,1,0.0001649510043969,4.0079035858713385e-06,3.92611059853556e-06,False,False,False,False,False,False,False,False,False,False,False,False,False,0,0,False,1.725,False,False,False,6.004021835327148,1775.9144,2,0.0001649510043969,4.0079035858713385e-06,392,1344,False,1344.0,False,False,False,False,0.9771540094544425,0.024296066822121362,0.02380023456385636
ARGRGTVTGAVFGFDI,H3-7_A,K3-20,True,32,1,1,0.0001649510043969,4.0079035858713385e-06,3.92611059853556e-06,False,False,False,False,False,False,False,False,False,False,False,False,False,1,1,False,1.3750000000000002,False,False,False,9.643601989746092,1623.8101,2,0.0001649510043969,4.0079035858713385e-06,592,1345,False,1345.0,False,False,False,False,0.9771540094544425,0.024296066822121362,0.02380023456385636
ARGRGWVNANSYAFDY,H3-7_A,K3-20,True,32,1,1,0.0001649510043969,4.0079035858713385e-06,3.92611059853556e-06,False,False,True,False,False,False,False,False,False,False,False,False,False,1,1,False,1.86875,False,False,False,8.632579040527343,1846.954,2,0.0001649510043969,4.0079035858713385e-06,597,1346,False,1346.0,False,False,False,False,0.9771540094544425,0.024296066822121362,0.02380023456385636
ARGRGYTSTGIYAFDY,H3-7_A,K3-20,True,32,1,1,0.0001649510043969,4.0079035858713385e-06,3.92611059853556e-06,False,False,False,False,False,False,False,False,False,False,False,False,False,1,1,False,2.10625,False,False,False,8.539295959472657,1797.9199,2,0.0001649510043969,4.0079035858713385e-06,612,1347,False,1347.0,False,False,False,False,0.9771540094544425,0.024296066822121362,0.02380023456385636
ARGRIYNLGFDY,H5-51,K3-15,True,32,1,1,0.0001649510043969,4.0079035858713385e-06,3.92611059853556e-06,False,False,False,False,False,False,False,False,False,False,False,False,False,1,1,False,0.7250000000000002,False,False,False,8.632579040527343,1444.5926,2,0.0001649510043969,4.0079035858713385e-06,630,1348,False,1348.0,False,False,False,False,0.9771540094544425,0.024296066822121362,0.02380023456385636
ARGTGYTLPSNVWGFDI,H3-7_A,K4-1,True,32,1,1,0.0001649510043969,4.0079035858713385e-06,3.92611059853556e-06,False,False,False,False,False,False,False,False,False,False,False,False,False,0,0,False,1.023529411764706,False,False,False,5.880318832397459,1854.0262,1,0.0001649510043969,4.0079035858713385e-06,724,1349,False,1349.0,False,False,False,False,0.9771540094544425,0.024296066822121362,0.02380023456385636
ARHGWRETEYAFDY,H3-7_A,K3-15,True,32,1,1,0.0001649510043969,4.0079035858713385e-06,3.92611059853556e-06,False,False,False,False,False,False,False,False,False,True,False,False,False,-1,0,False,2.0142857142857147,False,False,False,5.447204971313476,1800.8825,2,0.0001649510043969,4.0079035858713385e-06,797,1350,False,1350.0,False,False,False,False,0.9771540094544425,0.024296066822121362,0.02380023456385636
ARHPPSRYGDFDY,H1-69,K4-1,True,32,1,1,0.0001649510043969,4.0079035858713385e-06,3.92611059853556e-06,False,False,False,False,False,False,False,False,False,True,False,False,False,0,1,False,2.769230769230769,False,False,False,6.790507125854492,1580.6579,2,0.0001649510043969,4.0079035858713385e-06,803,1351,False,1351.0,False,False,False,False,0.9771540094544425,0.024296066822121362,0.02380023456385636
ARLGEPGSYFDY,H1-69,K1-39,True,32,1,1,0.0001649510043969,4.0079035858713385e-06,3.92611059853556e-06,False,False,False,False,False,False,False,False,False,False,False,False,False,-1,-1,False,1.825,False,False,False,4.370375442504883,1374.4532,1,0.0001649510043969,4.0079035858713385e-06,836,1352,False,1352.0,False,False,False,False,0.9771540094544425,0.024296066822121362,0.02380023456385636
ARLLRADISSFDY,H5-51,K3-20,True,32,1,1,0.0001649510043969,4.0079035858713385e-06,3.92611059853556e-06,False,False,False,False,False,False,False,False,False,False,False,False,False,0,0,False,0.6230769230769233,False,False,False,6.004890823364257,1526.6917,2,0.0001649510043969,4.0079035858713385e-06,850,1353,False,1353.0,False,False,False,False,0.9771540094544425,0.024296066822121362,0.02380023456385636
ARLSTPSIEHFDY,H5-51,K3-20,True,32,1,1,0.0001649510043969,4.0079035858713385e-06,3.92611059853556e-06,False,False,False,False,False,False,False,False,False,False,False,False,False,-1,0,False,1.4,False,False,False,5.322224044799805,1535.6554999999998,1,0.0001649510043969,4.0079035858713385e-06,875,1354,False,1354.0,False,False,False,False,0.9771540094544425,0.024296066822121362,0.02380023456385636
ARLTDASIESFDY,H5-51,K4-1,True,32,1,1,0.0001649510043969,4.0079035858713385e-06,3.92611059853556e-06,False,False,False,False,False,False,False,False,False,False,False,False,False,-2,-2,False,2.007692307692308,False,False,False,4.050025558471679,1487.5663,1,0.0001649510043969,4.0079035858713385e-06,879,1355,False,1355.0,False,False,False,False,0.9771540094544425,0.024296066822121362,0.02380023456385636
ARLTGPGIQDFDY,H5-51,UNK,True,32,1,1,0.0001649510043969,4.0079035858713385e-06,3.92611059853556e-06,False,False,False,False,False,False,False,False,False,True,False,False,False,-1,-1,False,1.7461538461538464,False,False,False,4.207874679565429,1452.5667999999998,1,0.0001649510043969,4.0079035858713385e-06,885,1356,False,1356.0,False,False,False,False,0.9771540094544425,0.024296066822121362,0.02380023456385636
ARPHSVILYSFDY,H3-23_A,K1-39,True,32,1,1,0.0001649510043969,4.0079035858713385e-06,3.92611059853556e-06,False,False,False,False,False,False,False,False,False,False,False,False,False,0,1,False,-0.0307692307692306,False,False,False,6.787184524536133,1567.7418,1,0.0001649510043969,4.0079035858713385e-06,903,1357,False,1357.0,False,False,False,False,0.9771540094544425,0.024296066822121362,0.02380023456385636
ARAAVEFLIAQFDY,H1-69,K1-39,True,31,1,1,0.0001597962855095,4.0079035858713385e-06,3.92611059853556e-06,False,False,False,False,False,False,False,False,False,False,False,False,False,-1,-1,False,-0.3428571428571426,False,False,False,4.370375442504883,1613.8102,1,0.0001597962855095,4.0079035858713385e-06,3,1358,False,1358.0,False,False,False,False,0.9771540094544425,0.02507976186977377,0.02456793602340607
ARDLPYWIHPYGAGFDP,H3-23_A,K4-1,True,31,1,1,0.0001597962855095,4.0079035858713385e-06,3.92611059853556e-06,False,False,False,False,True,False,False,False,False,False,False,False,False,-1,0,False,0.4705882352941178,False,False,False,5.212373733520507,1975.1644,1,0.0001597962855095,4.0079035858713385e-06,100,1359,False,1359.0,False,False,False,False,0.9771540094544425,0.02507976186977377,0.02456793602340607
ARDYDEYSWYDAFDP,H3-7_A,K1-39,True,31,1,1,0.0001597962855095,4.0079035858713385e-06,3.92611059853556e-06,False,False,False,False,True,False,False,False,False,True,False,False,False,-4,-4,False,2.66,False,False,False,4.050025558471679,1912.9162,1,0.0001597962855095,4.0079035858713385e-06,122,1360,False,1360.0,False,False,False,False,0.9771540094544425,0.02507976186977377,0.02456793602340607
ARFARPWGAGSFDFDI,H5-51,K4-1,True,31,1,1,0.0001597962855095,4.0079035858713385e-06,3.92611059853556e-06,False,False,False,False,False,False,False,False,False,True,False,False,False,0,0,False,0.5687500000000002,False,False,False,6.005810928344727,1812.9792,2,0.0001597962855095,4.0079035858713385e-06,164,1361,False,1361.0,False,False,False,False,0.9771540094544425,0.02507976186977377,0.02456793602340607
ARFETNWYEFDY,H5-51,K4-1,True,31,1,1,0.0001597962855095,4.0079035858713385e-06,3.92611059853556e-06,False,False,False,False,False,False,False,False,False,True,False,False,False,-2,-2,False,0.9916666666666668,False,False,False,4.137435531616211,1640.7047,1,0.0001597962855095,4.0079035858713385e-06,167,1362,False,1362.0,False,False,False,False,0.9771540094544425,0.02507976186977377,0.02456793602340607
ARFTGATYDRFDY,H5-51,K3-15,True,31,1,1,0.0001597962855095,4.0079035858713385e-06,3.92611059853556e-06,False,False,False,False,False,False,False,False,False,False,False,False,False,0,0,False,2.0384615384615388,False,False,False,6.004021835327148,1582.6704,2,0.0001597962855095,4.0079035858713385e-06,176,1363,False,1363.0,False,False,False,False,0.9771540094544425,0.02507976186977377,0.02456793602340607
ARGDPSGKYGDFDY,H1-69,K4-1,True,31,1,1,0.0001597962855095,4.0079035858713385e-06,3.92611059853556e-06,False,False,False,False,True,False,False,False,False,True,False,False,False,-1,-1,False,3.9071428571428575,False,False,False,4.429057693481445,1547.58,1,0.0001597962855095,4.0079035858713385e-06,208,1364,False,1364.0,False,False,False,False,0.9771540094544425,0.02507976186977377,0.02456793602340607
ARGLGYTYDYGYAFDI,H3-7_A,K1-39,True,31,1,1,0.0001597962855095,4.0079035858713385e-06,3.92611059853556e-06,False,False,False,False,False,False,False,False,False,False,False,False,False,-1,-1,False,1.0437500000000002,False,False,False,4.207874679565429,1844.9712,1,0.0001597962855095,4.0079035858713385e-06,350,1365,False,1365.0,False,False,False,False,0.9771540094544425,0.02507976186977377,0.02456793602340607
ARGPGYVQSNLYAFDY,H3-7_A,UNK,True,31,1,1,0.0001597962855095,4.0079035858713385e-06,3.92611059853556e-06,False,False,False,False,False,False,False,False,False,False,False,False,False,0,0,False,1.475,False,False,False,5.87858085632324,1820.9531,1,0.0001597962855095,4.0079035858713385e-06,476,1366,False,1366.0,False,False,False,False,0.9771540094544425,0.02507976186977377,0.02456793602340607
ARGQGRVSADAYAFDY,H3-7_A,K4-1,True,31,1,1,0.0001597962855095,4.0079035858713385e-06,3.92611059853556e-06,False,False,False,False,False,False,False,False,False,False,False,False,False,0,0,False,2.75,False,False,False,6.004021835327148,1746.8334,2,0.0001597962855095,4.0079035858713385e-06,515,1367,False,1367.0,False,False,False,False,0.9771540094544425,0.02507976186977377,0.02456793602340607
ARGQGYVSPYNRYDFDI,H3-7_A,K3-20,True,31,1,1,0.0001597962855095,4.0079035858713385e-06,3.92611059853556e-06,False,False,False,False,False,False,False,False,False,True,False,False,False,0,0,False,2.170588235294117,False,False,False,6.003152847290039,2021.1483,2,0.0001597962855095,4.0079035858713385e-06,531,1368,False,1368.0,False,False,False,False,0.9771540094544425,0.02507976186977377,0.02456793602340607
ARGRGEWGVSYDFDY,H5-51,K3-20,True,31,1,1,0.0001597962855095,4.0079035858713385e-06,3.92611059853556e-06,False,False,False,False,False,False,False,False,False,True,False,False,False,-1,-1,False,2.3466666666666667,False,False,False,4.558281326293945,1777.8457,2,0.0001597962855095,4.0079035858713385e-06,557,1370,False,1370.0,False,False,False,False,0.9771540094544425,0.02507976186977377,0.02456793602340607
ARGRGYIYGDAYAFDY,H3-7_A,K4-1,True,31,1,1,0.0001597962855095,4.0079035858713385e-06,3.92611059853556e-06,False,False,False,False,False,False,False,False,False,False,False,False,False,0,0,False,1.6875000000000002,False,False,False,6.0022838592529295,1857.9733,2,0.0001597962855095,4.0079035858713385e-06,587,1371,False,1371.0,False,False,False,False,0.9771540094544425,0.02507976186977377,0.02456793602340607
ARGRGYVEFGTLEFDI,H3-7_A,K1-39,True,31,1,1,0.0001597962855095,4.0079035858713385e-06,3.92611059853556e-06,False,False,False,False,False,False,False,False,False,True,False,False,False,-1,-1,False,1.0750000000000002,False,False,False,4.6793262481689455,1830.0048,2,0.0001597962855095,4.0079035858713385e-06,623,1372,False,1372.0,False,False,False,False,0.9771540094544425,0.02507976186977377,0.02456793602340607
ARGYGRVWSDFDY,H3-7_A,K3-20,True,31,1,1,0.0001597962855095,4.0079035858713385e-06,3.92611059853556e-06,False,False,False,False,False,False,False,False,False,True,False,False,False,0,0,False,1.6692307692307695,False,False,False,6.004021835327148,1591.6804,2,0.0001597962855095,4.0079035858713385e-06,767,1373,False,1373.0,False,False,False,False,0.9771540094544425,0.02507976186977377,0.02456793602340607
ARGYREFLAANFDY,H1-69,K1-39,True,31,1,1,0.0001597962855095,4.0079035858713385e-06,3.92611059853556e-06,False,False,False,False,False,False,False,False,False,False,False,False,False,0,0,False,0.985714285714286,False,False,False,6.113258743286132,1692.8273,2,0.0001597962855095,4.0079035858713385e-06,790,1374,False,1374.0,True,True,True,False,0.9771540094544425,0.02507976186977377,0.02456793602340607
ARHQVAWAGVAFDY,H3-23_A,K3-20,True,31,1,1,0.0001597962855095,4.0079035858713385e-06,3.92611059853556e-06,False,False,False,False,False,False,False,False,False,False,False,False,False,0,1,False,0.5642857142857144,False,False,False,6.788309097290039,1590.7387,1,0.0001597962855095,4.0079035858713385e-06,806,1375,False,1375.0,False,False,False,False,0.9771540094544425,0.02507976186977377,0.02456793602340607
ARIPSAESWYEFDY,H5-51,K4-1,True,31,1,1,0.0001597962855095,4.0079035858713385e-06,3.92611059853556e-06,False,False,False,False,False,False,False,False,False,True,False,False,False,-2,-2,False,1.292857142857143,False,False,False,4.137435531616211,1733.8297,1,0.0001597962855095,4.0079035858713385e-06,816,1377,False,1377.0,False,False,False,False,0.9771540094544425,0.02507976186977377,0.02456793602340607
ARIREIIGIVATAFDY,H5-51,K3-20,True,31,1,1,0.0001597962855095,4.0079035858713385e-06,3.92611059853556e-06,False,False,False,False,False,False,False,False,False,False,False,False,False,0,0,False,-0.2124999999999999,False,False,False,6.114178848266601,1808.0854,2,0.0001597962855095,4.0079035858713385e-06,818,1378,False,1378.0,False,False,False,False,0.9771540094544425,0.02507976186977377,0.02456793602340607
ARIVYGLEFDY,H5-51,K3-20,True,31,1,1,0.0001597962855095,4.0079035858713385e-06,3.92611059853556e-06,False,False,False,False,False,False,False,False,False,True,False,False,False,-1,-1,False,-0.3727272727272725,False,False,False,4.370375442504883,1345.498,1,0.0001597962855095,4.0079035858713385e-06,819,1379,False,1379.0,False,False,False,False,0.9771540094544425,0.02507976186977377,0.02456793602340607
ARLASSGYDFDY,H1-69,K4-1,True,31,1,1,0.0001597962855095,4.0079035858713385e-06,3.92611059853556e-06,False,False,False,False,False,False,False,False,False,True,False,False,False,-1,-1,False,2.075,False,False,False,4.207874679565429,1364.4153,1,0.0001597962855095,4.0079035858713385e-06,825,1380,False,1380.0,False,False,False,False,0.9771540094544425,0.02507976186977377,0.02456793602340607
ARLLGDAIDLFDY,H5-51,UNK,True,31,1,1,0.0001597962855095,4.0079035858713385e-06,3.92611059853556e-06,False,False,False,False,False,False,False,False,False,False,False,False,False,-2,-2,False,-0.1999999999999997,False,False,False,4.050025558471679,1481.6477,1,0.0001597962855095,4.0079035858713385e-06,844,1381,False,1381.0,False,False,False,False,0.9771540094544425,0.02507976186977377,0.02456793602340607
ARLTTASIESFDY,H5-51,K3-20,True,31,1,1,0.0001597962855095,4.0079035858713385e-06,3.92611059853556e-06,False,False,False,False,False,False,False,False,False,False,False,False,False,-1,-1,False,1.6384615384615384,False,False,False,4.370375442504883,1473.5828,1,0.0001597962855095,4.0079035858713385e-06,879,1382,False,1382.0,False,False,False,False,0.9771540094544425,0.02507976186977377,0.02456793602340607
ARTLGVDYSYLYRDFDI,H1-69,K3-20,True,31,1,1,0.0001597962855095,4.0079035858713385e-06,3.92611059853556e-06,False,False,False,False,False,False,False,False,False,True,False,False,False,-1,-1,False,0.7588235294117648,False,False,False,4.429057693481445,2067.2565,2,0.0001597962855095,4.0079035858713385e-06,946,1383,False,1383.0,False,False,False,False,0.9771540094544425,0.02507976186977377,0.02456793602340607
ARYHLPWVPGSFDY,H1-69,K1-39,True,31,1,1,0.0001597962855095,4.0079035858713385e-06,3.92611059853556e-06,False,False,False,False,False,False,False,False,False,False,False,False,False,0,1,False,-0.0785714285714284,False,False,False,6.787184524536133,1707.8833,1,0.0001597962855095,4.0079035858713385e-06,999,1386,False,1386.0,False,False,False,False,0.9771540094544425,0.02507976186977377,0.02456793602340607
ARYSGYASPPGTFDY,H3-7_A,K1-39,True,31,1,1,0.0001597962855095,4.0079035858713385e-06,3.92611059853556e-06,False,False,False,False,False,False,False,False,False,False,False,False,False,0,0,False,2.486666666666667,False,False,False,5.87858085632324,1651.7291,1,0.0001597962855095,4.0079035858713385e-06,1003,1387,False,1387.0,False,False,False,False,0.9771540094544425,0.02507976186977377,0.02456793602340607
ARDRDAWGYESFDY,H1-69,K3-20,True,30,1,1,0.0001546415666221,4.0079035858713385e-06,3.92611059853556e-06,False,False,False,False,False,False,False,False,False,True,False,False,False,-2,-2,False,2.8285714285714287,False,False,False,4.226021194458009,1750.7774,2,0.0001546415666221,4.0079035858713385e-06,111,1388,False,1388.0,False,False,False,False,0.9771540094544425,0.02591569987561058,0.025386814270877953
ARGQGYTYTTGEYAFDY,H3-7_A,UNK,True,30,1,1,0.0001546415666221,4.0079035858713385e-06,3.92611059853556e-06,False,False,False,False,False,False,False,False,False,False,False,False,False,-1,-1,False,2.8294117647058825,False,False,False,4.370324325561524,1963.0196,1,0.0001546415666221,4.0079035858713385e-06,526,1389,False,1389.0,False,False,False,False,0.9771540094544425,0.02591569987561058,0.025386814270877953
ARGQVSFTGWAFDY,H3-23_A,K4-1,True,30,1,1,0.0001546415666221,4.0079035858713385e-06,3.92611059853556e-06,False,False,False,False,False,False,False,False,False,False,False,False,False,0,0,False,0.9642857142857144,False,False,False,5.880318832397459,1604.7188999999998,1,0.0001546415666221,4.0079035858713385e-06,538,1390,False,1390.0,False,False,False,False,0.9771540094544425,0.02591569987561058,0.025386814270877953
ARGRGYTYGSSYGFDI,H3-7_A,K1-39,True,30,1,1,0.0001546415666221,4.0079035858713385e-06,3.92611059853556e-06,False,False,False,False,False,False,False,False,False,False,False,False,False,1,1,False,2.4125,False,False,False,8.539295959472657,1769.8667,2,0.0001546415666221,4.0079035858713385e-06,617,1391,False,1391.0,False,False,False,False,0.9771540094544425,0.02591569987561058,0.025386814270877953
ARGSGYISTGDYAFDI,H3-7_A,K3-15,True,30,1,1,0.0001546415666221,4.0079035858713385e-06,3.92611059853556e-06,False,False,False,False,False,False,False,False,False,False,False,False,False,-1,-1,False,2.16875,False,False,False,4.207874679565429,1692.7794,1,0.0001546415666221,4.0079035858713385e-06,339,1392,False,1392.0,False,False,False,False,0.9771540094544425,0.02591569987561058,0.025386814270877953
ARGSGYIYSPGAYGFDI,H3-7_A,K1-39,True,30,1,1,0.0001546415666221,4.0079035858713385e-06,3.92611059853556e-06,False,False,False,False,False,False,False,False,False,False,False,False,False,0,0,False,1.4941176470588236,False,False,False,5.87858085632324,1793.9278,1,0.0001546415666221,4.0079035858713385e-06,653,1393,False,1393.0,False,False,False,False,0.9771540094544425,0.02591569987561058,0.025386814270877953
ARGTGYVTPRLYAFDI,H3-7_A,K3-15,True,30,1,1,0.0001546415666221,4.0079035858713385e-06,3.92611059853556e-06,False,False,False,False,False,False,False,False,False,False,False,False,False,1,1,False,0.7875000000000002,False,False,False,8.632579040527343,1800.0219000000002,2,0.0001546415666221,4.0079035858713385e-06,743,1394,False,1394.0,False,False,False,False,0.9771540094544425,0.02591569987561058,0.025386814270877953
ARGYGTVASNSYAFDY,H3-7_A,K4-1,True,30,1,1,0.0001546415666221,4.0079035858713385e-06,3.92611059853556e-06,False,False,True,False,False,False,False,False,False,False,False,False,False,0,0,False,2.40625,False,False,False,5.87858085632324,1741.8102,1,0.0001546415666221,4.0079035858713385e-06,773,1395,False,1395.0,False,False,False,False,0.9771540094544425,0.02591569987561058,0.025386814270877953
ARLREYWEGQLSFDI,H3-23_A,K4-1,True,30,1,1,0.0001546415666221,4.0079035858713385e-06,3.92611059853556e-06,False,False,False,False,False,False,False,False,False,False,False,False,False,-1,-1,False,0.4533333333333335,False,False,False,4.6793262481689455,1883.0675,2,0.0001546415666221,4.0079035858713385e-06,869,1396,False,1396.0,False,False,False,False,0.9771540094544425,0.02591569987561058,0.025386814270877953
ARTSRDGLPFDY,H3-7_A,K4-1,True,30,1,1,0.0001546415666221,4.0079035858713385e-06,3.92611059853556e-06,False,True,False,False,False,False,False,False,False,False,False,False,False,0,0,False,2.475,False,False,False,6.004890823364257,1397.4917,2,0.0001546415666221,4.0079035858713385e-06,950,1397,False,1397.0,False,False,False,False,0.9771540094544425,0.02591569987561058,0.025386814270877953
ARTSRDGLPFDY,H4-34,K3-15,True,30,1,1,0.0001546415666221,4.0079035858713385e-06,3.92611059853556e-06,False,True,False,False,False,False,False,False,False,False,False,False,False,0,0,False,2.475,False,False,False,6.004890823364257,1397.4917,2,0.0001546415666221,4.0079035858713385e-06,950,1398,False,1398.0,False,False,False,False,0.9771540094544425,0.02591569987561058,0.025386814270877953
ARYFRPGTYFDY,H3-23_A,K1-39,True,30,1,1,0.0001546415666221,4.0079035858713385e-06,3.92611059853556e-06,False,False,False,False,False,False,False,False,False,False,False,False,False,1,1,False,0.7833333333333335,False,False,False,8.539295959472657,1555.6896,2,0.0001546415666221,4.0079035858713385e-06,997,1399,False,1399.0,False,False,False,False,0.9771540094544425,0.02591569987561058,0.025386814270877953
ARALDLKWTPYDFDP,H3-7_A,K3-20,True,29,1,1,0.0001494868477347,4.0079035858713385e-06,3.92611059853556e-06,False,False,False,False,True,False,False,False,False,True,False,False,False,-1,-1,False,0.9333333333333336,False,False,False,4.429057693481445,1807.9977,1,0.0001494868477347,4.0079035858713385e-06,30,1400,False,1400.0,False,False,False,False,0.9771540094544425,0.026809284922073018,0.026262163102615463
ARAYTLTRFDY,H4-34,K3-20,True,29,1,1,0.0001494868477347,4.0079035858713385e-06,3.92611059853556e-06,False,False,False,False,False,False,False,False,False,False,False,False,False,1,1,False,0.981818181818182,False,False,False,8.632579040527343,1376.5155,2,0.0001494868477347,4.0079035858713385e-06,64,1401,False,1401.0,False,False,False,False,0.9771540094544425,0.026809284922073018,0.026262163102615463
AREVDYGAGYDYFDI,H3-7_A,K1-39,True,29,1,1,0.0001494868477347,4.0079035858713385e-06,3.92611059853556e-06,False,False,False,False,False,False,False,False,False,True,False,False,False,-3,-3,False,2.066666666666667,False,False,False,4.050025558471679,1753.8176,1,0.0001494868477347,4.0079035858713385e-06,160,1402,False,1402.0,False,False,False,False,0.9771540094544425,0.026809284922073018,0.026262163102615463
ARGAGYISGEGYAFDY,H3-7_A,K3-20,True,29,1,1,0.0001494868477347,4.0079035858713385e-06,3.92611059853556e-06,False,False,False,False,False,False,False,False,False,False,False,False,False,-1,-1,False,2.16875,False,False,False,4.370375442504883,1696.7696,1,0.0001494868477347,4.0079035858713385e-06,194,1403,False,1403.0,False,False,False,False,0.9771540094544425,0.026809284922073018,0.026262163102615463
ARGIGVISTGEYGFDY,H3-7_A,K3-20,True,29,1,1,0.0001494868477347,4.0079035858713385e-06,3.92611059853556e-06,False,False,False,False,False,False,False,False,False,False,False,False,False,-1,-1,False,1.61875,False,False,False,4.370375442504883,1704.8331,1,0.0001494868477347,4.0079035858713385e-06,285,1404,False,1404.0,False,False,False,False,0.9771540094544425,0.026809284922073018,0.026262163102615463
ARGPGYISGKSYAFDY,H3-7_A,K1-39,True,29,1,1,0.0001494868477347,4.0079035858713385e-06,3.92611059853556e-06,False,False,False,False,False,False,False,False,False,False,False,False,False,1,1,False,2.0875000000000004,False,False,False,8.47317657470703,1751.8912,1,0.0001494868477347,4.0079035858713385e-06,340,1405,False,1405.0,False,False,False,False,0.9771540094544425,0.026809284922073018,0.026262163102615463
ARGPGYVDASFYLFDY,H3-7_A,K3-15,True,29,1,1,0.0001494868477347,4.0079035858713385e-06,3.92611059853556e-06,False,False,False,False,False,False,False,False,False,False,False,False,False,-1,-1,False,0.7125000000000001,False,False,False,4.207874679565429,1840.9825,1,0.0001494868477347,4.0079035858713385e-06,467,1406,False,1406.0,False,False,False,False,0.9771540094544425,0.026809284922073018,0.026262163102615463
ARGQGYTSAQNDWHFDI,H3-7_A,K3-20,True,29,1,1,0.0001494868477347,4.0079035858713385e-06,3.92611059853556e-06,False,False,False,True,False,False,False,False,False,False,False,False,False,-1,0,False,2.5588235294117645,False,False,False,5.212373733520507,1966.0302,1,0.0001494868477347,4.0079035858713385e-06,525,1407,False,1407.0,False,False,False,False,0.9771540094544425,0.026809284922073018,0.026262163102615463
ARGRGLVASDAYGFDY,H3-7_A,K4-1,True,29,1,1,0.0001494868477347,4.0079035858713385e-06,3.92611059853556e-06,False,False,False,False,False,False,False,False,False,False,False,False,False,0,0,False,2.0250000000000004,False,False,False,6.004021835327148,1717.8352,2,0.0001494868477347,4.0079035858713385e-06,572,1408,False,1408.0,False,False,False,False,0.9771540094544425,0.026809284922073018,0.026262163102615463
ARGRGYVAGQGVYAFDY,H3-7_A,K1-39,True,29,1,1,0.0001494868477347,4.0079035858713385e-06,3.92611059853556e-06,False,False,False,False,False,False,False,False,False,False,False,False,False,1,1,False,1.835294117647059,False,False,False,8.539295959472657,1849.9976,2,0.0001494868477347,4.0079035858713385e-06,620,1410,False,1410.0,False,False,False,False,0.9771540094544425,0.026809284922073018,0.026262163102615463
ARGSGYIRGDEYHFDY,H3-7_A,K4-1,True,29,1,1,0.0001494868477347,4.0079035858713385e-06,3.92611059853556e-06,False,False,False,True,False,False,False,False,False,True,False,False,False,-1,0,False,2.56875,False,False,False,5.382542037963867,1905.9749,2,0.0001494868477347,4.0079035858713385e-06,651,1411,False,1411.0,False,False,False,False,0.9771540094544425,0.026809284922073018,0.026262163102615463
ARGTGVLTVANQWYFDI,H3-7_A,K3-20,True,29,1,1,0.0001494868477347,4.0079035858713385e-06,3.92611059853556e-06,False,False,False,True,False,False,False,False,False,False,False,False,False,0,0,False,0.4411764705882354,False,False,False,5.880318832397459,1911.1205,1,0.0001494868477347,4.0079035858713385e-06,702,1412,False,1412.0,False,False,False,False,0.9771540094544425,0.026809284922073018,0.026262163102615463
ARGTGWVSSTTYGFDI,H3-7_A,K3-20,True,29,1,1,0.0001494868477347,4.0079035858713385e-06,3.92611059853556e-06,False,False,False,False,False,False,False,False,False,False,False,False,False,0,0,False,1.825,False,False,False,5.880318832397459,1717.832,1,0.0001494868477347,4.0079035858713385e-06,705,1413,False,1413.0,False,False,False,False,0.9771540094544425,0.026809284922073018,0.026262163102615463
ARGVYAARIFDY,H1-69,K1-39,True,29,1,1,0.0001494868477347,4.0079035858713385e-06,3.92611059853556e-06,False,False,False,False,False,False,False,False,False,False,False,False,False,1,1,False,0.4750000000000001,False,False,False,8.632579040527343,1401.5679,2,0.0001494868477347,4.0079035858713385e-06,752,1414,False,1414.0,False,False,False,False,0.9771540094544425,0.026809284922073018,0.026262163102615463
ARGYGYVESYEYGFDY,H3-7_A,K3-20,True,29,1,1,0.0001494868477347,4.0079035858713385e-06,3.92611059853556e-06,False,False,False,False,False,False,False,False,False,False,False,False,False,-2,-2,False,2.06875,False,False,False,4.137435531616211,1938.9963,1,0.0001494868477347,4.0079035858713385e-06,471,1415,False,1415.0,False,False,False,False,0.9771540094544425,0.026809284922073018,0.026262163102615463
ARHKHYASAYAYFDY,H3-23_A,K3-20,True,29,1,1,0.0001494868477347,4.0079035858713385e-06,3.92611059853556e-06,False,False,False,False,False,False,False,False,False,False,False,False,False,1,3,False,1.4800000000000002,False,False,False,8.433729553222655,1862.9948,1,0.0001494868477347,4.0079035858713385e-06,800,1416,False,1416.0,False,False,False,False,0.9771540094544425,0.026809284922073018,0.026262163102615463
ARLAVDPYSFDY,H1-69,K1-39,True,29,1,1,0.0001494868477347,4.0079035858713385e-06,3.92611059853556e-06,False,False,False,False,True,False,False,False,False,False,False,False,False,-1,-1,False,0.9250000000000002,False,False,False,4.207874679565429,1416.5329,1,0.0001494868477347,4.0079035858713385e-06,827,1417,False,1417.0,False,False,False,False,0.9771540094544425,0.026809284922073018,0.026262163102615463
ARLISPSIGDFDY,H5-51,K3-15,True,29,1,1,0.0001494868477347,4.0079035858713385e-06,3.92611059853556e-06,False,False,False,False,False,False,False,False,False,True,False,False,False,-1,-1,False,0.8307692307692309,False,False,False,4.207874679565429,1453.5946,1,0.0001494868477347,4.0079035858713385e-06,842,1418,False,1418.0,False,False,False,False,0.9771540094544425,0.026809284922073018,0.026262163102615463
ARLRTSNIADFDY,H5-51,K3-20,True,29,1,1,0.0001494868477347,4.0079035858713385e-06,3.92611059853556e-06,False,False,False,False,False,False,False,False,False,True,False,False,False,0,0,False,1.7692307692307696,False,False,False,6.004890823364257,1541.6633,2,0.0001494868477347,4.0079035858713385e-06,873,1419,False,1419.0,False,False,False,False,0.9771540094544425,0.026809284922073018,0.026262163102615463
ARSVYAGRIFDY,H1-69,K1-39,True,29,1,1,0.0001494868477347,4.0079035858713385e-06,3.92611059853556e-06,False,False,False,False,False,False,False,False,False,False,False,False,False,1,1,False,0.8416666666666668,False,False,False,8.632579040527343,1417.5673,2,0.0001494868477347,4.0079035858713385e-06,670,1420,False,1420.0,False,False,False,False,0.9771540094544425,0.026809284922073018,0.026262163102615463
ARALDLKWTPYDFDP,H1-69,K1-39,True,28,1,1,0.0001443321288473,4.0079035858713385e-06,3.92611059853556e-06,False,False,False,False,True,False,False,False,False,True,False,False,False,-1,-1,False,0.9333333333333336,False,False,False,4.429057693481445,1807.9977,1,0.0001443321288473,4.0079035858713385e-06,30,1422,False,1422.0,False,False,False,False,0.9771540094544425,0.02776669304989476,0.027200032519189222
ARASRPWIAALFDY,H1-69,K1-39,True,28,1,1,0.0001443321288473,4.0079035858713385e-06,3.92611059853556e-06,False,False,False,False,False,False,False,False,False,False,False,False,False,1,1,False,-0.207142857142857,False,False,False,8.79022674560547,1636.8502999999998,2,0.0001443321288473,4.0079035858713385e-06,52,1423,False,1423.0,False,False,False,False,0.9771540094544425,0.02776669304989476,0.027200032519189222
ARDPDVTKRGYWDFDY,H1-69,UNK,True,28,1,1,0.0001443321288473,4.0079035858713385e-06,3.92611059853556e-06,False,False,False,False,True,False,False,False,False,True,False,False,False,-1,-1,False,2.65625,False,False,False,4.577705764770507,2004.118,2,0.0001443321288473,4.0079035858713385e-06,106,1424,False,1424.0,False,False,False,False,0.9771540094544425,0.02776669304989476,0.027200032519189222
ARDWRDAAWPDEFDP,H3-23_A,K4-1,True,28,1,1,0.0001443321288473,4.0079035858713385e-06,3.92611059853556e-06,False,False,False,False,True,False,False,False,False,True,False,False,False,-3,-3,False,2.5,False,False,False,4.050025558471679,1846.908,2,0.0001443321288473,4.0079035858713385e-06,121,1425,False,1425.0,False,False,False,False,0.9771540094544425,0.02776669304989476,0.027200032519189222
AREPYFGDVTDLFDY,H3-7_A,K1-39,True,28,1,1,0.0001443321288473,4.0079035858713385e-06,3.92611059853556e-06,False,False,False,False,False,False,False,False,False,False,False,False,False,-3,-3,False,1.466666666666667,False,False,False,4.050025558471679,1807.9081,1,0.0001443321288473,4.0079035858713385e-06,145,1426,False,1426.0,False,False,False,False,0.9771540094544425,0.02776669304989476,0.027200032519189222
ARFKREWGSGSFDFDI,H5-51,K3-20,True,28,1,1,0.0001443321288473,4.0079035858713385e-06,3.92611059853556e-06,False,False,False,False,False,False,False,False,False,True,False,False,False,0,0,False,1.4250000000000005,False,False,False,6.166164779663085,1918.0718,2,0.0001443321288473,4.0079035858713385e-06,169,1427,False,1427.0,False,False,False,False,0.9771540094544425,0.02776669304989476,0.027200032519189222
ARFRDPWPDYEFDY,H5-51,UNK,True,28,1,1,0.0001443321288473,4.0079035858713385e-06,3.92611059853556e-06,False,False,False,False,True,False,False,False,False,True,False,False,False,-2,-2,False,1.45,False,False,False,4.226021194458009,1876.9751,2,0.0001443321288473,4.0079035858713385e-06,171,1428,False,1428.0,False,False,False,False,0.9771540094544425,0.02776669304989476,0.027200032519189222
ARGEGTIEGSSYLFDI,H3-7_A,K3-15,True,28,1,1,0.0001443321288473,4.0079035858713385e-06,3.92611059853556e-06,False,False,False,False,False,False,False,False,False,False,False,False,False,-2,-2,False,1.93125,False,False,False,4.137435531616211,1714.8265,1,0.0001443321288473,4.0079035858713385e-06,226,1429,False,1429.0,False,False,False,False,0.9771540094544425,0.02776669304989476,0.027200032519189222
ARGFGYVTSEGSYGFDY,H3-7_A,K3-20,True,28,1,1,0.0001443321288473,4.0079035858713385e-06,3.92611059853556e-06,False,False,False,False,False,False,False,False,False,False,False,False,False,-1,-1,False,2.194117647058824,False,False,False,4.370375442504883,1875.9422,1,0.0001443321288473,4.0079035858713385e-06,250,1430,False,1430.0,False,False,False,False,0.9771540094544425,0.02776669304989476,0.027200032519189222
ARGKSYSLFGFDY,H5-51,UNK,True,28,1,1,0.0001443321288473,4.0079035858713385e-06,3.92611059853556e-06,False,False,False,False,False,False,False,False,False,False,False,False,False,1,1,False,1.1538461538461542,False,False,False,8.54006805419922,1510.6473999999998,1,0.0001443321288473,4.0079035858713385e-06,317,1431,False,1431.0,False,False,False,False,0.9771540094544425,0.02776669304989476,0.027200032519189222
ARGLGYVYGSQYAFDI,H3-7_A,K1-39,True,28,1,1,0.0001443321288473,4.0079035858713385e-06,3.92611059853556e-06,False,False,False,False,False,False,False,False,False,False,False,False,False,0,0,False,0.7625000000000002,False,False,False,5.87858085632324,1779.9442,1,0.0001443321288473,4.0079035858713385e-06,355,1432,False,1432.0,False,False,False,False,0.9771540094544425,0.02776669304989476,0.027200032519189222
ARGPGIISFGSYNFDI,H3-7_A,K3-15,True,28,1,1,0.0001443321288473,4.0079035858713385e-06,3.92611059853556e-06,False,False,False,False,False,False,False,False,False,False,False,False,False,0,0,False,0.7000000000000002,False,False,False,5.880318832397459,1713.8862,1,0.0001443321288473,4.0079035858713385e-06,383,1434,False,1434.0,False,False,False,False,0.9771540094544425,0.02776669304989476,0.027200032519189222
ARGPGSIAEGEYDFDY,H3-7_A,K3-15,True,28,1,1,0.0001443321288473,4.0079035858713385e-06,3.92611059853556e-06,False,False,False,False,False,False,False,False,False,True,False,False,False,-3,-3,False,3.04375,False,False,False,4.050025558471679,1746.7838000000002,1,0.0001443321288473,4.0079035858713385e-06,399,1435,False,1435.0,False,False,False,False,0.9771540094544425,0.02776669304989476,0.027200032519189222
ARGPGWSSGSSYGFDI,H3-7_A,K3-20,True,28,1,1,0.0001443321288473,4.0079035858713385e-06,3.92611059853556e-06,False,False,False,False,False,False,False,False,False,False,False,False,False,0,0,False,2.38125,False,False,False,5.880318832397459,1643.7104000000002,1,0.0001443321288473,4.0079035858713385e-06,401,1436,False,1436.0,False,False,False,False,0.9771540094544425,0.02776669304989476,0.027200032519189222
ARGPGYTSPYSYGFDY,H3-7_A,K4-1,True,28,1,1,0.0001443321288473,4.0079035858713385e-06,3.92611059853556e-06,False,False,False,False,False,False,False,False,False,False,False,False,False,0,0,False,2.4375,False,False,False,5.877711868286132,1800.8757,1,0.0001443321288473,4.0079035858713385e-06,462,1437,False,1437.0,False,False,False,False,0.9771540094544425,0.02776669304989476,0.027200032519189222
ARGPGYVTRGAAYGFDI,H3-7_A,K3-15,True,28,1,1,0.0001443321288473,4.0079035858713385e-06,3.92611059853556e-06,False,False,False,False,False,False,False,False,False,False,False,False,False,1,1,False,1.7705882352941178,False,False,False,8.632579040527343,1770.9409,2,0.0001443321288473,4.0079035858713385e-06,487,1438,False,1438.0,False,False,False,False,0.9771540094544425,0.02776669304989476,0.027200032519189222
ARGPGYVYSDAGYAFDI,H3-7_A,K3-15,True,28,1,1,0.0001443321288473,4.0079035858713385e-06,3.92611059853556e-06,False,False,False,False,False,False,False,False,False,False,False,False,False,-1,-1,False,1.741176470588235,False,False,False,4.207874679565429,1821.9379,1,0.0001443321288473,4.0079035858713385e-06,479,1439,False,1439.0,False,False,False,False,0.9771540094544425,0.02776669304989476,0.027200032519189222
ARGTGYLDNPGAYGFDI,H3-7_A,K3-20,True,28,1,1,0.0001443321288473,4.0079035858713385e-06,3.92611059853556e-06,False,False,False,False,False,False,False,False,False,False,False,False,False,-1,-1,False,2.0764705882352943,False,False,False,4.207874679565429,1786.8939,1,0.0001443321288473,4.0079035858713385e-06,718,1442,False,1442.0,False,False,False,False,0.9771540094544425,0.02776669304989476,0.027200032519189222
ARGYGYVSGEVYGFDY,H3-7_A,K3-20,True,28,1,1,0.0001443321288473,4.0079035858713385e-06,3.92611059853556e-06,False,False,False,False,False,False,False,False,False,False,False,False,False,-1,-1,False,1.825,False,False,False,4.370324325561524,1802.8914,1,0.0001443321288473,4.0079035858713385e-06,273,1443,False,1443.0,False,False,False,False,0.9771540094544425,0.02776669304989476,0.027200032519189222
ARLASAAVESFDY,H5-51,UNK,True,28,1,1,0.0001443321288473,4.0079035858713385e-06,3.92611059853556e-06,False,False,False,False,False,False,False,False,False,False,False,False,False,-1,-1,False,1.4923076923076926,False,False,False,4.370375442504883,1399.5042,1,0.0001443321288473,4.0079035858713385e-06,823,1444,False,1444.0,False,False,False,False,0.9771540094544425,0.02776669304989476,0.027200032519189222
ARLDYFGNAFDY,H4-34,K4-1,True,28,1,1,0.0001443321288473,4.0079035858713385e-06,3.92611059853556e-06,False,False,False,False,False,False,False,False,False,False,False,False,False,-1,-1,False,0.8083333333333336,False,False,False,4.207874679565429,1451.5371,1,0.0001443321288473,4.0079035858713385e-06,829,1445,False,1445.0,False,False,False,False,0.9771540094544425,0.02776669304989476,0.027200032519189222
ARLQHGNRYGDFDY,H4-34,K3-15,True,28,1,1,0.0001443321288473,4.0079035858713385e-06,3.92611059853556e-06,False,False,False,False,False,False,False,False,False,True,False,False,False,0,1,False,2.485714285714286,False,False,False,6.790507125854492,1711.7908999999995,2,0.0001443321288473,4.0079035858713385e-06,838,1446,False,1446.0,False,False,False,False,0.9771540094544425,0.02776669304989476,0.027200032519189222
ARPQSYQGPGFDY,H4-34,K4-1,True,28,1,1,0.0001443321288473,4.0079035858713385e-06,3.92611059853556e-06,False,False,False,False,False,False,False,False,False,False,False,False,False,0,0,False,2.876923076923077,False,False,False,5.87944984436035,1485.5552,1,0.0001443321288473,4.0079035858713385e-06,908,1447,False,1447.0,False,False,False,False,0.9771540094544425,0.02776669304989476,0.027200032519189222
ARSEYEFVSARFDY,H1-69,K1-39,True,28,1,1,0.0001443321288473,4.0079035858713385e-06,3.92611059853556e-06,False,False,False,False,False,False,False,False,False,True,False,False,False,-1,-1,False,1.8071428571428567,False,False,False,4.6793262481689455,1739.8375,2,0.0001443321288473,4.0079035858713385e-06,917,1448,False,1448.0,False,False,False,False,0.9771540094544425,0.02776669304989476,0.027200032519189222
ARTSRDGLPFDY,H1-69,K4-1,True,28,1,1,0.0001443321288473,4.0079035858713385e-06,3.92611059853556e-06,False,True,False,False,False,False,False,False,False,False,False,False,False,0,0,False,2.475,False,False,False,6.004890823364257,1397.4917,2,0.0001443321288473,4.0079035858713385e-06,950,1449,False,1449.0,False,False,False,False,0.9771540094544425,0.02776669304989476,0.027200032519189222
ARAERGYSPFDY,H5-51,UNK,True,27,1,1,0.0001391774099599,4.0079035858713385e-06,3.92611059853556e-06,False,False,False,False,False,False,False,False,False,False,False,False,False,0,0,False,2.641666666666667,False,False,False,6.113258743286132,1431.5078999999998,2,0.0001391774099599,4.0079035858713385e-06,11,1450,False,1450.0,False,False,False,False,0.9771540094544425,0.028795015203070585,0.028207368753155736
ARANRGAVAAFDY,H5-51,K4-1,True,27,1,1,0.0001391774099599,4.0079035858713385e-06,3.92611059853556e-06,False,False,False,False,False,False,False,False,False,False,False,False,False,1,1,False,2.0615384615384618,False,False,False,8.79022674560547,1381.4954999999998,2,0.0001391774099599,4.0079035858713385e-06,33,1451,False,1451.0,False,False,False,False,0.9771540094544425,0.028795015203070585,0.028207368753155736
ARAYGDAPTYFDY,H1-69,UNK,True,27,1,1,0.0001391774099599,4.0079035858713385e-06,3.92611059853556e-06,False,False,False,False,False,False,False,False,False,False,False,False,False,-1,-1,False,2.2,False,False,False,4.207874679565429,1509.5733,1,0.0001391774099599,4.0079035858713385e-06,60,1452,False,1452.0,False,False,False,False,0.9771540094544425,0.028795015203070585,0.028207368753155736
ARDIDVWDNLQWFDP,H3-23_A,UNK,True,27,1,1,0.0001391774099599,4.0079035858713385e-06,3.92611059853556e-06,False,False,False,False,True,False,False,False,False,True,False,False,False,-3,-3,False,0.7533333333333334,False,False,False,4.050025558471679,1890.0153,1,0.0001391774099599,4.0079035858713385e-06,82,1453,False,1453.0,False,False,False,False,0.9771540094544425,0.028795015203070585,0.028207368753155736
ARDPSYSATYRIWYFDP,H3-23_A,K3-20,True,27,1,1,0.0001391774099599,4.0079035858713385e-06,3.92611059853556e-06,False,False,False,True,True,False,False,False,False,False,False,False,False,0,0,False,1.3,False,False,False,6.003152847290039,2108.2671,2,0.0001391774099599,4.0079035858713385e-06,110,1454,False,1454.0,False,False,False,False,0.9771540094544425,0.028795015203070585,0.028207368753155736
ARGFRPWYQSDFDY,H1-69,K1-39,True,27,1,1,0.0001391774099599,4.0079035858713385e-06,3.92611059853556e-06,False,False,False,False,False,False,False,False,False,True,False,False,False,0,0,False,1.3285714285714287,False,False,False,6.004021835327148,1807.9163,2,0.0001391774099599,4.0079035858713385e-06,251,1455,False,1455.0,False,False,False,False,0.9771540094544425,0.028795015203070585,0.028207368753155736
ARGKGAVSAGSYGFDI,H3-7_A,K3-20,True,27,1,1,0.0001391774099599,4.0079035858713385e-06,3.92611059853556e-06,False,False,False,False,False,False,False,False,False,False,False,False,False,1,1,False,2.45,False,False,False,8.63377227783203,1555.6898,1,0.0001391774099599,4.0079035858713385e-06,293,1456,False,1456.0,False,False,False,False,0.9771540094544425,0.028795015203070585,0.028207368753155736
ARGKGVITGSQYAFDI,H3-7_A,K4-1,True,27,1,1,0.0001391774099599,4.0079035858713385e-06,3.92611059853556e-06,False,False,False,False,False,False,False,False,False,False,False,False,False,1,1,False,1.75625,False,False,False,8.63377227783203,1682.874,1,0.0001391774099599,4.0079035858713385e-06,307,1457,False,1457.0,False,False,False,False,0.9771540094544425,0.028795015203070585,0.028207368753155736
ARGLGYITSGYEWYFDY,H3-7_A,K1-39,True,27,1,1,0.0001391774099599,4.0079035858713385e-06,3.92611059853556e-06,False,False,False,True,False,False,False,False,False,False,False,False,False,-1,-1,False,0.523529411764706,False,False,False,4.370324325561524,2061.2071,1,0.0001391774099599,4.0079035858713385e-06,342,1458,False,1458.0,False,False,False,False,0.9771540094544425,0.028795015203070585,0.028207368753155736
ARGPGIIVSGSYGFDI,H3-7_A,K1-39,True,27,1,1,0.0001391774099599,4.0079035858713385e-06,3.92611059853556e-06,False,False,False,False,False,False,False,False,False,False,False,False,False,0,0,False,0.9625,False,False,False,5.880318832397459,1608.7921,1,0.0001391774099599,4.0079035858713385e-06,383,1459,False,1459.0,False,False,False,False,0.9771540094544425,0.028795015203070585,0.028207368753155736
ARGPGKSYGAGAWGFDI,H3-7_A,K4-1,True,27,1,1,0.0001391774099599,4.0079035858713385e-06,3.92611059853556e-06,False,False,False,False,False,False,False,False,False,False,False,False,False,1,1,False,2.011764705882353,False,False,False,8.63377227783203,1709.8579,1,0.0001391774099599,4.0079035858713385e-06,385,1460,False,1460.0,False,False,False,False,0.9771540094544425,0.028795015203070585,0.028207368753155736
ARGPGRLAAGSWAFDI,H3-7_A,K4-1,True,27,1,1,0.0001391774099599,4.0079035858713385e-06,3.92611059853556e-06,False,False,False,False,False,False,False,False,False,False,False,False,False,1,1,False,1.00625,False,False,False,9.643601989746092,1644.831,2,0.0001391774099599,4.0079035858713385e-06,395,1461,False,1461.0,False,False,False,False,0.9771540094544425,0.028795015203070585,0.028207368753155736
ARGPGVFQSAVFDY,H1-69,K1-39,True,27,1,1,0.0001391774099599,4.0079035858713385e-06,3.92611059853556e-06,False,False,False,False,False,False,False,False,False,False,False,False,False,0,0,False,1.192857142857143,False,False,False,5.880318832397459,1513.6512999999998,1,0.0001391774099599,4.0079035858713385e-06,412,1462,False,1462.0,False,False,False,False,0.9771540094544425,0.028795015203070585,0.028207368753155736
ARGPGYVTDAWVYHFDI,H3-7_A,K1-39,True,27,1,1,0.0001391774099599,4.0079035858713385e-06,3.92611059853556e-06,False,False,False,True,False,False,False,False,False,False,False,False,False,-1,0,False,0.6352941176470589,False,False,False,5.212373733520507,1967.1423,1,0.0001391774099599,4.0079035858713385e-06,485,1463,False,1463.0,False,False,False,False,0.9771540094544425,0.028795015203070585,0.028207368753155736
ARGPLGASWIDFDY,H5-51,K3-20,True,27,1,1,0.0001391774099599,4.0079035858713385e-06,3.92611059853556e-06,False,False,False,False,False,False,False,False,False,True,False,False,False,-1,-1,False,0.7214285714285715,False,False,False,4.207874679565429,1567.6988,1,0.0001391774099599,4.0079035858713385e-06,497,1464,False,1464.0,False,False,False,False,0.9771540094544425,0.028795015203070585,0.028207368753155736
ARGRGETTAWSYGFDI,H3-7_A,K3-20,True,27,1,1,0.0001391774099599,4.0079035858713385e-06,3.92611059853556e-06,False,False,False,False,False,False,False,False,False,False,False,False,False,0,0,False,2.2062500000000003,False,False,False,6.114178848266601,1786.8974000000003,2,0.0001391774099599,4.0079035858713385e-06,553,1465,False,1465.0,False,False,False,False,0.9771540094544425,0.028795015203070585,0.028207368753155736
ARGRGTIYDASYAFDY,H3-7_A,K1-39,True,27,1,1,0.0001391774099599,4.0079035858713385e-06,3.92611059853556e-06,False,False,False,False,False,False,False,False,False,False,False,False,False,0,0,False,2.1812500000000004,False,False,False,6.003152847290039,1825.93,2,0.0001391774099599,4.0079035858713385e-06,410,1466,False,1466.0,False,False,False,False,0.9771540094544425,0.028795015203070585,0.028207368753155736
ARGRGWIGVSDYGFDY,H3-7_A,K1-39,True,27,1,1,0.0001391774099599,4.0079035858713385e-06,3.92611059853556e-06,False,False,False,False,False,False,False,False,False,False,False,False,False,0,0,False,1.56875,False,False,False,6.004021835327148,1818.9406,2,0.0001391774099599,4.0079035858713385e-06,596,1467,False,1467.0,False,False,False,False,0.9771540094544425,0.028795015203070585,0.028207368753155736
ARGRGYISYPGAYGFDI,H3-7_A,K3-20,True,27,1,1,0.0001391774099599,4.0079035858713385e-06,3.92611059853556e-06,False,False,False,False,False,False,False,False,False,False,False,False,False,1,1,False,1.3588235294117648,False,False,False,8.539295959472657,1863.0362,2,0.0001391774099599,4.0079035858713385e-06,604,1468,False,1468.0,False,False,False,False,0.9771540094544425,0.028795015203070585,0.028207368753155736
ARGRTDVAWHDFDY,H5-51,K4-1,True,27,1,1,0.0001391774099599,4.0079035858713385e-06,3.92611059853556e-06,False,False,False,False,False,False,False,False,False,True,False,False,False,-1,0,False,2.2,False,False,False,5.298965835571289,1708.7870999999998,2,0.0001391774099599,4.0079035858713385e-06,634,1470,False,1470.0,False,False,False,False,0.9771540094544425,0.028795015203070585,0.028207368753155736
ARGVGYLSDGQYGFDI,H3-7_A,K1-39,True,27,1,1,0.0001391774099599,4.0079035858713385e-06,3.92611059853556e-06,False,True,False,False,False,False,False,False,False,False,False,False,False,-1,-1,False,1.7312500000000002,False,False,False,4.207874679565429,1717.8318,1,0.0001391774099599,4.0079035858713385e-06,748,1471,False,1471.0,False,False,False,False,0.9771540094544425,0.028795015203070585,0.028207368753155736
ARGYAQSWSDFDY,H3-7_A,K3-20,True,27,1,1,0.0001391774099599,4.0079035858713385e-06,3.92611059853556e-06,False,False,False,False,False,False,False,False,False,True,False,False,False,-1,-1,False,2.315384615384616,False,False,False,4.207874679565429,1565.5968,1,0.0001391774099599,4.0079035858713385e-06,759,1472,False,1472.0,False,False,False,False,0.9771540094544425,0.028795015203070585,0.028207368753155736
ARGYGEWVSATFDY,UNK,K1-39,True,27,1,1,0.0001391774099599,4.0079035858713385e-06,3.92611059853556e-06,False,False,False,False,False,False,False,False,False,False,False,False,False,-1,-1,False,1.6142857142857143,False,False,False,4.370375442504883,1621.7031,1,0.0001391774099599,4.0079035858713385e-06,184,1473,False,1473.0,False,False,False,False,0.9771540094544425,0.028795015203070585,0.028207368753155736
ARLEYGRAYGDFDY,H4-34,K3-15,True,27,1,1,0.0001391774099599,4.0079035858713385e-06,3.92611059853556e-06,False,False,False,False,False,False,False,False,False,True,False,False,False,-1,-1,False,1.9785714285714289,False,False,False,4.558281326293945,1695.7849,2,0.0001391774099599,4.0079035858713385e-06,835,1474,False,1474.0,False,False,False,False,0.9771540094544425,0.028795015203070585,0.028207368753155736
ARLLGPSLGYDFDY,H5-51,K4-1,True,27,1,1,0.0001391774099599,4.0079035858713385e-06,3.92611059853556e-06,False,False,False,False,False,False,False,False,False,True,False,False,False,-1,-1,False,0.4071428571428574,False,False,False,4.207874679565429,1586.7417999999998,1,0.0001391774099599,4.0079035858713385e-06,846,1475,False,1475.0,False,False,False,False,0.9771540094544425,0.028795015203070585,0.028207368753155736
ARLRSSSLETFDY,H5-51,UNK,True,27,1,1,0.0001391774099599,4.0079035858713385e-06,3.92611059853556e-06,False,False,False,False,False,False,False,False,False,False,False,False,False,0,0,False,1.807692307692308,False,False,False,6.114178848266601,1544.664,2,0.0001391774099599,4.0079035858713385e-06,871,1476,False,1476.0,False,False,False,False,0.9771540094544425,0.028795015203070585,0.028207368753155736
ARTSVDPTIGWHYAFDI,H3-23_A,K3-20,True,27,1,1,0.0001391774099599,4.0079035858713385e-06,3.92611059853556e-06,False,False,False,True,True,False,False,False,False,False,False,False,False,-1,0,False,0.8470588235294119,False,False,False,5.212373733520507,1949.1256,1,0.0001391774099599,4.0079035858713385e-06,951,1477,False,1477.0,False,False,False,False,0.9771540094544425,0.028795015203070585,0.028207368753155736
ARVLRGYNPLSGDFDY,H1-69,K1-39,True,27,1,1,0.0001391774099599,4.0079035858713385e-06,3.92611059853556e-06,False,False,False,False,False,False,False,False,False,True,False,False,False,0,0,False,1.4,False,False,False,6.004021835327148,1843.0035000000005,2,0.0001391774099599,4.0079035858713385e-06,958,1478,False,1478.0,False,False,False,False,0.9771540094544425,0.028795015203070585,0.028207368753155736
ARVRVEYAAHTFDY,H1-69,K1-39,True,27,1,1,0.0001391774099599,4.0079035858713385e-06,3.92611059853556e-06,False,False,False,False,False,False,False,False,False,False,False,False,False,0,1,False,1.385714285714286,False,False,False,6.795363235473633,1697.8472,2,0.0001391774099599,4.0079035858713385e-06,977,1479,False,1479.0,False,False,False,False,0.9771540094544425,0.028795015203070585,0.028207368753155736
ARWTNPYSYTDFDY,H5-51,K3-15,True,27,1,1,0.0001391774099599,4.0079035858713385e-06,3.92611059853556e-06,False,False,False,False,False,False,False,False,False,True,False,False,False,-1,-1,False,1.9571428571428573,False,False,False,4.207874679565429,1798.8599,1,0.0001391774099599,4.0079035858713385e-06,995,1480,False,1480.0,False,False,False,False,0.9771540094544425,0.028795015203070585,0.028207368753155736
ARAQDLGSYGPFDY,H3-23_A,K4-1,True,26,1,1,0.0001340226910725,4.0079035858713385e-06,3.92611059853556e-06,False,False,False,False,False,False,False,False,False,False,False,False,False,-1,-1,False,2.3000000000000003,False,False,False,4.207874679565429,1559.6337,1,0.0001340226910725,4.0079035858713385e-06,41,1481,False,1481.0,False,False,False,False,0.9771540094544425,0.029902433158664345,0.02929218660850342
AREGEEARKPFDY,H1-69,K3-15,True,26,1,1,0.0001340226910725,4.0079035858713385e-06,3.92611059853556e-06,False,False,False,False,False,False,False,False,False,True,False,False,False,-1,-1,False,3.723076923076923,False,False,False,4.870912551879882,1567.6577,2,0.0001340226910725,4.0079035858713385e-06,129,1482,False,1482.0,False,False,False,False,0.9771540094544425,0.029902433158664345,0.02929218660850342
ARFTSNPASGFDFDI,H5-51,K3-20,True,26,1,1,0.0001340226910725,4.0079035858713385e-06,3.92611059853556e-06,False,False,False,False,False,False,False,False,False,True,False,False,False,-1,-1,False,1.7200000000000002,False,False,False,4.207874679565429,1644.7381999999998,1,0.0001340226910725,4.0079035858713385e-06,178,1483,False,1483.0,False,False,False,False,0.9771540094544425,0.029902433158664345,0.02929218660850342
ARGANNWYDFDY,H5-51,UNK,True,26,1,1,0.0001340226910725,4.0079035858713385e-06,3.92611059853556e-06,False,False,True,False,False,False,False,False,False,True,False,False,False,-1,-1,False,2.091666666666667,False,False,False,4.207874679565429,1491.5182,1,0.0001340226910725,4.0079035858713385e-06,207,1484,False,1484.0,False,False,False,False,0.9771540094544425,0.029902433158664345,0.02929218660850342
ARGEGKLTTAAYGFDY,H3-7_A,K3-15,True,26,1,1,0.0001340226910725,4.0079035858713385e-06,3.92611059853556e-06,False,False,False,False,False,False,False,False,False,False,False,False,False,0,0,False,2.4562500000000003,False,False,False,6.112389755249024,1719.8479,1,0.0001340226910725,4.0079035858713385e-06,222,1485,False,1485.0,False,False,False,False,0.9771540094544425,0.029902433158664345,0.02929218660850342
ARGLGYISSGKSYAFDY,H3-7_A,K1-39,True,26,1,1,0.0001340226910725,4.0079035858713385e-06,3.92611059853556e-06,False,False,False,False,False,False,False,False,False,False,False,False,False,1,1,False,1.6823529411764706,False,False,False,8.47317657470703,1855.0109,1,0.0001340226910725,4.0079035858713385e-06,340,1486,False,1486.0,False,False,False,False,0.9771540094544425,0.029902433158664345,0.02929218660850342
ARGPGTILEATYEFDY,H3-7_A,K3-20,True,26,1,1,0.0001340226910725,4.0079035858713385e-06,3.92611059853556e-06,False,False,False,False,False,False,False,False,False,True,False,False,False,-2,-2,False,1.7312500000000002,False,False,False,4.137435531616211,1802.9332,1,0.0001340226910725,4.0079035858713385e-06,406,1487,False,1487.0,False,False,False,False,0.9771540094544425,0.029902433158664345,0.02929218660850342
ARGPGYIGDRAAAFDY,H3-7_A,K1-39,True,26,1,1,0.0001340226910725,4.0079035858713385e-06,3.92611059853556e-06,False,False,False,False,False,False,False,False,False,False,False,False,False,0,0,False,2.1875,False,False,False,6.004021835327148,1699.82,2,0.0001340226910725,4.0079035858713385e-06,432,1488,False,1488.0,False,False,False,False,0.9771540094544425,0.029902433158664345,0.02929218660850342
ARGPGYTAEGEYEFDY,H1-69,K4-1,True,26,1,1,0.0001340226910725,4.0079035858713385e-06,3.92611059853556e-06,False,False,False,False,False,False,False,False,False,True,False,False,False,-3,-3,False,3.2062500000000003,False,False,False,4.050025558471679,1824.8526,1,0.0001340226910725,4.0079035858713385e-06,311,1489,False,1489.0,False,False,False,False,0.9771540094544425,0.029902433158664345,0.02929218660850342
ARGQGTIDAYSYDFDY,H3-7_A,K1-39,True,26,1,1,0.0001340226910725,4.0079035858713385e-06,3.92611059853556e-06,False,False,False,False,False,False,False,False,False,True,False,False,False,-2,-2,False,2.7875,False,False,False,4.050025558471679,1841.8830000000005,1,0.0001340226910725,4.0079035858713385e-06,516,1490,False,1490.0,False,False,False,False,0.9771540094544425,0.029902433158664345,0.02929218660850342
ARGRGDITFGSYAFDY,H3-7_A,K3-20,True,26,1,1,0.0001340226910725,4.0079035858713385e-06,3.92611059853556e-06,False,False,False,False,False,False,False,False,False,False,False,False,False,0,0,False,1.95,False,False,False,6.004021835327148,1795.904,2,0.0001340226910725,4.0079035858713385e-06,544,1491,False,1491.0,False,False,False,False,0.9771540094544425,0.029902433158664345,0.02929218660850342
ARGRGEVSSGAYAFDY,H3-7_A,K3-20,True,26,1,1,0.0001340226910725,4.0079035858713385e-06,3.92611059853556e-06,False,False,False,False,False,False,False,False,False,False,False,False,False,0,0,False,2.86875,False,False,False,6.113258743286132,1705.7815,2,0.0001340226910725,4.0079035858713385e-06,555,1492,False,1492.0,False,False,False,False,0.9771540094544425,0.029902433158664345,0.02929218660850342
ARGTGRSVYDYFDY,H3-23_A,K4-1,True,26,1,1,0.0001340226910725,4.0079035858713385e-06,3.92611059853556e-06,False,False,False,False,False,False,False,False,False,False,False,False,False,0,0,False,2.5,False,False,False,6.003152847290039,1669.7476,2,0.0001340226910725,4.0079035858713385e-06,694,1495,False,1495.0,False,False,False,False,0.9771540094544425,0.029902433158664345,0.02929218660850342
ARGTGVWTRDYDFDY,H5-51,K4-1,True,26,1,1,0.0001340226910725,4.0079035858713385e-06,3.92611059853556e-06,False,False,False,False,False,False,False,False,False,True,False,False,False,-1,-1,False,2.373333333333333,False,False,False,4.429057693481445,1821.8983000000003,2,0.0001340226910725,4.0079035858713385e-06,703,1496,False,1496.0,False,False,False,False,0.9771540094544425,0.029902433158664345,0.02929218660850342
ARGTGYTAGQAYGFDY,H3-7_A,K3-15,True,26,1,1,0.0001340226910725,4.0079035858713385e-06,3.92611059853556e-06,False,False,False,False,False,False,False,False,False,False,False,False,False,0,0,False,2.8000000000000003,False,False,False,5.87858085632324,1697.7577,1,0.0001340226910725,4.0079035858713385e-06,720,1497,False,1497.0,False,False,False,False,0.9771540094544425,0.029902433158664345,0.02929218660850342
ARGYGYVDESAYRFDY,H3-7_A,K4-1,True,26,1,1,0.0001340226910725,4.0079035858713385e-06,3.92611059853556e-06,False,False,False,False,False,False,False,False,False,True,False,False,False,-1,-1,False,2.3625000000000003,False,False,False,4.558281326293945,1932.0088,2,0.0001340226910725,4.0079035858713385e-06,468,1498,False,1498.0,False,False,False,False,0.9771540094544425,0.029902433158664345,0.02929218660850342
ARHRGAGYNFDY,H4-34,K4-1,True,26,1,1,0.0001340226910725,4.0079035858713385e-06,3.92611059853556e-06,False,False,False,False,False,False,False,False,False,False,False,False,False,1,2,False,2.5083333333333333,False,False,False,8.638685607910158,1426.4946,2,0.0001340226910725,4.0079035858713385e-06,807,1499,False,1499.0,False,False,False,False,0.9771540094544425,0.029902433158664345,0.02929218660850342
ARHTSQFLATDPFDY,H4-34,K3-15,True,26,1,1,0.0001340226910725,4.0079035858713385e-06,3.92611059853556e-06,False,False,False,False,True,False,False,False,False,False,False,False,False,-1,0,False,1.7333333333333336,False,False,False,5.212373733520507,1768.8788,1,0.0001340226910725,4.0079035858713385e-06,809,1500,False,1500.0,False,False,False,False,0.9771540094544425,0.029902433158664345,0.02929218660850342
ARLGPNLRYGDFDY,H4-34,K3-15,True,26,1,1,0.0001340226910725,4.0079035858713385e-06,3.92611059853556e-06,False,False,False,False,False,False,False,False,False,True,False,False,False,0,0,False,1.4,False,False,False,6.004021835327148,1656.7951999999998,2,0.0001340226910725,4.0079035858713385e-06,838,1501,False,1501.0,False,False,False,False,0.9771540094544425,0.029902433158664345,0.02929218660850342
ARLPRGSPYGSFDY,H4-34,K4-1,True,26,1,1,0.0001340226910725,4.0079035858713385e-06,3.92611059853556e-06,False,False,False,False,False,False,False,False,False,False,False,False,False,1,1,False,1.9214285714285717,False,False,False,8.632579040527343,1585.7173999999998,2,0.0001340226910725,4.0079035858713385e-06,862,1502,False,1502.0,False,False,False,False,0.9771540094544425,0.029902433158664345,0.02929218660850342
ARLQGPGIDRFDY,H5-51,K3-20,True,26,1,1,0.0001340226910725,4.0079035858713385e-06,3.92611059853556e-06,False,False,False,False,False,False,False,False,False,False,False,False,False,0,0,False,1.6692307692307695,False,False,False,6.004890823364257,1507.6486,2,0.0001340226910725,4.0079035858713385e-06,867,1503,False,1503.0,False,False,False,False,0.9771540094544425,0.029902433158664345,0.02929218660850342
ARNRIEYGAHTFDY,H1-69,K1-39,True,26,1,1,0.0001340226910725,4.0079035858713385e-06,3.92611059853556e-06,False,False,False,False,False,False,False,False,False,False,False,False,False,0,1,False,2.1,False,False,False,6.795363235473633,1712.8187999999998,2,0.0001340226910725,4.0079035858713385e-06,895,1504,False,1504.0,False,False,False,False,0.9771540094544425,0.029902433158664345,0.02929218660850342
ARSSRPWVTTIFDY,H1-69,K1-39,True,26,1,1,0.0001340226910725,4.0079035858713385e-06,3.92611059853556e-06,False,False,False,False,False,False,False,False,False,False,False,False,False,1,1,False,0.942857142857143,False,False,False,8.79022674560547,1698.8751,2,0.0001340226910725,4.0079035858713385e-06,935,1505,False,1505.0,False,False,False,False,0.9771540094544425,0.029902433158664345,0.02929218660850342
ARAGPGYPVDEYFDP,UNK,K3-15,True,25,1,1,0.0001288679721851,4.0079035858713385e-06,3.92611059853556e-06,False,False,False,False,True,False,False,False,False,True,False,False,False,-2,-2,False,2.48,False,False,False,4.050025558471679,1653.745,1,0.0001288679721851,4.0079035858713385e-06,15,1506,False,1506.0,False,False,False,False,0.9771540094544425,0.03109843767649461,0.030463783158356295
ARARGAWVTALFDY,H1-69,K1-39,True,25,1,1,0.0001288679721851,4.0079035858713385e-06,3.92611059853556e-06,False,False,False,False,False,False,False,False,False,False,False,False,False,1,1,False,0.2642857142857144,False,False,False,8.79022674560547,1596.7864,2,0.0001288679721851,4.0079035858713385e-06,46,1507,False,1507.0,False,False,False,False,0.9771540094544425,0.03109843767649461,0.030463783158356295
ARAVYGAKIFDY,H1-69,K1-39,True,25,1,1,0.0001288679721851,4.0079035858713385e-06,3.92611059853556e-06,False,False,False,False,False,False,False,False,False,False,False,False,False,1,1,False,0.6000000000000001,False,False,False,8.54006805419922,1373.5545,1,0.0001288679721851,4.0079035858713385e-06,56,1508,False,1508.0,False,False,False,False,0.9771540094544425,0.03109843767649461,0.030463783158356295
ARDLASWGYEAFDY,H1-69,K3-20,True,25,1,1,0.0001288679721851,4.0079035858713385e-06,3.92611059853556e-06,False,False,False,False,False,False,False,False,False,False,False,False,False,-2,-2,False,1.3071428571428572,False,False,False,4.050025558471679,1663.7397999999998,1,0.0001288679721851,4.0079035858713385e-06,90,1509,False,1509.0,False,False,False,False,0.9771540094544425,0.03109843767649461,0.030463783158356295
AREGNRINDAFDY,H3-7_A,K3-20,True,25,1,1,0.0001288679721851,4.0079035858713385e-06,3.92611059853556e-06,False,False,False,False,False,False,False,False,False,False,False,False,False,-1,-1,False,3.1538461538461537,False,False,False,4.558281326293945,1540.5923999999998,2,0.0001288679721851,4.0079035858713385e-06,131,1510,False,1510.0,False,False,False,False,0.9771540094544425,0.03109843767649461,0.030463783158356295
AREVDWGDGYDYFDY,H3-7_A,K1-39,True,25,1,1,0.0001288679721851,4.0079035858713385e-06,3.92611059853556e-06,False,True,False,False,False,False,False,False,False,True,False,False,False,-4,-4,False,2.46,False,False,False,4.050025558471679,1870.8794000000005,1,0.0001288679721851,4.0079035858713385e-06,159,1511,False,1511.0,False,False,False,False,0.9771540094544425,0.03109843767649461,0.030463783158356295
ARGAIPGDVLWVFDY,UNK,K3-15,True,25,1,1,0.0001288679721851,4.0079035858713385e-06,3.92611059853556e-06,False,False,False,False,False,False,False,False,False,False,False,False,False,-1,-1,False,-0.2533333333333332,False,False,False,4.207874679565429,1678.8835,1,0.0001288679721851,4.0079035858713385e-06,205,1512,False,1512.0,False,False,False,False,0.9771540094544425,0.03109843767649461,0.030463783158356295
ARGEGYIGPNWNKFDY,H3-7_A,K3-20,True,25,1,1,0.0001288679721851,4.0079035858713385e-06,3.92611059853556e-06,False,False,False,False,False,False,False,False,False,False,False,False,False,0,0,False,2.0,False,False,False,6.112389755249024,1887.0146,1,0.0001288679721851,4.0079035858713385e-06,230,1513,False,1513.0,False,False,False,False,0.9771540094544425,0.03109843767649461,0.030463783158356295
ARGEGYIGSGEYAFDY,H3-7_A,K3-15,True,25,1,1,0.0001288679721851,4.0079035858713385e-06,3.92611059853556e-06,False,False,False,False,False,False,False,False,False,False,False,False,False,-2,-2,False,2.525,False,False,False,4.137435531616211,1754.8057,1,0.0001288679721851,4.0079035858713385e-06,194,1514,False,1514.0,False,False,False,False,0.9771540094544425,0.03109843767649461,0.030463783158356295
ARGKQSDAWFDFDY,H1-69,K3-20,True,25,1,1,0.0001288679721851,4.0079035858713385e-06,3.92611059853556e-06,False,False,False,False,False,False,False,False,False,True,False,False,False,-1,-1,False,2.2857142857142856,False,False,False,4.429057693481445,1705.7797999999998,1,0.0001288679721851,4.0079035858713385e-06,315,1515,False,1515.0,False,False,False,False,0.9771540094544425,0.03109843767649461,0.030463783158356295
ARGLGQISSGQYGFDI,H3-7_A,K3-20,True,25,1,1,0.0001288679721851,4.0079035858713385e-06,3.92611059853556e-06,False,False,False,False,False,False,False,False,False,False,False,False,False,0,0,False,1.7375000000000005,False,False,False,5.880318832397459,1668.8043,1,0.0001288679721851,4.0079035858713385e-06,331,1516,False,1516.0,False,False,False,False,0.9771540094544425,0.03109843767649461,0.030463783158356295
ARGPGRVYAGVYGFDI,H3-7_A,K4-1,True,25,1,1,0.0001288679721851,4.0079035858713385e-06,3.92611059853556e-06,False,False,False,False,False,False,False,False,False,False,False,False,False,1,1,False,1.19375,False,False,False,8.632579040527343,1697.8901,2,0.0001288679721851,4.0079035858713385e-06,279,1517,False,1517.0,False,False,False,False,0.9771540094544425,0.03109843767649461,0.030463783158356295
ARGPGTITGSWYAFDI,H3-7_A,K3-20,True,25,1,1,0.0001288679721851,4.0079035858713385e-06,3.92611059853556e-06,False,False,False,False,False,False,False,False,False,False,False,False,False,0,0,False,1.0875,False,False,False,5.880318832397459,1711.8705,1,0.0001288679721851,4.0079035858713385e-06,409,1518,False,1518.0,False,False,False,False,0.9771540094544425,0.03109843767649461,0.030463783158356295
ARGPGWTSTGSYGFDY,H3-7_A,K3-20,True,25,1,1,0.0001288679721851,4.0079035858713385e-06,3.92611059853556e-06,False,False,False,False,False,False,False,False,False,False,False,False,False,0,0,False,2.6,False,False,False,5.87944984436035,1721.7792000000002,1,0.0001288679721851,4.0079035858713385e-06,384,1519,False,1519.0,False,False,False,False,0.9771540094544425,0.03109843767649461,0.030463783158356295
ARGPGYISSPGSYAFDI,UNK,K3-15,True,25,1,1,0.0001288679721851,4.0079035858713385e-06,3.92611059853556e-06,False,False,False,False,False,False,False,False,False,False,False,False,False,0,0,False,1.7764705882352942,False,False,False,5.87944984436035,1757.8958,1,0.0001288679721851,4.0079035858713385e-06,431,1520,False,1520.0,False,False,False,False,0.9771540094544425,0.03109843767649461,0.030463783158356295
ARGPGYVYEDYWYFDI,H3-7_A,K3-15,True,25,1,1,0.0001288679721851,4.0079035858713385e-06,3.92611059853556e-06,False,False,False,True,False,False,False,False,False,True,False,False,False,-2,-2,False,0.5687500000000001,False,False,False,4.050025558471679,2014.1506,1,0.0001288679721851,4.0079035858713385e-06,490,1521,False,1521.0,False,False,False,False,0.9771540094544425,0.03109843767649461,0.030463783158356295
ARGQGYVNAGRGYAFDI,H3-7_A,K3-20,True,25,1,1,0.0001288679721851,4.0079035858713385e-06,3.92611059853556e-06,False,False,False,False,False,False,False,False,False,False,False,False,False,1,1,False,2.1058823529411765,False,False,False,8.632579040527343,1814.9536,2,0.0001288679721851,4.0079035858713385e-06,529,1522,False,1522.0,False,False,False,False,0.9771540094544425,0.03109843767649461,0.030463783158356295
ARGRGAITGSTYGFDI,H3-7_A,K3-15,True,25,1,1,0.0001288679721851,4.0079035858713385e-06,3.92611059853556e-06,False,False,False,False,False,False,False,False,False,False,False,False,False,1,1,False,2.2,False,False,False,8.79022674560547,1641.7824,2,0.0001288679721851,4.0079035858713385e-06,541,1523,False,1523.0,False,False,False,False,0.9771540094544425,0.03109843767649461,0.030463783158356295
ARGRGLTSSSGAYGFDI,H3-7_A,K3-15,True,25,1,1,0.0001288679721851,4.0079035858713385e-06,3.92611059853556e-06,False,False,False,False,False,False,False,False,False,False,False,False,False,1,1,False,2.458823529411765,False,False,False,8.79022674560547,1714.8331,2,0.0001288679721851,4.0079035858713385e-06,571,1524,False,1524.0,False,False,False,False,0.9771540094544425,0.03109843767649461,0.030463783158356295
ARGRGYASDYSYDFDI,H3-7_A,K3-20,True,25,1,1,0.0001288679721851,4.0079035858713385e-06,3.92611059853556e-06,False,False,False,False,False,False,False,False,False,True,False,False,False,-1,-1,False,2.75625,False,False,False,4.429057693481445,1855.9129000000005,2,0.0001288679721851,4.0079035858713385e-06,598,1525,False,1525.0,False,False,False,False,0.9771540094544425,0.03109843767649461,0.030463783158356295
ARGRGYIDASGYSFDY,H3-7_A,K1-39,True,25,1,1,0.0001288679721851,4.0079035858713385e-06,3.92611059853556e-06,False,False,False,False,False,False,False,False,False,False,False,False,False,0,0,False,2.4875000000000003,False,False,False,6.003152847290039,1797.8768,2,0.0001288679721851,4.0079035858713385e-06,427,1526,False,1526.0,False,False,False,False,0.9771540094544425,0.03109843767649461,0.030463783158356295
ARGRGYIGTHGYGFDI,H3-7_A,K3-20,True,25,1,1,0.0001288679721851,4.0079035858713385e-06,3.92611059853556e-06,False,False,False,False,False,False,False,False,False,False,False,False,False,1,2,False,1.7062500000000005,False,False,False,8.638685607910158,1739.8871,2,0.0001288679721851,4.0079035858713385e-06,437,1527,False,1527.0,False,False,False,False,0.9771540094544425,0.03109843767649461,0.030463783158356295
ARGRGYIHPLGYGFDY,H3-7_A,K1-39,True,25,1,1,0.0001288679721851,4.0079035858713385e-06,3.92611059853556e-06,False,False,False,False,False,False,False,False,False,False,False,False,False,1,2,False,0.9625,False,False,False,8.545542907714843,1842.0203,2,0.0001288679721851,4.0079035858713385e-06,603,1528,False,1528.0,False,False,False,False,0.9771540094544425,0.03109843767649461,0.030463783158356295
ARGSGVISPYAFGFDI,H3-7_A,K4-1,True,25,1,1,0.0001288679721851,4.0079035858713385e-06,3.92611059853556e-06,False,False,False,False,False,False,False,False,False,False,False,False,False,0,0,False,0.6625000000000001,False,False,False,5.880318832397459,1656.8349,1,0.0001288679721851,4.0079035858713385e-06,648,1529,False,1529.0,False,False,False,False,0.9771540094544425,0.03109843767649461,0.030463783158356295
ARGTGYIGSSNNYGFDY,H3-7_A,K3-20,True,25,1,1,0.0001288679721851,4.0079035858713385e-06,3.92611059853556e-06,False,False,True,False,False,False,False,False,False,False,False,False,False,0,0,False,2.8470588235294123,False,False,False,5.87858085632324,1841.8862,1,0.0001288679721851,4.0079035858713385e-06,712,1530,False,1530.0,False,False,False,False,0.9771540094544425,0.03109843767649461,0.030463783158356295
ARGTGYIQSERSYAFDY,H3-7_A,K3-20,True,25,1,1,0.0001288679721851,4.0079035858713385e-06,3.92611059853556e-06,False,False,False,False,False,False,False,False,False,False,False,False,False,0,0,False,2.5352941176470587,False,False,False,6.112389755249024,1984.0852,2,0.0001288679721851,4.0079035858713385e-06,714,1531,False,1531.0,False,False,False,False,0.9771540094544425,0.03109843767649461,0.030463783158356295
ARGYGVYGDFDY,H4-34,K3-20,True,25,1,1,0.0001288679721851,4.0079035858713385e-06,3.92611059853556e-06,False,False,False,False,False,False,False,False,False,True,False,False,False,-1,-1,False,2.066666666666667,False,False,False,4.207874679565429,1382.432,1,0.0001288679721851,4.0079035858713385e-06,775,1532,False,1532.0,False,False,False,False,0.9771540094544425,0.03109843767649461,0.030463783158356295
ARLEGASIDLFDY,H5-51,K4-1,True,25,1,1,0.0001288679721851,4.0079035858713385e-06,3.92611059853556e-06,False,False,False,False,False,False,False,False,False,False,False,False,False,-2,-2,False,0.8384615384615386,False,False,False,4.050025558471679,1469.5939999999998,1,0.0001288679721851,4.0079035858713385e-06,830,1533,False,1533.0,False,False,False,False,0.9771540094544425,0.03109843767649461,0.030463783158356295
ARLTGSSVDRFDY,H5-51,K3-20,True,25,1,1,0.0001288679721851,4.0079035858713385e-06,3.92611059853556e-06,False,False,False,False,False,False,False,False,False,False,False,False,False,0,0,False,2.3384615384615386,False,False,False,6.004890823364257,1486.5848,2,0.0001288679721851,4.0079035858713385e-06,886,1534,False,1534.0,False,False,False,False,0.9771540094544425,0.03109843767649461,0.030463783158356295
ARPSVSWLIGQFDY,H1-69,K1-39,True,25,1,1,0.0001288679721851,4.0079035858713385e-06,3.92611059853556e-06,False,False,False,False,False,False,False,False,False,False,False,False,False,0,0,False,0.0785714285714287,False,False,False,5.880318832397459,1638.8196999999998,1,0.0001288679721851,4.0079035858713385e-06,911,1535,False,1535.0,False,False,False,False,0.9771540094544425,0.03109843767649461,0.030463783158356295
ARWSPYGEFRSAFDY,H3-23_A,K3-20,True,25,1,1,0.0001288679721851,4.0079035858713385e-06,3.92611059853556e-06,False,False,False,False,False,False,False,False,False,False,False,False,False,0,0,False,1.2666666666666668,False,False,False,6.113258743286132,1851.9689000000003,2,0.0001288679721851,4.0079035858713385e-06,994,1537,False,1537.0,False,False,False,False,0.9771540094544425,0.03109843767649461,0.030463783158356295
ARYSGYASPPGTFDY,UNK,K1-39,True,25,1,1,0.0001288679721851,4.0079035858713385e-06,3.92611059853556e-06,False,False,False,False,False,False,False,False,False,False,False,False,False,0,0,False,2.486666666666667,False,False,False,5.87858085632324,1651.7291,1,0.0001288679721851,4.0079035858713385e-06,1003,1538,False,1538.0,False,False,False,False,0.9771540094544425,0.03109843767649461,0.030463783158356295
ARAGPVYSASYGFDP,H3-23_A,K3-20,True,24,1,1,0.0001237132532977,4.0079035858713385e-06,3.92611059853556e-06,False,False,False,False,True,False,False,False,False,False,False,False,False,0,0,False,2.16,False,False,False,5.87944984436035,1557.6609,1,0.0001237132532977,4.0079035858713385e-06,16,1539,False,1539.0,False,False,False,False,0.9771540094544425,0.032394101181833744,0.03173300486278554
ARAVREFYGAQFDY,H1-69,K1-39,True,24,1,1,0.0001237132532977,4.0079035858713385e-06,3.92611059853556e-06,False,False,False,False,False,False,False,False,False,False,False,False,False,0,0,False,1.3071428571428572,False,False,False,6.113258743286132,1692.8273,2,0.0001237132532977,4.0079035858713385e-06,26,1540,False,1540.0,False,False,False,False,0.9771540094544425,0.032394101181833744,0.03173300486278554
ARAYGHFVAHTFDY,H1-69,K1-39,True,24,1,1,0.0001237132532977,4.0079035858713385e-06,3.92611059853556e-06,False,False,False,False,False,False,False,False,False,False,False,False,False,0,2,False,0.6928571428571431,False,False,False,6.959295272827148,1654.7809,1,0.0001237132532977,4.0079035858713385e-06,61,1541,False,1541.0,False,False,False,False,0.9771540094544425,0.032394101181833744,0.03173300486278554
ARDIWLLGYGPFDY,H3-7_A,K1-39,True,24,1,1,0.0001237132532977,4.0079035858713385e-06,3.92611059853556e-06,False,False,False,False,False,False,False,False,False,False,False,False,False,-1,-1,False,-0.6857142857142856,False,False,False,4.207874679565429,1685.8744,1,0.0001237132532977,4.0079035858713385e-06,87,1542,False,1542.0,False,False,False,False,0.9771540094544425,0.032394101181833744,0.03173300486278554
ARDLAAVRESYFDY,H5-51,K3-20,True,24,1,1,0.0001237132532977,4.0079035858713385e-06,3.92611059853556e-06,False,False,False,False,False,False,False,False,False,False,False,False,False,-1,-1,False,1.65,False,False,False,4.558281326293945,1675.7953,2,0.0001237132532977,4.0079035858713385e-06,89,1543,False,1543.0,False,False,False,False,0.9771540094544425,0.032394101181833744,0.03173300486278554
ARESTYPTLRFDY,H3-23_A,K4-1,True,24,1,1,0.0001237132532977,4.0079035858713385e-06,3.92611059853556e-06,False,False,False,False,False,False,False,False,False,False,False,False,False,0,0,False,1.9307692307692308,False,False,False,6.113258743286132,1618.7441,2,0.0001237132532977,4.0079035858713385e-06,154,1544,False,1544.0,False,False,False,False,0.9771540094544425,0.032394101181833744,0.03173300486278554
AREYGSSWGYNWAFDI,H3-23_A,K1-39,True,24,1,1,0.0001237132532977,4.0079035858713385e-06,3.92611059853556e-06,False,False,False,False,False,False,False,False,False,False,False,False,False,-1,-1,False,1.0375,False,False,False,4.370375442504883,1922.0156,1,0.0001237132532977,4.0079035858713385e-06,163,1545,False,1545.0,False,False,False,False,0.9771540094544425,0.032394101181833744,0.03173300486278554
ARGEGYTYGSSYAFDY,H3-7_A,K3-20,True,24,1,1,0.0001237132532977,4.0079035858713385e-06,3.92611059853556e-06,False,False,False,False,False,False,False,False,False,False,False,False,False,-1,-1,False,2.79375,False,False,False,4.370324325561524,1806.8372,1,0.0001237132532977,4.0079035858713385e-06,234,1546,False,1546.0,False,False,False,False,0.9771540094544425,0.032394101181833744,0.03173300486278554
ARGELWDWSLYGFDP,H1-69,K1-39,True,24,1,1,0.0001237132532977,4.0079035858713385e-06,3.92611059853556e-06,False,False,False,False,True,False,False,False,False,False,False,False,False,-2,-2,False,0.3066666666666668,False,False,False,4.050025558471679,1811.9448,1,0.0001237132532977,4.0079035858713385e-06,242,1547,False,1547.0,True,True,True,False,0.9771540094544425,0.032394101181833744,0.03173300486278554
ARGKGRVDASSYAFDI,H3-7_A,K3-20,True,24,1,1,0.0001237132532977,4.0079035858713385e-06,3.92611059853556e-06,False,False,False,False,False,False,False,False,False,False,False,False,False,1,1,False,2.625,False,False,False,8.632649230957028,1712.8603,2,0.0001237132532977,4.0079035858713385e-06,290,1548,False,1548.0,False,False,False,False,0.9771540094544425,0.032394101181833744,0.03173300486278554
ARGKGYTSASHYAFDI,H3-7_A,K1-39,True,24,1,1,0.0001237132532977,4.0079035858713385e-06,3.92611059853556e-06,False,False,False,False,False,False,False,False,False,False,False,False,False,1,2,False,2.3062500000000004,False,False,False,8.546315002441407,1743.8726,1,0.0001237132532977,4.0079035858713385e-06,312,1549,False,1549.0,False,False,False,False,0.9771540094544425,0.032394101181833744,0.03173300486278554
ARGKRSFVQSDFDY,H1-69,K1-39,True,24,1,1,0.0001237132532977,4.0079035858713385e-06,3.92611059853556e-06,False,False,False,False,False,False,False,False,False,True,False,False,False,1,1,False,2.635714285714286,False,False,False,8.632649230957028,1675.7986,2,0.0001237132532977,4.0079035858713385e-06,316,1550,False,1550.0,False,False,False,False,0.9771540094544425,0.032394101181833744,0.03173300486278554
ARGLGIIGIGSYAFDY,H3-7_A,K4-1,True,24,1,1,0.0001237132532977,4.0079035858713385e-06,3.92611059853556e-06,False,False,False,False,False,False,False,False,False,False,False,False,False,0,0,False,0.0937500000000001,False,False,False,5.87944984436035,1672.8773,1,0.0001237132532977,4.0079035858713385e-06,325,1551,False,1551.0,False,False,False,False,0.9771540094544425,0.032394101181833744,0.03173300486278554
ARGLGYISSGDYAFDI,H3-7_A,K3-15,True,24,1,1,0.0001237132532977,4.0079035858713385e-06,3.92611059853556e-06,False,False,False,False,False,False,False,False,False,False,False,False,False,-1,-1,False,1.2687500000000005,False,False,False,4.207874679565429,1704.8331,1,0.0001237132532977,4.0079035858713385e-06,339,1552,False,1552.0,False,False,False,False,0.9771540094544425,0.032394101181833744,0.03173300486278554
ARGLGYTLGSSYGFDI,H3-7_A,K3-20,True,24,1,1,0.0001237132532977,4.0079035858713385e-06,3.92611059853556e-06,False,False,False,False,False,False,False,False,False,False,False,False,False,0,0,False,1.11875,False,False,False,5.87944984436035,1676.823,1,0.0001237132532977,4.0079035858713385e-06,312,1553,False,1553.0,False,False,False,False,0.9771540094544425,0.032394101181833744,0.03173300486278554
ARGLPNQYWGSFDY,H1-69,K4-1,True,24,1,1,0.0001237132532977,4.0079035858713385e-06,3.92611059853556e-06,False,False,False,False,False,False,False,False,False,False,False,False,False,0,0,False,1.2214285714285715,False,False,False,5.87944984436035,1673.7809,1,0.0001237132532977,4.0079035858713385e-06,357,1554,False,1554.0,False,False,False,False,0.9771540094544425,0.032394101181833744,0.03173300486278554
ARGPGYVYSRSYAFDI,H3-7_A,K4-1,True,24,1,1,0.0001237132532977,4.0079035858713385e-06,3.92611059853556e-06,False,False,False,False,False,False,False,False,False,False,False,False,False,1,1,False,1.40625,False,False,False,8.539295959472657,1821.9843,2,0.0001237132532977,4.0079035858713385e-06,447,1555,False,1555.0,False,False,False,False,0.9771540094544425,0.032394101181833744,0.03173300486278554
ARGQGYVWPGRTYAFDI,H3-7_A,K3-20,True,24,1,1,0.0001237132532977,4.0079035858713385e-06,3.92611059853556e-06,False,False,False,False,False,False,False,False,False,False,False,False,False,1,1,False,1.076470588235294,False,False,False,8.632579040527343,1957.1508,2,0.0001237132532977,4.0079035858713385e-06,533,1556,False,1556.0,False,False,False,False,0.9771540094544425,0.032394101181833744,0.03173300486278554
ARGRGDLGLYNQWYFDI,H3-7_A,K3-20,True,24,1,1,0.0001237132532977,4.0079035858713385e-06,3.92611059853556e-06,False,False,False,True,False,False,False,False,False,False,False,False,False,0,0,False,0.6588235294117649,False,False,False,6.004021835327148,2044.228,2,0.0001237132532977,4.0079035858713385e-06,546,1557,False,1557.0,False,False,False,False,0.9771540094544425,0.032394101181833744,0.03173300486278554
ARGRGDVYSPGVYGFDI,H1-69,K1-39,True,24,1,1,0.0001237132532977,4.0079035858713385e-06,3.92611059853556e-06,False,False,False,False,False,False,False,False,False,False,False,False,False,0,0,False,1.9705882352941175,False,False,False,6.004021835327148,1828.9769,2,0.0001237132532977,4.0079035858713385e-06,550,1558,False,1558.0,False,False,False,False,0.9771540094544425,0.032394101181833744,0.03173300486278554
ARGRGYSHAGEYEFDY,H3-7_A,K3-20,True,24,1,1,0.0001237132532977,4.0079035858713385e-06,3.92611059853556e-06,False,False,False,False,False,False,False,False,False,True,False,False,False,-1,0,False,3.0625,False,False,False,5.447153854370117,1877.9218,2,0.0001237132532977,4.0079035858713385e-06,608,1560,False,1560.0,False,False,False,False,0.9771540094544425,0.032394101181833744,0.03173300486278554
ARGRGYVTAQDALFDY,H3-7_A,K3-20,True,24,1,1,0.0001237132532977,4.0079035858713385e-06,3.92611059853556e-06,False,False,False,False,False,False,False,False,False,False,False,False,False,0,0,False,1.9625,False,False,False,6.004021835327148,1802.9397,2,0.0001237132532977,4.0079035858713385e-06,627,1562,False,1562.0,False,False,False,False,0.9771540094544425,0.032394101181833744,0.03173300486278554
ARGTGFVYSDANFGFDY,H3-7_A,K1-39,True,24,1,1,0.0001237132532977,4.0079035858713385e-06,3.92611059853556e-06,False,False,False,False,False,False,False,False,False,False,False,False,False,-1,-1,False,1.711764705882353,False,False,False,4.207874679565429,1886.9681,1,0.0001237132532977,4.0079035858713385e-06,678,1563,False,1563.0,False,False,False,False,0.9771540094544425,0.032394101181833744,0.03173300486278554
ARGTGYISGPGEYAFDY,H3-7_A,K1-39,True,24,1,1,0.0001237132532977,4.0079035858713385e-06,3.92611059853556e-06,False,False,False,False,False,False,False,False,False,False,False,False,False,-1,-1,False,2.3470588235294123,False,False,False,4.370375442504883,1823.9108,1,0.0001237132532977,4.0079035858713385e-06,715,1564,False,1564.0,False,False,False,False,0.9771540094544425,0.032394101181833744,0.03173300486278554
ARGTGYTESWGAYGFDI,H3-7_A,K4-1,True,24,1,1,0.0001237132532977,4.0079035858713385e-06,3.92611059853556e-06,False,False,False,False,False,False,False,False,False,False,False,False,False,-1,-1,False,2.0529411764705885,False,False,False,4.370375442504883,1850.9362,1,0.0001237132532977,4.0079035858713385e-06,723,1565,False,1565.0,False,False,False,False,0.9771540094544425,0.032394101181833744,0.03173300486278554
ARGTYAGRIFDY,H1-69,K1-39,True,24,1,1,0.0001237132532977,4.0079035858713385e-06,3.92611059853556e-06,False,False,False,False,False,False,False,False,False,False,False,False,False,1,1,False,1.5166666666666668,False,False,False,8.632579040527343,1389.5141999999998,2,0.0001237132532977,4.0079035858713385e-06,670,1566,False,1566.0,False,False,False,False,0.9771540094544425,0.032394101181833744,0.03173300486278554
ARGVGSASEWYTFDY,H1-69,K3-20,True,24,1,1,0.0001237132532977,4.0079035858713385e-06,3.92611059853556e-06,False,False,False,False,False,False,False,False,False,False,False,False,False,-1,-1,False,1.94,False,False,False,4.370375442504883,1708.7804,1,0.0001237132532977,4.0079035858713385e-06,747,1567,False,1567.0,False,False,False,False,0.9771540094544425,0.032394101181833744,0.03173300486278554
ARGYGTVRYGSYGFDI,H3-7_A,K4-1,True,24,1,1,0.0001237132532977,4.0079035858713385e-06,3.92611059853556e-06,False,False,False,False,False,False,False,False,False,False,False,False,False,1,1,False,1.775,False,False,False,8.539295959472657,1781.9204,2,0.0001237132532977,4.0079035858713385e-06,774,1568,False,1568.0,False,False,False,False,0.9771540094544425,0.032394101181833744,0.03173300486278554
ARGYGWVSAAELGFDY,H3-7_A,K1-39,True,24,1,1,0.0001237132532977,4.0079035858713385e-06,3.92611059853556e-06,False,False,False,False,False,False,False,False,False,False,False,False,False,-1,-1,False,1.0000000000000002,False,False,False,4.370375442504883,1761.886,1,0.0001237132532977,4.0079035858713385e-06,777,1569,False,1569.0,False,False,False,False,0.9771540094544425,0.032394101181833744,0.03173300486278554
ARGYGYVESYLYDFDY,H3-7_A,K3-20,True,24,1,1,0.0001237132532977,4.0079035858713385e-06,3.92611059853556e-06,False,False,False,False,False,False,False,False,False,True,False,False,False,-2,-2,False,1.275,False,False,False,4.050025558471679,1981.076,1,0.0001237132532977,4.0079035858713385e-06,787,1570,False,1570.0,False,False,False,False,0.9771540094544425,0.032394101181833744,0.03173300486278554
ARIEPGAVTYGEFDY,H1-69,K4-1,True,24,1,1,0.0001237132532977,4.0079035858713385e-06,3.92611059853556e-06,False,False,False,False,False,False,False,False,False,True,False,False,False,-2,-2,False,1.8666666666666667,False,False,False,4.137435531616211,1687.8027000000002,1,0.0001237132532977,4.0079035858713385e-06,814,1571,False,1571.0,False,False,False,False,0.9771540094544425,0.032394101181833744,0.03173300486278554
ARLTEASIQDFDY,H5-51,K3-20,True,24,1,1,0.0001237132532977,4.0079035858713385e-06,3.92611059853556e-06,False,False,False,False,False,False,False,False,False,True,False,False,False,-2,-2,False,1.9692307692307691,False,False,False,4.050025558471679,1528.6182,1,0.0001237132532977,4.0079035858713385e-06,882,1572,False,1572.0,False,False,False,False,0.9771540094544425,0.032394101181833744,0.03173300486278554
ARSWKIYAASQFDY,H1-69,K1-39,True,24,1,1,0.0001237132532977,4.0079035858713385e-06,3.92611059853556e-06,False,False,False,False,False,False,False,False,False,False,False,False,False,1,1,False,1.0142857142857145,False,False,False,8.54006805419922,1705.8659,1,0.0001237132532977,4.0079035858713385e-06,940,1573,False,1573.0,False,False,False,False,0.9771540094544425,0.032394101181833744,0.03173300486278554
ARSYEAGYPYELFDY,H1-69,K3-15,True,24,1,1,0.0001237132532977,4.0079035858713385e-06,3.92611059853556e-06,False,False,False,False,False,False,False,False,False,False,False,False,False,-2,-2,False,1.4866666666666668,False,False,False,4.137435531616211,1843.9402,1,0.0001237132532977,4.0079035858713385e-06,941,1574,False,1574.0,False,False,False,False,0.9771540094544425,0.032394101181833744,0.03173300486278554
ARARTLSWTPWEFDP,H1-69,UNK,True,23,1,1,0.0001185585344103,4.0079035858713385e-06,3.92611059853556e-06,False,False,False,False,True,False,False,False,False,True,False,False,False,0,0,False,0.8733333333333334,False,False,False,6.1150478363037095,1833.0106,2,0.0001185585344103,4.0079035858713385e-06,39,1576,False,1576.0,False,False,False,False,0.9771540094544425,0.033802421576724605,0.03311258436365138
ARAYGDAPTYFDY,H1-69,K1-39,True,23,1,1,0.0001185585344103,4.0079035858713385e-06,3.92611059853556e-06,False,False,False,False,False,False,False,False,False,False,False,False,False,-1,-1,False,2.2,False,False,False,4.207874679565429,1509.5733,1,0.0001185585344103,4.0079035858713385e-06,60,1577,False,1577.0,False,False,False,False,0.9771540094544425,0.033802421576724605,0.03311258436365138
ARDASSFGYEPFDY,H1-69,K1-39,True,23,1,1,0.0001185585344103,4.0079035858713385e-06,3.92611059853556e-06,False,False,False,False,False,False,False,False,False,False,False,False,False,-2,-2,False,2.485714285714286,False,False,False,4.050025558471679,1624.6607,1,0.0001185585344103,4.0079035858713385e-06,70,1578,False,1578.0,False,False,False,False,0.9771540094544425,0.033802421576724605,0.03311258436365138
ARDYDEYSWYDAFDP,UNK,K1-39,True,23,1,1,0.0001185585344103,4.0079035858713385e-06,3.92611059853556e-06,False,False,False,False,True,False,False,False,False,True,False,False,False,-4,-4,False,2.66,False,False,False,4.050025558471679,1912.9162,1,0.0001185585344103,4.0079035858713385e-06,122,1580,False,1580.0,False,False,False,False,0.9771540094544425,0.033802421576724605,0.03311258436365138
AREGISYDRFEFDY,H1-69,K1-39,True,23,1,1,0.0001185585344103,4.0079035858713385e-06,3.92611059853556e-06,False,False,False,False,False,False,False,False,False,True,False,False,False,-2,-2,False,2.007142857142857,False,False,False,4.316753768920899,1767.8475999999998,2,0.0001185585344103,4.0079035858713385e-06,130,1581,False,1581.0,False,False,False,False,0.9771540094544425,0.033802421576724605,0.03311258436365138
ARFSDRITPWYNYAFDY,H3-23_A,K1-39,True,23,1,1,0.0001185585344103,4.0079035858713385e-06,3.92611059853556e-06,False,False,False,False,False,False,False,False,False,False,False,False,False,0,0,False,0.6647058823529414,False,False,False,6.003152847290039,2185.351,2,0.0001185585344103,4.0079035858713385e-06,173,1582,False,1582.0,False,False,False,False,0.9771540094544425,0.033802421576724605,0.03311258436365138
ARGAGEFVQSSFDY,H1-69,K1-39,True,23,1,1,0.0001185585344103,4.0079035858713385e-06,3.92611059853556e-06,False,False,False,False,False,False,False,False,False,False,False,False,False,-1,-1,False,2.3285714285714287,False,False,False,4.370375442504883,1533.5964,1,0.0001185585344103,4.0079035858713385e-06,182,1583,False,1583.0,False,False,False,False,0.9771540094544425,0.033802421576724605,0.03311258436365138
ARGEGEWYNFDY,H5-51,K4-1,True,23,1,1,0.0001185585344103,4.0079035858713385e-06,3.92611059853556e-06,False,False,False,False,False,False,False,False,False,True,False,False,False,-2,-2,False,2.275,False,False,False,4.137435531616211,1506.5295999999998,1,0.0001185585344103,4.0079035858713385e-06,220,1585,False,1585.0,False,False,False,False,0.9771540094544425,0.033802421576724605,0.03311258436365138
ARGEGSGEGYSWHFDY,H3-7_A,K1-39,True,23,1,1,0.0001185585344103,4.0079035858713385e-06,3.92611059853556e-06,False,False,False,True,False,False,False,False,False,False,False,False,False,-2,-1,False,2.9250000000000003,False,False,False,4.651314163208007,1817.8235,1,0.0001185585344103,4.0079035858713385e-06,225,1586,False,1586.0,False,False,False,False,0.9771540094544425,0.033802421576724605,0.03311258436365138
ARGEGYVTPGREYLFDY,H3-7_A,K4-1,True,23,1,1,0.0001185585344103,4.0079035858713385e-06,3.92611059853556e-06,False,False,False,False,False,False,False,False,False,False,False,False,False,-1,-1,False,1.9235294117647064,False,False,False,4.6793262481689455,1993.135,2,0.0001185585344103,4.0079035858713385e-06,240,1587,False,1587.0,False,False,False,False,0.9771540094544425,0.033802421576724605,0.03311258436365138
ARGKGDVRPGIYLFDY,H3-7_A,K1-39,True,23,1,1,0.0001185585344103,4.0079035858713385e-06,3.92611059853556e-06,False,False,False,False,False,False,False,False,False,False,False,False,False,1,1,False,1.3437500000000002,False,False,False,8.539366149902346,1827.0472,2,0.0001185585344103,4.0079035858713385e-06,294,1588,False,1588.0,False,False,False,False,0.9771540094544425,0.033802421576724605,0.03311258436365138
ARGLGASWVEGFDY,H5-51,K3-20,True,23,1,1,0.0001185585344103,4.0079035858713385e-06,3.92611059853556e-06,False,False,False,False,False,False,False,False,False,False,False,False,False,-1,-1,False,1.1285714285714288,False,False,False,4.370375442504883,1527.6348999999998,1,0.0001185585344103,4.0079035858713385e-06,320,1589,False,1589.0,False,False,False,False,0.9771540094544425,0.033802421576724605,0.03311258436365138
ARGLGYLTPGKYDFDI,H3-7_A,K3-20,True,23,1,1,0.0001185585344103,4.0079035858713385e-06,3.92611059853556e-06,False,False,False,False,False,False,False,False,False,True,False,False,False,0,0,False,1.0625000000000002,False,False,False,6.003152847290039,1785.9920000000002,1,0.0001185585344103,4.0079035858713385e-06,343,1590,False,1590.0,False,False,False,False,0.9771540094544425,0.033802421576724605,0.03311258436365138
ARGPGEIGASWYSFDY,H3-7_A,K3-20,True,23,1,1,0.0001185585344103,4.0079035858713385e-06,3.92611059853556e-06,False,False,False,False,False,False,False,False,False,False,False,False,False,-1,-1,False,1.7125,False,False,False,4.370375442504883,1775.8696,1,0.0001185585344103,4.0079035858713385e-06,379,1591,False,1591.0,False,False,False,False,0.9771540094544425,0.033802421576724605,0.03311258436365138
ARGPGTIYDASYGFDY,H3-7_A,K3-20,True,23,1,1,0.0001185585344103,4.0079035858713385e-06,3.92611059853556e-06,False,False,False,False,False,False,False,False,False,False,False,False,False,-1,-1,False,2.2750000000000004,False,False,False,4.207874679565429,1752.8329,1,0.0001185585344103,4.0079035858713385e-06,410,1592,False,1592.0,False,False,False,False,0.9771540094544425,0.033802421576724605,0.03311258436365138
ARGPGVIAEGAYQFDY,H3-7_A,K3-20,True,23,1,1,0.0001185585344103,4.0079035858713385e-06,3.92611059853556e-06,False,False,False,False,False,False,False,False,False,False,False,False,False,-1,-1,False,1.8,False,False,False,4.370375442504883,1713.8432,1,0.0001185585344103,4.0079035858713385e-06,404,1593,False,1593.0,False,False,False,False,0.9771540094544425,0.033802421576724605,0.03311258436365138
ARGPGYISGYGSADFDI,H3-7_A,K1-39,True,23,1,1,0.0001185585344103,4.0079035858713385e-06,3.92611059853556e-06,False,False,False,False,False,False,False,False,False,True,False,False,False,-1,-1,False,2.194117647058824,False,False,False,4.207874679565429,1745.842,1,0.0001185585344103,4.0079035858713385e-06,443,1594,False,1594.0,False,False,False,False,0.9771540094544425,0.033802421576724605,0.03311258436365138
ARGQGYLSGSNVWGFDI,H3-7_A,K3-15,True,23,1,1,0.0001185585344103,4.0079035858713385e-06,3.92611059853556e-06,False,False,False,False,False,False,False,False,False,False,False,False,False,0,0,False,1.3588235294117648,False,False,False,5.880318832397459,1826.961,1,0.0001185585344103,4.0079035858713385e-06,521,1595,False,1595.0,False,False,False,False,0.9771540094544425,0.033802421576724605,0.03311258436365138
ARGQGYTFPYGVYAFDI,H3-7_A,K4-1,True,23,1,1,0.0001185585344103,4.0079035858713385e-06,3.92611059853556e-06,False,False,False,False,False,False,False,False,False,False,False,False,False,0,0,False,0.7647058823529413,False,False,False,5.87858085632324,1925.1022,1,0.0001185585344103,4.0079035858713385e-06,523,1596,False,1596.0,False,False,False,False,0.9771540094544425,0.033802421576724605,0.03311258436365138
ARGRGQVSGSSYGFDY,H3-7_A,K4-1,True,23,1,1,0.0001185585344103,4.0079035858713385e-06,3.92611059853556e-06,False,False,False,False,False,False,False,False,False,False,False,False,False,1,1,False,3.25625,False,False,False,8.632579040527343,1706.7695,2,0.0001185585344103,4.0079035858713385e-06,542,1597,False,1597.0,False,False,False,False,0.9771540094544425,0.033802421576724605,0.03311258436365138
ARGRGTIYGDAYAFDY,H3-7_A,K4-1,True,23,1,1,0.0001185585344103,4.0079035858713385e-06,3.92611059853556e-06,False,False,False,False,False,False,False,False,False,False,False,False,False,0,0,False,2.13125,False,False,False,6.003152847290039,1795.904,2,0.0001185585344103,4.0079035858713385e-06,587,1598,False,1598.0,False,False,False,False,0.9771540094544425,0.033802421576724605,0.03311258436365138
ARGRGYISSSSTYGFDI,H3-7_A,K3-15,True,23,1,1,0.0001185585344103,4.0079035858713385e-06,3.92611059853556e-06,False,False,False,False,False,False,False,False,False,False,False,False,False,1,1,False,2.3411764705882354,False,False,False,8.632579040527343,1836.9544,2,0.0001185585344103,4.0079035858713385e-06,445,1599,False,1599.0,False,False,False,False,0.9771540094544425,0.033802421576724605,0.03311258436365138
ARGSGYTLSSGEYGFDY,H3-7_A,K3-20,True,23,1,1,0.0001185585344103,4.0079035858713385e-06,3.92611059853556e-06,False,False,False,False,False,False,False,False,False,False,False,False,False,-1,-1,False,2.794117647058824,False,False,False,4.370375442504883,1829.8723,1,0.0001185585344103,4.0079035858713385e-06,655,1600,False,1600.0,False,False,False,False,0.9771540094544425,0.033802421576724605,0.03311258436365138
ARGSGYVSPTGSFGFDI,H3-7_A,K3-15,True,23,1,1,0.0001185585344103,4.0079035858713385e-06,3.92611059853556e-06,False,False,False,False,False,False,False,False,False,False,False,False,False,0,0,False,1.994117647058824,False,False,False,5.880318832397459,1717.8319,1,0.0001185585344103,4.0079035858713385e-06,665,1601,False,1601.0,False,False,False,False,0.9771540094544425,0.033802421576724605,0.03311258436365138
ARGTGAPYEFDY,H5-51,UNK,True,23,1,1,0.0001185585344103,4.0079035858713385e-06,3.92611059853556e-06,False,False,False,False,False,False,False,False,False,True,False,False,False,-1,-1,False,2.6583333333333337,False,False,False,4.370375442504883,1346.4000999999998,1,0.0001185585344103,4.0079035858713385e-06,673,1602,False,1602.0,False,False,False,False,0.9771540094544425,0.033802421576724605,0.03311258436365138
ARGTGLIRGSELGFDY,H3-7_A,K1-39,True,23,1,1,0.0001185585344103,4.0079035858713385e-06,3.92611059853556e-06,False,False,False,False,False,False,False,False,False,False,False,False,False,0,0,False,1.5812500000000005,False,False,False,6.114178848266601,1711.8722,2,0.0001185585344103,4.0079035858713385e-06,686,1603,False,1603.0,False,False,False,False,0.9771540094544425,0.033802421576724605,0.03311258436365138
ARGTGYVILGSYGFDI,H3-7_A,K1-39,True,23,1,1,0.0001185585344103,4.0079035858713385e-06,3.92611059853556e-06,False,False,False,False,False,False,False,False,False,False,False,False,False,0,0,False,0.5562500000000001,False,False,False,5.87944984436035,1688.8767,1,0.0001185585344103,4.0079035858713385e-06,662,1604,False,1604.0,False,False,False,False,0.9771540094544425,0.033802421576724605,0.03311258436365138
ARGVDLWDVYEGFDY,H3-7_A,K1-39,True,23,1,1,0.0001185585344103,4.0079035858713385e-06,3.92611059853556e-06,False,False,False,False,False,False,False,False,False,False,False,False,False,-3,-3,False,1.06,False,False,False,4.050025558471679,1804.9074,1,0.0001185585344103,4.0079035858713385e-06,746,1605,False,1605.0,False,False,False,False,0.9771540094544425,0.033802421576724605,0.03311258436365138
ARIYQGQSYVFDY,H4-34,K3-20,True,23,1,1,0.0001185585344103,4.0079035858713385e-06,3.92611059853556e-06,False,False,False,False,False,False,False,False,False,False,False,False,False,0,0,False,1.0692307692307694,False,False,False,5.87858085632324,1609.7352999999998,1,0.0001185585344103,4.0079035858713385e-06,820,1606,False,1606.0,False,False,False,False,0.9771540094544425,0.033802421576724605,0.03311258436365138
ARLARPSIADFDY,H5-51,K3-20,True,23,1,1,0.0001185585344103,4.0079035858713385e-06,3.92611059853556e-06,False,False,False,False,False,False,False,False,False,True,False,False,False,0,0,False,1.153846153846154,False,False,False,6.004890823364257,1494.6499,2,0.0001185585344103,4.0079035858713385e-06,822,1607,False,1607.0,False,False,False,False,0.9771540094544425,0.033802421576724605,0.03311258436365138
ARLRSPSIEQFDY,H5-51,K3-15,True,23,1,1,0.0001185585344103,4.0079035858713385e-06,3.92611059853556e-06,False,False,False,False,False,False,False,False,False,False,False,False,False,0,0,False,1.623076923076923,False,False,False,6.114178848266601,1581.7271999999998,2,0.0001185585344103,4.0079035858713385e-06,870,1609,False,1609.0,False,False,False,False,0.9771540094544425,0.033802421576724605,0.03311258436365138
ARLTYEYGYLTKGSFDY,H5-51,K3-20,True,23,1,1,0.0001185585344103,4.0079035858713385e-06,3.92611059853556e-06,False,False,False,False,False,False,False,False,False,False,False,False,False,0,0,False,1.347058823529412,False,False,False,6.1106517791748045,2047.2221,1,0.0001185585344103,4.0079035858713385e-06,890,1610,False,1610.0,False,False,False,False,0.9771540094544425,0.033802421576724605,0.03311258436365138
ARPGFEFIIPRFDY,H1-69,K1-39,True,23,1,1,0.0001185585344103,4.0079035858713385e-06,3.92611059853556e-06,False,False,False,False,False,False,False,False,False,False,False,False,False,0,0,False,-0.5214285714285712,False,False,False,6.114178848266601,1727.9574999999998,2,0.0001185585344103,4.0079035858713385e-06,902,1611,False,1611.0,False,False,False,False,0.9771540094544425,0.033802421576724605,0.03311258436365138
ARPLVEFAAARFDY,H1-69,K1-39,True,23,1,1,0.0001185585344103,4.0079035858713385e-06,3.92611059853556e-06,False,False,False,False,False,False,False,False,False,False,False,False,False,0,0,False,0.2500000000000001,False,False,False,6.114178848266601,1625.8242999999998,2,0.0001185585344103,4.0079035858713385e-06,906,1612,False,1612.0,False,False,False,False,0.9771540094544425,0.033802421576724605,0.03311258436365138
ARTSDVAQFYEWQFDY,H1-69,K1-39,True,23,1,1,0.0001185585344103,4.0079035858713385e-06,3.92611059853556e-06,False,False,False,False,False,False,False,False,False,False,False,False,False,-2,-2,False,1.5,False,False,False,4.050025558471679,2026.1201,1,0.0001185585344103,4.0079035858713385e-06,949,1614,False,1614.0,False,False,False,False,0.9771540094544425,0.033802421576724605,0.03311258436365138
ARWGYSYGVPSGFDY,H3-7_A,K1-39,True,23,1,1,0.0001185585344103,4.0079035858713385e-06,3.92611059853556e-06,False,False,False,False,False,False,False,False,False,False,False,False,False,0,0,False,1.3266666666666669,False,False,False,5.87858085632324,1724.8242999999998,1,0.0001185585344103,4.0079035858713385e-06,988,1615,False,1615.0,False,False,False,False,0.9771540094544425,0.033802421576724605,0.03311258436365138
ARWGYSYGVPSGFDY,UNK,K1-39,True,23,1,1,0.0001185585344103,4.0079035858713385e-06,3.92611059853556e-06,False,False,False,False,False,False,False,False,False,False,False,False,False,0,0,False,1.3266666666666669,False,False,False,5.87858085632324,1724.8242999999998,1,0.0001185585344103,4.0079035858713385e-06,988,1616,False,1616.0,False,False,False,False,0.9771540094544425,0.033802421576724605,0.03311258436365138
ARALDLKWTPYDFDP,H1-69,UNK,True,22,1,1,0.0001134038155229,4.0079035858713385e-06,3.92611059853556e-06,False,False,False,False,True,False,False,False,False,True,False,False,False,-1,-1,False,0.9333333333333336,False,False,False,4.429057693481445,1807.9977,1,0.0001134038155229,4.0079035858713385e-06,30,1617,False,1617.0,False,False,False,False,0.9771540094544425,0.035338759809752464,0.034617569124484826
ARDAAGLRPGQWYLFDI,H1-69,K3-20,True,22,1,1,0.0001134038155229,4.0079035858713385e-06,3.92611059853556e-06,False,False,False,False,False,False,False,False,False,False,False,False,False,0,0,False,0.3941176470588237,False,False,False,6.004890823364257,1949.1719,2,0.0001134038155229,4.0079035858713385e-06,66,1618,False,1618.0,False,False,False,False,0.9771540094544425,0.035338759809752464,0.034617569124484826
ARDYATYSWYDAFDP,H1-69,K1-39,True,22,1,1,0.0001134038155229,4.0079035858713385e-06,3.92611059853556e-06,False,False,False,False,True,False,False,False,False,False,False,False,False,-2,-2,False,1.96,False,False,False,4.050025558471679,1840.8966,1,0.0001134038155229,4.0079035858713385e-06,122,1619,False,1619.0,False,False,False,False,0.9771540094544425,0.035338759809752464,0.034617569124484826
ARETFGYVPQLVYSFDY,H1-69,K3-20,True,22,1,1,0.0001134038155229,4.0079035858713385e-06,3.92611059853556e-06,False,False,False,False,False,False,False,False,False,False,False,False,False,-1,-1,False,0.523529411764706,False,False,False,4.370375442504883,2055.244,1,0.0001134038155229,4.0079035858713385e-06,155,1620,False,1620.0,False,False,False,False,0.9771540094544425,0.035338759809752464,0.034617569124484826
ARFDYAARGSLSVFDY,H4-34,K3-20,True,22,1,1,0.0001134038155229,4.0079035858713385e-06,3.92611059853556e-06,False,False,False,False,False,False,False,False,False,False,False,False,False,0,0,False,1.1437500000000005,False,False,False,6.004021835327148,1837.9837,2,0.0001134038155229,4.0079035858713385e-06,165,1621,False,1621.0,False,False,False,False,0.9771540094544425,0.035338759809752464,0.034617569124484826
ARFYDVDVFGFDY,H5-51,K3-20,True,22,1,1,0.0001134038155229,4.0079035858713385e-06,3.92611059853556e-06,False,False,False,False,False,False,False,False,False,True,False,False,False,-2,-2,False,0.2461538461538463,False,False,False,4.050025558471679,1613.7222,1,0.0001134038155229,4.0079035858713385e-06,181,1622,False,1622.0,False,False,False,False,0.9771540094544425,0.035338759809752464,0.034617569124484826
ARGEGYVSSFGAYGFDI,H3-7_A,K1-39,True,22,1,1,0.0001134038155229,4.0079035858713385e-06,3.92611059853556e-06,False,False,False,False,False,False,False,False,False,False,False,False,False,-1,-1,False,1.6529411764705884,False,False,False,4.370375442504883,1795.9006,1,0.0001134038155229,4.0079035858713385e-06,239,1623,False,1623.0,False,False,False,False,0.9771540094544425,0.035338759809752464,0.034617569124484826
ARGFEPEGLLGFDY,UNK,K1-39,True,22,1,1,0.0001134038155229,4.0079035858713385e-06,3.92611059853556e-06,False,False,False,False,False,False,False,False,False,True,False,False,False,-2,-2,False,0.885714285714286,False,False,False,4.137435531616211,1570.6994,1,0.0001134038155229,4.0079035858713385e-06,245,1624,False,1624.0,False,False,False,False,0.9771540094544425,0.035338759809752464,0.034617569124484826
ARGHGDVSRGSYNFDI,H3-7_A,K3-15,True,22,1,1,0.0001134038155229,4.0079035858713385e-06,3.92611059853556e-06,False,False,False,False,False,False,False,False,False,False,False,False,False,0,1,False,2.93125,False,False,False,6.791580581665039,1750.8254,2,0.0001134038155229,4.0079035858713385e-06,255,1625,False,1625.0,False,False,False,False,0.9771540094544425,0.035338759809752464,0.034617569124484826
ARGLHTFGNRYGFDP,H1-69,K1-39,True,22,1,1,0.0001134038155229,4.0079035858713385e-06,3.92611059853556e-06,False,False,False,False,True,False,False,False,False,False,False,False,False,1,2,False,1.6333333333333335,False,False,False,8.796192932128907,1707.8453,2,0.0001134038155229,4.0079035858713385e-06,356,1626,False,1626.0,False,False,False,False,0.9771540094544425,0.035338759809752464,0.034617569124484826
ARGPGDRAWFDFDY,H1-69,K3-20,True,22,1,1,0.0001134038155229,4.0079035858713385e-06,3.92611059853556e-06,False,False,False,False,False,False,False,False,False,True,False,False,False,-1,-1,False,1.8428571428571432,False,False,False,4.429057693481445,1672.7532,2,0.0001134038155229,4.0079035858713385e-06,377,1627,False,1627.0,False,False,False,False,0.9771540094544425,0.035338759809752464,0.034617569124484826
ARGPGYVDLPGSYAFDI,UNK,K3-20,True,22,1,1,0.0001134038155229,4.0079035858713385e-06,3.92611059853556e-06,False,False,False,False,False,False,False,False,False,False,False,False,False,-1,-1,False,1.3117647058823532,False,False,False,4.207874679565429,1797.9596,1,0.0001134038155229,4.0079035858713385e-06,470,1628,False,1628.0,False,False,False,False,0.9771540094544425,0.035338759809752464,0.034617569124484826
ARGPGYVSSPGAYDFDY,H3-7_A,K4-1,True,22,1,1,0.0001134038155229,4.0079035858713385e-06,3.92611059853556e-06,False,False,False,False,False,False,False,False,False,True,False,False,False,-1,-1,False,2.594117647058824,False,False,False,4.207874679565429,1821.8949,1,0.0001134038155229,4.0079035858713385e-06,484,1629,False,1629.0,False,False,False,False,0.9771540094544425,0.035338759809752464,0.034617569124484826
ARGPVWLPFDY,H4-34,K1-39,True,22,1,1,0.0001134038155229,4.0079035858713385e-06,3.92611059853556e-06,False,False,False,False,False,False,False,False,False,False,False,False,False,0,0,False,-0.7090909090909089,False,False,False,5.880318832397459,1320.4935,1,0.0001134038155229,4.0079035858713385e-06,507,1630,False,1630.0,False,False,False,False,0.9771540094544425,0.035338759809752464,0.034617569124484826
ARGRGDVLAAGVYGFDI,H3-7_A,K3-20,True,22,1,1,0.0001134038155229,4.0079035858713385e-06,3.92611059853556e-06,False,False,False,False,False,False,False,False,False,False,False,False,False,0,0,False,1.282352941176471,False,False,False,6.004890823364257,1736.9246,2,0.0001134038155229,4.0079035858713385e-06,547,1631,False,1631.0,False,False,False,False,0.9771540094544425,0.035338759809752464,0.034617569124484826
ARGRGYVASGDYDFDI,H3-7_A,K4-1,True,22,1,1,0.0001134038155229,4.0079035858713385e-06,3.92611059853556e-06,False,False,False,False,False,False,False,False,False,True,False,False,False,-1,-1,False,2.59375,False,False,False,4.429057693481445,1761.8447,2,0.0001134038155229,4.0079035858713385e-06,598,1632,False,1632.0,False,False,False,False,0.9771540094544425,0.035338759809752464,0.034617569124484826
ARGSGSTYGFDY,H5-51,UNK,True,22,1,1,0.0001134038155229,4.0079035858713385e-06,3.92611059853556e-06,False,False,False,False,False,False,False,False,False,False,False,False,False,0,0,False,3.216666666666667,False,False,False,5.87944984436035,1280.2989,1,0.0001134038155229,4.0079035858713385e-06,644,1633,False,1633.0,False,False,False,False,0.9771540094544425,0.035338759809752464,0.034617569124484826
ARGSGYTSGSSYGFDI,H3-7_A,K3-15,True,22,1,1,0.0001134038155229,4.0079035858713385e-06,3.92611059853556e-06,False,False,False,False,False,False,False,False,False,False,False,False,False,0,0,False,3.0812500000000003,False,False,False,5.87944984436035,1624.6624000000002,1,0.0001134038155229,4.0079035858713385e-06,364,1634,False,1634.0,False,False,False,False,0.9771540094544425,0.035338759809752464,0.034617569124484826
ARGSYAGRIFDY,H3-23_A,K1-39,True,22,1,1,0.0001134038155229,4.0079035858713385e-06,3.92611059853556e-06,False,False,False,False,False,False,False,False,False,False,False,False,False,1,1,False,1.625,False,False,False,8.632579040527343,1375.4876,2,0.0001134038155229,4.0079035858713385e-06,670,1635,False,1635.0,True,False,False,False,0.9771540094544425,0.035338759809752464,0.034617569124484826
ARGTGYVWGDAYAFDY,H3-7_A,K4-1,True,22,1,1,0.0001134038155229,4.0079035858713385e-06,3.92611059853556e-06,False,False,False,False,False,False,False,False,False,False,False,False,False,-1,-1,False,1.5125000000000002,False,False,False,4.207874679565429,1811.9016,1,0.0001134038155229,4.0079035858713385e-06,489,1636,False,1636.0,False,False,False,False,0.9771540094544425,0.035338759809752464,0.034617569124484826
ARGWGEFQTALFDY,H1-69,K1-39,True,22,1,1,0.0001134038155229,4.0079035858713385e-06,3.92611059853556e-06,False,False,False,False,False,False,False,False,False,False,False,False,False,-1,-1,False,0.6642857142857145,False,False,False,4.370375442504883,1660.7822,1,0.0001134038155229,4.0079035858713385e-06,754,1637,False,1637.0,False,False,False,False,0.9771540094544425,0.035338759809752464,0.034617569124484826
ARHAQYWPVPGAFDY,H1-69,K4-1,True,22,1,1,0.0001134038155229,4.0079035858713385e-06,3.92611059853556e-06,False,False,False,False,False,False,False,False,False,False,False,False,False,0,1,False,0.7866666666666667,False,False,False,6.787184524536133,1777.9334,1,0.0001134038155229,4.0079035858713385e-06,793,1638,False,1638.0,True,True,True,False,0.9771540094544425,0.035338759809752464,0.034617569124484826
ARHHSPTDPFDY,H5-51,K4-1,True,22,1,1,0.0001134038155229,4.0079035858713385e-06,3.92611059853556e-06,False,False,False,False,True,False,False,False,False,False,False,False,False,-1,1,False,2.941666666666667,False,False,False,5.982246017456054,1442.4909,1,0.0001134038155229,4.0079035858713385e-06,799,1639,False,1639.0,False,False,False,False,0.9771540094544425,0.035338759809752464,0.034617569124484826
ARLTGPAITGFDY,H5-51,K3-20,True,22,1,1,0.0001134038155229,4.0079035858713385e-06,3.92611059853556e-06,False,False,False,False,False,False,False,False,False,False,False,False,False,0,0,False,1.076923076923077,False,False,False,5.880318832397459,1381.532,1,0.0001134038155229,4.0079035858713385e-06,884,1641,False,1641.0,False,False,False,False,0.9771540094544425,0.035338759809752464,0.034617569124484826
ARPEEEGDRSWYFDI,UNK,K1-39,True,22,1,1,0.0001134038155229,4.0079035858713385e-06,3.92611059853556e-06,False,False,False,True,False,False,False,False,False,True,False,False,False,-3,-3,False,2.606666666666667,False,False,False,4.17761344909668,1869.9397,2,0.0001134038155229,4.0079035858713385e-06,899,1642,False,1642.0,False,False,False,False,0.9771540094544425,0.035338759809752464,0.034617569124484826
ARSPRYVTALSYFDP,H1-69,K3-20,True,22,1,1,0.0001134038155229,4.0079035858713385e-06,3.92611059853556e-06,False,False,False,False,True,False,False,False,False,False,False,False,False,1,1,False,1.2733333333333334,False,False,False,8.632579040527343,1742.9276,2,0.0001134038155229,4.0079035858713385e-06,925,1643,False,1643.0,False,False,False,False,0.9771540094544425,0.035338759809752464,0.034617569124484826
ARSVDEGSPSLVAFDY,H5-51,K3-20,True,22,1,1,0.0001134038155229,4.0079035858713385e-06,3.92611059853556e-06,False,False,False,False,False,False,False,False,False,True,False,False,False,-2,-2,False,2.2375000000000003,False,False,False,4.050025558471679,1712.8106,1,0.0001134038155229,4.0079035858713385e-06,937,1644,False,1644.0,False,False,False,False,0.9771540094544425,0.035338759809752464,0.034617569124484826
ARVPAQSAYPGTLGFDP,H4-34,K3-20,True,22,1,1,0.0001134038155229,4.0079035858713385e-06,3.92611059853556e-06,False,False,False,False,True,False,False,False,False,False,False,False,False,0,0,False,1.8764705882352943,False,False,False,5.880318832397459,1746.9163,1,0.0001134038155229,4.0079035858713385e-06,963,1645,False,1645.0,False,False,False,False,0.9771540094544425,0.035338759809752464,0.034617569124484826
ARWILTLGVANYFDP,H1-69,K1-39,True,22,1,1,0.0001134038155229,4.0079035858713385e-06,3.92611059853556e-06,False,False,False,False,True,False,False,False,False,False,False,False,False,0,0,False,-0.8533333333333332,False,False,False,5.880318832397459,1735.9779,1,0.0001134038155229,4.0079035858713385e-06,990,1648,False,1648.0,True,True,True,False,0.9771540094544425,0.035338759809752464,0.034617569124484826
ARYHGAFVSSTFDY,H1-69,K1-39,True,22,1,1,0.0001134038155229,4.0079035858713385e-06,3.92611059853556e-06,False,False,False,False,False,False,False,False,False,False,False,False,False,0,1,False,1.3214285714285716,False,False,False,6.787184524536133,1620.7182999999998,1,0.0001134038155229,4.0079035858713385e-06,998,1649,False,1649.0,False,False,False,False,0.9771540094544425,0.035338759809752464,0.034617569124484826
ARANVERITYGFDY,H3-23_A,K3-20,True,21,1,1,0.0001082490966355,4.0079035858713385e-06,3.92611059853556e-06,False,False,False,False,False,False,False,False,False,False,False,False,False,0,0,False,1.6857142857142855,False,False,False,6.113258743286132,1674.8104999999998,2,0.0001082490966355,4.0079035858713385e-06,34,1651,False,1651.0,False,False,False,False,0.9771540094544425,0.037021402454203364,0.03626587252759434
ARAQTASPWSRPAFDI,H3-23_A,K3-20,True,21,1,1,0.0001082490966355,4.0079035858713385e-06,3.92611059853556e-06,False,False,False,False,False,False,False,False,False,False,False,False,False,1,1,False,1.75,False,False,False,9.643601989746092,1773.9451,2,0.0001082490966355,4.0079035858713385e-06,43,1652,False,1652.0,False,False,False,False,0.9771540094544425,0.037021402454203364,0.03626587252759434
ARARQSWVSSLFDY,H1-69,K1-39,True,21,1,1,0.0001082490966355,4.0079035858713385e-06,3.92611059853556e-06,False,False,False,False,False,False,False,False,False,False,False,False,False,1,1,False,1.0071428571428571,False,False,False,8.79022674560547,1685.8365,2,0.0001082490966355,4.0079035858713385e-06,19,1653,False,1653.0,False,False,False,False,0.9771540094544425,0.037021402454203364,0.03626587252759434
ARAVDEWVSSVFDY,H1-69,K1-39,True,21,1,1,0.0001082490966355,4.0079035858713385e-06,3.92611059853556e-06,False,False,False,False,False,False,False,False,False,True,False,False,False,-2,-2,False,1.2142857142857142,False,False,False,4.050025558471679,1643.7501,1,0.0001082490966355,4.0079035858713385e-06,55,1654,False,1654.0,False,False,False,False,0.9771540094544425,0.037021402454203364,0.03626587252759434
ARDIDPYGEEGAFDP,H3-7_A,K1-39,True,21,1,1,0.0001082490966355,4.0079035858713385e-06,3.92611059853556e-06,False,False,False,False,True,False,False,False,False,True,False,False,False,-4,-4,False,3.3666666666666667,False,False,False,4.050025558471679,1651.6846,1,0.0001082490966355,4.0079035858713385e-06,81,1655,False,1655.0,False,False,False,False,0.9771540094544425,0.037021402454203364,0.03626587252759434
ARDIDVWDNLQWFDP,H1-69,K3-20,True,21,1,1,0.0001082490966355,4.0079035858713385e-06,3.92611059853556e-06,False,False,False,False,True,False,False,False,False,True,False,False,False,-3,-3,False,0.7533333333333334,False,False,False,4.050025558471679,1890.0153,1,0.0001082490966355,4.0079035858713385e-06,82,1656,False,1656.0,False,False,False,False,0.9771540094544425,0.037021402454203364,0.03626587252759434
ARDIDVWDNLQWFDP,H3-23_A,K1-39,True,21,1,1,0.0001082490966355,4.0079035858713385e-06,3.92611059853556e-06,False,False,False,False,True,False,False,False,False,True,False,False,False,-3,-3,False,0.7533333333333334,False,False,False,4.050025558471679,1890.0153,1,0.0001082490966355,4.0079035858713385e-06,82,1657,False,1657.0,False,False,False,False,0.9771540094544425,0.037021402454203364,0.03626587252759434
ARDIDVYGSLGAFDY,UNK,K1-39,True,21,1,1,0.0001082490966355,4.0079035858713385e-06,3.92611059853556e-06,False,False,False,False,False,False,False,False,False,True,False,False,False,-2,-2,False,1.4933333333333334,False,False,False,4.050025558471679,1661.7653,1,0.0001082490966355,4.0079035858713385e-06,80,1658,False,1658.0,False,False,False,False,0.9771540094544425,0.037021402454203364,0.03626587252759434
ARDLGYLYSYGAFDP,H1-69,K3-15,True,21,1,1,0.0001082490966355,4.0079035858713385e-06,3.92611059853556e-06,False,False,False,False,True,False,False,False,False,False,False,False,False,-1,-1,False,1.0066666666666668,False,False,False,4.207874679565429,1707.8353000000002,1,0.0001082490966355,4.0079035858713385e-06,97,1659,False,1659.0,False,False,False,False,0.9771540094544425,0.037021402454203364,0.03626587252759434
AREPYIRLFDY,H4-34,K1-39,True,21,1,1,0.0001082490966355,4.0079035858713385e-06,3.92611059853556e-06,False,False,False,False,False,False,False,False,False,False,False,False,False,0,0,False,0.0181818181818183,False,False,False,6.113258743286132,1442.6166,2,0.0001082490966355,4.0079035858713385e-06,146,1660,False,1660.0,False,False,False,False,0.9771540094544425,0.037021402454203364,0.03626587252759434
AREVDWGDGYDYFDY,UNK,K1-39,True,21,1,1,0.0001082490966355,4.0079035858713385e-06,3.92611059853556e-06,False,True,False,False,False,False,False,False,False,True,False,False,False,-4,-4,False,2.46,False,False,False,4.050025558471679,1870.8794000000005,1,0.0001082490966355,4.0079035858713385e-06,159,1662,False,1662.0,False,False,False,False,0.9771540094544425,0.037021402454203364,0.03626587252759434
ARGAGYVWDLQYAFDY,H3-7_A,K1-39,True,21,1,1,0.0001082490966355,4.0079035858713385e-06,3.92611059853556e-06,False,False,False,False,False,False,False,False,False,False,False,False,False,-1,-1,False,0.6312500000000001,False,False,False,4.207874679565429,1895.0332,1,0.0001082490966355,4.0079035858713385e-06,203,1663,False,1663.0,False,False,False,False,0.9771540094544425,0.037021402454203364,0.03626587252759434
ARGAYGSYSSETDAFDY,H1-69,K3-20,True,21,1,1,0.0001082490966355,4.0079035858713385e-06,3.92611059853556e-06,False,False,False,False,False,False,False,False,False,True,False,False,False,-2,-2,False,3.5,False,False,False,4.050025558471679,1859.8553,1,0.0001082490966355,4.0079035858713385e-06,211,1664,False,1664.0,False,False,False,False,0.9771540094544425,0.037021402454203364,0.03626587252759434
ARGESSTFGDFDY,H5-51,UNK,True,21,1,1,0.0001082490966355,4.0079035858713385e-06,3.92611059853556e-06,False,False,False,False,False,False,False,False,False,True,False,False,False,-2,-2,False,3.338461538461539,False,False,False,4.050025558471679,1451.4496,1,0.0001082490966355,4.0079035858713385e-06,244,1665,False,1665.0,False,False,False,False,0.9771540094544425,0.037021402454203364,0.03626587252759434
ARGHGVISGKAYGFDY,H3-7_A,K3-20,True,21,1,1,0.0001082490966355,4.0079035858713385e-06,3.92611059853556e-06,False,False,False,False,False,False,False,False,False,False,False,False,False,1,2,False,1.925,False,False,False,8.546315002441407,1697.8471,1,0.0001082490966355,4.0079035858713385e-06,266,1666,False,1666.0,False,False,False,False,0.9771540094544425,0.037021402454203364,0.03626587252759434
ARGKGYVSKSELGFDY,H3-7_A,K3-20,True,21,1,1,0.0001082490966355,4.0079035858713385e-06,3.92611059853556e-06,False,False,False,False,False,False,False,False,False,False,False,False,False,1,1,False,2.48125,False,False,False,8.473316955566407,1776.9422,1,0.0001082490966355,4.0079035858713385e-06,314,1667,False,1667.0,False,False,False,False,0.9771540094544425,0.037021402454203364,0.03626587252759434
ARGLGIIGERGYGFDY,H3-7_A,K4-1,True,21,1,1,0.0001082490966355,4.0079035858713385e-06,3.92611059853556e-06,False,False,False,False,False,False,False,False,False,False,False,False,False,0,0,False,1.1625,False,False,False,6.113258743286132,1743.9155,2,0.0001082490966355,4.0079035858713385e-06,324,1668,False,1668.0,False,False,False,False,0.9771540094544425,0.037021402454203364,0.03626587252759434
ARGLGNIDAYSYGFDY,H3-7_A,K3-20,True,21,1,1,0.0001082490966355,4.0079035858713385e-06,3.92611059853556e-06,False,False,False,False,False,False,False,False,False,False,False,False,False,-1,-1,False,1.68125,False,False,False,4.207874679565429,1781.8740000000005,1,0.0001082490966355,4.0079035858713385e-06,329,1669,False,1669.0,False,False,False,False,0.9771540094544425,0.037021402454203364,0.03626587252759434
ARGNKHFARHTFDY,H1-69,K1-39,True,21,1,1,0.0001082490966355,4.0079035858713385e-06,3.92611059853556e-06,False,False,False,False,False,False,False,False,False,False,False,False,False,2,4,False,2.15,False,False,False,9.986973571777344,1719.8593999999998,2,0.0001082490966355,4.0079035858713385e-06,366,1670,False,1670.0,False,False,False,False,0.9771540094544425,0.037021402454203364,0.03626587252759434
ARGPFEFAAYRFDY,H1-69,K1-39,True,21,1,1,0.0001082490966355,4.0079035858713385e-06,3.92611059853556e-06,False,False,False,False,False,False,False,False,False,False,False,False,False,0,0,False,0.6357142857142859,False,False,False,6.113258743286132,1709.8561,2,0.0001082490966355,4.0079035858713385e-06,372,1671,False,1671.0,False,False,False,False,0.9771540094544425,0.037021402454203364,0.03626587252759434
ARGPGRVSSSSYGFDY,H3-7_A,K4-1,True,21,1,1,0.0001082490966355,4.0079035858713385e-06,3.92611059853556e-06,False,False,False,False,False,False,False,False,False,False,False,False,False,1,1,False,3.0625,False,False,False,8.632579040527343,1705.7815,2,0.0001082490966355,4.0079035858713385e-06,397,1672,False,1672.0,False,False,False,False,0.9771540094544425,0.037021402454203364,0.03626587252759434
ARGPGVIGRGVYGFDI,H3-7_A,K4-1,True,21,1,1,0.0001082490966355,4.0079035858713385e-06,3.92611059853556e-06,False,False,False,False,False,False,False,False,False,False,False,False,False,1,1,False,1.0375,False,False,False,8.79022674560547,1633.8479,2,0.0001082490966355,4.0079035858713385e-06,414,1673,False,1673.0,False,False,False,False,0.9771540094544425,0.037021402454203364,0.03626587252759434
ARGPGWTLKSSYGFDY,H3-7_A,K1-39,True,21,1,1,0.0001082490966355,4.0079035858713385e-06,3.92611059853556e-06,False,False,False,False,False,False,False,False,False,False,False,False,False,1,1,False,1.7000000000000002,False,False,False,8.54006805419922,1804.9539,1,0.0001082490966355,4.0079035858713385e-06,421,1674,False,1674.0,False,False,False,False,0.9771540094544425,0.037021402454203364,0.03626587252759434
ARGPGYIDASYFSFDY,H3-7_A,K3-15,True,21,1,1,0.0001082490966355,4.0079035858713385e-06,3.92611059853556e-06,False,False,False,False,False,False,False,False,False,False,False,False,False,-1,-1,False,1.4250000000000005,False,False,False,4.207874679565429,1828.9288,1,0.0001082490966355,4.0079035858713385e-06,427,1675,False,1675.0,False,False,False,False,0.9771540094544425,0.037021402454203364,0.03626587252759434
ARGPGYILYSSYGFDI,H3-7_A,K3-15,True,21,1,1,0.0001082490966355,4.0079035858713385e-06,3.92611059853556e-06,False,False,False,False,False,False,False,False,False,False,False,False,False,0,0,False,0.5250000000000001,False,False,False,5.87858085632324,1778.9562,1,0.0001082490966355,4.0079035858713385e-06,438,1676,False,1676.0,False,False,False,False,0.9771540094544425,0.037021402454203364,0.03626587252759434
ARGPGYTYDYGYAFDY,H3-7_A,K3-20,True,21,1,1,0.0001082490966355,4.0079035858713385e-06,3.92611059853556e-06,False,False,False,False,False,False,False,False,False,False,False,False,False,-1,-1,False,2.13125,False,False,False,4.207874679565429,1878.9444,1,0.0001082490966355,4.0079035858713385e-06,350,1677,False,1677.0,False,False,False,False,0.9771540094544425,0.037021402454203364,0.03626587252759434
ARGPRQFQTATFDY,H1-69,K1-39,True,21,1,1,0.0001082490966355,4.0079035858713385e-06,3.92611059853556e-06,False,False,False,False,False,False,False,False,False,False,False,False,False,1,1,False,2.321428571428572,False,False,False,8.79022674560547,1657.7833999999998,2,0.0001082490966355,4.0079035858713385e-06,503,1679,False,1679.0,False,False,False,False,0.9771540094544425,0.037021402454203364,0.03626587252759434
ARGRGEWTSSDFDY,H1-69,K1-39,True,21,1,1,0.0001082490966355,4.0079035858713385e-06,3.92611059853556e-06,False,False,False,False,False,False,False,False,False,True,False,False,False,-1,-1,False,3.342857142857143,False,False,False,4.558281326293945,1646.6714,2,0.0001082490966355,4.0079035858713385e-06,219,1680,False,1680.0,False,False,False,False,0.9771540094544425,0.037021402454203364,0.03626587252759434
ARGRLLFVASNFDY,H1-69,K1-39,True,21,1,1,0.0001082490966355,4.0079035858713385e-06,3.92611059853556e-06,False,False,False,False,False,False,False,False,False,False,False,False,False,1,1,False,-0.0428571428571426,False,False,False,8.79022674560547,1628.8281,2,0.0001082490966355,4.0079035858713385e-06,632,1682,False,1682.0,False,False,False,False,0.9771540094544425,0.037021402454203364,0.03626587252759434
ARGSGALWYDFDY,H5-51,K3-20,True,21,1,1,0.0001082490966355,4.0079035858713385e-06,3.92611059853556e-06,False,False,False,False,False,False,False,False,False,True,False,False,False,-1,-1,False,1.0846153846153848,False,False,False,4.207874679565429,1520.5992,1,0.0001082490966355,4.0079035858713385e-06,637,1683,False,1683.0,False,False,False,False,0.9771540094544425,0.037021402454203364,0.03626587252759434
ARGSGIILDRVYGFDY,H3-7_A,K4-1,True,21,1,1,0.0001082490966355,4.0079035858713385e-06,3.92611059853556e-06,False,False,False,False,False,False,False,False,False,False,False,False,False,0,0,False,0.7625000000000002,False,False,False,6.004021835327148,1801.9946,2,0.0001082490966355,4.0079035858713385e-06,221,1684,False,1684.0,False,False,False,False,0.9771540094544425,0.037021402454203364,0.03626587252759434
ARGSGSWVDFDY,H5-51,K3-20,True,21,1,1,0.0001082490966355,4.0079035858713385e-06,3.92611059853556e-06,False,False,False,False,False,False,False,False,False,True,False,False,False,-1,-1,False,2.1583333333333337,False,False,False,4.207874679565429,1359.3988,1,0.0001082490966355,4.0079035858713385e-06,645,1685,False,1685.0,False,False,False,False,0.9771540094544425,0.037021402454203364,0.03626587252759434
ARGSGYVAAGAYAFDY,H3-7_A,K3-15,True,21,1,1,0.0001082490966355,4.0079035858713385e-06,3.92611059853556e-06,False,False,False,False,False,False,False,False,False,False,False,False,False,0,0,False,1.85625,False,False,False,5.87858085632324,1638.7335,1,0.0001082490966355,4.0079035858713385e-06,659,1686,False,1686.0,False,False,False,False,0.9771540094544425,0.037021402454203364,0.03626587252759434
ARGSQIFAASTFDY,H1-69,K1-39,True,21,1,1,0.0001082490966355,4.0079035858713385e-06,3.92611059853556e-06,False,False,False,False,False,False,False,False,False,False,False,False,False,0,0,False,1.5785714285714287,False,False,False,5.880318832397459,1533.6395,1,0.0001082490966355,4.0079035858713385e-06,667,1687,False,1687.0,False,False,False,False,0.9771540094544425,0.037021402454203364,0.03626587252759434
ARGTGIIYPRSYLFDY,H3-7_A,K1-39,True,21,1,1,0.0001082490966355,4.0079035858713385e-06,3.92611059853556e-06,False,False,False,False,False,False,False,False,False,False,False,False,False,1,1,False,0.3500000000000002,False,False,False,8.539295959472657,1892.1172,2,0.0001082490966355,4.0079035858713385e-06,680,1689,False,1689.0,False,False,False,False,0.9771540094544425,0.037021402454203364,0.03626587252759434
ARGTGVLDFDY,H5-51,K3-20,True,21,1,1,0.0001082490966355,4.0079035858713385e-06,3.92611059853556e-06,False,False,False,False,False,False,False,False,False,True,False,False,False,-1,-1,False,1.7181818181818185,False,False,False,4.207874679565429,1213.2958,1,0.0001082490966355,4.0079035858713385e-06,684,1690,False,1690.0,False,False,False,False,0.9771540094544425,0.037021402454203364,0.03626587252759434
ARGTGYGSAGSYMFDY,H3-7_A,K3-20,True,21,1,1,0.0001082490966355,4.0079035858713385e-06,3.92611059853556e-06,False,False,False,False,False,False,False,False,False,False,False,False,False,0,0,False,2.5187500000000003,False,False,False,5.87858085632324,1702.7973000000002,1,0.0001082490966355,4.0079035858713385e-06,708,1691,False,1691.0,False,False,False,False,0.9771540094544425,0.037021402454203364,0.03626587252759434
ARGYGYIGKGAFAFDI,H3-7_A,K3-15,True,21,1,1,0.0001082490966355,4.0079035858713385e-06,3.92611059853556e-06,False,False,False,False,False,False,False,False,False,False,False,False,False,1,1,False,0.6750000000000002,False,False,False,8.54006805419922,1705.9088000000002,1,0.0001082490966355,4.0079035858713385e-06,782,1692,False,1692.0,False,False,False,False,0.9771540094544425,0.037021402454203364,0.03626587252759434
ARLGPTGSDFDY,H1-69,UNK,True,21,1,1,0.0001082490966355,4.0079035858713385e-06,3.92611059853556e-06,False,False,False,False,False,False,False,False,False,True,False,False,False,-1,-1,False,2.6,False,False,False,4.207874679565429,1298.3573,1,0.0001082490966355,4.0079035858713385e-06,837,1693,False,1693.0,False,False,False,False,0.9771540094544425,0.037021402454203364,0.03626587252759434
ARLPVTSSYRDFGFDI,H5-51,K3-20,True,21,1,1,0.0001082490966355,4.0079035858713385e-06,3.92611059853556e-06,False,False,False,False,False,False,False,False,False,False,False,False,False,0,0,False,0.9562500000000002,False,False,False,6.004890823364257,1844.0314,2,0.0001082490966355,4.0079035858713385e-06,866,1694,False,1694.0,False,False,False,False,0.9771540094544425,0.037021402454203364,0.03626587252759434
ARLTSNRWTDFDY,H5-51,UNK,True,21,1,1,0.0001082490966355,4.0079035858713385e-06,3.92611059853556e-06,False,False,False,False,False,False,False,False,False,True,False,False,False,0,0,False,1.853846153846154,False,False,False,6.004890823364257,1644.7415999999998,2,0.0001082490966355,4.0079035858713385e-06,887,1695,False,1695.0,False,False,False,False,0.9771540094544425,0.037021402454203364,0.03626587252759434
ARPARAFVSSTFDY,H1-69,K1-39,True,21,1,1,0.0001082490966355,4.0079035858713385e-06,3.92611059853556e-06,False,False,False,False,False,False,False,False,False,False,False,False,False,1,1,False,1.5000000000000002,False,False,False,8.79022674560547,1587.7333,2,0.0001082490966355,4.0079035858713385e-06,897,1696,False,1696.0,False,False,False,False,0.9771540094544425,0.037021402454203364,0.03626587252759434
ARPSPAEATFDY,H3-23_A,K3-20,True,21,1,1,0.0001082490966355,4.0079035858713385e-06,3.92611059853556e-06,False,False,False,False,False,False,False,False,False,False,False,False,False,-1,-1,False,2.7583333333333333,False,False,False,4.370375442504883,1324.3947,1,0.0001082490966355,4.0079035858713385e-06,910,1697,False,1697.0,False,False,False,False,0.9771540094544425,0.037021402454203364,0.03626587252759434
ARSPPILGFGYAFDY,H1-69,K1-39,True,21,1,1,0.0001082490966355,4.0079035858713385e-06,3.92611059853556e-06,False,False,False,False,False,False,False,False,False,False,False,False,False,0,0,False,0.0733333333333335,False,False,False,5.87944984436035,1673.8637,1,0.0001082490966355,4.0079035858713385e-06,924,1698,False,1698.0,False,False,False,False,0.9771540094544425,0.037021402454203364,0.03626587252759434
ARTAPGERLHGFDY,H5-51,UNK,True,21,1,1,0.0001082490966355,4.0079035858713385e-06,3.92611059853556e-06,False,False,False,False,False,False,False,False,False,False,False,False,False,0,1,False,2.2071428571428573,False,False,False,6.796487808227539,1589.7095,2,0.0001082490966355,4.0079035858713385e-06,943,1699,False,1699.0,False,False,False,False,0.9771540094544425,0.037021402454203364,0.03626587252759434
ARTSRDGLPFDY,H4-34,UNK,True,21,1,1,0.0001082490966355,4.0079035858713385e-06,3.92611059853556e-06,False,True,False,False,False,False,False,False,False,False,False,False,False,0,0,False,2.475,False,False,False,6.004890823364257,1397.4917,2,0.0001082490966355,4.0079035858713385e-06,950,1700,False,1700.0,False,False,False,False,0.9771540094544425,0.037021402454203364,0.03626587252759434
ARVLSWTEADYFDY,H3-7_A,K3-15,True,21,1,1,0.0001082490966355,4.0079035858713385e-06,3.92611059853556e-06,False,False,False,False,False,False,False,False,False,True,False,False,False,-2,-2,False,0.8571428571428573,False,False,False,4.050025558471679,1735.8455,1,0.0001082490966355,4.0079035858713385e-06,960,1701,False,1701.0,False,False,False,False,0.9771540094544425,0.037021402454203364,0.03626587252759434
ARVQTYANFDY,H3-23_A,K3-20,True,21,1,1,0.0001082490966355,4.0079035858713385e-06,3.92611059853556e-06,False,False,False,False,False,False,False,False,False,False,False,False,False,0,0,False,1.8090909090909093,False,False,False,5.87944984436035,1347.4311,1,0.0001082490966355,4.0079035858713385e-06,967,1702,False,1702.0,False,False,False,False,0.9771540094544425,0.037021402454203364,0.03626587252759434
ARWASAPYFPFDY,H1-69,K3-20,True,21,1,1,0.0001082490966355,4.0079035858713385e-06,3.92611059853556e-06,False,False,False,False,False,False,False,False,False,False,False,False,False,0,0,False,-0.0769230769230767,False,False,False,5.87944984436035,1590.7337,1,0.0001082490966355,4.0079035858713385e-06,987,1704,False,1704.0,False,False,False,False,0.9771540094544425,0.037021402454203364,0.03626587252759434
ARYPIGATWYDFDY,H1-69,K3-20,True,21,1,1,0.0001082490966355,4.0079035858713385e-06,3.92611059853556e-06,False,False,False,False,False,False,False,False,False,True,False,False,False,-1,-1,False,0.6071428571428573,False,False,False,4.207874679565429,1737.8629,1,0.0001082490966355,4.0079035858713385e-06,1000,1705,False,1705.0,False,False,False,False,0.9771540094544425,0.037021402454203364,0.03626587252759434
ARYTGYLVPPGTFDY,UNK,K1-39,True,21,1,1,0.0001082490966355,4.0079035858713385e-06,3.92611059853556e-06,False,False,False,False,False,False,False,False,False,False,False,False,False,0,0,False,0.9666666666666668,False,False,False,5.87858085632324,1719.8891,1,0.0001082490966355,4.0079035858713385e-06,1004,1706,False,1706.0,False,False,False,False,0.9771540094544425,0.037021402454203364,0.03626587252759434
ARAQDLGSYGPFDY,H4-34,K4-1,True,20,1,1,0.0001030943777481,4.0079035858713385e-06,3.92611059853556e-06,False,False,False,False,False,False,False,False,False,False,False,False,False,-1,-1,False,2.3000000000000003,False,False,False,4.207874679565429,1559.6337,1,0.0001030943777481,4.0079035858713385e-06,41,1707,False,1707.0,False,False,False,False,0.9771540094544425,0.03887229304330093,0.03807899028426958
ARARSSYGPSGHFDY,H1-69,K1-39,True,20,1,1,0.0001030943777481,4.0079035858713385e-06,3.92611059853556e-06,False,False,False,False,False,False,False,False,False,False,False,False,False,1,2,False,2.98,False,False,False,8.638685607910158,1670.7390999999998,2,0.0001030943777481,4.0079035858713385e-06,50,1708,False,1708.0,False,False,False,False,0.9771540094544425,0.03887229304330093,0.03807899028426958
ARDIVAWYGYDAFDP,H1-69,K1-39,True,20,1,1,0.0001030943777481,4.0079035858713385e-06,3.92611059853556e-06,False,False,False,False,True,False,False,False,False,False,False,False,False,-2,-2,False,0.9066666666666668,False,False,False,4.050025558471679,1758.8820999999998,1,0.0001030943777481,4.0079035858713385e-06,86,1709,False,1709.0,False,False,False,False,0.9771540094544425,0.03887229304330093,0.03807899028426958
AREDWPYPDAGAFDI,H1-69,K4-1,True,20,1,1,0.0001030943777481,4.0079035858713385e-06,3.92611059853556e-06,False,False,False,False,False,False,False,False,False,True,False,False,False,-3,-3,False,1.94,False,False,False,4.050025558471679,1722.8071,1,0.0001030943777481,4.0079035858713385e-06,126,1710,False,1710.0,False,False,False,False,0.9771540094544425,0.03887229304330093,0.03807899028426958
AREVIYGSYGFDY,H4-34,K3-15,True,20,1,1,0.0001030943777481,4.0079035858713385e-06,3.92611059853556e-06,False,False,False,False,False,False,False,False,False,False,False,False,False,-1,-1,False,1.1846153846153848,False,False,False,4.370375442504883,1539.6422,1,0.0001030943777481,4.0079035858713385e-06,161,1712,False,1712.0,False,False,False,False,0.9771540094544425,0.03887229304330093,0.03807899028426958
ARGAGVIRGDEYGFDY,H3-7_A,K3-15,True,20,1,1,0.0001030943777481,4.0079035858713385e-06,3.92611059853556e-06,False,False,False,False,False,False,False,False,False,True,False,False,False,-1,-1,False,2.40625,False,False,False,4.558281326293945,1745.8453,2,0.0001030943777481,4.0079035858713385e-06,189,1713,False,1713.0,False,False,False,False,0.9771540094544425,0.03887229304330093,0.03807899028426958
ARGAGYVASGSFEFDI,H3-7_A,K3-20,True,20,1,1,0.0001030943777481,4.0079035858713385e-06,3.92611059853556e-06,False,False,False,False,False,False,False,False,False,True,False,False,False,-1,-1,False,1.65,False,False,False,4.370375442504883,1646.754,1,0.0001030943777481,4.0079035858713385e-06,199,1714,False,1714.0,False,False,False,False,0.9771540094544425,0.03887229304330093,0.03807899028426958
ARGAIPGDVLWVFDY,H1-69,K3-20,True,20,1,1,0.0001030943777481,4.0079035858713385e-06,3.92611059853556e-06,False,False,False,False,False,False,False,False,False,False,False,False,False,-1,-1,False,-0.2533333333333332,False,False,False,4.207874679565429,1678.8835,1,0.0001030943777481,4.0079035858713385e-06,205,1715,False,1715.0,False,False,False,False,0.9771540094544425,0.03887229304330093,0.03807899028426958
ARGHGIWGDFDY,H4-34,K4-1,True,20,1,1,0.0001030943777481,4.0079035858713385e-06,3.92611059853556e-06,False,False,False,False,False,False,False,False,False,True,False,False,False,-1,0,False,1.366666666666667,False,False,False,5.212373733520507,1393.4614,1,0.0001030943777481,4.0079035858713385e-06,259,1716,False,1716.0,False,False,False,False,0.9771540094544425,0.03887229304330093,0.03807899028426958
ARGIGAVSKSSYGFDI,H3-7_A,K3-20,True,20,1,1,0.0001030943777481,4.0079035858713385e-06,3.92611059853556e-06,False,False,False,False,False,False,False,False,False,False,False,False,False,1,1,False,1.86875,False,False,False,8.63377227783203,1627.7955000000002,1,0.0001030943777481,4.0079035858713385e-06,277,1717,False,1717.0,False,False,False,False,0.9771540094544425,0.03887229304330093,0.03807899028426958
ARGLREVPLDY,H3-7_A,K1-39,True,20,1,1,0.0001030943777481,4.0079035858713385e-06,3.92611059853556e-06,False,False,False,False,False,False,False,False,False,False,False,False,False,0,0,False,1.1,False,False,False,6.114178848266601,1288.4519,2,0.0001030943777481,4.0079035858713385e-06,358,1718,False,1718.0,False,False,False,False,0.9771540094544425,0.03887229304330093,0.03807899028426958
ARGNGQTSGSSYGFDI,H3-7_A,K3-20,True,20,1,1,0.0001030943777481,4.0079035858713385e-06,3.92611059853556e-06,False,False,True,False,False,False,False,False,False,False,False,False,False,0,0,False,3.60625,False,False,False,5.880318832397459,1616.6437,1,0.0001030943777481,4.0079035858713385e-06,364,1719,False,1719.0,False,False,False,False,0.9771540094544425,0.03887229304330093,0.03807899028426958
ARGPGRIADLSYAFDY,H3-7_A,K4-1,True,20,1,1,0.0001030943777481,4.0079035858713385e-06,3.92611059853556e-06,False,False,False,False,False,False,False,False,False,False,False,False,False,0,0,False,1.5312500000000002,False,False,False,6.004021835327148,1771.9257,2,0.0001030943777481,4.0079035858713385e-06,392,1720,False,1720.0,False,False,False,False,0.9771540094544425,0.03887229304330093,0.03807899028426958
ARGPGSGASRQWGFDY,H3-7_A,K3-15,True,20,1,1,0.0001030943777481,4.0079035858713385e-06,3.92611059853556e-06,False,False,False,False,False,False,False,False,False,False,False,False,False,1,1,False,2.8375000000000004,False,False,False,8.79022674560547,1711.791,2,0.0001030943777481,4.0079035858713385e-06,398,1721,False,1721.0,False,False,False,False,0.9771540094544425,0.03887229304330093,0.03807899028426958
ARGPGWVSTSTYAFDY,H3-7_A,K3-20,True,20,1,1,0.0001030943777481,4.0079035858713385e-06,3.92611059853556e-06,False,False,False,False,False,False,False,False,False,False,False,False,False,0,0,False,1.7875,False,False,False,5.87944984436035,1777.8855,1,0.0001030943777481,4.0079035858713385e-06,423,1722,False,1722.0,False,False,False,False,0.9771540094544425,0.03887229304330093,0.03807899028426958
ARGPGYIARGTAYNFDY,H3-7_A,K3-15,True,20,1,1,0.0001030943777481,4.0079035858713385e-06,3.92611059853556e-06,False,False,False,False,False,False,False,False,False,False,False,False,False,1,1,False,1.9529411764705884,False,False,False,8.539295959472657,1892.0344,2,0.0001030943777481,4.0079035858713385e-06,424,1723,False,1723.0,False,False,False,False,0.9771540094544425,0.03887229304330093,0.03807899028426958
ARGPGYTLGYGAYGFDI,H3-7_A,K1-39,True,20,1,1,0.0001030943777481,4.0079035858713385e-06,3.92611059853556e-06,False,False,False,False,False,False,False,False,False,False,False,False,False,0,0,False,1.3,False,False,False,5.87858085632324,1777.9284000000002,1,0.0001030943777481,4.0079035858713385e-06,455,1724,False,1724.0,False,False,False,False,0.9771540094544425,0.03887229304330093,0.03807899028426958
ARGPGYTRESIYSFDY,H3-7_A,K4-1,True,20,1,1,0.0001030943777481,4.0079035858713385e-06,3.92611059853556e-06,False,False,False,False,False,False,False,False,False,False,False,False,False,0,0,False,2.31875,False,False,False,6.112389755249024,1881.9933,2,0.0001030943777481,4.0079035858713385e-06,457,1725,False,1725.0,False,False,False,False,0.9771540094544425,0.03887229304330093,0.03807899028426958
ARGPGYTSTSDAYGFDY,H3-7_A,K4-1,True,20,1,1,0.0001030943777481,4.0079035858713385e-06,3.92611059853556e-06,False,False,False,False,False,False,False,False,False,False,False,False,False,-1,-1,False,3.3000000000000003,False,False,False,4.207874679565429,1827.8565,1,0.0001030943777481,4.0079035858713385e-06,464,1726,False,1726.0,False,False,False,False,0.9771540094544425,0.03887229304330093,0.03807899028426958
ARGPGYVDLPGQYGFDY,H3-7_A,K3-15,True,20,1,1,0.0001030943777481,4.0079035858713385e-06,3.92611059853556e-06,False,False,False,False,False,False,False,False,False,False,False,False,False,-1,-1,False,1.8529411764705883,False,False,False,4.207874679565429,1875.0005,1,0.0001030943777481,4.0079035858713385e-06,469,1727,False,1727.0,False,False,False,False,0.9771540094544425,0.03887229304330093,0.03807899028426958
ARGPGYVDLPGSYAFDI,H1-69,K3-20,True,20,1,1,0.0001030943777481,4.0079035858713385e-06,3.92611059853556e-06,False,False,False,False,False,False,False,False,False,False,False,False,False,-1,-1,False,1.3117647058823532,False,False,False,4.207874679565429,1797.9596,1,0.0001030943777481,4.0079035858713385e-06,470,1728,False,1728.0,False,False,False,False,0.9771540094544425,0.03887229304330093,0.03807899028426958
ARGPGYVLSSGYSFDY,H3-7_A,K3-15,True,20,1,1,0.0001030943777481,4.0079035858713385e-06,3.92611059853556e-06,False,False,False,False,False,False,False,False,False,False,False,False,False,0,0,False,1.7000000000000002,False,False,False,5.87858085632324,1738.8493,1,0.0001030943777481,4.0079035858713385e-06,474,1729,False,1729.0,False,False,False,False,0.9771540094544425,0.03887229304330093,0.03807899028426958
ARGPQGSAWYDFDY,H5-51,K3-15,True,20,1,1,0.0001030943777481,4.0079035858713385e-06,3.92611059853556e-06,False,False,False,False,False,False,False,False,False,True,False,False,False,-1,-1,False,2.242857142857143,False,False,False,4.207874679565429,1632.686,1,0.0001030943777481,4.0079035858713385e-06,373,1730,False,1730.0,False,False,False,False,0.9771540094544425,0.03887229304330093,0.03807899028426958
ARGPTHLTWDFDY,H5-51,K3-20,True,20,1,1,0.0001030943777481,4.0079035858713385e-06,3.92611059853556e-06,False,False,False,False,False,False,False,False,False,True,False,False,False,-1,0,False,1.2538461538461545,False,False,False,5.212373733520507,1578.6817999999998,1,0.0001030943777481,4.0079035858713385e-06,505,1731,False,1731.0,False,False,False,False,0.9771540094544425,0.03887229304330093,0.03807899028426958
ARGPVSWTSDYDVAFDY,H3-7_A,K1-39,True,20,1,1,0.0001030943777481,4.0079035858713385e-06,3.92611059853556e-06,False,False,False,False,False,False,False,False,False,True,False,False,False,-2,-2,False,2.0,False,False,False,4.050025558471679,1949.0361000000005,1,0.0001030943777481,4.0079035858713385e-06,506,1732,False,1732.0,False,False,False,False,0.9771540094544425,0.03887229304330093,0.03807899028426958
ARGQDYWPLASGFDY,H1-69,K4-1,True,20,1,1,0.0001030943777481,4.0079035858713385e-06,3.92611059853556e-06,False,False,False,False,False,False,False,False,False,False,False,False,False,-1,-1,False,1.4800000000000002,False,False,False,4.207874679565429,1745.8436000000002,1,0.0001030943777481,4.0079035858713385e-06,512,1733,False,1733.0,False,False,False,False,0.9771540094544425,0.03887229304330093,0.03807899028426958
ARGRGDIYGDVYGFDY,H3-7_A,K3-15,True,20,1,1,0.0001030943777481,4.0079035858713385e-06,3.92611059853556e-06,False,False,False,False,False,False,False,False,False,False,False,False,False,-1,-1,False,2.29375,False,False,False,4.429057693481445,1823.914,2,0.0001030943777481,4.0079035858713385e-06,545,1734,False,1734.0,False,False,False,False,0.9771540094544425,0.03887229304330093,0.03807899028426958
ARGRGIISSSSYAFDI,H3-7_A,K3-20,True,20,1,1,0.0001030943777481,4.0079035858713385e-06,3.92611059853556e-06,False,False,False,False,False,False,False,False,False,False,False,False,False,1,1,False,1.55625,False,False,False,8.79022674560547,1699.8615,2,0.0001030943777481,4.0079035858713385e-06,563,1735,False,1735.0,False,False,False,False,0.9771540094544425,0.03887229304330093,0.03807899028426958
ARGRGIISSYSYAFDI,H3-7_A,K3-15,True,20,1,1,0.0001030943777481,4.0079035858713385e-06,3.92611059853556e-06,False,False,False,False,False,False,False,False,False,False,False,False,False,1,1,False,1.03125,False,False,False,8.632579040527343,1775.9574,2,0.0001030943777481,4.0079035858713385e-06,563,1736,False,1736.0,False,False,False,False,0.9771540094544425,0.03887229304330093,0.03807899028426958
ARGRGITSYGIYGFDI,H3-7_A,K1-39,True,20,1,1,0.0001030943777481,4.0079035858713385e-06,3.92611059853556e-06,False,False,False,False,False,False,False,False,False,False,False,False,False,1,1,False,1.1250000000000002,False,False,False,8.632579040527343,1745.9314,2,0.0001030943777481,4.0079035858713385e-06,566,1737,False,1737.0,False,False,False,False,0.9771540094544425,0.03887229304330093,0.03807899028426958
ARGRGNIYGDEYGFDY,H3-7_A,K4-1,True,20,1,1,0.0001030943777481,4.0079035858713385e-06,3.92611059853556e-06,False,False,False,False,False,False,False,False,False,True,False,False,False,-1,-1,False,2.825,False,False,False,4.558281326293945,1852.9122,2,0.0001030943777481,4.0079035858713385e-06,545,1738,False,1738.0,False,False,False,False,0.9771540094544425,0.03887229304330093,0.03807899028426958
ARGRGQVTSYEYGFDY,H3-7_A,K3-20,True,20,1,1,0.0001030943777481,4.0079035858713385e-06,3.92611059853556e-06,False,False,False,False,False,False,False,False,False,False,False,False,False,0,0,False,2.78125,False,False,False,6.112389755249024,1868.9547,2,0.0001030943777481,4.0079035858713385e-06,576,1739,False,1739.0,False,False,False,False,0.9771540094544425,0.03887229304330093,0.03807899028426958
ARGRGTTSESNDWAFDY,H3-7_A,K3-20,True,20,1,1,0.0001030943777481,4.0079035858713385e-06,3.92611059853556e-06,False,False,False,False,False,False,False,False,False,False,False,False,False,-1,-1,False,3.594117647058824,False,False,False,4.558281326293945,1932.9558,2,0.0001030943777481,4.0079035858713385e-06,588,1740,False,1740.0,False,False,False,False,0.9771540094544425,0.03887229304330093,0.03807899028426958
ARGWGYVLAGVYGFDI,H3-7_A,K3-15,True,20,1,1,0.0001030943777481,4.0079035858713385e-06,3.92611059853556e-06,False,False,False,False,False,False,False,False,False,False,False,False,False,0,0,False,-0.3999999999999998,False,False,False,5.87944984436035,1743.9567,1,0.0001030943777481,4.0079035858713385e-06,757,1742,False,1742.0,False,False,False,False,0.9771540094544425,0.03887229304330093,0.03807899028426958
ARLATASIASFDY,H5-51,K3-20,True,20,1,1,0.0001030943777481,4.0079035858713385e-06,3.92611059853556e-06,False,False,False,False,False,False,False,False,False,False,False,False,False,0,0,False,0.9615384615384616,False,False,False,5.880318832397459,1385.5206999999998,1,0.0001030943777481,4.0079035858713385e-06,826,1743,False,1743.0,False,False,False,False,0.9771540094544425,0.03887229304330093,0.03807899028426958
ARLESASISDFDY,H5-51,K3-20,True,20,1,1,0.0001030943777481,4.0079035858713385e-06,3.92611059853556e-06,False,False,False,False,False,False,False,False,False,True,False,False,False,-2,-2,False,2.107692307692308,False,False,False,4.050025558471679,1473.5397,1,0.0001030943777481,4.0079035858713385e-06,833,1744,False,1744.0,False,False,False,False,0.9771540094544425,0.03887229304330093,0.03807899028426958
ARLPTVISLARFDY,H5-51,K4-1,True,20,1,1,0.0001030943777481,4.0079035858713385e-06,3.92611059853556e-06,False,False,False,False,False,False,False,False,False,False,False,False,False,1,1,False,-0.3428571428571426,False,False,False,8.79022674560547,1621.8771,2,0.0001030943777481,4.0079035858713385e-06,865,1745,False,1745.0,False,False,False,False,0.9771540094544425,0.03887229304330093,0.03807899028426958
ARLYGPSVESFDY,H5-51,K3-20,True,20,1,1,0.0001030943777481,4.0079035858713385e-06,3.92611059853556e-06,False,False,False,False,False,False,False,False,False,False,False,False,False,-1,-1,False,1.4615384615384617,False,False,False,4.370375442504883,1503.6101999999998,1,0.0001030943777481,4.0079035858713385e-06,893,1746,False,1746.0,False,False,False,False,0.9771540094544425,0.03887229304330093,0.03807899028426958
ARSHGSSSFDY,H3-23_A,K3-20,True,20,1,1,0.0001030943777481,4.0079035858713385e-06,3.92611059853556e-06,False,False,False,False,False,False,False,False,False,False,False,False,False,0,1,False,3.5454545454545454,False,False,False,6.788309097290039,1213.2131,1,0.0001030943777481,4.0079035858713385e-06,919,1747,False,1747.0,False,False,False,False,0.9771540094544425,0.03887229304330093,0.03807899028426958
ARTIGAGYPSLDAFDP,H3-7_A,K3-15,True,20,1,1,0.0001030943777481,4.0079035858713385e-06,3.92611059853556e-06,False,False,False,False,True,False,False,False,False,False,False,False,False,-1,-1,False,1.84375,False,False,False,4.207874679565429,1650.7859,1,0.0001030943777481,4.0079035858713385e-06,945,1748,False,1748.0,False,False,False,False,0.9771540094544425,0.03887229304330093,0.03807899028426958
ARVTTGPGLDY,H3-7_A,K1-39,True,20,1,1,0.0001030943777481,4.0079035858713385e-06,3.92611059853556e-06,False,False,False,False,False,False,False,False,False,False,False,False,False,0,0,False,2.309090909090909,False,False,False,5.880318832397459,1149.2537,1,0.0001030943777481,4.0079035858713385e-06,981,1749,False,1749.0,False,False,False,False,0.9771540094544425,0.03887229304330093,0.03807899028426958
ARYTGYLVPPGTFDY,H1-69,K1-39,True,20,1,1,0.0001030943777481,4.0079035858713385e-06,3.92611059853556e-06,False,False,False,False,False,False,False,False,False,False,False,False,False,0,0,False,0.9666666666666668,False,False,False,5.87858085632324,1719.8891,1,0.0001030943777481,4.0079035858713385e-06,1004,1750,False,1750.0,False,False,False,False,0.9771540094544425,0.03887229304330093,0.03807899028426958
ARGRGNIGERSYGFDI,H3-7_A,K3-15,True,406,4396,5077,0.0020928158682866,0.0176187441634904,0.019932863508765,False,False,False,False,False,False,False,False,False,False,False,False,False,1,1,False,2.60625,True,False,True,8.788050842285156,1767.899,3,0.019932863508765,0.019932863508765,539,9,True,1000000.0,False,False,False,True,1.1313435288216858,8.418638373346797,9.524377450993603
ARGRGAIGERVYGFDI,H3-7_A,K3-20,True,86,1328,2901,0.0004433058243168,0.0053224959620371,0.0113896468463516,False,False,False,False,False,False,False,False,False,False,False,False,False,1,1,False,1.6625,True,False,True,8.788050842285156,1736.928,3,0.0113896468463516,0.0113896468463516,539,17,True,1000000.0,False,False,False,True,2.1399030696421057,12.006104158902223,25.691947414474406
ARGRGYVTPREYSFDI,H3-7_A,K3-20,True,283,3373,2495,0.0014587854451357,0.013518658795144,0.0097956459433462,False,False,False,False,False,False,False,False,False,False,False,False,False,1,1,False,2.0625,True,False,True,8.63159637451172,1887.0595,3,0.013518658795144,0.013518658795144,614,20,True,1000000.0,False,False,False,True,0.7246013710214473,9.267000963172372,6.714886570292925
ARGRGLIGDRSYQFDI,H3-7_A,K1-39,True,122,1277,2315,0.0006288757042634,0.0051180928791576,0.0090889460356098,False,False,False,False,False,False,False,False,False,False,False,False,False,1,1,False,1.7500000000000002,True,False,False,8.787910461425781,1824.0053000000005,3,0.0090889460356098,0.0090889460356098,568,23,True,1000000.0,False,False,False,True,1.7758427781165997,8.138351443609789,14.452460874834932
ARGRGYVTSAREYGFDY,H3-7_A,K1-39,True,244,641,2175,0.0012577514085269,0.0025690661985435,0.0085392905518148,False,False,False,False,False,False,False,False,False,False,False,False,False,1,1,False,2.6352941176470592,True,False,True,8.53866424560547,1968.0891,3,0.0085392905518148,0.0085392905518148,629,25,True,1000000.0,False,False,False,True,3.3238759351147413,2.042570380301627,6.78927695978213
ARGSGYVRNREYSFDI,H3-7_A,K3-15,True,49,601,1464,0.0002525812254828,0.0024087500551086,0.005747825916256,False,False,False,False,False,False,False,False,False,False,False,False,False,1,1,False,2.45,True,False,True,8.63159637451172,1890.0203,3,0.005747825916256,0.005747825916256,287,34,True,1000000.0,False,False,False,True,2.3862177156524034,9.536158868957314,22.755445701922824
ARGPGYVDERSYRFDY,H3-7_A,K1-39,True,9,291,1411,4.639246998664928e-05,0.0011662999434885,0.0055397420545336,False,False,False,False,False,False,False,False,False,True,False,False,False,0,0,False,2.74375,True,False,False,6.164375686645509,1951.0586,3,0.0055397420545336,0.0055397420545336,468,36,True,1000000.0,False,False,False,True,4.749802645053264,25.134436675980023,119.38463741536756
ARGRGLVDERVYGFDI,H3-7_A,K3-20,True,510,3402,1148,0.0026289066325767,0.0136348879991342,0.0045071749671188,False,False,False,False,False,False,False,False,False,True,False,False,False,0,0,False,1.49375,True,False,False,6.166164779663085,1823.0172,3,0.0136348879991342,0.0136348879991342,554,42,True,1000000.0,False,False,False,True,0.3305616930471354,5.1865045205979525,1.7144609727320066
ARGRGLITTRSYGFDI,H3-7_A,K1-39,True,37,222,1063,0.000190724598834,0.0008897545960634,0.0041734555662433,False,False,False,False,False,False,False,False,False,False,False,False,False,2,2,False,1.4,True,False,True,10.73751983642578,1782.9965000000002,3,0.0041734555662433,0.0041734555662433,417,43,True,1000000.0,False,False,False,True,4.690516553151235,4.664883044306873,21.880957056331134
ARGLGYTDRPGTYRFDI,H3-7_A,K3-15,True,119,972,976,0.0006134115476012,0.0038956822854669,0.0038318839441707,False,False,False,False,False,False,False,False,False,False,False,False,False,1,1,False,2.0058823529411764,True,False,False,8.631455993652345,1958.1374,3,0.0038956822854669,0.0038956822854669,346,49,True,1000000.0,False,False,False,True,0.9836207953245587,6.350742488099841,6.246738412035534
ARGPGYVRNREYSFDI,H3-7_A,K3-15,True,67,675,777,0.0003453661654561,0.0027053349204631,0.0030505879350621,False,False,False,False,False,False,False,False,False,False,False,False,False,1,1,False,2.1750000000000003,True,False,True,8.63159637451172,1900.0582,3,0.0030505879350621,0.0030505879350621,287,58,True,1000000.0,False,False,False,True,1.1276151561997134,7.833009891954948,8.832653321729735
ARGRGYVTPRVYGFDI,H3-7_A,K1-39,True,77,568,734,0.0003969133543302,0.0022764892367749,0.0028817651793251,False,False,False,False,False,False,False,False,False,False,False,False,False,2,2,False,1.2937500000000002,True,False,True,9.97897186279297,1827.0505,3,0.0028817651793251,0.0028817651793251,628,60,True,1000000.0,False,False,False,True,1.265875750262792,5.735337092009687,7.260256036554009
ARGRGYIDARSYGFDI,H3-7_A,K3-20,True,34,99,625,0.0001752604421717,0.0003967824550012,0.0024538191240847,False,False,False,False,False,False,False,False,False,False,False,False,False,1,1,False,1.9625,True,False,False,8.631455993652345,1816.9696,3,0.0024538191240847,0.0024538191240847,381,66,True,1000000.0,False,False,False,True,6.18413755895958,2.2638298282633444,14.000187902081446
ARGIGWVRNREYSFDI,H3-7_A,K1-39,True,55,716,597,0.0002835095388073,0.0028696589674838,0.0023438880273257,False,False,False,False,False,False,False,False,False,False,False,False,False,1,1,False,1.0375,True,False,True,8.788050842285156,1939.1373,3,0.0028696589674838,0.0028696589674838,287,70,True,1000000.0,False,False,False,True,0.8167799331157286,10.121556276353228,8.267112867021037
ARGWGRVSERSYQFDI,H3-7_A,K3-20,True,63,879,547,0.0003247472899065,0.0035229472519809,0.0021475824973989,False,False,False,False,False,False,False,False,False,False,False,False,False,1,1,False,1.88125,True,False,True,8.788050842285156,1927.0836,3,0.0035229472519809,0.0035229472519809,755,75,True,1000000.0,False,False,False,True,0.6095965246786207,10.847938942325765,6.612884650001867
ARGRGLIGDREWYFDY,H3-7_A,K1-39,True,25,285,349,0.0001288679721851,0.0011422525219733,0.0013702125988889,False,False,False,True,False,False,False,False,False,True,False,False,False,0,0,False,1.2125,True,False,False,6.165244674682618,1974.1383,3,0.0013702125988889,0.0013702125988889,267,90,True,1000000.0,False,False,False,True,1.1995601471033193,8.86305473780072,10.631860322266265
ARGRGNIGERSYGFDI,H3-7_A,K3-20,True,4,117,224,2.06188755496219e-05,0.0004689247195469,0.0008794487740719,False,False,False,False,False,False,False,False,False,False,False,False,False,1,1,False,2.60625,True,False,True,8.788050842285156,1767.899,3,0.0008794487740719,0.0008794487740719,539,101,True,1000000.0,False,False,False,False,1.8754183416439116,22.731472610754818,42.63192978969806
ARGRGNIGERSYGFDI,UNK,K3-15,True,14,146,184,7.216606442367665e-05,0.0005851539235372,0.0007224043501305,False,False,False,False,False,False,False,False,False,False,False,False,False,1,1,False,2.60625,True,False,True,8.788050842285156,1767.899,3,0.0007224043501305,0.0007224043501305,539,107,True,1000000.0,False,False,False,False,1.2345333009658366,8.107312697216642,10.008918550753265
ARGRGNIGERSYGFDI,H1-69,K3-15,True,33,145,150,0.0001701057232843,0.0005811460199513,0.0005889165897803,False,False,False,False,False,False,False,False,False,False,False,False,False,1,1,False,2.60625,True,False,True,8.788050842285156,1767.899,3,0.0005889165897803,0.0005889165897803,539,115,True,1000000.0,False,False,False,False,1.0133536770894163,3.416180519540101,3.46185865956725
ARGRGAIGERVYGFDI,H1-69,K3-20,True,6,69,121,3.092831332443285e-05,0.0002765453474251,0.0004750593824228,False,False,False,False,False,False,False,False,False,False,False,False,False,1,1,False,1.6625,True,False,True,8.788050842285156,1736.928,3,0.0004750593824228,0.0004750593824228,539,124,True,1000000.0,False,False,False,False,1.7177732661685785,8.938604523301674,15.355051112228288
ARGRGAIGERVYGFDI,H3-7_A,K3-15,True,3,58,108,1.5464156662216426e-05,0.0002324584079805,0.0004240199446418,False,False,False,False,False,False,False,False,False,False,False,False,False,1,1,False,1.6625,True,False,True,8.788050842285156,1736.928,3,0.0004240199446418,0.0004240199446418,539,129,True,1000000.0,False,False,False,False,1.8239895404513107,15.022363612751741,27.401812835276402
ARGRGYVTSAREYGFDY,UNK,K1-39,True,7,26,99,3.6083032211838326e-05,0.0001042054932326,0.000388684949255,False,False,False,False,False,False,False,False,False,False,False,False,False,1,1,False,2.6352941176470592,True,False,True,8.53866424560547,1968.0891,3,0.000388684949255,0.000388684949255,629,138,True,1000000.0,False,False,False,False,3.729627305869855,2.887136016198194,10.768974658979008
ARGRGLIGDRSYQFDI,H1-69,K1-39,True,10,55,98,5.154718887405476e-05,0.0002204346972229,0.0003847588386564,False,False,False,False,False,False,False,False,False,False,False,False,False,1,1,False,1.7500000000000002,True,False,False,8.787910461425781,1824.0053000000005,3,0.0003847588386564,0.0003847588386564,568,140,True,1000000.0,False,False,False,False,1.7453757949430542,4.2755375542561795,7.462758289562661
ARGRGYVTPREYSFDI,H3-7_A,K3-15,True,6,133,85,3.092831332443285e-05,0.0005330511769208,0.0003337194008755,False,False,False,False,False,False,False,False,False,False,False,False,False,1,1,False,2.0625,True,False,True,8.63159637451172,1887.0595,3,0.0005330511769208,0.0005330511769208,614,150,True,1000000.0,False,False,False,False,0.6260433423480821,17.22948408114526,10.786606153217553
ARGRGNIGERSYGFDI,H3-7_A,K1-39,True,9,69,80,4.639246998664928e-05,0.0002765453474251,0.0003140888478828,False,False,False,False,False,False,False,False,False,False,False,False,False,1,1,False,2.60625,True,False,True,8.788050842285156,1767.899,3,0.0003140888478828,0.0003140888478828,539,156,True,1000000.0,False,False,False,False,1.1357178619294834,5.959711789149724,6.768795884640802
ARGRGAIGERVYGFDI,H3-7_A,K1-39,True,3,29,80,1.5464156662216426e-05,0.0001162292039902,0.0003140888478828,False,False,False,False,False,False,False,False,False,False,False,False,False,1,1,False,1.6625,True,False,True,8.788050842285156,1736.928,3,0.0003140888478828,0.0003140888478828,539,159,True,1000000.0,False,False,False,False,2.702090491855747,7.511181806372639,20.297639137240825
ARGRGAIGERVYGFDI,H3-7_A,UNK,True,2,27,78,1.030943777481095e-05,0.0001082133968185,0.0003062366266857,False,False,False,False,False,False,False,False,False,False,False,False,False,1,1,False,1.6625,True,False,True,8.788050842285156,1736.928,3,0.0003062366266857,0.0003062366266857,539,164,True,1000000.0,False,False,False,False,2.829671177289744,10.486365554007369,29.675708441520225
ARGRGYVTSAREYGFDY,H1-69,K1-39,True,16,39,77,8.24755021984876e-05,0.0001563082398489,0.0003023105160872,False,False,False,False,False,False,False,False,False,False,False,False,False,1,1,False,2.6352941176470592,True,False,True,8.53866424560547,1968.0891,3,0.0003023105160872,0.0003023105160872,629,165,True,1000000.0,False,False,False,False,1.9339426824369232,1.894978337802567,3.6650139482662083
ARGRGAIGERVYGFDI,UNK,K3-20,True,1,51,76,5.154718887405475e-06,0.0002044030828794,0.0002983844054887,False,False,False,False,False,False,False,False,False,False,False,False,False,1,1,False,1.6625,True,False,True,8.788050842285156,1736.928,3,0.0002983844054887,0.0002983844054887,539,167,True,1000000.0,False,False,False,False,1.4597128583239527,39.57680705098028,57.773600459907136
ARGRGLIGDRSYQFDI,H3-7_A,K3-20,True,5,40,73,2.5773594437027374e-05,0.0001603161434348,0.000286606073693,False,False,False,False,False,False,False,False,False,False,False,False,False,1,1,False,1.7500000000000002,True,False,False,8.787910461425781,1824.0053000000005,3,0.000286606073693,0.000286606073693,568,173,True,1000000.0,False,False,False,False,1.7876440332986268,6.217757722894243,11.115830819981017
ARGRGYVTPREYSFDI,H1-69,K3-20,True,19,125,72,9.793965886070404e-05,0.0005009879482339,0.0002826799630945,False,False,False,False,False,False,False,False,False,False,False,False,False,1,1,False,2.0625,True,False,True,8.63159637451172,1887.0595,3,0.0005009879482339,0.0005009879482339,614,174,True,1000000.0,False,False,False,False,0.564233773992475,5.1147492912289145,2.8859719000808797
ARGRGLIGDRSYQFDI,UNK,K1-39,True,9,43,61,4.639246998664928e-05,0.0001723398541924,0.0002394927465106,False,False,False,False,False,False,False,False,False,False,False,False,False,1,1,False,1.7500000000000002,True,False,False,8.787910461425781,1824.0053000000005,3,0.0002394927465106,0.0002394927465106,568,195,True,1000000.0,False,False,False,False,1.3895732470028441,3.7140232888892526,5.161206862037857
ARGSGYVRNREYSFDI,UNK,K3-15,True,1,17,61,5.154718887405475e-06,6.813436095981275e-05,0.0002394927465106,False,False,False,False,False,False,False,False,False,False,False,False,False,1,1,False,2.45,True,False,True,8.63159637451172,1890.0203,3,0.0002394927465106,0.0002394927465106,287,196,True,1000000.0,False,False,False,False,3.5144910472025375,13.192269016995892,46.37091615859668
ARGRGIVDEREWYFDY,H3-7_A,K4-1,True,153,184,60,0.000788671989773,0.0007374542598003,0.0002355666359121,False,False,False,True,False,False,False,False,False,True,False,False,False,-1,-1,False,1.6875,True,False,False,4.783093643188476,2032.1744,3,0.000788671989773,0.0007374542598003,567,197,True,1000000.0,False,False,False,True,0.3194278675632223,0.9350464057288229,0.2986839296024767
ARGPGYVDERSYRFDY,H1-69,K1-39,True,1,17,60,5.154718887405475e-06,6.813436095981275e-05,0.0002355666359121,False,False,False,False,False,False,False,False,False,True,False,False,False,0,0,False,2.74375,True,False,False,6.164375686645509,1951.0586,3,0.0002355666359121,0.0002355666359121,468,199,True,1000000.0,False,False,False,False,3.456876439871854,13.192269016995892,45.61073720518373
ARGRGLIGDRSYQFDI,H3-7_A,K3-15,True,3,26,57,1.5464156662216426e-05,0.0001042054932326,0.0002237883041165,False,False,False,False,False,False,False,False,False,False,False,False,False,1,1,False,1.7500000000000002,True,False,False,8.787910461425781,1824.0053000000005,3,0.0002237883041165,0.0002237883041165,568,205,True,1000000.0,False,False,False,False,2.147361176106741,6.734162998817294,14.462067885284409
ARGRGYVTPREYSFDI,UNK,K3-20,True,11,106,56,5.670190776146023e-05,0.0004248377801023,0.0002198621935179,False,False,False,False,False,False,False,False,False,False,False,False,False,1,1,False,2.0625,True,False,True,8.63159637451172,1887.0595,3,0.0004248377801023,0.0004248377801023,614,206,True,1000000.0,False,False,False,False,0.5175081613112323,7.491156564318709,3.876825911811628
ARGRGYVTPREYSFDI,H3-7_A,UNK,True,8,64,56,4.12377510992438e-05,0.0002565058294957,0.0002198621935179,False,False,False,False,False,False,False,False,False,False,False,False,False,1,1,False,2.0625,True,False,True,8.63159637451172,1887.0595,3,0.0002565058294957,0.0002565058294957,614,208,True,1000000.0,False,False,False,False,0.857109652648495,6.2186621733276155,5.3302831708061476
ARGSGYVRNREYSFDI,H3-7_A,K3-20,True,2,11,55,1.030943777481095e-05,4.408693944458472e-05,0.0002159360829194,False,False,False,False,False,False,False,False,False,False,False,False,False,1,1,False,2.45,True,False,True,8.63159637451172,1890.0203,3,0.0002159360829194,0.0002159360829194,287,210,True,1000000.0,False,False,False,False,4.896849659844541,4.272223003485515,20.92517902927671
ARGRGYVTPREYSFDI,H3-7_A,K1-39,True,14,102,53,7.216606442367665e-05,0.0004088061657588,0.0002080838617223,False,False,False,False,False,False,False,False,False,False,False,False,False,1,1,False,2.0625,True,False,True,8.63159637451172,1887.0595,3,0.0004088061657588,0.0004088061657588,614,213,True,1000000.0,False,False,False,False,0.5089912756656221,5.664012980246332,2.883003712987711
ARGRGLITTRSYGFDI,H3-7_A,K3-20,True,3,16,49,1.5464156662216426e-05,6.412645737394142e-05,0.0001923794193282,False,False,False,False,False,False,False,False,False,False,False,False,False,2,2,False,1.4,True,False,True,10.73751983642578,1782.9965000000002,3,0.0001923794193282,0.0001923794193282,417,221,True,1000000.0,False,False,False,False,2.9995329833475273,4.144100306966669,12.432303971559035
ARGSGYVRNREYSFDI,H1-69,K3-15,True,5,22,44,2.5773594437027374e-05,8.817387888916945e-05,0.0001727488663355,False,False,False,False,False,False,False,False,False,False,False,False,False,1,1,False,2.45,True,False,True,8.63159637451172,1890.0203,3,0.0001727488663355,0.0001727488663355,287,229,True,1000000.0,False,False,False,False,1.9589619838861119,3.4197667475929756,6.699952823001991
ARGRGLVDERVYGFDI,H1-69,K3-20,True,27,151,41,0.0001391774099599,0.0006051934414665,0.0001609705345399,False,False,False,False,False,False,False,False,False,True,False,False,False,0,0,False,1.49375,True,False,False,6.166164779663085,1823.0172,3,0.0006051934414665,0.0006051934414665,554,236,True,1000000.0,False,False,False,False,0.26597755979351984,4.34804729566314,1.1565021188789686
ARGRGYVTPRVYGFDI,H1-69,K1-39,True,8,34,41,4.12377510992438e-05,0.0001362687219196,0.0001609705345399,False,False,False,False,False,False,False,False,False,False,False,False,False,2,2,False,1.2937500000000002,True,False,True,9.97897186279297,1827.0505,3,0.0001609705345399,0.0001609705345399,628,237,True,1000000.0,False,False,False,False,1.1811861182178343,3.3036642795805227,3.902528750054717
ARGRGYVTSAREYGFDY,H3-7_A,K3-15,True,10,14,41,5.154718887405476e-05,5.611065020219873e-05,0.0001609705345399,False,False,False,False,False,False,False,False,False,False,False,False,False,1,1,False,2.6352941176470592,True,False,True,8.53866424560547,1968.0891,3,0.0001609705345399,0.0001609705345399,629,239,True,1000000.0,False,False,False,False,2.8682941833342013,1.0883186501744166,3.1221743864492493
ARGPGYVDERSYRFDY,UNK,K1-39,True,2,13,41,1.030943777481095e-05,5.21027466163274e-05,0.0001609705345399,False,False,False,False,False,False,False,False,False,True,False,False,False,0,0,False,2.74375,True,False,False,6.164375686645509,1951.0586,3,0.0001609705345399,0.0001609705345399,468,240,True,1000000.0,False,False,False,False,3.0888898588482085,5.048990822301064,15.59876982182287
ARGLGYTDRPGTYRFDI,UNK,K3-15,True,4,38,38,2.06188755496219e-05,0.0001523003362631,0.0001491922027443,False,False,False,False,False,False,False,False,False,False,False,False,False,1,1,False,2.0058823529411764,True,False,False,8.631455993652345,1958.1374,3,0.0001523003362631,0.0001523003362631,346,249,True,1000000.0,False,False,False,False,0.9795277615734906,7.382871446228268,7.232202375036117
ARGLGYTDRPGTYRFDI,H1-69,K3-15,True,5,40,36,2.5773594437027374e-05,0.0001603161434348,0.0001413399815472,False,False,False,False,False,False,False,False,False,False,False,False,False,1,1,False,2.0058823529411764,True,False,False,8.631455993652345,1958.1374,3,0.0001603161434348,0.0001603161434348,346,260,True,1000000.0,False,False,False,False,0.8815778794347341,6.217757722894243,5.4817795824551165
ARGRGYVTPRVYGFDI,H3-7_A,K3-20,True,2,28,36,1.030943777481095e-05,0.0001122213004043,0.0001413399815472,False,False,False,False,False,False,False,False,False,False,False,False,False,2,2,False,1.2937500000000002,True,False,True,9.97897186279297,1827.0505,3,0.0001413399815472,0.0001413399815472,628,262,True,1000000.0,False,False,False,False,1.2593633062972578,10.87474946340823,13.696480819158708
ARGRGYVTSAREYGFDY,H3-7_A,K3-20,True,6,11,36,3.092831332443285e-05,4.408693944458472e-05,0.0001413399815472,False,False,False,False,False,False,False,False,False,False,False,False,False,1,1,False,2.6352941176470592,True,False,True,8.53866424560547,1968.0891,3,0.0001413399815472,0.0001413399815472,629,264,True,1000000.0,False,False,False,False,3.20521068644271,1.42499492400473,4.568444959007505
ARGSGYVRNREYSFDI,H3-7_A,K1-39,True,2,11,35,1.030943777481095e-05,4.408693944458472e-05,0.0001374138709487,False,False,False,False,False,False,False,False,False,False,False,False,False,1,1,False,2.45,True,False,True,8.63159637451172,1890.0203,3,0.0001374138709487,0.0001374138709487,287,267,True,1000000.0,False,False,False,False,3.116177056264502,4.272223003485515,13.316023018629753
ARGRGLITTRSYGFDI,H1-69,K1-39,True,3,11,34,1.5464156662216426e-05,4.408693944458472e-05,0.0001334877603502,False,False,False,False,False,False,False,False,False,False,False,False,False,2,2,False,1.4,True,False,True,10.73751983642578,1782.9965000000002,3,0.0001334877603502,0.0001334877603502,417,272,True,1000000.0,False,False,False,False,3.027143426086293,2.8490689610395843,8.626496633327996
ARGRGLVDERVYGFDI,UNK,K3-20,True,17,102,33,8.763022108589308e-05,0.0004088061657588,0.0001295616497516,False,False,False,False,False,False,False,False,False,True,False,False,False,0,0,False,1.49375,True,False,False,6.166164779663085,1823.0172,3,0.0004088061657588,0.0004088061657588,554,273,True,1000000.0,False,False,False,False,0.3169190961691101,4.664595327277228,1.47833549649106
ARGRGNIGERSYGFDI,H3-7_A,UNK,True,3,30,32,1.5464156662216426e-05,0.0001202371075761,0.0001256355391531,False,False,False,False,False,False,False,False,False,False,False,False,False,1,1,False,2.60625,True,False,True,8.788050842285156,1767.899,3,0.0001256355391531,0.0001256355391531,539,280,True,1000000.0,False,False,False,False,1.0448113196701208,7.770188075559909,8.119055654895037
ARGRGLVDERVYGFDI,H3-7_A,K3-15,True,9,119,31,4.639246998664928e-05,0.0004769405267186,0.0001217094285546,False,False,False,False,False,False,False,False,False,True,False,False,False,0,0,False,1.49375,True,False,False,6.166164779663085,1823.0172,3,0.0004769405267186,0.0004769405267186,554,282,True,1000000.0,False,False,False,False,0.25518250161490724,10.278343520416549,2.622908405298634
ARGRGLITTRSYGFDI,H3-7_A,K3-15,True,2,10,31,1.030943777481095e-05,4.0079035858713385e-05,0.0001217094285546,False,False,False,False,False,False,False,False,False,False,False,False,False,2,2,False,1.4,True,False,True,10.73751983642578,1782.9965000000002,3,0.0001217094285546,0.0001217094285546,417,287,True,1000000.0,False,False,False,False,3.035977941289061,3.8838390940777416,11.794191816504238
ARGIGWVRNREYSFDI,H3-7_A,K3-20,True,4,22,30,2.06188755496219e-05,8.817387888916945e-05,0.000117783317956,False,False,False,False,False,False,False,False,False,False,False,False,False,1,1,False,1.0375,True,False,True,8.788050842285156,1939.1373,3,0.000117783317956,0.000117783317956,287,291,True,1000000.0,False,False,False,False,1.3356558981039095,4.274293995185092,5.709633453974606
ARGRGLVDERVYGFDI,H3-7_A,K1-39,True,14,94,28,7.216606442367665e-05,0.0003767429370719,0.0001099310967589,False,False,False,False,False,False,False,False,False,True,False,False,False,0,0,False,1.49375,True,False,False,6.166164779663085,1823.0172,3,0.0003767429370719,0.0003767429370719,554,299,True,1000000.0,False,False,False,False,0.2917856397173106,5.219776668071045,1.523096301200349
ARGIGWVRNREYSFDI,H1-69,K1-39,True,3,35,28,1.5464156662216426e-05,0.0001402766255054,0.0001099310967589,False,False,False,False,False,False,False,False,False,False,False,False,False,1,1,False,1.0375,True,False,True,8.788050842285156,1939.1373,3,0.0001402766255054,0.0001402766255054,287,301,True,1000000.0,False,False,False,False,0.7836177993651181,9.065219421483329,7.104173698029118
ARGIGWVRNREYSFDI,H3-7_A,K3-15,True,2,26,28,1.030943777481095e-05,0.0001042054932326,0.0001099310967589,False,False,False,False,False,False,False,False,False,False,False,False,False,1,1,False,1.0375,True,False,True,8.788050842285156,1939.1373,3,0.0001099310967589,0.0001099310967589,287,302,True,1000000.0,False,False,False,False,1.054844086507783,10.097981644596818,10.652818414897986
ARGPGYVRNREYSFDI,H3-7_A,K3-20,True,3,31,27,1.5464156662216426e-05,0.000124245011162,0.0001060049861604,False,False,False,False,False,False,False,False,False,False,False,False,False,1,1,False,2.1750000000000003,True,False,True,8.63159637451172,1900.0582,3,0.000124245011162,0.000124245011162,287,313,True,1000000.0,False,False,False,False,0.8531244347336129,8.029194344747177,6.85045320881587
ARGRGLITTRSYGFDI,UNK,K1-39,True,3,6,27,1.5464156662216426e-05,2.404742151522803e-05,0.0001060049861604,False,False,False,False,False,False,False,False,False,False,False,False,False,2,2,False,1.4,True,False,True,10.73751983642578,1782.9965000000002,3,0.0001060049861604,0.0001060049861604,417,318,True,1000000.0,False,False,False,False,4.406331995858335,1.5540376151125006,6.85045320881587
ARGRGYIDARSYGFDI,H1-69,K3-20,True,3,2,27,1.5464156662216426e-05,8.015807171742677e-06,0.0001060049861604,False,False,False,False,False,False,False,False,False,False,False,False,False,1,1,False,1.9625,True,False,False,8.631455993652345,1816.9696,3,0.0001060049861604,0.0001060049861604,381,319,True,1000000.0,False,False,False,False,13.208015579245806,0.5180125383708336,6.85045320881587
ARGPGYVRNREYSFDI,H1-69,K3-15,True,5,31,26,2.5773594437027374e-05,0.000124245011162,0.0001020788755619,False,False,False,False,False,False,False,False,False,False,False,False,False,1,1,False,2.1750000000000003,True,False,True,8.63159637451172,1900.0582,3,0.000124245011162,0.000124245011162,287,325,True,1000000.0,False,False,False,False,0.821527233447451,4.818762235244201,3.9590630317744324
ARGIGWVRNREYSFDI,UNK,K1-39,True,1,25,26,5.154718887405475e-06,0.0001001975896467,0.0001020788755619,False,False,False,False,False,False,False,False,False,False,False,False,False,1,1,False,1.0375,True,False,True,8.788050842285156,1939.1373,3,0.0001020788755619,0.0001020788755619,287,326,True,1000000.0,False,False,False,False,1.0186740936669323,19.400395613213096,19.76465278891101
ARGWGRVSERSYQFDI,H3-7_A,UNK,True,2,28,23,1.030943777481095e-05,0.0001122213004043,9.03005437663179e-05,False,False,False,False,False,False,False,False,False,False,False,False,False,1,1,False,1.88125,True,False,True,8.788050842285156,1927.0836,3,0.0001122213004043,0.0001122213004043,755,336,True,1000000.0,False,False,False,False,0.804593223468149,10.87474946340823,8.750529412245251
ARGWGRVSERSYQFDI,H1-69,K3-20,True,5,40,22,2.5773594437027374e-05,0.0001603161434348,8.637443316778233e-05,False,False,False,False,False,False,False,False,False,False,False,False,False,1,1,False,1.88125,True,False,True,8.788050842285156,1927.0836,3,0.0001603161434348,0.0001603161434348,755,339,True,1000000.0,False,False,False,False,0.5387420374326432,6.217757722894243,3.3499764115022495
ARGRGYVTPRVYGFDI,H3-7_A,K3-15,True,3,26,21,1.5464156662216426e-05,0.0001042054932326,8.244832256924678e-05,False,False,False,False,False,False,False,False,False,False,False,False,False,2,2,False,1.2937500000000002,True,False,True,9.97897186279297,1827.0505,3,0.0001042054932326,0.0001042054932326,628,343,True,1000000.0,False,False,False,False,0.7911330648815261,6.734162998817294,5.328130273526478
ARGWGRVSERSYQFDI,H3-7_A,K1-39,True,2,46,19,1.030943777481095e-05,0.00018436356495,7.459610137217566e-05,False,False,False,False,False,False,False,False,False,False,False,False,False,1,1,False,1.88125,True,False,True,8.788050842285156,1927.0836,3,0.00018436356495,0.00018436356495,755,346,True,1000000.0,False,False,False,False,0.40459217346263965,17.865659832749706,7.228698210115642
ARGLGYTDRPGTYRFDI,H3-7_A,K3-20,True,1,28,18,5.154718887405475e-06,0.0001122213004043,7.066999077364009e-05,False,False,False,False,False,False,False,False,False,False,False,False,False,1,1,False,2.0058823529411764,True,False,False,8.631455993652345,1958.1374,3,0.0001122213004043,0.0001122213004043,346,351,True,1000000.0,False,False,False,False,0.629681653148986,21.728443086797892,13.683221161557071
ARGRGLVDERVYGFDI,H3-7_A,UNK,True,16,69,17,8.24755021984876e-05,0.0002765453474251,6.674388017510453e-05,False,False,False,False,False,False,False,False,False,True,False,False,False,0,0,False,1.49375,True,False,False,6.166164779663085,1823.0172,3,0.0002765453474251,0.0002765453474251,554,354,True,1000000.0,False,False,False,False,0.24134004566004968,3.352653982267572,0.809158923643291
ARWRYDRVARGWAFDP,H5-51,UNK,True,87,1,11,0.0004484605432042,4.0079035858713385e-06,4.318721658389117e-05,False,False,False,False,True,False,False,False,False,False,False,False,False,2,2,False,1.00625,True,False,True,10.667610168457031,2022.2309,4,0.0004484605432042,4.318721658389117e-05,992,383,True,1000000.0,False,False,False,False,10.748694103998869,0.008936826836465017,0.09629889239843994
ARGRGNIGERSYGFDI,H3-23_A,K3-15,True,7,35,8,3.6083032211838326e-05,0.0001402766255054,3.140888478828448e-05,False,False,False,False,False,False,False,False,False,False,False,False,False,1,1,False,2.60625,True,False,True,8.788050842285156,1767.899,3,0.0001402766255054,0.0001402766255054,539,391,True,1000000.0,False,False,False,False,0.22389079981880008,3.8865292525738524,0.8702201744629959
ARSRHPWRYSDYFDY,H1-69,UNK,True,38,4,8,0.0001958793177214,1.6031614343485354e-05,3.140888478828448e-05,False,False,False,False,False,False,False,False,False,False,False,False,False,1,2,False,1.8,True,False,False,8.544841003417972,2019.1375000000005,3,0.0001958793177214,3.140888478828448e-05,933,395,True,1000000.0,False,False,False,False,1.9579628406314302,0.08184016632436295,0.1603399570412267
ARVRSRDAFDY,H3-23_A,K3-20,True,27,2,7,0.0001391774099599,8.015807171742677e-06,2.7482774189748925e-05,False,False,False,False,False,False,False,False,False,False,False,False,False,1,1,False,2.590909090909091,True,False,False,8.787910461425781,1355.4583,3,0.0001391774099599,2.7482774189748925e-05,976,399,True,1000000.0,False,False,False,False,3.4243003353619668,0.05759003040614117,0.19745158127209017
ARLLPVRYRGDLYGFDI,H1-69,K1-39,True,24,1,7,0.0001237132532977,4.0079035858713385e-06,2.7482774189748925e-05,False,False,False,False,False,False,False,False,False,False,False,False,False,1,1,False,-0.241176470588235,True,False,False,8.631455993652345,2024.3245,3,0.0001237132532977,2.7482774189748925e-05,848,401,True,1000000.0,False,False,False,False,6.840078066181098,0.032394101181833744,0.22213103403949877
ARGRGYVTPREYSFDI,H3-7_A,K4-1,True,7,25,6,3.6083032211838326e-05,0.0001001975896467,2.3556663591213364e-05,False,False,False,False,False,False,False,False,False,False,False,False,False,1,1,False,2.0625,True,False,True,8.63159637451172,1887.0595,3,0.0001001975896467,0.0001001975896467,614,402,True,1000000.0,False,False,False,False,0.23507863700011794,2.7760923232666417,0.652665130847247
ARERPGRFVYRPYAFDY,H1-69,K3-15,True,59,14,6,0.0003041284143569,5.611065020219873e-05,2.3556663591213364e-05,False,False,False,False,False,False,False,False,False,False,False,False,False,2,2,False,1.2294117647058824,True,False,True,9.691331481933592,2163.3952,4,0.0003041284143569,5.611065020219873e-05,151,404,True,1000000.0,False,False,False,False,0.41975036829296114,0.18449050680047957,0.07745375947008824
ARGRGLVDERVYGFDI,H3-7_A,K4-1,True,9,33,4,4.639246998664928e-05,0.0001322608183337,1.570444239414224e-05,False,False,False,False,False,False,False,False,False,True,False,False,False,0,0,False,1.49375,True,False,False,6.166164779663085,1823.0172,3,0.0001322608183337,0.0001322608183337,554,418,True,1000000.0,False,False,False,False,0.11872945667064842,2.8502969426358877,0.3384397942320884
ARGRGYVTPREYSFDI,H3-23_A,K3-20,True,8,30,4,4.12377510992438e-05,0.0001202371075761,1.570444239414224e-05,False,False,False,False,False,False,False,False,False,False,False,False,False,1,1,False,2.0625,True,False,True,8.63159637451172,1887.0595,3,0.0001202371075761,0.0001202371075761,614,419,True,1000000.0,False,False,False,False,0.1306014149588045,2.9149978937470924,0.38073451220059734
ARVRFGTWRTLFDY,H5-51,K3-15,True,27,7,3,0.0001391774099599,2.8055325101099366e-05,1.1778331795606682e-05,False,False,False,False,False,False,False,False,False,False,False,False,False,2,2,False,-0.1714285714285712,True,False,True,10.73751983642578,1788.0160999999998,3,0.0001391774099599,2.8055325101099366e-05,971,437,True,1000000.0,False,False,False,False,0.4196755873369628,0.20156510642149408,0.08462210625946721
ARGRGIISSRSYLFDI,H3-7_A,K1-39,True,85,1204,1,0.0004381511054294,0.004825515917389,3.92611059853556e-06,False,False,False,False,False,False,False,False,False,False,False,False,False,2,2,False,0.7062500000000002,True,False,True,10.73751983642578,1811.0496,3,0.004825515917389,0.004825515917389,563,460,True,1000000.0,False,False,False,True,0.0008136129959198114,11.013108780296625,0.008960426997937102
ARGRGWIDARSYGFDI,H3-7_A,K1-39,True,24,645,1,0.0001237132532977,0.002585097812887,3.92611059853556e-06,False,False,False,False,False,False,False,False,False,False,False,False,False,1,1,False,1.45625,True,False,False,8.787910461425781,1840.0063,3,0.002585097812887,0.002585097812887,381,472,True,1000000.0,False,False,False,True,0.0015187415313835417,20.894195262282654,0.03173300486278554
ARGHGRIGERVFGFDY,H3-7_A,K1-39,True,73,355,1,0.0003762944787805,0.0014228057729843,3.92611059853556e-06,False,False,False,False,False,False,False,False,False,False,False,False,False,1,2,False,1.5875,True,False,True,8.793946838378904,1837.0056,3,0.0014228057729843,0.0014228057729843,262,493,True,1000000.0,False,False,False,True,0.002759394907677119,3.7809961167489283,0.010433334759285918
ARGRGDVRPGQYGFDI,H3-7_A,K3-15,True,60,333,1,0.0003092831332443,0.0013346318940951,3.92611059853556e-06,False,False,False,False,False,False,False,False,False,False,False,False,False,1,1,False,2.6750000000000003,True,False,False,8.787910461425781,1763.9103,3,0.0013346318940951,0.0013346318940951,549,494,True,1000000.0,False,False,False,True,0.002941695908022954,4.3151035397896145,0.012693817535982801
ARGRGIIGDREYSFDI,H3-7_A,K1-39,True,206,270,1,0.0010618720908055,0.0010821339681852,3.92611059853556e-06,False,False,False,False,False,False,False,False,False,True,False,False,False,0,0,False,1.9375,True,False,False,6.166164779663085,1824.9901,3,0.0010821339681852,0.0010821339681852,560,505,True,1000000.0,False,False,False,True,0.0036280852769708725,1.0190716818327146,0.0036973131315901323
ARGRGAILDRSYGFDI,H3-7_A,K3-15,True,92,252,1,0.0004742341376413,0.0010099917036395,3.92611059853556e-06,False,False,False,False,False,False,False,False,False,False,False,False,False,1,1,False,1.50625,True,False,False,8.787910461425781,1766.954,3,0.0010099917036395,0.0010099917036395,540,510,True,1000000.0,False,False,False,True,0.003887231659499168,2.129687271755837,0.008278669754490712
ARGRGITRPSVYLFDY,H3-7_A,K3-20,True,33,238,1,0.0001701057232843,0.0009538810534373,3.92611059853556e-06,False,False,False,False,False,False,False,False,False,False,False,False,False,2,2,False,1.0000000000000002,True,False,True,9.97897186279297,1871.1031000000005,3,0.0009538810534373,0.0009538810534373,565,517,True,1000000.0,False,False,False,True,0.004115889948215796,5.607248025176129,0.023079057730449666
ARGRGYTSVREYSFDI,H3-7_A,K3-20,True,29,234,1,0.0001494868477347,0.0009378494390938,3.92611059853556e-06,False,False,False,False,False,False,False,False,False,False,False,False,False,1,1,False,2.3375,True,False,True,8.63159637451172,1877.0216,3,0.0009378494390938,0.0009378494390938,614,521,True,1000000.0,False,False,False,True,0.004186246291159725,6.273372671764462,0.026262163102615463
ARGRGYVASRSYQFDI,H3-7_A,K1-39,True,98,211,1,0.0005051624509657,0.0008456676566188,3.92611059853556e-06,False,False,False,False,False,False,False,False,False,False,False,False,False,2,2,False,2.03125,True,False,True,9.97897186279297,1846.0108,3,0.0008456676566188,0.0008456676566188,622,527,True,1000000.0,False,False,False,True,0.004642561581008288,1.674017763641309,0.007771822455936208
ARGRGTVSRGSYLFDI,H3-7_A,K1-39,True,93,200,1,0.0004793888565287,0.0008015807171742,3.92611059853556e-06,False,False,False,False,False,False,False,False,False,False,False,False,False,2,2,False,1.7500000000000002,True,False,True,10.73751983642578,1754.9433,3,0.0008015807171742,0.0008015807171742,582,531,True,1000000.0,False,False,False,True,0.004897899282536659,1.6720538780138123,0.008189653657007665
ARGRGYVDVRSYGFDI,H3-7_A,K4-1,True,24,165,1,0.0001237132532977,0.0006613040916687,3.92611059853556e-06,False,False,False,False,False,False,False,False,False,False,False,False,False,1,1,False,1.86875,True,False,False,8.631455993652345,1830.9961,3,0.0006613040916687,0.0006613040916687,528,542,True,1000000.0,False,False,False,True,0.0059368319048347645,5.3450266950019945,0.03173300486278554
ARGRGEVDERHYGFDI,H3-7_A,K3-20,True,278,162,1,0.0014330118506987,0.0006492803809111,3.92611059853556e-06,False,False,False,False,False,False,False,False,False,True,False,False,False,-1,0,False,2.91875,True,False,False,5.486104965209961,1876.9819,3,0.0014330118506987,0.0006492803809111,554,544,True,1000000.0,False,False,False,True,0.006046771543151997,0.45308477368613026,0.002739742312108711
ARGRGRITSYSYGFDI,H3-7_A,K3-15,True,24,154,1,0.0001237132532977,0.0006172171522241,3.92611059853556e-06,False,False,False,False,False,False,False,False,False,False,False,False,False,2,2,False,1.9375,True,False,True,9.97897186279297,1818.9855,3,0.0006172171522241,0.0006172171522241,334,547,True,1000000.0,False,False,False,True,0.006360884456214081,4.9886915820016995,0.03173300486278554
ARGTGRVRAGQYGFDI,H3-7_A,K3-15,True,80,115,1,0.0004123775109924,0.0004609089123752,3.92611059853556e-06,False,False,False,False,False,False,False,False,False,False,False,False,False,2,2,False,2.375,True,False,True,10.73751983642578,1723.8895,3,0.0004609089123752,0.0004609089123752,263,561,True,1000000.0,False,False,False,True,0.008518007165953747,1.1176597255965257,0.009520440105199781
ARADREWYRSEFDY,H1-69,K1-39,True,808,108,1,0.0041650128610236,0.0004328535872741,3.92611059853556e-06,False,False,False,False,False,False,False,False,False,True,False,False,False,-1,-1,False,2.564285714285714,True,False,False,4.783093643188476,1863.9384,3,0.0041650128610236,0.0004328535872741,8,563,True,1000000.0,False,False,False,True,0.00907008746857113,0.10392586108584324,0.0009426384270963344
ARGLGAVRNREWYFDY,H3-7_A,K3-20,True,32,80,1,0.0001649510043969,0.0003206322868697,3.92611059853556e-06,False,False,False,True,False,False,False,False,False,False,False,False,False,1,1,False,1.06875,True,False,True,8.63159637451172,1973.1535,3,0.0003206322868697,0.0003206322868697,321,571,True,1000000.0,False,False,False,False,0.012244519077207748,1.943685345769666,0.02380023456385636
ARGRGIISSRSYLFDI,H1-69,K1-39,True,7,43,1,3.6083032211838326e-05,0.0001723398541924,3.92611059853556e-06,False,False,False,False,False,False,False,False,False,False,False,False,False,2,2,False,0.7062500000000002,True,False,True,10.73751983642578,1811.0496,3,0.0001723398541924,0.0001723398541924,563,595,True,1000000.0,False,False,False,False,0.02277988929513517,4.7748787960207295,0.10877752180787449
ARGRGIISSRSYLFDI,UNK,K1-39,True,2,39,1,1.030943777481095e-05,0.0001563082398489,3.92611059853556e-06,False,False,False,False,False,False,False,False,False,False,False,False,False,2,2,False,0.7062500000000002,True,False,True,10.73751983642578,1811.0496,3,0.0001563082398489,0.0001563082398489,563,604,True,1000000.0,False,False,False,False,0.02511613873295022,15.146972466895228,0.38045780053240214
ARGRGWIDARSYGFDI,H3-7_A,K3-20,True,2,35,1,1.030943777481095e-05,0.0001402766255054,3.92611059853556e-06,False,False,False,False,False,False,False,False,False,False,False,False,False,1,1,False,1.45625,True,False,False,8.787910461425781,1840.0063,3,0.0001402766255054,0.0001402766255054,381,620,True,1000000.0,False,False,False,False,0.02798634997735001,13.59343682926271,0.38045780053240214
ARGTGYTLRPREYLFDY,H3-7_A,K3-20,True,18,33,1,9.278493997329856e-05,0.0001322608183337,3.92611059853556e-06,False,False,False,False,False,False,False,False,False,False,False,False,False,1,1,False,1.358823529411765,True,False,True,8.53866424560547,2078.2859,3,0.0001322608183337,0.0001322608183337,726,623,True,1000000.0,False,False,False,False,0.029682364167662106,1.4253020517256396,0.042309533253270984
ARGRGWIDARSYGFDI,H3-7_A,K3-15,True,3,32,1,1.5464156662216426e-05,0.0001282529147478,3.92611059853556e-06,False,False,False,False,False,False,False,False,False,False,False,False,False,1,1,False,1.45625,True,False,False,8.787910461425781,1840.0063,3,0.0001282529147478,0.0001282529147478,381,627,True,1000000.0,False,False,False,False,0.03060986572974245,8.288200613927984,0.2537204892155465
ARGRGIISSRSYLFDI,H3-7_A,K3-15,True,3,27,1,1.5464156662216426e-05,0.0001082133968185,3.92611059853556e-06,False,False,False,False,False,False,False,False,False,False,False,False,False,2,2,False,0.7062500000000002,True,False,True,10.73751983642578,1811.0496,3,0.0001082133968185,0.0001082133968185,563,642,True,1000000.0,False,False,False,False,0.0362778356062875,6.993169268004564,0.2537204892155465
ARGRGWIDARSYGFDI,UNK,K1-39,True,1,26,1,5.154718887405475e-06,0.0001042054932326,3.92611059853556e-06,False,False,False,False,False,False,False,False,False,False,False,False,False,1,1,False,1.45625,True,False,False,8.787910461425781,1840.0063,3,0.0001042054932326,0.0001042054932326,381,647,True,1000000.0,False,False,False,False,0.03767300308959648,20.176411437747817,0.7601789534198373
ARGRGLVDERVYGFDI,H3-23_A,K3-20,True,17,25,1,8.763022108589308e-05,0.0001001975896467,3.92611059853556e-06,False,False,False,False,False,False,False,False,False,True,False,False,False,0,0,False,1.49375,True,False,False,6.166164779663085,1823.0172,3,0.0001001975896467,0.0001001975896467,554,648,True,1000000.0,False,False,False,False,0.039179772833352985,1.1432831684495626,0.04479804534823935
ARARGRPRKGHTFDY,H4-34,K3-20,True,30,11,1,0.0001546415666221,4.408693944458472e-05,3.92611059853556e-06,False,False,False,False,False,False,False,False,False,False,False,False,True,4,5,False,3.0933333333333337,True,False,True,11.553834533691408,1787.9816,4,0.0001546415666221,4.408693944458472e-05,48,666,True,1000000.0,False,False,False,False,0.08903363017901467,0.28507269863171636,0.025386814270877953
ARGRGLINNYSYLFDI,H3-7_A,K1-39,True,95,10,1,0.0004896982943035,4.0079035858713385e-05,3.92611059853556e-06,True,False,True,False,False,False,False,False,False,False,False,False,False,1,1,False,0.3125000000000002,False,False,False,8.632579040527343,1872.0877,2,0.0004896982943035,4.0079035858713385e-05,569,667,True,1000000.0,False,False,False,True,0.09793477229964903,0.08184267312792161,0.008017243416551828
ARVSRARGPGTRPFDP,H3-23_A,K3-20,True,39,8,1,0.0002010340366088,3.206322868697071e-05,3.92611059853556e-06,False,False,False,False,True,False,False,False,False,False,False,False,True,3,3,False,2.96875,True,False,True,11.999964904785156,1739.9355,4,0.0002010340366088,3.206322868697071e-05,979,671,True,1000000.0,False,False,False,False,0.1224108316893736,0.15948360979918394,0.019528610073499233
ARKGRGRARTFDY,H4-34,K3-20,True,23,7,1,0.0001185585344103,2.8055325101099366e-05,3.92611059853556e-06,False,False,False,False,False,False,False,False,False,False,False,False,True,4,4,False,3.246153846153846,True,False,True,11.553834533691408,1553.7270999999998,4,0.0001185585344103,2.8055325101099366e-05,821,673,True,1000000.0,False,False,False,False,0.13989186244565427,0.23661695103707223,0.03311258436365138
ARDFLGYRSRYFDY,H3-23_A,K3-20,True,25,6,1,0.0001288679721851,2.404742151522803e-05,3.92611059853556e-06,False,False,False,False,False,False,False,False,False,False,False,False,False,1,1,False,0.9714285714285716,True,False,False,8.538594055175782,1828.9785,3,0.0001288679721851,2.404742151522803e-05,77,675,True,1000000.0,False,False,False,False,0.16319748132817907,0.18659062605896767,0.030463783158356295
ARADREWYRSEFDY,H3-7_A,K1-39,True,39,4,1,0.0002010340366088,1.6031614343485354e-05,3.92611059853556e-06,False,False,False,False,False,False,False,False,False,True,False,False,False,-1,-1,False,2.564285714285714,True,False,False,4.783093643188476,1863.9384,3,0.0002010340366088,1.6031614343485354e-05,8,683,True,1000000.0,False,False,False,False,0.24474535507892878,0.07974180489959197,0.019528610073499233
ARADREWYRSEFDY,UNK,K1-39,True,24,4,1,0.0001237132532977,1.6031614343485354e-05,3.92611059853556e-06,False,False,False,False,False,False,False,False,False,True,False,False,False,-1,-1,False,2.564285714285714,True,False,False,4.783093643188476,1863.9384,3,0.0001237132532977,1.6031614343485354e-05,8,687,True,1000000.0,False,False,False,False,0.24474535507892878,0.12957640472733498,0.03173300486278554
AREGVTYWDRPWRGFDI,H1-69,K3-15,True,29,3,1,0.0001494868477347,1.2023710757614016e-05,3.92611059853556e-06,False,False,False,False,False,False,False,False,False,False,False,False,False,0,0,False,1.0823529411764707,True,False,False,6.166164779663085,2124.3162,3,0.0001494868477347,1.2023710757614016e-05,134,690,True,1000000.0,False,False,False,False,0.3262593457343502,0.08042785476621905,0.026262163102615463
ARVYRDWARSDPFDY,H1-69,K1-39,True,413,1,1,0.0021288989004984,4.0079035858713385e-06,3.92611059853556e-06,False,False,False,False,True,False,False,False,False,False,False,False,False,0,0,False,1.9133333333333336,True,False,False,6.083355331420899,1917.044,3,0.0021288989004984,4.0079035858713385e-06,984,723,True,1000000.0,False,False,False,True,0.9771540094544425,0.00188260924877201,0.0018441891043888335
ARVRDWTRSDYFDY,H1-69,K3-15,True,324,1,1,0.0016701289195193,4.0079035858713385e-06,3.92611059853556e-06,False,False,False,False,False,False,False,False,False,False,False,False,False,0,0,False,2.1214285714285714,True,False,False,6.083355331420899,1849.9548,3,0.0016701289195193,4.0079035858713385e-06,953,733,True,1000000.0,False,False,False,True,0.9771540094544425,0.0023997426435789513,0.0023507688807500966
ARGYREFYRSVFDY,H1-69,K1-39,True,234,1,1,0.0012062042196528,4.0079035858713385e-06,3.92611059853556e-06,False,False,False,False,False,False,False,False,False,False,False,False,False,1,1,False,1.2071428571428573,True,False,True,8.53866424560547,1828.9785,3,0.0012062042196528,4.0079035858713385e-06,791,756,True,1000000.0,False,False,False,True,0.9771540094544425,0.0033227129315595238,0.0032549032622627037
ARGRNEFLSARFDY,H1-69,K1-39,True,215,1,1,0.0011082645607921,4.0079035858713385e-06,3.92611059853556e-06,False,False,False,False,False,False,False,False,False,False,False,False,False,1,1,False,1.735714285714286,True,False,True,8.788050842285156,1701.8392,3,0.0011082645607921,4.0079035858713385e-06,633,762,True,1000000.0,False,False,False,True,0.9771540094544425,0.0036163453783571754,0.003542543280727758
ARDPHFRDRWQSAFDY,H1-69,K1-39,True,149,1,1,0.0007680531142234,4.0079035858713385e-06,3.92611059853556e-06,False,False,False,False,True,False,False,False,False,False,False,False,False,0,1,False,2.075,True,False,False,6.79485206604004,2067.1821,3,0.0007680531142234,4.0079035858713385e-06,108,792,True,1000000.0,False,False,False,True,0.9771540094544425,0.005218195629565923,0.005111703095526607
ARGVRAWYRSEFDY,H1-69,K1-39,True,146,1,1,0.0007525889575611,4.0079035858713385e-06,3.92611059853556e-06,False,False,False,False,False,False,False,False,False,True,False,False,False,1,1,False,1.4357142857142855,True,False,True,8.63159637451172,1775.9192999999998,3,0.0007525889575611,4.0079035858713385e-06,750,796,True,1000000.0,False,False,False,True,0.9771540094544425,0.005325417402728671,0.0052167366950103935
ARLPRTGRYGEFDY,H4-34,K3-15,True,117,1,1,0.0006031021098264,4.0079035858713385e-06,3.92611059853556e-06,False,False,False,False,False,False,False,False,False,True,False,False,False,1,1,False,2.071428571428572,True,False,True,8.63159637451172,1700.8511999999998,3,0.0006031021098264,4.0079035858713385e-06,855,831,True,1000000.0,False,False,False,True,0.9771540094544425,0.006645370770328214,0.006509752556064001
ARGKGRVSRGSYGFDI,H3-7_A,K3-15,True,111,1,1,0.000572173796502,4.0079035858713385e-06,3.92611059853556e-06,False,False,False,False,False,False,False,False,False,False,False,False,True,3,3,False,2.7125000000000004,True,False,True,10.903590393066406,1725.9054,3,0.000572173796502,4.0079035858713385e-06,293,838,True,1000000.0,False,False,False,True,0.9771540094544425,0.007004573723291951,0.006861624922861367
ARGRGTVSRGVYAFDY,H3-7_A,K3-20,True,110,1,1,0.0005670190776146,4.0079035858713385e-06,3.92611059853556e-06,False,False,False,False,False,False,False,False,False,False,False,False,False,2,2,False,2.2,True,False,True,9.97897186279297,1774.9329,3,0.0005670190776146,4.0079035858713385e-06,590,841,True,1000000.0,False,False,False,True,0.9771540094544425,0.0070682505432207166,0.0069240022311590705
ARGSGYVSNESYSFDI,H3-7_A,K1-39,True,102,1,1,0.0005257813265153,4.0079035858713385e-06,3.92611059853556e-06,True,False,False,False,False,False,False,False,False,False,False,False,False,-1,-1,False,2.7375000000000003,False,False,False,4.370375442504883,1751.8035,1,0.0005257813265153,4.0079035858713385e-06,664,860,True,1000000.0,False,False,False,True,0.9771540094544425,0.007622612591260978,0.007467050901269125
ARLPRLGRYGDFDY,H4-34,K3-20,True,98,1,1,0.0005051624509657,4.0079035858713385e-06,3.92611059853556e-06,False,False,False,False,False,False,False,False,False,True,False,False,False,1,1,False,1.2000000000000004,True,False,False,8.631455993652345,1698.8783,3,0.0005051624509657,4.0079035858713385e-06,838,868,True,1000000.0,False,False,False,True,0.9771540094544425,0.00793373347697352,0.007771822455936208
ARHGRPLRQGQFDY,H3-23_A,K3-20,True,93,1,1,0.0004793888565287,4.0079035858713385e-06,3.92611059853556e-06,False,False,False,False,False,False,False,False,False,False,False,False,False,2,3,False,2.2857142857142856,True,False,True,10.73751983642578,1700.8577999999998,3,0.0004793888565287,4.0079035858713385e-06,795,874,True,1000000.0,False,False,False,False,0.9771540094544425,0.008360269390069768,0.008189653657007665
ARGRGTIRGDEYGFDY,H3-7_A,K3-15,True,91,1,1,0.0004690794187538,4.0079035858713385e-06,3.92611059853556e-06,False,False,False,False,False,False,False,False,False,True,False,False,False,0,0,False,3.09375,True,False,False,6.165244674682618,1832.926,3,0.0004690794187538,4.0079035858713385e-06,189,886,True,1000000.0,False,False,False,False,0.9771540094544425,0.008544007657471535,0.008369642208016136
ARGPRPWVSARFDY,H1-69,K1-39,True,89,1,1,0.000458769980979,4.0079035858713385e-06,3.92611059853556e-06,False,False,False,False,False,False,False,False,False,False,False,False,False,2,2,False,1.3142857142857145,True,False,True,10.73751983642578,1677.8625,3,0.000458769980979,4.0079035858713385e-06,502,893,True,1000000.0,False,False,False,False,0.9771540094544425,0.00873600364453303,0.008557719955778264
ARGRGYIFDRNYAFDI,H3-7_A,K3-15,True,83,1,1,0.0004278416676546,4.0079035858713385e-06,3.92611059853556e-06,False,False,False,False,False,False,False,False,False,False,False,False,False,1,1,False,1.0625000000000002,True,False,False,8.631455993652345,1934.1174,3,0.0004278416676546,4.0079035858713385e-06,425,911,True,1000000.0,False,False,False,False,0.9771540094544425,0.009367507220065052,0.009176335855035318
ARGRPPSSRYWDFDI,H1-69,K3-15,True,82,1,1,0.0004226869487672,4.0079035858713385e-06,3.92611059853556e-06,False,False,False,False,False,False,False,False,False,True,False,False,False,1,1,False,1.9,True,False,False,8.787910461425781,1822.9759,3,0.0004226869487672,4.0079035858713385e-06,217,913,True,1000000.0,False,False,False,False,0.9771540094544425,0.009481742410396931,0.009288239742411443
ARGRGTVSDRVYGFDY,H3-7_A,K3-20,True,81,1,1,0.0004175322298798,4.0079035858713385e-06,3.92611059853556e-06,False,False,False,False,False,False,False,False,False,False,False,False,False,1,1,False,2.69375,True,False,False,8.631455993652345,1818.9424,3,0.0004175322298798,4.0079035858713385e-06,590,914,True,1000000.0,False,False,False,False,0.9771540094544425,0.009598798155159334,0.009402906622560764
ARGRGVIYPRSYGFDI,H3-7_A,K3-15,True,81,1,1,0.0004175322298798,4.0079035858713385e-06,3.92611059853556e-06,False,False,False,False,False,False,False,False,False,False,False,False,False,2,2,False,1.1062500000000002,True,False,True,9.97897186279297,1827.0505,3,0.0004175322298798,4.0079035858713385e-06,380,915,True,1000000.0,False,False,False,False,0.9771540094544425,0.009598798155159334,0.009402906622560764
ARGRGYTYRSGIYDFDY,H3-7_A,K3-20,True,78,1,1,0.0004020680732176,4.0079035858713385e-06,3.92611059853556e-06,False,False,False,False,False,False,False,False,False,True,False,False,False,1,1,False,2.2764705882352945,True,False,False,8.472053527832031,2060.1844,3,0.0004020680732176,4.0079035858713385e-06,618,919,True,1000000.0,False,False,False,False,0.9771540094544425,0.009967973517676273,0.009764547882746132
ARLPPNESYGSFDY,H4-34,K4-1,True,78,1,1,0.0004020680732176,4.0079035858713385e-06,3.92611059853556e-06,True,False,False,False,False,False,False,False,False,False,False,False,False,-1,-1,False,2.271428571428572,False,False,False,4.370375442504883,1615.697,1,0.0004020680732176,4.0079035858713385e-06,860,920,True,1000000.0,False,False,False,False,0.9771540094544425,0.009967973517676273,0.009764547882746132
ARGRGYVDERQYAFDY,H3-7_A,K3-15,True,77,1,1,0.0003969133543302,4.0079035858713385e-06,3.92611059853556e-06,False,False,False,False,False,False,False,False,False,True,False,False,False,0,0,False,2.7125,True,False,False,6.164375686645509,1966.0732000000005,3,0.0003969133543302,4.0079035858713385e-06,313,924,True,1000000.0,False,False,False,False,0.9771540094544425,0.010097424457763625,0.009891356998029989
ARGSREFYSSRFDY,H1-69,K1-39,True,74,1,1,0.000381449197668,4.0079035858713385e-06,3.92611059853556e-06,False,False,False,False,False,False,False,False,False,False,False,False,False,1,1,False,2.5357142857142856,True,False,True,8.63159637451172,1740.8289,3,0.000381449197668,4.0079035858713385e-06,668,938,True,1000000.0,False,False,False,False,0.9771540094544425,0.010506768772055107,0.010292347445119464
ARHSRAFATARSAFDY,H1-69,K4-1,True,67,1,1,0.0003453661654561,4.0079035858713385e-06,3.92611059853556e-06,False,False,False,False,False,False,False,False,False,False,False,False,False,2,3,False,2.06875,True,False,True,10.73751983642578,1826.9679,3,0.0003453661654561,4.0079035858713385e-06,808,961,True,1000000.0,False,False,False,False,0.9771540094544425,0.011604459099192745,0.011367636192702474
ARLERPRVDAFDY,H5-51,UNK,True,67,1,1,0.0003453661654561,4.0079035858713385e-06,3.92611059853556e-06,False,False,False,False,False,False,False,False,False,False,False,False,False,0,0,False,1.7461538461538464,True,False,False,6.166164779663085,1607.7678,3,0.0003453661654561,4.0079035858713385e-06,832,962,True,1000000.0,False,False,False,False,0.9771540094544425,0.011604459099192745,0.011367636192702474
ARVRDISRGRGVFDY,H3-7_A,K4-1,True,65,1,1,0.0003350567276813,4.0079035858713385e-06,3.92611059853556e-06,False,False,False,False,False,False,False,False,False,False,False,False,False,2,2,False,2.02,True,False,True,10.667610168457031,1766.9573,4,0.0003350567276813,4.0079035858713385e-06,970,970,True,1000000.0,False,False,False,False,0.9771540094544425,0.011961508722774383,0.01171739917509773
ARGTGTSRGRNDWHFDI,H3-7_A,K3-15,True,64,1,1,0.0003299020087939,4.0079035858713385e-06,3.92611059853556e-06,False,False,False,True,False,False,False,False,False,False,False,False,False,1,2,False,2.976470588235294,True,False,False,9.56035614013672,1946.0473,3,0.0003299020087939,4.0079035858713385e-06,698,976,True,1000000.0,False,False,False,False,0.9771540094544425,0.012148401631463874,0.011900477987717777
ARGRGYIGDRTVEFDY,H3-7_A,K3-20,True,59,1,1,0.0003041284143569,4.0079035858713385e-06,3.92611059853556e-06,False,False,False,False,False,False,False,False,False,True,False,False,False,0,0,False,2.50625,True,False,False,6.165244674682618,1875.0057,3,0.0003041284143569,4.0079035858713385e-06,600,1002,True,1000000.0,False,False,False,False,0.9771540094544425,0.013177893342891399,0.012908959911681372
ARERGSWLGNRFDI,H1-69,K1-39,True,56,1,1,0.0002886642576947,4.0079035858713385e-06,3.92611059853556e-06,False,False,False,False,False,False,False,False,False,False,False,False,False,1,1,False,1.5000000000000002,True,False,True,9.555091857910156,1676.8330999999998,3,0.0002886642576947,4.0079035858713385e-06,150,1023,True,1000000.0,False,False,False,False,0.9771540094544425,0.013883827459634698,0.013600487379403914
ARGRGEPAGARSWGFDI,H3-7_A,K3-20,True,52,1,1,0.000268045382145,4.0079035858713385e-06,3.92611059853556e-06,False,False,False,False,False,False,False,False,False,False,False,False,False,1,1,False,2.405882352941177,True,False,True,9.555091857910156,1802.9465,3,0.000268045382145,4.0079035858713385e-06,552,1054,True,1000000.0,False,False,False,False,0.9771540094544425,0.0149517743452856,0.014646639687360567
ARGRGLVSRGSYGFDI,H3-7_A,K1-39,True,52,1,1,0.000268045382145,4.0079035858713385e-06,3.92611059853556e-06,False,False,False,False,False,False,False,False,False,False,False,False,False,2,2,False,1.7812500000000002,True,False,True,10.73751983642578,1710.8907,3,0.000268045382145,4.0079035858713385e-06,223,1055,True,1000000.0,False,False,False,False,0.9771540094544425,0.0149517743452856,0.014646639687360567
ARAERAWVTSRFDY,H1-69,K1-39,True,51,1,1,0.0002628906632576,4.0079035858713385e-06,3.92611059853556e-06,False,False,False,False,False,False,False,False,False,False,False,False,False,1,1,False,1.6857142857142855,True,False,True,8.788050842285156,1727.8765999999998,3,0.0002628906632576,4.0079035858713385e-06,10,1060,True,1000000.0,False,False,False,False,0.9771540094544425,0.01524493523983332,0.014933817776977646
ARAYREWRNDFDY,H1-69,K1-39,True,51,1,1,0.0002628906632576,4.0079035858713385e-06,3.92611059853556e-06,False,False,False,False,False,False,False,False,False,True,False,False,False,0,0,False,2.2,True,False,False,6.165244674682618,1761.8497,3,0.0002628906632576,4.0079035858713385e-06,63,1062,True,1000000.0,False,False,False,False,0.9771540094544425,0.01524493523983332,0.014933817776977646
ARGRGRSSGSNDWHFDY,H3-7_A,K1-39,True,49,1,1,0.0002525812254828,4.0079035858713385e-06,3.92611059853556e-06,False,False,False,True,False,False,False,False,False,False,False,False,False,1,2,False,3.488235294117647,True,False,False,8.793876647949219,1968.0097,3,0.0002525812254828,4.0079035858713385e-06,579,1084,True,1000000.0,False,False,False,False,0.9771540094544425,0.015867152860162412,0.015543337228089524
ARGRGYVNIREYSFDI,H3-7_A,K4-1,True,49,1,1,0.0002525812254828,4.0079035858713385e-06,3.92611059853556e-06,False,False,False,False,False,False,False,False,False,False,False,False,False,1,1,False,1.5437500000000002,True,False,True,8.63159637451172,1916.1006,3,0.0002525812254828,4.0079035858713385e-06,327,1085,True,1000000.0,False,False,False,False,0.9771540094544425,0.015867152860162412,0.015543337228089524
ARARDEWAAFRFDY,H1-69,K1-39,True,48,1,1,0.0002474265065954,4.0079035858713385e-06,3.92611059853556e-06,False,False,False,False,False,False,False,False,False,True,False,False,False,0,0,False,1.3214285714285716,True,False,False,6.166164779663085,1773.9035,3,0.0002474265065954,4.0079035858713385e-06,44,1091,True,1000000.0,False,False,False,False,0.9771540094544425,0.016197705185132322,0.015867143666699945
ARGRGRIHAESFGFDI,H3-7_A,K3-20,True,47,1,1,0.000242271787708,4.0079035858713385e-06,3.92611059853556e-06,False,False,False,False,False,False,False,False,False,False,False,False,False,1,2,False,1.61875,True,False,True,9.560496520996091,1788.9629,3,0.000242271787708,4.0079035858713385e-06,577,1110,True,1000000.0,False,False,False,False,0.9771540094544425,0.01654232298591794,0.0162047285339802
ARGTGRVRYGEYDFDY,H3-7_A,K3-20,True,45,1,1,0.0002319623499332,4.0079035858713385e-06,3.92611059853556e-06,False,False,False,False,False,False,False,False,False,True,False,False,False,0,0,False,2.8875,True,False,False,6.164375686645509,1925.0213,3,0.0002319623499332,4.0079035858713385e-06,696,1126,True,1000000.0,False,False,False,False,0.9771540094544425,0.01727750564679573,0.01692490764380386
ARGQGRIYPRSYGFDY,H3-7_A,K3-15,True,44,1,1,0.0002268076310458,4.0079035858713385e-06,3.92611059853556e-06,False,False,False,False,False,False,False,False,False,False,False,False,False,2,2,False,2.09375,True,False,True,9.694419860839844,1906.0643,3,0.0002268076310458,4.0079035858713385e-06,514,1134,True,1000000.0,False,False,False,False,0.9771540094544425,0.017670158917505164,0.01730954767684168
ARGRGLISSRSYQFDI,H3-7_A,K1-39,True,43,1,1,0.0002216529121584,4.0079035858713385e-06,3.92611059853556e-06,False,False,False,False,False,False,False,False,False,False,False,False,False,2,2,False,1.5812500000000005,True,False,True,10.73751983642578,1826.0212,3,0.0002216529121584,4.0079035858713385e-06,563,1142,True,1000000.0,False,False,False,False,0.9771540094544425,0.01808107430713216,0.017712077136882363
ARFVHYTLLDY,H4-34,K1-39,True,42,1,1,0.000216498193271,4.0079035858713385e-06,3.92611059853556e-06,False,False,False,False,False,False,False,False,False,False,False,False,False,0,1,True,-1.0454545454545452,False,False,False,6.787184524536133,1397.5759,1,0.000216498193271,4.0079035858713385e-06,179,1157,True,1000000.0,False,False,False,False,0.9771540094544425,0.0185115561924934,0.018133773781121104
ARGTGRVDYRSYGFDI,H3-7_A,K3-20,True,39,1,1,0.0002010340366088,4.0079035858713385e-06,3.92611059853556e-06,False,False,False,False,False,False,False,False,False,False,False,False,False,1,1,False,2.4250000000000003,True,False,False,8.631455993652345,1832.969,3,0.0002010340366088,4.0079035858713385e-06,695,1203,True,1000000.0,False,False,False,False,0.9771540094544425,0.019935451224897992,0.019528610073499233
ARGRGYIGERSAGFDY,H3-7_A,K3-20,True,37,1,1,0.000190724598834,4.0079035858713385e-06,3.92611059853556e-06,False,False,False,False,False,False,False,False,False,False,False,False,False,1,1,False,2.6812500000000004,True,False,True,8.63159637451172,1774.8899,3,0.000190724598834,4.0079035858713385e-06,601,1235,True,1000000.0,False,False,False,False,0.9771540094544425,0.021012986686067874,0.02058415527406504
ARGRGIILDRNYAFDI,H3-7_A,K3-20,True,36,1,1,0.0001855698799465,4.0079035858713385e-06,3.92611059853556e-06,False,False,False,False,False,False,False,False,False,False,False,False,False,1,1,False,0.6812500000000001,True,False,False,8.787910461425781,1850.0856,3,0.0001855698799465,4.0079035858713385e-06,562,1254,True,1000000.0,False,False,False,False,0.9771540094544425,0.021596649308248065,0.021155906554457312
ARGRYEFRSARFDY,H1-69,K1-39,True,36,1,1,0.0001855698799465,4.0079035858713385e-06,3.92611059853556e-06,False,False,False,False,False,False,False,False,False,False,False,False,False,2,2,False,2.0571428571428574,True,False,True,9.971391296386717,1793.9379,4,0.0001855698799465,4.0079035858713385e-06,633,1258,True,1000000.0,False,False,False,False,0.9771540094544425,0.021596649308248065,0.021155906554457312
ARARGEWYRSVFDY,H1-69,K1-39,True,35,1,1,0.0001804151610591,4.0079035858713385e-06,3.92611059853556e-06,False,False,False,False,False,False,False,False,False,False,False,False,False,1,1,False,1.4357142857142855,True,False,True,8.63159637451172,1775.9192999999998,3,0.0001804151610591,4.0079035858713385e-06,8,1266,True,1000000.0,False,False,False,False,0.9771540094544425,0.022213662231724496,0.021760327525768567
ARGRGYVDYREYSFDI,H3-7_A,K3-20,True,35,1,1,0.0001804151610591,4.0079035858713385e-06,3.92611059853556e-06,False,False,False,False,False,False,False,False,False,False,False,False,False,0,0,False,2.1125000000000003,True,False,False,6.164375686645509,1967.101,3,0.0001804151610591,4.0079035858713385e-06,200,1281,True,1000000.0,False,False,False,False,0.9771540094544425,0.022213662231724496,0.021760327525768567
ARFPRVSARTTGAFDY,H4-34,K4-1,True,34,1,1,0.0001752604421717,4.0079035858713385e-06,3.92611059853556e-06,False,False,False,False,False,False,False,False,False,False,False,False,False,2,2,False,1.85,True,False,True,10.73751983642578,1814.9969,3,0.0001752604421717,4.0079035858713385e-06,170,1291,True,1000000.0,False,False,False,False,0.9771540094544425,0.022866967962259604,0.022400300643330547
ARGRGAVSRGSYGFDY,H3-7_A,K3-15,True,31,1,1,0.0001597962855095,4.0079035858713385e-06,3.92611059853556e-06,False,False,False,False,False,False,False,False,False,False,False,False,False,2,2,False,2.8687500000000004,True,False,True,9.97897186279297,1718.8266,3,0.0001597962855095,4.0079035858713385e-06,542,1369,True,1000000.0,False,False,False,False,0.9771540094544425,0.02507976186977377,0.02456793602340607
ARIHRWSLRYFDY,H3-23_A,K4-1,True,31,1,1,0.0001597962855095,4.0079035858713385e-06,3.92611059853556e-06,False,False,False,False,False,False,False,False,False,False,False,False,False,2,3,False,-0.5307692307692305,True,False,True,9.979042053222656,1782.9996,3,0.0001597962855095,4.0079035858713385e-06,815,1376,True,1000000.0,False,False,False,False,0.9771540094544425,0.02507976186977377,0.02456793602340607
ARVNFRVDARYGAAFDY,H5-51,UNK,True,31,1,1,0.0001597962855095,4.0079035858713385e-06,3.92611059853556e-06,False,False,False,False,False,False,False,False,False,False,False,False,False,1,1,False,1.4176470588235297,True,False,False,8.631455993652345,1991.1687,3,0.0001597962855095,4.0079035858713385e-06,962,1384,True,1000000.0,False,False,False,False,0.9771540094544425,0.02507976186977377,0.02456793602340607
ARWSGRYPSYRDAFDI,H4-34,K3-20,True,31,1,1,0.0001597962855095,4.0079035858713385e-06,3.92611059853556e-06,False,False,False,False,False,False,False,False,False,False,False,False,False,1,1,False,1.6625,True,False,False,8.631455993652345,1960.1118,3,0.0001597962855095,4.0079035858713385e-06,993,1385,True,1000000.0,False,False,False,False,0.9771540094544425,0.02507976186977377,0.02456793602340607
ARGRGSVSRGSYDFDI,H3-7_A,K4-1,True,29,1,1,0.0001494868477347,4.0079035858713385e-06,3.92611059853556e-06,False,False,False,False,False,False,False,False,False,True,False,False,False,1,1,False,3.03125,True,False,False,8.787910461425781,1742.8465,3,0.0001494868477347,4.0079035858713385e-06,582,1409,True,1000000.0,False,False,False,False,0.9771540094544425,0.026809284922073018,0.026262163102615463
ARWILSSLVPFDY,H4-34,K3-20,True,29,1,1,0.0001494868477347,4.0079035858713385e-06,3.92611059853556e-06,False,False,False,False,False,False,False,False,False,False,False,False,False,0,0,True,-1.5230769230769228,False,False,False,5.880318832397459,1566.7967999999998,1,0.0001494868477347,4.0079035858713385e-06,989,1421,True,1000000.0,False,False,False,False,0.9771540094544425,0.026809284922073018,0.026262163102615463
ARGPGIILDRSYRFDY,H3-7_A,K3-20,True,28,1,1,0.0001443321288473,4.0079035858713385e-06,3.92611059853556e-06,False,False,False,False,False,False,False,False,False,False,False,False,False,1,1,False,1.0312500000000002,True,False,False,8.631455993652345,1899.1132,3,0.0001443321288473,4.0079035858713385e-06,382,1433,True,1000000.0,False,False,False,False,0.9771540094544425,0.02776669304989476,0.027200032519189222
ARGRGLVRPGDYDFDI,H3-7_A,K3-15,True,28,1,1,0.0001443321288473,4.0079035858713385e-06,3.92611059853556e-06,False,False,False,False,False,False,False,False,False,True,False,False,False,0,0,False,1.99375,True,False,False,6.084224319458008,1806.9748,3,0.0001443321288473,4.0079035858713385e-06,573,1440,True,1000000.0,False,False,False,False,0.9771540094544425,0.02776669304989476,0.027200032519189222
ARGRGYTYSGNRYDFDI,H3-7_A,K3-20,True,28,1,1,0.0001443321288473,4.0079035858713385e-06,3.92611059853556e-06,False,False,False,False,False,False,False,False,False,True,False,False,False,1,1,False,2.8000000000000003,True,False,False,8.538594055175782,2011.1138,3,0.0001443321288473,4.0079035858713385e-06,619,1441,True,1000000.0,False,False,False,False,0.9771540094544425,0.02776669304989476,0.027200032519189222
ARGRGYVSERGTYGFDY,H3-7_A,K3-15,True,27,1,1,0.0001391774099599,4.0079035858713385e-06,3.92611059853556e-06,False,False,False,False,False,False,False,False,False,False,False,False,False,1,1,False,2.8470588235294123,True,False,True,8.53866424560547,1954.0625,3,0.0001391774099599,4.0079035858713385e-06,535,1469,True,1000000.0,False,False,False,False,0.9771540094544425,0.028795015203070585,0.028207368753155736
ARGRGRISSYSYDFDI,H3-7_A,K3-20,True,26,1,1,0.0001340226910725,4.0079035858713385e-06,3.92611059853556e-06,False,False,False,False,False,False,False,False,False,True,False,False,False,1,1,False,2.2875,True,False,False,8.631455993652345,1862.995,3,0.0001340226910725,4.0079035858713385e-06,578,1493,True,1000000.0,False,False,False,False,0.9771540094544425,0.029902433158664345,0.02929218660850342
ARGSGYVINASYLFDY,H3-7_A,K1-39,True,26,1,1,0.0001340226910725,4.0079035858713385e-06,3.92611059853556e-06,True,False,False,False,False,False,False,False,False,False,False,False,False,0,0,False,0.8750000000000001,False,False,False,5.87858085632324,1795.9436,1,0.0001340226910725,4.0079035858713385e-06,661,1494,True,1000000.0,False,False,False,False,0.9771540094544425,0.029902433158664345,0.02929218660850342
ARTRLFLRDWTFDY,H5-51,K3-15,True,25,1,1,0.0001288679721851,4.0079035858713385e-06,3.92611059853556e-06,False,False,False,False,False,False,False,False,False,False,False,False,False,1,1,False,-0.2571428571428568,True,False,False,8.787910461425781,1860.0788,3,0.0001288679721851,4.0079035858713385e-06,947,1536,True,1000000.0,False,False,False,False,0.9771540094544425,0.03109843767649461,0.030463783158356295
ARGRGIISRGAYAFDY,H3-7_A,K3-15,True,24,1,1,0.0001237132532977,4.0079035858713385e-06,3.92611059853556e-06,False,False,False,False,False,False,False,False,False,False,False,False,False,2,2,False,1.4687500000000002,True,False,True,9.97897186279297,1772.9601,3,0.0001237132532977,4.0079035858713385e-06,408,1559,True,1000000.0,False,False,False,False,0.9771540094544425,0.032394101181833744,0.03173300486278554
ARGRGYTSTRNQWYFDI,H3-7_A,K1-39,True,24,1,1,0.0001237132532977,4.0079035858713385e-06,3.92611059853556e-06,False,False,False,True,False,False,False,False,False,False,False,False,False,2,2,False,2.0588235294117645,True,False,True,9.97897186279297,2091.2449,3,0.0001237132532977,4.0079035858713385e-06,613,1561,True,1000000.0,False,False,False,False,0.9771540094544425,0.032394101181833744,0.03173300486278554
ARAREAWRSSRFDY,H1-69,K1-39,True,23,1,1,0.0001185585344103,4.0079035858713385e-06,3.92611059853556e-06,False,False,False,False,False,False,False,False,False,False,False,False,False,2,2,False,2.342857142857143,True,False,True,10.667610168457031,1770.9046999999998,4,0.0001185585344103,4.0079035858713385e-06,45,1575,True,1000000.0,False,False,False,False,0.9771540094544425,0.033802421576724605,0.03311258436365138
ARDIYVSLRPRGYGFDP,H3-23_A,UNK,True,23,1,1,0.0001185585344103,4.0079035858713385e-06,3.92611059853556e-06,False,False,False,False,True,False,False,False,False,False,False,False,False,1,1,False,1.347058823529412,True,False,False,8.631455993652345,1982.2018,3,0.0001185585344103,4.0079035858713385e-06,88,1579,True,1000000.0,False,False,False,False,0.9771540094544425,0.033802421576724605,0.03311258436365138
ARGARQWYRGVFDY,H1-69,K1-39,True,23,1,1,0.0001185585344103,4.0079035858713385e-06,3.92611059853556e-06,False,False,False,False,False,False,False,False,False,False,False,False,False,2,2,False,1.25,True,False,True,9.97897186279297,1744.9084999999998,3,0.0001185585344103,4.0079035858713385e-06,209,1584,True,1000000.0,False,False,False,False,0.9771540094544425,0.033802421576724605,0.03311258436365138
ARLPRYWGRAPFDY,H4-34,K1-39,True,23,1,1,0.0001185585344103,4.0079035858713385e-06,3.92611059853556e-06,False,False,False,False,False,False,False,False,False,False,False,False,False,2,2,False,0.3214285714285716,True,False,True,9.97897186279297,1767.985,3,0.0001185585344103,4.0079035858713385e-06,864,1608,True,1000000.0,False,False,False,False,0.9771540094544425,0.033802421576724605,0.03311258436365138
ARTRVEFATYRFDY,H1-69,K1-39,True,23,1,1,0.0001185585344103,4.0079035858713385e-06,3.92611059853556e-06,False,False,False,False,False,False,False,False,False,False,False,False,False,1,1,False,1.3642857142857143,True,False,True,8.63159637451172,1794.9624,3,0.0001185585344103,4.0079035858713385e-06,948,1613,True,1000000.0,False,False,False,False,0.9771540094544425,0.033802421576724605,0.03311258436365138
ARLPPLRYQGSPYRFDI,H1-69,K1-39,True,22,1,1,0.0001134038155229,4.0079035858713385e-06,3.92611059853556e-06,False,False,False,False,False,False,False,False,False,False,False,False,False,2,2,False,0.5764705882352944,True,False,True,9.97897186279297,2049.3341,3,0.0001134038155229,4.0079035858713385e-06,856,1640,True,1000000.0,False,False,False,False,0.9771540094544425,0.035338759809752464,0.034617569124484826
ARVRDWTRSDYFDY,H3-7_A,K3-15,True,22,1,1,0.0001134038155229,4.0079035858713385e-06,3.92611059853556e-06,False,False,False,False,False,False,False,False,False,False,False,False,False,0,0,False,2.1214285714285714,True,False,False,6.083355331420899,1849.9548,3,0.0001134038155229,4.0079035858713385e-06,953,1646,True,1000000.0,False,False,False,False,0.9771540094544425,0.035338759809752464,0.034617569124484826
ARVYDLVWAYFDY,H1-69,K3-15,True,22,1,1,0.0001134038155229,4.0079035858713385e-06,3.92611059853556e-06,False,False,False,False,False,False,False,False,False,False,False,False,False,-1,-1,True,-1.0076923076923074,False,False,False,4.207874679565429,1680.8545,1,0.0001134038155229,4.0079035858713385e-06,983,1647,True,1000000.0,False,False,False,False,0.9771540094544425,0.035338759809752464,0.034617569124484826
ARAGRVFVPARFDY,H1-69,K1-39,True,21,1,1,0.0001082490966355,4.0079035858713385e-06,3.92611059853556e-06,False,False,False,False,False,False,False,False,False,False,False,False,False,2,2,False,0.642857142857143,True,False,True,10.73751983642578,1624.8428,3,0.0001082490966355,4.0079035858713385e-06,21,1650,True,1000000.0,False,False,False,False,0.9771540094544425,0.037021402454203364,0.03626587252759434
ARERADWYDNRFDY,H1-69,K1-39,True,21,1,1,0.0001082490966355,4.0079035858713385e-06,3.92611059853556e-06,False,False,False,False,False,False,False,False,False,False,False,False,False,-1,-1,False,2.757142857142857,True,False,False,4.68464241027832,1876.9371,3,0.0001082490966355,4.0079035858713385e-06,148,1661,True,1000000.0,False,False,False,False,0.9771540094544425,0.037021402454203364,0.03626587252759434
ARGPRPWRSSDFDY,H1-69,K1-39,True,21,1,1,0.0001082490966355,4.0079035858713385e-06,3.92611059853556e-06,False,False,False,False,False,False,False,False,False,True,False,False,False,1,1,False,2.607142857142857,True,False,False,8.787910461425781,1709.8183,3,0.0001082490966355,4.0079035858713385e-06,501,1678,True,1000000.0,False,False,False,False,0.9771540094544425,0.037021402454203364,0.03626587252759434
ARGRGYVRAGDYAFDI,H3-7_A,K4-1,True,21,1,1,0.0001082490966355,4.0079035858713385e-06,3.92611059853556e-06,False,False,False,False,False,False,False,False,False,False,False,False,False,1,1,False,1.95625,True,False,False,8.631455993652345,1786.9436,3,0.0001082490966355,4.0079035858713385e-06,621,1681,True,1000000.0,False,False,False,False,0.9771540094544425,0.037021402454203364,0.03626587252759434
ARGTGDVRSYWRFDI,H1-69,K4-1,True,21,1,1,0.0001082490966355,4.0079035858713385e-06,3.92611059853556e-06,False,False,False,False,False,False,False,False,False,False,False,False,False,1,1,False,1.6666666666666667,True,False,False,8.787910461425781,1798.9544,3,0.0001082490966355,4.0079035858713385e-06,674,1688,True,1000000.0,False,False,False,False,0.9771540094544425,0.037021402454203364,0.03626587252759434
ARVYRDWARSDPFDY,H3-7_A,K1-39,True,21,1,1,0.0001082490966355,4.0079035858713385e-06,3.92611059853556e-06,False,False,False,False,True,False,False,False,False,False,False,False,False,0,0,False,1.9133333333333336,True,False,False,6.083355331420899,1917.044,3,0.0001082490966355,4.0079035858713385e-06,984,1703,True,1000000.0,False,False,False,False,0.9771540094544425,0.037021402454203364,0.03626587252759434
AREPYTARYSGARGFDP,H4-34,K3-15,True,20,1,1,0.0001030943777481,4.0079035858713385e-06,3.92611059853556e-06,False,False,False,False,True,False,False,False,False,False,False,False,False,1,1,False,3.0,True,False,True,8.63159637451172,1914.0419,3,0.0001030943777481,4.0079035858713385e-06,147,1711,True,1000000.0,False,False,False,False,0.9771540094544425,0.03887229304330093,0.03807899028426958
ARGRGYIRGDEYGFDY,H3-7_A,K1-39,True,20,1,1,0.0001030943777481,4.0079035858713385e-06,3.92611059853556e-06,False,False,False,False,False,False,False,False,False,True,False,False,False,0,0,False,2.6500000000000004,True,False,False,6.164375686645509,1894.9953,3,0.0001030943777481,4.0079035858713385e-06,189,1741,True,1000000.0,False,False,False,False,0.9771540094544425,0.03887229304330093,0.03807899028426958
